<?xml version='1.0' encoding='utf-8'?>
<COLLADA xmlns="http://www.collada.org/2005/11/COLLADASchema" version="1.4.1">
  <asset>
    <contributor>
      <author>Blender User</author>
      <authoring_tool>Blender 2.82.7</authoring_tool>
    </contributor>
    <created>2021-04-21T20:42:04</created>
    <modified>2021-04-21T20:42:04</modified>
    <unit name="meter" meter="1" />
    <up_axis>Z_UP</up_axis>
  </asset>
  <library_lights>
    <light id="Sun-light" name="Sun">
      <technique_common>
        <directional>
          <color sid="color">1 1 1</color>
        </directional>
      </technique_common>
      <extra>
        <technique profile="blender">
          <type sid="type" type="int">1</type>
          <flag sid="flag" type="int">0</flag>
          <mode sid="mode" type="int">1</mode>
          <gamma sid="blender_gamma" type="float">1</gamma>
          <red sid="red" type="float">1</red>
          <green sid="green" type="float">1</green>
          <blue sid="blue" type="float">1</blue>
          <shadow_r sid="blender_shadow_r" type="float">0</shadow_r>
          <shadow_g sid="blender_shadow_g" type="float">0</shadow_g>
          <shadow_b sid="blender_shadow_b" type="float">0</shadow_b>
          <energy sid="blender_energy" type="float">1</energy>
          <dist sid="blender_dist" type="float">12.5</dist>
          <spotsize sid="spotsize" type="float">45</spotsize>
          <spotblend sid="spotblend" type="float">0.15</spotblend>
          <att1 sid="att1" type="float">0</att1>
          <att2 sid="att2" type="float">1</att2>
          <falloff_type sid="falloff_type" type="int">2</falloff_type>
          <clipsta sid="clipsta" type="float">0.04999995</clipsta>
          <clipend sid="clipend" type="float">40</clipend>
          <bias sid="bias" type="float">1</bias>
          <soft sid="soft" type="float">3</soft>
          <bufsize sid="bufsize" type="int">512</bufsize>
          <samp sid="samp" type="int">3</samp>
          <buffers sid="buffers" type="int">1</buffers>
          <area_shape sid="area_shape" type="int">0</area_shape>
          <area_size sid="area_size" type="float">0.125</area_size>
          <area_sizey sid="area_sizey" type="float">0.125</area_sizey>
          <area_sizez sid="area_sizez" type="float">0.125</area_sizez>
        </technique>
      </extra>
    </light>
  </library_lights>
  <library_effects>
    <effect id="LandingFoam-effect">
      <profile_COMMON>
        <technique sid="common">
          <lambert>
            <emission>
              <color sid="emission">0 0 0 1</color>
            </emission>
            <ambient>
              <color sid="ambient">0.7019608 0.7019608 0.7019608 1</color>
            </ambient>
            <diffuse>
              <color sid="diffuse">0.7019608 0.7019608 0.7019608 1</color>
            </diffuse>
            <reflectivity>
              <float sid="specular">0.3</float>
            </reflectivity>
            <index_of_refraction>
              <float sid="ior">1.45</float>
            </index_of_refraction>
          </lambert>
        </technique>
      </profile_COMMON>
    </effect>
    <effect id="LandingRubber-effect">
      <profile_COMMON>
        <technique sid="common">
          <lambert>
            <emission>
              <color sid="emission">0 0 0 1</color>
            </emission>
            <ambient>
              <color sid="ambient">0.003921569 0.003921569 0.003921569 1</color>
            </ambient>
            <diffuse>
              <color sid="diffuse">0.003921569 0.003921569 0.003921569 1</color>
            </diffuse>
            <reflectivity>
              <float sid="specular">1</float>
            </reflectivity>
            <index_of_refraction>
              <float sid="ior">1.45</float>
            </index_of_refraction>
          </lambert>
        </technique>
      </profile_COMMON>
    </effect>
    <effect id="CarbonFiber-effect">
      <profile_COMMON>
        <newparam sid="CF_png-surface">
          <surface type="2D">
            <init_from>CF_png</init_from>
          </surface>
        </newparam>
        <newparam sid="CF_png-sampler">
          <sampler2D>
            <source>CF_png-surface</source>
          </sampler2D>
        </newparam>
        <technique sid="common">
          <lambert>
            <emission>
              <color sid="emission">0 0 0 1</color>
            </emission>
            <diffuse>
              <texture texture="CF_png-sampler" texcoord="UVMap" />
            </diffuse>
            <reflectivity>
              <float sid="specular">1</float>
            </reflectivity>
            <index_of_refraction>
              <float sid="ior">1.45</float>
            </index_of_refraction>
          </lambert>
        </technique>
      </profile_COMMON>
    </effect>
    <effect id="Metal-effect">
      <profile_COMMON>
        <technique sid="common">
          <lambert>
            <emission>
              <color sid="emission">0 0 0 1</color>
            </emission>
            <ambient>
              <color sid="ambient">0.3185468 0.3185468 0.3185468 1</color>
            </ambient>
            <diffuse>
              <color sid="diffuse">0.3185468 0.3185468 0.3185468 1</color>
            </diffuse>
            <reflectivity>
              <float sid="specular">1</float>
            </reflectivity>
            <index_of_refraction>
              <float sid="ior">1.45</float>
            </index_of_refraction>
          </lambert>
        </technique>
      </profile_COMMON>
    </effect>
    <effect id="RailsRubber-effect">
      <profile_COMMON>
        <technique sid="common">
          <lambert>
            <emission>
              <color sid="emission">0 0 0 1</color>
            </emission>
            <ambient>
              <color sid="ambient">0.1004815 0.1004815 0.1004815 1</color>
            </ambient>
            <diffuse>
              <color sid="diffuse">0.1004815 0.1004815 0.1004815 1</color>
            </diffuse>
            <reflectivity>
              <float sid="specular">0.5</float>
            </reflectivity>
            <index_of_refraction>
              <float sid="ior">1.45</float>
            </index_of_refraction>
          </lambert>
        </technique>
      </profile_COMMON>
    </effect>
    <effect id="FMUK66-effect">
      <profile_COMMON>
        <technique sid="common">
          <lambert>
            <emission>
              <color sid="emission">0 0 0 1</color>
            </emission>
            <ambient>
              <color sid="ambient">0.9960784 0.9960784 0.9960784 1</color>
            </ambient>
            <diffuse>
              <color sid="diffuse">0.9960784 0.9960784 0.9960784 1</color>
            </diffuse>
            <reflectivity>
              <float sid="specular">0.5</float>
            </reflectivity>
            <index_of_refraction>
              <float sid="ior">1.45</float>
            </index_of_refraction>
          </lambert>
        </technique>
      </profile_COMMON>
    </effect>
    <effect id="RailsAntennaHolder-effect">
      <profile_COMMON>
        <technique sid="common">
          <lambert>
            <emission>
              <color sid="emission">0 0 0 1</color>
            </emission>
            <ambient>
              <color sid="ambient">0.9568627 0.9568627 0 1</color>
            </ambient>
            <diffuse>
              <color sid="diffuse">0.9568627 0.9568627 0 1</color>
            </diffuse>
            <reflectivity>
              <float sid="specular">0.5</float>
            </reflectivity>
            <index_of_refraction>
              <float sid="ior">1.45</float>
            </index_of_refraction>
          </lambert>
        </technique>
      </profile_COMMON>
    </effect>
    <effect id="LandingPlastic-effect">
      <profile_COMMON>
        <technique sid="common">
          <lambert>
            <emission>
              <color sid="emission">0 0 0 1</color>
            </emission>
            <ambient>
              <color sid="ambient">0.5225216 0.5225216 0.5225216 1</color>
            </ambient>
            <diffuse>
              <color sid="diffuse">0.5225216 0.5225216 0.5225216 1</color>
            </diffuse>
            <reflectivity>
              <float sid="specular">0.5</float>
            </reflectivity>
            <index_of_refraction>
              <float sid="ior">1.45</float>
            </index_of_refraction>
          </lambert>
        </technique>
      </profile_COMMON>
    </effect>
    <effect id="FMURubber-effect">
      <profile_COMMON>
        <technique sid="common">
          <lambert>
            <emission>
              <color sid="emission">0 0 0 1</color>
            </emission>
            <ambient>
              <color sid="ambient">0.1882353 0.2313726 0.5882354 1</color>
            </ambient>
            <diffuse>
              <color sid="diffuse">0.1882353 0.2313726 0.5882354 1</color>
            </diffuse>
            <reflectivity>
              <float sid="specular">0.5</float>
            </reflectivity>
            <index_of_refraction>
              <float sid="ior">1.45</float>
            </index_of_refraction>
          </lambert>
        </technique>
      </profile_COMMON>
    </effect>
  </library_effects>
  <library_images>
    <image id="CF_png" name="CF_png">
      <init_from>CF.png</init_from>
    </image>
  </library_images>
  <library_materials>
    <material id="LandingFoam-material" name="LandingFoam">
      <instance_effect url="#LandingFoam-effect" />
    </material>
    <material id="LandingRubber-material" name="LandingRubber">
      <instance_effect url="#LandingRubber-effect" />
    </material>
    <material id="CarbonFiber-material" name="CarbonFiber">
      <instance_effect url="#CarbonFiber-effect" />
    </material>
    <material id="Metal-material" name="Metal">
      <instance_effect url="#Metal-effect" />
    </material>
    <material id="RailsRubber-material" name="RailsRubber">
      <instance_effect url="#RailsRubber-effect" />
    </material>
    <material id="FMUK66-material" name="FMUK66">
      <instance_effect url="#FMUK66-effect" />
    </material>
    <material id="RailsAntennaHolder-material" name="RailsAntennaHolder">
      <instance_effect url="#RailsAntennaHolder-effect" />
    </material>
    <material id="LandingPlastic-material" name="LandingPlastic">
      <instance_effect url="#LandingPlastic-effect" />
    </material>
    <material id="FMURubber-material" name="FMURubber">
      <instance_effect url="#FMURubber-effect" />
    </material>
  </library_materials>
  <library_geometries>
    <geometry id="FMURubber-mesh" name="FMURubber">
      <mesh>
        <source id="FMURubber-mesh-positions">
          <float_array id="FMURubber-mesh-positions-array" count="6228">0.0307011 0.02875316 0 0.0307011 0.02875316 -0.001999974 0.03133291 0.02890962 -0.001999974 0.03005021 0.02875238 0 0.03307265 0.03143608 0 0.03307265 0.03143608 -0.001999974 0.03299349 0.03208214 -0.001999974 0.03133291 0.02890962 0 0.03190892 0.02921271 -0.001999974 0.03299349 0.03208214 0 0.03276199 0.03269052 -0.001999974 0.03190892 0.02921271 0 0.03239566 0.0296449 -0.001999974 0.03276199 0.03269052 0 0.03239166 0.03322577 -0.001999974 0.03239566 0.0296449 0 0.03276479 0.03018099 -0.001999974 0.03239166 0.03322577 0 0.03190398 0.03365683 -0.001999974 0.03276479 0.03018099 0 0.03299492 0.03078985 -0.001999974 0.03299492 0.03078985 0 0.03190398 0.03365683 0 0.0313273 0.03395867 -0.001999974 0.0313273 0.03395867 0 0.03069514 0.03411376 -0.001999974 0.03069514 0.03411376 0 0.03004419 0.03411304 -0.001999974 0.03004419 0.03411304 0 0.02941238 0.03395652 -0.001999974 0.02941238 0.03395652 0 0.02883642 0.03365343 -0.001999974 0.02883642 0.03365343 0 0.02834969 0.03322124 -0.001999974 0.02834969 0.03322124 0 0.02798056 0.03268516 -0.001999974 0.02798056 0.03268516 0 0.02775043 0.03207629 -0.001999974 0.02775043 0.03207629 0 0.02767264 0.03143006 -0.001999974 0.02767264 0.03143006 0 0.02775186 0.03078401 -0.001999974 0.02775186 0.03078401 0 0.0279833 0.03017568 -0.001999974 0.0279833 0.03017568 0 0.02835369 0.02964037 -0.001999974 0.02835369 0.02964037 0 0.02884137 0.02920931 -0.001999974 0.02884137 0.02920931 0 0.02941805 0.02890747 -0.001999974 0.02941805 0.02890747 0 0.03005021 0.02875238 -0.001999974 0.02612984 0.03362727 0 0.02674275 0.03452455 0 0.03298664 0.02745217 0 0.03201264 0.02696973 0 0.02573609 0.03261452 0 0.03429478 0.03414708 0 0.03357481 0.03495895 0 0.03268837 0.0355882 0 0.03481286 0.03319144 0 0.03168368 0.03600102 0 0.03095543 0.02671843 0 0.02558314 0.03154015 0 0.03509956 0.03214478 0 0.02986651 0.02670925 0 0.03061193 0.03617715 0 0.02567988 0.03045761 0 0.03514021 0.03105926 0 0.02880293 0.02694272 0 0.02952688 0.03610789 0 0.02602159 0.02942806 0 0.02782112 0.02740645 0 0.03493177 0.02999311 0 0.02643603 0.02871167 0 0.02696794 0.02808034 0 0.0284869 0.03579717 0 0.03448593 0.02900397 0 0.02754157 0.03525978 0 0.03382503 0.02814102 0 0.03435862 0.03411006 -0.001999974 0.03396892 0.03459781 -0.001999974 0.03377854 0.03479492 -0.001999974 0.03360116 0.03495997 -0.001999974 0.03319907 0.03527903 -0.001999974 0.03309035 0.03535401 -0.001999974 0.03246539 0.03570896 -0.001999974 0.03492474 0.03302145 -0.001999974 0.03480619 0.0333153 -0.001999974 0.03472399 0.03349107 -0.001999974 0.03447562 0.03393399 -0.001999974 0.03232407 0.03577321 -0.001999974 0.03197908 0.03590834 -0.001999974 0.03167825 0.03600257 -0.001999974 0.03147697 0.03605413 -0.001999974 0.03513938 0.03222352 -0.001999974 0.03509616 0.03243833 -0.001999974 0.03101158 0.0361399 -0.001999974 0.03027635 0.03618657 -0.001999974 0.03513586 0.03055715 -0.001999974 0.0352081 0.03121405 -0.001999974 0.0352106 0.03150612 -0.001999974 0.03520077 0.03172206 -0.001999974 0.02992558 0.03617149 -0.001999974 0.02954983 0.03612846 -0.001999974 0.03486591 0.0296275 -0.001999974 0.03497093 0.02991223 -0.001999974 0.03510427 0.0303986 -0.001999974 0.028876 0.03597831 -0.001999974 0.02869611 0.03592145 -0.001999974 0.02819192 0.03572028 -0.001999974 0.03437995 0.02872633 -0.001999974 0.0344035 0.02876079 -0.001999974 0.03478509 0.02944016 -0.001999974 0.02790796 0.03557741 -0.001999974 0.02771562 0.03546696 -0.001999974 0.02705901 0.0349909 -0.001999974 0.03407108 0.02832597 -0.001999974 0.03375965 0.02799755 -0.001999974 0.033719 0.02795904 -0.001999974 0.02703624 0.03497111 -0.001999974 0.02666407 0.03460866 -0.001999974 0.02636599 0.03425091 -0.001999974 0.02633559 0.03421002 -0.001999974 0.03307127 0.02745139 -0.001999974 0.0329554 0.0273782 -0.001999974 0.03262668 0.02719473 -0.001999974 0.02591425 0.03351867 -0.001999974 0.02585494 0.03339427 -0.001999974 0.03215432 0.02698665 -0.001999974 0.03202325 0.02693945 -0.001999974 0.02571684 0.03305917 -0.001999974 0.0255711 0.03258359 -0.001999974 0.0313493 0.02676129 -0.001999974 0.02554303 0.03246337 -0.001999974 0.03092694 0.02670121 -0.001999974 0.02544718 0.03179389 -0.001999974 0.03048348 0.02667784 -0.001999974 0.02543658 0.03150439 -0.001999974 0.02544009 0.0313 -0.001999974 0.02973377 0.02672624 -0.001999974 0.02548575 0.03081083 -0.001999974 0.02938902 0.02678501 -0.001999974 0.02553033 0.03055739 -0.001999974 0.02563208 0.03015393 -0.001999974 0.02868032 0.02698469 -0.001999974 0.02576941 0.02976119 -0.001999974 0.0284394 0.02707862 -0.001999974 0.02580899 0.02966541 -0.001999974 0.02593982 0.02938449 -0.001999974 0.02796012 0.02730983 -0.001999974 0.02770406 0.02746033 -0.001999974 0.02625185 0.02885574 -0.001999974 0.02750515 0.02759188 -0.001999974 0.02629101 0.02879905 -0.001999974 0.02655118 0.02846103 -0.001999974 0.02684056 0.02814662 -0.001999974 0.03193843 0.0312612 0.009269952 0.03004944 0.03033506 0.009269952 0.03188216 0.03133821 0.009269952 0.03156 0.03172415 0.009269952 0.03127717 0.0320031 0.009269952 0.03119313 0.03207737 0.009269952 0.02955228 0.03077358 0.009269952 0.03052806 0.03255707 0.009269952 0.0304563 0.03259909 0.009269952 0.03006953 0.03279864 0.009269952 0.03250783 0.03019344 0.009269952 0.03042727 0.02979034 0.009269952 0.03241974 0.03041112 0.009269952 0.03230154 0.03066235 0.009269952 0.02896457 0.03108036 0.009269952 0.02958202 0.0329926 0.009269952 0.02951061 0.03301614 0.009269952 0.03279149 0.02892076 0.009269952 0.03066372 0.02917098 0.009269952 0.0327292 0.02939462 0.009269952 0.03265976 0.02971065 0.009269952 0.02832055 0.0312376 0.009269952 0.02864158 0.03321301 0.009269952 0.02846604 0.03323352 0.009269952 0.02788704 0.03325599 0.009269952 0.03074514 0.02851301 0.009269952 0.03276103 0.02788883 0.009269952 0.03279668 0.02823877 0.009269952 0.03280436 0.02840095 0.009269952 0.02765756 0.03123611 0.009269952 0.02751404 0.03323376 0.009269952 0.02724575 0.03319978 0.009269952 0.02678382 0.03310471 0.009269952 0.03239303 0.0266056 0.009269952 0.0306667 0.02785474 0.009269952 0.03258019 0.02709615 0.009269952 0.03258949 0.02712547 0.009269952 0.02701425 0.03107601 0.009269952 0.02673715 0.03309249 0.009269952 0.02602136 0.03283858 0.009269952 0.02596366 0.03281235 0.009269952 0.03213787 0.02611237 0.009269952 0.03043299 0.02723437 0.009269952 0.03215634 0.02614372 0.009269952 0.02642792 0.0307666 0.009269952 0.02550411 0.03256881 0.009269952 0.02522069 0.03238439 0.009269952 0.02506875 0.03227317 0.009269952 0.03168374 0.02547258 0.009269952 0.0300576 0.02668792 0.009269952 0.03148031 0.02524548 0.009269952 0.03132295 0.02508819 0.009269952 0.02593266 0.03032588 0.009269952 0.02450978 0.03177261 0.009269952 0.02446562 0.03172564 0.009269952 0.02956235 0.0262472 0.009269952 0.03092718 0.02474945 0.009269952 0.0241363 0.03132975 0.009269952 0.02555727 0.02977943 0.009269952 0.0306642 0.02456164 0.009269952 0.02392464 0.0310204 0.009269952 0.02384877 0.03089517 0.009269952 0.03023254 0.02430611 0.009269952 0.02897602 0.02593779 0.009269952 0.02975267 0.02408736 0.009269952 0.02973508 0.02408051 0.009269952 0.02350163 0.03016537 0.009269952 0.02532356 0.02915906 0.009269952 0.02349549 0.03014874 0.009269952 0.02925777 0.02392411 0.009269952 0.02833271 0.02577769 0.009269952 0.02334868 0.02967786 0.009269952 0.02874559 0.02381485 0.009269952 0.02325147 0.02919065 0.009269952 0.02324861 0.02917063 0.009269952 0.02524513 0.02850079 0.009269952 0.02844655 0.02377748 0.009269952 0.02320492 0.02836489 0.009269952 0.02321416 0.02818357 0.009269952 0.02763366 0.02377068 0.009269952 0.02766972 0.0257762 0.009269952 0.02750998 0.02378171 0.009269952 0.02324861 0.0278567 0.009269952 0.02532655 0.02784281 0.009269952 0.02704471 0.02385234 0.009269952 0.02702569 0.02593344 0.009269952 0.02334851 0.02735018 0.009269952 0.02339762 0.02717208 0.009269952 0.02648192 0.02400177 0.009269952 0.02354633 0.02674651 0.009269952 0.025563 0.02722346 0.009269952 0.02614688 0.0241267 0.009269952 0.02567279 0.02435487 0.009269952 0.02643799 0.02624022 0.009269952 0.02380895 0.02620005 0.009269952 0.02382463 0.02617239 0.009269952 0.02546352 0.02447706 0.009269952 0.02523159 0.02462983 0.009269952 0.02594083 0.02667874 0.009269952 0.02416914 0.02565157 0.009269952 0.02417874 0.02563899 0.009269952 0.02460122 0.0251578 0.009269952 0.02701425 0.03107601 0.007769942 0.02642792 0.0307666 0.007769942 0.02765756 0.03123611 0.007769942 0.0306667 0.02785474 0.007769942 0.03074514 0.02851301 0.007769942 0.02832055 0.0312376 0.007769942 0.03043299 0.02723437 0.007769942 0.02896457 0.03108036 0.007769942 0.0300576 0.02668792 0.007769942 0.02955228 0.03077358 0.007769942 0.02956235 0.0262472 0.007769942 0.03004944 0.03033506 0.007769942 0.02897602 0.02593779 0.007769942 0.03042727 0.02979034 0.007769942 0.03066372 0.02917098 0.007769942 0.02833271 0.02577769 0.007769942 0.02766972 0.0257762 0.007769942 0.02702569 0.02593344 0.007769942 0.02643799 0.02624022 0.007769942 0.02594083 0.02667874 0.007769942 0.025563 0.02722346 0.007769942 0.02532655 0.02784281 0.007769942 0.02524513 0.02850079 0.007769942 0.02532356 0.02915906 0.007769942 0.02555727 0.02977943 0.007769942 0.02593266 0.03032588 0.007769942 0.02360785 0.03042513 0.007769942 0.02399957 0.03113597 0.007769942 0.02978682 0.02410089 0.007769942 0.03079468 0.02465146 0.007769942 0.02334111 0.02964764 0.007769942 0.03181457 0.03142648 0.007769942 0.03104138 0.03220289 0.007769942 0.03009027 0.03278905 0.007769942 0.03237473 0.03051137 0.007769942 0.02870285 0.02380836 0.007769942 0.02926707 0.03308779 0.007769942 0.02321255 0.02882051 0.007769942 0.0327056 0.02951419 0.007769942 0.02838349 0.03324097 0.007769942 0.02760678 0.02377283 0.007769942 0.02323377 0.02797234 0.007769942 0.03268629 0.0274831 0.007769942 0.03280621 0.02848684 0.007769942 0.02341139 0.02712643 0.007769942 0.0272417 0.03319925 0.007769942 0.02646589 0.02400714 0.007769942 0.03231728 0.02644383 0.007769942 0.02374917 0.02630978 0.007769942 0.02545654 0.02448141 0.007769942 0.02413159 0.02570158 0.007769942 0.02644008 0.03300243 0.007769942 0.02573812 0.03270077 0.007769942 0.02460122 0.0251578 0.007769942 0.02508366 0.03228449 0.007769942 0.03165864 0.02544295 0.007769942 0.02449721 0.03175932 0.007769942 0.02460122 0.0251578 0.01076996 0.02546352 0.02447706 0.01076996 0.02648192 0.02400177 0.01076996 0.02763366 0.02377068 0.01076996 0.02874559 0.02381485 0.01076996 0.02973508 0.02408051 0.01076996 0.0306642 0.02456164 0.01076996 0.03148031 0.02524548 0.01076996 0.03213787 0.02611237 0.01076996 0.03258949 0.02712547 0.01076996 0.03279668 0.02823877 0.01076996 0.0327292 0.02939462 0.01076996 0.03241974 0.03041112 0.01076996 0.03193843 0.0312612 0.01076996 0.03127717 0.0320031 0.01076996 0.0304563 0.03259909 0.01076996 0.02951061 0.03301614 0.01076996 0.02846604 0.03323352 0.01076996 0.02751404 0.03323376 0.01076996 0.02678382 0.03310471 0.01076996 0.02602136 0.03283858 0.01076996 0.02522069 0.03238439 0.01076996 0.02450978 0.03177261 0.01076996 0.02392464 0.0310204 0.01076996 0.02349549 0.03014874 0.01076996 0.02325147 0.02919065 0.01076996 0.02321416 0.02818357 0.01076996 0.02339762 0.02717208 0.01076996 0.02380895 0.02620005 0.01076996 0.02416914 0.02565157 0.01076996 0.02684056 0.02814662 -0.003499984 0.0263915 0.02866113 -0.003499984 0.02615243 0.02900797 -0.003499984 0.02614963 0.02901244 -0.003499984 0.02593982 0.02938449 -0.003499984 0.02568292 0.02999502 -0.003499984 0.02567839 0.03000843 -0.003499984 0.02556633 0.0303964 -0.003499984 0.02548575 0.03081083 -0.003499984 0.02545124 0.0311141 -0.003499984 0.02543795 0.03159606 -0.003499984 0.02547723 0.03209072 -0.003499984 0.02548503 0.03214645 -0.003499984 0.0255711 0.03258359 -0.003499984 0.02571886 0.03306466 -0.003499984 0.02582913 0.03333705 -0.003499984 0.02605718 0.03378492 -0.003499984 0.02614247 0.0339263 -0.003499984 0.02633559 0.03421002 -0.003499984 0.02674627 0.03469574 -0.003499984 0.02688229 0.03483068 -0.003499984 0.02727937 0.03516978 -0.003499984 0.02750623 0.03533297 -0.003499984 0.02771562 0.03546696 -0.003499984 0.0283966 0.03580963 -0.003499984 0.02849137 0.03584736 -0.003499984 0.02901017 0.03601598 -0.003499984 0.02937924 0.03609949 -0.003499984 0.02954983 0.03612846 -0.003499984 0.03040242 0.03618615 -0.003499984 0.03042024 0.03618586 -0.003499984 0.03094112 0.03614914 -0.003499984 0.03147315 0.03605502 -0.003499984 0.03147697 0.03605413 -0.003499984 0.03227305 0.03579515 -0.003499984 0.03248667 0.03569883 -0.003499984 0.03274768 0.0355637 -0.003499984 0.03319907 0.03527903 -0.003499984 0.03341245 0.0351184 -0.003499984 0.03382623 0.03474771 -0.003499984 0.0341714 0.0343607 -0.003499984 0.03419476 0.0343312 -0.003499984 0.03447562 0.03393399 -0.003499984 0.03478378 0.03336513 -0.003499984 0.03485035 0.0332123 -0.003499984 0.03502106 0.03272837 -0.003499984 0.03513115 0.0322684 -0.003499984 0.03513938 0.03222352 -0.003499984 0.03521174 0.03141778 -0.003499984 0.03520214 0.03109806 -0.003499984 0.03518605 0.03090798 -0.003499984 0.03510427 0.0303986 -0.003499984 0.03501123 0.03003937 -0.003499984 0.03486567 0.02962696 -0.003499984 0.03464865 0.0291658 -0.003499984 0.03463083 0.02913302 -0.003499984 0.03437995 0.02872633 -0.003499984 0.0340588 0.02831178 -0.003499984 0.03386485 0.02810156 -0.003499984 0.03348791 0.02775657 -0.003499984 0.03331494 0.02762126 -0.003499984 0.03307127 0.02745139 -0.003499984 0.03242379 0.02709782 -0.003499984 0.03234636 0.0270639 -0.003499984 0.03185898 0.02688622 -0.003499984 0.03142482 0.02677613 -0.003499984 0.0313493 0.02676129 -0.003499984 0.03060793 0.0266804 -0.003499984 0.03042626 0.02667766 -0.003499984 0.02994531 0.0267015 -0.003499984 0.02958607 0.02674841 -0.003499984 0.02938902 0.02678501 -0.003499984 0.028687 0.0269823 -0.003499984 0.0284394 0.02707862 -0.003499984 0.02773314 0.02744215 -0.003499984 0.02768391 0.02747303 -0.003499984 0.027269 0.02776694 -0.003499984 0.02724599 0.02778518 -0.003499984 0.0342366 0.03177297 0.003240227 0.03238618 0.03052091 0.007727086 0.03272861 0.02953344 0.007687568 0.03386342 0.03273701 0.003356575 0.02465629 0.02515333 0.007502675 0.03093969 0.02470761 0.00706005 0.03178691 0.02549487 0.007234811 0.03454077 0.03338503 9.17877e-4 0.03397679 0.03431355 9.01154e-4 0.03328388 0.03361207 0.003431379 0.03439086 0.0307669 0.00308454 0.0328499 0.02851915 0.007619798 0.02980542 0.02410209 0.007659435 0.02994251 0.02417206 0.006888747 0.03431922 0.02977019 0.002894043 0.03275656 0.02752631 0.007526934 0.03487545 0.03238135 9.11749e-4 0.02873677 0.02381068 0.007544875 0.02887135 0.02390253 0.006733238 0.03498226 0.03135591 8.84713e-4 0.02679222 0.02796626 6.76837e-4 0.03398591 0.02872967 0.002654433 0.03241872 0.02649313 0.007398962 0.02765548 0.02378022 0.007433831 0.03487271 0.03035914 8.39232e-4 0.02779823 0.02389401 0.006603121 0.03333657 0.02774035 0.002380132 0.02653825 0.02401912 0.007324635 0.03451991 0.0293281 7.70265e-4 0.02669835 0.02414858 0.00649482 0.03246438 0.02698469 0.002124667 0.02555668 0.02449458 0.007234454 0.0249136 0.02529221 0.006382882 0.03388071 0.02833437 6.75959e-4 0.02573591 0.02462542 0.006422758 0.02529817 0.0256837 0.005189418 0.03145843 0.02649539 0.00191158 0.03303462 0.02754724 5.69526e-4 0.03039968 0.02626991 0.001748919 0.03204172 0.02700197 4.57943e-4 0.02935588 0.02628564 0.00163573 0.03097158 0.02671557 3.48747e-4 0.02829307 0.02654099 0.001563072 0.02989119 0.02668899 2.48684e-4 0.02735805 0.02699625 0.001535475 0.02654761 0.0276283 0.001547455 0.02877604 0.02692961 1.56041e-4 0.02779591 0.02740377 8.50529e-5 0.02388972 0.02631765 0.007101476 0.02408641 0.02641361 0.006378233 0.02355843 0.02712905 0.007083117 0.02374732 0.02720975 0.006402909 0.02338266 0.02797049 0.007080376 0.02355772 0.02804011 0.006447553 0.0233581 0.02881556 0.007092475 0.02351713 0.0288794 0.006510913 0.02349555 0.02970224 0.007121086 0.02363848 0.02976649 0.00659877 0.02387434 0.03070825 0.007175862 0.02400386 0.03077834 0.006728649 0.02570652 0.02870029 0.001624166 0.02460879 0.03175956 0.007267653 0.02534484 0.02947312 0.001708984 0.02473604 0.03183573 0.00691086 0.02512729 0.03029072 0.001821577 0.02582925 0.0327056 0.007408082 0.02506119 0.03112685 0.001960635 0.02596622 0.03277385 0.007146835 0.02516591 0.03201895 0.002137839 0.02720767 0.03318542 0.00755757 0.02735066 0.03322714 0.007357716 0.02827829 0.03325027 0.007668137 0.02552956 0.03303706 0.002377927 0.02841466 0.03326988 0.007490098 0.02571755 0.03260827 8.66644e-5 0.02926987 0.03308725 0.007766067 0.02628397 0.0340805 0.002676188 0.029392 0.03309124 0.00759077 0.02609699 0.03361743 1.57334e-4 0.03015238 0.03279423 0.007654666 0.02754133 0.03496724 0.003001809 0.0268355 0.03467011 2.62977e-4 0.03106302 0.03220915 0.00771147 0.02891695 0.03536015 0.003234088 0.03182417 0.03143221 0.007735669 0.02806186 0.03561294 4.10317e-4 0.02995377 0.03537571 0.003352344 0.0294432 0.03608626 5.5514e-4 0.03089845 0.03519189 0.003424167 0.03163462 0.03490537 0.00345689 0.03051316 0.03614705 6.55581e-4 0.03252452 0.03435015 0.003464698 0.0315029 0.03598201 7.39725e-4 0.03227633 0.03569042 7.98991e-4 0.03320419 0.03510272 8.60832e-4 -0.0313661 0.02883964 -0.001999974 -0.03079009 0.02914279 -0.001999974 -0.03079009 0.02914279 0 -0.0313661 0.02883964 0 -0.03199791 0.02868318 -0.001999974 -0.03199791 0.02868318 0 -0.03494858 0.03200638 -0.001999974 -0.03502631 0.03136014 -0.001999974 -0.03502631 0.03136014 0 -0.03494858 0.03200638 0 -0.0326488 0.02868247 -0.001999974 -0.0326488 0.02868247 0 -0.03471845 0.03261524 -0.001999974 -0.03471845 0.03261524 0 -0.03328096 0.02883756 -0.001999974 -0.03328096 0.02883756 0 -0.03434932 0.03315132 -0.001999974 -0.03434932 0.03315132 0 -0.03385764 0.02913939 -0.001999974 -0.03385764 0.02913939 0 -0.03386259 0.03358352 -0.001999974 -0.03386259 0.03358352 0 -0.03434532 0.02957046 -0.001999974 -0.03434532 0.02957046 0 -0.03328657 0.03388661 -0.001999974 -0.03328657 0.03388661 0 -0.03471565 0.03010571 -0.001999974 -0.03471565 0.03010571 0 -0.03494715 0.03071409 -0.001999974 -0.03494715 0.03071409 0 -0.03265476 0.03404313 -0.001999974 -0.03265476 0.03404313 0 -0.03200387 0.03404384 -0.001999974 -0.03200387 0.03404384 0 -0.03137171 0.03388875 -0.001999974 -0.03137171 0.03388875 0 -0.03079503 0.03358691 -0.001999974 -0.03079503 0.03358691 0 -0.03030735 0.03315585 -0.001999974 -0.03030735 0.03315585 0 -0.02993702 0.03262054 -0.001999974 -0.02993702 0.03262054 0 -0.02970552 0.03201222 -0.001999974 -0.02970552 0.03201222 0 -0.0296263 0.03136616 -0.001999974 -0.0296263 0.03136616 0 -0.02970409 0.03071993 -0.001999974 -0.02970409 0.03071993 0 -0.02993422 0.03011107 -0.001999974 -0.02993422 0.03011107 0 -0.03030335 0.02957499 -0.001999974 -0.03030335 0.02957499 0 -0.02808839 0.03356683 0 -0.02870333 0.03446269 0 -0.03395634 0.02689617 0 -0.03493148 0.02737641 0 -0.02769237 0.03255492 0 -0.03625452 0.0340684 0 -0.03553634 0.03488188 0 -0.03465133 0.0355131 0 -0.03677046 0.03311157 0 -0.03364753 0.03592813 0 -0.0328986 0.02664721 0 -0.03705483 0.03206431 0 -0.02753704 0.0314809 0 -0.03180968 0.02664047 0 -0.0325762 0.0361067 0 -0.0276314 0.03039813 0 -0.03709304 0.03097867 0 -0.03074657 0.02687633 0 -0.03149098 0.03603982 0 -0.02797085 0.02936786 0 -0.03688222 0.029913 0 -0.02976578 0.0273422 0 -0.02838361 0.02865052 0 -0.03045028 0.03573149 0 -0.02891415 0.02801799 0 -0.03643417 0.02892488 0 -0.02950376 0.03519612 0 -0.03577131 0.02806341 0 -0.03631824 0.03403121 -0.001999974 -0.03592967 0.03451985 -0.001999974 -0.03573971 0.03471738 -0.001999974 -0.03556269 0.03488278 -0.001999974 -0.03516125 0.0352028 -0.001999974 -0.03505271 0.03527802 -0.001999974 -0.03442859 0.03563433 -0.001999974 -0.03688198 0.03294134 -0.001999974 -0.03676402 0.03323549 -0.001999974 -0.03668224 0.03341144 -0.001999974 -0.03643482 0.0338549 -0.001999974 -0.03428739 0.03569895 -0.001999974 -0.03394269 0.03583478 -0.001999974 -0.03364211 0.03592973 -0.001999974 -0.03344088 0.03598171 -0.001999974 -0.03709477 0.03214293 -0.001999974 -0.03705203 0.03235787 -0.001999974 -0.03297573 0.03606855 -0.001999974 -0.03224062 0.03611683 -0.001999974 -0.03708755 0.03047662 -0.001999974 -0.03716129 0.03113335 -0.001999974 -0.03716439 0.03142541 -0.001999974 -0.03715509 0.03164136 -0.001999974 -0.03188979 0.03610259 -0.001999974 -0.03151398 0.03606033 -0.001999974 -0.03681552 0.02954757 -0.001999974 -0.0369212 0.029832 -0.001999974 -0.03705561 0.03031814 -0.001999974 -0.0308398 0.03591173 -0.001999974 -0.03065979 0.03585523 -0.001999974 -0.03015518 0.0356552 -0.001999974 -0.03632754 0.02864742 -0.001999974 -0.0363512 0.02868187 -0.001999974 -0.03673434 0.02936041 -0.001999974 -0.02987092 0.03551292 -0.001999974 -0.02967834 0.03540295 -0.001999974 -0.02902066 0.03492838 -0.001999974 -0.03601783 0.02824783 -0.001999974 -0.03570562 0.02792006 -0.001999974 -0.03566491 0.02788168 -0.001999974 -0.02899783 0.03490865 -0.001999974 -0.02862483 0.03454697 -0.001999974 -0.02832597 0.03418987 -0.001999974 -0.02829545 0.03414905 -0.001999974 -0.03501605 0.0273754 -0.001999974 -0.03490006 0.0273025 -0.001999974 -0.03457093 0.02711981 -0.001999974 -0.02787256 0.03345865 -0.001999974 -0.02781295 0.03333443 -0.001999974 -0.03409802 0.0269128 -0.001999974 -0.03396689 0.02686583 -0.001999974 -0.02767413 0.03299963 -0.001999974 -0.02752739 0.03252434 -0.001999974 -0.03329253 0.02668923 -0.001999974 -0.02749902 0.03240418 -0.001999974 -0.03287005 0.02663004 -0.001999974 -0.02740168 0.03173494 -0.001999974 -0.03242653 0.02660769 -0.001999974 -0.02739042 0.03144544 -0.001999974 -0.02739351 0.03124111 -0.001999974 -0.03167694 0.02665776 -0.001999974 -0.02743804 0.03075182 -0.001999974 -0.03133231 0.0267173 -0.001999974 -0.02748209 0.03049826 -0.001999974 -0.02758294 0.03009456 -0.001999974 -0.03062403 0.02691859 -0.001999974 -0.02771937 0.02970153 -0.001999974 -0.03038334 0.02701306 -0.001999974 -0.02775871 0.02960568 -0.001999974 -0.02788889 0.02932447 -0.001999974 -0.0299046 0.02724528 -0.001999974 -0.02964884 0.02739632 -0.001999974 -0.02819979 0.028795 -0.001999974 -0.02945023 0.0275284 -0.001999974 -0.02823883 0.0287382 -0.001999974 -0.02849823 0.02839964 -0.001999974 -0.02878689 0.02808457 -0.001999974 -0.03200066 0.03026586 0.009269952 -0.03389167 0.03118777 0.009269952 -0.03383564 0.0312649 0.009269952 -0.03351432 0.03165161 0.009269952 -0.03323209 0.03193116 0.009269952 -0.03314822 0.0320056 0.009269952 -0.03150445 0.03070551 0.009269952 -0.03248423 0.03248679 0.009269952 -0.03241252 0.03252899 0.009269952 -0.03202623 0.03272938 0.009269952 -0.0323773 0.0297203 0.009269952 -0.03445869 0.03011876 0.009269952 -0.03437113 0.03033661 0.009269952 -0.03425347 0.03058809 0.009269952 -0.03091746 0.03101354 0.009269952 -0.0315392 0.03292441 0.009269952 -0.03146779 0.03294813 0.009269952 -0.03261238 0.02910041 0.009269952 -0.03473955 0.02884548 0.009269952 -0.03467828 0.0293194 0.009269952 -0.03460961 0.0296356 0.009269952 -0.03027373 0.03117221 0.009269952 -0.03059917 0.03314691 0.009269952 -0.0304237 0.03316783 0.009269952 -0.02984476 0.03319162 0.009269952 -0.03269231 0.02844226 0.009269952 -0.03470677 0.02781355 0.009269952 -0.03474324 0.02816349 0.009269952 -0.03475129 0.02832561 0.009269952 -0.02961081 0.03117221 0.009269952 -0.02947175 0.03317022 0.009269952 -0.02920341 0.03313684 0.009269952 -0.02874124 0.03304278 0.009269952 -0.03261238 0.02778416 0.009269952 -0.03433597 0.02653115 0.009269952 -0.0345242 0.02702134 0.009269952 -0.03453356 0.02705061 0.009269952 -0.02896714 0.03101354 0.009269952 -0.02869457 0.03303062 0.009269952 -0.02797818 0.03277832 0.009269952 -0.02792042 0.03275221 0.009269952 -0.0323773 0.02716428 0.009269952 -0.03407967 0.02603852 0.009269952 -0.0340982 0.02606987 0.009269952 -0.02838009 0.03070551 0.009269952 -0.02746033 0.03250974 0.009269952 -0.02717649 0.03232592 0.009269952 -0.02702432 0.03221505 0.009269952 -0.03200066 0.02661871 0.009269952 -0.03362411 0.02539974 0.009269952 -0.03342014 0.02517312 0.009269952 -0.03326249 0.02501618 0.009269952 -0.02788388 0.03026586 0.009269952 -0.02646422 0.03171575 0.009269952 -0.02641993 0.0316689 0.009269952 -0.03150445 0.02617907 0.009269952 -0.03286594 0.02467828 0.009269952 -0.02608978 0.03127378 0.009269952 -0.0275073 0.0297203 0.009269952 -0.03260254 0.02449107 0.009269952 -0.02587741 0.03096485 0.009269952 -0.02580124 0.0308398 0.009269952 -0.03217035 0.0242365 0.009269952 -0.03091746 0.02587097 0.009269952 -0.03168994 0.02401882 0.009269952 -0.03167235 0.02401202 0.009269952 -0.02545249 0.03011071 0.009269952 -0.02727222 0.02910041 0.009269952 -0.02544629 0.03009414 0.009269952 -0.03119468 0.02385663 0.009269952 -0.03027373 0.02571231 0.009269952 -0.02529847 0.02962362 0.009269952 -0.03068226 0.02374857 0.009269952 -0.02520012 0.02913665 0.009269952 -0.02519726 0.02911663 0.009269952 -0.02719229 0.02844226 0.009269952 -0.03038316 0.02371191 0.009269952 -0.02515172 0.02831101 0.009269952 -0.02516055 0.02812963 0.009269952 -0.02957022 0.02370685 0.009269952 -0.02961081 0.02571231 0.009269952 -0.0294466 0.02371817 0.009269952 -0.02519428 0.02780264 0.009269952 -0.02727222 0.02778416 0.009269952 -0.0289815 0.02378988 0.009269952 -0.02896714 0.02587097 0.009269952 -0.02529311 0.02729588 0.009269952 -0.0253418 0.02711772 0.009269952 -0.02841901 0.02394056 0.009269952 -0.02548956 0.02669185 0.009269952 -0.0275073 0.02716428 0.009269952 -0.02808427 0.02406626 0.009269952 -0.02761071 0.02429544 0.009269952 -0.02838009 0.02617907 0.009269952 -0.02575099 0.0261448 0.009269952 -0.02576655 0.02611714 0.009269952 -0.02740168 0.02441811 0.009269952 -0.02717006 0.02457141 0.009269952 -0.02610993 0.02559548 0.009269952 -0.02788388 0.02661871 0.009269952 -0.02611947 0.02558284 0.009269952 -0.02654093 0.02510076 0.009269952 -0.02838009 0.03070551 0.007769942 -0.02896714 0.03101354 0.007769942 -0.02961081 0.03117221 0.007769942 -0.03269231 0.02844226 0.007769942 -0.03261238 0.02778416 0.007769942 -0.03027373 0.03117221 0.007769942 -0.0323773 0.02716428 0.007769942 -0.03091746 0.03101354 0.007769942 -0.03200066 0.02661871 0.007769942 -0.03150445 0.03070551 0.007769942 -0.03150445 0.02617907 0.007769942 -0.03200066 0.03026586 0.007769942 -0.03091746 0.02587097 0.007769942 -0.0323773 0.0297203 0.007769942 -0.03261238 0.02910041 0.007769942 -0.03027373 0.02571231 0.007769942 -0.02961081 0.02571231 0.007769942 -0.02896714 0.02587097 0.007769942 -0.02838009 0.02617907 0.007769942 -0.02788388 0.02661871 0.007769942 -0.0275073 0.02716428 0.007769942 -0.02727222 0.02778416 0.007769942 -0.02719229 0.02844226 0.007769942 -0.02727222 0.02910041 0.007769942 -0.0275073 0.0297203 0.007769942 -0.02788388 0.03026586 0.007769942 -0.0255593 0.03037029 0.007769942 -0.02595257 0.03108024 0.007769942 -0.0327332 0.02458059 0.007769942 -0.03172415 0.02403229 0.007769942 -0.02529078 0.0295934 0.007769942 -0.03376823 0.03135335 0.007769942 -0.03299677 0.03213149 0.007769942 -0.03204697 0.03271973 0.007769942 -0.03432637 0.03043699 0.007769942 -0.03063952 0.02374219 0.007769942 -0.03122442 0.03302031 0.007769942 -0.02516043 0.02876657 0.007769942 -0.03465503 0.02943903 0.007769942 -0.0303412 0.03317552 0.007769942 -0.02954334 0.02370905 0.007769942 -0.02517974 0.02791833 0.007769942 -0.03463113 0.027408 0.007769942 -0.03475332 0.0284115 0.007769942 -0.02535551 0.02707201 0.007769942 -0.02919936 0.0331363 0.007769942 -0.02840298 0.02394592 0.007769942 -0.03425979 0.02636957 0.007769942 -0.02569144 0.02625465 0.007769942 -0.02739471 0.0244224 0.007769942 -0.0260725 0.02564561 0.007769942 -0.0283972 0.03294128 0.007769942 -0.02769458 0.03264117 0.007769942 -0.02654093 0.02510076 0.007769942 -0.02703922 0.03222632 0.007769942 -0.03359895 0.02537018 0.007769942 -0.02645158 0.03170251 0.007769942 -0.02654093 0.02510076 0.01076996 -0.02740168 0.02441811 0.01076996 -0.02841901 0.02394056 0.01076996 -0.02957022 0.02370685 0.01076996 -0.03068226 0.02374857 0.01076996 -0.03167235 0.02401202 0.01076996 -0.03260254 0.02449107 0.01076996 -0.03342014 0.02517312 0.01076996 -0.03407967 0.02603852 0.01076996 -0.03453356 0.02705061 0.01076996 -0.03474324 0.02816349 0.01076996 -0.03467828 0.0293194 0.01076996 -0.03437113 0.03033661 0.01076996 -0.03389167 0.03118777 0.01076996 -0.03323209 0.03193116 0.01076996 -0.03241252 0.03252899 0.01076996 -0.03146779 0.03294813 0.01076996 -0.0304237 0.03316783 0.01076996 -0.02947175 0.03317022 0.01076996 -0.02874124 0.03304278 0.01076996 -0.02797818 0.03277832 0.01076996 -0.02717649 0.03232592 0.01076996 -0.02646422 0.03171575 0.01076996 -0.02587741 0.03096485 0.01076996 -0.02544629 0.03009414 0.01076996 -0.02520012 0.02913665 0.01076996 -0.02516055 0.02812963 0.01076996 -0.0253418 0.02711772 0.01076996 -0.02575099 0.0261448 0.01076996 -0.02610993 0.02559548 0.01076996 -0.02878689 0.02808457 -0.003499984 -0.02833896 0.02860003 -0.003499984 -0.02810072 0.02894747 -0.003499984 -0.02809792 0.02895194 -0.003499984 -0.02788889 0.02932447 -0.003499984 -0.02763342 0.02993553 -0.003499984 -0.02762889 0.02994894 -0.003499984 -0.02751773 0.03033721 -0.003499984 -0.02743804 0.03075182 -0.003499984 -0.02740424 0.03105515 -0.003499984 -0.02739197 0.03153711 -0.003499984 -0.02743238 0.03203171 -0.003499984 -0.0274403 0.03208744 -0.003499984 -0.02752739 0.03252434 -0.003499984 -0.02767616 0.03300511 -0.003499984 -0.02778702 0.03327727 -0.003499984 -0.02801609 0.0337246 -0.003499984 -0.02810174 0.0338658 -0.003499984 -0.02829545 0.03414905 -0.003499984 -0.02870726 0.03463393 -0.003499984 -0.02884358 0.03476858 -0.003499984 -0.02924138 0.03510671 -0.003499984 -0.02946859 0.03526943 -0.003499984 -0.02967834 0.03540295 -0.003499984 -0.03036004 0.03574413 -0.003499984 -0.03045487 0.03578168 -0.003499984 -0.03097409 0.03594911 -0.003499984 -0.03134334 0.03603178 -0.003499984 -0.03151398 0.03606033 -0.003499984 -0.03236669 0.03611612 -0.003499984 -0.03238451 0.03611576 -0.003499984 -0.03290528 0.03607791 -0.003499984 -0.03343713 0.0359826 -0.003499984 -0.03344088 0.03598171 -0.003499984 -0.03423643 0.03572094 -0.003499984 -0.03444987 0.03562414 -0.003499984 -0.03471058 0.03548848 -0.003499984 -0.03516125 0.0352028 -0.003499984 -0.03537434 0.03504163 -0.003499984 -0.03578728 0.03467005 -0.003499984 -0.03613156 0.03428232 -0.003499984 -0.03615492 0.03425276 -0.003499984 -0.03643482 0.0338549 -0.003499984 -0.03674173 0.03328537 -0.003499984 -0.03680801 0.03313237 -0.003499984 -0.03697764 0.03264808 -0.003499984 -0.03708672 0.03218787 -0.003499984 -0.03709477 0.03214293 -0.003499984 -0.0371654 0.03133708 -0.003499984 -0.03715503 0.03101742 -0.003499984 -0.03713858 0.03082728 -0.003499984 -0.03705561 0.03031814 -0.003499984 -0.03696179 0.02995914 -0.003499984 -0.03681534 0.02954703 -0.003499984 -0.03659725 0.02908629 -0.003499984 -0.03657937 0.02905362 -0.003499984 -0.03632754 0.02864742 -0.003499984 -0.03600549 0.02823364 -0.003499984 -0.03581106 0.02802383 -0.003499984 -0.03543335 0.02767968 -0.003499984 -0.03526008 0.02754479 -0.003499984 -0.03501605 0.0273754 -0.003499984 -0.03436779 0.02702337 -0.003499984 -0.03429031 0.02698957 -0.003499984 -0.0338025 0.02681303 -0.003499984 -0.03336811 0.02670389 -0.003499984 -0.03329253 0.02668923 -0.003499984 -0.03255099 0.02660995 -0.003499984 -0.03236937 0.02660763 -0.003499984 -0.03188842 0.02663248 -0.003499984 -0.0315293 0.02668029 -0.003499984 -0.03133231 0.0267173 -0.003499984 -0.03063076 0.02691614 -0.003499984 -0.03038334 0.02701306 -0.003499984 -0.02967792 0.02737814 -0.003499984 -0.02962875 0.02740913 -0.003499984 -0.02921444 0.02770394 -0.003499984 -0.02919155 0.02772223 -0.003499984 -0.03433781 0.03044652 0.007727086 -0.03619104 0.03169441 0.003240227 -0.03467804 0.02945828 0.007687568 -0.03582 0.03265929 0.003356575 -0.026596 0.02509617 0.007502675 -0.03287839 0.02463644 0.00706005 -0.03372734 0.02542179 0.007234811 -0.03593689 0.03423559 9.01154e-4 -0.03649878 0.03330576 9.17877e-4 -0.03524237 0.03353565 0.003431379 -0.03634303 0.03068804 0.00308454 -0.03479707 0.02844369 0.007619798 -0.03470152 0.02745109 0.007526934 -0.03174275 0.02403348 0.007659435 -0.03187996 0.0241031 0.006888747 -0.03626912 0.02969145 0.002894043 -0.03436136 0.02641862 0.007398962 -0.0368312 0.03230136 9.11749e-4 -0.03067344 0.02374446 0.007544875 -0.03080821 0.02383595 0.006733238 -0.03693574 0.03127574 8.84713e-4 -0.02873814 0.02790433 6.76837e-4 -0.03593355 0.02865171 0.002654433 -0.02959209 0.02371639 0.007433831 -0.03682398 0.03027915 8.39232e-4 -0.02973508 0.02382981 0.006603121 -0.03528195 0.02766382 0.002380132 -0.0284754 0.02395778 0.007324635 -0.03646886 0.02924889 7.70265e-4 -0.02863579 0.02408683 0.00649482 -0.03440815 0.02691006 0.002124667 -0.02749484 0.0244354 0.007234454 -0.02685356 0.02523452 0.006382882 -0.03582745 0.02825665 6.75959e-4 -0.02767437 0.02456587 0.006422758 -0.02723902 0.0256251 0.005189418 -0.03340107 0.02642309 0.00191158 -0.03497964 0.02747136 5.69526e-4 -0.03234183 0.02619993 0.001748919 -0.03398549 0.02692836 4.57943e-4 -0.03129804 0.02621799 0.00163573 -0.03291469 0.02664434 3.48747e-4 -0.03023582 0.02647566 0.001563072 -0.03183424 0.02662014 2.48684e-4 -0.0284928 0.0275669 0.001547455 -0.02930188 0.02693301 0.001535475 -0.03071969 0.02686327 1.56041e-4 -0.02974057 0.02733963 8.50529e-5 -0.02583199 0.02626222 0.007101476 -0.02602893 0.02635771 0.006378233 -0.02550256 0.02707433 0.007083117 -0.02569156 0.02715462 0.006402909 -0.02532863 0.02791619 0.007080376 -0.02550387 0.02798539 0.006447553 -0.02530592 0.02876126 0.007092475 -0.02546513 0.02882474 0.006510913 -0.02544534 0.02964764 0.007121086 -0.02558845 0.02971154 0.00659877 -0.02582639 0.03065282 0.007175862 -0.02595609 0.03072267 0.006728649 -0.02765411 0.02864074 0.001624166 -0.02656322 0.03170251 0.007267653 -0.02729415 0.02941441 0.001708984 -0.0266906 0.03177833 0.00691086 -0.02707839 0.03023248 0.001821577 -0.02778571 0.03264582 0.007408082 -0.02701419 0.0310688 0.001960635 -0.02792292 0.03271377 0.007146835 -0.02712088 0.0319606 0.002137839 -0.02916526 0.03312253 0.00755757 -0.02930831 0.03316396 0.007357716 -0.03023606 0.033185 0.007668137 -0.0274868 0.03297793 0.002377927 -0.03037244 0.03320431 0.007490098 -0.02767384 0.03254872 8.66644e-5 -0.03122723 0.03301978 0.007766067 -0.02824354 0.03401964 0.002676188 -0.03134942 0.03302347 0.00759077 -0.02805554 0.03355699 1.57334e-4 -0.03210908 0.03272479 0.007654666 -0.02950292 0.03490364 0.003001809 -0.02879637 0.03460806 2.62977e-4 -0.03301841 0.03213769 0.00771147 -0.03087937 0.03529345 0.003234088 -0.03377783 0.03135901 0.007735669 -0.03002488 0.03554815 4.10317e-4 -0.0319162 0.03530669 0.003352344 -0.03140723 0.03601843 5.5514e-4 -0.03286051 0.03512078 0.003424167 -0.03359603 0.03483265 0.00345689 -0.03247737 0.03607678 6.55581e-4 -0.03448474 0.03427541 0.003464698 -0.03346669 0.03590959 7.39725e-4 -0.03423947 0.03561621 7.98991e-4 -0.03516608 0.03502643 8.60832e-4 0.02944976 -0.02798897 -0.001999974 0.02887344 -0.02829146 -0.001999974 0.02887344 -0.02829146 0 0.02944976 -0.02798897 0 0.03008174 -0.02783322 -0.001999974 0.03008174 -0.02783322 0 0.03302878 -0.03115969 -0.001999974 0.03310722 -0.03051352 -0.001999974 0.03310722 -0.03051352 0 0.03302878 -0.03115969 0 0.03073269 -0.02783322 -0.001999974 0.03073269 -0.02783322 0 0.03279793 -0.03176826 -0.001999974 0.03279793 -0.03176826 0 0.03136461 -0.02798897 -0.001999974 0.03136461 -0.02798897 0 0.0324282 -0.03230392 -0.001999974 0.0324282 -0.03230392 0 0.03194099 -0.02829146 -0.001999974 0.03194099 -0.02829146 0 0.03194099 -0.03273558 -0.001999974 0.03194099 -0.03273558 0 0.0324282 -0.02872306 -0.001999974 0.0324282 -0.02872306 0 0.03136461 -0.03303807 -0.001999974 0.03136461 -0.03303807 0 0.03279793 -0.02925878 -0.001999974 0.03279793 -0.02925878 0 0.03302878 -0.02986735 -0.001999974 0.03302878 -0.02986735 0 0.03073269 -0.03319382 -0.001999974 0.03073269 -0.03319382 0 0.03008174 -0.03319382 -0.001999974 0.03008174 -0.03319382 0 0.02944976 -0.03303807 -0.001999974 0.02944976 -0.03303807 0 0.02887344 -0.03273558 -0.001999974 0.02887344 -0.03273558 0 0.02838623 -0.03230392 -0.001999974 0.02838623 -0.03230392 0 0.0280165 -0.03176826 -0.001999974 0.0280165 -0.03176826 0 0.02778565 -0.03115969 -0.001999974 0.02778565 -0.03115969 0 0.02770721 -0.03051352 -0.001999974 0.02770721 -0.03051352 0 0.02778565 -0.02986735 -0.001999974 0.02778565 -0.02986735 0 0.0280165 -0.02925878 -0.001999974 0.0280165 -0.02925878 0 0.02838623 -0.02872306 -0.001999974 0.02838623 -0.02872306 0 0.02616685 -0.03271245 0 0.02678078 -0.03360903 0 0.0320422 -0.02604836 0 0.0330168 -0.02652966 0 0.02577197 -0.03170013 0 0.03433233 -0.03322315 0 0.03361326 -0.0340358 0 0.03272759 -0.03466606 0 0.0348494 -0.03226691 0 0.03172332 -0.03507995 0 0.03098469 -0.0257982 0 0.03513491 -0.03121995 0 0.02561777 -0.03062593 0 0.02989584 -0.02579027 0 0.03065174 -0.03525733 0 0.02571332 -0.02954328 0 0.03517436 -0.03013437 0 0.02883249 -0.02602493 0 0.02956664 -0.03518927 0 0.02605396 -0.02851337 0 0.03496474 -0.02906847 0 0.02785116 -0.02648973 0 0.0264675 -0.0277965 0 0.0285263 -0.03487974 0 0.02699875 -0.02716457 0 0.03451776 -0.0280798 0 0.02758038 -0.03434336 0 0.03385591 -0.02721762 0 0.03439611 -0.03318607 -0.001999974 0.03400701 -0.03367424 -0.001999974 0.03381687 -0.03387159 -0.001999974 0.0336396 -0.03403681 -0.001999974 0.03323787 -0.03435629 -0.001999974 0.03312927 -0.03443145 -0.001999974 0.03250473 -0.03478705 -0.001999974 0.0349611 -0.0320968 -0.001999974 0.03484284 -0.03239083 -0.001999974 0.03476089 -0.03256666 -0.001999974 0.03451293 -0.03300988 -0.001999974 0.03236347 -0.03485149 -0.001999974 0.0320186 -0.03498697 -0.001999974 0.03171789 -0.03508156 -0.001999974 0.03151667 -0.03513336 -0.001999974 0.03517478 -0.03129863 -0.001999974 0.03513181 -0.03151351 -0.001999974 0.03105133 -0.03521966 -0.001999974 0.03031617 -0.03526711 -0.001999974 0.03516948 -0.02963227 -0.001999974 0.03524243 -0.03028911 -0.001999974 0.03524523 -0.03058117 -0.001999974 0.03523564 -0.03079712 -0.001999974 0.0299654 -0.03525245 -0.001999974 0.02958965 -0.03520983 -0.001999974 0.03489845 -0.02870291 -0.001999974 0.03500378 -0.02898752 -0.001999974 0.03513765 -0.02947378 -0.001999974 0.02891564 -0.03506046 -0.001999974 0.02873563 -0.03500372 -0.001999974 0.02823126 -0.03480315 -0.001999974 0.03441148 -0.02780228 -0.001999974 0.03443503 -0.02783674 -0.001999974 0.03481739 -0.02851569 -0.001999974 0.02794712 -0.03466057 -0.001999974 0.02775466 -0.03455036 -0.001999974 0.02709758 -0.03407502 -0.001999974 0.03410214 -0.02740228 -0.001999974 0.03379034 -0.02707421 -0.001999974 0.03374963 -0.02703577 -0.001999974 0.02707475 -0.03405529 -0.001999974 0.02670216 -0.03369325 -0.001999974 0.02640372 -0.0333358 -0.001999974 0.0263732 -0.03329491 -0.001999974 0.03310143 -0.02652877 -0.001999974 0.03298544 -0.02645576 -0.001999974 0.03265649 -0.02627265 -0.001999974 0.02595114 -0.03260409 -0.001999974 0.02589166 -0.03247976 -0.001999974 0.03218388 -0.02606511 -0.001999974 0.03205281 -0.02601808 -0.001999974 0.0257532 -0.03214478 -0.001999974 0.02560693 -0.03166937 -0.001999974 0.03137862 -0.02584064 -0.001999974 0.02557873 -0.03154921 -0.001999974 0.0309562 -0.02578103 -0.001999974 0.02548211 -0.03087979 -0.001999974 0.03051269 -0.02575814 -0.001999974 0.02547121 -0.03059029 -0.001999974 0.02547448 -0.03038597 -0.001999974 0.02976304 -0.02580738 -0.001999974 0.0255196 -0.02989673 -0.001999974 0.02941834 -0.02586656 -0.001999974 0.02556395 -0.02964323 -0.001999974 0.02566522 -0.02923965 -0.001999974 0.02870988 -0.02606701 -0.001999974 0.02580207 -0.0288468 -0.001999974 0.02846908 -0.02616125 -0.001999974 0.02584159 -0.02875095 -0.001999974 0.02597206 -0.02846986 -0.001999974 0.02799004 -0.02639293 -0.001999974 0.02773416 -0.02654373 -0.001999974 0.0262835 -0.02794075 -0.001999974 0.02753543 -0.02667552 -0.001999974 0.0263226 -0.027884 -0.001999974 0.02658241 -0.02754569 -0.001999974 0.02687144 -0.02723097 -0.001999974 0.03008282 -0.0294159 0.009269952 0.03197276 -0.03033989 0.009269952 0.03191661 -0.03041696 0.009269952 0.03159487 -0.03080326 0.009269952 0.03131234 -0.03108257 0.009269952 0.03122842 -0.03115689 0.009269952 0.02958607 -0.02985495 0.009269952 0.03056383 -0.03163737 0.009269952 0.03049212 -0.03167945 0.009269952 0.03010559 -0.03187942 0.009269952 0.03046 -0.0288707 0.009269952 0.03254097 -0.02927148 0.009269952 0.03245311 -0.02948927 0.009269952 0.03233522 -0.02974063 0.009269952 0.02899873 -0.03016239 0.009269952 0.02961832 -0.03207391 0.009269952 0.02954691 -0.03209757 0.009269952 0.03069579 -0.02825111 0.009269952 0.0328232 -0.0279985 0.009269952 0.03276145 -0.02847242 0.009269952 0.03269243 -0.0287885 0.009269952 0.02835488 -0.03032028 0.009269952 0.02867805 -0.0322954 0.009269952 0.02850258 -0.03231608 0.009269952 0.02792364 -0.03233921 0.009269952 0.03077644 -0.02759307 0.009269952 0.03279161 -0.02696657 0.009269952 0.03282767 -0.02731651 0.009269952 0.03283554 -0.02747869 0.009269952 0.0276919 -0.03031957 0.009269952 0.02755057 -0.03231739 0.009269952 0.02728229 -0.03228372 0.009269952 0.02682024 -0.03218919 0.009269952 0.03069722 -0.02693486 0.009269952 0.03242218 -0.02568376 0.009269952 0.03260993 -0.02617412 0.009269952 0.03261923 -0.02620345 0.009269952 0.0270484 -0.03016018 0.009269952 0.02677357 -0.03217697 0.009269952 0.02605748 -0.03192383 0.009269952 0.02599978 -0.03189772 0.009269952 0.03046286 -0.02631473 0.009269952 0.03216648 -0.02519083 0.009269952 0.03218495 -0.02522224 0.009269952 0.02646172 -0.02985143 0.009269952 0.02553993 -0.03165465 0.009269952 0.02525633 -0.03147053 0.009269952 0.02510428 -0.03135949 0.009269952 0.03008687 -0.02576869 0.009269952 0.03171163 -0.02455157 0.009269952 0.03150796 -0.02432471 0.009269952 0.03135043 -0.02416759 0.009269952 0.02596598 -0.02941131 0.009269952 0.02454471 -0.03085958 0.009269952 0.02450048 -0.03081268 0.009269952 0.02959114 -0.02532851 0.009269952 0.0309543 -0.02382928 0.009269952 0.02417075 -0.03041714 0.009269952 0.02559 -0.02886527 0.009269952 0.03069108 -0.02364176 0.009269952 0.02395874 -0.03010803 0.009269952 0.02388268 -0.02998292 0.009269952 0.03025919 -0.02338671 0.009269952 0.02900445 -0.02501976 0.009269952 0.02977901 -0.0231685 0.009269952 0.02976143 -0.02316164 0.009269952 0.02353477 -0.02925348 0.009269952 0.02535557 -0.02824515 0.009269952 0.02352857 -0.02923685 0.009269952 0.02928394 -0.02300578 0.009269952 0.02836096 -0.02486044 0.009269952 0.02338129 -0.02876615 0.009269952 0.02877163 -0.02289712 0.009269952 0.02328354 -0.02827906 0.009269952 0.02328062 -0.02825903 0.009269952 0.02527642 -0.02758693 0.009269952 0.02847254 -0.0228601 0.009269952 0.02323603 -0.02745336 0.009269952 0.02324509 -0.02727198 0.009269952 0.02765965 -0.02285414 0.009269952 0.02769798 -0.02485966 0.009269952 0.02753597 -0.02286535 0.009269952 0.02327919 -0.02694505 0.009269952 0.02535706 -0.0269289 0.009269952 0.02707082 -0.02293652 0.009269952 0.02705413 -0.02501761 0.009269952 0.02337849 -0.02643847 0.009269952 0.02342736 -0.02626031 0.009269952 0.02650821 -0.02308654 0.009269952 0.02357566 -0.02583456 0.009269952 0.02559286 -0.02630931 0.009269952 0.02617329 -0.02321189 0.009269952 0.02569949 -0.02344053 0.009269952 0.02646678 -0.02532505 0.009269952 0.02383768 -0.0252878 0.009269952 0.0238533 -0.02526015 0.009269952 0.02549028 -0.02356296 0.009269952 0.02525854 -0.02371603 0.009269952 0.02419722 -0.0247389 0.009269952 0.02597004 -0.0257641 0.009269952 0.02420681 -0.02472633 0.009269952 0.02462875 -0.02424466 0.009269952 0.02646172 -0.02985143 0.007769942 0.0270484 -0.03016018 0.007769942 0.0276919 -0.03031957 0.007769942 0.03077644 -0.02759307 0.007769942 0.03069722 -0.02693486 0.007769942 0.02835488 -0.03032028 0.007769942 0.03046286 -0.02631473 0.007769942 0.02899873 -0.03016239 0.007769942 0.03008687 -0.02576869 0.007769942 0.02958607 -0.02985495 0.007769942 0.02959114 -0.02532851 0.007769942 0.03008282 -0.0294159 0.007769942 0.02900445 -0.02501976 0.007769942 0.03046 -0.0288707 0.007769942 0.03069579 -0.02825111 0.007769942 0.02836096 -0.02486044 0.007769942 0.02769798 -0.02485966 0.007769942 0.02705413 -0.02501761 0.007769942 0.02646678 -0.02532505 0.007769942 0.02597004 -0.0257641 0.007769942 0.02559286 -0.02630931 0.007769942 0.02535706 -0.0269289 0.007769942 0.02527642 -0.02758693 0.007769942 0.02535557 -0.02824515 0.007769942 0.02559 -0.02886527 0.007769942 0.02596598 -0.02941131 0.007769942 0.02364128 -0.02951312 0.007769942 0.02403378 -0.03022348 0.007769942 0.03082162 -0.02373141 0.007769942 0.02981317 -0.02318197 0.007769942 0.02337366 -0.02873593 0.007769942 0.03184914 -0.03050535 0.007769942 0.03107678 -0.0312826 0.007769942 0.03012633 -0.03186976 0.007769942 0.03240823 -0.02958959 0.007769942 0.0287289 -0.02289068 0.007769942 0.02930343 -0.03216946 0.007769942 0.0232442 -0.02790898 0.007769942 0.03273802 -0.02859199 0.007769942 0.02842009 -0.03232365 0.007769942 0.02763277 -0.02285635 0.007769942 0.02326446 -0.02706074 0.007769942 0.03271645 -0.02656096 0.007769942 0.03283745 -0.02756458 0.007769942 0.02344119 -0.02621459 0.007769942 0.02727824 -0.03228318 0.007769942 0.02649211 -0.02309197 0.007769942 0.03234624 -0.02552211 0.007769942 0.02377802 -0.02539759 0.007769942 0.02548331 -0.02356731 0.007769942 0.02415978 -0.02478903 0.007769942 0.02647638 -0.03208726 0.007769942 0.02577406 -0.03178638 0.007769942 0.02462875 -0.02424466 0.007769942 0.02511918 -0.03137081 0.007769942 0.03168654 -0.02452194 0.007769942 0.02453207 -0.03084629 0.007769942 0.02462875 -0.02424466 0.01076996 0.02549028 -0.02356296 0.01076996 0.02650821 -0.02308654 0.01076996 0.02765965 -0.02285414 0.01076996 0.02877163 -0.02289712 0.01076996 0.02976143 -0.02316164 0.01076996 0.03069108 -0.02364176 0.01076996 0.03150796 -0.02432471 0.01076996 0.03216648 -0.02519083 0.01076996 0.03261923 -0.02620345 0.01076996 0.03282767 -0.02731651 0.01076996 0.03276145 -0.02847242 0.01076996 0.03245311 -0.02948927 0.01076996 0.03197276 -0.03033989 0.01076996 0.03131234 -0.03108257 0.01076996 0.03049212 -0.03167945 0.01076996 0.02954691 -0.03209757 0.01076996 0.02850258 -0.03231608 0.01076996 0.02755057 -0.03231739 0.01076996 0.02682024 -0.03218919 0.01076996 0.02605748 -0.03192383 0.01076996 0.02525633 -0.03147053 0.01076996 0.02454471 -0.03085958 0.01076996 0.02395874 -0.03010803 0.01076996 0.02352857 -0.02923685 0.01076996 0.02328354 -0.02827906 0.01076996 0.02324509 -0.02727198 0.01076996 0.02342736 -0.02626031 0.01076996 0.02383768 -0.0252878 0.01076996 0.02419722 -0.0247389 0.01076996 0.02687144 -0.02723097 -0.003499984 0.02642291 -0.02774602 -0.003499984 0.02618426 -0.02809309 -0.003499984 0.02618145 -0.02809756 -0.003499984 0.02597206 -0.02846986 -0.003499984 0.02571588 -0.02908068 -0.003499984 0.02571135 -0.02909409 -0.003499984 0.02559971 -0.02948224 -0.003499984 0.0255196 -0.02989673 -0.003499984 0.02548545 -0.03020006 -0.003499984 0.0254727 -0.03068196 -0.003499984 0.02551251 -0.03117662 -0.003499984 0.02552038 -0.03123235 -0.003499984 0.02560693 -0.03166937 -0.003499984 0.02575522 -0.03215032 -0.003499984 0.02586579 -0.03242254 -0.003499984 0.02609437 -0.03287017 -0.003499984 0.02617985 -0.03301143 -0.003499984 0.0263732 -0.03329491 -0.003499984 0.02678447 -0.03378021 -0.003499984 0.02692067 -0.03391504 -0.003499984 0.02731806 -0.03425365 -0.003499984 0.02754515 -0.03441661 -0.003499984 0.02775466 -0.03455036 -0.003499984 0.028436 -0.03489232 -0.003499984 0.02853083 -0.03492993 -0.003499984 0.02904987 -0.03509795 -0.003499984 0.029419 -0.03518104 -0.003499984 0.02958965 -0.03520983 -0.003499984 0.03044223 -0.03526651 -0.003499984 0.03046011 -0.03526622 -0.003499984 0.03098088 -0.03522896 -0.003499984 0.03151285 -0.03513419 -0.003499984 0.03151667 -0.03513336 -0.003499984 0.03231245 -0.03487342 -0.003499984 0.03252595 -0.03477692 -0.003499984 0.03278684 -0.0346415 -0.003499984 0.03323787 -0.03435629 -0.003499984 0.03345108 -0.03419542 -0.003499984 0.03386443 -0.03382426 -0.003499984 0.03420919 -0.03343695 -0.003499984 0.03423255 -0.03340739 -0.003499984 0.03451293 -0.03300988 -0.003499984 0.03482049 -0.03244066 -0.003499984 0.03488689 -0.03228771 -0.003499984 0.03505706 -0.0318036 -0.003499984 0.03516668 -0.03134351 -0.003499984 0.03517478 -0.03129863 -0.003499984 0.03524631 -0.03049284 -0.003499984 0.03523629 -0.03017312 -0.003499984 0.03522002 -0.02998304 -0.003499984 0.03513765 -0.02947378 -0.003499984 0.03504419 -0.02911466 -0.003499984 0.03489822 -0.02870237 -0.003499984 0.03468066 -0.02824145 -0.003499984 0.03466284 -0.02820873 -0.003499984 0.03441148 -0.02780228 -0.003499984 0.03408986 -0.02738815 -0.003499984 0.03389573 -0.0271781 -0.003499984 0.03351837 -0.02683353 -0.003499984 0.03334522 -0.02669847 -0.003499984 0.03310143 -0.02652877 -0.003499984 0.03245347 -0.02617597 -0.003499984 0.03237605 -0.02614217 -0.003499984 0.03188842 -0.02596503 -0.003499984 0.0314542 -0.02585542 -0.003499984 0.03137862 -0.02584064 -0.003499984 0.03063714 -0.02576059 -0.003499984 0.03045552 -0.02575808 -0.003499984 0.02997457 -0.0257824 -0.003499984 0.0296154 -0.02582979 -0.003499984 0.02941834 -0.02586656 -0.003499984 0.02871662 -0.02606463 -0.003499984 0.02846908 -0.02616125 -0.003499984 0.02776324 -0.02652555 -0.003499984 0.02771401 -0.02655649 -0.003499984 0.02729946 -0.02685087 -0.003499984 0.02727645 -0.02686911 -0.003499984 0.03389942 -0.03181356 0.003356575 0.03427153 -0.03084909 0.003240227 0.03241974 -0.02959913 0.007727086 0.03096675 -0.02378743 0.00706005 0.02468383 -0.02424013 0.007502675 0.03181487 -0.02457374 0.007234811 0.03401458 -0.03338998 9.01154e-4 0.03457748 -0.0324608 9.17877e-4 0.03332084 -0.03268927 0.003431379 0.03442466 -0.02984285 0.00308454 0.03276103 -0.02861124 0.007687568 0.0328812 -0.02759683 0.007619798 0.02983176 -0.02318316 0.007659435 0.02996897 -0.02325302 0.006888747 0.03435188 -0.0288462 0.002894043 0.03278678 -0.02660411 0.007526934 0.03491103 -0.03145676 9.11749e-4 0.02876281 -0.02289295 0.007544875 0.02889746 -0.02298468 0.006733238 0.03501671 -0.03043121 8.84713e-4 0.02682292 -0.02705067 6.76837e-4 0.03401744 -0.0278061 0.002654433 0.03244775 -0.02557128 0.007398962 0.02768146 -0.02286368 0.007433831 0.03490608 -0.02943456 8.39232e-4 0.02782434 -0.02297729 0.006603121 0.03336697 -0.0268175 0.002380132 0.02656453 -0.02310389 0.007324635 0.03455209 -0.02840387 7.70265e-4 0.02672475 -0.02323311 0.00649482 0.032494 -0.02606278 0.002124667 0.0255835 -0.02358037 0.007234454 0.02494132 -0.02437877 0.006382882 0.03391176 -0.02741092 6.75959e-4 0.02576285 -0.02371102 0.006422758 0.02532631 -0.02476984 0.005189418 0.03148746 -0.02557468 0.00191158 0.03306484 -0.02662467 5.69526e-4 0.03042846 -0.02535033 0.001748919 0.03207129 -0.02608054 4.57943e-4 0.02938467 -0.02536725 0.00163573 0.03100085 -0.02579534 3.48747e-4 0.02832216 -0.02562373 0.001563072 0.02992039 -0.02576994 2.48684e-4 0.02738767 -0.02608001 0.001535475 0.02657788 -0.02671301 0.001547455 0.02880561 -0.02601188 1.56041e-4 0.02782595 -0.02648711 8.50529e-5 0.02391856 -0.02540534 0.007101476 0.02411538 -0.02550107 0.006378233 0.02358818 -0.0262171 0.007083117 0.02377712 -0.02629756 0.006402909 0.02341336 -0.02705872 0.007080376 0.02358853 -0.02712815 0.006447553 0.02338975 -0.02790385 0.007092475 0.02354884 -0.02796751 0.006510913 0.02352815 -0.02879035 0.007121086 0.02367115 -0.02885442 0.00659877 0.02390807 -0.02979594 0.007175862 0.02403765 -0.02986592 0.006728649 0.02573806 -0.02778589 0.001624166 0.02464371 -0.03084647 0.007267653 0.02537721 -0.0285592 0.001708984 0.02477103 -0.03092241 0.00691086 0.02516055 -0.02937704 0.001821577 0.02586519 -0.03179109 0.007408082 0.0250954 -0.03021323 0.001960635 0.02600228 -0.03185921 0.007146835 0.02520114 -0.03110522 0.002137839 0.02724421 -0.03226935 0.00755757 0.0273872 -0.03231096 0.007357716 0.02831488 -0.03233301 0.007668137 0.02556592 -0.03212291 0.002377927 0.02845126 -0.0323525 0.007490098 0.02575343 -0.03169387 8.66644e-5 0.02930629 -0.03216892 0.007766067 0.02632147 -0.03316551 0.002676188 0.02942842 -0.03217273 0.00759077 0.02613401 -0.03270262 1.57334e-4 0.03018844 -0.03187495 0.007654666 0.02757984 -0.03405088 0.003001809 0.02687364 -0.03375446 2.62977e-4 0.03109848 -0.0312888 0.00771147 0.02895587 -0.03444224 0.003234088 0.03185874 -0.03051102 0.007735669 0.02810108 -0.03469592 4.10317e-4 0.02999269 -0.03445661 0.003352344 0.0294829 -0.03516775 5.5514e-4 0.03093719 -0.03427177 0.003424167 0.03167301 -0.03398442 0.00345689 0.03055298 -0.03522729 6.55581e-4 0.03256237 -0.03342819 0.003464698 0.03154253 -0.03506118 7.39725e-4 0.03231561 -0.0347687 7.98991e-4 0.03324282 -0.03417998 8.60832e-4 -0.03261727 -0.02783322 0 -0.03261727 -0.02783322 -0.001999974 -0.03324925 -0.02798897 -0.001999974 -0.03196638 -0.02783322 0 -0.0349918 -0.03051352 0 -0.0349918 -0.03051352 -0.001999974 -0.03491336 -0.03115969 -0.001999974 -0.03324925 -0.02798897 0 -0.03382557 -0.02829146 -0.001999974 -0.03491336 -0.03115969 0 -0.03468257 -0.03176826 -0.001999974 -0.03382557 -0.02829146 0 -0.03431278 -0.02872306 -0.001999974 -0.03468257 -0.03176826 0 -0.03431278 -0.03230392 -0.001999974 -0.03431278 -0.02872306 0 -0.03468257 -0.02925878 -0.001999974 -0.03431278 -0.03230392 0 -0.03382557 -0.03273558 -0.001999974 -0.03468257 -0.02925878 0 -0.03491336 -0.02986735 -0.001999974 -0.03491336 -0.02986735 0 -0.03382557 -0.03273558 0 -0.03324925 -0.03303807 -0.001999974 -0.03324925 -0.03303807 0 -0.03261727 -0.03319382 -0.001999974 -0.03261727 -0.03319382 0 -0.03196638 -0.03319382 -0.001999974 -0.03196638 -0.03319382 0 -0.0313344 -0.03303807 -0.001999974 -0.0313344 -0.03303807 0 -0.03075808 -0.03273558 -0.001999974 -0.03075808 -0.03273558 0 -0.03027087 -0.03230392 -0.001999974 -0.03027087 -0.03230392 0 -0.02990108 -0.03176826 -0.001999974 -0.02990108 -0.03176826 0 -0.02967029 -0.03115969 -0.001999974 -0.02967029 -0.03115969 0 -0.02959179 -0.03051352 -0.001999974 -0.02959179 -0.03051352 0 -0.02967029 -0.02986735 -0.001999974 -0.02967029 -0.02986735 0 -0.02990108 -0.02925878 -0.001999974 -0.02990108 -0.02925878 0 -0.03027087 -0.02872306 -0.001999974 -0.03027087 -0.02872306 0 -0.03075808 -0.02829146 -0.001999974 -0.03075808 -0.02829146 0 -0.0313344 -0.02798897 -0.001999974 -0.0313344 -0.02798897 0 -0.03196638 -0.02783322 -0.001999974 -0.02805143 -0.03271245 0 -0.02866536 -0.03360903 0 -0.03490138 -0.02652966 0 -0.03392684 -0.02604836 0 -0.02765655 -0.03170013 0 -0.03621697 -0.03322315 0 -0.0354979 -0.0340358 0 -0.03461217 -0.03466606 0 -0.03673398 -0.03226691 0 -0.03360795 -0.03507995 0 -0.03286933 -0.0257982 0 -0.02750241 -0.03062593 0 -0.03701955 -0.03121995 0 -0.03178042 -0.02579027 0 -0.03253638 -0.03525733 0 -0.02759796 -0.02954328 0 -0.03705894 -0.03013437 0 -0.03071713 -0.02602493 0 -0.02793854 -0.02851337 0 -0.03145128 -0.03518927 0 -0.03684931 -0.02906847 0 -0.0297358 -0.02648973 0 -0.02835214 -0.0277965 0 -0.02888333 -0.02716457 0 -0.03041094 -0.03487974 0 -0.0364024 -0.0280798 0 -0.02946501 -0.03434336 0 -0.03574049 -0.02721762 0 -0.03628075 -0.03318607 -0.001999974 -0.03589159 -0.03367424 -0.001999974 -0.03570145 -0.03387159 -0.001999974 -0.03552424 -0.03403681 -0.001999974 -0.03512251 -0.03435629 -0.001999974 -0.03501385 -0.03443145 -0.001999974 -0.03438931 -0.03478705 -0.001999974 -0.03684568 -0.0320968 -0.001999974 -0.03672742 -0.03239083 -0.001999974 -0.03664547 -0.03256666 -0.001999974 -0.03639757 -0.03300988 -0.001999974 -0.03424805 -0.03485149 -0.001999974 -0.03390318 -0.03498697 -0.001999974 -0.03360247 -0.03508156 -0.001999974 -0.03340125 -0.03513336 -0.001999974 -0.03705942 -0.03129863 -0.001999974 -0.03701645 -0.03151351 -0.001999974 -0.03293597 -0.03521966 -0.001999974 -0.03220081 -0.03526711 -0.001999974 -0.03705406 -0.02963227 -0.001999974 -0.03712707 -0.03028911 -0.001999974 -0.03712981 -0.03058117 -0.001999974 -0.03712022 -0.03079712 -0.001999974 -0.03185003 -0.03525245 -0.001999974 -0.03147423 -0.03520983 -0.001999974 -0.03678303 -0.02870291 -0.001999974 -0.03688836 -0.02898752 -0.001999974 -0.03702229 -0.02947378 -0.001999974 -0.03080022 -0.03506046 -0.001999974 -0.03062027 -0.03500372 -0.001999974 -0.03011584 -0.03480315 -0.001999974 -0.03629606 -0.02780228 -0.001999974 -0.03631967 -0.02783674 -0.001999974 -0.03670203 -0.02851569 -0.001999974 -0.02983176 -0.03466057 -0.001999974 -0.0296393 -0.03455036 -0.001999974 -0.02898216 -0.03407502 -0.001999974 -0.03598678 -0.02740228 -0.001999974 -0.03567498 -0.02707421 -0.001999974 -0.03563427 -0.02703577 -0.001999974 -0.02895933 -0.03405529 -0.001999974 -0.02858674 -0.03369325 -0.001999974 -0.0282883 -0.0333358 -0.001999974 -0.02825784 -0.03329491 -0.001999974 -0.03498601 -0.02652877 -0.001999974 -0.03487008 -0.02645576 -0.001999974 -0.03454113 -0.02627265 -0.001999974 -0.02783572 -0.03260409 -0.001999974 -0.02777624 -0.03247976 -0.001999974 -0.03406852 -0.02606511 -0.001999974 -0.03393739 -0.02601808 -0.001999974 -0.02763783 -0.03214478 -0.001999974 -0.02749156 -0.03166937 -0.001999974 -0.0332632 -0.02584064 -0.001999974 -0.02746331 -0.03154921 -0.001999974 -0.03284084 -0.02578103 -0.001999974 -0.02736675 -0.03087979 -0.001999974 -0.03239732 -0.02575814 -0.001999974 -0.02735584 -0.03059029 -0.001999974 -0.02735912 -0.03038597 -0.001999974 -0.03164768 -0.02580738 -0.001999974 -0.02740424 -0.02989673 -0.001999974 -0.03130298 -0.02586656 -0.001999974 -0.02744853 -0.02964323 -0.001999974 -0.02754986 -0.02923965 -0.001999974 -0.03059446 -0.02606701 -0.001999974 -0.02768671 -0.0288468 -0.001999974 -0.03035372 -0.02616125 -0.001999974 -0.02772617 -0.02875095 -0.001999974 -0.02785664 -0.02846986 -0.001999974 -0.02987468 -0.02639293 -0.001999974 -0.02961879 -0.02654373 -0.001999974 -0.02816814 -0.02794075 -0.001999974 -0.02942001 -0.02667552 -0.001999974 -0.02820724 -0.027884 -0.001999974 -0.02846705 -0.02754569 -0.001999974 -0.02875608 -0.02723097 -0.001999974 -0.0338574 -0.03033989 0.009269952 -0.0319674 -0.0294159 0.009269952 -0.03380125 -0.03041696 0.009269952 -0.03347951 -0.03080326 0.009269952 -0.03319692 -0.03108257 0.009269952 -0.033113 -0.03115689 0.009269952 -0.03147065 -0.02985495 0.009269952 -0.03244847 -0.03163737 0.009269952 -0.0323767 -0.03167945 0.009269952 -0.03199023 -0.03187942 0.009269952 -0.03442561 -0.02927148 0.009269952 -0.03234463 -0.0288707 0.009269952 -0.03433775 -0.02948927 0.009269952 -0.03421986 -0.02974063 0.009269952 -0.03088331 -0.03016239 0.009269952 -0.0315029 -0.03207391 0.009269952 -0.03143155 -0.03209757 0.009269952 -0.03470784 -0.0279985 0.009269952 -0.03258037 -0.02825111 0.009269952 -0.03464609 -0.02847242 0.009269952 -0.03457701 -0.0287885 0.009269952 -0.03023946 -0.03032028 0.009269952 -0.03056269 -0.0322954 0.009269952 -0.03038716 -0.03231608 0.009269952 -0.02980822 -0.03233921 0.009269952 -0.03266102 -0.02759307 0.009269952 -0.03467619 -0.02696657 0.009269952 -0.03471231 -0.02731651 0.009269952 -0.03472018 -0.02747869 0.009269952 -0.02957653 -0.03031957 0.009269952 -0.02943521 -0.03231739 0.009269952 -0.02916693 -0.03228372 0.009269952 -0.02870482 -0.03218919 0.009269952 -0.03430682 -0.02568376 0.009269952 -0.03258186 -0.02693486 0.009269952 -0.03449457 -0.02617412 0.009269952 -0.03450387 -0.02620345 0.009269952 -0.02893298 -0.03016018 0.009269952 -0.02865821 -0.03217697 0.009269952 -0.02794212 -0.03192383 0.009269952 -0.02788436 -0.03189772 0.009269952 -0.03405112 -0.02519083 0.009269952 -0.03234744 -0.02631473 0.009269952 -0.03406959 -0.02522224 0.009269952 -0.02834635 -0.02985143 0.009269952 -0.02742457 -0.03165465 0.009269952 -0.02714091 -0.03147053 0.009269952 -0.02698886 -0.03135949 0.009269952 -0.03359627 -0.02455157 0.009269952 -0.03197145 -0.02576869 0.009269952 -0.03339254 -0.02432471 0.009269952 -0.03323507 -0.02416759 0.009269952 -0.02785056 -0.02941131 0.009269952 -0.02642935 -0.03085958 0.009269952 -0.02638512 -0.03081268 0.009269952 -0.03147572 -0.02532851 0.009269952 -0.03283888 -0.02382928 0.009269952 -0.02605539 -0.03041714 0.009269952 -0.02747458 -0.02886527 0.009269952 -0.03257566 -0.02364176 0.009269952 -0.02584338 -0.03010803 0.009269952 -0.02576732 -0.02998292 0.009269952 -0.03214377 -0.02338671 0.009269952 -0.03088909 -0.02501976 0.009269952 -0.03166365 -0.0231685 0.009269952 -0.03164601 -0.02316164 0.009269952 -0.02541941 -0.02925348 0.009269952 -0.02724021 -0.02824515 0.009269952 -0.02541321 -0.02923685 0.009269952 -0.03116852 -0.02300578 0.009269952 -0.03024554 -0.02486044 0.009269952 -0.02526593 -0.02876615 0.009269952 -0.03065621 -0.02289712 0.009269952 -0.02516812 -0.02827906 0.009269952 -0.02516525 -0.02825903 0.009269952 -0.02716106 -0.02758693 0.009269952 -0.03035718 -0.0228601 0.009269952 -0.02512067 -0.02745336 0.009269952 -0.02512967 -0.02727198 0.009269952 -0.02954429 -0.02285414 0.009269952 -0.02958261 -0.02485966 0.009269952 -0.02942061 -0.02286535 0.009269952 -0.02516376 -0.02694505 0.009269952 -0.0272417 -0.0269289 0.009269952 -0.02895539 -0.02293652 0.009269952 -0.02893871 -0.02501761 0.009269952 -0.02526313 -0.02643847 0.009269952 -0.025312 -0.02626031 0.009269952 -0.02839279 -0.02308654 0.009269952 -0.0254603 -0.02583456 0.009269952 -0.02747744 -0.02630931 0.009269952 -0.02805787 -0.02321189 0.009269952 -0.02758407 -0.02344053 0.009269952 -0.02835136 -0.02532505 0.009269952 -0.02572232 -0.0252878 0.009269952 -0.02573794 -0.02526015 0.009269952 -0.02737492 -0.02356296 0.009269952 -0.02714312 -0.02371603 0.009269952 -0.02785468 -0.0257641 0.009269952 -0.02608186 -0.0247389 0.009269952 -0.02609145 -0.02472633 0.009269952 -0.02651339 -0.02424466 0.009269952 -0.02893298 -0.03016018 0.007769942 -0.02834635 -0.02985143 0.007769942 -0.02957653 -0.03031957 0.007769942 -0.03258186 -0.02693486 0.007769942 -0.03266102 -0.02759307 0.007769942 -0.03023946 -0.03032028 0.007769942 -0.03234744 -0.02631473 0.007769942 -0.03088331 -0.03016239 0.007769942 -0.03197145 -0.02576869 0.007769942 -0.03147065 -0.02985495 0.007769942 -0.03147572 -0.02532851 0.007769942 -0.0319674 -0.0294159 0.007769942 -0.03088909 -0.02501976 0.007769942 -0.03234463 -0.0288707 0.007769942 -0.03258037 -0.02825111 0.007769942 -0.03024554 -0.02486044 0.007769942 -0.02958261 -0.02485966 0.007769942 -0.02893871 -0.02501761 0.007769942 -0.02835136 -0.02532505 0.007769942 -0.02785468 -0.0257641 0.007769942 -0.02747744 -0.02630931 0.007769942 -0.0272417 -0.0269289 0.007769942 -0.02716106 -0.02758693 0.007769942 -0.02724021 -0.02824515 0.007769942 -0.02747458 -0.02886527 0.007769942 -0.02785056 -0.02941131 0.007769942 -0.02552586 -0.02951312 0.007769942 -0.02591836 -0.03022348 0.007769942 -0.0316978 -0.02318197 0.007769942 -0.03270626 -0.02373141 0.007769942 -0.0252583 -0.02873593 0.007769942 -0.03373372 -0.03050535 0.007769942 -0.03296136 -0.0312826 0.007769942 -0.03201091 -0.03186976 0.007769942 -0.03429287 -0.02958959 0.007769942 -0.03118807 -0.03216946 0.007769942 -0.03061348 -0.02289068 0.007769942 -0.02512884 -0.02790898 0.007769942 -0.03462266 -0.02859199 0.007769942 -0.03030467 -0.03232365 0.007769942 -0.02951735 -0.02285635 0.007769942 -0.02514904 -0.02706074 0.007769942 -0.03460103 -0.02656096 0.007769942 -0.03472208 -0.02756458 0.007769942 -0.02532577 -0.02621459 0.007769942 -0.02916288 -0.03228318 0.007769942 -0.02837675 -0.02309197 0.007769942 -0.03423088 -0.02552211 0.007769942 -0.02566266 -0.02539759 0.007769942 -0.02736794 -0.02356731 0.007769942 -0.02836096 -0.03208726 0.007769942 -0.02604436 -0.02478903 0.007769942 -0.0276587 -0.03178638 0.007769942 -0.02651339 -0.02424466 0.007769942 -0.02700376 -0.03137081 0.007769942 -0.03357112 -0.02452194 0.007769942 -0.02641671 -0.03084629 0.007769942 -0.02651339 -0.02424466 0.01076996 -0.02737492 -0.02356296 0.01076996 -0.02839279 -0.02308654 0.01076996 -0.02954429 -0.02285414 0.01076996 -0.03065621 -0.02289712 0.01076996 -0.03164601 -0.02316164 0.01076996 -0.03257566 -0.02364176 0.01076996 -0.03339254 -0.02432471 0.01076996 -0.03405112 -0.02519083 0.01076996 -0.03450387 -0.02620345 0.01076996 -0.03471231 -0.02731651 0.01076996 -0.03464609 -0.02847242 0.01076996 -0.03433775 -0.02948927 0.01076996 -0.0338574 -0.03033989 0.01076996 -0.03319692 -0.03108257 0.01076996 -0.0323767 -0.03167945 0.01076996 -0.03143155 -0.03209757 0.01076996 -0.03038716 -0.03231608 0.01076996 -0.02943521 -0.03231739 0.01076996 -0.02870482 -0.03218919 0.01076996 -0.02794212 -0.03192383 0.01076996 -0.02714091 -0.03147053 0.01076996 -0.02642935 -0.03085958 0.01076996 -0.02584338 -0.03010803 0.01076996 -0.02541321 -0.02923685 0.01076996 -0.02516812 -0.02827906 0.01076996 -0.02512967 -0.02727198 0.01076996 -0.025312 -0.02626031 0.01076996 -0.02572232 -0.0252878 0.01076996 -0.02608186 -0.0247389 0.01076996 -0.02875608 -0.02723097 -0.003499984 -0.02830755 -0.02774602 -0.003499984 -0.0280689 -0.02809309 -0.003499984 -0.02806609 -0.02809756 -0.003499984 -0.02785664 -0.02846986 -0.003499984 -0.02760046 -0.02908068 -0.003499984 -0.02759599 -0.02909409 -0.003499984 -0.02748435 -0.02948224 -0.003499984 -0.02740424 -0.02989673 -0.003499984 -0.02737009 -0.03020006 -0.003499984 -0.02735728 -0.03068196 -0.003499984 -0.02739709 -0.03117662 -0.003499984 -0.02740502 -0.03123235 -0.003499984 -0.02749156 -0.03166937 -0.003499984 -0.02763986 -0.03215032 -0.003499984 -0.02775043 -0.03242254 -0.003499984 -0.02797895 -0.03287017 -0.003499984 -0.02806442 -0.03301143 -0.003499984 -0.02825784 -0.03329491 -0.003499984 -0.02866911 -0.03378021 -0.003499984 -0.02880525 -0.03391504 -0.003499984 -0.02920269 -0.03425365 -0.003499984 -0.02942973 -0.03441661 -0.003499984 -0.0296393 -0.03455036 -0.003499984 -0.03032064 -0.03489232 -0.003499984 -0.03041547 -0.03492993 -0.003499984 -0.03093445 -0.03509795 -0.003499984 -0.03130364 -0.03518104 -0.003499984 -0.03147423 -0.03520983 -0.003499984 -0.03232687 -0.03526651 -0.003499984 -0.03234469 -0.03526622 -0.003499984 -0.03286552 -0.03522896 -0.003499984 -0.03339743 -0.03513419 -0.003499984 -0.03340125 -0.03513336 -0.003499984 -0.03419709 -0.03487342 -0.003499984 -0.03441059 -0.03477692 -0.003499984 -0.03467148 -0.0346415 -0.003499984 -0.03512251 -0.03435629 -0.003499984 -0.03533571 -0.03419542 -0.003499984 -0.03574907 -0.03382426 -0.003499984 -0.03609383 -0.03343695 -0.003499984 -0.03611719 -0.03340739 -0.003499984 -0.03639757 -0.03300988 -0.003499984 -0.03670507 -0.03244066 -0.003499984 -0.03677153 -0.03228771 -0.003499984 -0.0369417 -0.0318036 -0.003499984 -0.03705126 -0.03134351 -0.003499984 -0.03705942 -0.03129863 -0.003499984 -0.03713089 -0.03049284 -0.003499984 -0.03712093 -0.03017312 -0.003499984 -0.03710466 -0.02998304 -0.003499984 -0.03702229 -0.02947378 -0.003499984 -0.03692883 -0.02911466 -0.003499984 -0.03678286 -0.02870237 -0.003499984 -0.0365653 -0.02824145 -0.003499984 -0.03654742 -0.02820873 -0.003499984 -0.03629606 -0.02780228 -0.003499984 -0.0359745 -0.02738815 -0.003499984 -0.03578031 -0.0271781 -0.003499984 -0.03540295 -0.02683353 -0.003499984 -0.03522986 -0.02669847 -0.003499984 -0.03498601 -0.02652877 -0.003499984 -0.03433811 -0.02617597 -0.003499984 -0.03426069 -0.02614217 -0.003499984 -0.03377306 -0.02596503 -0.003499984 -0.03333878 -0.02585542 -0.003499984 -0.0332632 -0.02584064 -0.003499984 -0.03252178 -0.02576059 -0.003499984 -0.03234016 -0.02575808 -0.003499984 -0.03185921 -0.0257824 -0.003499984 -0.03150004 -0.02582979 -0.003499984 -0.03130298 -0.02586656 -0.003499984 -0.0306012 -0.02606463 -0.003499984 -0.03035372 -0.02616125 -0.003499984 -0.02964788 -0.02652555 -0.003499984 -0.02959865 -0.02655649 -0.003499984 -0.02918404 -0.02685087 -0.003499984 -0.02916109 -0.02686911 -0.003499984 -0.03615617 -0.03084909 0.003240227 -0.03430438 -0.02959913 0.007727086 -0.03464567 -0.02861124 0.007687568 -0.035784 -0.03181356 0.003356575 -0.02656847 -0.02424013 0.007502675 -0.03285139 -0.02378743 0.00706005 -0.03369951 -0.02457374 0.007234811 -0.03646212 -0.0324608 9.17877e-4 -0.03589916 -0.03338998 9.01154e-4 -0.03520548 -0.03268927 0.003431379 -0.0363093 -0.02984285 0.00308454 -0.03476583 -0.02759683 0.007619798 -0.0317164 -0.02318316 0.007659435 -0.03185355 -0.02325302 0.006888747 -0.03623652 -0.0288462 0.002894043 -0.03467136 -0.02660411 0.007526934 -0.03679561 -0.03145676 9.11749e-4 -0.03064745 -0.02289295 0.007544875 -0.0307821 -0.02298468 0.006733238 -0.03690135 -0.03043121 8.84713e-4 -0.0287075 -0.02705067 6.76837e-4 -0.03590202 -0.0278061 0.002654433 -0.03433239 -0.02557128 0.007398962 -0.0295661 -0.02286368 0.007433831 -0.03679066 -0.02943456 8.39232e-4 -0.02970898 -0.02297729 0.006603121 -0.03525161 -0.0268175 0.002380132 -0.02844911 -0.02310389 0.007324635 -0.03643673 -0.02840387 7.70265e-4 -0.02860939 -0.02323311 0.00649482 -0.03437858 -0.02606278 0.002124667 -0.02746808 -0.02358037 0.007234454 -0.0268259 -0.02437877 0.006382882 -0.0357964 -0.02741092 6.75959e-4 -0.02764743 -0.02371102 0.006422758 -0.02721095 -0.02476984 0.005189418 -0.03337204 -0.02557468 0.00191158 -0.03494948 -0.02662467 5.69526e-4 -0.0323131 -0.02535033 0.001748919 -0.03395593 -0.02608054 4.57943e-4 -0.03126931 -0.02536725 0.00163573 -0.03288549 -0.02579534 3.48747e-4 -0.03020673 -0.02562373 0.001563072 -0.03180503 -0.02576994 2.48684e-4 -0.02927231 -0.02608001 0.001535475 -0.02846252 -0.02671301 0.001547455 -0.03069019 -0.02601188 1.56041e-4 -0.02971059 -0.02648711 8.50529e-5 -0.02580314 -0.02540534 0.007101476 -0.02599996 -0.02550107 0.006378233 -0.02547281 -0.0262171 0.007083117 -0.02566176 -0.02629756 0.006402909 -0.02529793 -0.02705872 0.007080376 -0.02547311 -0.02712815 0.006447553 -0.02527433 -0.02790385 0.007092475 -0.02543342 -0.02796751 0.006510913 -0.02541273 -0.02879035 0.007121086 -0.02555578 -0.02885442 0.00659877 -0.02579265 -0.02979594 0.007175862 -0.02592229 -0.02986592 0.006728649 -0.02762264 -0.02778589 0.001624166 -0.02652835 -0.03084647 0.007267653 -0.02726179 -0.0285592 0.001708984 -0.02665567 -0.03092241 0.00691086 -0.02704519 -0.02937704 0.001821577 -0.02774977 -0.03179109 0.007408082 -0.02697998 -0.03021323 0.001960635 -0.02788686 -0.03185921 0.007146835 -0.02708572 -0.03110522 0.002137839 -0.02912878 -0.03226935 0.00755757 -0.02927184 -0.03231096 0.007357716 -0.03019946 -0.03233301 0.007668137 -0.0274505 -0.03212291 0.002377927 -0.03033584 -0.0323525 0.007490098 -0.02763801 -0.03169387 8.66644e-5 -0.03119087 -0.03216892 0.007766067 -0.02820605 -0.03316551 0.002676188 -0.03131306 -0.03217273 0.00759077 -0.02801859 -0.03270262 1.57334e-4 -0.03207308 -0.03187495 0.007654666 -0.02946448 -0.03405088 0.003001809 -0.02875828 -0.03375446 2.62977e-4 -0.03298306 -0.0312888 0.00771147 -0.03084051 -0.03444224 0.003234088 -0.03374332 -0.03051102 0.007735669 -0.02998572 -0.03469592 4.10317e-4 -0.03187733 -0.03445661 0.003352344 -0.03136754 -0.03516775 5.5514e-4 -0.03282183 -0.03427177 0.003424167 -0.03355765 -0.03398442 0.00345689 -0.03243762 -0.03522729 6.55581e-4 -0.03444695 -0.03342819 0.003464698 -0.03342711 -0.03506118 7.39725e-4 -0.03420019 -0.0347687 7.98991e-4 -0.03512746 -0.03417998 8.60832e-4</float_array>
          <technique_common>
            <accessor source="#FMURubber-mesh-positions-array" count="2076" stride="3">
              <param name="X" type="float" />
              <param name="Y" type="float" />
              <param name="Z" type="float" />
            </accessor>
          </technique_common>
        </source>
        <source id="FMURubber-mesh-normals">
          <float_array id="FMURubber-mesh-normals-array" count="9801">0.2403917 -0.970676 0 0.001121699 -0.9999995 0 0.9925739 0.1216431 0 0.4657083 -0.8849384 0 0.9346203 0.3556472 0 0.6639572 -0.7477706 0 0.9925726 0.121654 0 0.8223444 0.5689901 0 0.8236229 -0.567138 0 0.6639628 -0.7477657 0 0.6622909 0.7492468 0 0.9354161 -0.3535489 0 0.8223497 0.5689826 0 0.8236176 -0.5671455 0 0.9928427 -0.1194294 0 0.9354087 -0.3535685 0 0.4637461 0.8859683 0 0.6622853 0.7492518 0 0.9928401 -0.1194514 0 0.2382274 0.9712094 0 0.4637369 0.885973 0 -0.001104533 0.9999995 0 0.2382249 0.9712101 0 -0.2404078 0.970672 0 -0.001104593 0.9999994 0 -0.4657128 0.8849359 0 -0.2404052 0.9706726 0 -0.6639628 0.7477657 0 -0.4657152 0.8849347 0 -0.8236116 0.5671544 0 -0.66396 0.7477681 0 -0.8236141 0.5671506 0 -0.9354106 0.3535634 0 -0.9928415 0.11944 0 -0.9928429 0.1194291 0 -0.9925735 -0.1216472 0 -0.9346207 -0.3556461 0 -0.8223517 -0.5689796 0 -0.9346188 -0.3556509 0 -0.6622825 -0.7492542 0 -0.463728 -0.8859778 0 -0.2382448 -0.9712051 0 -0.4637303 -0.8859765 0 0.001121759 -0.9999994 0 -0.2382423 -0.9712058 0 0 0 -1 0 0 -1 0 0 -1 0 0 -1 0 0 -1 0 0 -1 0 0 -1 0 0 -1 0 0 -1 0 0 -1 0 0 -1 0 0 -1 0 0 -1 0 0 -1 0 0 -1 0 0 -1 0 0 -1 0 0 -1 0 0 -1 0 0 -1 0 0 -1 0 0 -1 0 0 -1 0 0 -1 0 0 -1 0 0 -1 0 0 -1 0 0 -1 0 0 -1 0 0 -1 0 0 -1 0 0 -1 0 0 -1 0 0 -1 0 0 -1 0 0 -1 0 0 -1 0 0 -1 0 0 -1 0 0 -1 0 0 -1 0 0 -1 0 0 -1 0 0 -1 0 0 -1 0 0 -1 0 0 -1 0 0 -1 0 0 -1 0 0 -1 0 0 -1 0 0 -1 0 0 -1 0 0 -1 0 0 1 -4.96775e-7 0 1 4.48252e-7 0 1 0 0 1 1.53457e-7 0 1 -1.68466e-7 0 1 3.19359e-7 0 1 -1.64723e-7 0 1 2.65982e-7 0 1 0 0 1 0 0 1 -1.21685e-7 0 1 -1.41687e-7 0 1 1.22931e-7 0 1 0 0 1 -5.49714e-7 0 1 5.6588e-7 0 1 -1.73633e-7 0 1 1.63933e-7 0 1 -2.75766e-7 0 1 0 0 1 3.15966e-6 0 1 -1.37364e-7 0 1 2.59383e-7 0 1 0 0 1 6.61574e-7 0 1 -2.63724e-7 0 1 0 0 1 3.20447e-7 0 1 -6.47091e-7 0 1 -1.57512e-7 0 1 -2.62717e-7 0 1 5.71959e-7 0 1 -7.41928e-7 0 1 1.55275e-7 0 1 -4.09557e-7 0 1 -5.43406e-7 0 1 1.55046e-7 0 1 4.95494e-7 0 1 0 0 1 0 0 1 -2.5335e-7 0 1 0 0 1 0 0 1 -2.47423e-7 0 1 -1.71287e-7 0 1 0 0 1 2.48189e-7 0 1 -9.21082e-6 0 -1 0 0 -1 1.32989e-6 0 -1 -4.10432e-6 0 -1 2.40743e-5 0 -1 4.58151e-7 0 -1 -6.57209e-7 0 -1 -2.73003e-6 0 -1 -4.25381e-7 0 -1 -1.44042e-5 0 -1 2.14121e-7 0 -1 6.60968e-7 0 -1 3.73267e-5 0 -1 -2.40327e-6 0 -1 2.84835e-5 0 -1 6.67292e-7 0 -1 2.95048e-6 0 -1 4.34999e-7 0 -1 1.3096e-6 0 -1 -1.33904e-6 0 -1 1.18457e-6 0 -1 -9.59417e-5 0 -1 -5.5653e-7 0 -1 -3.33031e-7 0 -1 7.00951e-6 0 -1 -9.04086e-7 0 -1 -6.8335e-7 0 -1 0 0 -1 -2.73629e-6 0 -1 1.46428e-5 0 -1 -3.87331e-6 0 -1 2.72035e-6 0 -1 -1.20824e-6 0 -1 -3.11381e-6 0 -1 5.08694e-6 0 -1 -1.72089e-6 0 -1 -7.4104e-7 0 -1 8.81994e-7 0 -1 3.26073e-6 0 -1 3.75489e-5 0 -1 -7.06603e-7 0 -1 -0.466697 0.8844172 0 -0.2414776 0.9704065 0 -0.2414812 0.9704056 0 0.9929738 -0.1183344 0 0.992973 -0.1183417 0 -0.002233624 0.9999975 0 -0.002233624 0.9999975 0 0.9358105 -0.3525036 0 0.2371521 0.9714725 0 0.9358081 -0.35251 0 0.2371519 0.9714726 0 0.8242489 -0.5662279 0 0.4627488 0.8864895 0 0.8242417 -0.5662383 0 0.4627456 0.8864912 0 0.6647927 -0.7470279 0 0.661455 0.7499849 0 0.6614548 0.7499851 0 0.466701 -0.8844152 0 0.8217157 0.5698977 0 0.466704 -0.8844137 0 0.8217122 0.5699027 0 0.9342219 0.3566926 0 0.2414821 -0.9704053 0 0.9924365 0.1227596 0 0.2414819 -0.9704053 0 0.9924374 0.1227524 0 0.002216756 -0.9999976 0 0.002216756 -0.9999976 0 -0.2371345 -0.9714769 0 -0.2371362 -0.9714765 0 -0.4627488 -0.8864895 0 -0.4627485 -0.8864897 0 -0.6614493 -0.7499899 0 -0.661449 -0.7499902 0 -0.8217089 -0.5699076 0 -0.8217157 -0.5698977 0 -0.9342284 -0.3566753 0 -0.9924362 -0.1227616 0 -0.9924371 -0.1227545 0 -0.9929749 0.1183252 0 -0.9929758 0.118318 0 -0.935806 0.3525155 0 -0.935806 0.3525158 0 -0.8242507 0.5662252 0 -0.8242541 0.5662202 0 -0.6647796 0.7470396 0 -0.6647869 0.7470331 0 1.11006e-6 0 1 -7.95451e-7 0 1 1.36985e-6 0 1 4.07436e-7 0 1 1.33394e-6 0 1 -8.16309e-7 0 1 5.21827e-7 0 1 1.54306e-6 0 1 2.67095e-7 0 1 -6.60656e-7 0 1 -2.55515e-7 0 1 -9.24238e-7 0 1 -2.6482e-7 0 1 -6.70954e-7 0 1 3.90378e-7 0 1 -4.27795e-7 0 1 2.73931e-6 0 1 3.4227e-7 0 1 -8.13464e-7 0 1 0 0 1 -6.81392e-7 0 1 -6.26146e-7 0 1 -1.37189e-7 0 1 2.98101e-7 0 1 3.38444e-7 0 1 6.30396e-7 0 1 -8.78483e-7 0 1 1.35325e-6 0 1 -5.70392e-7 0 1 -6.68545e-7 0 1 -0.6420876 -0.7666314 0 -0.5501109 -0.8350916 0 -0.5041086 -0.8636403 0 -0.4336173 -0.9010051 0.01287895 -0.6195595 -0.7847895 0.01585972 -0.3494145 -0.9369683 0 -0.2566487 -0.9665048 0 -0.4228104 -0.9060196 0.01897192 -0.1500663 -0.9886628 0.005091845 -0.0889815 -0.9960334 0 0.008399784 -0.9999648 0 -0.1966882 -0.9801759 0.02385777 0.1240463 -0.9922764 0 0.2085226 -0.9780176 0 0.03972148 -0.9990666 0.01698017 0.3114469 -0.9502636 0 0.3624256 -0.9320128 0 0.4147383 -0.9099406 7.12802e-4 0.2592349 -0.9656425 0.01821863 0.5094207 -0.8605177 0 0.5811663 -0.8137848 0 0.4597249 -0.8878591 0.01895689 0.650255 -0.7596299 0.01145166 0.7070063 -0.7072073 0 0.7447133 -0.6673846 0 0.6422017 -0.7663551 0.01664179 0.8154747 -0.5787928 0 0.8618435 -0.5071744 0 0.8899181 -0.4561183 0.001407861 0.7966022 -0.6042764 0.01658797 0.9343 -0.356486 0.001188158 0.9534379 -0.3015897 0 0.9756748 -0.2192232 0 0.9131459 -0.4070658 0.02149391 0.99484 -0.1014567 0 0.9988779 -0.04736107 0 0.9996613 0.02483075 0.007807552 0.9829357 -0.1829352 0.01929521 0.991466 0.1303659 0 0.9767326 0.2144607 0 0.9980334 0.05829954 0.02303576 0.9537866 0.3002269 0.01244515 0.9269579 0.3751655 0 0.9048869 0.4256523 0 0.95651 0.2911978 0.01710325 0.8550931 0.5184745 0 0.8074296 0.5899641 0 0.7677167 0.6407765 0.00409311 0.8701243 0.4926348 0.01395845 0.7464001 0.6652795 0.01703411 0.7021719 0.7120075 0 0.6623032 0.7492359 0 0.5875072 0.8091874 0.007158756 0.584953 0.8110502 0.005255639 0.5054057 0.8628818 0 0.458535 0.8886764 0 0.4034388 0.9148358 0.0176835 0.3696507 0.9291659 0.0030092 0.3131219 0.9497129 0 0.2209251 0.9752908 0 0.2037 0.9789775 0.01046478 0.1159542 0.9932547 0 0.03879439 0.9992472 0 2.93465e-4 0.9998896 0.01486641 -0.05941045 0.9982337 0 -0.125701 0.9920682 0 -0.2015603 0.9794762 0 -0.1740283 0.9847013 0.008810937 -0.2541824 0.9671564 0 -0.3295969 0.9441183 0.002538025 -0.3343175 0.9424605 0 -0.4136014 0.9104582 0 -0.4682356 0.8835999 0.002574145 -0.5454635 0.8381347 0 -0.5907161 0.8068795 0 -0.4933542 0.8697202 0.01372838 -0.667099 0.7449691 0 -0.728334 0.6852224 0 -0.7687842 0.639503 0.002620995 -0.6522523 0.7579378 0.009861946 -0.8253247 0.5646587 0 -0.8551841 0.5183244 0 -0.7892141 0.6139287 0.01525884 -0.9030643 0.4295043 0.001029312 -0.9370642 0.3491575 0 -0.9547025 0.2975621 0 -0.8971144 0.4417164 0.008513569 -0.9806619 0.1957094 0 -0.9899119 0.1416848 0 -0.9985315 0.05416339 0.001187622 -0.9689227 0.2467553 0.01733934 -0.9987087 -0.0508055 0 -0.9944829 -0.1048984 0 -0.9992572 0.03704464 0.01062786 -0.9838149 -0.1784477 0.01627165 -0.9810587 -0.1934954 0.009133458 -0.9640461 -0.2657352 0 -0.9439919 -0.3299688 0 -0.9207571 -0.3896619 0.0192421 -0.9013249 -0.4331436 0 -0.8701906 -0.4927154 0 -0.8358938 -0.5488896 0.001391708 -0.8340542 -0.5516825 0 -0.7950609 -0.6065297 0 -0.752545 -0.6585406 7.04681e-4 -0.7514537 -0.659786 0 1.97566e-6 0 1 1.65222e-7 0 1 -2.13457e-6 0 1 -1.54574e-6 0 1 1.09545e-6 0 1 1.38788e-6 0 1 -1.54907e-6 0 1 1.5672e-6 0 1 6.53759e-7 0 1 -1.61532e-6 0 1 8.66405e-6 0 1 -5.63954e-6 0 1 1.52574e-6 0 1 1.77406e-5 0 1 -0.7357937 -0.6772059 0 -0.8227303 -0.5684251 -0.002834022 -0.7924203 -0.609968 0.003016233 -0.7533467 -0.657581 -0.007498204 -0.8233953 -0.5674605 -0.003019809 -0.86119 -0.5082526 0.005589365 -0.8474817 -0.5308197 0.002299904 -0.906546 -0.422107 0 -0.8710144 -0.4912575 0 -0.9439568 -0.3300558 0.002965867 -0.9241908 -0.38188 -0.006258666 -0.9217229 -0.3877718 -0.00775206 -0.9471777 -0.3207039 0.001873731 -0.9696514 -0.2444738 0.00297898 -0.9607347 -0.2774553 -0.002747118 -0.984862 -0.1733407 0 -0.9816096 -0.1908755 -0.003059983 -0.9935904 -0.1130405 0 -0.995666 -0.09291028 0.004119277 -0.9996114 -0.02758824 -0.004005014 -0.9993309 0.03655081 0.001321911 -0.9998489 -0.01727682 -0.001967847 -0.9968556 0.07912361 -0.004305958 -0.9902368 0.1391818 0.007720589 -0.989873 0.1417118 0.008318185 -0.9561312 0.2929388 0 -0.9737539 0.2276036 0 -0.9811523 0.1932143 -0.002896308 -0.9559407 0.29356 -2.15655e-4 -0.9025534 0.4305769 -9.06274e-4 -0.924583 0.3809784 0.001358389 -0.9269182 0.3752636 1.2732e-4 -0.8911212 0.4537444 -0.004366755 -0.8538601 0.520376 0.01148438 -0.8560958 0.5167176 0.01014441 -0.7683123 0.6400724 -0.001867234 -0.8022863 0.5969394 0 -0.8267116 0.562626 0 -0.7636297 0.6456398 -0.004369318 -0.6553621 0.7553069 -0.003467679 -0.6977057 0.7163702 0.004537582 -0.7043046 0.7098931 0.002615571 -0.586957 0.8095523 0.01032549 -0.6493868 0.7604438 -0.004700541 -0.5838876 0.8117847 0.008990705 -0.4495781 0.8932044 -0.008102834 -0.4978762 0.8672481 0 -0.5390235 0.8422908 0 -0.3705048 0.9288183 0.004771709 -0.44952 0.8932333 -0.008125245 -0.3698737 0.9290705 0.004636287 -0.3016042 0.9534285 -0.003033518 -0.3090727 0.9510266 -0.004752457 -0.2174472 0.9760544 0.005891263 -0.2206704 0.9753369 0.004757285 -0.1138364 0.9934995 0 -0.1672973 0.9859066 0 -0.04295057 0.9990696 -0.003899395 -0.06750774 0.9976499 -0.01172405 0.06334877 0.9979759 0.00557667 0.01732379 0.9998493 0.001155018 0.0702486 0.9975255 0.002847373 0.1812659 0.9834342 1.17878e-4 0.1742356 0.9847017 -0.002119183 0.2989413 0.9542436 -0.007312655 0.2481425 0.9687235 0 0.2257896 0.9741761 0 0.3645954 0.9311653 0.001181483 0.3093632 0.9508789 -0.01112943 0.4110023 0.911634 -6.76713e-4 0.4140278 0.9102642 -2.81139e-4 0.4596799 0.8880846 5.17232e-4 0.493821 0.8695197 0.008736789 0.5334815 0.8458039 -0.003642797 0.5680192 0.8230154 0 0.6014283 0.7989269 0 0.6215901 0.7833296 0.004542708 0.6672738 0.744794 -0.005271792 0.7193379 0.6946597 9.64657e-4 0.6809999 0.7322822 -0.001441419 0.7462286 0.6656746 -0.004495739 0.7812629 0.6241652 0.006798386 0.7838171 0.6209632 0.005974471 0.8165249 0.5772959 -0.004067063 0.8721916 0.4891647 0 0.8328608 0.5534827 0 0.8792635 0.47631 -0.00496304 0.9058907 0.4235112 5.32889e-4 0.9167767 0.3994001 -4.30952e-4 0.9273442 0.3742061 0.001614868 0.9430388 0.3326533 -0.004450619 0.9593943 0.2819938 0.006504356 0.980364 0.1971958 5.56128e-4 0.9725179 0.2327993 -0.003663241 0.9925862 0.1215431 0 0.983801 0.1792643 0 0.9999639 -0.008404076 0.001268863 0.9989655 0.04543632 -0.001906812 0.9959294 0.08948045 -0.01085561 0.9995463 -0.03007429 -0.001671016 0.9939754 -0.1093336 0.007692456 0.9964503 -0.0841459 0.002524256 0.980679 -0.1956238 0 0.9873377 -0.1585808 -0.004053533 0.9644092 -0.264391 0.00350058 0.9680597 -0.2507199 0 0.9182513 -0.3959983 1.1889e-5 0.938211 -0.3460638 -7.99224e-6 0.9430045 -0.3327675 -0.00287491 0.9047937 -0.4258272 -0.004419088 0.8718205 -0.4897105 0.01060986 0.8785561 -0.4775808 0.007470309 0.7917531 -0.6108415 0 0.8257285 -0.5640679 0 0.8510981 -0.5250052 -0.001294136 0.7905394 -0.612411 -6.72994e-4 0.6875618 -0.7261229 -0.002117455 0.7256332 -0.6880744 0.003190875 0.7350127 -0.6780532 4.02358e-4 0.6168676 -0.7869873 0.01120424 0.675118 -0.7376965 -0.004427075 0.6159997 -0.7876721 0.01081657 0.5720607 -0.8202113 0 0.4872801 -0.8732317 -0.004957199 0.5339621 -0.8455085 0 0.4791935 -0.8776718 -0.008116602 0.4030755 -0.9151552 0.004599869 0.4013854 -0.9158995 0.004225909 0.3424929 -0.9395096 -0.004516005 0.2555416 -0.9667775 0.00631076 0.3390551 -0.940759 -0.00375849 0.2458347 -0.9693078 0.002799451 0.1925219 -0.9812927 0 0.1409153 -0.9900217 0 0.05259883 -0.9986123 0.002645909 0.1084635 -0.994057 -0.00929749 0.01508259 -0.9998862 -4.67274e-4 -0.06443583 -0.9978947 0.007379651 -0.04944586 -0.9987748 0.001995384 -0.1296105 -0.9915632 -0.00191617 -0.1681067 -0.985767 0.001959085 -0.1825566 -0.9831954 0 -0.2705093 -0.9627175 0 -0.2711875 -0.9625265 3.42562e-4 -0.3626355 -0.9319311 -1.1724e-4 -0.4344485 -0.9006967 0 -0.3632707 -0.9316837 0 -0.4576309 -0.8890947 -0.009194731 -0.5066654 -0.8621426 6.00162e-4 -0.5309529 -0.8474014 -4.95367e-5 -0.551821 -0.8339626 3.45798e-4 -0.5780326 -0.816003 -0.004203259 -0.6213161 -0.7835341 0.00636816 -0.6407358 -0.7676708 0.01180011 -0.6654573 -0.7464359 0 0 0 -1 5.88189e-6 0 -1 2.90633e-6 0 -1 -2.50076e-7 0 -1 -5.25354e-6 0 -1 -2.51418e-6 0 -1 -8.02945e-7 0 -1 -1.21994e-7 0 -1 -3.0627e-6 0 -1 1.76216e-6 0 -1 -2.07173e-6 0 -1 -2.65242e-6 0 -1 0 0 -1 -1.97229e-6 0 -1 -1.44743e-7 0 -1 4.56246e-6 0 -1 9.04967e-7 0 -1 -5.78989e-7 0 -1 -1.4205e-6 0 -1 2.76306e-6 0 -1 2.21393e-7 0 -1 -1.54321e-4 0 -1 8.00487e-6 0 -1 1.21788e-5 0 -1 0 0 -1 -7.76526e-7 0 -1 -2.05082e-7 0 -1 4.28774e-7 0 -1 -2.92302e-6 0 -1 -4.32155e-5 0 -1 1.46913e-6 0 -1 2.31879e-7 0 -1 -8.2776e-6 0 -1 1.18977e-6 0 -1 -4.40342e-7 0 -1 3.07024e-7 0 -1 -1.34771e-4 0 -1 -1.33161e-6 0 -1 1.00879e-6 0 -1 -6.12609e-7 0 -1 -1.68179e-6 0 -1 9.39089e-7 0 -1 4.32769e-5 0 -1 -6.18647e-7 0 -1 4.76664e-6 0 -1 -8.69414e-6 0 -1 -9.60312e-7 0 -1 -1.40758e-5 0 -1 -3.21471e-7 0 -1 0.8574123 0.2800556 0.4317558 0.8574906 0.2798533 0.4317314 -0.749009 -0.646827 -0.1435284 0.6733497 -0.7350441 0.07943838 0.6681843 -0.7387161 0.08847755 0.7965062 0.4901533 0.3540165 0.8680723 0.4706057 0.158053 0.793896 0.4956537 0.3522166 0.8357491 0.5112227 0.200437 0.9293183 0.08694744 0.358898 0.9292821 0.08715879 0.3589405 0.4782239 -0.8753803 0.07078975 0.4694873 -0.8825528 0.02612125 0.4848984 -0.8745436 0.006866157 0.9565954 -0.1195784 0.2657561 0.9568031 -0.1149513 0.2670471 0.9510545 0.2605146 0.1662153 0.8967766 0.2969934 0.3280041 0.8943262 0.3069265 0.3255409 0.9278796 0.3080768 0.2100673 0.9523074 0.1014875 0.2877692 0.2596398 -0.9651427 0.03296655 0.2604106 -0.965054 0.02927857 0.268928 -0.9610211 -0.06415909 0.2496956 -0.9673514 -0.04339814 0.9858298 0.03691118 0.1636372 0.9721037 0.09562784 0.2141724 -0.7310258 -0.6159446 -0.2936216 0.9551553 0.09208202 0.2814238 0.9304558 -0.3331764 0.1524649 0.9331007 -0.3243478 0.1553117 0.02880102 -0.9995671 -0.006014168 0.0324307 -0.999324 -0.01731789 0.9701691 -0.1896486 0.1510151 0.9670508 -0.1131312 0.2280664 0.9665111 -0.1166366 0.2285875 0.9702719 -0.1163104 0.2122368 0.04114556 -0.9908379 -0.1286365 0.02113294 -0.9938218 -0.1089571 0.8432626 -0.5371016 0.02073562 0.8339465 -0.5516298 0.0154249 -0.20407 -0.9776202 -0.05112975 -0.2008523 -0.9778438 -0.05899208 0.9037435 -0.4073567 0.1315608 0.9210215 -0.329091 0.2083712 0.9293642 -0.3339541 0.1573439 0.9312275 -0.3291184 0.1565135 0.8273323 -0.5588121 0.05701154 -0.1879758 -0.9642772 -0.1866406 -0.2066145 -0.9639741 -0.167524 0.6888864 -0.7153289 -0.1172186 0.6703167 -0.7315716 -0.124413 -0.4270182 -0.8993828 -0.09362691 -0.4230647 -0.9004221 -0.1012737 -0.6185803 -0.7497161 -0.2351262 -0.6107848 -0.780474 -0.1334252 0.7892562 -0.6045127 0.1078855 0.8352003 -0.5445481 0.07686269 0.8168207 -0.5437265 0.1927838 -0.4066299 -0.8835868 -0.232221 -0.6015647 -0.7570721 -0.2548764 -0.4200668 -0.8808183 -0.2184101 -0.3410317 -0.76981 -0.5395277 -0.5606336 -0.7162146 -0.4156039 0.4910063 -0.8370955 -0.2412138 0.4656718 -0.8494784 -0.248065 0.6330711 -0.770427 0.07525634 0.6623948 -0.7329317 0.155062 0.659529 -0.7510859 -0.02985799 0.6831486 -0.7293859 -0.03611278 0.457835 -0.8764356 -0.1491568 0.2461313 -0.904833 -0.3474141 0.2756812 -0.8983044 -0.3421245 0.4435511 -0.8955717 0.03484129 0.4877572 -0.8664927 -0.1062234 0.4693379 -0.8765409 0.1067624 0.057953 -0.9064709 -0.4182727 0.03192394 -0.9065905 -0.4208025 0.2312535 -0.9727159 -0.01859116 0.2341341 -0.9499651 -0.2067545 0.2729626 -0.9372192 -0.2170521 0.2532289 -0.9660143 0.0518828 -0.1754155 -0.8644092 -0.4711967 -0.1545751 -0.8683587 -0.4712322 -0.3840152 -0.775873 -0.5005533 0.008373677 -0.9965922 -0.08206021 0.02546364 -0.9996327 -0.009287118 0.01515305 -0.9616734 -0.2737787 0.04990166 -0.9574151 -0.2843697 -0.5586706 -0.7081241 -0.4317957 -0.5248734 -0.6628482 -0.5339853 -0.3694714 -0.788589 -0.4915469 -0.4223408 -0.8942792 -0.1479635 -0.2129226 -0.9698895 -0.1182298 -0.1999541 -0.9246649 -0.3240578 -0.1719757 -0.9261488 -0.3356678 -0.20587 -0.9767845 -0.05924111 -0.383661 -0.8478846 -0.3659178 -0.6068147 -0.7682447 -0.2039023 -0.5898408 -0.757135 -0.2807749 -0.6124315 -0.6933679 -0.3796955 -0.4213557 -0.8939176 -0.1528753 -0.4002303 -0.8436508 -0.3578674 -0.6162619 -0.7792527 -0.1139595 -0.7670736 -0.5910318 -0.2495588 -0.8325484 -0.5234863 -0.1811778 -0.7580127 -0.592805 -0.2720275 -0.7707585 -0.5697293 -0.285202 -0.7319016 -0.5415967 -0.4135134 -0.906246 -0.3748514 -0.1954607 -0.9065017 -0.3744919 -0.1949628 -0.7541344 -0.3031634 -0.5825575 -0.8839137 -0.3675395 -0.2891563 -0.8840034 -0.3674366 -0.2890129 -0.957768 -0.2007941 -0.2058207 -0.9576271 -0.2010886 -0.2061888 -0.9390862 -0.1971359 -0.2815219 -0.937975 -0.1988658 -0.2839988 -0.9771813 -0.02536606 -0.210887 -0.966382 0.1501781 -0.2086923 -0.9774407 -0.02444261 -0.2097911 -0.9636254 -0.02418202 -0.2661604 -0.9627097 -0.02626276 -0.269259 -0.9279048 0.3183323 -0.1940553 -0.9637434 0.1563611 -0.2162176 -0.9574142 0.1562383 -0.2427917 -0.9571053 0.1551669 -0.2446892 -0.9047887 0.3535906 -0.237342 -0.8644272 0.4763724 -0.1607331 -0.9115098 0.35455 -0.208433 -0.9117013 0.3556104 -0.2057716 -0.7067857 -0.6299766 -0.3218439 -0.8058409 -0.4661183 -0.3651769 -0.7297586 -0.5428198 -0.415691 -0.6942744 -0.5082581 -0.5095654 -0.6599016 0.7369771 -0.1462696 -0.7700276 0.6147204 -0.1708111 -0.7846923 0.5695731 -0.2446317 -0.8673189 -0.3693053 -0.3337236 -0.8908165 -0.2957066 -0.3449689 -0.8476008 -0.3532443 -0.3959688 -0.7783148 -0.4194957 -0.4671719 -0.8022832 0.5799393 -0.1414642 -0.8019915 0.5745633 -0.1633607 -0.9000182 -0.184231 -0.3950015 -0.9309627 -0.2062281 -0.3012946 -0.9512873 -0.08500552 -0.2963556 -0.899701 -0.1849505 -0.3953879 -0.5699135 0.7755175 -0.2716091 -0.3933485 0.9152808 -0.08682131 -0.5326691 0.8373457 -0.1229465 -0.9436041 -0.02071261 -0.3304277 -0.9438279 -0.01977306 -0.3298454 -0.9641182 -0.03240734 -0.2634881 -0.6004963 0.7984298 -0.04375237 -0.601217 0.7916897 -0.108469 -0.9560881 0.1609129 -0.2449541 -0.9559891 0.1554211 -0.2488557 -0.291759 0.9198904 -0.2620657 -0.2383543 0.9708523 -0.02516168 -0.3251129 0.9450196 -0.03520786 -0.3209571 0.9438515 0.07829982 -0.03621494 0.9911476 0.1277304 -0.05457091 0.9969203 -0.05632203 -0.9251474 0.3522223 -0.1415696 -0.9228824 0.3611468 -0.1336455 -0.05982786 0.9848266 0.1629025 -0.06642156 0.9960468 0.0589841 -0.9705526 0.1381754 -0.1973202 -0.9637904 0.1397436 -0.2271122 -0.9642054 0.1558192 -0.2145423 0.1698739 0.9816963 -0.08611172 0.3383851 0.9323312 0.127492 0.1708492 0.9852883 -0.004184544 -0.8222221 0.5691657 0.001161813 -0.8126153 0.582539 0.01745855 0.3297404 0.9103096 0.2502155 0.1529847 0.9626632 0.2233276 0.1488029 0.9808391 0.1257474 -0.9183531 0.3572198 -0.1703575 -0.9213786 0.362283 -0.1407577 -0.8180995 0.5588406 -0.1356847 -0.9185848 0.3571284 -0.1692971 -0.9226593 0.3570947 -0.1455449 0.3382673 0.9141292 0.2234796 0.4995532 0.8105734 0.3056429 -0.6179971 0.7673161 0.1711888 -0.598407 0.7774974 0.1934086 -0.6678064 0.7255676 -0.166091 -0.8044303 0.5927642 -0.03901952 -0.8167966 0.5761024 -0.03081077 -0.8145827 0.5772105 -0.05729782 0.5074318 0.8165076 0.2753696 0.6712596 0.6685221 0.3201388 -0.3114014 0.8837488 0.3493099 -0.3386871 0.8820279 0.3275942 0.6764133 0.6720651 0.3013196 -0.6140107 0.7822307 0.1053847 -0.4906231 0.8629902 -0.1205693 -0.5885103 0.8043026 0.08217668 -0.612601 0.7886347 0.05268198 -0.06354409 0.8960624 0.4393566 -0.08909201 0.9006845 0.4252415 0.8106268 0.4969972 0.3096417 0.8065901 0.4937501 0.3249975 -0.2862279 0.9581436 -0.005868434 -0.04338008 0.966386 0.2534094 -0.2996006 0.9340646 0.1943267 -0.3306342 0.9403722 0.0798825 -0.3351352 0.9278149 0.1638415 0.1099097 0.8709796 0.478868 0.1308073 0.8630543 0.4878798 0.9026834 0.300708 0.3077946 0.8989733 0.2982719 0.3207507 0.2915441 0.8076253 0.512585 0.2760474 0.8160097 0.5078642 -0.06369739 0.9973102 0.03626447 -0.0594592 0.9977838 0.02986937 -0.0789687 0.9626552 0.2589577 0.9504207 0.0930652 0.2967144 0.9528831 0.09471166 0.2881729 0.4383996 0.732841 0.5203365 0.447896 0.7252375 0.5228957 0.1618683 0.9846816 0.06481343 0.158586 0.9369302 0.3114679 0.1322955 0.9453999 0.2978538 0.1583322 0.9849612 0.06915557 0.9595592 -0.1146402 0.2571069 0.9601781 -0.1141449 0.2550075 0.3789082 0.9221878 0.0774483 0.3435112 0.9329324 0.1078761 0.3104137 0.8907195 0.3320574 0.3280103 0.8815422 0.339548 0.6049372 0.6086627 0.5134013 0.6093384 0.6036983 0.5140576 0.9216421 -0.3272395 0.2085433 0.9217011 -0.3271982 0.2083468 0.5751907 0.8102729 0.1123106 0.5203927 0.8385896 0.1611185 0.4920242 0.7936567 0.3578007 0.4836488 0.8007991 0.3532771 0.7469694 0.456102 0.4837436 0.7481847 0.4541314 0.4837194 0.8264894 -0.5438691 0.1453338 0.8235566 -0.5463204 0.1526064 0.7408094 0.6569624 0.140007 0.6575745 0.6601219 0.3630908 0.6975255 0.692355 0.1846692 0.6566083 0.6613905 0.3625303 0.4657128 -0.8849359 0 0.001121699 -0.9999994 0 -0.935412 0.3535597 0 -0.2382357 -0.9712074 0 -0.9354158 0.3535499 0 -0.2382383 -0.9712069 0 -0.8236134 0.5671517 0 -0.4637325 -0.8859754 0 -0.8236082 0.5671594 0 -0.4637417 -0.8859705 0 -0.6639596 0.7477685 0 -0.6622798 -0.7492567 0 -0.6622853 -0.7492518 0 -0.822349 -0.5689834 0 -0.8223543 -0.5689759 0 -0.9346227 -0.3556412 0 -0.992574 -0.1216434 0 -0.9925726 -0.1216544 0 -0.001104593 0.9999994 0 -0.001104593 0.9999995 0 0.2382195 0.9712114 0 0.463746 0.8859682 0 0.6622881 0.7492493 0 0.8223508 0.5689809 0 0.9346188 0.3556509 0 0.9346207 0.3556461 0 0.9925733 0.1216486 0 0.9928421 -0.1194349 0 0.9354124 -0.3535587 0 0.9354142 -0.3535538 0 0.8236203 -0.5671417 0 0.6639556 -0.747772 0 0.6639502 -0.7477769 0 0 0 -1 0 0 -1 0 0 -1 0 0 -1 0 0 -1 0 0 -1 0 0 -1 0 0 -1 0 0 -1 0 0 -1 0 0 -1 0 0 -1 0 0 -1 0 0 -1 0 0 -1 0 0 -1 0 0 -1 0 0 -1 0 0 -1 0 0 -1 0 0 -1 0 0 -1 0 0 -1 0 0 -1 0 0 -1 0 0 -1 0 0 -1 0 0 -1 0 0 -1 0 0 -1 0 0 -1 0 0 -1 0 0 -1 0 0 -1 0 0 -1 0 0 -1 0 0 -1 0 0 -1 0 0 -1 0 0 -1 0 0 -1 0 0 -1 0 0 -1 0 0 -1 0 0 -1 0 0 -1 0 0 -1 0 0 -1 0 0 -1 0 0 -1 0 0 -1 0 0 -1 0 0 -1 0 0 -1 -8.96481e-7 0 1 4.26796e-7 0 1 -1.66268e-6 0 1 3.36942e-7 0 1 -3.36134e-7 0 1 1.63308e-7 0 1 -9.37555e-7 0 1 -1.6025e-7 0 1 0 0 1 1.62692e-7 0 1 -3.47284e-7 0 1 -2.10872e-7 0 1 1.63935e-7 0 1 4.00751e-7 0 1 5.05459e-6 0 1 -1.37365e-7 0 1 1.61642e-7 0 1 -1.62076e-7 0 1 4.73184e-7 0 1 -3.80633e-6 0 1 -6.90303e-6 0 1 2.01685e-7 0 1 0 0 1 -3.15027e-7 0 1 1.87589e-6 0 1 -1.27759e-7 0 1 1.85484e-7 0 1 -1.40314e-7 0 1 0 0 1 -6.68801e-7 0 1 -2.05775e-7 0 1 1.75402e-7 0 1 -2.07062e-7 0 1 1.98389e-7 0 1 1.23649e-7 0 1 -1.23713e-7 0 1 9.86979e-7 0 1 1.71283e-7 0 1 -1.04345e-6 0 1 -1.24093e-7 0 1 2.48217e-7 0 1 2.50404e-7 0 1 5.757e-6 0 -1 -4.41258e-7 0 -1 -1.11696e-6 0 -1 -4.9139e-6 0 -1 -5.498e-7 0 -1 8.40797e-6 0 -1 5.13035e-7 0 -1 -6.31987e-7 0 -1 -2.69713e-6 0 -1 1.72909e-6 0 -1 -6.39415e-6 0 -1 -6.80505e-7 0 -1 8.69721e-7 0 -1 -3.28601e-7 0 -1 -6.38704e-7 0 -1 3.1371e-6 0 -1 0 0 -1 -3.29634e-7 0 -1 -1.40528e-6 0 -1 1.2614e-6 0 -1 -2.52294e-6 0 -1 8.41529e-7 0 -1 2.70078e-6 0 -1 2.71079e-6 0 -1 -1.89542e-6 0 -1 6.00823e-7 0 -1 -9.79125e-6 0 -1 3.82887e-6 0 -1 3.02254e-6 0 -1 -3.33803e-6 0 -1 2.99145e-6 0 -1 5.71177e-7 0 -1 -4.03551e-6 0 -1 1.71948e-6 0 -1 -6.66061e-7 0 -1 -1.69608e-7 0 -1 1.80815e-6 0 -1 5.55279e-7 0 -1 -6.73883e-7 0 -1 3.87327e-6 0 -1 1.70021e-7 0 -1 -1.89275e-7 0 -1 2.41644e-6 0 -1 -6.67875e-7 0 -1 -3.44177e-6 0 -1 7.41048e-7 0 -1 1.3442e-6 0 -1 0.4647248 0.8854551 0 0.4647312 0.8854519 0 0.2393227 0.9709402 0 0.2393224 0.9709402 0 -0.9927091 -0.1205353 0 0 1 0 -0.99271 -0.1205281 0 -0.935011 -0.3546188 0 -0.2393227 0.9709402 0 -0.935016 -0.3546057 0 -0.2393224 0.9709402 0 -0.8229819 -0.5680676 0 -0.4647219 0.8854568 0 -0.8229851 -0.5680631 0 -0.4647222 0.8854566 0 -0.6631246 -0.7485091 0 -0.6631224 0.748511 0 -0.6631319 -0.7485026 0 -0.6631152 0.7485175 0 -0.4647201 -0.8854578 0 -0.8229854 0.5680627 0 -0.4647197 -0.8854579 0 -0.8229816 0.568068 0 -0.992709 0.1205356 0 -0.9350162 0.3546051 0 -0.9350115 0.3546175 0 -0.2393093 -0.9709435 0 -0.9927099 0.1205285 0 0 -1 0 0.2393093 -0.9709435 0 0.4647291 -0.8854529 0 0.4647227 -0.8854563 0 0.6631246 -0.7485091 0 0.6631174 -0.7485155 0 0.8229851 -0.5680631 0 0.8229819 -0.5680676 0 0.9350209 -0.3545929 0 0.9350183 -0.3545995 0 0.9927091 -0.1205353 0 0.992709 0.1205356 0 0.935021 0.3545923 0 0.9350187 0.3545984 0 0.8229854 0.5680627 0 0.8229816 0.568068 0 0.6631079 0.7485239 0 0.6631152 0.7485175 0 -6.68589e-7 0 1 -1.5909e-6 0 1 1.36983e-6 0 1 5.44061e-7 0 1 -8.21465e-7 0 1 1.33395e-6 0 1 8.32099e-7 0 1 -6.61971e-7 0 1 -2.08731e-6 0 1 1.34785e-6 0 1 -3.33609e-7 0 1 -6.60652e-7 0 1 1.35704e-6 0 1 -5.29639e-7 0 1 0 0 1 6.63212e-7 0 1 5.20507e-7 0 1 -1.61053e-6 0 1 -7.90719e-7 0 1 2.03366e-7 0 1 6.69412e-7 0 1 -1.36278e-6 0 1 1.09749e-6 0 1 -1.19241e-6 0 1 -6.71825e-7 0 1 8.38926e-7 0 1 7.5584e-7 0 1 -6.77605e-7 0 1 1.35327e-6 0 1 0.6437988 -0.7651949 0 0.6213088 -0.7834053 0.01586419 0.5519527 -0.8338755 0 0.5060457 -0.8625068 0 0.4356305 -0.9000335 0.01287895 0.4248286 -0.9050749 0.0189805 0.3514824 -0.9361945 0 0.2588178 -0.9659262 0 0.1988759 -0.9797343 0.02386087 0.1522489 -0.9883292 0.005088567 0.0912528 -0.9958279 0 -0.006174921 -0.999981 0 -0.03748536 -0.9991531 0.01697295 -0.121791 -0.9925558 0 -0.2063624 -0.9784757 0 -0.2570881 -0.9662165 0.01821166 -0.3093119 -0.9509606 0 -0.3604533 -0.9327773 0 -0.412708 -0.9108632 7.15097e-4 -0.5074999 -0.8616519 0 -0.5793625 -0.8150701 0 -0.4577484 -0.8888797 0.01895809 -0.6485264 -0.7611059 0.01146066 -0.7054435 -0.7087662 0 -0.7432463 -0.669018 0 -0.6404849 -0.7677906 0.01663672 -0.8141856 -0.5806046 0 -0.8608744 -0.5088177 0 -0.888879 -0.4581401 0.001405537 -0.7952528 -0.6060512 0.01658523 -0.9335067 -0.358558 0.0011909 -0.9122364 -0.4090997 0.02150249 -0.9528309 -0.3035019 0 -0.9751844 -0.2213944 0 -0.9946082 -0.1037043 0 -0.9987691 -0.04960304 0 -0.9997138 0.02261012 0.007808983 -0.9825241 -0.1851334 0.01928997 -0.9917563 0.1281383 0 -0.9772114 0.2122684 0 -0.9981609 0.05607581 0.0230292 -0.9544461 0.2981241 0.01243895 -0.9278148 0.3730413 0 -0.9058367 0.4236273 0 -0.9571599 0.2890542 0.0171042 -0.8562324 0.5165911 0 -0.8088313 0.5880408 0 -0.7691373 0.6390705 0.004102706 -0.8712136 0.4907058 0.01395976 -0.7478843 0.6636105 0.01703637 -0.7037426 0.7104552 0 -0.6640462 0.7476916 0 -0.5893137 0.8078725 0.00716269 -0.5867498 0.8097513 0.005255162 -0.507398 0.8617119 0 -0.4605038 0.8876578 0 -0.4054831 0.9139316 0.01768118 -0.3717254 0.9283379 0.003008604 -0.3152979 0.9489929 0 -0.2231017 0.9747952 0 -0.2058835 0.9785205 0.01046824 -0.1181483 0.992996 0 -0.04102551 0.9991582 0 -0.002519786 0.9998863 0.01487541 0.0571956 0.9983631 0 0.1234841 0.9923465 0 0.1718269 0.9850878 0.008810877 0.1993693 0.9799244 0 0.2518417 0.9677685 0 0.3274827 0.9448539 0.002543687 0.3322181 0.9432026 0 0.4117245 0.9113085 0 0.4662622 0.884643 0.002560138 0.4914196 0.870815 0.01372051 0.5435732 0.8393618 0 0.5889041 0.8082031 0 0.6505631 0.7593883 0.009861946 0.6654383 0.7464529 0 0.7267354 0.6869176 0 0.7673554 0.6412168 0.002628087 0.7878499 0.6156783 0.01526647 0.8240947 0.5664523 0 0.8539509 0.5203538 0 0.8961212 0.4437274 0.00852704 0.9021071 0.4315112 0.001030623 0.9363709 0.3510122 0 0.9540367 0.29969 0 0.9683691 0.2489193 0.0173366 0.9802201 0.1979107 0 0.989607 0.1437982 0 0.9984083 0.05638772 0.001184999 0.999172 0.03927266 0.01063001 0.9988176 -0.04861444 0 0.9947171 -0.1026542 0 0.9814859 -0.1913168 0.009136199 0.9646174 -0.2636537 0 0.9447422 -0.3278145 0 0.9842094 -0.1762583 0.01628035 0.9022794 -0.431152 0 0.8712881 -0.490772 0 0.9216272 -0.3875987 0.01925379 0.8352873 -0.5498138 0 0.7964887 -0.6046535 0 0.8371177 -0.5470212 0.001391589 0.7540124 -0.6568599 7.09695e-4 0.7529249 -0.6581065 0 2.6528e-6 0 1 7.54554e-7 0 1 -3.59493e-7 0 1 0 0 1 3.54863e-7 0 1 2.66825e-7 0 1 -6.29441e-7 0 1 -1.93218e-7 0 1 2.33698e-6 0 1 0 0 1 -3.87267e-7 0 1 -2.92816e-7 0 1 8.66363e-6 0 1 -8.68099e-7 0 1 7.60653e-7 0 1 8.87083e-6 0 1 0.7373209 -0.6755427 0 0.8239686 -0.5666286 -0.002834141 0.7937796 -0.6081981 0.003018379 0.7548132 -0.655897 -0.00749284 0.8246653 -0.5656133 -0.003020524 0.8623302 -0.5063158 0.005584359 0.8489025 -0.5285443 0.002355456 0.9074884 -0.4200773 0 0.8721035 -0.4893215 0 0.9446869 -0.3279604 0.002964437 0.9250274 -0.3798491 -0.006259799 0.9225851 -0.3857161 -0.007751226 0.9480212 -0.3182019 0.001810848 0.9702013 -0.2422822 0.00297749 0.9613466 -0.2753276 -0.002753496 0.9852414 -0.1711708 0 0.9820325 -0.1886872 -0.003058433 0.9938408 -0.110818 0 0.9958725 -0.09066939 0.00412029 0.99967 -0.025375 -0.004000902 0.999247 0.03877741 0.001324772 0.999885 -0.01504653 -0.001967191 0.9966763 0.08135104 -0.004303693 0.9899309 0.1413413 0.007704675 0.9895542 0.1439217 0.008322 0.9807168 0.1954134 -0.002896785 0.9554734 0.2950771 0 0.9732388 0.2297962 0 0.9552899 0.2956709 -2.10497e-4 0.9260785 0.377331 1.26902e-4 0.9016223 0.4325236 -9.04171e-4 0.9237321 0.3830367 0.0013659 0.8900942 0.4557557 -0.004366099 0.854968 0.5185819 0.01013368 0.8526935 0.5222854 0.0114836 0.7668767 0.6417919 -0.001859366 0.8009165 0.5987761 0 0.8254629 0.5644562 0 0.7621901 0.6473385 -0.004366457 0.6535785 0.7568509 -0.003434717 0.696103 0.7179276 0.004538655 0.7027217 0.7114601 0.00262022 0.5851471 0.8108615 0.01032847 0.6477018 0.7618795 -0.004703044 0.5820918 0.8130732 0.009007871 0.4475862 0.8942041 -0.008094966 0.4959278 0.8683638 0 0.5371016 0.8435177 0 0.3684358 0.929641 0.004778385 0.4475361 0.894229 -0.008119583 0.367846 0.9298751 0.004654347 0.2994548 0.9541057 -0.003039956 0.306941 0.9517167 -0.004750251 0.215275 0.9765357 0.005896627 0.2184792 0.9758301 0.004762232 0.1116389 0.9937489 0 0.1651069 0.9862757 0 0.04070276 0.9991638 -0.003903031 0.06528341 0.997798 -0.01172387 -0.06555777 0.9978333 0.005583226 -0.01960825 0.9998071 0.001154303 -0.07247519 0.9973662 0.002840399 -0.1834931 0.983021 1.24525e-4 -0.1764171 0.9843132 -0.002123177 -0.301034 0.9535856 -0.007301151 -0.2502899 0.968171 0 -0.2317877 0.9727664 0 -0.3667095 0.9303348 0.001184344 -0.3114724 0.95019 -0.01113671 -0.4130472 0.9107095 -6.67645e-4 -0.4159231 0.9093998 -2.943e-4 -0.4616761 0.8870486 5.07455e-4 -0.4957688 0.8684108 0.008731722 -0.5353752 0.8446066 -0.003643929 -0.5698642 0.8217389 0 -0.6031944 0.7975944 0 -0.6233385 0.781939 0.004541635 -0.6689251 0.7433112 -0.005269587 -0.7208866 0.6930525 9.6685e-4 -0.6826273 0.7307654 -0.001432001 -0.7477269 0.6639913 -0.004485249 -0.7826467 0.6224292 0.006795525 -0.7850647 0.6193851 0.005974173 -0.8732723 0.4872325 0 -0.8340986 0.5516155 0 -0.8178285 0.5754478 -0.004067122 -0.8803136 0.4743664 -0.004965782 -0.9068411 0.4214724 5.33263e-4 -0.9176733 0.3973358 -4.30013e-4 -0.9281901 0.3721029 0.001615822 -0.9600257 0.2798364 0.006510436 -0.9437714 0.330569 -0.004439413 -0.9808067 0.1949825 5.59587e-4 -0.9730318 0.2306423 -0.003656804 -0.9928532 0.1193426 0 -0.9842185 0.1769576 0 -0.9999429 -0.01061278 0.001270651 -0.999064 0.04321557 -0.001900255 -0.9961263 0.08726191 -0.01085567 -0.9994767 -0.03230333 -0.001675546 -0.9937306 -0.111537 0.007694423 -0.9962591 -0.08638006 0.002518594 -0.9802513 -0.1977564 0 -0.9869769 -0.1608112 -0.004048287 -0.9638127 -0.2665577 0.003502905 -0.9675034 -0.2528585 0 -0.9173318 -0.3981236 5.94427e-6 -0.9374444 -0.3481351 -1.49078e-5 -0.942261 -0.3348673 -0.002869725 -0.9038473 -0.4278326 -0.004415631 -0.8707275 -0.4916514 0.01061618 -0.8775531 -0.4794216 0.007452309 -0.7903805 -0.6126163 0 -0.8246031 -0.5657116 0 -0.849911 -0.5269249 -0.001292169 -0.7891611 -0.6141861 -6.66932e-4 -0.6858962 -0.7276963 -0.002144336 -0.7241166 -0.6896703 0.003182172 -0.7334798 -0.6797112 4.06982e-4 -0.6151087 -0.7883629 0.01119691 -0.6734747 -0.739197 -0.004436552 -0.6142603 -0.7890293 0.01082742 -0.4853224 -0.8743213 -0.004960536 -0.5320667 -0.8467026 0 -0.5702324 -0.8214835 0 -0.4010403 -0.916049 0.004601001 -0.477231 -0.8787404 -0.00811088 -0.3993245 -0.9167999 0.004232704 -0.2533914 -0.9673433 0.006307303 -0.336986 -0.9415022 -0.003760814 -0.3403882 -0.9402742 -0.00451833 -0.2436668 -0.969855 0.002796709 -0.1386836 -0.9903368 0 -0.1904811 -0.9816909 0 -0.05037254 -0.998727 0.002653419 -0.1062453 -0.9942966 -0.009290754 -0.01277571 -0.9999184 -4.66442e-4 0.06666034 -0.9977484 0.007392585 0.05164676 -0.9986635 0.00198692 0.1318468 -0.9912683 -0.001912772 0.1702725 -0.9853951 0.001957356 0.1846961 -0.9827957 0 0.2733331 -0.9619194 3.33012e-4 0.2726678 -0.9621083 0 0.3647326 -0.9311124 -1.23228e-4 0.4364449 -0.899731 0 0.3654004 -0.9308505 0 0.5085755 -0.8610172 5.95303e-4 0.4596149 -0.8880707 -0.009198665 0.5536539 -0.8327469 3.43249e-4 0.5327821 -0.8462526 -5.08315e-5 0.5798512 -0.8147115 -0.004210352 0.6424466 -0.7662397 0.01179587 0.6229413 -0.7822428 0.006350398 0.6671124 -0.7449572 0 -5.88138e-6 0 -1 1.69699e-5 0 -1 0 0 -1 2.8525e-6 0 -1 -6.6082e-7 0 -1 1.70738e-6 0 -1 -2.00759e-6 0 -1 -5.25923e-6 0 -1 2.45771e-6 0 -1 -2.31599e-6 0 -1 1.64488e-6 0 -1 -9.91511e-7 0 -1 5.82388e-7 0 -1 -4.73939e-7 0 -1 5.13236e-7 0 -1 -7.87538e-6 0 -1 -9.27757e-7 0 -1 -3.10433e-6 0 -1 8.92342e-7 0 -1 -1.08393e-6 0 -1 -6.74946e-5 0 -1 -3.61667e-7 0 -1 1.46648e-6 0 -1 0 0 -1 -8.69323e-6 0 -1 3.81164e-7 0 -1 -0.8580351 0.278145 0.4317536 -0.8581115 0.2779448 0.4317307 0.7504553 -0.6451449 -0.1435446 -0.6717042 -0.7365475 0.07944422 -0.6665316 -0.7402084 0.08847206 -0.7975981 0.48837 0.3540227 -0.8691199 0.4686661 0.1580593 -0.7950009 0.4938789 0.3522177 -0.836889 0.5093541 0.2004377 -0.9295103 0.08487796 0.3588961 -0.929475 0.0850864 0.3589382 -0.9562703 -0.1171471 0.2679993 -0.4762762 -0.8764494 0.07069379 -0.4829468 -0.8756228 0.006866753 -0.467515 -0.883599 0.02612733 -0.9565848 -0.12156 0.2648939 -0.9319698 -0.3265693 0.1574318 -0.8974338 0.2950001 0.3280053 -0.8950024 0.3049436 0.325546 -0.9285603 0.3060202 0.2100654 -0.9516367 0.258389 0.1662006 -0.2582578 -0.9656336 0.02923744 -0.2574987 -0.9657196 0.03286731 -0.2475379 -0.9679059 -0.04339426 -0.2667909 -0.9616163 -0.06416243 -0.9541124 0.08970826 0.2856959 0.7323963 -0.6143041 -0.2936431 -0.9723165 0.09346276 0.2141625 -0.9536685 0.1001616 0.2836973 -0.9859117 0.03470081 0.1636278 -0.9301307 -0.3349464 0.1505585 -0.03019583 -0.9993939 -0.01732844 -0.0265758 -0.9996287 -0.006031632 -0.9667953 -0.1152844 0.2280707 -0.9662477 -0.11879 0.2285925 -0.9700135 -0.1184619 0.2122277 -0.9697455 -0.1918092 0.1510065 -0.01891982 -0.9938667 -0.1089551 -0.03893613 -0.9909279 -0.1286315 -0.8420627 -0.5389809 0.02073615 -0.8327153 -0.5534867 0.0154249 0.203028 -0.9773947 -0.05898499 0.2062512 -0.977162 -0.05113685 -0.9286171 -0.3360254 0.1573449 -0.920283 -0.331153 0.2083672 -0.9028325 -0.4093732 0.1315569 -0.9304904 -0.3311962 0.1565145 0.1901245 -0.9638572 -0.1866336 0.2087607 -0.9635108 -0.1675286 -0.6686837 -0.7330645 -0.1244131 -0.6872861 -0.7168664 -0.1172197 0.4250701 -0.8994755 -0.1012887 0.6202496 -0.7483357 -0.2351259 0.4290241 -0.8984276 -0.09362882 0.6125233 -0.7791073 -0.133443 -0.8240513 -0.5624046 0.06812095 -0.8352761 -0.5460631 0.06425666 -0.7879061 -0.6062721 0.107881 -0.8156048 -0.5455527 0.1927723 0.5622241 -0.7149666 -0.4156042 0.3427516 -0.7690464 -0.5395267 0.4220345 -0.8798777 -0.2184082 0.6032518 -0.7557312 -0.2548682 0.4086017 -0.8826776 -0.2322179 -0.27341 -0.9011269 -0.3364779 -0.4637749 -0.8505154 -0.2480658 -0.4891377 -0.8381884 -0.2412151 -0.6313548 -0.7718328 0.07526838 -0.6578572 -0.7525507 -0.02985423 -0.6815221 -0.730906 -0.03611165 -0.6607613 -0.7344054 0.155059 -0.2444941 -0.9030815 -0.3530814 -0.4531986 -0.882661 -0.1245818 -0.4415403 -0.8965651 0.03483355 -0.4865679 -0.863485 -0.1328363 -0.467382 -0.8775837 0.1067761 -0.029908 -0.9066611 -0.4207985 -0.05593353 -0.9065986 -0.4182708 -0.229093 -0.9732276 -0.01856243 -0.2510721 -0.9665778 0.0518682 -0.2708697 -0.937825 -0.2170572 -0.2320073 -0.9504868 -0.2067548 0.1773433 -0.8640146 -0.4711986 0.1565084 -0.8680134 -0.4712302 0.3857458 -0.7750136 -0.5005539 -0.01301497 -0.961704 -0.2737811 -0.006148993 -0.9966084 -0.08206045 -0.02323168 -0.9996871 -0.009266734 -0.04776525 -0.9575249 -0.284367 0.5602576 -0.7068743 -0.4317873 0.5263574 -0.6616694 -0.5339865 0.3712276 -0.7877624 -0.491549 0.2020158 -0.9242146 -0.3240637 0.4243411 -0.8933347 -0.1479455 0.2150813 -0.9694133 -0.1182287 0.1740384 -0.9257631 -0.3356687 0.2080468 -0.9763239 -0.05922877 0.5915238 -0.755818 -0.2807824 0.6085166 -0.7668796 -0.2039687 0.3855521 -0.8470284 -0.3659135 0.4233484 -0.8929694 -0.1529113 0.6139713 -0.692002 -0.3797007 0.4021086 -0.8427553 -0.3578721 0.6180014 -0.7778763 -0.1139425 0.7683897 -0.5893186 -0.2495617 0.8337177 -0.5216265 -0.181165 0.7593351 -0.5911128 -0.2720221 0.7331095 -0.5399588 -0.4135154 0.7720299 -0.5680056 -0.2852006 0.9070791 -0.3728353 -0.195452 0.9073385 -0.372466 -0.1949511 0.8847329 -0.3655576 -0.2891632 0.8848162 -0.3654656 -0.2890245 0.7548054 -0.3014727 -0.5825659 0.9580686 -0.1989629 -0.2061997 0.9582173 -0.198647 -0.2058132 0.9384115 -0.1967761 -0.2840123 0.9395239 -0.1950366 -0.281524 0.9660447 0.1523302 -0.2086943 0.9774931 -0.0222519 -0.2097907 0.9772335 -0.02318239 -0.2108967 0.9627627 -0.02412778 -0.2692691 0.9636829 -0.02202588 -0.2661393 0.927191 0.3204073 -0.1940516 0.9633942 0.1585049 -0.216213 0.9567616 0.1573005 -0.2446711 0.957064 0.1583657 -0.2427938 0.8633695 0.4782872 -0.1607316 0.9039951 0.3556199 -0.237334 0.910713 0.3565887 -0.2084385 0.9109013 0.3576516 -0.2057773 0.7309697 -0.5411911 -0.4156868 0.695403 -0.5067132 -0.509565 0.7081925 -0.6283944 -0.3218446 0.806877 -0.46432 -0.3651799 0.6582552 0.7384524 -0.146247 0.7686547 0.6164432 -0.1707857 0.7834199 0.5713188 -0.244639 0.7792509 -0.417755 -0.4671711 0.8914719 -0.293724 -0.3449699 0.84839 -0.3513475 -0.3959667 0.8681427 -0.3673651 -0.3337233 0.8007038 0.576349 -0.1633866 0.8009911 0.5817235 -0.1414602 0.9314186 -0.2041519 -0.3012995 0.9001084 -0.1829541 -0.3953893 0.9004254 -0.182231 -0.3950012 0.9514722 -0.08288919 -0.2963616 0.3913031 0.9161558 -0.08683538 0.5308148 0.8385211 -0.1229559 0.568186 0.7767902 -0.2715911 0.943871 -0.01765739 -0.3298423 0.9436447 -0.01863068 -0.3304359 0.9641887 -0.03024995 -0.2634864 0.5994448 0.793029 -0.1084948 0.59871 0.7997686 -0.0437805 0.955639 0.1575595 -0.248856 0.9557253 0.1630514 -0.2449563 0.2361843 0.9713826 -0.0251587 0.2896963 0.9205336 -0.2620952 0.3229991 0.9457433 -0.03523385 0.3188482 0.9445683 0.07827359 0.03400987 0.9912375 0.1276389 0.05235373 0.997038 -0.05634105 0.9243557 0.3542981 -0.1415612 0.9220791 0.3631895 -0.1336548 0.05763632 0.9849629 0.1628684 0.06420677 0.9961959 0.05891811 0.97025 0.1403374 -0.197283 0.9638549 0.1579759 -0.2145402 0.963477 0.1418855 -0.2271133 -0.3405513 0.9316847 0.1264449 -0.1730414 0.9849091 -0.003289639 -0.1720789 0.9813045 -0.08619946 0.8209503 0.5709987 0.001156926 0.811312 0.5843526 0.01746767 -0.3317619 0.9095635 0.2502564 -0.1509916 0.9804912 0.1258518 -0.15513 0.9623322 0.2232744 0.9175578 0.3592596 -0.1703534 0.9205721 0.3643249 -0.1407639 0.8168478 0.5606595 -0.1357231 0.9177755 0.3591842 -0.1693369 0.9218592 0.3591569 -0.145541 -0.5013475 0.8094461 0.3056923 -0.3402935 0.9133559 0.2235653 0.5966744 0.7788285 0.1934061 0.6162804 0.7686943 0.1711949 0.3369504 0.8794547 0.3361902 0.8031012 0.5945639 -0.03901731 0.815507 0.5779272 -0.0307995 0.8132895 0.579031 -0.05730146 0.6661829 0.7270564 -0.1661005 -0.6727439 0.6670271 0.3201418 -0.5092464 0.8153691 0.275393 0.3089736 0.8879085 0.3408137 -0.6779366 0.6705514 0.3012689 0.5867143 0.8056138 0.08217597 0.6122628 0.783596 0.1054112 0.4886956 0.8640821 -0.1205767 0.6108433 0.7899975 0.05267375 0.08708566 0.9008812 0.4252402 0.06154823 0.8961992 0.4393621 -0.807695 0.4919524 0.3249799 -0.8117311 0.4951932 0.3096393 0.2975141 0.934732 0.1943233 0.3330718 0.9285579 0.1638395 0.3285449 0.9411049 0.07987529 0.2840981 0.9587774 -0.005856335 -0.1118454 0.8707349 0.4788646 -0.1327318 0.8627589 0.4878827 -0.8996211 0.2962713 0.3207886 -0.9033012 0.2986807 0.3079562 -0.2778682 0.8153926 0.5078626 -0.2933564 0.8069676 0.5125869 0.04263341 0.9629962 0.2661216 0.07583737 0.96617 0.2465045 0.05723625 0.9979132 0.02988761 0.06146109 0.9974513 0.03624385 -0.9506274 0.09094691 0.2967093 -0.953078 0.09257048 0.2882239 -0.4400334 0.7318603 0.5203376 -0.4495112 0.7242406 0.5228914 -0.1606751 0.9365739 0.3114689 -0.134408 0.9451031 0.29785 -0.1640642 0.9843187 0.06480515 -0.1605361 0.9846055 0.06913918 -0.9593002 -0.1167795 0.2571102 -0.9599239 -0.1162855 0.2549976 -0.3299915 0.8807998 0.3395548 -0.3809591 0.9213423 0.0774517 -0.3124039 0.8900249 0.3320539 -0.3455926 0.9321631 0.1078792 -0.6062994 0.6073088 0.5133976 -0.6106924 0.60233 0.5140559 -0.9209107 -0.3292989 0.2085325 -0.9209653 -0.3292573 0.2083573 -0.5769897 0.8089907 0.1123256 -0.4854369 0.7997168 0.3532764 -0.5222693 0.8374223 0.1611179 -0.4937907 0.7925607 0.3577963 -0.7479807 0.4544423 0.4837427 -0.7491931 0.4524624 0.4837225 -0.8252796 -0.5457023 0.1453367 -0.8223401 -0.5481529 0.1525954 -0.7422779 0.6553027 0.140007 -0.6590467 0.6586488 0.3630968 -0.6990583 0.6908071 0.1846702 -0.6580786 0.6599274 0.3625308 -0.4647251 0.885455 0 -0.4647275 0.8854538 0 -0.2393152 0.970942 0 0.9927077 -0.1205471 0 0.9927103 -0.1205251 0 0.9350179 -0.3546006 0 0.2393178 0.9709414 0 0.9350141 -0.3546104 0 0.2393204 0.9709407 0 0.8229874 -0.5680597 0 0.4647206 0.8854574 0 0.4647297 0.8854526 0 0.6631169 -0.7485159 0 0.6631113 0.7485208 0 0.6631113 -0.7485208 0 0.6631169 0.7485159 0 0.4647297 -0.8854526 0 0.8229865 0.5680611 0 0.4647206 -0.8854574 0 0.9350145 0.3546094 0 0.9350183 0.3545997 0 0.2393177 -0.9709413 0 0.9927078 0.1205458 0 0.2393151 -0.970942 0 0.9927105 0.1205237 0 -0.2393125 -0.9709427 0 -0.4647251 -0.885455 0 -0.4647275 -0.8854538 0 -0.6631197 -0.7485134 0 -0.6631225 -0.748511 0 -0.8229874 -0.5680597 0 -0.9350123 -0.3546153 0 -0.9927097 -0.1205306 0 -0.9927103 -0.1205251 0 -0.9927105 0.1205237 0 -0.9927098 0.1205292 0 -0.9350127 0.3546143 0 -0.8229865 0.5680611 0 -0.6631197 0.7485134 0 -0.6631225 0.748511 0 0 0 -1 0 0 -1 0 0 -1 0 0 -1 0 0 -1 0 0 -1 0 0 -1 0 0 -1 0 0 -1 0 0 -1 0 0 -1 0 0 -1 0 0 -1 0 0 -1 0 0 -1 0 0 -1 0 0 -1 0 0 -1 0 0 -1 0 0 -1 0 0 -1 0 0 -1 0 0 -1 0 0 -1 0 0 -1 0 0 -1 0 0 -1 0 0 -1 0 0 -1 0 0 -1 0 0 -1 0 0 -1 0 0 -1 0 0 -1 0 0 -1 0 0 -1 0 0 -1 0 0 -1 0 0 -1 0 0 -1 0 0 -1 0 0 -1 0 0 -1 0 0 -1 0 0 -1 0 0 -1 0 0 -1 0 0 -1 0 0 -1 0 0 -1 0 0 -1 0 0 -1 0 0 -1 0 0 -1 7.94822e-7 0 1 1.66263e-6 0 1 -3.36942e-7 0 1 5.53783e-7 0 1 -1.01695e-6 0 1 1.64723e-7 0 1 -1.40369e-6 0 1 -2.43372e-7 0 1 1.76653e-7 0 1 0 0 1 -6.30326e-7 0 1 6.73333e-7 0 1 -1.37366e-7 0 1 1.97795e-7 0 1 -2.10899e-7 0 1 4.73187e-7 0 1 -3.2045e-7 0 1 2.01686e-7 0 1 0 0 1 -2.23667e-7 0 1 3.15027e-7 0 1 3.75112e-7 0 1 3.29537e-7 0 1 0 0 1 2.04778e-7 0 1 -6.26876e-7 0 1 1.03334e-6 0 1 -9.93663e-7 0 1 1.24468e-7 0 1 5.92755e-7 0 1 6.02309e-7 0 1 2.47426e-7 0 1 -8.54094e-7 0 1 -8.63577e-7 0 1 1.67778e-7 0 1 -3.21221e-7 0 1 1.23303e-6 0 1 -1.24094e-7 0 1 3.7561e-7 0 1 -5.75695e-7 0 -1 4.41266e-7 0 -1 3.43963e-6 0 -1 -5.49796e-7 0 -1 -6.72667e-7 0 -1 2.5652e-6 0 -1 -6.31983e-7 0 -1 -2.69716e-6 0 -1 2.37746e-6 0 -1 -9.78067e-6 0 -1 9.16315e-7 0 -1 6.80512e-7 0 -1 5.10963e-7 0 -1 -5.06775e-6 0 -1 -1.22627e-6 0 -1 3.29634e-7 0 -1 6.24822e-7 0 -1 -3.41821e-7 0 -1 5.25585e-7 0 -1 -1.08127e-6 0 -1 2.71748e-6 0 -1 -5.40121e-6 0 -1 5.70995e-7 0 -1 -6.60967e-7 0 -1 -2.59554e-5 0 -1 2.40327e-6 0 -1 -1.20177e-5 0 -1 1.68438e-5 0 -1 -1.33459e-6 0 -1 -2.59077e-6 0 -1 2.33655e-6 0 -1 -1.79495e-6 0 -1 -4.03538e-6 0 -1 -1.19594e-6 0 -1 1.3523e-6 0 -1 1.39206e-5 0 -1 2.79736e-6 0 -1 -3.60544e-6 0 -1 1.68989e-6 0 -1 -6.66062e-7 0 -1 6.65391e-7 0 -1 -6.12397e-7 0 -1 -2.23638e-6 0 -1 1.32872e-6 0 -1 6.73883e-7 0 -1 -6.65808e-7 0 -1 -5.10067e-7 0 -1 -2.97434e-7 0 -1 -2.41644e-6 0 -1 6.77333e-7 0 -1 -6.52146e-6 0 -1 -6.72095e-7 0 -1 5.65483e-5 0 -1 -1.41319e-6 0 -1 6.76889e-7 0 -1 -0.4657074 -0.8849388 0 -0.2404025 -0.9706734 0 -0.2404044 -0.9706729 0 0.9928443 0.1194163 0 -0.001115381 -0.9999994 0 0.9928435 0.1194234 0 -0.001115381 -0.9999994 0 0.9354068 0.3535735 0 0.2382379 -0.9712069 0 0.9354094 0.3535668 0 0.8236173 0.5671461 0 0.4637262 -0.8859786 0 0.8236203 0.5671416 0 0.4637292 -0.885977 0 0.6639592 0.7477689 0 0.6622896 -0.749248 0 0.6639626 0.7477659 0 0.6622932 -0.7492449 0 0.4657095 0.8849378 0 0.8223559 -0.5689736 0 0.4657125 0.8849362 0 0.8223556 -0.568974 0 0.9925751 -0.1216334 0 0.9346175 -0.3556545 0 0.2403979 0.9706745 0 0.9925742 -0.1216405 0 0.2403995 0.9706741 0 0.001115381 0.9999995 0 0.001115381 0.9999995 0 -0.2382379 0.9712069 0 -0.4637292 0.885977 0 -0.6622968 0.7492417 0 -0.8223497 0.5689826 0 -0.82235 0.5689822 0 -0.9346172 0.3556554 0 -0.9925751 0.1216334 0 -0.9925742 0.1216405 0 -0.9928435 -0.1194232 0 -0.9928444 -0.1194159 0 -0.9354065 -0.3535743 0 -0.935409 -0.3535676 0 -0.8236207 -0.5671412 0 -0.8236203 -0.5671416 0 -0.6639592 -0.7477689 0 -0.6639589 -0.7477691 0 1.36981e-6 0 1 -5.44064e-7 0 1 -1.33391e-6 0 1 -1.32395e-6 0 1 -1.63261e-6 0 1 -3.33606e-7 0 1 2.73927e-6 0 1 5.29635e-7 0 1 -6.65637e-7 0 1 2.74343e-7 0 1 6.6321e-7 0 1 8.05261e-7 0 1 -2.73931e-6 0 1 -7.90721e-7 0 1 -4.06732e-7 0 1 -1.1924e-6 0 1 6.71833e-7 0 1 7.55835e-7 0 1 -5.6555e-7 0 1 -0.6429445 0.7659128 0 -0.6204296 0.7841019 0.01585966 -0.5510495 0.8344727 0 -0.5051009 0.8630604 0 -0.4346203 0.9005216 0.01288342 -0.4238164 0.9055493 0.01898056 -0.3504258 0.9365906 0 -0.2577488 0.966212 0 -0.1977872 0.9799544 0.02386814 -0.1511439 0.9884987 0.005085945 -0.09012633 0.9959304 0 0.00729537 0.9999735 0 0.03860014 0.9991106 0.01696872 0.1228843 0.9924211 0 0.2074489 0.9782459 0 0.2581628 0.9659298 0.01821404 0.3103811 0.9506123 0 0.3612239 0.9324791 0 0.4137305 0.9103991 7.19692e-4 0.5084608 0.8610852 0 0.580262 0.8144299 0 0.4587404 0.8883683 0.0189557 0.6493918 0.7603678 0.01145756 0.7062325 0.70798 0 0.7439878 0.6681932 0 0.6413455 0.7670719 0.01663893 0.8148244 0.579708 0 0.8613695 0.507979 0 0.8894029 0.457122 0.001407861 0.7959242 0.6051694 0.01658082 0.9339009 0.3575302 0.001188039 0.9126935 0.4080792 0.02149385 0.9530465 0.302824 0 0.9754326 0.2202984 0 0.994723 0.1025983 0 0.9988276 0.04841059 0 0.9996885 -0.02371072 0.007801413 0.9827295 0.18404 0.01928997 0.9916105 -0.1292617 0 0.9769757 -0.2133504 0 0.9980974 -0.05719387 0.02303105 0.9541103 -0.299197 0.01243597 0.9274114 -0.374043 0 0.9053484 -0.4246698 0 0.9568362 -0.290124 0.01710432 0.8556634 -0.5175329 0 0.8080899 -0.5890594 0 0.768427 -0.6399245 0.00409311 0.8706746 -0.4916614 0.01395857 0.7471425 -0.6644458 0.0170291 0.7029673 -0.7112222 0 0.6630844 -0.7485447 0 0.5884093 -0.8085317 0.007157981 0.5858637 -0.8103927 0.005261123 0.506319 -0.8623463 0 0.4595163 -0.8881695 0 0.4044655 -0.9143823 0.01768124 0.3706975 -0.9287488 0.0030092 0.3142197 -0.9493504 0 0.2220132 -0.9750437 0 0.2047849 -0.9787511 0.01046532 0.1170161 -0.99313 0 0.03991943 -0.999203 0 0.001420319 -0.9998885 0.01486372 -0.05828243 -0.9983002 0 -0.1246391 -0.9922022 0 -0.1729336 -0.9848942 0.00880444 -0.200447 -0.9797046 0 -0.2531939 -0.9674156 0 -0.3285349 -0.9444885 0.002531647 -0.3332554 -0.9428367 0 -0.4126291 -0.9108991 0 -0.4672756 -0.8841081 0.002564787 -0.492399 -0.8702615 0.01372182 -0.5445089 -0.8387551 0 -0.5897656 -0.8075745 0 -0.6513955 -0.7586742 0.009869635 -0.666269 -0.7457115 0 -0.7275915 -0.6860107 0 -0.7680678 -0.6403632 0.002623379 -0.7885432 -0.61479 0.01526474 -0.8247265 -0.5655319 0 -0.8545573 -0.519357 0 -0.8966131 -0.4427329 0.008523166 -0.9025843 -0.4305123 0.001036047 -0.9368721 -0.3496725 0 -0.9543687 -0.2986309 0 -0.9686444 -0.2478458 0.01733577 -0.9804366 -0.1968349 0 -0.9898557 -0.142077 0 -0.9984704 -0.05527633 0.001178443 -0.9992157 -0.03814631 0.01062828 -0.9987639 0.04970747 0 -0.9946007 0.1037766 0 -0.9812705 0.1924183 0.00913012 -0.9643442 0.2646517 0 -0.9443641 0.328902 0 -0.9840142 0.1773447 0.0162751 -0.9018109 0.4321309 0 -0.8705893 0.4920105 0 -0.9211921 0.3886323 0.01924324 -0.8346723 0.550747 0 -0.7957633 0.6056079 0 -0.8365033 0.5479601 0.001387894 -0.7532768 0.6577033 7.07856e-4 -0.752187 0.6589497 0 1.03672e-6 0 1 -7.54567e-7 0 1 -2.85131e-6 0 1 -9.5865e-7 0 1 2.64358e-6 0 1 8.65127e-7 0 1 -3.54863e-7 0 1 -5.33647e-7 0 1 1.57361e-6 0 1 -1.69738e-6 0 1 -3.86435e-7 0 1 -2.98176e-7 0 1 -2.90452e-7 0 1 1.25493e-7 0 1 8.66277e-6 0 1 -1.73616e-6 0 1 -1.14096e-6 0 1 2.7199e-6 0 1 -0.7365423 0.6763916 0 -0.8233256 0.5675625 -0.002833902 -0.793106 0.6090763 0.003007709 -0.7540903 0.6567279 -0.007504403 -0.8240053 0.5665743 -0.003023445 -0.8617591 0.507287 0.005585312 -0.8489022 0.5285441 0.002527773 -0.90702 0.4210875 0 -0.8715628 0.4902842 0 -0.9443295 0.3289882 0.002968072 -0.9245941 0.3809025 -0.006262362 -0.9221521 0.3867499 -0.007749855 -0.9474896 0.3197813 0.001852929 -0.9699208 0.2434027 0.002978622 -0.9610467 0.2763724 -0.002745985 -0.9850538 0.1722467 0 -0.9818213 0.1897831 -0.003059923 -0.9937182 0.1119123 0 -0.9957705 0.09178465 0.004112958 -0.999641 0.02649158 -0.00400871 -0.9992887 -0.0376892 0.001317322 -0.9998671 0.01618558 -0.001976728 -0.9967674 -0.08022767 -0.004307091 -0.9900779 -0.1403082 0.007712841 -0.9897132 -0.1428235 0.008322179 -0.9809371 -0.1943043 -0.002892255 -0.9558019 -0.2940115 0 -0.9735057 -0.2286628 0 -0.9556125 -0.2946268 -2.16556e-4 -0.9264991 -0.3762971 1.22777e-4 -0.9021309 -0.4314616 -9.04084e-4 -0.9241518 -0.3820231 0.001360893 -0.8906008 -0.454765 -0.004376888 -0.8555741 -0.5175812 0.01012629 -0.8532717 -0.5213404 0.01148152 -0.767595 -0.6409326 -0.001867175 -0.8015695 -0.5979017 0 -0.8260841 -0.5635468 0 -0.7629117 -0.6464881 -0.004361212 -0.654321 -0.7562088 -0.003515064 -0.6969084 -0.7171458 0.004538655 -0.7035269 -0.7106639 0.002613842 -0.5860598 -0.8102023 0.01031953 -0.6485256 -0.7611785 -0.004701852 -0.5830371 -0.8123957 0.009010255 -0.4485933 -0.8936994 -0.008102595 -0.496885 -0.8678165 0 -0.5380575 -0.8429081 0 -0.3694542 -0.9292367 0.00478065 -0.4485199 -0.893736 -0.00812596 -0.368923 -0.9294484 0.004648149 -0.3005566 -0.9537593 -0.003036677 -0.3080071 -0.9513724 -0.00474137 -0.2163696 -0.9762938 0.005886912 -0.2195596 -0.9755874 0.00476855 -0.1127328 -0.9936254 0 -0.1662441 -0.9860847 0 -0.0418055 -0.9991183 -0.003894329 -0.06638783 -0.997725 -0.01172697 0.06444489 -0.9979057 0.00557661 0.01856058 -0.9998271 0.00118798 0.07136327 -0.9974464 0.002842783 0.1823911 -0.9832261 1.18439e-4 0.1753257 -0.9845082 -0.002127647 0.3000187 -0.9539053 -0.00732398 0.2491968 -0.9684529 0 0.2282342 -0.9736063 0 0.3656311 -0.9307592 0.001192569 0.3104074 -0.9505386 -0.01112508 0.4120315 -0.9111693 -6.78e-4 0.4149757 -0.9098325 -2.8894e-4 0.4607049 -0.8875533 5.11558e-4 0.4948011 -0.8689626 0.008725106 0.5344252 -0.845208 -0.003646254 0.5689449 -0.8223757 0 0.6022941 -0.7982743 0 0.6224651 -0.7826344 0.004541754 0.6680998 -0.7440531 -0.005272865 0.7201138 -0.6938555 9.6241e-4 0.6818224 -0.7315164 -0.001435756 0.7469714 -0.664841 -0.004488646 0.7819678 -0.6232819 0.006803333 0.7841948 -0.6204854 0.00603801 0.8727441 -0.488178 0 0.833451 -0.5525936 0 0.817188 -0.576357 -0.004055917 0.8797882 -0.4753402 -0.004959702 0.9063375 -0.4225544 5.30537e-4 0.9172273 -0.398364 -4.33661e-4 0.9277783 -0.3731285 0.001611053 0.9597105 -0.2809156 0.006507277 0.9434084 -0.3316038 -0.00444585 0.9805902 -0.196068 5.58379e-4 0.9727725 -0.2317333 -0.00366038 0.9927209 -0.1204386 0 0.9840143 -0.1780897 0 0.9999536 0.009549975 0.001273095 0.9990119 -0.04440397 -0.001900017 0.9960285 -0.08837145 -0.01085233 0.999512 0.03119647 -0.001673161 0.9938542 0.1104291 0.007691919 0.9963572 0.08524024 0.002519547 0.9804615 0.1967113 0 0.987157 0.1597021 -0.004054486 0.9641123 0.2654721 0.003501117 0.9677838 0.2517826 0 0.9177568 0.3971431 1.48614e-6 0.9378409 0.3470656 -1.63667e-5 0.942627 0.3338358 -0.002871096 0.9043264 0.4268189 -0.004410803 0.8712815 0.4906689 0.01061701 0.8778839 0.4788158 0.007436692 0.7910534 0.6117472 0 0.8253015 0.5646923 0 0.8505146 0.5259498 -0.001284778 0.7898473 0.6133033 -6.66918e-4 0.6865685 0.7270621 -0.002133429 0.7248963 0.6888506 0.003189563 0.7342684 0.6788592 4.0487e-4 0.6159969 0.787669 0.01120138 0.674291 0.7384525 -0.004423499 0.6151254 0.7883551 0.01081991 0.4863154 0.8737694 -0.00495094 0.5329459 0.8461493 0 0.5711576 0.8208404 0 0.4020687 0.915598 0.004597485 0.4781984 0.8782144 -0.008118927 0.4003792 0.9163398 0.004232466 0.2544671 0.9670609 0.006307303 0.3380184 0.941132 -0.003765523 0.3414314 0.9398959 -0.004523038 0.2447645 0.9695785 0.002797424 0.1397845 0.990182 0 0.1915073 0.9814912 0 0.05149477 0.9986698 0.002647876 0.1073479 0.9941781 -0.009292483 0.01392459 0.999903 -4.68963e-4 -0.0655514 0.9978219 0.007384479 -0.05054855 0.9987197 0.001989424 -0.1307162 0.991418 -0.001914501 -0.1691923 0.9855812 0.001962542 -0.1836422 0.9829932 0 -0.2722625 0.962223 3.4161e-4 -0.2715867 0.9624141 0 -0.3636659 0.9315295 -1.1638e-4 -0.4354465 0.9002146 0 -0.3643171 0.931275 0 -0.5076276 0.8615764 5.97336e-4 -0.4586321 0.8885787 -0.009200155 -0.552733 0.8333583 3.40707e-4 -0.5319368 0.8467841 -5.21367e-5 -0.5789427 0.8153575 -0.004209339 -0.6415904 0.7669569 0.01179587 -0.6220664 0.7829387 0.006368696 -0.6662874 0.7456951 0 5.88145e-6 0 -1 8.48536e-6 0 -1 1.86116e-4 0 -1 1.3337e-6 0 -1 4.10405e-7 0 -1 8.02955e-7 0 -1 -1.42612e-6 0 -1 -3.30401e-7 0 -1 -6.06311e-6 0 -1 -2.30509e-6 0 -1 -1.20457e-6 0 -1 -4.9152e-6 0 -1 2.31591e-6 0 -1 -2.76306e-6 0 -1 3.42351e-6 0 -1 1.60092e-5 0 -1 6.71406e-7 0 -1 1.31257e-6 0 -1 -3.24152e-7 0 -1 -9.93826e-7 0 -1 -7.58265e-5 0 -1 -1.97161e-4 0 -1 3.62205e-6 0 -1 8.73743e-7 0 -1 -5.41963e-7 0 -1 -1.68572e-5 0 -1 -3.61668e-7 0 -1 1.3133e-5 0 -1 -1.70146e-6 0 -1 3.09893e-6 0 -1 -1.41854e-6 0 -1 3.82504e-6 0 -1 -4.48479e-6 0 -1 -2.49446e-7 0 -1 -8.69354e-6 0 -1 -6.35274e-7 0 -1 0.8577985 -0.2789082 0.4317315 0.6725279 0.7357964 0.07943487 -0.7497316 0.6459922 -0.1435152 0.6673494 0.7394698 0.08848285 0.7970526 -0.4892603 0.3540223 0.8685994 -0.4696349 0.1580456 0.7944483 -0.4947694 0.3522146 0.836323 -0.5102865 0.2004287 0.9294134 -0.08592104 0.3588988 0.9293801 -0.08611553 0.3589386 0.4772418 0.8759189 0.07075512 0.4839202 0.8750854 0.006862163 0.4685029 0.8830759 0.02611881 0.9564601 0.1206525 0.2657579 0.9566749 0.1160093 0.2670487 0.8971061 -0.2959954 0.3280051 0.894663 -0.3059374 0.3255464 0.9282207 -0.3070552 0.2100562 0.9513428 -0.2594652 0.166207 0.259334 0.9653451 0.02923583 0.2585649 0.9654307 0.03298419 0.2486206 0.9676283 -0.04339808 0.267857 0.9613202 -0.06415849 0.9665526 0.1144582 0.2295114 0.954012 -0.09077668 0.2856937 0.9722092 -0.09455078 0.2141718 0.9535569 -0.1012212 0.2836963 -0.7317198 0.6151164 -0.2936292 0.9858707 -0.03580564 0.1636369 0.9300857 0.3342077 0.1524663 0.9327341 0.3254008 0.1553111 0.03131669 0.9993591 -0.01733702 0.02768391 0.9995988 -0.006002247 0.9701411 0.117396 0.212237 0.9699552 0.1907402 0.1510143 0.9295482 0.3345907 0.1548849 0.9667516 0.1176894 0.2270253 0.02002197 0.993845 -0.108955 0.04003757 0.9908829 -0.1286396 0.8426671 0.5380356 0.02073734 0.833328 0.5525637 0.01542091 -0.2019402 0.9776201 -0.05898398 -0.2051549 0.9773917 -0.05115532 0.930383 0.3301847 0.1592664 0.9206538 0.3301172 0.2083727 0.9032895 0.4083638 0.1315571 -0.1890459 0.9640691 -0.186635 -0.2076829 0.9637438 -0.1675285 0.6695098 0.7323104 -0.124411 0.6880784 0.7161059 -0.1172205 -0.424063 0.8999485 -0.1013078 -0.6194098 0.7490308 -0.2351263 -0.4280251 0.8989039 -0.09362852 -0.6116513 0.779791 -0.1334491 0.8358927 0.5451194 0.06425386 0.8246759 0.5614883 0.06812292 0.788583 0.6053913 0.1078811 0.8162121 0.5446427 0.1927754 -0.5614356 0.7155846 -0.4156066 -0.3418856 0.769429 -0.5395308 -0.4210487 0.8803505 -0.2184058 -0.6024141 0.756403 -0.2548565 -0.4076235 0.8831318 -0.2322099 0.4647211 0.8499982 -0.2480677 0.4900701 0.8376438 -0.2412143 0.6322116 0.7711317 0.07526284 0.6586974 0.7518155 -0.0298559 0.6823368 0.7301459 -0.03610652 0.6615794 0.7336693 0.1550551 0.2746828 0.8986101 -0.3421245 0.2451161 0.9051082 -0.3474153 0.4425517 0.8960661 0.0348342 0.4683576 0.8770649 0.1067636 0.4875298 0.8629419 -0.1328386 0.2357307 0.9433233 -0.2336072 0.4541783 0.8821567 -0.1245864 0.03091627 0.9066261 -0.4208006 0.05693966 0.9065344 -0.4182742 0.2301775 0.9729714 -0.01857197 0.2521476 0.9662973 0.05187529 0.2707706 0.9438444 -0.1893178 -0.1555372 0.8681889 -0.4712285 -0.3848814 0.7754438 -0.500553 -0.1763762 0.8642131 -0.4711978 0.01408374 0.9616889 -0.273781 0.007267296 0.9966031 -0.08203351 0.04883641 0.9574716 -0.2843647 0.02435004 0.9996604 -0.009276449 -0.3703506 0.7881745 -0.4915501 -0.5594611 0.7074998 -0.4317957 -0.5256126 0.6622617 -0.5339859 -0.423344 0.8938028 -0.1479744 -0.214008 0.9696507 -0.1182298 -0.173007 0.9259581 -0.3356638 -0.2069592 0.9765567 -0.05920225 -0.2009807 0.9244424 -0.3240575 -0.4011679 0.8432025 -0.357874 -0.5906769 0.7564812 -0.2807794 -0.6076712 0.7675768 -0.2038666 -0.4223631 0.893442 -0.1528756 -0.3846156 0.8474534 -0.3659147 -0.6131969 0.692687 -0.3797028 -0.6171374 0.7785596 -0.1139586 -0.7677326 0.5901735 -0.2495634 -0.8331397 0.5225498 -0.1811637 -0.7586742 0.591961 -0.2720219 -0.732505 0.5407787 -0.4135152 -0.7713923 0.5688709 -0.2852017 -0.9066683 0.3738395 -0.1954397 -0.9069159 0.3734925 -0.1949535 -0.8843258 0.3665454 -0.2891579 -0.8844063 0.3664538 -0.2890281 -0.7544683 0.302318 -0.5825647 -0.9578478 0.2000271 -0.2061963 -0.9579976 0.1997154 -0.205802 -0.9381933 0.197811 -0.2840148 -0.9393076 0.1960811 -0.2815198 -0.9662104 -0.1512699 -0.2086984 -0.9774653 0.02335953 -0.2097998 -0.9772077 0.02427393 -0.2108927 -0.9627367 0.02519363 -0.2692649 -0.9636542 0.023108 -0.2661516 -0.9275487 -0.31937 -0.1940523 -0.9635697 -0.1574318 -0.216215 -0.9569323 -0.1562347 -0.2446866 -0.95724 -0.1573045 -0.2427901 -0.8639014 -0.4773284 -0.1607235 -0.9043948 -0.3546046 -0.2373309 -0.9111112 -0.3555672 -0.2084428 -0.9113031 -0.3566305 -0.2057705 -0.7303667 0.5419992 -0.4156938 -0.6948416 0.5074843 -0.5095635 -0.7074935 0.629179 -0.321849 -0.8063507 0.4652331 -0.3651807 -0.6590712 -0.7377215 -0.146261 -0.7693454 -0.6155778 -0.1707975 -0.784059 -0.570447 -0.2446261 -0.7787829 0.4186254 -0.4671726 -0.8911476 0.2947127 -0.3449643 -0.8480002 0.3522899 -0.3959641 -0.8677335 0.3683362 -0.3337172 -0.8013463 -0.5754529 -0.1633965 -0.8016351 -0.5808332 -0.1414713 -0.9311881 0.2052066 -0.3012956 -0.8999019 0.183961 -0.3953922 -0.9002237 0.1832305 -0.3949986 -0.9513801 0.08394521 -0.2963599 -0.3923335 -0.9157152 -0.0868346 -0.531745 -0.8379316 -0.1229553 -0.5690494 -0.7761599 -0.2715858 -0.9438515 0.01870858 -0.3298401 -0.9436251 0.01967048 -0.3304314 -0.9641552 0.03131937 -0.263484 -0.6003274 -0.792361 -0.1084943 -0.5996004 -0.7991012 -0.04378014 -0.9558139 -0.1564909 -0.2488584 -0.955908 -0.1619852 -0.2449505 -0.2372658 -0.9711192 -0.02515125 -0.2907332 -0.9202111 -0.2620799 -0.3240607 -0.9453805 -0.03521943 -0.3199086 -0.9442067 0.0783087 -0.03511285 -0.9911902 0.1277076 -0.05346024 -0.9969812 -0.05630874 -0.9247516 -0.3532615 -0.1415657 -0.9224848 -0.3621574 -0.1336566 -0.0587272 -0.9848987 0.1628673 -0.06531029 -0.9961226 0.0589444 -0.9703903 -0.1392598 -0.1973566 -0.9640305 -0.1569036 -0.2145383 -0.9636341 -0.1408168 -0.2271121 0.3394906 -0.9320717 0.1264456 0.1719306 -0.9851058 -0.002558171 0.1709861 -0.981499 -0.0861603 -0.8215846 -0.5700857 0.001160621 -0.8119633 -0.5834471 0.01746535 0.330744 -0.9099398 0.250236 0.1499046 -0.9806641 0.1258044 0.1540649 -0.9625036 0.2232736 -0.917948 -0.3582455 -0.170387 -0.9209775 -0.3632972 -0.1407681 -0.8174771 -0.5597512 -0.1356831 -0.9181848 -0.3581555 -0.1692969 -0.9222613 -0.358124 -0.1455382 0.5004593 -0.8100317 0.3055965 0.3392946 -0.9137614 0.2234261 -0.5975418 -0.7781617 0.1934121 -0.6171408 -0.7680042 0.1711918 -0.8037648 -0.5936664 -0.03901612 -0.8161519 -0.5770149 -0.03082227 -0.8139383 -0.5781179 -0.05730676 -0.6669989 -0.7263109 -0.1660875 0.6719897 -0.6677644 0.3201883 0.50832 -0.8159235 0.2754625 -0.3104118 -0.8840941 0.349317 -0.33771 -0.8824048 0.3275879 0.6771943 -0.6713365 0.3011896 -0.2964626 -0.93904 0.1741085 -0.5876116 -0.8049598 0.08217358 -0.6131348 -0.7829141 0.1054113 -0.4896594 -0.8635361 -0.1205779 -0.6117219 -0.7893173 0.0526756 -0.06254261 -0.896134 0.4393544 -0.08808499 -0.9007819 0.4252448 0.8071217 -0.4928287 0.3250764 0.811226 -0.4961289 0.3094649 -0.3348508 -0.9240549 0.1843842 -0.04230034 -0.966432 0.2534163 -0.3295915 -0.9407379 0.07988566 -0.2851678 -0.9584595 -0.005892515 0.1108819 -0.8708582 0.4788646 0.1317635 -0.8629094 0.4878789 0.8992747 -0.2972749 0.3208311 0.9029675 -0.2996833 0.3079603 0.2769616 -0.8156972 0.5078687 0.2924455 -0.8072973 0.5125883 -0.07789295 -0.9627426 0.2589581 -0.05834364 -0.9978498 0.02986335 -0.06257367 -0.9973818 0.03625392 0.9505344 -0.09200769 0.29668 0.9529651 -0.09362882 0.2882553 0.4392071 -0.7323597 0.5203331 0.4487105 -0.7247326 0.5228973 0.159624 -0.9367538 0.3114686 0.1333479 -0.9452523 0.2978532 0.1629617 -0.9845013 0.06481403 0.1594307 -0.9847859 0.06912809 0.3299241 -0.8829321 0.3340377 0.9594315 0.1156989 0.2571091 0.9600593 0.1152085 0.2549772 0.3799341 -0.921766 0.07744419 0.3445581 -0.9325465 0.1078745 0.3104038 -0.8887546 0.3372905 0.6056249 -0.6079776 0.5134024 0.610015 -0.6030174 0.5140543 0.921278 0.3282698 0.2085324 0.9213303 0.3282367 0.2083532 0.57609 -0.8096321 0.1123222 0.6584542 -0.6595668 0.3625047 0.5213302 -0.8380076 0.161116 0.4929146 -0.793104 0.3578008 0.4845451 -0.8002588 0.3532732 0.7474758 -0.4552717 0.4837436 0.7486882 -0.4533012 0.4837191 0.8258818 0.544787 0.1453492 0.8229542 0.5472282 0.1526038 0.7415459 -0.6561306 0.1400087 0.6982899 -0.6915819 0.1846776 0.6571719 -0.6605193 0.363097 0.8577277 -0.2790898 0.4317548 -0.9927077 -0.1205471 0 -0.2393178 0.9709414 0 -0.9350179 -0.3546006 0 -0.6631169 0.7485159 0 -0.9927091 -0.1205361 0 -0.4647297 0.8854526 0 -0.9350141 -0.3546104 0 -0.9350145 0.3546094 0 -0.9927091 0.1205347 0 -0.9350183 0.3545997 0 -0.4647297 -0.8854526 0 -0.6631169 -0.7485159 0 -0.9927078 0.1205458 0 -0.2393151 -0.970942 0 0.4647251 -0.885455 0 0.6631141 -0.7485184 0 0.935016 -0.3546055 0 0.9927091 -0.1205361 0 0.9927091 0.1205347 0 0.9350165 0.3546046 0 0.6631141 0.7485184 0 0.4647251 0.885455 0 0 0 -1 0 0 -1 0 0 -1 0 0 -1 0 0 -1 0 0 -1 0 0 -1 0 0 -1 0 0 -1 0 0 -1 0 0 -1 0 0 -1 0 0 -1 0 0 -1 0 0 -1 0 0 -1 0 0 -1 0 0 -1 0 0 -1 0 0 -1 0 0 -1 0 0 -1 0 0 -1 0 0 -1 0 0 -1 0 0 -1 0 0 -1 0 0 -1 0 0 -1 0 0 -1 0 0 -1 0 0 -1 0 0 -1 0 0 -1 0 0 -1 0 0 -1 0 0 -1 0 0 -1 0 0 -1 0 0 -1 0 0 -1 0 0 -1 0 0 -1 0 0 -1 0 0 -1 0 0 -1 0 0 -1 0 0 -1 0 0 -1 0 0 -1 0 0 -1 0 0 -1 0 0 -1 0 0 -1 -4.96776e-7 0 1 2.24124e-7 0 1 2.134e-7 0 1 -1.4548e-6 0 1 1.68472e-7 0 1 -4.15344e-7 0 1 6.35584e-7 0 1 1.77331e-7 0 1 -2.24177e-7 0 1 8.33474e-7 0 1 -4.9628e-7 0 1 1.21687e-7 0 1 0 0 1 0 0 1 -2.0963e-7 0 1 0 0 1 0 0 1 5.84133e-7 0 1 4.33346e-7 0 1 -8.29075e-7 0 1 1.50284e-7 0 1 -6.73343e-7 0 1 -2.0536e-6 0 1 1.37365e-7 0 1 -1.29698e-7 0 1 2.51163e-7 0 1 -2.63723e-7 0 1 2.10901e-7 0 1 -4.73177e-7 0 1 -4.3147e-7 0 1 -1.57513e-7 0 1 5.71954e-7 0 1 -3.29539e-7 0 1 6.26877e-7 0 1 -1.254e-7 0 1 -1.03334e-6 0 1 0 0 1 9.93659e-7 0 1 0 0 1 -5.92763e-7 0 1 1.26674e-7 0 1 0 0 1 -6.023e-7 0 1 -2.47427e-7 0 1 -3.3556e-7 0 1 0 0 1 1.60611e-7 0 1 2.48187e-7 0 1 -5.00813e-7 0 1 1.26396e-6 0 -1 -6.59563e-7 0 -1 2.69721e-6 0 -1 -3.45815e-6 0 -1 -4.58157e-7 0 -1 -6.24819e-7 0 -1 -2.71748e-6 0 -1 -3.56874e-7 0 -1 6.60967e-7 0 -1 -2.7108e-6 0 -1 3.73274e-5 0 -1 -2.40329e-6 0 -1 -2.45002e-5 0 -1 6.67297e-7 0 -1 3.45436e-6 0 -1 -2.67037e-6 0 -1 4.03564e-6 0 -1 1.19594e-6 0 -1 -8.70051e-6 0 -1 -6.73742e-7 0 -1 4.36531e-7 0 -1 1.18457e-6 0 -1 -1.52313e-6 0 -1 3.60534e-6 0 -1 -1.35194e-6 0 -1 -5.56529e-7 0 -1 3.33033e-7 0 -1 -6.23018e-6 0 -1 -9.04072e-7 0 -1 -5.61422e-7 0 -1 6.12386e-7 0 -1 2.23637e-6 0 -1 -6.73893e-7 0 -1 6.65804e-7 0 -1 1.2082e-6 0 -1 -2.64642e-6 0 -1 3.26064e-6 0 -1 1.34419e-6 0 -1 -4.28404e-5 0 -1 7.06599e-7 0 -1 -1.35377e-6 0 -1 0.4657074 -0.8849388 0 0.4657104 -0.8849372 0 0.2404078 -0.970672 0 0.2404059 -0.9706726 0 -0.9928426 0.1194307 0 -0.9928426 0.1194306 0 0.001115381 -0.9999994 0 0.001115381 -0.9999994 0 -0.9354143 0.353554 0 -0.2382345 -0.9712077 0 -0.9354092 0.353567 0 -0.2382328 -0.9712082 0 -0.8236203 0.5671416 0 -0.4637352 -0.8859739 0 -0.8236173 0.5671461 0 -0.6639553 0.7477723 0 -0.6622859 -0.7492513 0 -0.6639519 0.7477753 0 -0.6622896 -0.749248 0 -0.4657185 0.884933 0 -0.8223487 -0.5689839 0 -0.8223524 -0.5689785 0 -0.93462 -0.3556482 0 -0.9346248 -0.3556354 0 -0.2403944 0.9706753 0 -0.9925734 -0.1216478 0 -0.9925725 -0.1216549 0 -0.001115381 0.9999994 0 -0.001115381 0.9999994 0 0.2382345 0.9712077 0 0.4637382 0.8859723 0 0.4637322 0.8859755 0 0.6622896 0.749248 0 0.82235 0.5689822 0 0.8223497 0.5689826 0 0.9346221 0.3556427 0 0.9925725 0.1216549 0 0.9925734 0.1216478 0 0.9928418 -0.1194376 0 0.9928427 -0.1194303 0 0.9354137 -0.3535552 0 0.9354114 -0.3535612 0 0.8236173 -0.5671461 0 0.8236203 -0.5671416 0 0.6639519 -0.7477753 0 0.6639516 -0.7477756 0 7.95455e-7 0 1 -1.7123e-6 0 1 -4.10731e-7 0 1 -8.14872e-7 0 1 -4.16047e-7 0 1 1.32395e-6 0 1 -2.60914e-7 0 1 8.16313e-7 0 1 -1.0287e-6 0 1 6.67211e-7 0 1 -2.67095e-7 0 1 -2.55518e-7 0 1 -1.97958e-6 0 1 -2.64818e-7 0 1 -6.63207e-7 0 1 -2.60253e-7 0 1 -6.79438e-7 0 1 2.73931e-6 0 1 -5.13398e-7 0 1 -1.27037e-7 0 1 2.74375e-7 0 1 5.96196e-7 0 1 -1.36813e-6 0 1 -6.76883e-7 0 1 2.92826e-7 0 1 -3.77918e-7 0 1 -5.70399e-7 0 1 -3.41047e-7 0 1 0.6429445 0.7659128 0 0.5510334 0.8344832 0 0.5051009 0.8630604 0 0.4346239 0.9005199 0.0128858 0.6204275 0.7841033 0.01586401 0.3504213 0.9365922 0 0.2577467 0.9662126 0 0.4238214 0.905547 0.01897865 0.1511484 0.988498 0.005084216 0.0901193 0.995931 0 -0.00729537 0.9999735 0 0.1977848 0.979955 0.02386581 -0.1228882 0.9924205 0 -0.2074471 0.9782463 0 -0.0386005 0.9991107 0.01696723 -0.3103726 0.9506151 0 -0.3612239 0.9324791 0 -0.4137409 0.9103945 7.17411e-4 -0.2581616 0.9659301 0.0182116 -0.5084566 0.8610876 0 -0.5802761 0.8144199 0 -0.4587367 0.8883702 0.01895207 -0.649378 0.7603795 0.0114631 -0.7062652 0.7079474 0 -0.743972 0.6682108 0 -0.6413522 0.7670662 0.01663625 -0.8148301 0.5796998 0 -0.8613695 0.507979 0 -0.8893915 0.4571442 0.001406669 -0.7959241 0.6051694 0.01658749 -0.9339069 0.3575143 0.001195132 -0.9531375 0.3025374 0 -0.9754326 0.2202984 0 -0.9126918 0.4080828 0.02150094 -0.9947243 0.1025847 0 -0.9988247 0.04847019 0 -0.9996879 -0.02372932 0.007811188 -0.9827287 0.1840442 0.01928985 -0.9916145 -0.1292318 0 -0.9769695 -0.213379 0 -0.998098 -0.05718559 0.02302658 -0.9541184 -0.299171 0.01243907 -0.927397 -0.3740785 0 -0.9053619 -0.4246411 0 -0.9568377 -0.29012 0.01709753 -0.8556602 -0.517538 0 -0.808114 -0.5890262 0 -0.7684272 -0.6399242 0.004100322 -0.8706641 -0.49168 0.01396024 -0.7471447 -0.6644431 0.01703524 -0.7029491 -0.7112403 0 -0.6631703 -0.7484686 0 -0.5884049 -0.8085348 0.007162392 -0.5858578 -0.8103968 0.005261421 -0.5063444 -0.8623313 0 -0.4595163 -0.8881695 0 -0.4044655 -0.9143823 0.01768243 -0.3706946 -0.92875 0.0030092 -0.3142197 -0.9493504 0 -0.2220168 -0.9750429 0 -0.2047849 -0.9787511 0.01046699 -0.1170065 -0.9931312 0 -0.03991979 -0.9992029 0 -0.001420319 -0.9998885 0.01486635 0.05828469 -0.9983 0 0.1246391 -0.9922022 0 0.200441 -0.9797059 0 0.1729326 -0.9848943 0.00880438 0.2531693 -0.9674221 0 0.3285406 -0.9444866 0.002531647 0.3332574 -0.9428359 0 0.4125716 -0.9109252 0 0.4672794 -0.884106 0.002567172 0.5445154 -0.838751 0 0.5897902 -0.8075566 0 0.4923922 -0.8702653 0.01372289 0.666269 -0.7457115 0 0.7275915 -0.6860107 0 0.7680681 -0.6403629 0.002623379 0.6514008 -0.7586697 0.00986582 0.8247084 -0.5655583 0 0.8545573 -0.519357 0 0.7885383 -0.6147963 0.01526278 0.9025889 -0.4305025 0.001036822 0.9368721 -0.3496725 0 0.9543687 -0.2986309 0 0.8966192 -0.4427207 0.008522927 0.9804366 -0.1968349 0 0.9897544 -0.1427811 0 0.9984707 -0.05527037 0.001185953 0.9686444 -0.2478458 0.01733577 0.9987599 0.0497874 0 0.9946036 0.1037474 0 0.9992154 -0.03815108 0.0106346 0.9840133 0.1773493 0.01628106 0.981274 0.1924002 0.009137213 0.964324 0.2647249 0 0.9443708 0.3288828 0 0.9211919 0.3886322 0.01925009 0.9018048 0.432144 0 0.8706548 0.4918947 0 0.8365102 0.5479497 0.00138843 0.8346795 0.5507362 0 0.795468 0.6059957 0 0.753277 0.6577031 7.04506e-4 0.7521907 0.6589455 0 -2.07345e-6 0 1 1.91728e-6 0 1 -1.98266e-6 0 1 -1.73025e-6 0 1 -2.51778e-6 0 1 3.39476e-6 0 1 -4.38185e-7 0 1 -4.12896e-7 0 1 -8.66285e-6 0 1 -6.6544e-7 0 1 0.736548 0.6763854 0 0.8233914 0.5674669 -0.002849519 0.793095 0.6090906 0.003010511 0.7540798 0.65674 -0.007501661 0.8240214 0.5665508 -0.003019928 0.8617626 0.5072812 0.005585312 0.8484897 0.529206 0.002526581 0.9070141 0.4211004 0 0.8715579 0.4902928 0 0.9443258 0.3289986 0.002968788 0.9246271 0.3808224 -0.006247937 0.9221521 0.3867498 -0.007755815 0.9475935 0.3194735 0.00183171 0.9699236 0.2433918 0.00297898 0.9610436 0.2763835 -0.002747476 0.9850538 0.1722467 0 0.9818213 0.1897831 -0.003059923 0.9937164 0.111928 0 0.9957686 0.09180426 0.004120528 0.9996414 0.02648156 -0.004001259 0.999288 -0.03770589 0.001324772 0.9998667 0.0162093 -0.001969337 0.9967666 -0.08023738 -0.004301965 0.9900779 -0.1403082 0.007714152 0.9897153 -0.1428095 0.008319973 0.9558047 -0.2940026 0 0.9734883 -0.2287372 0 0.9809349 -0.1943147 -0.002899706 0.9556179 -0.2946092 -2.10834e-4 0.9020898 -0.4315475 -9.15041e-4 0.9241613 -0.3820003 0.00135672 0.9264876 -0.3763254 1.28676e-4 0.8906164 -0.4547343 -0.004372119 0.8532743 -0.521336 0.01148158 0.855522 -0.5176671 0.01014405 0.7675949 -0.6409326 -0.00187242 0.8017064 -0.5977181 0 0.8260775 -0.5635564 0 0.7629117 -0.646488 -0.004367411 0.6544806 -0.756071 -0.003470718 0.6968992 -0.7171548 0.004542112 0.7035522 -0.7106389 0.002607583 0.5860568 -0.8102043 0.01032251 0.6485256 -0.7611785 -0.004701852 0.5830124 -0.8124135 0.009003341 0.4485933 -0.8936994 -0.008098781 0.496885 -0.8678165 0 0.5380487 -0.8429138 0 0.3694573 -0.9292355 0.00478065 0.44852 -0.893736 -0.008128345 0.3689391 -0.9294419 0.004648387 0.3005566 -0.9537593 -0.003036677 0.3080123 -0.9513707 -0.004744768 0.2163652 -0.9762948 0.005891203 0.2195541 -0.9755887 0.004765212 0.1127343 -0.9936252 0 0.1662487 -0.9860839 0 0.0418055 -0.9991182 -0.003896057 0.06638747 -0.997725 -0.01172548 -0.06444621 -0.9979057 0.005580008 -0.01857066 -0.9998269 0.001188635 -0.07136261 -0.9974464 0.002842783 -0.1823929 -0.9832258 1.17879e-4 -0.1753242 -0.9845085 -0.002125918 -0.3000363 -0.9538997 -0.007328271 -0.2491742 -0.9684587 0 -0.2285108 -0.9735414 0 -0.3656221 -0.9307626 0.001191318 -0.3104074 -0.9505385 -0.01112651 -0.4120239 -0.9111728 -6.79281e-4 -0.4149876 -0.9098271 -2.81139e-4 -0.4607115 -0.8875498 5.17496e-4 -0.4947923 -0.8689675 0.008729994 -0.5344211 -0.8452106 -0.003645062 -0.5689449 -0.8223757 0 -0.6023028 -0.7982677 0 -0.6224559 -0.7826417 0.004540503 -0.6681041 -0.7440492 -0.005272924 -0.7201402 -0.6938279 9.64658e-4 -0.6818224 -0.7315164 -0.001436352 -0.7469714 -0.6648411 -0.004482805 -0.7819564 -0.6232962 0.006806194 -0.7843831 -0.6202479 0.005975067 -0.8171786 -0.5763703 -0.004058361 -0.8727522 -0.4881635 0 -0.8334404 -0.5526095 0 -0.8797913 -0.4753344 -0.004957377 -0.906347 -0.4225338 5.32887e-4 -0.9172061 -0.398413 -4.30469e-4 -0.9277783 -0.3731285 0.001617729 -0.9434054 -0.3316122 -0.004438757 -0.9597041 -0.2809377 0.006510257 -0.9805817 -0.1961106 5.58201e-4 -0.9727818 -0.2316945 -0.003660738 -0.9927209 -0.1204386 0 -0.9840143 -0.1780897 0 -0.9999539 0.009516775 0.001265645 -0.9990139 -0.0443592 -0.001907527 -0.9960295 -0.08835953 -0.01085716 -0.9995129 0.03116613 -0.001675844 -0.9938534 0.1104363 0.007695376 -0.9963551 0.08526545 0.002519428 -0.9804731 0.1966536 0 -0.9871556 0.1597113 -0.004047393 -0.9641147 0.2654631 0.003500521 -0.9677807 0.2517949 0 -0.9177741 0.397103 8.91698e-6 -0.9378253 0.3471077 -9.98998e-6 -0.9426339 0.3338161 -0.002871155 -0.9043191 0.4268344 -0.004410803 -0.8712763 0.4906783 0.01060992 -0.8779382 0.4787153 0.007502257 -0.7910674 0.6117292 0 -0.8251933 0.5648506 0 -0.8505146 0.5259498 -0.001290321 -0.7898517 0.6132975 -6.66055e-4 -0.6865685 0.7270621 -0.002128005 -0.724891 0.6888563 0.003188252 -0.7342515 0.6788775 4.06451e-4 -0.6159912 0.7876734 0.01120126 -0.6742957 0.7384482 -0.004425883 -0.6151252 0.7883552 0.01082265 -0.5711576 0.8208404 0 -0.4862934 0.8737816 -0.00495398 -0.5330098 0.8461091 0 -0.4782094 0.8782085 -0.008116662 -0.4020653 0.9155995 0.004599809 -0.4003583 0.9163489 0.00423938 -0.3414374 0.9398937 -0.004520773 -0.2544654 0.9670614 0.006307244 -0.3380073 0.941136 -0.003761053 -0.2447595 0.9695799 0.002796709 -0.1915073 0.9814912 0 -0.1397845 0.990182 0 -0.05149537 0.9986698 0.002648591 -0.1073493 0.994178 -0.009290933 -0.01392382 0.999903 -4.70607e-4 0.06555187 0.9978219 0.007382869 0.05054903 0.9987196 0.001988828 0.1307144 0.9914183 -0.001912772 0.1691923 0.9855812 0.001962542 0.183651 0.9829915 0 0.2715832 0.962415 0 0.2722591 0.962224 3.42557e-4 0.3636844 0.9315223 -1.16029e-4 0.4354501 0.9002129 0 0.3643234 0.9312725 0 0.4586297 0.88858 -0.009199321 0.5076348 0.8615722 5.96069e-4 0.5318992 0.8468078 -5.47397e-5 0.5527424 0.8333522 3.40712e-4 0.5789337 0.8153639 -0.004206836 0.6220673 0.782938 0.006368696 0.6415904 0.7669568 0.01180011 0.6662918 0.7456911 0 3.08044e-7 0 -1 -2.94053e-6 0 -1 -1.69726e-5 0 -1 -9.67098e-5 0 -1 -1.0003e-6 0 -1 -2.51426e-6 0 -1 -8.02955e-7 0 -1 -3.65993e-7 0 -1 -3.06273e-6 0 -1 1.01767e-6 0 -1 3.03122e-6 0 -1 2.73184e-6 0 -1 -3.82141e-7 0 -1 1.31483e-6 0 -1 9.82917e-6 0 -1 7.87694e-7 0 -1 -2.10042e-6 0 -1 0 0 -1 -1.73693e-6 0 -1 1.56265e-6 0 -1 -3.42332e-6 0 -1 2.37434e-7 0 -1 -1.28429e-5 0 -1 -8.00589e-6 0 -1 -1.93763e-6 0 -1 -2.47884e-7 0 -1 -6.76776e-7 0 -1 0 0 -1 9.93838e-7 0 -1 7.69147e-7 0 -1 4.32591e-5 0 -1 -3.67275e-7 0 -1 -8.28131e-7 0 -1 1.9755e-4 0 -1 -1.18973e-6 0 -1 3.38727e-7 0 -1 -3.07025e-7 0 -1 -6.56616e-6 0 -1 -1.79164e-6 0 -1 1.41856e-6 0 -1 -1.0088e-6 0 -1 -1.92753e-6 0 -1 3.22344e-6 0 -1 0 0 -1 -1.53539e-6 0 -1 8.69323e-6 0 -1 1.92058e-6 0 -1 1.40797e-5 0 -1 -6.42929e-7 0 -1 -0.8577316 -0.2790815 0.4317523 -0.8578013 -0.2789036 0.4317287 0.7497282 0.6459901 -0.1435429 -0.672523 0.7357997 0.07944679 -0.6673607 0.7394598 0.08848083 -0.7970541 -0.4892563 0.3540242 -0.8685995 -0.469635 0.1580439 -0.7944449 -0.4947742 0.3522157 -0.8363207 -0.5102889 0.2004318 -0.9294134 -0.08592098 0.3588988 -0.9293785 -0.08612382 0.3589406 -0.4772403 0.875917 0.07079011 -0.4685029 0.8830757 0.0261237 -0.4839225 0.8750841 0.006862163 -0.9564607 0.1206526 0.2657553 -0.9566752 0.1160158 0.2670448 -0.9513442 -0.2594583 0.1662095 -0.8971072 -0.2959904 0.3280069 -0.8946679 -0.3059236 0.325546 -0.9282232 -0.3070474 0.2100567 -0.2585649 0.9654297 0.03301048 -0.2593342 0.9653451 0.02923554 -0.2678562 0.9613202 -0.06415891 -0.2486205 0.9676281 -0.04340118 -0.985872 -0.0358057 0.1636287 -0.9722099 -0.09454679 0.21417 0.7317205 0.6151169 -0.2936263 -0.9540102 -0.090788 0.285696 -0.953556 -0.1012245 0.2836986 -0.9300838 0.334212 0.1524685 -0.9327393 0.3253834 0.1553165 -0.02768355 0.9995987 -0.006002604 -0.03131675 0.9993591 -0.01733767 -0.9699544 0.190744 0.1510142 -0.9669233 0.1142085 0.2280696 -0.9663782 0.1177259 0.2285909 -0.9701427 0.1173914 0.2122323 -0.04003733 0.990883 -0.1286389 -0.02002197 0.993845 -0.1089555 -0.8426623 0.5380432 0.02073431 -0.8333301 0.5525605 0.0154227 0.2051581 0.9773918 -0.05114209 0.2019398 0.9776203 -0.05898469 -0.9032937 0.4083527 0.131562 -0.9206537 0.3301191 0.2083706 -0.9289934 0.3349837 0.1573449 -0.9308628 0.3301478 0.1565152 0.1890486 0.9640682 -0.1866363 0.2076814 0.9637439 -0.1675295 -0.6880823 0.7161024 -0.1172189 -0.6695052 0.7323144 -0.124413 0.4280219 0.898905 -0.09363335 0.4240632 0.8999496 -0.101298 0.6194149 0.7490281 -0.2351216 0.6116553 0.77979 -0.1334375 -0.7885786 0.6053979 0.1078755 -0.8162147 0.5446359 0.1927828 -0.8246771 0.5614866 0.0681222 -0.8358927 0.5451194 0.06425309 0.4076186 0.8831329 -0.232214 0.6024105 0.7564036 -0.2548632 0.4210471 0.8803517 -0.2184036 0.3418884 0.7694273 -0.5395312 0.5614287 0.7155915 -0.415604 -0.4900696 0.8376438 -0.2412152 -0.464719 0.8499991 -0.248068 -0.6322116 0.7711317 0.07526284 -0.6615766 0.7336727 0.1550512 -0.658692 0.7518201 -0.0298593 -0.6823366 0.7301458 -0.03611004 -0.2451184 0.9051072 -0.3474162 -0.2746829 0.8986105 -0.3421236 -0.4425504 0.8960671 0.03482675 -0.454177 0.8821579 -0.124583 -0.4875366 0.8629384 -0.1328365 -0.4683612 0.8770631 0.1067619 -0.0569393 0.9065352 -0.4182728 -0.03091627 0.9066261 -0.4208006 -0.2301753 0.9729719 -0.01858139 -0.2521502 0.9662963 0.05188095 -0.2330691 0.9502268 -0.2067556 -0.2719152 0.9375227 -0.2170563 0.176377 0.8642123 -0.4711987 0.1555375 0.8681885 -0.4712291 0.3848792 0.7754451 -0.5005527 -0.007267355 0.9966031 -0.08203381 -0.0140838 0.9616888 -0.2737817 -0.04883641 0.9574716 -0.2843647 -0.02434998 0.9996605 -0.009272754 0.5594613 0.7075039 -0.4317885 0.5256133 0.6622592 -0.5339883 0.3703496 0.7881758 -0.4915488 0.4233506 0.893801 -0.1479661 0.2140048 0.9696516 -0.118228 0.2009815 0.9244413 -0.3240599 0.2069599 0.9765567 -0.05920046 0.1730063 0.9259588 -0.3356625 0.3846122 0.8474546 -0.3659157 0.6076645 0.7675732 -0.2039004 0.5906753 0.7564828 -0.2807787 0.6131979 0.6926882 -0.3796992 0.4223523 0.8934478 -0.1528717 0.401169 0.8432026 -0.3578727 0.6171314 0.7785623 -0.1139716 0.7677362 0.5901719 -0.2495562 0.8331349 0.5225538 -0.1811737 0.758668 0.5919626 -0.2720353 0.7713932 0.5688713 -0.2851985 0.7325085 0.5407742 -0.4135152 0.9066744 0.3738242 -0.195441 0.9069156 0.3734861 -0.1949677 0.7544729 0.3023139 -0.5825608 0.8843278 0.3665406 -0.2891578 0.8844046 0.3664583 -0.2890274 0.9579954 0.1997269 -0.2058011 0.9578443 0.2000443 -0.2061956 0.9393058 0.1960861 -0.2815225 0.9381899 0.1978282 -0.2840138 0.9772079 0.02426177 -0.2108936 0.9662121 -0.1512576 -0.2086991 0.9774656 0.02335339 -0.2097991 0.9636574 0.02309358 -0.2661411 0.9627365 0.0251969 -0.2692649 0.9275507 -0.3193641 -0.1940528 0.9635695 -0.1574318 -0.2162154 0.9572361 -0.1573005 -0.2428081 0.9569352 -0.1562385 -0.2446722 0.9043897 -0.3546083 -0.2373438 0.8638994 -0.4773278 -0.1607363 0.9111107 -0.3555705 -0.2084392 0.9112991 -0.3566322 -0.2057852 0.7074926 0.6291803 -0.3218485 0.8063572 0.4652217 -0.365181 0.7303629 0.5420072 -0.4156903 0.6948385 0.5074872 -0.5095647 0.6590787 -0.7377162 -0.1462536 0.769339 -0.6155856 -0.1707982 0.7840542 -0.570446 -0.2446435 0.8677332 0.3683313 -0.3337231 0.8911449 0.2947155 -0.3449687 0.8479995 0.3522896 -0.3959659 0.7787846 0.4186246 -0.4671702 0.801639 -0.5808275 -0.1414722 0.8013478 -0.5754564 -0.1633759 0.9002193 0.1832399 -0.3950046 0.9311916 0.2051905 -0.3012957 0.9513805 0.08394873 -0.2963576 0.8999068 0.183946 -0.3953878 0.569047 -0.7761566 -0.2716002 0.3923326 -0.9157131 -0.08686059 0.5317443 -0.8379316 -0.1229586 0.9436254 0.0196703 -0.3304305 0.9438493 0.01871842 -0.329846 0.9641531 0.03132808 -0.2634911 0.5996027 -0.7991005 -0.04376333 0.6003317 -0.7923613 -0.1084695 0.9559071 -0.1619912 -0.2449502 0.9558153 -0.1564944 -0.2488509 0.2907332 -0.9202111 -0.2620799 0.2372658 -0.9711189 -0.02516162 0.3240588 -0.9453798 -0.03525406 0.3199073 -0.9442071 0.07831054 0.03511303 -0.9911951 0.127669 0.05346024 -0.996981 -0.05631166 0.9247516 -0.3532611 -0.1415672 0.9224821 -0.3621668 -0.1336495 0.05872714 -0.9848963 0.1628819 0.06531101 -0.9961223 0.05894929 0.9703915 -0.1392505 -0.1973568 0.9636341 -0.1408069 -0.2271186 0.9640308 -0.1569009 -0.2145383 -0.1709851 -0.9815018 -0.08613032 -0.3394421 -0.9319471 0.12749 -0.171963 -0.9851012 -0.002092301 0.8215882 -0.5700803 0.001158177 0.8119678 -0.5834412 0.01746088 -0.330749 -0.9099432 0.2502169 -0.1540623 -0.9624884 0.22334 -0.1499052 -0.9806712 0.1257477 0.9179467 -0.3582473 -0.1703903 0.9209762 -0.3633033 -0.140761 0.8174743 -0.5597546 -0.1356853 0.9181866 -0.3581509 -0.1692972 0.9222592 -0.3581296 -0.1455379 -0.3392859 -0.913752 0.2234783 -0.5004538 -0.8100262 0.30562 0.6171402 -0.768005 0.1711906 0.597538 -0.7781645 0.1934128 0.6669939 -0.7263118 -0.1661035 0.8037697 -0.5936598 -0.03901958 0.8161519 -0.5770149 -0.03082227 0.8139387 -0.5781182 -0.05729937 -0.5083356 -0.8159285 0.2754194 -0.6719812 -0.6677492 0.320238 0.3104125 -0.8840939 0.3493167 0.3377076 -0.8824049 0.3275899 -0.6772239 -0.6713599 0.3010709 0.61313 -0.7829197 0.1053971 0.4896582 -0.863538 -0.1205695 0.5876117 -0.8049596 0.08217442 0.6117162 -0.7893214 0.05267888 0.06254243 -0.896134 0.4393544 0.08808511 -0.9007822 0.4252442 -0.8112113 -0.4961221 0.3095144 -0.8071361 -0.4928559 0.3249992 0.2851694 -0.9584591 -0.005892574 0.2985547 -0.9344001 0.1943237 0.3295929 -0.9407376 0.07988327 0.3341069 -0.9281861 0.163839 -0.1108828 -0.8708586 0.4788637 -0.131764 -0.8629093 0.487879 -0.9029726 -0.2996752 0.3079535 -0.8993134 -0.2972795 0.3207187 -0.2924535 -0.8072891 0.5125966 -0.2769564 -0.8157031 0.507862 0.06257367 -0.9973818 0.03625392 0.05834352 -0.9978499 0.02986186 0.04370248 -0.9629476 0.2661242 0.07691049 -0.9660841 0.2465083 -0.9505159 -0.0919944 0.2967434 -0.9529981 -0.093652 0.2881388 -0.4392116 -0.7323566 0.5203336 -0.4487087 -0.7247353 0.5228952 -0.1629616 -0.9845007 0.06482303 -0.1596238 -0.9367534 0.3114696 -0.1333487 -0.9452521 0.2978535 -0.159431 -0.9847855 0.06913363 -0.9594309 0.1156992 0.2571107 -0.9600417 0.1152175 0.2550392 -0.3799296 -0.9217676 0.07744741 -0.3445581 -0.9325461 0.1078774 -0.3114135 -0.8903709 0.3320564 -0.3289977 -0.8811748 0.3395461 -0.605625 -0.6079802 0.5133991 -0.610014 -0.603016 0.5140572 -0.9212741 0.328269 0.2085514 -0.9213374 0.3282194 0.2083497 -0.5760957 -0.8096284 0.1123195 -0.5213324 -0.8380056 0.1611186 -0.4929127 -0.7931052 0.3578006 -0.4845479 -0.8002541 0.3532799 -0.747469 -0.4552816 0.4837445 -0.7486889 -0.4532963 0.4837225 -0.8258824 0.5447875 0.1453444 -0.8229434 0.5472403 0.1526185 -0.7415477 -0.6561285 0.140009 -0.6583063 -0.6593884 0.3630976 -0.6982899 -0.6915844 0.1846683 -0.6573422 -0.660661 0.3625305</float_array>
          <technique_common>
            <accessor source="#FMURubber-mesh-normals-array" count="3267" stride="3">
              <param name="X" type="float" />
              <param name="Y" type="float" />
              <param name="Z" type="float" />
            </accessor>
          </technique_common>
        </source>
        <source id="FMURubber-mesh-map">
          <float_array id="FMURubber-mesh-map-array" count="24816">0 0 1 0 1 1 0 0 1 0 1 1 0 0 1 0 1 1 0 0 1 0 1 1 0 0 1 0 1 1 0 0 1 0 1 1 0 0 1 0 1 1 0 0 1 0 1 1 0 0 1 0 1 1 0 0 1 0 1 1 0 0 1 0 1 1 0 0 1 0 1 1 0 0 1 0 1 1 0 0 1 0 1 1 0 0 1 0 1 1 0 0 1 0 1 1 0 0 1 0 1 1 0 0 1 0 1 1 0 0 1 0 1 1 0 0 1 0 1 1 0 0 1 0 1 1 0 0 1 0 1 1 0 0 1 0 1 1 0 0 1 0 1 1 0 0 1 0 1 1 0 0 1 0 1 1 0 0 1 0 1 1 0 0 1 0 1 1 0 0 1 0 1 1 0 0 1 0 1 1 0 0 1 0 1 1 0 0 1 0 1 1 0 0 1 0 1 1 0 0 1 0 1 1 0 0 1 0 1 1 0 0 1 0 1 1 0 0 1 0 1 1 0 0 1 0 1 1 0 0 1 0 1 1 0 0 1 0 1 1 0 0 1 0 1 1 0 0 1 0 1 1 0 0 1 0 1 1 0 0 1 0 1 1 0 0 1 0 1 1 0 0 1 0 1 1 0 0 1 0 1 1 0 0 1 0 1 1 0 0 1 0 1 1 0 0 1 0 1 1 0 0 1 0 1 1 0 0 1 0 1 1 0 0 1 0 1 1 0 0 1 0 1 1 0 0 1 0 1 1 0 0 1 0 1 1 0 0 1 0 1 1 0 0 1 0 1 1 0 0 1 0 1 1 0 0 1 0 1 1 0 0 1 0 1 1 0 0 1 0 1 1 0 0 1 0 1 1 0 0 1 0 1 1 0 0 1 0 1 1 0 0 1 0 1 1 0 0 1 0 1 1 0 0 1 0 1 1 0 0 1 0 1 1 0 0 1 0 1 1 0 0 1 0 1 1 0 0 1 0 1 1 0 0 1 0 1 1 0 0 1 0 1 1 0 0 1 0 1 1 0 0 1 0 1 1 0 0 1 0 1 1 0 0 1 0 1 1 0 0 1 0 1 1 0 0 1 0 1 1 0 0 1 0 1 1 0 0 1 0 1 1 0 0 1 0 1 1 0 0 1 0 1 1 0 0 1 0 1 1 0 0 1 0 1 1 0 0 1 0 1 1 0 0 1 0 1 1 0 0 1 0 1 1 0 0 1 0 1 1 0 0 1 0 1 1 0 0 1 0 1 1 0 0 1 0 1 1 0 0 1 0 1 1 0 0 1 0 1 1 0 0 1 0 1 1 0 0 1 0 1 1 0 0 1 0 1 1 0 0 1 0 1 1 0 0 1 0 1 1 0 0 1 0 1 1 0 0 1 0 1 1 0 0 1 0 1 1 0 0 1 0 1 1 0 0 1 0 1 1 0 0 1 0 1 1 0 0 1 0 1 1 0 0 1 0 1 1 0 0 1 0 1 1 0 0 1 0 1 1 0 0 1 0 1 1 0 0 1 0 1 1 0 0 1 0 1 1 0 0 1 0 1 1 0 0 1 0 1 1 0 0 1 0 1 1 0 0 1 0 1 1 0 0 1 0 1 1 0 0 1 0 1 1 0 0 1 0 1 1 0 0 1 0 1 1 0 0 1 0 1 1 0 0 1 0 1 1 0 0 1 0 1 1 0 0 1 0 1 1 0 0 1 0 1 1 0 0 1 0 1 1 0 0 1 0 1 1 0 0 1 0 1 1 0 0 1 0 1 1 0 0 1 0 1 1 0 0 1 0 1 1 0 0 1 0 1 1 0 0 1 0 1 1 0 0 1 0 1 1 0 0 1 0 1 1 0 0 1 0 1 1 0 0 1 0 1 1 0 0 1 0 1 1 0 0 1 0 1 1 0 0 1 0 1 1 0 0 1 0 1 1 0 0 1 0 1 1 0 0 1 0 1 1 0 0 1 0 1 1 0 0 1 0 1 1 0 0 1 0 1 1 0 0 1 0 1 1 0 0 1 0 1 1 0 0 1 0 1 1 0 0 1 0 1 1 0 0 1 0 1 1 0 0 1 0 1 1 0 0 1 0 1 1 0 0 1 0 1 1 0 0 1 0 1 1 0 0 1 0 1 1 0 0 1 0 1 1 0 0 1 0 1 1 0 0 1 0 1 1 0 0 1 0 1 1 0 0 1 0 1 1 0 0 1 0 1 1 0 0 1 0 1 1 0 0 1 0 1 1 0 0 1 0 1 1 0 0 1 0 1 1 0 0 1 0 1 1 0 0 1 0 1 1 0 0 1 0 1 1 0 0 1 0 1 1 0 0 1 0 1 1 0 0 1 0 1 1 0 0 1 0 1 1 0 0 1 0 1 1 0 0 1 0 1 1 0 0 1 0 1 1 0 0 1 0 1 1 0 0 1 0 1 1 0 0 1 0 1 1 0 0 1 0 1 1 0 0 1 0 1 1 0 0 1 0 1 1 0 0 1 0 1 1 0 0 1 0 1 1 0 0 1 0 1 1 0 0 1 0 1 1 0 0 1 0 1 1 0 0 1 0 1 1 0 0 1 0 1 1 0 0 1 0 1 1 0 0 1 0 1 1 0 0 1 0 1 1 0 0 1 0 1 1 0 0 1 0 1 1 0 0 1 0 1 1 0 0 1 0 1 1 0 0 1 0 1 1 0 0 1 0 1 1 0 0 1 0 1 1 0 0 1 0 1 1 0 0 1 0 1 1 0 0 1 0 1 1 0 0 1 0 1 1 0 0 1 0 1 1 0 0 1 0 1 1 0 0 1 0 1 1 0 0 1 0 1 1 0 0 1 0 1 1 0 0 1 0 1 1 0 0 1 0 1 1 0 0 1 0 1 1 0 0 1 0 1 1 0 0 1 0 1 1 0 0 1 0 1 1 0 0 1 0 1 1 0 0 1 0 1 1 0 0 1 0 1 1 0 0 1 0 1 1 0 0 1 0 1 1 0 0 1 0 1 1 0 0 1 0 1 1 0 0 1 0 1 1 0 0 1 0 1 1 0 0 1 0 1 1 0 0 1 0 1 1 0 0 1 0 1 1 0 0 1 0 1 1 0 0 1 0 1 1 0 0 1 0 1 1 0 0 1 0 1 1 0 0 1 0 1 1 0 0 1 0 1 1 0 0 1 0 1 1 0 0 1 0 1 1 0 0 1 0 1 1 0 0 1 0 1 1 0 0 1 0 1 1 0 0 1 0 1 1 0 0 1 0 1 1 0 0 1 0 1 1 0 0 1 0 1 1 0 0 1 0 1 1 0 0 1 0 1 1 0 0 1 0 1 1 0 0 1 0 1 1 0 0 1 0 1 1 0 0 1 0 1 1 0 0 1 0 1 1 0 0 1 0 1 1 0 0 1 0 1 1 0 0 1 0 1 1 0 0 1 0 1 1 0 0 1 0 1 1 0 0 1 0 1 1 0 0 1 0 1 1 0 0 1 0 1 1 0 0 1 0 1 1 0 0 1 0 1 1 0 0 1 0 1 1 0 0 1 0 1 1 0 0 1 0 1 1 0 0 1 0 1 1 0 0 1 0 1 1 0 0 1 0 1 1 0 0 1 0 1 1 0 0 1 0 1 1 0 0 1 0 1 1 0 0 1 0 1 1 0 0 1 0 1 1 0 0 1 0 1 1 0 0 1 0 1 1 0 0 1 0 1 1 0 0 1 0 1 1 0 0 1 0 1 1 0 0 1 0 1 1 0 0 1 0 1 1 0 0 1 0 1 1 0 0 1 0 1 1 0 0 1 0 1 1 0 0 1 0 1 1 0 0 1 0 1 1 0 0 1 0 1 1 0 0 1 0 1 1 0 0 1 0 1 1 0 0 1 0 1 1 0 0 1 0 1 1 0 0 1 0 1 1 0 0 1 0 1 1 0 0 1 0 1 1 0 0 1 0 1 1 0 0 1 0 1 1 0 0 1 0 1 1 0 0 1 0 1 1 0 0 1 0 1 1 0 0 1 0 1 1 0 0 1 0 1 1 0 0 1 0 1 1 0 0 1 0 1 1 0 0 1 0 1 1 0 0 1 0 1 1 0 0 1 0 1 1 0 0 1 0 1 1 0 0 1 0 1 1 0 0 1 0 1 1 0 0 1 0 1 1 0 0 1 0 1 1 0 0 1 0 1 1 0 0 1 0 1 1 0 0 1 0 1 1 0 0 1 0 1 1 0 0 1 0 1 1 0 0 1 0 1 1 0 0 1 0 1 1 0 0 1 0 1 1 0 0 1 0 1 1 0 0 1 0 1 1 0 0 1 0 1 1 0 0 1 0 1 1 0 0 1 0 1 1 0 0 1 0 1 1 0 0 1 0 1 1 0 0 1 0 1 1 0 0 1 0 1 1 0 0 1 0 1 1 0 0 1 0 1 1 0 0 1 0 1 1 0 0 1 0 1 1 0 0 1 0 1 1 0 0 1 0 1 1 0 0 1 0 1 1 0 0 1 0 1 1 0 0 1 0 1 1 0 0 1 0 1 1 0 0 1 0 1 1 0 0 1 0 1 1 0 0 1 0 1 1 0 0 1 0 1 1 0 0 1 0 1 1 0 0 1 0 1 1 0 0 1 0 1 1 0 0 1 0 1 1 0 0 1 0 1 1 0 0 1 0 1 1 0 0 1 0 1 1 0 0 1 0 1 1 0 0 1 0 1 1 0 0 1 0 1 1 0 0 1 0 1 1 0 0 1 0 1 1 0 0 1 0 1 1 0 0 1 0 1 1 0 0 1 0 1 1 0 0 1 0 1 1 0 0 1 0 1 1 0 0 1 0 1 1 0 0 1 0 1 1 0 0 1 0 1 1 0 0 1 0 1 1 0 0 1 0 1 1 0 0 1 0 1 1 0 0 1 0 1 1 0 0 1 0 1 1 0 0 1 0 1 1 0 0 1 0 1 1 0 0 1 0 1 1 0 0 1 0 1 1 0 0 1 0 1 1 0 0 1 0 1 1 0 0 1 0 1 1 0 0 1 0 1 1 0 0 1 0 1 1 0 0 1 0 1 1 0 0 1 0 1 1 0 0 1 0 1 1 0 0 1 0 1 1 0 0 1 0 1 1 0 0 1 0 1 1 0 0 1 0 1 1 0 0 1 0 1 1 0 0 1 0 1 1 0 0 1 0 1 1 0 0 1 0 1 1 0 0 1 0 1 1 0 0 1 0 1 1 0 0 1 0 1 1 0 0 1 0 1 1 0 0 1 0 1 1 0 0 1 0 1 1 0 0 1 0 1 1 0 0 1 0 1 1 0 0 1 0 1 1 0 0 1 0 1 1 0 0 1 0 1 1 0 0 1 0 1 1 0 0 1 0 1 1 0 0 1 0 1 1 0 0 1 0 1 1 0 0 1 0 1 1 0 0 1 0 1 1 0 0 1 0 1 1 0 0 1 0 1 1 0 0 1 0 1 1 0 0 1 0 1 1 0 0 1 0 1 1 0 0 1 0 1 1 0 0 1 0 1 1 0 0 1 0 1 1 0 0 1 0 1 1 0 0 1 0 1 1 0 0 1 0 1 1 0 0 1 0 1 1 0 0 1 0 1 1 0 0 1 0 1 1 0 0 1 0 1 1 0 0 1 0 1 1 0 0 1 0 1 1 0 0 1 0 1 1 0 0 1 0 1 1 0 0 1 0 1 1 0 0 1 0 1 1 0 0 1 0 1 1 0 0 1 0 1 1 0 0 1 0 1 1 0 0 1 0 1 1 0 0 1 0 1 1 0 0 1 0 1 1 0 0 1 0 1 1 0 0 1 0 1 1 0 0 1 0 1 1 0 0 1 0 1 1 0 0 1 0 1 1 0 0 1 0 1 1 0 0 1 0 1 1 0 0 1 0 1 1 0 0 1 0 1 1 0 0 1 0 1 1 0 0 1 0 1 1 0 0 1 0 1 1 0 0 1 0 1 1 0 0 1 0 1 1 0 0 1 0 1 1 0 0 1 0 1 1 0 0 1 0 1 1 0 0 1 0 1 1 0 0 1 0 1 1 0 0 1 0 1 1 0 0 1 0 1 1 0 0 1 0 1 1 0 0 1 0 1 1 0 0 1 0 1 1 0 0 1 0 1 1 0 0 1 0 1 1 0 0 1 0 1 1 0 0 1 0 1 1 0 0 1 0 1 1 0 0 1 0 1 1 0 0 1 0 1 1 0 0 1 0 1 1 0 0 1 0 1 1 0 0 1 0 1 1 0 0 1 0 1 1 0 0 1 0 1 1 0 0 1 0 1 1 0 0 1 0 1 1 0 0 1 0 1 1 0 0 1 0 1 1 0 0 1 0 1 1 0 0 1 0 1 1 0 0 1 0 1 1 0 0 1 0 1 1 0 0 1 0 1 1 0 0 1 0 1 1 0 0 1 0 1 1 0 0 1 0 1 1 0 0 1 0 1 1 0 0 1 0 1 1 0 0 1 0 1 1 0 0 1 0 1 1 0 0 1 0 1 1 0 0 1 0 1 1 0 0 1 0 1 1 0 0 1 0 1 1 0 0 1 0 1 1 0 0 1 0 1 1 0 0 1 0 1 1 0 0 1 0 1 1 0 0 1 0 1 1 0 0 1 0 1 1 0 0 1 0 1 1 0 0 1 0 1 1 0 0 1 0 1 1 0 0 1 0 1 1 0 0 1 0 1 1 0 0 1 0 1 1 0 0 1 0 1 1 0 0 1 0 1 1 0 0 1 0 1 1 0 0 1 0 1 1 0 0 1 0 1 1 0 0 1 0 1 1 0 0 1 0 1 1 0 0 1 0 1 1 0 0 1 0 1 1 0 0 1 0 1 1 0 0 1 0 1 1 0 0 1 0 1 1 0 0 1 0 1 1 0 0 1 0 1 1 0 0 1 0 1 1 0 0 1 0 1 1 0 0 1 0 1 1 0 0 1 0 1 1 0 0 1 0 1 1 0 0 1 0 1 1 0 0 1 0 1 1 0 0 1 0 1 1 0 0 1 0 1 1 0 0 1 0 1 1 0 0 1 0 1 1 0 0 1 0 1 1 0 0 1 0 1 1 0 0 1 0 1 1 0 0 1 0 1 1 0 0 1 0 1 1 0 0 1 0 1 1 0 0 1 0 1 1 0 0 1 0 1 1 0 0 1 0 1 1 0 0 1 0 1 1 0 0 1 0 1 1 0 0 1 0 1 1 0 0 1 0 1 1 0 0 1 0 1 1 0 0 1 0 1 1 0 0 1 0 1 1 0 0 1 0 1 1 0 0 1 0 1 1 0 0 1 0 1 1 0 0 1 0 1 1 0 0 1 0 1 1 0 0 1 0 1 1 0 0 1 0 1 1 0 0 1 0 1 1 0 0 1 0 1 1 0 0 1 0 1 1 0 0 1 0 1 1 0 0 1 0 1 1 0 0 1 0 1 1 0 0 1 0 1 1 0 0 1 0 1 1 0 0 1 0 1 1 0 0 1 0 1 1 0 0 1 0 1 1 0 0 1 0 1 1 0 0 1 0 1 1 0 0 1 0 1 1 0 0 1 0 1 1 0 0 1 0 1 1 0 0 1 0 1 1 0 0 1 0 1 1 0 0 1 0 1 1 0 0 1 0 1 1 0 0 1 0 1 1 0 0 1 0 1 1 0 0 1 0 1 1 0 0 1 0 1 1 0 0 1 0 1 1 0 0 1 0 1 1 0 0 1 0 1 1 0 0 1 0 1 1 0 0 1 0 1 1 0 0 1 0 1 1 0 0 1 0 1 1 0 0 1 0 1 1 0 0 1 0 1 1 0 0 1 0 1 1 0 0 1 0 1 1 0 0 1 0 1 1 0 0 1 0 1 1 0 0 1 0 1 1 0 0 1 0 1 1 0 0 1 0 1 1 0 0 1 0 1 1 0 0 1 0 1 1 0 0 1 0 1 1 0 0 1 0 1 1 0 0 1 0 1 1 0 0 1 0 1 1 0 0 1 0 1 1 0 0 1 0 1 1 0 0 1 0 1 1 0 0 1 0 1 1 0 0 1 0 1 1 0 0 1 0 1 1 0 0 1 0 1 1 0 0 1 0 1 1 0 0 1 0 1 1 0 0 1 0 1 1 0 0 1 0 1 1 0 0 1 0 1 1 0 0 1 0 1 1 0 0 1 0 1 1 0 0 1 0 1 1 0 0 1 0 1 1 0 0 1 0 1 1 0 0 1 0 1 1 0 0 1 0 1 1 0 0 1 0 1 1 0 0 1 0 1 1 0 0 1 0 1 1 0 0 1 0 1 1 0 0 1 0 1 1 0 0 1 0 1 1 0 0 1 0 1 1 0 0 1 0 1 1 0 0 1 0 1 1 0 0 1 0 1 1 0 0 1 0 1 1 0 0 1 0 1 1 0 0 1 0 1 1 0 0 1 0 1 1 0 0 1 0 1 1 0 0 1 0 1 1 0 0 1 0 1 1 0 0 1 0 1 1 0 0 1 0 1 1 0 0 1 0 1 1 0 0 1 0 1 1 0 0 1 0 1 1 0 0 1 0 1 1 0 0 1 0 1 1 0 0 1 0 1 1 0 0 1 0 1 1 0 0 1 0 1 1 0 0 1 0 1 1 0 0 1 0 1 1 0 0 1 0 1 1 0 0 1 0 1 1 0 0 1 0 1 1 0 0 1 0 1 1 0 0 1 0 1 1 0 0 1 0 1 1 0 0 1 0 1 1 0 0 1 0 1 1 0 0 1 0 1 1 0 0 1 0 1 1 0 0 1 0 1 1 0 0 1 0 1 1 0 0 1 0 1 1 0 0 1 0 1 1 0 0 1 0 1 1 0 0 1 0 1 1 0 0 1 0 1 1 0 0 1 0 1 1 0 0 1 0 1 1 0 0 1 0 1 1 0 0 1 0 1 1 0 0 1 0 1 1 0 0 1 0 1 1 0 0 1 0 1 1 0 0 1 0 1 1 0 0 1 0 1 1 0 0 1 0 1 1 0 0 1 0 1 1 0 0 1 0 1 1 0 0 1 0 1 1 0 0 1 0 1 1 0 0 1 0 1 1 0 0 1 0 1 1 0 0 1 0 1 1 0 0 1 0 1 1 0 0 1 0 1 1 0 0 1 0 1 1 0 0 1 0 1 1 0 0 1 0 1 1 0 0 1 0 1 1 0 0 1 0 1 1 0 0 1 0 1 1 0 0 1 0 1 1 0 0 1 0 1 1 0 0 1 0 1 1 0 0 1 0 1 1 0 0 1 0 1 1 0 0 1 0 1 1 0 0 1 0 1 1 0 0 1 0 1 1 0 0 1 0 1 1 0 0 1 0 1 1 0 0 1 0 1 1 0 0 1 0 1 1 0 0 1 0 1 1 0 0 1 0 1 1 0 0 1 0 1 1 0 0 1 0 1 1 0 0 1 0 1 1 0 0 1 0 1 1 0 0 1 0 1 1 0 0 1 0 1 1 0 0 1 0 1 1 0 0 1 0 1 1 0 0 1 0 1 1 0 0 1 0 1 1 0 0 1 0 1 1 0 0 1 0 1 1 0 0 1 0 1 1 0 0 1 0 1 1 0 0 1 0 1 1 0 0 1 0 1 1 0 0 1 0 1 1 0 0 1 0 1 1 0 0 1 0 1 1 0 0 1 0 1 1 0 0 1 0 1 1 0 0 1 0 1 1 0 0 1 0 1 1 0 0 1 0 1 1 0 0 1 0 1 1 0 0 1 0 1 1 0 0 1 0 1 1 0 0 1 0 1 1 0 0 1 0 1 1 0 0 1 0 1 1 0 0 1 0 1 1 0 0 1 0 1 1 0 0 1 0 1 1 0 0 1 0 1 1 0 0 1 0 1 1 0 0 1 0 1 1 0 0 1 0 1 1 0 0 1 0 1 1 0 0 1 0 1 1 0 0 1 0 1 1 0 0 1 0 1 1 0 0 1 0 1 1 0 0 1 0 1 1 0 0 1 0 1 1 0 0 1 0 1 1 0 0 1 0 1 1 0 0 1 0 1 1 0 0 1 0 1 1 0 0 1 0 1 1 0 0 1 0 1 1 0 0 1 0 1 1 0 0 1 0 1 1 0 0 1 0 1 1 0 0 1 0 1 1 0 0 1 0 1 1 0 0 1 0 1 1 0 0 1 0 1 1 0 0 1 0 1 1 0 0 1 0 1 1 0 0 1 0 1 1 0 0 1 0 1 1 0 0 1 0 1 1 0 0 1 0 1 1 0 0 1 0 1 1 0 0 1 0 1 1 0 0 1 0 1 1 0 0 1 0 1 1 0 0 1 0 1 1 0 0 1 0 1 1 0 0 1 0 1 1 0 0 1 0 1 1 0 0 1 0 1 1 0 0 1 0 1 1 0 0 1 0 1 1 0 0 1 0 1 1 0 0 1 0 1 1 0 0 1 0 1 1 0 0 1 0 1 1 0 0 1 0 1 1 0 0 1 0 1 1 0 0 1 0 1 1 0 0 1 0 1 1 0 0 1 0 1 1 0 0 1 0 1 1 0 0 1 0 1 1 0 0 1 0 1 1 0 0 1 0 1 1 0 0 1 0 1 1 0 0 1 0 1 1 0 0 1 0 1 1 0 0 1 0 1 1 0 0 1 0 1 1 0 0 1 0 1 1 0 0 1 0 1 1 0 0 1 0 1 1 0 0 1 0 1 1 0 0 1 0 1 1 0 0 1 0 1 1 0 0 1 0 1 1 0 0 1 0 1 1 0 0 1 0 1 1 0 0 1 0 1 1 0 0 1 0 1 1 0 0 1 0 1 1 0 0 1 0 1 1 0 0 1 0 1 1 0 0 1 0 1 1 0 0 1 0 1 1 0 0 1 0 1 1 0 0 1 0 1 1 0 0 1 0 1 1 0 0 1 0 1 1 0 0 1 0 1 1 0 0 1 0 1 1 0 0 1 0 1 1 0 0 1 0 1 1 0 0 1 0 1 1 0 0 1 0 1 1 0 0 1 0 1 1 0 0 1 0 1 1 0 0 1 0 1 1 0 0 1 0 1 1 0 0 1 0 1 1 0 0 1 0 1 1 0 0 1 0 1 1 0 0 1 0 1 1 0 0 1 0 1 1 0 0 1 0 1 1 0 0 1 0 1 1 0 0 1 0 1 1 0 0 1 0 1 1 0 0 1 0 1 1 0 0 1 0 1 1 0 0 1 0 1 1 0 0 1 0 1 1 0 0 1 0 1 1 0 0 1 0 1 1 0 0 1 0 1 1 0 0 1 0 1 1 0 0 1 0 1 1 0 0 1 0 1 1 0 0 1 0 1 1 0 0 1 0 1 1 0 0 1 0 1 1 0 0 1 0 1 1 0 0 1 0 1 1 0 0 1 0 1 1 0 0 1 0 1 1 0 0 1 0 1 1 0 0 1 0 1 1 0 0 1 0 1 1 0 0 1 0 1 1 0 0 1 0 1 1 0 0 1 0 1 1 0 0 1 0 1 1 0 0 1 0 1 1 0 0 1 0 1 1 0 0 1 0 1 1 0 0 1 0 1 1 0 0 1 0 1 1 0 0 1 0 1 1 0 0 1 0 1 1 0 0 1 0 1 1 0 0 1 0 1 1 0 0 1 0 1 1 0 0 1 0 1 1 0 0 1 0 1 1 0 0 1 0 1 1 0 0 1 0 1 1 0 0 1 0 1 1 0 0 1 0 1 1 0 0 1 0 1 1 0 0 1 0 1 1 0 0 1 0 1 1 0 0 1 0 1 1 0 0 1 0 1 1 0 0 1 0 1 1 0 0 1 0 1 1 0 0 1 0 1 1 0 0 1 0 1 1 0 0 1 0 1 1 0 0 1 0 1 1 0 0 1 0 1 1 0 0 1 0 1 1 0 0 1 0 1 1 0 0 1 0 1 1 0 0 1 0 1 1 0 0 1 0 1 1 0 0 1 0 1 1 0 0 1 0 1 1 0 0 1 0 1 1 0 0 1 0 1 1 0 0 1 0 1 1 0 0 1 0 1 1 0 0 1 0 1 1 0 0 1 0 1 1 0 0 1 0 1 1 0 0 1 0 1 1 0 0 1 0 1 1 0 0 1 0 1 1 0 0 1 0 1 1 0 0 1 0 1 1 0 0 1 0 1 1 0 0 1 0 1 1 0 0 1 0 1 1 0 0 1 0 1 1 0 0 1 0 1 1 0 0 1 0 1 1 0 0 1 0 1 1 0 0 1 0 1 1 0 0 1 0 1 1 0 0 1 0 1 1 0 0 1 0 1 1 0 0 1 0 1 1 0 0 1 0 1 1 0 0 1 0 1 1 0 0 1 0 1 1 0 0 1 0 1 1 0 0 1 0 1 1 0 0 1 0 1 1 0 0 1 0 1 1 0 0 1 0 1 1 0 0 1 0 1 1 0 0 1 0 1 1 0 0 1 0 1 1 0 0 1 0 1 1 0 0 1 0 1 1 0 0 1 0 1 1 0 0 1 0 1 1 0 0 1 0 1 1 0 0 1 0 1 1 0 0 1 0 1 1 0 0 1 0 1 1 0 0 1 0 1 1 0 0 1 0 1 1 0 0 1 0 1 1 0 0 1 0 1 1 0 0 1 0 1 1 0 0 1 0 1 1 0 0 1 0 1 1 0 0 1 0 1 1 0 0 1 0 1 1 0 0 1 0 1 1 0 0 1 0 1 1 0 0 1 0 1 1 0 0 1 0 1 1 0 0 1 0 1 1 0 0 1 0 1 1 0 0 1 0 1 1 0 0 1 0 1 1 0 0 1 0 1 1 0 0 1 0 1 1 0 0 1 0 1 1 0 0 1 0 1 1 0 0 1 0 1 1 0 0 1 0 1 1 0 0 1 0 1 1 0 0 1 0 1 1 0 0 1 0 1 1 0 0 1 0 1 1 0 0 1 0 1 1 0 0 1 0 1 1 0 0 1 0 1 1 0 0 1 0 1 1 0 0 1 0 1 1 0 0 1 0 1 1 0 0 1 0 1 1 0 0 1 0 1 1 0 0 1 0 1 1 0 0 1 0 1 1 0 0 1 0 1 1 0 0 1 0 1 1 0 0 1 0 1 1 0 0 1 0 1 1 0 0 1 0 1 1 0 0 1 0 1 1 0 0 1 0 1 1 0 0 1 0 1 1 0 0 1 0 1 1 0 0 1 0 1 1 0 0 1 0 1 1 0 0 1 0 1 1 0 0 1 0 1 1 0 0 1 0 1 1 0 0 1 0 1 1 0 0 1 0 1 1 0 0 1 0 1 1 0 0 1 0 1 1 0 0 1 0 1 1 0 0 1 0 1 1 0 0 1 0 1 1 0 0 1 0 1 1 0 0 1 0 1 1 0 0 1 0 1 1 0 0 1 0 1 1 0 0 1 0 1 1 0 0 1 0 1 1 0 0 1 0 1 1 0 0 1 0 1 1 0 0 1 0 1 1 0 0 1 0 1 1 0 0 1 0 1 1 0 0 1 0 1 1 0 0 1 0 1 1 0 0 1 0 1 1 0 0 1 0 1 1 0 0 1 0 1 1 0 0 1 0 1 1 0 0 1 0 1 1 0 0 1 0 1 1 0 0 1 0 1 1 0 0 1 0 1 1 0 0 1 0 1 1 0 0 1 0 1 1 0 0 1 0 1 1 0 0 1 0 1 1 0 0 1 0 1 1 0 0 1 0 1 1 0 0 1 0 1 1 0 0 1 0 1 1 0 0 1 0 1 1 0 0 1 0 1 1 0 0 1 0 1 1 0 0 1 0 1 1 0 0 1 0 1 1 0 0 1 0 1 1 0 0 1 0 1 1 0 0 1 0 1 1 0 0 1 0 1 1 0 0 1 0 1 1 0 0 1 0 1 1 0 0 1 0 1 1 0 0 1 0 1 1 0 0 1 0 1 1 0 0 1 0 1 1 0 0 1 0 1 1 0 0 1 0 1 1 0 0 1 0 1 1 0 0 1 0 1 1 0 0 1 0 1 1 0 0 1 0 1 1 0 0 1 0 1 1 0 0 1 0 1 1 0 0 1 0 1 1 0 0 1 0 1 1 0 0 1 0 1 1 0 0 1 0 1 1 0 0 1 0 1 1 0 0 1 0 1 1 0 0 1 0 1 1 0 0 1 0 1 1 0 0 1 0 1 1 0 0 1 0 1 1 0 0 1 0 1 1 0 0 1 0 1 1 0 0 1 0 1 1 0 0 1 0 1 1 0 0 1 0 1 1 0 0 1 0 1 1 0 0 1 0 1 1 0 0 1 0 1 1 0 0 1 0 1 1 0 0 1 0 1 1 0 0 1 0 1 1 0 0 1 0 1 1 0 0 1 0 1 1 0 0 1 0 1 1 0 0 1 0 1 1 0 0 1 0 1 1 0 0 1 0 1 1 0 0 1 0 1 1 0 0 1 0 1 1 0 0 1 0 1 1 0 0 1 0 1 1 0 0 1 0 1 1 0 0 1 0 1 1 0 0 1 0 1 1 0 0 1 0 1 1 0 0 1 0 1 1 0 0 1 0 1 1 0 0 1 0 1 1 0 0 1 0 1 1 0 0 1 0 1 1 0 0 1 0 1 1 0 0 1 0 1 1 0 0 1 0 1 1 0 0 1 0 1 1 0 0 1 0 1 1 0 0 1 0 1 1 0 0 1 0 1 1 0 0 1 0 1 1 0 0 1 0 1 1 0 0 1 0 1 1 0 0 1 0 1 1 0 0 1 0 1 1 0 0 1 0 1 1 0 0 1 0 1 1 0 0 1 0 1 1 0 0 1 0 1 1 0 0 1 0 1 1 0 0 1 0 1 1 0 0 1 0 1 1 0 0 1 0 1 1 0 0 1 0 1 1 0 0 1 0 1 1 0 0 1 0 1 1 0 0 1 0 1 1 0 0 1 0 1 1 0 0 1 0 1 1 0 0 1 0 1 1 0 0 1 0 1 1 0 0 1 0 1 1 0 0 1 0 1 1 0 0 1 0 1 1 0 0 1 0 1 1 0 0 1 0 1 1 0 0 1 0 1 1 0 0 1 0 1 1 0 0 1 0 1 1 0 0 1 0 1 1 0 0 1 0 1 1 0 0 1 0 1 1 0 0 1 0 1 1 0 0 1 0 1 1 0 0 1 0 1 1 0 0 1 0 1 1 0 0 1 0 1 1 0 0 1 0 1 1 0 0 1 0 1 1 0 0 1 0 1 1 0 0 1 0 1 1 0 0 1 0 1 1 0 0 1 0 1 1 0 0 1 0 1 1 0 0 1 0 1 1 0 0 1 0 1 1 0 0 1 0 1 1 0 0 1 0 1 1 0 0 1 0 1 1 0 0 1 0 1 1 0 0 1 0 1 1 0 0 1 0 1 1 0 0 1 0 1 1 0 0 1 0 1 1 0 0 1 0 1 1 0 0 1 0 1 1 0 0 1 0 1 1 0 0 1 0 1 1 0 0 1 0 1 1 0 0 1 0 1 1 0 0 1 0 1 1 0 0 1 0 1 1 0 0 1 0 1 1 0 0 1 0 1 1 0 0 1 0 1 1 0 0 1 0 1 1 0 0 1 0 1 1 0 0 1 0 1 1 0 0 1 0 1 1 0 0 1 0 1 1 0 0 1 0 1 1 0 0 1 0 1 1 0 0 1 0 1 1 0 0 1 0 1 1 0 0 1 0 1 1 0 0 1 0 1 1 0 0 1 0 1 1 0 0 1 0 1 1 0 0 1 0 1 1 0 0 1 0 1 1 0 0 1 0 1 1 0 0 1 0 1 1 0 0 1 0 1 1 0 0 1 0 1 1 0 0 1 0 1 1 0 0 1 0 1 1 0 0 1 0 1 1 0 0 1 0 1 1 0 0 1 0 1 1 0 0 1 0 1 1 0 0 1 0 1 1 0 0 1 0 1 1 0 0 1 0 1 1 0 0 1 0 1 1 0 0 1 0 1 1 0 0 1 0 1 1 0 0 1 0 1 1 0 0 1 0 1 1 0 0 1 0 1 1 0 0 1 0 1 1 0 0 1 0 1 1 0 0 1 0 1 1 0 0 1 0 1 1 0 0 1 0 1 1 0 0 1 0 1 1 0 0 1 0 1 1 0 0 1 0 1 1 0 0 1 0 1 1 0 0 1 0 1 1 0 0 1 0 1 1 0 0 1 0 1 1 0 0 1 0 1 1 0 0 1 0 1 1 0 0 1 0 1 1 0 0 1 0 1 1 0 0 1 0 1 1 0 0 1 0 1 1 0 0 1 0 1 1 0 0 1 0 1 1 0 0 1 0 1 1 0 0 1 0 1 1 0 0 1 0 1 1 0 0 1 0 1 1 0 0 1 0 1 1 0 0 1 0 1 1 0 0 1 0 1 1 0 0 1 0 1 1 0 0 1 0 1 1 0 0 1 0 1 1 0 0 1 0 1 1 0 0 1 0 1 1 0 0 1 0 1 1 0 0 1 0 1 1 0 0 1 0 1 1 0 0 1 0 1 1 0 0 1 0 1 1 0 0 1 0 1 1 0 0 1 0 1 1 0 0 1 0 1 1 0 0 1 0 1 1 0 0 1 0 1 1 0 0 1 0 1 1 0 0 1 0 1 1 0 0 1 0 1 1 0 0 1 0 1 1 0 0 1 0 1 1 0 0 1 0 1 1 0 0 1 0 1 1 0 0 1 0 1 1 0 0 1 0 1 1 0 0 1 0 1 1 0 0 1 0 1 1 0 0 1 0 1 1 0 0 1 0 1 1 0 0 1 0 1 1 0 0 1 0 1 1 0 0 1 0 1 1 0 0 1 0 1 1 0 0 1 0 1 1 0 0 1 0 1 1 0 0 1 0 1 1 0 0 1 0 1 1 0 0 1 0 1 1 0 0 1 0 1 1 0 0 1 0 1 1 0 0 1 0 1 1 0 0 1 0 1 1 0 0 1 0 1 1 0 0 1 0 1 1 0 0 1 0 1 1 0 0 1 0 1 1 0 0 1 0 1 1 0 0 1 0 1 1 0 0 1 0 1 1 0 0 1 0 1 1 0 0 1 0 1 1 0 0 1 0 1 1 0 0 1 0 1 1 0 0 1 0 1 1 0 0 1 0 1 1 0 0 1 0 1 1 0 0 1 0 1 1 0 0 1 0 1 1 0 0 1 0 1 1 0 0 1 0 1 1 0 0 1 0 1 1 0 0 1 0 1 1 0 0 1 0 1 1 0 0 1 0 1 1 0 0 1 0 1 1 0 0 1 0 1 1 0 0 1 0 1 1 0 0 1 0 1 1 0 0 1 0 1 1 0 0 1 0 1 1 0 0 1 0 1 1 0 0 1 0 1 1 0 0 1 0 1 1 0 0 1 0 1 1 0 0 1 0 1 1 0 0 1 0 1 1 0 0 1 0 1 1 0 0 1 0 1 1 0 0 1 0 1 1 0 0 1 0 1 1 0 0 1 0 1 1 0 0 1 0 1 1 0 0 1 0 1 1 0 0 1 0 1 1 0 0 1 0 1 1 0 0 1 0 1 1 0 0 1 0 1 1 0 0 1 0 1 1 0 0 1 0 1 1 0 0 1 0 1 1 0 0 1 0 1 1 0 0 1 0 1 1 0 0 1 0 1 1 0 0 1 0 1 1 0 0 1 0 1 1 0 0 1 0 1 1 0 0 1 0 1 1 0 0 1 0 1 1 0 0 1 0 1 1 0 0 1 0 1 1 0 0 1 0 1 1 0 0 1 0 1 1 0 0 1 0 1 1 0 0 1 0 1 1 0 0 1 0 1 1 0 0 1 0 1 1 0 0 1 0 1 1 0 0 1 0 1 1 0 0 1 0 1 1 0 0 1 0 1 1 0 0 1 0 1 1 0 0 1 0 1 1 0 0 1 0 1 1 0 0 1 0 1 1 0 0 1 0 1 1 0 0 1 0 1 1 0 0 1 0 1 1 0 0 1 0 1 1 0 0 1 0 1 1 0 0 1 0 1 1 0 0 1 0 1 1 0 0 1 0 1 1 0 0 1 0 1 1 0 0 1 0 1 1 0 0 1 0 1 1 0 0 1 0 1 1 0 0 1 0 1 1 0 0 1 0 1 1 0 0 1 0 1 1 0 0 1 0 1 1 0 0 1 0 1 1 0 0 1 0 1 1 0 0 1 0 1 1 0 0 1 0 1 1 0 0 1 0 1 1 0 0 1 0 1 1 0 0 1 0 1 1 0 0 1 0 1 1 0 0 1 0 1 1 0 0 1 0 1 1 0 0 1 0 1 1 0 0 1 0 1 1 0 0 1 0 1 1 0 0 1 0 1 1 0 0 1 0 1 1 0 0 1 0 1 1 0 0 1 0 1 1 0 0 1 0 1 1 0 0 1 0 1 1 0 0 1 0 1 1 0 0 1 0 1 1 0 0 1 0 1 1 0 0 1 0 1 1 0 0 1 0 1 1 0 0 1 0 1 1 0 0 1 0 1 1 0 0 1 0 1 1 0 0 1 0 1 1 0 0 1 0 1 1 0 0 1 0 1 1 0 0 1 0 1 1 0 0 1 0 1 1 0 0 1 0 1 1 0 0 1 0 1 1 0 0 1 0 1 1 0 0 1 0 1 1 0 0 1 0 1 1 0 0 1 0 1 1 0 0 1 0 1 1 0 0 1 0 1 1 0 0 1 0 1 1 0 0 1 0 1 1 0 0 1 0 1 1 0 0 1 0 1 1 0 0 1 0 1 1 0 0 1 0 1 1 0 0 1 0 1 1 0 0 1 0 1 1 0 0 1 0 1 1 0 0 1 0 1 1 0 0 1 0 1 1 0 0 1 0 1 1 0 0 1 0 1 1 0 0 1 0 1 1 0 0 1 0 1 1 0 0 1 0 1 1 0 0 1 0 1 1 0 0 1 0 1 1 0 0 1 0 1 1 0 0 1 0 1 1 0 0 1 0 1 1 0 0 1 0 1 1 0 0 1 0 1 1 0 0 1 0 1 1 0 0 1 0 1 1 0 0 1 0 1 1 0 0 1 0 1 1 0 0 1 0 1 1 0 0 1 0 1 1 0 0 1 0 1 1 0 0 1 0 1 1 0 0 1 0 1 1 0 0 1 0 1 1 0 0 1 0 1 1 0 0 1 0 1 1 0 0 1 0 1 1 0 0 1 0 1 1 0 0 1 0 1 1 0 0 1 0 1 1 0 0 1 0 1 1 0 0 1 0 1 1 0 0 1 0 1 1 0 0 1 0 1 1 0 0 1 0 1 1 0 0 1 0 1 1 0 0 1 0 1 1 0 0 1 0 1 1 0 0 1 0 1 1 0 0 1 0 1 1 0 0 1 0 1 1 0 0 1 0 1 1 0 0 1 0 1 1 0 0 1 0 1 1 0 0 1 0 1 1 0 0 1 0 1 1 0 0 1 0 1 1 0 0 1 0 1 1 0 0 1 0 1 1 0 0 1 0 1 1 0 0 1 0 1 1 0 0 1 0 1 1 0 0 1 0 1 1 0 0 1 0 1 1 0 0 1 0 1 1 0 0 1 0 1 1 0 0 1 0 1 1 0 0 1 0 1 1 0 0 1 0 1 1 0 0 1 0 1 1 0 0 1 0 1 1 0 0 1 0 1 1 0 0 1 0 1 1 0 0 1 0 1 1 0 0 1 0 1 1 0 0 1 0 1 1 0 0 1 0 1 1 0 0 1 0 1 1 0 0 1 0 1 1 0 0 1 0 1 1 0 0 1 0 1 1 0 0 1 0 1 1 0 0 1 0 1 1 0 0 1 0 1 1 0 0 1 0 1 1 0 0 1 0 1 1 0 0 1 0 1 1 0 0 1 0 1 1 0 0 1 0 1 1 0 0 1 0 1 1 0 0 1 0 1 1 0 0 1 0 1 1 0 0 1 0 1 1 0 0 1 0 1 1 0 0 1 0 1 1 0 0 1 0 1 1 0 0 1 0 1 1 0 0 1 0 1 1 0 0 1 0 1 1 0 0 1 0 1 1 0 0 1 0 1 1 0 0 1 0 1 1 0 0 1 0 1 1 0 0 1 0 1 1 0 0 1 0 1 1 0 0 1 0 1 1 0 0 1 0 1 1 0 0 1 0 1 1 0 0 1 0 1 1 0 0 1 0 1 1 0 0 1 0 1 1 0 0 1 0 1 1 0 0 1 0 1 1 0 0 1 0 1 1 0 0 1 0 1 1 0 0 1 0 1 1 0 0 1 0 1 1 0 0 1 0 1 1 0 0 1 0 1 1 0 0 1 0 1 1 0 0 1 0 1 1 0 0 1 0 1 1 0 0 1 0 1 1 0 0 1 0 1 1 0 0 1 0 1 1 0 0 1 0 1 1 0 0 1 0 1 1 0 0 1 0 1 1 0 0 1 0 1 1 0 0 1 0 1 1 0 0 1 0 1 1 0 0 1 0 1 1 0 0 1 0 1 1 0 0 1 0 1 1 0 0 1 0 1 1 0 0 1 0 1 1 0 0 1 0 1 1 0 0 1 0 1 1 0 0 1 0 1 1 0 0 1 0 1 1 0 0 1 0 1 1 0 0 1 0 1 1 0 0 1 0 1 1 0 0 1 0 1 1 0 0 1 0 1 1 0 0 1 0 1 1 0 0 1 0 1 1 0 0 1 0 1 1 0 0 1 0 1 1 0 0 1 0 1 1 0 0 1 0 1 1 0 0 1 0 1 1 0 0 1 0 1 1 0 0 1 0 1 1 0 0 1 0 1 1 0 0 1 0 1 1 0 0 1 0 1 1 0 0 1 0 1 1 0 0 1 0 1 1 0 0 1 0 1 1 0 0 1 0 1 1 0 0 1 0 1 1 0 0 1 0 1 1 0 0 1 0 1 1 0 0 1 0 1 1 0 0 1 0 1 1 0 0 1 0 1 1 0 0 1 0 1 1 0 0 1 0 1 1 0 0 1 0 1 1 0 0 1 0 1 1 0 0 1 0 1 1 0 0 1 0 1 1 0 0 1 0 1 1 0 0 1 0 1 1 0 0 1 0 1 1 0 0 1 0 1 1 0 0 1 0 1 1 0 0 1 0 1 1 0 0 1 0 1 1 0 0 1 0 1 1 0 0 1 0 1 1 0 0 1 0 1 1 0 0 1 0 1 1 0 0 1 0 1 1 0 0 1 0 1 1 0 0 1 0 1 1 0 0 1 0 1 1 0 0 1 0 1 1 0 0 1 0 1 1 0 0 1 0 1 1 0 0 1 0 1 1 0 0 1 0 1 1 0 0 1 0 1 1 0 0 1 0 1 1 0 0 1 0 1 1 0 0 1 0 1 1 0 0 1 0 1 1 0 0 1 0 1 1 0 0 1 0 1 1 0 0 1 0 1 1 0 0 1 0 1 1 0 0 1 0 1 1 0 0 1 0 1 1 0 0 1 0 1 1 0 0 1 0 1 1 0 0 1 0 1 1 0 0 1 0 1 1 0 0 1 0 1 1 0 0 1 0 1 1 0 0 1 0 1 1 0 0 1 0 1 1 0 0 1 0 1 1 0 0 1 0 1 1 0 0 1 0 1 1 0 0 1 0 1 1 0 0 1 0 1 1 0 0 1 0 1 1 0 0 1 0 1 1 0 0 1 0 1 1 0 0 1 0 1 1 0 0 1 0 1 1 0 0 1 0 1 1 0 0 1 0 1 1 0 0 1 0 1 1 0 0 1 0 1 1 0 0 1 0 1 1 0 0 1 0 1 1 0 0 1 0 1 1 0 0 1 0 1 1 0 0 1 0 1 1 0 0 1 0 1 1 0 0 1 0 1 1 0 0 1 0 1 1 0 0 1 0 1 1 0 0 1 0 1 1 0 0 1 0 1 1 0 0 1 0 1 1 0 0 1 0 1 1 0 0 1 0 1 1 0 0 1 0 1 1 0 0 1 0 1 1 0 0 1 0 1 1 0 0 1 0 1 1 0 0 1 0 1 1 0 0 1 0 1 1 0 0 1 0 1 1 0 0 1 0 1 1 0 0 1 0 1 1 0 0 1 0 1 1 0 0 1 0 1 1 0 0 1 0 1 1 0 0 1 0 1 1 0 0 1 0 1 1 0 0 1 0 1 1 0 0 1 0 1 1 0 0 1 0 1 1 0 0 1 0 1 1 0 0 1 0 1 1 0 0 1 0 1 1 0 0 1 0 1 1 0 0 1 0 1 1 0 0 1 0 1 1 0 0 1 0 1 1 0 0 1 0 1 1 0 0 1 0 1 1 0 0 1 0 1 1 0 0 1 0 1 1 0 0 1 0 1 1 0 0 1 0 1 1 0 0 1 0 1 1 0 0 1 0 1 1 0 0 1 0 1 1 0 0 1 0 1 1 0 0 1 0 1 1 0 0 1 0 1 1 0 0 1 0 1 1 0 0 1 0 1 1 0 0 1 0 1 1 0 0 1 0 1 1 0 0 1 0 1 1 0 0 1 0 1 1 0 0 1 0 1 1 0 0 1 0 1 1 0 0 1 0 1 1 0 0 1 0 1 1 0 0 1 0 1 1 0 0 1 0 1 1 0 0 1 0 1 1 0 0 1 0 1 1 0 0 1 0 1 1 0 0 1 0 1 1 0 0 1 0 1 1 0 0 1 0 1 1 0 0 1 0 1 1 0 0 1 0 1 1 0 0 1 0 1 1 0 0 1 0 1 1 0 0 1 0 1 1 0 0 1 0 1 1 0 0 1 0 1 1 0 0 1 0 1 1 0 0 1 0 1 1 0 0 1 0 1 1 0 0 1 0 1 1 0 0 1 0 1 1 0 0 1 0 1 1 0 0 1 0 1 1 0 0 1 0 1 1 0 0 1 0 1 1 0 0 1 0 1 1 0 0 1 0 1 1 0 0 1 0 1 1 0 0 1 0 1 1 0 0 1 0 1 1 0 0 1 0 1 1 0 0 1 0 1 1 0 0 1 0 1 1 0 0 1 0 1 1 0 0 1 0 1 1 0 0 1 0 1 1 0 0 1 0 1 1 0 0 1 0 1 1 0 0 1 0 1 1 0 0 1 0 1 1 0 0 1 0 1 1 0 0 1 0 1 1 0 0 1 0 1 1 0 0 1 0 1 1 0 0 1 0 1 1 0 0 1 0 1 1 0 0 1 0 1 1 0 0 1 0 1 1 0 0 1 0 1 1 0 0 1 0 1 1 0 0 1 0 1 1 0 0 1 0 1 1 0 0 1 0 1 1 0 0 1 0 1 1 0 0 1 0 1 1 0 0 1 0 1 1 0 0 1 0 1 1 0 0 1 0 1 1 0 0 1 0 1 1 0 0 1 0 1 1 0 0 1 0 1 1 0 0 1 0 1 1 0 0 1 0 1 1 0 0 1 0 1 1 0 0 1 0 1 1 0 0 1 0 1 1 0 0 1 0 1 1 0 0 1 0 1 1 0 0 1 0 1 1 0 0 1 0 1 1 0 0 1 0 1 1 0 0 1 0 1 1 0 0 1 0 1 1 0 0 1 0 1 1 0 0 1 0 1 1 0 0 1 0 1 1 0 0 1 0 1 1 0 0 1 0 1 1 0 0 1 0 1 1 0 0 1 0 1 1 0 0 1 0 1 1 0 0 1 0 1 1 0 0 1 0 1 1 0 0 1 0 1 1 0 0 1 0 1 1 0 0 1 0 1 1 0 0 1 0 1 1 0 0 1 0 1 1 0 0 1 0 1 1 0 0 1 0 1 1 0 0 1 0 1 1 0 0 1 0 1 1 0 0 1 0 1 1 0 0 1 0 1 1 0 0 1 0 1 1 0 0 1 0 1 1 0 0 1 0 1 1 0 0 1 0 1 1 0 0 1 0 1 1 0 0 1 0 1 1 0 0 1 0 1 1 0 0 1 0 1 1 0 0 1 0 1 1 0 0 1 0 1 1 0 0 1 0 1 1 0 0 1 0 1 1 0 0 1 0 1 1 0 0 1 0 1 1 0 0 1 0 1 1 0 0 1 0 1 1 0 0 1 0 1 1 0 0 1 0 1 1 0 0 1 0 1 1 0 0 1 0 1 1 0 0 1 0 1 1 0 0 1 0 1 1 0 0 1 0 1 1 0 0 1 0 1 1 0 0 1 0 1 1 0 0 1 0 1 1 0 0 1 0 1 1 0 0 1 0 1 1 0 0 1 0 1 1 0 0 1 0 1 1 0 0 1 0 1 1 0 0 1 0 1 1 0 0 1 0 1 1 0 0 1 0 1 1 0 0 1 0 1 1 0 0 1 0 1 1 0 0 1 0 1 1 0 0 1 0 1 1 0 0 1 0 1 1 0 0 1 0 1 1 0 0 1 0 1 1 0 0 1 0 1 1 0 0 1 0 1 1 0 0 1 0 1 1 0 0 1 0 1 1 0 0 1 0 1 1 0 0 1 0 1 1 0 0 1 0 1 1 0 0 1 0 1 1 0 0 1 0 1 1 0 0 1 0 1 1 0 0 1 0 1 1 0 0 1 0 1 1 0 0 1 0 1 1 0 0 1 0 1 1 0 0 1 0 1 1 0 0 1 0 1 1 0 0 1 0 1 1 0 0 1 0 1 1 0 0 1 0 1 1 0 0 1 0 1 1 0 0 1 0 1 1 0 0 1 0 1 1 0 0 1 0 1 1 0 0 1 0 1 1 0 0 1 0 1 1 0 0 1 0 1 1 0 0 1 0 1 1 0 0 1 0 1 1 0 0 1 0 1 1 0 0 1 0 1 1 0 0 1 0 1 1 0 0 1 0 1 1 0 0 1 0 1 1 0 0 1 0 1 1 0 0 1 0 1 1 0 0 1 0 1 1 0 0 1 0 1 1 0 0 1 0 1 1 0 0 1 0 1 1 0 0 1 0 1 1 0 0 1 0 1 1 0 0 1 0 1 1 0 0 1 0 1 1 0 0 1 0 1 1 0 0 1 0 1 1 0 0 1 0 1 1 0 0 1 0 1 1 0 0 1 0 1 1 0 0 1 0 1 1 0 0 1 0 1 1 0 0 1 0 1 1 0 0 1 0 1 1 0 0 1 0 1 1 0 0 1 0 1 1 0 0 1 0 1 1 0 0 1 0 1 1 0 0 1 0 1 1 0 0 1 0 1 1 0 0 1 0 1 1 0 0 1 0 1 1 0 0 1 0 1 1 0 0 1 0 1 1 0 0 1 0 1 1 0 0 1 0 1 1 0 0 1 0 1 1 0 0 1 0 1 1 0 0 1 0 1 1 0 0 1 0 1 1 0 0 1 0 1 1 0 0 1 0 1 1 0 0 1 0 1 1 0 0 1 0 1 1 0 0 1 0 1 1 0 0 1 0 1 1 0 0 1 0 1 1 0 0 1 0 1 1 0 0 1 0 1 1 0 0 1 0 1 1 0 0 1 0 1 1 0 0 1 0 1 1 0 0 1 0 1 1 0 0 1 0 1 1 0 0 1 0 1 1 0 0 1 0 1 1 0 0 1 0 1 1 0 0 1 0 1 1 0 0 1 0 1 1 0 0 1 0 1 1 0 0 1 0 1 1 0 0 1 0 1 1 0 0 1 0 1 1 0 0 1 0 1 1 0 0 1 0 1 1 0 0 1 0 1 1 0 0 1 0 1 1 0 0 1 0 1 1 0 0 1 0 1 1 0 0 1 0 1 1 0 0 1 0 1 1 0 0 1 0 1 1 0 0 1 0 1 1 0 0 1 0 1 1 0 0 1 0 1 1 0 0 1 0 1 1 0 0 1 0 1 1 0 0 1 0 1 1 0 0 1 0 1 1 0 0 1 0 1 1 0 0 1 0 1 1 0 0 1 0 1 1 0 0 1 0 1 1 0 0 1 0 1 1 0 0 1 0 1 1 0 0 1 0 1 1 0 0 1 0 1 1 0 0 1 0 1 1 0 0 1 0 1 1 0 0 1 0 1 1 0 0 1 0 1 1 0 0 1 0 1 1 0 0 1 0 1 1 0 0 1 0 1 1 0 0 1 0 1 1 0 0 1 0 1 1 0 0 1 0 1 1 0 0 1 0 1 1 0 0 1 0 1 1 0 0 1 0 1 1 0 0 1 0 1 1 0 0 1 0 1 1 0 0 1 0 1 1 0 0 1 0 1 1 0 0 1 0 1 1 0 0 1 0 1 1 0 0 1 0 1 1 0 0 1 0 1 1 0 0 1 0 1 1 0 0 1 0 1 1 0 0 1 0 1 1 0 0 1 0 1 1 0 0 1 0 1 1 0 0 1 0 1 1 0 0 1 0 1 1 0 0 1 0 1 1 0 0 1 0 1 1 0 0 1 0 1 1 0 0 1 0 1 1 0 0 1 0 1 1 0 0 1 0 1 1 0 0 1 0 1 1 0 0 1 0 1 1 0 0 1 0 1 1 0 0 1 0 1 1 0 0 1 0 1 1 0 0 1 0 1 1 0 0 1 0 1 1 0 0 1 0 1 1 0 0 1 0 1 1 0 0 1 0 1 1 0 0 1 0 1 1 0 0 1 0 1 1 0 0 1 0 1 1 0 0 1 0 1 1 0 0 1 0 1 1 0 0 1 0 1 1 0 0 1 0 1 1 0 0 1 0 1 1 0 0 1 0 1 1 0 0 1 0 1 1 0 0 1 0 1 1 0 0 1 0 1 1 0 0 1 0 1 1 0 0 1 0 1 1 0 0 1 0 1 1 0 0 1 0 1 1 0 0 1 0 1 1 0 0 1 0 1 1 0 0 1 0 1 1 0 0 1 0 1 1 0 0 1 0 1 1 0 0 1 0 1 1 0 0 1 0 1 1 0 0 1 0 1 1 0 0 1 0 1 1 0 0 1 0 1 1 0 0 1 0 1 1 0 0 1 0 1 1 0 0 1 0 1 1 0 0 1 0 1 1 0 0 1 0 1 1 0 0 1 0 1 1 0 0 1 0 1 1 0 0 1 0 1 1 0 0 1 0 1 1 0 0 1 0 1 1 0 0 1 0 1 1 0 0 1 0 1 1 0 0 1 0 1 1 0 0 1 0 1 1 0 0 1 0 1 1 0 0 1 0 1 1 0 0 1 0 1 1 0 0 1 0 1 1 0 0 1 0 1 1 0 0 1 0 1 1 0 0 1 0 1 1 0 0 1 0 1 1 0 0 1 0 1 1 0 0 1 0 1 1 0 0 1 0 1 1 0 0 1 0 1 1 0 0 1 0 1 1 0 0 1 0 1 1 0 0 1 0 1 1 0 0 1 0 1 1 0 0 1 0 1 1 0 0 1 0 1 1 0 0 1 0 1 1 0 0 1 0 1 1 0 0 1 0 1 1 0 0 1 0 1 1 0 0 1 0 1 1 0 0 1 0 1 1 0 0 1 0 1 1 0 0 1 0 1 1 0 0 1 0 1 1 0 0 1 0 1 1 0 0 1 0 1 1 0 0 1 0 1 1 0 0 1 0 1 1 0 0 1 0 1 1 0 0 1 0 1 1 0 0 1 0 1 1 0 0 1 0 1 1 0 0 1 0 1 1 0 0 1 0 1 1 0 0 1 0 1 1 0 0 1 0 1 1 0 0 1 0 1 1 0 0 1 0 1 1 0 0 1 0 1 1 0 0 1 0 1 1 0 0 1 0 1 1 0 0 1 0 1 1 0 0 1 0 1 1 0 0 1 0 1 1 0 0 1 0 1 1 0 0 1 0 1 1 0 0 1 0 1 1 0 0 1 0 1 1 0 0 1 0 1 1 0 0 1 0 1 1 0 0 1 0 1 1 0 0 1 0 1 1 0 0 1 0 1 1 0 0 1 0 1 1 0 0 1 0 1 1 0 0 1 0 1 1 0 0 1 0 1 1 0 0 1 0 1 1 0 0 1 0 1 1 0 0 1 0 1 1 0 0 1 0 1 1 0 0 1 0 1 1 0 0 1 0 1 1 0 0 1 0 1 1 0 0 1 0 1 1 0 0 1 0 1 1 0 0 1 0 1 1 0 0 1 0 1 1 0 0 1 0 1 1 0 0 1 0 1 1 0 0 1 0 1 1 0 0 1 0 1 1 0 0 1 0 1 1 0 0 1 0 1 1 0 0 1 0 1 1 0 0 1 0 1 1 0 0 1 0 1 1 0 0 1 0 1 1 0 0 1 0 1 1 0 0 1 0 1 1 0 0 1 0 1 1 0 0 1 0 1 1 0 0 1 0 1 1 0 0 1 0 1 1 0 0 1 0 1 1 0 0 1 0 1 1 0 0 1 0 1 1 0 0 1 0 1 1 0 0 1 0 1 1 0 0 1 0 1 1 0 0 1 0 1 1 0 0 1 0 1 1 0 0 1 0 1 1 0 0 1 0 1 1 0 0 1 0 1 1 0 0 1 0 1 1 0 0 1 0 1 1 0 0 1 0 1 1 0 0 1 0 1 1 0 0 1 0 1 1 0 0 1 0 1 1 0 0 1 0 1 1 0 0 1 0 1 1 0 0 1 0 1 1 0 0 1 0 1 1 0 0 1 0 1 1 0 0 1 0 1 1 0 0 1 0 1 1 0 0 1 0 1 1 0 0 1 0 1 1 0 0 1 0 1 1 0 0 1 0 1 1 0 0 1 0 1 1 0 0 1 0 1 1 0 0 1 0 1 1 0 0 1 0 1 1 0 0 1 0 1 1 0 0 1 0 1 1 0 0 1 0 1 1 0 0 1 0 1 1 0 0 1 0 1 1 0 0 1 0 1 1 0 0 1 0 1 1 0 0 1 0 1 1 0 0 1 0 1 1 0 0 1 0 1 1 0 0 1 0 1 1 0 0 1 0 1 1 0 0 1 0 1 1 0 0 1 0 1 1 0 0 1 0 1 1 0 0 1 0 1 1 0 0 1 0 1 1 0 0 1 0 1 1 0 0 1 0 1 1 0 0 1 0 1 1 0 0 1 0 1 1 0 0 1 0 1 1 0 0 1 0 1 1 0 0 1 0 1 1 0 0 1 0 1 1 0 0 1 0 1 1 0 0 1 0 1 1 0 0 1 0 1 1 0 0 1 0 1 1 0 0 1 0 1 1 0 0 1 0 1 1 0 0 1 0 1 1 0 0 1 0 1 1 0 0 1 0 1 1 0 0 1 0 1 1 0 0 1 0 1 1 0 0 1 0 1 1 0 0 1 0 1 1 0 0 1 0 1 1 0 0 1 0 1 1 0 0 1 0 1 1 0 0 1 0 1 1 0 0 1 0 1 1 0 0 1 0 1 1 0 0 1 0 1 1 0 0 1 0 1 1 0 0 1 0 1 1 0 0 1 0 1 1 0 0 1 0 1 1 0 0 1 0 1 1 0 0 1 0 1 1 0 0 1 0 1 1 0 0 1 0 1 1 0 0 1 0 1 1 0 0 1 0 1 1 0 0 1 0 1 1 0 0 1 0 1 1 0 0 1 0 1 1 0 0 1 0 1 1 0 0 1 0 1 1 0 0 1 0 1 1 0 0 1 0 1 1 0 0 1 0 1 1 0 0 1 0 1 1 0 0 1 0 1 1 0 0 1 0 1 1 0 0 1 0 1 1 0 0 1 0 1 1 0 0 1 0 1 1 0 0 1 0 1 1 0 0 1 0 1 1 0 0 1 0 1 1 0 0 1 0 1 1 0 0 1 0 1 1 0 0 1 0 1 1 0 0 1 0 1 1 0 0 1 0 1 1 0 0 1 0 1 1 0 0 1 0 1 1 0 0 1 0 1 1 0 0 1 0 1 1 0 0 1 0 1 1 0 0 1 0 1 1 0 0 1 0 1 1 0 0 1 0 1 1 0 0 1 0 1 1 0 0 1 0 1 1 0 0 1 0 1 1 0 0 1 0 1 1 0 0 1 0 1 1 0 0 1 0 1 1 0 0 1 0 1 1 0 0 1 0 1 1 0 0 1 0 1 1 0 0 1 0 1 1 0 0 1 0 1 1 0 0 1 0 1 1 0 0 1 0 1 1 0 0 1 0 1 1 0 0 1 0 1 1 0 0 1 0 1 1 0 0 1 0 1 1 0 0 1 0 1 1 0 0 1 0 1 1 0 0 1 0 1 1 0 0 1 0 1 1 0 0 1 0 1 1 0 0 1 0 1 1 0 0 1 0 1 1 0 0 1 0 1 1 0 0 1 0 1 1 0 0 1 0 1 1 0 0 1 0 1 1 0 0 1 0 1 1 0 0 1 0 1 1 0 0 1 0 1 1 0 0 1 0 1 1 0 0 1 0 1 1 0 0 1 0 1 1 0 0 1 0 1 1 0 0 1 0 1 1 0 0 1 0 1 1 0 0 1 0 1 1 0 0 1 0 1 1 0 0 1 0 1 1 0 0 1 0 1 1 0 0 1 0 1 1 0 0 1 0 1 1 0 0 1 0 1 1 0 0 1 0 1 1 0 0 1 0 1 1 0 0 1 0 1 1 0 0 1 0 1 1 0 0 1 0 1 1 0 0 1 0 1 1 0 0 1 0 1 1 0 0 1 0 1 1 0 0 1 0 1 1 0 0 1 0 1 1 0 0 1 0 1 1 0 0 1 0 1 1 0 0 1 0 1 1 0 0 1 0 1 1 0 0 1 0 1 1 0 0 1 0 1 1 0 0 1 0 1 1 0 0 1 0 1 1 0 0 1 0 1 1 0 0 1 0 1 1 0 0 1 0 1 1 0 0 1 0 1 1 0 0 1 0 1 1 0 0 1 0 1 1 0 0 1 0 1 1 0 0 1 0 1 1 0 0 1 0 1 1 0 0 1 0 1 1 0 0 1 0 1 1 0 0 1 0 1 1 0 0 1 0 1 1 0 0 1 0 1 1 0 0 1 0 1 1 0 0 1 0 1 1 0 0 1 0 1 1 0 0 1 0 1 1 0 0 1 0 1 1 0 0 1 0 1 1 0 0 1 0 1 1 0 0 1 0 1 1 0 0 1 0 1 1 0 0 1 0 1 1 0 0 1 0 1 1 0 0 1 0 1 1 0 0 1 0 1 1 0 0 1 0 1 1 0 0 1 0 1 1 0 0 1 0 1 1 0 0 1 0 1 1 0 0 1 0 1 1 0 0 1 0 1 1 0 0 1 0 1 1 0 0 1 0 1 1 0 0 1 0 1 1 0 0 1 0 1 1 0 0 1 0 1 1 0 0 1 0 1 1 0 0 1 0 1 1 0 0 1 0 1 1 0 0 1 0 1 1 0 0 1 0 1 1 0 0 1 0 1 1 0 0 1 0 1 1 0 0 1 0 1 1 0 0 1 0 1 1 0 0 1 0 1 1 0 0 1 0 1 1 0 0 1 0 1 1 0 0 1 0 1 1 0 0 1 0 1 1 0 0 1 0 1 1 0 0 1 0 1 1 0 0 1 0 1 1 0 0 1 0 1 1 0 0 1 0 1 1 0 0 1 0 1 1 0 0 1 0 1 1 0 0 1 0 1 1 0 0 1 0 1 1 0 0 1 0 1 1 0 0 1 0 1 1 0 0 1 0 1 1 0 0 1 0 1 1 0 0 1 0 1 1 0 0 1 0 1 1 0 0 1 0 1 1 0 0 1 0 1 1 0 0 1 0 1 1 0 0 1 0 1 1 0 0 1 0 1 1 0 0 1 0 1 1 0 0 1 0 1 1 0 0 1 0 1 1 0 0 1 0 1 1 0 0 1 0 1 1 0 0 1 0 1 1 0 0 1 0 1 1 0 0 1 0 1 1 0 0 1 0 1 1 0 0 1 0 1 1 0 0 1 0 1 1 0 0 1 0 1 1 0 0 1 0 1 1 0 0 1 0 1 1 0 0 1 0 1 1 0 0 1 0 1 1 0 0 1 0 1 1 0 0 1 0 1 1 0 0 1 0 1 1 0 0 1 0 1 1 0 0 1 0 1 1 0 0 1 0 1 1 0 0 1 0 1 1 0 0 1 0 1 1 0 0 1 0 1 1 0 0 1 0 1 1 0 0 1 0 1 1 0 0 1 0 1 1 0 0 1 0 1 1 0 0 1 0 1 1 0 0 1 0 1 1 0 0 1 0 1 1 0 0 1 0 1 1 0 0 1 0 1 1 0 0 1 0 1 1 0 0 1 0 1 1 0 0 1 0 1 1 0 0 1 0 1 1 0 0 1 0 1 1 0 0 1 0 1 1 0 0 1 0 1 1 0 0 1 0 1 1 0 0 1 0 1 1 0 0 1 0 1 1 0 0 1 0 1 1 0 0 1 0 1 1 0 0 1 0 1 1 0 0 1 0 1 1 0 0 1 0 1 1 0 0 1 0 1 1 0 0 1 0 1 1 0 0 1 0 1 1 0 0 1 0 1 1 0 0 1 0 1 1 0 0 1 0 1 1 0 0 1 0 1 1 0 0 1 0 1 1 0 0 1 0 1 1 0 0 1 0 1 1 0 0 1 0 1 1 0 0 1 0 1 1 0 0 1 0 1 1 0 0 1 0 1 1 0 0 1 0 1 1 0 0 1 0 1 1 0 0 1 0 1 1 0 0 1 0 1 1 0 0 1 0 1 1 0 0 1 0 1 1 0 0 1 0 1 1 0 0 1 0 1 1 0 0 1 0 1 1 0 0 1 0 1 1 0 0 1 0 1 1 0 0 1 0 1 1 0 0 1 0 1 1 0 0 1 0 1 1 0 0 1 0 1 1 0 0 1 0 1 1 0 0 1 0 1 1 0 0 1 0 1 1 0 0 1 0 1 1 0 0 1 0 1 1 0 0 1 0 1 1 0 0 1 0 1 1 0 0 1 0 1 1 0 0 1 0 1 1 0 0 1 0 1 1 0 0 1 0 1 1 0 0 1 0 1 1 0 0 1 0 1 1 0 0 1 0 1 1 0 0 1 0 1 1 0 0 1 0 1 1 0 0 1 0 1 1 0 0 1 0 1 1 0 0 1 0 1 1 0 0 1 0 1 1 0 0 1 0 1 1 0 0 1 0 1 1 0 0 1 0 1 1 0 0 1 0 1 1 0 0 1 0 1 1 0 0 1 0 1 1 0 0 1 0 1 1 0 0 1 0 1 1 0 0 1 0 1 1 0 0 1 0 1 1 0 0 1 0 1 1 0 0 1 0 1 1 0 0 1 0 1 1 0 0 1 0 1 1 0 0 1 0 1 1 0 0 1 0 1 1 0 0 1 0 1 1 0 0 1 0 1 1 0 0 1 0 1 1 0 0 1 0 1 1 0 0 1 0 1 1 0 0 1 0 1 1 0 0 1 0 1 1 0 0 1 0 1 1 0 0 1 0 1 1 0 0 1 0 1 1 0 0 1 0 1 1 0 0 1 0 1 1 0 0 1 0 1 1 0 0 1 0 1 1 0 0 1 0 1 1 0 0 1 0 1 1 0 0 1 0 1 1 0 0 1 0 1 1 0 0 1 0 1 1 0 0 1 0 1 1 0 0 1 0 1 1 0 0 1 0 1 1 0 0 1 0 1 1 0 0 1 0 1 1 0 0 1 0 1 1 0 0 1 0 1 1 0 0 1 0 1 1 0 0 1 0 1 1 0 0 1 0 1 1 0 0 1 0 1 1 0 0 1 0 1 1 0 0 1 0 1 1 0 0 1 0 1 1 0 0 1 0 1 1 0 0 1 0 1 1 0 0 1 0 1 1 0 0 1 0 1 1 0 0 1 0 1 1 0 0 1 0 1 1 0 0 1 0 1 1 0 0 1 0 1 1 0 0 1 0 1 1 0 0 1 0 1 1 0 0 1 0 1 1 0 0 1 0 1 1 0 0 1 0 1 1 0 0 1 0 1 1 0 0 1 0 1 1 0 0 1 0 1 1 0 0 1 0 1 1 0 0 1 0 1 1 0 0 1 0 1 1 0 0 1 0 1 1 0 0 1 0 1 1 0 0 1 0 1 1 0 0 1 0 1 1 0 0 1 0 1 1 0 0 1 0 1 1 0 0 1 0 1 1 0 0 1 0 1 1 0 0 1 0 1 1 0 0 1 0 1 1 0 0 1 0 1 1 0 0 1 0 1 1 0 0 1 0 1 1 0 0 1 0 1 1 0 0 1 0 1 1 0 0 1 0 1 1 0 0 1 0 1 1 0 0 1 0 1 1 0 0 1 0 1 1 0 0 1 0 1 1 0 0 1 0 1 1 0 0 1 0 1 1 0 0 1 0 1 1 0 0 1 0 1 1 0 0 1 0 1 1 0 0 1 0 1 1 0 0 1 0 1 1 0 0 1 0 1 1 0 0 1 0 1 1 0 0 1 0 1 1 0 0 1 0 1 1 0 0 1 0 1 1 0 0 1 0 1 1 0 0 1 0 1 1 0 0 1 0 1 1 0 0 1 0 1 1 0 0 1 0 1 1 0 0 1 0 1 1 0 0 1 0 1 1 0 0 1 0 1 1 0 0 1 0 1 1 0 0 1 0 1 1 0 0 1 0 1 1 0 0 1 0 1 1 0 0 1 0 1 1 0 0 1 0 1 1 0 0 1 0 1 1 0 0 1 0 1 1 0 0 1 0 1 1 0 0 1 0 1 1 0 0 1 0 1 1 0 0 1 0 1 1 0 0 1 0 1 1 0 0 1 0 1 1 0 0 1 0 1 1 0 0 1 0 1 1 0 0 1 0 1 1 0 0 1 0 1 1 0 0 1 0 1 1 0 0 1 0 1 1 0 0 1 0 1 1 0 0 1 0 1 1 0 0 1 0 1 1 0 0 1 0 1 1 0 0 1 0 1 1 0 0 1 0 1 1 0 0 1 0 1 1 0 0 1 0 1 1 0 0 1 0 1 1 0 0 1 0 1 1 0 0 1 0 1 1 0 0 1 0 1 1 0 0 1 0 1 1 0 0 1 0 1 1 0 0 1 0 1 1 0 0 1 0 1 1 0 0 1 0 1 1 0 0 1 0 1 1 0 0 1 0 1 1 0 0 1 0 1 1 0 0 1 0 1 1 0 0 1 0 1 1 0 0 1 0 1 1 0 0 1 0 1 1 0 0 1 0 1 1 0 0 1 0 1 1 0 0 1 0 1 1 0 0 1 0 1 1 0 0 1 0 1 1 0 0 1 0 1 1 0 0 1 0 1 1 0 0 1 0 1 1 0 0 1 0 1 1 0 0 1 0 1 1 0 0 1 0 1 1 0 0 1 0 1 1 0 0 1 0 1 1 0 0 1 0 1 1 0 0 1 0 1 1 0 0 1 0 1 1 0 0 1 0 1 1 0 0 1 0 1 1 0 0 1 0 1 1 0 0 1 0 1 1 0 0 1 0 1 1 0 0 1 0 1 1 0 0 1 0 1 1 0 0 1 0 1 1 0 0 1 0 1 1 0 0 1 0 1 1 0 0 1 0 1 1 0 0 1 0 1 1 0 0 1 0 1 1 0 0 1 0 1 1 0 0 1 0 1 1 0 0 1 0 1 1 0 0 1 0 1 1 0 0 1 0 1 1 0 0 1 0 1 1 0 0 1 0 1 1 0 0 1 0 1 1 0 0 1 0 1 1 0 0 1 0 1 1 0 0 1 0 1 1 0 0 1 0 1 1 0 0 1 0 1 1 0 0 1 0 1 1 0 0 1 0 1 1 0 0 1 0 1 1 0 0 1 0 1 1 0 0 1 0 1 1 0 0 1 0 1 1 0 0 1 0 1 1 0 0 1 0 1 1 0 0 1 0 1 1 0 0 1 0 1 1 0 0 1 0 1 1 0 0 1 0 1 1 0 0 1 0 1 1 0 0 1 0 1 1 0 0 1 0 1 1 0 0 1 0 1 1 0 0 1 0 1 1 0 0 1 0 1 1 0 0 1 0 1 1 0 0 1 0 1 1 0 0 1 0 1 1 0 0 1 0 1 1 0 0 1 0 1 1 0 0 1 0 1 1 0 0 1 0 1 1 0 0 1 0 1 1 0 0 1 0 1 1 0 0 1 0 1 1 0 0 1 0 1 1 0 0 1 0 1 1 0 0 1 0 1 1 0 0 1 0 1 1 0 0 1 0 1 1 0 0 1 0 1 1 0 0 1 0 1 1 0 0 1 0 1 1 0 0 1 0 1 1 0 0 1 0 1 1 0 0 1 0 1 1 0 0 1 0 1 1 0 0 1 0 1 1 0 0 1 0 1 1 0 0 1 0 1 1 0 0 1 0 1 1 0 0 1 0 1 1 0 0 1 0 1 1 0 0 1 0 1 1 0 0 1 0 1 1 0 0 1 0 1 1 0 0 1 0 1 1 0 0 1 0 1 1 0 0 1 0 1 1 0 0 1 0 1 1 0 0 1 0 1 1 0 0 1 0 1 1 0 0 1 0 1 1 0 0 1 0 1 1 0 0 1 0 1 1 0 0 1 0 1 1 0 0 1 0 1 1 0 0 1 0 1 1 0 0 1 0 1 1 0 0 1 0 1 1 0 0 1 0 1 1 0 0 1 0 1 1 0 0 1 0 1 1 0 0 1 0 1 1 0 0 1 0 1 1 0 0 1 0 1 1 0 0 1 0 1 1 0 0 1 0 1 1 0 0 1 0 1 1 0 0 1 0 1 1 0 0 1 0 1 1 0 0 1 0 1 1 0 0 1 0 1 1 0 0 1 0 1 1 0 0 1 0 1 1 0 0 1 0 1 1 0 0 1 0 1 1 0 0 1 0 1 1 0 0 1 0 1 1 0 0 1 0 1 1 0 0 1 0 1 1 0 0 1 0 1 1 0 0 1 0 1 1 0 0 1 0 1 1 0 0 1 0 1 1 0 0 1 0 1 1 0 0 1 0 1 1 0 0 1 0 1 1 0 0 1 0 1 1 0 0 1 0 1 1 0 0 1 0 1 1 0 0 1 0 1 1 0 0 1 0 1 1 0 0 1 0 1 1 0 0 1 0 1 1 0 0 1 0 1 1 0 0 1 0 1 1 0 0 1 0 1 1 0 0 1 0 1 1 0 0 1 0 1 1 0 0 1 0 1 1 0 0 1 0 1 1 0 0 1 0 1 1 0 0 1 0 1 1 0 0 1 0 1 1 0 0 1 0 1 1 0 0 1 0 1 1 0 0 1 0 1 1 0 0 1 0 1 1 0 0 1 0 1 1 0 0 1 0 1 1 0 0 1 0 1 1 0 0 1 0 1 1 0 0 1 0 1 1 0 0 1 0 1 1 0 0 1 0 1 1 0 0 1 0 1 1 0 0 1 0 1 1 0 0 1 0 1 1 0 0 1 0 1 1 0 0 1 0 1 1 0 0 1 0 1 1 0 0 1 0 1 1 0 0 1 0 1 1 0 0 1 0 1 1 0 0 1 0 1 1 0 0 1 0 1 1 0 0 1 0 1 1 0 0 1 0 1 1 0 0 1 0 1 1 0 0 1 0 1 1 0 0 1 0 1 1 0 0 1 0 1 1 0 0 1 0 1 1 0 0 1 0 1 1 0 0 1 0 1 1 0 0 1 0 1 1 0 0 1 0 1 1 0 0 1 0 1 1 0 0 1 0 1 1 0 0 1 0 1 1 0 0 1 0 1 1 0 0 1 0 1 1 0 0 1 0 1 1 0 0 1 0 1 1 0 0 1 0 1 1 0 0 1 0 1 1 0 0 1 0 1 1 0 0 1 0 1 1 0 0 1 0 1 1 0 0 1 0 1 1 0 0 1 0 1 1 0 0 1 0 1 1 0 0 1 0 1 1 0 0 1 0 1 1 0 0 1 0 1 1 0 0 1 0 1 1 0 0 1 0 1 1 0 0 1 0 1 1 0 0 1 0 1 1 0 0 1 0 1 1 0 0 1 0 1 1 0 0 1 0 1 1 0 0 1 0 1 1 0 0 1 0 1 1 0 0 1 0 1 1 0 0 1 0 1 1 0 0 1 0 1 1 0 0 1 0 1 1 0 0 1 0 1 1 0 0 1 0 1 1 0 0 1 0 1 1 0 0 1 0 1 1 0 0 1 0 1 1 0 0 1 0 1 1 0 0 1 0 1 1 0 0 1 0 1 1 0 0 1 0 1 1 0 0 1 0 1 1 0 0 1 0 1 1 0 0 1 0 1 1 0 0 1 0 1 1 0 0 1 0 1 1 0 0 1 0 1 1 0 0 1 0 1 1 0 0 1 0 1 1 0 0 1 0 1 1 0 0 1 0 1 1 0 0 1 0 1 1 0 0 1 0 1 1 0 0 1 0 1 1 0 0 1 0 1 1 0 0 1 0 1 1 0 0 1 0 1 1 0 0 1 0 1 1 0 0 1 0 1 1 0 0 1 0 1 1 0 0 1 0 1 1 0 0 1 0 1 1 0 0 1 0 1 1 0 0 1 0 1 1 0 0 1 0 1 1 0 0 1 0 1 1 0 0 1 0 1 1 0 0 1 0 1 1 0 0 1 0 1 1 0 0 1 0 1 1 0 0 1 0 1 1 0 0 1 0 1 1 0 0 1 0 1 1 0 0 1 0 1 1 0 0 1 0 1 1 0 0 1 0 1 1 0 0 1 0 1 1 0 0 1 0 1 1 0 0 1 0 1 1 0 0 1 0 1 1 0 0 1 0 1 1 0 0 1 0 1 1 0 0 1 0 1 1 0 0 1 0 1 1 0 0 1 0 1 1 0 0 1 0 1 1 0 0 1 0 1 1 0 0 1 0 1 1 0 0 1 0 1 1 0 0 1 0 1 1 0 0 1 0 1 1 0 0 1 0 1 1 0 0 1 0 1 1 0 0 1 0 1 1 0 0 1 0 1 1 0 0 1 0 1 1 0 0 1 0 1 1 0 0 1 0 1 1 0 0 1 0 1 1 0 0 1 0 1 1 0 0 1 0 1 1 0 0 1 0 1 1 0 0 1 0 1 1 0 0 1 0 1 1 0 0 1 0 1 1 0 0 1 0 1 1 0 0 1 0 1 1 0 0 1 0 1 1 0 0 1 0 1 1 0 0 1 0 1 1 0 0 1 0 1 1 0 0 1 0 1 1 0 0 1 0 1 1 0 0 1 0 1 1 0 0 1 0 1 1 0 0 1 0 1 1 0 0 1 0 1 1 0 0 1 0 1 1 0 0 1 0 1 1 0 0 1 0 1 1 0 0 1 0 1 1 0 0 1 0 1 1 0 0 1 0 1 1 0 0 1 0 1 1 0 0 1 0 1 1 0 0 1 0 1 1 0 0 1 0 1 1 0 0 1 0 1 1 0 0 1 0 1 1 0 0 1 0 1 1 0 0 1 0 1 1 0 0 1 0 1 1 0 0 1 0 1 1 0 0 1 0 1 1 0 0 1 0 1 1 0 0 1 0 1 1 0 0 1 0 1 1 0 0 1 0 1 1 0 0 1 0 1 1 0 0 1 0 1 1 0 0 1 0 1 1 0 0 1 0 1 1 0 0 1 0 1 1 0 0 1 0 1 1 0 0 1 0 1 1 0 0 1 0 1 1 0 0 1 0 1 1 0 0 1 0 1 1 0 0 1 0 1 1 0 0 1 0 1 1 0 0 1 0 1 1 0 0 1 0 1 1 0 0 1 0 1 1 0 0 1 0 1 1 0 0 1 0 1 1 0 0 1 0 1 1 0 0 1 0 1 1 0 0 1 0 1 1 0 0 1 0 1 1 0 0 1 0 1 1 0 0 1 0 1 1 0 0 1 0 1 1 0 0 1 0 1 1 0 0 1 0 1 1 0 0 1 0 1 1 0 0 1 0 1 1 0 0 1 0 1 1 0 0 1 0 1 1 0 0 1 0 1 1 0 0 1 0 1 1 0 0 1 0 1 1 0 0 1 0 1 1 0 0 1 0 1 1 0 0 1 0 1 1 0 0 1 0 1 1 0 0 1 0 1 1 0 0 1 0 1 1 0 0 1 0 1 1 0 0 1 0 1 1 0 0 1 0 1 1 0 0 1 0 1 1 0 0 1 0 1 1 0 0 1 0 1 1 0 0 1 0 1 1 0 0 1 0 1 1 0 0 1 0 1 1 0 0 1 0 1 1 0 0 1 0 1 1 0 0 1 0 1 1 0 0 1 0 1 1 0 0 1 0 1 1 0 0 1 0 1 1 0 0 1 0 1 1 0 0 1 0 1 1 0 0 1 0 1 1 0 0 1 0 1 1 0 0 1 0 1 1 0 0 1 0 1 1 0 0 1 0 1 1 0 0 1 0 1 1 0 0 1 0 1 1 0 0 1 0 1 1 0 0 1 0 1 1 0 0 1 0 1 1 0 0 1 0 1 1 0 0 1 0 1 1 0 0 1 0 1 1 0 0 1 0 1 1 0 0 1 0 1 1 0 0 1 0 1 1 0 0 1 0 1 1 0 0 1 0 1 1 0 0 1 0 1 1 0 0 1 0 1 1 0 0 1 0 1 1 0 0 1 0 1 1 0 0 1 0 1 1 0 0 1 0 1 1 0 0 1 0 1 1 0 0 1 0 1 1 0 0 1 0 1 1 0 0 1 0 1 1 0 0 1 0 1 1 0 0 1 0 1 1 0 0 1 0 1 1 0 0 1 0 1 1 0 0 1 0 1 1 0 0 1 0 1 1 0 0 1 0 1 1 0 0 1 0 1 1 0 0 1 0 1 1 0 0 1 0 1 1 0 0 1 0 1 1 0 0 1 0 1 1 0 0 1 0 1 1 0 0 1 0 1 1 0 0 1 0 1 1 0 0 1 0 1 1 0 0 1 0 1 1 0 0 1 0 1 1 0 0 1 0 1 1 0 0 1 0 1 1 0 0 1 0 1 1 0 0 1 0 1 1 0 0 1 0 1 1 0 0 1 0 1 1 0 0 1 0 1 1 0 0 1 0 1 1 0 0 1 0 1 1 0 0 1 0 1 1 0 0 1 0 1 1 0 0 1 0 1 1 0 0 1 0 1 1 0 0 1 0 1 1 0 0 1 0 1 1 0 0 1 0 1 1 0 0 1 0 1 1 0 0 1 0 1 1 0 0 1 0 1 1 0 0 1 0 1 1 0 0 1 0 1 1 0 0 1 0 1 1 0 0 1 0 1 1 0 0 1 0 1 1 0 0 1 0 1 1 0 0 1 0 1 1 0 0 1 0 1 1 0 0 1 0 1 1 0 0 1 0 1 1 0 0 1 0 1 1 0 0 1 0 1 1 0 0 1 0 1 1 0 0 1 0 1 1 0 0 1 0 1 1 0 0 1 0 1 1 0 0 1 0 1 1 0 0 1 0 1 1 0 0 1 0 1 1 0 0 1 0 1 1 0 0 1 0 1 1 0 0 1 0 1 1 0 0 1 0 1 1 0 0 1 0 1 1 0 0 1 0 1 1 0 0 1 0 1 1 0 0 1 0 1 1 0 0 1 0 1 1 0 0 1 0 1 1 0 0 1 0 1 1 0 0 1 0 1 1 0 0 1 0 1 1 0 0 1 0 1 1 0 0 1 0 1 1 0 0 1 0 1 1 0 0 1 0 1 1 0 0 1 0 1 1 0 0 1 0 1 1 0 0 1 0 1 1 0 0 1 0 1 1 0 0 1 0 1 1 0 0 1 0 1 1 0 0 1 0 1 1 0 0 1 0 1 1 0 0 1 0 1 1 0 0 1 0 1 1 0 0 1 0 1 1 0 0 1 0 1 1 0 0 1 0 1 1 0 0 1 0 1 1 0 0 1 0 1 1 0 0 1 0 1 1 0 0 1 0 1 1 0 0 1 0 1 1 0 0 1 0 1 1 0 0 1 0 1 1 0 0 1 0 1 1 0 0 1 0 1 1 0 0 1 0 1 1 0 0 1 0 1 1 0 0 1 0 1 1 0 0 1 0 1 1 0 0 1 0 1 1 0 0 1 0 1 1 0 0 1 0 1 1 0 0 1 0 1 1 0 0 1 0 1 1 0 0 1 0 1 1 0 0 1 0 1 1 0 0 1 0 1 1 0 0 1 0 1 1 0 0 1 0 1 1 0 0 1 0 1 1 0 0 1 0 1 1 0 0 1 0 1 1 0 0 1 0 1 1 0 0 1 0 1 1 0 0 0 0 0 0 0 0 0 0 0 0 0 0 0 0 0 0 0 0 0 0 0 0 0 0 0 0 0 0 0 0 0 0 0 0 0 0 0 0 0 0 0 0 0 0 0 0 0 0 0 0 0 0 0 0 0 0 0 0 0 0 0 0 0 0 0 0 0 0 0 0 0 0 0 0 0 0 0 0 0 0 0 0 0 0 0 0 0 0 0 0 0 0 0 0 0 0 0 0 0 0 0 0 0 0 0 0 0 0 0 0 0 0 0 0 0 0 0 0 0 0 0 0 0 0 0 0 0 0 0 0 0 0 0 0 0 0 0 0 0 0 0 0 0 0 0 0 0 0 0 0 0 0 0 0 0 0 0 0 0 0 0 0 0 0 0 0 0 0 0 0 0 0 0 0 0 0 0 0 0 0 0 0 0 0 0 0 0 0 0 0 0 0 0 0 0 0 0 0 0 0 0 0 0 0 0 0 0 0 0 0 0 0 0 0 0 0 0 0 0 0 0 0 0 0 0 0 0 0 0 0 0 0 0 0 0 0 0 0 0 0 0 0 0 0 0 0 0 0 0 0 0 0 0 0 0 0 0 0 0 0 0 0 0 0 0 0 0 0 0 0 0 0 0 0 0 0 0 0 0 0 0 0 0 0 0 0 0 0 0 0 0 0 0 0 0 0 0 0 0 0 0 0 0 0 0 0 0 0 0 0 0 0 0 0 0 0 0 0 0 0 0 0 0 0 0 0 0 0 0 0 0 0 0 0 0 0 0 0 0 0 0 0 0 0 0 0 0 0 0 0 0 0 0 0 0 0 0 0 0 0 0 0 0 0 0 0 0 0 0 0 0 0 0 0 0 0 0 0 0 0 0 0 0 0 0 0 0 0 0 0 0 0 0 0 0 0 0 0 0 0 0 0 0 0 0 0 0 0 0 0 0 0 0 0 0 0 0 0 0 0 0 0 0 0 0 0 0 0 0 0 0 0 0 0 0 0 0 0 0 0 0 0 0 0 0 0 0 0 0 0 0 0 0 0 0 0 0 0 0 0 0 0 0 0 0 0 0 0 0 0 0 0 0 0 0 0 0 0 0 0 0 0 0 0 0 0 0 0 0 0 0 0 0 0 0 0 0 0 0 0 0 0 0 0 0 0 0 0 0 0 0 0 0 0 0 0 0 0 0 0 0 0 0 0 0 0 0 0 0 0 0 0 0 0 0 0 0 0 0 0 0 0 0 0 0 0 0 0 0 0 0 0 0 0 0 0 0 0 0 0 0 0 0 0 0 0 0 0 0 0 0 0 0 0 0 0 0 0 0 0 0 0 0 0 0 0 0 0 0 0 0 0 0 0 0 0 0 0 0 0 0 0 0 0 0 0 0 0 0 0 0 0 0 0 0 0 0 0 0 0 0 0 0 0 0 0 0 0 0 0 0 0 0 0 0 0 0 0 0 0 0 0 0 0 0 0 0 0 0 0 0 0 0 0 0 0 0 0 0 0 0 0 0 0 0 0 0 0 0 0 0 0 0 0 0 0 0 0 0 0 0 0 0 0 0 0 0 0 0 0 0 0 0 0 0 0 0 0 0 0 0 0 0 0 0 0 0 0 0 0 0 0 0 0 0 0 0 0 0 0 0 0 0 0 0 0 0 0 0 0 0 0 0 0 0 0 0 0 0 0 0 0 0 0 0 0 0 0 0 0 0 0 0 0 0 0 0 0 0 0 0 0 0 0 0 0 0 0 0 0 0 0 0 0 0 0 0 0 0 0 0 0 0 0 0 0 0 0 0 0 0 0 0 0 0 0 0 0 0 0 0 0 0 0 0 0 0 0 0 0 0 0 0 0 0 0 0 0 0 0 0 0 0 0 0 0 0 0 0 0 0 0 0 0 0 0 0 0 0 0 0 0 0 0 0 0 0 0 0 0 0 0 0 0 0 0 0 0 0 0 0 0 0 0 0 0 0 0 0 0 0 0 0 0 0 0 0 0 0 0 0 0 0 0 0 0 0 0 0 0 0 0 0 0 0 0 0 0 0 0 0 0 0 0 0 0 0 0 0 0 0 0 0 0 0 0 0 0 0 0 0 0 0 0 0 0 0 0 0 0 0 0 0 0 0 0 0 0 0 0 0 0 0 0 0 0 0 0 0 0 0 0 0 0 0 0 0 0 0 0 0 0 0 0 0 0 0 0 0 0 0 0 0 0 0 0 0 0 0 0 0 0 0 0 0 0 0 0 0 0 0 0 0 0 0 0 0 0 0 0 0 0 0 0 0 0 0 0 0 0 0 0 0 0 0 0 0 0 0 0 0 0 0 0 0 0 0 0 0 0 0 0 0 0 0 0 0 0 0 0 0 0 0 0 0 0 0 0 0 0 0 0 0 0 0 0 0 0 0 0 0 0 0 0 0 0 0 0 0 0 0 0 0 0 0 0 0 0 0 0 0 0 0 0 0 0 0 0 0 0 0 0 0 0 0 0 0 0 0 0 0 0 0 0 0 0 0 0 0 0 0 0 0 0 0 0 0 0 0 0 0 0 0 0 0 0 0 0 0 0 0 0 0 0 0 0 0 0 0 0 0 0 0 0 0 0 0 0 0 0 0 0 0 0 0 0 0 0 0 0 0 0 0 0 0 0 0 0 0 0 0 0 0 0 0 0 0 0 0 0 0 0 0 0 0 0 0 0 0 0 0 0 0 0 0 0 0 0 0 0 0 0 0 0 0 0 0 0 0 0 0 0 0 0 0 0 0 0 0 0 0 0 0 0 0 0 0 0 0 0 0 0 0 0 0 0 0 0 0 0 0 0 0 0 0 0 0 0 0 0 0 0 0 0 0 0 0 0 0 0 0 0 0 0 0 0 0 0 0 0 0 0 0 0 0 0 0 0 0 0 0 0 0 0 0 0 0 0 0 0 0 0 0 0 0 0 0 0 0 0 0 0 0 0 0 0 0 0 0 0 0 0 0 0 0 0 0 0 0 0 0 0 0 0 0 0 0 0 0 0 0 0 0 0 0 0 0 0 0 0 0 0 0 0 0 0 0 0 0 0 0 0 0 0 0 0 0 0 0 0 0 0 0 0 0 0 0 0 0 0 0 0 0 0 0 0 0 0 0 0 0 0 0 0 0 0 0 0 0 0 0 0 0 0 0 0 0 0 0 0 0 0 0 0 0 0 0 0 0 0 0 0 0 0 0 0 0 0 0 0 0 0 0 0 0 0 0 0 0 0 0 0 0 0 0 0 0 0 0 0 0 0 0 0 0 0 0 0 0 0 0 0 0 0 0 0 0 0 0 0 0 0 0 0 0 0 0 0 0 0 0 0 0 0 0 0 0 0 0 0 0 0 0 0 0 0 0 0 0 0 0 0 0 0 0 0 0 0 0 0 0 0 0 0 0 0 0 0 0 0 0 0 0 0 0 0 0 0 0 0 0 0 0 0 0 0 0 0 0 0 0 0 0 0 0 0 0 0 0 0 0 0 0 0 0 0 0 0 0 0 0 0 0 0 0 0 0 0 0 0 0 0 0 0 0 0 0 0 0 0 0 0 0 0 0 0 0 0 0 0 0 0 0 0 0 0 0 0 0 0 0 0 0 0 0 0 0 0 0 0 0 0 0 0 0 0 0 0 0 0 0 0 0 0 0 0 0 0 0 0 0 0 0 0 0 0 0 0 0 0 0 0 0 0 0 0 0 0 0 0 0 0 0 0 0 0 0 0 0 0 0 0 0 0 0 0 0 0 0 0 0 0 0 0 0 0 0 0 0 0 0 0 0 0 0 0 0 0 0 0 0 0 0 0 0 0 0 0 0 0 0 0 0 0 0 0 0 0 0 0 0 0 0 0 0 0 0 0 0 0 0 0 0 0 0 0 0 0 0 0 0 0 0 0 0 0 0 0 0 0 0 0 0 0 0 0 0 0 0 0 0 0 0 0 0 0 0 0 0 0 0 0 0 0 0 0 0 0 0 0 0 0 0 0 0 0 0 0 0 0 0 0 0 0 0 0 0 0 0 0 0 0 0 0 0 0 0 0 0 0 0 0 0 0 0 0 0 0 0 0 0 0 0 0 0 0 0 0 0 0 0 0 0 0 0 0 0 0 0 0 0 0 0 0 0 0 0 0 0 0 0 0 0 0 0 0 0 0 0 0 0 0 0 0 0 0 0 0 0 0 0 0 0 0 0 0 0 0 0 0 0 0 0 0 0 0 0 0 0 0 0 0 0 0 0 0 0 0 0 0 0 0 0 0 0 0 0 0 0 0 0 0 0 0 0 0 0 0 0 0 0 0 0 0 0 0 0 0 0 0 0 0 0 0 0 0 0 0 0 0 0 0 0 0 0 0 0 0 0 0 0 0 0 0 0 0 0 0 0 0 0 0 0 0 0 0 0 0 0 0 0 0 0 0 0 0 0 0 0 0 0 0 0 0 0 0 0 0 0 0 0 0 0 0 0 0 0 0 0 0 0 0 0 0 0 0 0 0 0 0 0 0 0 0 0 0 0 0 0 0 0 0 0 0 0 0 0 0 0 0 0 0 0 0 0 0 0 0 0 0 0 0 0 0 0 0 0 0 0 0 0 0 0 0 0 0 0 0 0 0 0 0 0 0 0 0 0 0 0 0 0 0 0 0 0 0 0 0 0 0 0 0 0 0 0 0 0 0 0 0 0 0 0 0 0 0 0 0 0 0 0 0 0 0 0 0 0 0 0 0 0 0 0 0 0 0 0 0 0 0 0 0 0 0 0 0 0 0 0 0 0 0 0 0 0 0 0 0 0 0 0 0 0 0 0 0 0 0 0 0 0 0 0 0 0 0 0 0 0 0 0 0 0 0 0 0 0 0 0 0 0 0 0 0 0 0 0 0 0 0 0 0 0 0 0 0 0 0 0 0 0 0 0 0 0 0 0 0 0 0 0 0 0 0 0 0 0 0 0 0 0 0 0 0 0 0 0 0 0 0 0 0 0 0 0 0 0 0 0 0 0 0 0 0 0 0 0 0 0 0 0 0 0 0 0 0 0 0 0 0 0 0 0 0 0 0 0 0 0 0 0 0 0 0 0 0 0 0 0 0 0 0 0 0 0 0 0 0 0 0 0 0 0 0 0 0 0 0 0 0 0 0 0 0 0 0 0 0 0 0 0 0 0 0 0 0 0 0 0 0 0 0 0 0 0 0 0 0 0 0 0 0 0 0 0 0 0 0 0 0 0 0 0 0 0 0 0 0 0 0 0 0 0 0 0 0 0 0 0 0 0 0 0 0 0 0 0 0 0 0 0 0 0 0 0 0 0 0 0 0 0 0 0 0 0 0 0 0 0 0 0 0 0 0 0 0 0 0 0 0 0 0 0 0 0 0 0 0 0 0 0 0 0 0 0 0 0 0 0 0 0 0 0 0 0 0 0 0 0 0 0 0 0 0 0 0 0 0 0 0 0 0 0 0 0 0 0 0 0 0 0 0 0 0 0 0 0 0 0 0 0 0 0 0 0 0 0 0 0 0 0 0 0 0 0 0 0 0 0 0 0 0 0 0 0 0 0 0 0 0 0 0 0 0 0 0 0 0 0 0 0 0 0 0 0 0 0 0 0 0 0 0 0 0 0 0 0 0 0 0 0 0 0 0 0 0 0 0 0 0 0 0 0 0 0 0 0 0 0 0 0 0 0 0 0 0 0 0 0 0 0 0 0 0 0 0 0 0 0 0 0 0 0 0 0 0 0 0 0 0 0 0 0 0 0 0 0 0 0 0 0 0 0 0 0 0 0 0 0 0 0 0 0 0 0 0 0 0 0 0 0 0 0 0 0 0 0 0 0 0 0 0 0 0 0 0 0 0 0 0 0 0 0 0 0 0 0 0 0 0 0 0 0 0 0 0 0 0 0 0 0 0 0 0 0 0 0 0 0 0 0 0 0 0 0 0 0 0 0 0 0 0 0 0 0 0 0 0 0 0 0 0 0 0 0 0 0 0 0 0 0 0 0 0 0 0 0 0 0 0 0 0 0 0 0 0 0 0 0 0 0 0 0 0 0 0 0 0 0 0 0 0 0 0 0 0 0 0 0 0 0 0 0 0 0 0 0 0 0 0 0 0 0 0 0 0 0 0 0 0 0 0 0 0 0 0 0 0 0 0 0 0 0 0 0 0 0 0 0 0 0 0 0 0 0 0 0 0 0 0 0 0 0 0 0 0 0 0 0 0 0 0 0 0 0 0 0 0 0 0 0 0 0 0 0 0 0 0 0 0 0 0 0 0 0 0 0 0 0 0 0 0 0 0 0 0 0 0 0 0 0 0 0 0 0 0 0 0 0 0 0 0 0 0 0 0 0 0 0 0 0 0 0 0 0 0 0 0 0 0 0 0 0 0 0 0 0 0 0 0 0 0 0 0 0 0 0 0 0 0 0 0 0 0 0 0 0 0 0 0 0 0 0 0 0 0 0 0 0 0 0 0 0 0 0 0 0 0 0 0 0 0 0 0 0 0 0 0 0 0 0 0 0 0 0 0 0 0 0 0 0 0 0 0 0 0 0 0 0 0 0 0 0 0 0 0 0 0 0 0 0 0 0 0 0 0 0 0 0 0 0 0 0 0 0 0 0 0 0 0 0 0 0 0 0 0 0 0 0 0 0 0 0 0 0 0 0 0 0 0 0 0 0 0 0 0 0 0 0 0 0 0 0 0 0 0 0 0 0 0 0 0 0 0 0 0 0 0 0 0 0 0 0 0 0 0 0 0 0 0 0 0 0 0 0 0 0 0 0 0 0 0 0 0 0 0 0 0 0 0 0 0 0 0 0 0 0 0 0 0 0 0 0 0 0 0 0 0 0 0 0 0 0 0 0 0 0 0 0 0 0 0 0 0 0 0 0 0 0 0 0 0 0 0 0 0 0 0 0 0 0 0 0 0 0 0 0 0 0 0 0 0 0 0 0 0 0 0 0 0 0 0 0 0 0 0 0 0 0 0 0 0 0 0 0 0 0 0 0 0 0 0 0 0 0 0 0 0 0 0 0 0 0 0 0 0 0 0 0 0 0 0 0 0 0 0 0 0 0 0 0 0 0 0 0 0 0 0 0 0 0 0 0 0 0 0 0 0 0 0 0 0 0 0 0 0 0 0 0 0 0 0 0 0 0 0 0 0 0 0 0 0 0 0 0 0 0 0 0 0 0 0 0 0 0 0 0 0 0 0 0 0 0 0 0 0 0 0 0 0 0 0 0 0 0 0 0 0 0 0 0 0 0 0 0 0 0 0 0 0 0 0 0 0 0 0 0 0 0 0 0 0 0 0 0 0 0 0 0 0 0 0 0 0 0 0 0 0 0 0 0 0 0 0 0 0 0 0 0 0 0 0 0 0 0 0 0 0 0 0 0 0 0 0 0 0 0 0 0 0 0 0 0 0 0 0 0 0 0 0 0 0 0 0 0 0 0 0 0 0 0 0 0 0 0 0 0 0 0 0 0 0 0 0 0 0 0 0 0 0 0 0 0 0 0 0 0 0 0 0 0 0 0 0 0 0 0 0 0 0 0 0 0 0 0 0 0 0 0 0 0 0 0 0 0 0 0 0 0 0 0 0 0 0 0 0 0 0 0 0 0 0 0 0 0 0 0 0 0 0 0 0 0 0 0 0 0 0 0 0 0 0 0 0 0 0 0 0 0 0 0 0 0 0 0 0 0 0 0 0 0 0 0 0 0 0 0 0 0 0 0 0 0 0 0 0 0 0 0 0 0 0 0 0 0 0 0 0 0 0 0 0 0 0 0 0 0 0 0 0 0 0 0 0 0 0 0 0 0 0 0 0 0 0 0 0 0 0 0 0 0 0 0 0 0 0 0 0 0 0 0 0 0 0 0 0 0 0 0 0 0 0 0 0 0 0 0 0 0 0 0 0 0 0 0 0 0 0 0 0 0 0 0 0 0 0 0 0 0 0 0 0 0 0 0 0 0 0 0 0 0 0 0 0 0 0 0 0 0 0 0 0 0 0 0 0 0 0 0 0 0 0 0 0 0 0 0 0 0 0 0 0 0 0 0 0 0 0 0 0 0 0 0 0 0 0 0 0 0 0 0 0 0 0 0 0 0 0 0 0 0 0 0 0 0 0 0 0 0 0 0 0 0 0 0 0 0 0 0 0 0 0 0 0 0 0 0 0 0 0 0 0 0 0 0 0 0 0 0 0 0 0 0 0 0 0 0 0 0 0 0 0 0 0 0 0 0 0 0 0 0 0 0 0 0 0 0 0 0 0 0 0 0 0 0 0 0 0 0 0 0 0 0 0 0 0 0 0 0 0 0 0 0 0 0 0 0 0 0 0 0 0 0 0 0 0 0 0 0 0 0 0 0 0 0 0 0 0 0 0 0 0 0 0 0 0 0 0 0 0 0 0 0 0 0 0 0 0 0 0 0 0 0 0 0 0 0 0 0 0 0 0 0 0 0 0 0 0 0 0 0 0 0 0 0 0 0 0 0 0 0 0 0 0 0 0 0 0 0 0 0 0 0 0 0 0 0 0 0 0 0 0 0 0 0 0 0 0 0 0 0 0 0 0 0 0 0 0 0 0 0 0 0 0 0 0 0 0 0 0 0 0 0 0 0 0 0 0 0 0 0 0 0 0 0 0 0 0 0 0 0 0 0 0 0 0 0 0 0 0 0 0 0 0 0 0 0 0 0 0 0 0 0 0 0 0 0 0 0 0 0 0 0 0 0 0 0 0 0 0 0 0 0 0 0 0 0 0 0 0 0 0 0 0 0 0 0 0 0 0 0 0 0 0 0 0 0 0 0 0 0 0 0 0 0 0 0 0 0 0 0 0 0 0 0 0 0 0 0 0 0 0 0 0 0 0 0 0 0 0 0 0 0 0 0 0 0 0 0 0 0 0 0 0 0 0 0 0 0 0 0 0 0 0 0 0 0 0 0 0 0 0 0 0 0 0 0 0 0 0 0 0 0 0 0 0 0 0 0 0 0 0 0 0 0 0 0 0 0 0 0 0 0 0 0 0 0 0 0 0 0 0 0 0 0 0 0 0 0 0 0 0 0 0 0 0 0 0 0 0 0 0 0 0 0 0 0 0 0 0 0 0 0 0 0 0 0 0 0 0 0 0 0 0 0 0 0 0 0 0 0 0 0 0 0 0 0 0 0 0 0 0 0 0 0 0 0 0 0 0 0 0 0 0 0 0 0 0 0 0 0 0 0 0 0 0 0 0 0 0 0 0 0 0 0 0 0 0 0 0 0 0 0 0 0 0 0 0 0 0 0 0 0 0 0 0 0 0 0 0 0 0 0 0 0 0 0 0 0 0 0 0 0 0 0 0 0 0 0 0 0 0 0 0 0 0 0 0 0 0 0 0 0 0 0 0 0 0 0 0 0 0 0 0 0 0 0 0 0 0 0 0 0 0 0 0 0 0 0 0 0 0 0 0 0 0 0 0 0 0 0 0 0 0 0 0 0 0 0 0 0 0 0 0 0 0 0 0 0 0 0 0 0 0 0 0 0 0 0 0 0 0 0 0 0 0 0 0 0 0 0 0 0 0 0 0 0 0 0 0 0 0 0 0 0 0 0 0 0 0 0 0 0 0 0 0 0 0 0 0 0 0 0 0 0 0 0 0 0 0 0 0 0 0 0 0 0 0 0 0 0 0 0 0 0 0 0 0 0 0 0 0 0 0 0 0 0 0 0 0 0 0 0 0 0 0 0 0 0 0 0 0 0 0 0 0 0 0 0 0 0 0 0 0 0 0 0 0 0 0 0 0 0 0 0 0 0 0 0 0 0 0 0 0 0 0 0 0 0 0 0 0 0 0 0 0 0 0 0 0 0 0 0 0 0 0 0 0 0 0 0 0 0 0 0 0 0 0 0 0 0 0 0 0 0 0 0 0 0 0 0 0 0 0 0 0 0 0 0 0 0 0 0 0 0 0 0 0 0 0 0 0 0 0 0 0 0 0 0 0 0 0 0 0 0 0 0 0 0 0 0 0 0 0 0 0 0 0 0 0 0 0 0 0 0 0 0 0 0 0 0 0 0 0 0 0 0 0 0 0 0 0 0 0 0 0 0 0 0 0 0 0 0 0 0 0 0 0 0 0 0 0 0 0 0 0 0 0 0 0 0 0 0 0 0 0 0 0 0 0 0 0 0 0 0 0 0 0 0 0 0 0 0 0 0 0 0 0 0 0 0 0 0 0 0 0 0 0 0 0 0 0 0 0 0 0 0 0 0 0 0 0 0 0 0 0 0 0 0 0 0 0 0 0 0 0 0 0 0 0 0 0 0 0 0 0 0 0 0 0 0 0 0 0 0 0 0 0 0 0 0 0 0 0 0 0 0 0 0 0 0 0 0 0 0 0 0 0 0 0 0 0 0 0 0 0 0 0 0 0 0 0 0 0 0 0 0 0 0 0 0 0 0 0 0 0 0 0 0 0 0 0 0 0 0 0 0 0 0 0 0 0 0 0 0 0 0 0 0 0 0 0 0 0 0 0 0 0 0 0 0 0 0 0 0 0 0 0 0 0 0 0 0 0 0 0 0 0 0 0 0 0 0 0 0 0 0 0 0 0 0 0 0 0 0 0 0 0 0 0 0 0 0 0 0 0 0 0 0 0 0 0 0 0 0 0 0 0 0 0 0 0 0 0 0 0 0 0 0 0 0 0 0 0 0 0 0 0 0 0 0 0 0 0 0 0 0 0 0 0 0 0 0 0 0 0 0 0 0 0 0 0 0 0 0 0 0 0 0 0 0 0 0 0 0 0 0 0 0 0 0 0 0 0 0 0 0 0 0 0 0 0 0 0 0 0 0 0 0 0 0 0 0 0 0 0 0 0 0 0 0 0 0 0 0 0 0 0 0 0 0 0 0 0 0 0 0 0 0 0 0 0 0 0 0 0 0 0 0 0 0 0 0 0 0 0 0 0 0 0 0 0 0 0 0 0 0 0 0 0 0 0 0 0 0 0 0 0 0 0 0 0 0 0 0 0 0 0 0 0 0 0 0 0 0 0 0 0 0 0 0 0 0 0 0 0 0 0 0 0 0 0 0 0 0 0 0 0 0 0 0 0 0 0 0 0 0 0 0 0 0 0 0 0 0 0 0 0 0 0 0 0 0 0 0 0 0 0 0 0 0 0 0 0 0 0 0 0 0 0 0 0 0 0 0 0 0 0 0 0 0 0 0 0 0 0 0 0 0 0 0 0 0 0 0 0 0 0 0 0 0 0 0 0 0 0 0 0 0 0 0 0 0 0 0 0 0 0 0 0 0 0 0 0 0 0 0 0 0 0 0 0 0 0 0 0 0 0 0 0 0 0 0 0 0 0 0 0 0 0 0 0 0 0 0 0 0 0 0 0 0 0 0 0 0 0 0 0 0 0 0 0 0 0 0 0 0 0 0 0 0 0 0 0 0 0 0 0 0 0 0 0 0 0 0 0 0 0 0 0 0 0 0 0 0 0 0 0 0 0 0 0 0 0 0 0 0 0 0 0 0 0 0 0 0 0 0 0 0 0 0 0 0 0 0 0 0 0 0 0 0 0 0 0 0 0 0 0 0 0 0 0 0 0 0 0 0 0 0 0 0 0 0 0 0 0 0 0 0 0 0 0 0 0 0 0 0 0 0 0 0 0 0 0 0 0 0 0 0 0 0 0 0 0 0 0 0 0 0 0 0 0 0 0 0 0 0 0 0 0 0 0 0 0 0 0 0 0 0 0 0 0 0 0 0 0 0 0 0 0 0 0 0 0 0 0 0 0 0 0 0 0 0 0 0 0 0 0 0 0 0 0 0 0 0 0 0 0 0 0 0 0 0 0 0 0 0 0 0 0 0 0 0 0 0 0 0 0 0 0 0 0 0 0 0 0 0 0 0 0 0 0 0 0 0 0 0 0 0 0 0 0 0 0 0 0 0 0 0 0 0 0 0 0 0 0 0 0 0 0 0 0 0 0 0 0 0 0 0 0 0 0 0 0 0 0 0 0 0 0 0 0 0 0 0 0 0 0 0 0 0 0 0 0 0 0 0 0 0 0 0 0 0 0 0 0 0 0 0 0 0 0 0 0 0 0 0 0 0 0 0 0 0 0 0 0 0 0 0 0 0 0 0 0 0 0 0 0 0 0 0 0 0 0 0 0 0 0 0 0 0 0 0 0 0 0 0 0 0 0 0 0 0 0 0 0 0 0 0 0 0 0 0 0 0 0 0 0 0 0 0 0 0 0 0 0 0 0 0 0 0 0 0 0 0 0 0 0 0 0 0 0 0 0 0 0 0 0 0 0 0 0 0 0 0 0 0 0 0 0 0 0 0 0 0 0 0 0 0 0 0 0 0 0 0 0 0 0 0 0 0 0 0 0 0 0 0 0 0 0 0 0 0 0 0 0 0 0 0 0 0 0 0 0 0 0 0 0 0 0 0 0 0 0 0 0 0 0 0 0 0 0 0 0 0 0 0 0 0 0 0 0 0 0 0 0 0 0 0 0 0 0 0 0 0 0 0 0 0 0 0 0 0 0 0 0 0 0 0 0 0 0 0 0 0 0 0 0 0 0 0 0 0 0 0 0 0 0 0 0 0 0 0 0 0 0 0 0 0 0 0 0 0 0 0 0 0 0 0 0 0 0 0 0 0 0 0 0 0 0 0 0 0 0 0 0 0 0 0 0 0 0 0 0 0 0 0 0 0 0 0 0 0 0 0 0 0 0 0 0 0 0 0 0 0 0 0 0 0 0 0 0 0 0 0 0 0 0 0 0 0 0 0 0 0 0 0 0 0 0 0 0 0 0 0 0 0 0 0 0 0 0 0 0 0 0 0 0 0 0 0 0 0 0 0 0 0 0 0 0 0 0 0 0 0 0 0 0 0 0 0 0 0 0 0 0 0 0 0 0 0 0 0 0 0 0 0 0 0 0 0 0 0 0 0 0 0 0 0 0 0 0 0 0 0 0 0 0 0 0 0 0 0 0 0 0 0 0 0 0 0 0 0 0 0 0 0 0 0 0 0 0 0 0 0 0 0 0 0 0 0 0 0 0 0 0 0 0 0 0 0 0 0 0 0 0 0 0 0 0 0 0 0 0 0 0 0 0 0 0 0 0 0 0 0 0 0 0 0 0 0 0 0 0 0 0 0 0 0 0 0 0 0 0 0 0 0 0 0 0 0 0 0 0 0 0 0 0 0 0 0 0 0 0 0 0 0 0 0 0 0 0 0 0 0 0 0 0 0 0 0 0 0 0 0 0 0 0 0 0 0 0 0 0 0 0 0 0 0 0 0 0 0 0 0 0 0 0 0 0 0 0 0 0 0 0 0 0 0 0 0 0 0 0 0 0 0 0 0 0 0 0 0 0 0 0 0 0 0 0 0 0 0 0 0 0 0 0 0 0 0 0 0 0 0 0 0 0 0 0 0 0 0 0 0 0 0 0 0 0 0 0 0 0 0 0 0 0 0 0 0 0 0 0 0 0 0 0 0 0 0 0 0 0 0 0 0 0 0 0 0 0 0 0 0 0 0 0 0 0 0 0 0 0 0 0 0 0 0 0 0 0 0 0 0 0 0 0 0 0 0 0 0 0 0 0 0 0 0 0 0 0 0 0 0 0 0 0 0 0 0 0 0 0 0 0 0 0 0 0 0 0 0 0 0 0 0 0 0 0 0 0 0 0 0 0 0 0 0 0 0 0 0 0 0 0 0 0 0 0 0 0 0 0 0 0 0 0 0 0 0 0 0 0 0 0 0 0 0 0 0 0 0 0 0 0 0 0 0 0 0 0 0 0 0 0 0 0 0 0 0 0 0 0 0 0 0 0 0 0 0 0 0 0 0 0 0 0 0 0 0 0 0 0 0 0 0 0 0 0 0 0 0 0 0 0 0 0 0 0 0 0 0 0 0 0 0 0 0 0 0 0 0 0 0 0 0 0 0 0 0 0 0 0 0 0 0 0 0 0 0 0 0 0 0 0 0 0 0 0 0 0</float_array>
          <technique_common>
            <accessor source="#FMURubber-mesh-map-array" count="12408" stride="2">
              <param name="S" type="float" />
              <param name="T" type="float" />
            </accessor>
          </technique_common>
        </source>
        <vertices id="FMURubber-mesh-vertices">
          <input semantic="POSITION" source="#FMURubber-mesh-positions" />
        </vertices>
        <triangles material="FMURubber-material" count="4136">
          <input semantic="VERTEX" source="#FMURubber-mesh-vertices" offset="0" />
          <input semantic="NORMAL" source="#FMURubber-mesh-normals" offset="1" />
          <input semantic="TEXCOORD" source="#FMURubber-mesh-map" offset="2" set="0" />
          <p>0 0 0 1 0 1 2 0 2 0 1 3 3 1 4 1 1 5 4 2 6 5 2 7 6 2 8 7 3 9 2 3 10 8 3 11 7 0 12 0 0 13 2 0 14 9 4 15 6 4 16 10 4 17 11 5 18 8 5 19 12 5 20 9 6 21 4 6 22 6 6 23 11 3 24 7 3 25 8 3 26 13 7 27 10 7 28 14 7 29 15 8 30 12 8 31 16 8 32 13 4 33 9 4 34 10 4 35 15 9 36 11 9 37 12 9 38 17 10 39 14 10 40 18 10 41 19 11 42 16 11 43 20 11 44 17 12 45 13 12 46 14 12 47 19 13 48 15 13 49 16 13 50 21 14 51 20 14 52 5 14 53 21 15 54 19 15 55 20 15 56 22 16 57 18 16 58 23 16 59 22 17 60 17 17 61 18 17 62 4 18 63 21 18 64 5 18 65 24 19 66 23 19 67 25 19 68 24 20 69 22 20 70 23 20 71 26 21 72 25 21 73 27 21 74 26 22 75 24 22 76 25 22 77 28 23 78 27 23 79 29 23 80 28 24 81 26 24 82 27 24 83 30 25 84 29 25 85 31 25 86 30 26 87 28 26 88 29 26 89 32 27 90 31 27 91 33 27 92 32 28 93 30 28 94 31 28 95 34 29 96 33 29 97 35 29 98 34 30 99 32 30 100 33 30 101 36 31 102 34 31 103 35 31 104 36 32 105 35 32 106 37 32 107 38 32 108 36 32 109 37 32 110 38 33 111 37 33 112 39 33 113 40 34 114 38 34 115 39 34 116 40 35 117 39 35 118 41 35 119 42 36 120 41 36 121 43 36 122 42 35 123 40 35 124 41 35 125 44 37 126 43 37 127 45 37 128 44 38 129 42 38 130 43 38 131 46 39 132 45 39 133 47 39 134 46 37 135 44 37 136 45 37 137 48 40 138 47 40 139 49 40 140 48 39 141 46 39 142 47 39 143 50 41 144 49 41 145 51 41 146 50 42 147 48 42 148 49 42 149 3 43 150 51 43 151 1 43 152 3 44 153 50 44 154 51 44 155 36 45 156 52 45 157 53 45 158 38 46 159 52 46 160 36 46 161 54 47 162 55 47 163 7 47 164 7 48 165 55 48 166 0 48 167 38 49 168 56 49 169 52 49 170 57 50 171 17 50 172 58 50 173 58 51 174 22 51 175 59 51 176 17 52 177 22 52 178 58 52 179 60 53 180 13 53 181 57 53 182 57 54 183 13 54 184 17 54 185 59 55 186 24 55 187 61 55 188 55 56 189 62 56 190 0 56 191 22 57 192 24 57 193 59 57 194 38 58 195 63 58 196 56 58 197 64 59 198 9 59 199 60 59 200 60 60 201 9 60 202 13 60 203 40 61 204 63 61 205 38 61 206 0 62 207 65 62 208 3 62 209 61 63 210 26 63 211 66 63 212 62 64 213 65 64 214 0 64 215 24 65 216 26 65 217 61 65 218 42 66 219 67 66 220 40 66 221 40 67 222 67 67 223 63 67 224 68 68 225 4 68 226 64 68 227 64 69 228 4 69 229 9 69 230 65 70 231 69 70 232 3 70 233 3 71 234 69 71 235 50 71 236 66 72 237 28 72 238 70 72 239 42 73 240 71 73 241 67 73 242 44 74 243 71 74 244 42 74 245 26 75 246 28 75 247 66 75 248 50 76 249 72 76 250 48 76 251 73 77 252 21 77 253 68 77 254 69 78 255 72 78 256 50 78 257 68 79 258 21 79 259 4 79 260 46 80 261 74 80 262 44 80 263 44 81 264 74 81 265 71 81 266 48 82 267 75 82 268 46 82 269 72 83 270 75 83 271 48 83 272 70 84 273 30 84 274 76 84 275 46 85 276 75 85 277 74 85 278 28 86 279 30 86 280 70 86 281 77 87 282 19 87 283 73 87 284 73 88 285 19 88 286 21 88 287 76 89 288 32 89 289 78 89 290 30 90 291 32 90 292 76 90 293 77 91 294 15 91 295 19 91 296 77 92 297 79 92 298 15 92 299 32 93 300 34 93 301 78 93 302 34 94 303 53 94 304 78 94 305 79 95 306 11 95 307 15 95 308 34 96 309 36 96 310 53 96 311 79 97 312 54 97 313 11 97 314 54 98 315 7 98 316 11 98 317 14 99 318 80 99 319 81 99 320 14 100 321 81 100 322 82 100 323 14 101 324 82 101 325 83 101 326 18 99 327 14 99 328 83 99 329 18 102 330 83 102 331 84 102 332 18 99 333 84 99 334 85 99 335 18 103 336 85 103 337 86 103 338 10 104 339 87 104 340 88 104 341 10 99 342 88 99 343 89 99 344 10 105 345 89 105 346 90 105 347 10 99 348 90 99 349 80 99 350 10 106 351 80 106 352 14 106 353 23 107 354 86 107 355 91 107 356 23 99 357 91 99 358 92 99 359 23 108 360 92 108 361 93 108 362 23 109 363 93 109 364 94 109 365 23 99 366 18 99 367 86 99 368 6 110 369 95 110 370 96 110 371 6 99 372 96 99 373 87 99 374 6 99 375 87 99 376 10 99 377 25 99 378 23 99 379 94 99 380 25 99 381 94 99 382 97 99 383 25 111 384 97 111 385 98 111 386 5 99 387 99 99 388 100 99 389 5 99 390 100 99 391 101 99 392 5 112 393 101 112 394 102 112 395 5 99 396 102 99 397 95 99 398 5 113 399 95 113 400 6 113 401 27 114 402 98 114 403 103 114 404 27 115 405 103 115 406 104 115 407 27 99 408 25 99 409 98 99 410 20 116 411 105 116 412 106 116 413 20 99 414 106 99 415 107 99 416 20 117 417 107 117 418 99 117 419 20 99 420 99 99 421 5 99 422 29 118 423 104 118 424 108 118 425 29 99 426 108 99 427 109 99 428 29 119 429 109 119 430 110 119 431 29 99 432 27 99 433 104 99 434 16 120 435 111 120 436 112 120 437 16 121 438 112 121 439 113 121 440 16 122 441 113 122 442 105 122 443 16 99 444 105 99 445 20 99 446 31 123 447 110 123 448 114 123 449 31 124 450 114 124 451 115 124 452 31 99 453 29 99 454 110 99 455 116 125 456 31 125 457 115 125 458 12 126 459 117 126 460 111 126 461 12 99 462 111 99 463 16 99 464 118 99 465 117 99 466 12 99 467 119 99 468 118 99 469 12 99 470 33 127 471 31 127 472 116 127 473 33 128 474 116 128 475 120 128 476 121 99 477 33 99 478 120 99 479 8 99 480 119 99 481 12 99 482 122 99 483 33 99 484 121 99 485 122 129 486 35 129 487 33 129 488 123 99 489 35 99 490 122 99 491 124 130 492 119 130 493 8 130 494 125 99 495 124 99 496 8 99 497 126 131 498 125 131 499 8 131 500 126 99 501 8 99 502 2 99 503 127 99 504 35 99 505 123 99 506 128 132 507 35 132 508 127 132 509 129 99 510 126 99 511 2 99 512 130 99 513 129 99 514 2 99 515 131 99 516 35 99 517 128 99 518 131 133 519 37 133 520 35 133 521 132 134 522 37 134 523 131 134 524 133 99 525 130 99 526 2 99 527 133 135 528 2 135 529 1 135 530 134 99 531 37 99 532 132 99 533 135 99 534 133 99 535 1 99 536 136 99 537 37 99 538 134 99 539 136 136 540 39 136 541 37 136 542 137 99 543 135 99 544 1 99 545 137 137 546 1 137 547 51 137 548 138 99 549 39 99 550 136 99 551 139 138 552 39 138 553 138 138 554 140 99 555 137 99 556 51 99 557 141 139 558 39 139 559 139 139 560 141 99 561 41 99 562 39 99 563 142 99 564 140 99 565 51 99 566 142 140 567 51 140 568 49 140 569 143 141 570 41 141 571 141 141 572 144 142 573 41 142 574 143 142 575 145 99 576 142 99 577 49 99 578 146 143 579 41 143 580 144 143 581 147 99 582 145 99 583 49 99 584 148 99 585 41 99 586 146 99 587 148 99 588 43 99 589 41 99 590 149 99 591 43 99 592 148 99 593 150 99 594 147 99 595 49 99 596 150 99 597 49 99 598 47 99 599 151 99 600 150 99 601 47 99 602 152 144 603 43 144 604 149 144 605 153 145 606 47 145 607 45 145 608 153 99 609 151 99 610 47 99 611 154 99 612 45 99 613 43 99 614 154 99 615 43 99 616 152 99 617 155 146 618 45 146 619 154 146 620 156 99 621 153 99 622 45 99 623 156 99 624 45 99 625 155 99 626 157 147 627 158 147 628 159 147 629 159 148 630 158 148 631 160 148 632 160 148 633 158 148 634 161 148 635 161 148 636 158 148 637 162 148 638 158 149 639 163 149 640 162 149 641 162 148 642 163 148 643 164 148 644 164 148 645 163 148 646 165 148 647 165 150 648 163 150 649 166 150 650 167 148 651 168 148 652 169 148 653 169 148 654 168 148 655 170 148 656 170 148 657 168 148 658 157 148 659 157 148 660 168 148 661 158 148 662 163 148 663 171 148 664 166 148 665 166 148 666 171 148 667 172 148 668 172 151 669 171 151 670 173 151 671 174 152 672 175 152 673 176 152 674 176 148 675 175 148 676 177 148 677 177 148 678 175 148 679 167 148 680 167 153 681 175 153 682 168 153 683 173 148 684 178 148 685 179 148 686 179 148 687 178 148 688 180 148 689 180 148 690 178 148 691 181 148 692 171 154 693 178 154 694 173 154 695 174 148 696 182 148 697 175 148 698 183 148 699 182 148 700 184 148 701 184 148 702 182 148 703 185 148 704 185 155 705 182 155 706 174 155 707 181 148 708 186 148 709 187 148 710 187 148 711 186 148 712 188 148 713 188 148 714 186 148 715 189 148 716 178 148 717 186 148 718 181 148 719 190 148 720 191 148 721 192 148 722 192 156 723 191 156 724 193 156 725 193 157 726 191 157 727 183 157 728 183 158 729 191 158 730 182 158 731 186 148 732 194 148 733 189 148 734 189 159 735 194 159 736 195 159 737 195 160 738 194 160 739 196 160 740 196 161 741 194 161 742 197 161 743 198 148 744 199 148 745 200 148 746 200 148 747 199 148 748 190 148 749 190 162 750 199 162 751 191 162 752 194 148 753 201 148 754 197 148 755 197 148 756 201 148 757 202 148 758 202 148 759 201 148 760 203 148 761 203 148 762 201 148 763 204 148 764 205 148 765 206 148 766 198 148 767 198 148 768 206 148 769 199 148 770 205 163 771 207 163 772 206 163 773 207 148 774 208 148 775 206 148 776 204 148 777 209 148 778 210 148 779 201 148 780 209 148 781 204 148 782 209 164 783 211 164 784 210 164 785 208 148 786 212 148 787 206 148 788 208 148 789 213 148 790 212 148 791 209 165 792 214 165 793 211 165 794 209 166 795 215 166 796 214 166 797 213 148 798 216 148 799 212 148 800 215 167 801 217 167 802 214 167 803 215 148 804 218 148 805 217 148 806 216 148 807 219 148 808 212 148 809 212 148 810 219 148 811 220 148 812 219 148 813 221 148 814 220 148 815 221 168 816 222 168 817 220 168 818 215 169 819 223 169 820 218 169 821 224 170 822 223 170 823 215 170 824 224 171 825 225 171 826 223 171 827 222 148 828 226 148 829 220 148 830 220 148 831 226 148 832 227 148 833 224 172 834 228 172 835 225 172 836 226 148 837 229 148 838 227 148 839 224 148 840 230 148 841 228 148 842 224 173 843 231 173 844 230 173 845 232 174 846 231 174 847 224 174 848 229 148 849 233 148 850 227 148 851 232 148 852 234 148 853 231 148 854 232 148 855 235 148 856 234 148 857 233 148 858 236 148 859 227 148 860 227 175 861 236 175 862 237 175 863 236 176 864 238 176 865 237 176 866 232 148 867 239 148 868 235 148 869 240 148 870 239 148 871 232 148 872 238 177 873 241 177 874 237 177 875 237 178 876 241 178 877 242 178 878 240 148 879 243 148 880 239 148 881 240 179 882 244 179 883 243 179 884 241 180 885 245 180 886 242 180 887 240 148 888 246 148 889 244 148 890 247 148 891 246 148 892 240 148 893 245 181 894 248 181 895 242 181 896 248 182 897 249 182 898 242 182 899 242 148 900 249 148 901 250 148 902 247 183 903 251 183 904 246 183 905 247 184 906 252 184 907 251 184 908 249 148 909 253 148 910 250 148 911 253 185 912 254 185 913 250 185 914 255 148 915 256 148 916 247 148 917 247 148 918 256 148 919 252 148 920 255 186 921 257 186 922 256 186 923 255 187 924 258 187 925 257 187 926 250 148 927 258 148 928 255 148 929 254 148 930 258 148 931 250 148 932 259 188 933 260 188 934 201 188 935 259 188 936 201 188 937 194 188 938 261 189 939 194 189 940 186 189 941 261 190 942 259 190 943 194 190 944 262 191 945 263 191 946 182 191 947 262 192 948 182 192 949 191 192 950 264 193 951 186 193 952 178 193 953 264 194 954 261 194 955 186 194 956 265 195 957 191 195 958 199 195 959 266 196 960 178 196 961 171 196 962 265 197 963 262 197 964 191 197 965 266 198 966 264 198 967 178 198 968 267 199 969 199 199 970 206 199 971 268 200 972 171 200 973 163 200 974 267 201 975 265 201 976 199 201 977 268 202 978 266 202 979 171 202 980 269 203 981 206 203 982 212 203 983 270 204 984 163 204 985 158 204 986 269 203 987 267 203 988 206 203 989 270 205 990 268 205 991 163 205 992 271 206 993 212 206 994 220 206 995 272 207 996 158 207 997 168 207 998 271 208 999 269 208 1000 212 208 1001 272 209 1002 270 209 1003 158 209 1004 273 210 1005 168 210 1006 175 210 1007 273 210 1008 272 210 1009 168 210 1010 274 211 1011 220 211 1012 227 211 1013 263 212 1014 175 212 1015 182 212 1016 274 213 1017 271 213 1018 220 213 1019 263 214 1020 273 214 1021 175 214 1022 275 215 1023 227 215 1024 237 215 1025 275 216 1026 274 216 1027 227 216 1028 276 217 1029 237 217 1030 242 217 1031 276 218 1032 275 218 1033 237 218 1034 277 219 1035 242 219 1036 250 219 1037 277 220 1038 276 220 1039 242 220 1040 278 221 1041 250 221 1042 255 221 1043 278 222 1044 277 222 1045 250 222 1046 279 223 1047 278 223 1048 255 223 1049 279 224 1050 255 224 1051 247 224 1052 280 225 1053 279 225 1054 247 225 1055 280 225 1056 247 225 1057 240 225 1058 281 226 1059 280 226 1060 240 226 1061 281 227 1062 240 227 1063 232 227 1064 282 228 1065 281 228 1066 232 228 1067 282 229 1068 232 229 1069 224 229 1070 283 230 1071 282 230 1072 224 230 1073 283 231 1074 224 231 1075 215 231 1076 284 232 1077 283 232 1078 215 232 1079 284 233 1080 215 233 1081 209 233 1082 260 234 1083 284 234 1084 209 234 1085 260 235 1086 209 235 1087 201 235 1088 285 236 1089 283 236 1090 286 236 1091 285 99 1092 282 99 1093 283 99 1094 287 237 1095 288 237 1096 269 237 1097 287 238 1098 269 238 1099 271 238 1100 289 99 1101 282 99 1102 285 99 1103 270 99 1104 290 99 1105 291 99 1106 268 239 1107 291 239 1108 292 239 1109 268 240 1110 270 240 1111 291 240 1112 272 99 1113 293 99 1114 290 99 1115 272 99 1116 290 99 1117 270 99 1118 294 241 1119 287 241 1120 271 241 1121 266 242 1122 292 242 1123 295 242 1124 294 243 1125 271 243 1126 274 243 1127 296 244 1128 282 244 1129 289 244 1130 266 99 1131 268 99 1132 292 99 1133 296 99 1134 281 99 1135 282 99 1136 273 99 1137 297 99 1138 293 99 1139 273 245 1140 293 245 1141 272 245 1142 264 246 1143 295 246 1144 298 246 1145 299 247 1146 274 247 1147 275 247 1148 299 99 1149 294 99 1150 274 99 1151 264 99 1152 266 99 1153 295 99 1154 300 99 1155 280 99 1156 281 99 1157 300 248 1158 281 248 1159 296 248 1160 263 99 1161 301 99 1162 302 99 1163 263 99 1164 302 99 1165 297 99 1166 303 249 1167 279 249 1168 280 249 1169 263 99 1170 297 99 1171 273 99 1172 303 250 1173 280 250 1174 300 250 1175 261 251 1176 298 251 1177 304 251 1178 261 252 1179 264 252 1180 298 252 1181 305 253 1182 275 253 1183 276 253 1184 305 99 1185 299 99 1186 275 99 1187 262 254 1188 306 254 1189 301 254 1190 307 255 1191 279 255 1192 303 255 1193 262 99 1194 301 99 1195 263 99 1196 308 99 1197 305 99 1198 276 99 1199 308 256 1200 276 256 1201 277 256 1202 309 257 1203 279 257 1204 307 257 1205 259 258 1206 304 258 1207 310 258 1208 309 99 1209 278 99 1210 279 99 1211 259 259 1212 310 259 1213 311 259 1214 259 99 1215 261 99 1216 304 99 1217 265 99 1218 306 99 1219 262 99 1220 312 260 1221 277 260 1222 278 260 1223 312 99 1224 308 99 1225 277 99 1226 312 261 1227 278 261 1228 309 261 1229 260 262 1230 311 262 1231 313 262 1232 260 99 1233 259 99 1234 311 99 1235 314 99 1236 306 99 1237 265 99 1238 267 99 1239 314 99 1240 265 99 1241 284 263 1242 260 263 1243 313 263 1244 284 264 1245 313 264 1246 315 264 1247 288 99 1248 314 99 1249 267 99 1250 288 99 1251 267 99 1252 269 99 1253 286 99 1254 284 99 1255 315 99 1256 286 265 1257 283 265 1258 284 265 1259 316 266 1260 258 266 1261 254 266 1262 317 267 1263 254 267 1264 253 267 1265 317 268 1266 253 268 1267 249 268 1268 317 269 1269 249 269 1270 248 269 1271 317 270 1272 316 270 1273 254 270 1274 318 271 1275 248 271 1276 245 271 1277 318 272 1278 245 272 1279 241 272 1280 318 273 1281 317 273 1282 248 273 1283 319 274 1284 241 274 1285 238 274 1286 319 275 1287 238 275 1288 236 275 1289 319 276 1290 236 276 1291 233 276 1292 319 277 1293 318 277 1294 241 277 1295 320 278 1296 233 278 1297 229 278 1298 320 279 1299 229 279 1300 226 279 1301 320 280 1302 319 280 1303 233 280 1304 321 281 1305 226 281 1306 222 281 1307 321 282 1308 222 282 1309 221 282 1310 321 283 1311 221 283 1312 219 283 1313 321 284 1314 320 284 1315 226 284 1316 322 285 1317 219 285 1318 216 285 1319 322 286 1320 216 286 1321 213 286 1322 322 287 1323 321 287 1324 219 287 1325 323 288 1326 213 288 1327 208 288 1328 323 289 1329 208 289 1330 207 289 1331 323 290 1332 207 290 1333 205 290 1334 323 291 1335 322 291 1336 213 291 1337 324 292 1338 205 292 1339 198 292 1340 324 293 1341 198 293 1342 200 293 1343 324 294 1344 200 294 1345 190 294 1346 324 295 1347 323 295 1348 205 295 1349 325 296 1350 190 296 1351 192 296 1352 325 297 1353 192 297 1354 193 297 1355 325 298 1356 193 298 1357 183 298 1358 325 299 1359 324 299 1360 190 299 1361 326 300 1362 183 300 1363 184 300 1364 326 301 1365 184 301 1366 185 301 1367 326 302 1368 185 302 1369 174 302 1370 326 303 1371 325 303 1372 183 303 1373 327 304 1374 174 304 1375 176 304 1376 327 305 1377 176 305 1378 177 305 1379 327 306 1380 326 306 1381 174 306 1382 328 307 1383 177 307 1384 167 307 1385 328 308 1386 167 308 1387 169 308 1388 328 309 1389 169 309 1390 170 309 1391 328 310 1392 327 310 1393 177 310 1394 329 311 1395 170 311 1396 157 311 1397 329 312 1398 157 312 1399 159 312 1400 329 313 1401 159 313 1402 160 313 1403 329 314 1404 328 314 1405 170 314 1406 330 315 1407 329 315 1408 160 315 1409 330 316 1410 160 316 1411 161 316 1412 330 317 1413 161 317 1414 162 317 1415 331 318 1416 330 318 1417 162 318 1418 331 319 1419 162 319 1420 164 319 1421 331 320 1422 164 320 1423 165 320 1424 331 321 1425 165 321 1426 166 321 1427 332 322 1428 331 322 1429 166 322 1430 332 323 1431 166 323 1432 172 323 1433 332 324 1434 172 324 1435 173 324 1436 332 325 1437 173 325 1438 179 325 1439 333 326 1440 332 326 1441 179 326 1442 333 327 1443 179 327 1444 180 327 1445 333 328 1446 180 328 1447 181 328 1448 334 329 1449 333 329 1450 181 329 1451 334 330 1452 181 330 1453 187 330 1454 334 331 1455 187 331 1456 188 331 1457 335 332 1458 188 332 1459 189 332 1460 335 333 1461 334 333 1462 188 333 1463 335 334 1464 189 334 1465 195 334 1466 336 335 1467 335 335 1468 195 335 1469 336 336 1470 195 336 1471 196 336 1472 336 337 1473 196 337 1474 197 337 1475 336 338 1476 197 338 1477 202 338 1478 337 339 1479 202 339 1480 203 339 1481 337 340 1482 203 340 1483 204 340 1484 337 341 1485 336 341 1486 202 341 1487 338 342 1488 204 342 1489 210 342 1490 338 343 1491 210 343 1492 211 343 1493 338 344 1494 211 344 1495 214 344 1496 338 345 1497 337 345 1498 204 345 1499 339 346 1500 214 346 1501 217 346 1502 339 347 1503 217 347 1504 218 347 1505 339 348 1506 338 348 1507 214 348 1508 340 349 1509 218 349 1510 223 349 1511 340 350 1512 223 350 1513 225 350 1514 340 351 1515 225 351 1516 228 351 1517 340 352 1518 339 352 1519 218 352 1520 341 353 1521 228 353 1522 230 353 1523 341 354 1524 230 354 1525 231 354 1526 341 355 1527 231 355 1528 234 355 1529 341 356 1530 340 356 1531 228 356 1532 342 357 1533 234 357 1534 235 357 1535 342 358 1536 235 358 1537 239 358 1538 342 359 1539 341 359 1540 234 359 1541 343 360 1542 342 360 1543 239 360 1544 343 361 1545 239 361 1546 243 361 1547 343 362 1548 243 362 1549 244 362 1550 343 363 1551 244 363 1552 246 363 1553 344 364 1554 343 364 1555 246 364 1556 344 365 1557 246 365 1558 251 365 1559 344 366 1560 251 366 1561 252 366 1562 345 367 1563 344 367 1564 252 367 1565 345 368 1566 252 368 1567 256 368 1568 345 369 1569 256 369 1570 257 369 1571 316 370 1572 345 370 1573 257 370 1574 316 371 1575 257 371 1576 258 371 1577 316 99 1578 337 99 1579 345 99 1580 345 372 1581 337 372 1582 338 372 1583 326 99 1584 331 99 1585 325 99 1586 327 99 1587 331 99 1588 326 99 1589 330 99 1590 331 99 1591 327 99 1592 317 99 1593 336 99 1594 316 99 1595 316 373 1596 336 373 1597 337 373 1598 322 99 1599 332 99 1600 321 99 1601 323 99 1602 332 99 1603 322 99 1604 324 374 1605 332 374 1606 323 374 1607 325 99 1608 332 99 1609 324 99 1610 331 99 1611 332 99 1612 325 99 1613 318 375 1614 335 375 1615 317 375 1616 317 376 1617 335 376 1618 336 376 1619 320 377 1620 333 377 1621 319 377 1622 321 378 1623 333 378 1624 320 378 1625 332 379 1626 333 379 1627 321 379 1628 319 99 1629 334 99 1630 318 99 1631 318 380 1632 334 380 1633 335 380 1634 333 381 1635 334 381 1636 319 381 1637 342 382 1638 340 382 1639 341 382 1640 343 383 1641 340 383 1642 342 383 1643 344 99 1644 339 99 1645 343 99 1646 343 384 1647 339 384 1648 340 384 1649 345 99 1650 338 99 1651 344 99 1652 344 99 1653 338 99 1654 339 99 1655 328 99 1656 330 99 1657 327 99 1658 329 385 1659 330 385 1660 328 385 1661 346 386 1662 156 386 1663 155 386 1664 347 387 1665 154 387 1666 152 387 1667 347 388 1668 155 388 1669 154 388 1670 347 389 1671 346 389 1672 155 389 1673 348 390 1674 347 390 1675 152 390 1676 349 391 1677 152 391 1678 149 391 1679 349 392 1680 348 392 1681 152 392 1682 350 393 1683 149 393 1684 148 393 1685 350 394 1686 349 394 1687 149 394 1688 351 395 1689 146 395 1690 144 395 1691 351 396 1692 148 396 1693 146 396 1694 351 397 1695 350 397 1696 148 397 1697 352 398 1698 351 398 1699 144 398 1700 353 399 1701 144 399 1702 143 399 1703 353 400 1704 352 400 1705 144 400 1706 354 401 1707 143 401 1708 141 401 1709 354 402 1710 353 402 1711 143 402 1712 355 403 1713 354 403 1714 141 403 1715 355 404 1716 141 404 1717 139 404 1718 356 405 1719 355 405 1720 139 405 1721 356 406 1722 138 406 1723 136 406 1724 356 407 1725 139 407 1726 138 407 1727 357 408 1728 356 408 1729 136 408 1730 358 409 1731 357 409 1732 136 409 1733 358 410 1734 136 410 1735 134 410 1736 359 411 1737 132 411 1738 131 411 1739 359 412 1740 134 412 1741 132 412 1742 359 413 1743 358 413 1744 134 413 1745 360 414 1746 359 414 1747 131 414 1748 361 415 1749 128 415 1750 127 415 1751 361 416 1752 131 416 1753 128 416 1754 361 417 1755 360 417 1756 131 417 1757 362 418 1758 361 418 1759 127 418 1760 363 419 1761 127 419 1762 123 419 1763 363 420 1764 362 420 1765 127 420 1766 364 421 1767 122 421 1768 121 421 1769 364 422 1770 123 422 1771 122 422 1772 364 423 1773 363 423 1774 123 423 1775 365 424 1776 364 424 1777 121 424 1778 366 425 1779 120 425 1780 116 425 1781 366 426 1782 121 426 1783 120 426 1784 366 427 1785 365 427 1786 121 427 1787 367 428 1788 116 428 1789 115 428 1790 367 429 1791 366 429 1792 116 429 1793 368 430 1794 367 430 1795 115 430 1796 369 431 1797 114 431 1798 110 431 1799 369 432 1800 115 432 1801 114 432 1802 369 433 1803 368 433 1804 115 433 1805 370 434 1806 110 434 1807 109 434 1808 370 435 1809 369 435 1810 110 435 1811 371 436 1812 370 436 1813 109 436 1814 372 437 1815 109 437 1816 108 437 1817 372 438 1818 371 438 1819 109 438 1820 373 439 1821 108 439 1822 104 439 1823 373 440 1824 372 440 1825 108 440 1826 374 441 1827 104 441 1828 103 441 1829 374 442 1830 373 442 1831 104 442 1832 375 443 1833 103 443 1834 98 443 1835 375 444 1836 374 444 1837 103 444 1838 376 445 1839 98 445 1840 97 445 1841 376 446 1842 375 446 1843 98 446 1844 377 447 1845 376 447 1846 97 447 1847 378 448 1848 97 448 1849 94 448 1850 378 449 1851 377 449 1852 97 449 1853 379 450 1854 93 450 1855 92 450 1856 379 451 1857 94 451 1858 93 451 1859 379 452 1860 378 452 1861 94 452 1862 380 453 1863 92 453 1864 91 453 1865 380 454 1866 379 454 1867 92 454 1868 381 455 1869 380 455 1870 91 455 1871 381 456 1872 91 456 1873 86 456 1874 382 457 1875 381 457 1876 86 457 1877 382 458 1878 86 458 1879 85 458 1880 383 459 1881 382 459 1882 85 459 1883 383 460 1884 85 460 1885 84 460 1886 384 461 1887 383 461 1888 84 461 1889 384 462 1890 84 462 1891 83 462 1892 385 463 1893 384 463 1894 83 463 1895 385 464 1896 82 464 1897 81 464 1898 385 465 1899 83 465 1900 82 465 1901 386 466 1902 385 466 1903 81 466 1904 386 467 1905 81 467 1906 80 467 1907 387 468 1908 386 468 1909 80 468 1910 388 469 1911 387 469 1912 80 469 1913 388 470 1914 90 470 1915 89 470 1916 388 471 1917 80 471 1918 90 471 1919 389 472 1920 388 472 1921 89 472 1922 389 473 1923 89 473 1924 88 473 1925 390 474 1926 389 474 1927 88 474 1928 390 475 1929 88 475 1930 87 475 1931 391 476 1932 390 476 1933 87 476 1934 391 477 1935 87 477 1936 96 477 1937 392 478 1938 96 478 1939 95 478 1940 392 479 1941 391 479 1942 96 479 1943 393 480 1944 95 480 1945 102 480 1946 393 481 1947 392 481 1948 95 481 1949 394 482 1950 101 482 1951 100 482 1952 394 483 1953 102 483 1954 101 483 1955 394 484 1956 393 484 1957 102 484 1958 395 485 1959 394 485 1960 100 485 1961 396 486 1962 100 486 1963 99 486 1964 396 487 1965 395 487 1966 100 487 1967 397 488 1968 99 488 1969 107 488 1970 397 489 1971 396 489 1972 99 489 1973 398 490 1974 107 490 1975 106 490 1976 398 491 1977 397 491 1978 107 491 1979 399 492 1980 105 492 1981 113 492 1982 399 493 1983 106 493 1984 105 493 1985 399 494 1986 398 494 1987 106 494 1988 400 495 1989 399 495 1990 113 495 1991 401 496 1992 113 496 1993 112 496 1994 401 497 1995 400 497 1996 113 497 1997 402 498 1998 111 498 1999 117 498 2000 402 499 2001 112 499 2002 111 499 2003 402 500 2004 401 500 2005 112 500 2006 403 501 2007 402 501 2008 117 501 2009 404 502 2010 118 502 2011 119 502 2012 404 503 2013 117 503 2014 118 503 2015 404 504 2016 403 504 2017 117 504 2018 405 505 2019 119 505 2020 124 505 2021 405 506 2022 404 506 2023 119 506 2024 406 507 2025 405 507 2026 124 507 2027 407 508 2028 406 508 2029 124 508 2030 407 509 2031 125 509 2032 126 509 2033 407 510 2034 124 510 2035 125 510 2036 408 511 2037 407 511 2038 126 511 2039 408 512 2040 126 512 2041 129 512 2042 409 513 2043 408 513 2044 129 513 2045 410 514 2046 409 514 2047 129 514 2048 410 515 2049 130 515 2050 133 515 2051 410 516 2052 129 516 2053 130 516 2054 411 517 2055 410 517 2056 133 517 2057 412 518 2058 411 518 2059 133 518 2060 412 519 2061 133 519 2062 135 519 2063 413 520 2064 135 520 2065 137 520 2066 413 521 2067 412 521 2068 135 521 2069 414 522 2070 413 522 2071 137 522 2072 415 523 2073 137 523 2074 140 523 2075 415 524 2076 414 524 2077 137 524 2078 416 525 2079 415 525 2080 140 525 2081 416 526 2082 140 526 2083 142 526 2084 417 527 2085 416 527 2086 142 527 2087 418 528 2088 417 528 2089 142 528 2090 418 529 2091 142 529 2092 145 529 2093 419 530 2094 418 530 2095 145 530 2096 419 531 2097 147 531 2098 150 531 2099 419 532 2100 145 532 2101 147 532 2102 420 533 2103 419 533 2104 150 533 2105 420 534 2106 150 534 2107 151 534 2108 421 535 2109 420 535 2110 151 535 2111 421 536 2112 151 536 2113 153 536 2114 422 537 2115 421 537 2116 153 537 2117 423 538 2118 422 538 2119 153 538 2120 423 539 2121 153 539 2122 156 539 2123 346 540 2124 423 540 2125 156 540 2126 385 541 2127 412 541 2128 413 541 2129 359 542 2130 355 542 2131 356 542 2132 385 148 2133 386 148 2134 412 148 2135 359 148 2136 356 148 2137 358 148 2138 366 543 2139 348 543 2140 349 543 2141 391 148 2142 392 148 2143 407 148 2144 391 544 2145 407 544 2146 408 544 2147 366 545 2148 349 545 2149 365 545 2150 396 546 2151 397 546 2152 403 546 2153 384 547 2154 385 547 2155 413 547 2156 367 548 2157 347 548 2158 348 548 2159 360 549 2160 354 549 2161 355 549 2162 360 148 2163 355 148 2164 359 148 2165 367 550 2166 348 550 2167 366 550 2168 383 148 2169 384 148 2170 413 148 2171 395 148 2172 396 148 2173 403 148 2174 390 551 2175 408 551 2176 409 551 2177 395 552 2178 403 552 2179 404 552 2180 368 148 2181 347 148 2182 367 148 2183 368 553 2184 346 553 2185 347 553 2186 390 148 2187 391 148 2188 408 148 2189 369 148 2190 346 148 2191 368 148 2192 361 554 2193 353 554 2194 354 554 2195 361 148 2196 354 148 2197 360 148 2198 382 148 2199 383 148 2200 413 148 2201 382 555 2202 413 555 2203 414 555 2204 394 556 2205 395 556 2206 404 556 2207 389 557 2208 409 557 2209 410 557 2210 394 558 2211 404 558 2212 405 558 2213 394 559 2214 405 559 2215 406 559 2216 381 560 2217 382 560 2218 414 560 2219 380 148 2220 381 148 2221 414 148 2222 389 148 2223 390 148 2224 409 148 2225 380 561 2226 414 561 2227 415 561 2228 362 148 2229 353 148 2230 361 148 2231 399 562 2232 400 562 2233 401 562 2234 399 563 2235 401 563 2236 402 563 2237 370 564 2238 422 564 2239 423 564 2240 370 565 2241 423 565 2242 346 565 2243 370 566 2244 346 566 2245 369 566 2246 371 148 2247 422 148 2248 370 148 2249 388 567 2250 410 567 2251 411 567 2252 371 568 2253 421 568 2254 422 568 2255 372 148 2256 421 148 2257 371 148 2258 388 148 2259 389 148 2260 410 148 2261 372 569 2262 420 569 2263 421 569 2264 363 570 2265 351 570 2266 352 570 2267 363 571 2268 352 571 2269 353 571 2270 379 148 2271 380 148 2272 415 148 2273 378 572 2274 415 572 2275 416 572 2276 378 148 2277 379 148 2278 415 148 2279 363 573 2280 353 573 2281 362 573 2282 373 574 2283 420 574 2284 372 574 2285 373 575 2286 419 575 2287 420 575 2288 364 576 2289 350 576 2290 351 576 2291 358 577 2292 356 577 2293 357 577 2294 364 148 2295 351 148 2296 363 148 2297 398 148 2298 399 148 2299 402 148 2300 374 148 2301 419 148 2302 373 148 2303 374 578 2304 418 578 2305 419 578 2306 377 148 2307 378 148 2308 416 148 2309 393 579 2310 394 579 2311 406 579 2312 377 580 2313 416 580 2314 417 580 2315 387 148 2316 388 148 2317 411 148 2318 393 581 2319 406 581 2320 407 581 2321 376 148 2322 377 148 2323 417 148 2324 375 582 2325 418 582 2326 374 582 2327 375 583 2328 376 583 2329 417 583 2330 375 584 2331 417 584 2332 418 584 2333 386 585 2334 411 585 2335 412 585 2336 397 586 2337 398 586 2338 402 586 2339 392 148 2340 393 148 2341 407 148 2342 397 587 2343 402 587 2344 403 587 2345 386 588 2346 387 588 2347 411 588 2348 365 589 2349 349 589 2350 350 589 2351 365 148 2352 350 148 2353 364 148 2354 424 590 2355 425 590 2356 426 590 2357 424 591 2358 427 591 2359 425 591 2360 309 592 2361 428 592 2362 312 592 2363 429 593 2364 314 593 2365 288 593 2366 429 594 2367 430 594 2368 314 594 2369 431 595 2370 432 595 2371 433 595 2372 431 596 2373 60 596 2374 57 596 2375 431 597 2376 433 597 2377 427 597 2378 431 598 2379 57 598 2380 432 598 2381 434 599 2382 424 599 2383 426 599 2384 434 600 2385 426 600 2386 435 600 2387 436 601 2388 288 601 2389 287 601 2390 437 602 2391 429 602 2392 288 602 2393 437 603 2394 288 603 2395 436 603 2396 438 604 2397 434 604 2398 435 604 2399 438 605 2400 435 605 2401 439 605 2402 440 606 2403 64 606 2404 60 606 2405 440 607 2406 431 607 2407 427 607 2408 440 608 2409 427 608 2410 424 608 2411 440 609 2412 60 609 2413 431 609 2414 440 610 2415 424 610 2416 434 610 2417 441 611 2418 436 611 2419 287 611 2420 441 612 2421 287 612 2422 294 612 2423 442 613 2424 436 613 2425 441 613 2426 442 614 2427 437 614 2428 436 614 2429 443 615 2430 68 615 2431 64 615 2432 443 616 2433 64 616 2434 440 616 2435 74 617 2436 75 617 2437 444 617 2438 443 618 2439 440 618 2440 434 618 2441 445 619 2442 438 619 2443 439 619 2444 445 620 2445 439 620 2446 446 620 2447 447 621 2448 441 621 2449 294 621 2450 447 622 2451 294 622 2452 299 622 2453 448 623 2454 73 623 2455 68 623 2456 448 624 2457 434 624 2458 438 624 2459 448 625 2460 443 625 2461 434 625 2462 448 626 2463 68 626 2464 443 626 2465 449 627 2466 441 627 2467 447 627 2468 449 628 2469 442 628 2470 441 628 2471 450 629 2472 446 629 2473 430 629 2474 450 630 2475 445 630 2476 446 630 2477 451 631 2478 447 631 2479 299 631 2480 451 632 2481 299 632 2482 305 632 2483 452 633 2484 77 633 2485 73 633 2486 452 634 2487 73 634 2488 448 634 2489 452 635 2490 438 635 2491 445 635 2492 452 636 2493 448 636 2494 438 636 2495 452 637 2496 445 637 2497 450 637 2498 453 638 2499 447 638 2500 451 638 2501 453 639 2502 449 639 2503 447 639 2504 454 640 2505 430 640 2506 429 640 2507 454 641 2508 450 641 2509 430 641 2510 455 642 2511 451 642 2512 305 642 2513 455 643 2514 305 643 2515 308 643 2516 455 644 2517 428 644 2518 456 644 2519 455 645 2520 308 645 2521 428 645 2522 457 646 2523 79 646 2524 77 646 2525 457 647 2526 452 647 2527 450 647 2528 457 648 2529 77 648 2530 452 648 2531 458 649 2532 451 649 2533 455 649 2534 458 650 2535 455 650 2536 456 650 2537 458 651 2538 453 651 2539 451 651 2540 458 652 2541 459 652 2542 453 652 2543 458 653 2544 456 653 2545 459 653 2546 460 654 2547 429 654 2548 437 654 2549 460 655 2550 454 655 2551 429 655 2552 461 656 2553 54 656 2554 79 656 2555 461 657 2556 79 657 2557 457 657 2558 461 658 2559 450 658 2560 454 658 2561 461 659 2562 457 659 2563 450 659 2564 461 660 2565 454 660 2566 460 660 2567 462 661 2568 460 661 2569 437 661 2570 462 662 2571 437 662 2572 442 662 2573 463 663 2574 55 663 2575 54 663 2576 463 664 2577 461 664 2578 460 664 2579 463 665 2580 54 665 2581 461 665 2582 464 666 2583 442 666 2584 449 666 2585 464 667 2586 462 667 2587 442 667 2588 465 668 2589 62 668 2590 55 668 2591 465 669 2592 460 669 2593 462 669 2594 465 670 2595 463 670 2596 460 670 2597 465 671 2598 55 671 2599 463 671 2600 466 672 2601 464 672 2602 449 672 2603 466 673 2604 449 673 2605 453 673 2606 466 674 2607 453 674 2608 459 674 2609 467 675 2610 65 675 2611 62 675 2612 467 676 2613 62 676 2614 465 676 2615 467 677 2616 462 677 2617 464 677 2618 467 678 2619 465 678 2620 462 678 2621 468 679 2622 469 679 2623 444 679 2624 468 680 2625 459 680 2626 469 680 2627 468 681 2628 466 681 2629 459 681 2630 470 682 2631 72 682 2632 69 682 2633 470 683 2634 69 683 2635 65 683 2636 470 684 2637 464 684 2638 466 684 2639 470 685 2640 467 685 2641 464 685 2642 470 686 2643 65 686 2644 467 686 2645 471 687 2646 470 687 2647 466 687 2648 471 688 2649 75 688 2650 72 688 2651 471 689 2652 444 689 2653 75 689 2654 471 690 2655 468 690 2656 444 690 2657 471 691 2658 72 691 2659 470 691 2660 471 692 2661 466 692 2662 468 692 2663 428 693 2664 308 693 2665 312 693 2666 472 694 2667 456 694 2668 428 694 2669 472 695 2670 309 695 2671 307 695 2672 472 696 2673 428 696 2674 309 696 2675 473 697 2676 456 697 2677 472 697 2678 473 698 2679 459 698 2680 456 698 2681 474 699 2682 307 699 2683 303 699 2684 474 700 2685 472 700 2686 307 700 2687 475 701 2688 459 701 2689 473 701 2690 475 702 2691 473 702 2692 472 702 2693 475 703 2694 472 703 2695 474 703 2696 476 704 2697 474 704 2698 303 704 2699 476 705 2700 303 705 2701 300 705 2702 477 706 2703 474 706 2704 476 706 2705 477 707 2706 475 707 2707 474 707 2708 478 708 2709 476 708 2710 300 708 2711 478 709 2712 296 709 2713 289 709 2714 478 710 2715 300 710 2716 296 710 2717 479 711 2718 476 711 2719 478 711 2720 479 712 2721 477 712 2722 476 712 2723 480 713 2724 289 713 2725 285 713 2726 480 714 2727 478 714 2728 289 714 2729 481 715 2730 478 715 2731 480 715 2732 481 716 2733 479 716 2734 478 716 2735 482 717 2736 480 717 2737 285 717 2738 482 718 2739 285 718 2740 286 718 2741 483 719 2742 480 719 2743 482 719 2744 483 720 2745 481 720 2746 480 720 2747 484 721 2748 74 721 2749 444 721 2750 484 722 2751 71 722 2752 74 722 2753 484 723 2754 444 723 2755 469 723 2756 484 724 2757 469 724 2758 459 724 2759 485 725 2760 315 725 2761 313 725 2762 485 726 2763 286 726 2764 315 726 2765 485 727 2766 482 727 2767 286 727 2768 486 728 2769 71 728 2770 484 728 2771 486 729 2772 67 729 2773 71 729 2774 486 730 2775 484 730 2776 459 730 2777 486 731 2778 459 731 2779 475 731 2780 487 732 2781 483 732 2782 482 732 2783 487 733 2784 482 733 2785 485 733 2786 488 734 2787 475 734 2788 477 734 2789 488 735 2790 67 735 2791 486 735 2792 488 736 2793 63 736 2794 67 736 2795 488 737 2796 486 737 2797 475 737 2798 489 738 2799 485 738 2800 313 738 2801 489 739 2802 311 739 2803 310 739 2804 489 740 2805 313 740 2806 311 740 2807 490 741 2808 477 741 2809 479 741 2810 490 742 2811 488 742 2812 477 742 2813 490 743 2814 63 743 2815 488 743 2816 491 744 2817 487 744 2818 485 744 2819 491 745 2820 485 745 2821 489 745 2822 492 746 2823 490 746 2824 479 746 2825 492 747 2826 479 747 2827 481 747 2828 493 748 2829 489 748 2830 310 748 2831 493 749 2832 310 749 2833 304 749 2834 494 750 2835 489 750 2836 493 750 2837 494 751 2838 491 751 2839 489 751 2840 495 752 2841 304 752 2842 298 752 2843 495 753 2844 493 753 2845 304 753 2846 496 754 2847 481 754 2848 483 754 2849 496 755 2850 492 755 2851 481 755 2852 497 756 2853 494 756 2854 493 756 2855 497 757 2856 493 757 2857 495 757 2858 498 758 2859 56 758 2860 63 758 2861 498 759 2862 63 759 2863 490 759 2864 498 760 2865 490 760 2866 492 760 2867 499 761 2868 495 761 2869 298 761 2870 499 762 2871 295 762 2872 292 762 2873 499 763 2874 298 763 2875 295 763 2876 500 764 2877 483 764 2878 487 764 2879 500 765 2880 496 765 2881 483 765 2882 501 766 2883 499 766 2884 292 766 2885 501 767 2886 497 767 2887 495 767 2888 501 768 2889 495 768 2890 499 768 2891 502 769 2892 56 769 2893 498 769 2894 502 770 2895 492 770 2896 496 770 2897 502 771 2898 53 771 2899 52 771 2900 502 772 2901 52 772 2902 56 772 2903 502 773 2904 498 773 2905 492 773 2906 503 774 2907 501 774 2908 292 774 2909 503 775 2910 292 775 2911 291 775 2912 504 776 2913 487 776 2914 491 776 2915 504 777 2916 500 777 2917 487 777 2918 505 778 2919 78 778 2920 53 778 2921 505 779 2922 496 779 2923 500 779 2924 505 780 2925 53 780 2926 502 780 2927 505 781 2928 502 781 2929 496 781 2930 506 782 2931 503 782 2932 291 782 2933 506 783 2934 291 783 2935 290 783 2936 507 784 2937 504 784 2938 491 784 2939 507 785 2940 491 785 2941 494 785 2942 508 786 2943 506 786 2944 290 786 2945 509 787 2946 78 787 2947 505 787 2948 509 788 2949 76 788 2950 78 788 2951 509 789 2952 500 789 2953 504 789 2954 509 790 2955 505 790 2956 500 790 2957 510 791 2958 507 791 2959 494 791 2960 510 792 2961 494 792 2962 497 792 2963 425 793 2964 508 793 2965 290 793 2966 425 794 2967 290 794 2968 293 794 2969 511 795 2970 70 795 2971 76 795 2972 511 796 2973 507 796 2974 510 796 2975 511 797 2976 504 797 2977 507 797 2978 511 798 2979 76 798 2980 509 798 2981 511 799 2982 509 799 2983 504 799 2984 512 800 2985 497 800 2986 501 800 2987 512 801 2988 510 801 2989 497 801 2990 426 802 2991 425 802 2992 293 802 2993 426 803 2994 293 803 2995 297 803 2996 513 804 2997 512 804 2998 501 804 2999 513 805 3000 501 805 3001 503 805 3002 514 806 3003 66 806 3004 70 806 3005 514 807 3006 70 807 3007 511 807 3008 514 808 3009 511 808 3010 510 808 3011 435 809 3012 297 809 3013 302 809 3014 435 810 3015 426 810 3016 297 810 3017 515 811 3018 503 811 3019 506 811 3020 515 812 3021 513 812 3022 503 812 3023 516 813 3024 61 813 3025 66 813 3026 516 814 3027 510 814 3028 512 814 3029 516 815 3030 514 815 3031 510 815 3032 516 816 3033 66 816 3034 514 816 3035 439 817 3036 302 817 3037 301 817 3038 439 818 3039 435 818 3040 302 818 3041 517 819 3042 59 819 3043 61 819 3044 517 820 3045 61 820 3046 516 820 3047 517 821 3048 516 821 3049 512 821 3050 517 822 3051 512 822 3052 513 822 3053 433 823 3054 506 823 3055 508 823 3056 433 824 3057 515 824 3058 506 824 3059 446 825 3060 301 825 3061 306 825 3062 446 826 3063 439 826 3064 301 826 3065 518 827 3066 58 827 3067 59 827 3068 518 828 3069 59 828 3070 517 828 3071 518 829 3072 513 829 3073 515 829 3074 518 830 3075 517 830 3076 513 830 3077 427 831 3078 508 831 3079 425 831 3080 427 832 3081 433 832 3082 508 832 3083 430 833 3084 306 833 3085 314 833 3086 430 834 3087 446 834 3088 306 834 3089 432 835 3090 57 835 3091 58 835 3092 432 836 3093 515 836 3094 433 836 3095 432 837 3096 58 837 3097 518 837 3098 432 838 3099 518 838 3100 515 838 3101 519 839 3102 520 839 3103 521 839 3104 519 839 3105 521 839 3106 522 839 3107 523 0 3108 522 0 3109 524 0 3110 523 0 3111 519 0 3112 522 0 3113 525 34 3114 526 34 3115 527 34 3116 525 33 3117 527 33 3118 528 33 3119 529 840 3120 524 840 3121 530 840 3122 529 43 3123 523 43 3124 524 43 3125 531 841 3126 528 841 3127 532 841 3128 533 842 3129 530 842 3130 534 842 3131 531 843 3132 525 843 3133 528 843 3134 533 844 3135 529 844 3136 530 844 3137 535 845 3138 532 845 3139 536 845 3140 537 846 3141 534 846 3142 538 846 3143 535 847 3144 531 847 3145 532 847 3146 537 848 3147 533 848 3148 534 848 3149 539 849 3150 536 849 3151 540 849 3152 541 850 3153 538 850 3154 542 850 3155 539 849 3156 535 849 3157 536 849 3158 541 851 3159 537 851 3160 538 851 3161 543 25 3162 540 25 3163 544 25 3164 545 852 3165 542 852 3166 546 852 3167 543 25 3168 539 25 3169 540 25 3170 545 853 3171 541 853 3172 542 853 3173 547 38 3174 546 38 3175 548 38 3176 547 854 3177 545 854 3178 546 854 3179 549 26 3180 544 26 3181 550 26 3182 526 855 3183 548 855 3184 527 855 3185 549 23 3186 543 23 3187 544 23 3188 526 856 3189 547 856 3190 548 856 3191 551 857 3192 550 857 3193 552 857 3194 551 858 3195 549 858 3196 550 858 3197 553 859 3198 552 859 3199 554 859 3200 553 859 3201 551 859 3202 552 859 3203 555 860 3204 554 860 3205 556 860 3206 555 860 3207 553 860 3208 554 860 3209 557 861 3210 556 861 3211 558 861 3212 557 10 3213 555 10 3214 556 10 3215 559 862 3216 557 862 3217 558 862 3218 559 862 3219 558 862 3220 560 862 3221 561 863 3222 559 863 3223 560 863 3224 561 864 3225 560 864 3226 562 864 3227 563 2 3228 561 2 3229 562 2 3230 563 865 3231 562 865 3232 564 865 3233 565 14 3234 563 14 3235 564 14 3236 565 866 3237 564 866 3238 566 866 3239 567 867 3240 565 867 3241 566 867 3242 567 868 3243 566 868 3244 568 868 3245 569 13 3246 567 13 3247 568 13 3248 569 869 3249 568 869 3250 570 869 3251 520 870 3252 569 870 3253 570 870 3254 520 871 3255 570 871 3256 521 871 3257 571 872 3258 560 872 3259 572 872 3260 571 873 3261 562 873 3262 560 873 3263 573 874 3264 574 874 3265 534 874 3266 573 875 3267 534 875 3268 530 875 3269 575 876 3270 562 876 3271 571 876 3272 536 877 3273 576 877 3274 577 877 3275 540 878 3276 577 878 3277 578 878 3278 540 879 3279 536 879 3280 577 879 3281 532 880 3282 579 880 3283 576 880 3284 532 881 3285 576 881 3286 536 881 3287 544 882 3288 578 882 3289 580 882 3290 581 883 3291 573 883 3292 530 883 3293 544 884 3294 540 884 3295 578 884 3296 528 885 3297 582 885 3298 579 885 3299 528 886 3300 579 886 3301 532 886 3302 583 887 3303 564 887 3304 562 887 3305 583 888 3306 562 888 3307 575 888 3308 584 889 3309 530 889 3310 524 889 3311 550 890 3312 580 890 3313 585 890 3314 584 891 3315 581 891 3316 530 891 3317 550 892 3318 544 892 3319 580 892 3320 586 893 3321 564 893 3322 583 893 3323 527 894 3324 587 894 3325 582 894 3326 586 895 3327 566 895 3328 564 895 3329 527 896 3330 582 896 3331 528 896 3332 588 897 3333 524 897 3334 522 897 3335 588 898 3336 584 898 3337 524 898 3338 552 899 3339 585 899 3340 589 899 3341 590 900 3342 566 900 3343 586 900 3344 552 901 3345 550 901 3346 585 901 3347 590 902 3348 568 902 3349 566 902 3350 548 903 3351 591 903 3352 587 903 3353 592 904 3354 522 904 3355 521 904 3356 548 905 3357 587 905 3358 527 905 3359 592 906 3360 588 906 3361 522 906 3362 593 907 3363 570 907 3364 568 907 3365 593 908 3366 568 908 3367 590 908 3368 554 909 3369 589 909 3370 594 909 3371 595 910 3372 592 910 3373 521 910 3374 595 911 3375 521 911 3376 570 911 3377 595 912 3378 570 912 3379 593 912 3380 554 913 3381 552 913 3382 589 913 3383 546 914 3384 596 914 3385 591 914 3386 546 915 3387 591 915 3388 548 915 3389 556 916 3390 594 916 3391 597 916 3392 556 917 3393 554 917 3394 594 917 3395 542 918 3396 596 918 3397 546 918 3398 598 919 3399 596 919 3400 542 919 3401 558 920 3402 556 920 3403 597 920 3404 572 921 3405 558 921 3406 597 921 3407 538 922 3408 598 922 3409 542 922 3410 560 923 3411 558 923 3412 572 923 3413 574 924 3414 598 924 3415 538 924 3416 534 925 3417 574 925 3418 538 925 3419 599 99 3420 535 99 3421 600 99 3422 600 99 3423 535 99 3424 601 99 3425 601 926 3426 535 926 3427 602 926 3428 535 99 3429 539 99 3430 602 99 3431 602 927 3432 539 927 3433 603 927 3434 603 928 3435 539 928 3436 604 928 3437 604 99 3438 539 99 3439 605 99 3440 606 929 3441 531 929 3442 607 929 3443 607 99 3444 531 99 3445 608 99 3446 608 99 3447 531 99 3448 609 99 3449 609 99 3450 531 99 3451 599 99 3452 599 99 3453 531 99 3454 535 99 3455 605 99 3456 543 99 3457 610 99 3458 610 99 3459 543 99 3460 611 99 3461 611 99 3462 543 99 3463 612 99 3464 612 99 3465 543 99 3466 613 99 3467 539 930 3468 543 930 3469 605 930 3470 614 99 3471 525 99 3472 615 99 3473 615 99 3474 525 99 3475 606 99 3476 606 931 3477 525 931 3478 531 931 3479 543 99 3480 549 99 3481 613 99 3482 613 932 3483 549 932 3484 616 932 3485 616 99 3486 549 99 3487 617 99 3488 618 933 3489 526 933 3490 619 933 3491 619 934 3492 526 934 3493 620 934 3494 620 99 3495 526 99 3496 621 99 3497 621 99 3498 526 99 3499 614 99 3500 614 935 3501 526 935 3502 525 935 3503 617 99 3504 551 99 3505 622 99 3506 549 99 3507 551 99 3508 617 99 3509 622 99 3510 551 99 3511 623 99 3512 624 936 3513 547 936 3514 625 936 3515 625 937 3516 547 937 3517 626 937 3518 626 938 3519 547 938 3520 618 938 3521 618 99 3522 547 99 3523 526 99 3524 623 99 3525 553 99 3526 627 99 3527 627 99 3528 553 99 3529 628 99 3530 628 939 3531 553 939 3532 629 939 3533 551 99 3534 553 99 3535 623 99 3536 630 940 3537 545 940 3538 631 940 3539 631 941 3540 545 941 3541 632 941 3542 632 99 3543 545 99 3544 624 99 3545 624 942 3546 545 942 3547 547 942 3548 553 99 3549 555 99 3550 629 99 3551 629 99 3552 555 99 3553 633 99 3554 633 99 3555 555 99 3556 634 99 3557 555 99 3558 635 99 3559 634 99 3560 636 99 3561 541 99 3562 630 99 3563 630 943 3564 541 943 3565 545 943 3566 636 944 3567 637 944 3568 541 944 3569 637 945 3570 638 945 3571 541 945 3572 555 99 3573 557 99 3574 635 99 3575 635 946 3576 557 946 3577 639 946 3578 557 947 3579 640 947 3580 639 947 3581 638 948 3582 537 948 3583 541 948 3584 557 99 3585 641 99 3586 640 99 3587 559 949 3588 641 949 3589 557 949 3590 559 950 3591 642 950 3592 641 950 3593 638 99 3594 643 99 3595 537 99 3596 643 99 3597 644 99 3598 537 99 3599 644 99 3600 645 99 3601 537 99 3602 537 99 3603 645 99 3604 533 99 3605 559 951 3606 646 951 3607 642 951 3608 559 952 3609 647 952 3610 646 952 3611 645 99 3612 648 99 3613 533 99 3614 648 99 3615 649 99 3616 533 99 3617 559 953 3618 650 953 3619 647 953 3620 561 954 3621 650 954 3622 559 954 3623 561 99 3624 651 99 3625 650 99 3626 649 99 3627 652 99 3628 533 99 3629 533 955 3630 652 955 3631 529 955 3632 561 956 3633 653 956 3634 651 956 3635 652 99 3636 654 99 3637 529 99 3638 561 99 3639 655 99 3640 653 99 3641 563 99 3642 655 99 3643 561 99 3644 654 99 3645 656 99 3646 529 99 3647 529 99 3648 656 99 3649 523 99 3650 563 957 3651 657 957 3652 655 957 3653 563 99 3654 658 99 3655 657 99 3656 656 99 3657 659 99 3658 523 99 3659 563 958 3660 660 958 3661 658 958 3662 565 99 3663 660 99 3664 563 99 3665 659 99 3666 661 99 3667 523 99 3668 523 99 3669 661 99 3670 519 99 3671 565 959 3672 662 959 3673 660 959 3674 565 960 3675 663 960 3676 662 960 3677 661 99 3678 664 99 3679 519 99 3680 565 961 3681 665 961 3682 663 961 3683 664 99 3684 666 99 3685 519 99 3686 565 962 3687 667 962 3688 665 962 3689 567 99 3690 667 99 3691 565 99 3692 567 99 3693 668 99 3694 667 99 3695 666 99 3696 669 99 3697 519 99 3698 519 99 3699 669 99 3700 520 99 3701 669 99 3702 670 99 3703 520 99 3704 567 963 3705 671 963 3706 668 963 3707 520 99 3708 672 99 3709 569 99 3710 670 99 3711 672 99 3712 520 99 3713 569 99 3714 673 99 3715 567 99 3716 567 964 3717 673 964 3718 671 964 3719 569 965 3720 674 965 3721 673 965 3722 672 966 3723 675 966 3724 569 966 3725 569 967 3726 675 967 3727 674 967 3728 676 968 3729 677 968 3730 678 968 3731 676 969 3732 678 969 3733 679 969 3734 676 970 3735 679 970 3736 680 970 3737 676 971 3738 680 971 3739 681 971 3740 682 148 3741 676 148 3742 681 148 3743 682 972 3744 681 972 3745 683 972 3746 682 973 3747 683 973 3748 684 973 3749 682 974 3750 684 974 3751 685 974 3752 686 148 3753 687 148 3754 688 148 3755 686 148 3756 688 148 3757 689 148 3758 686 975 3759 689 975 3760 677 975 3761 686 148 3762 677 148 3763 676 148 3764 690 976 3765 682 976 3766 685 976 3767 690 977 3768 685 977 3769 691 977 3770 690 978 3771 691 978 3772 692 978 3773 693 148 3774 694 148 3775 695 148 3776 693 979 3777 695 979 3778 696 979 3779 693 980 3780 696 980 3781 687 980 3782 693 981 3783 687 981 3784 686 981 3785 697 982 3786 692 982 3787 698 982 3788 697 983 3789 698 983 3790 699 983 3791 697 984 3792 699 984 3793 700 984 3794 697 148 3795 690 148 3796 692 148 3797 701 985 3798 694 985 3799 693 985 3800 701 148 3801 702 148 3802 703 148 3803 701 148 3804 703 148 3805 704 148 3806 701 148 3807 704 148 3808 694 148 3809 705 986 3810 700 986 3811 706 986 3812 705 987 3813 706 987 3814 707 987 3815 705 988 3816 707 988 3817 708 988 3818 705 148 3819 697 148 3820 700 148 3821 709 989 3822 710 989 3823 711 989 3824 709 990 3825 711 990 3826 712 990 3827 709 148 3828 712 148 3829 702 148 3830 709 148 3831 702 148 3832 701 148 3833 713 991 3834 705 991 3835 708 991 3836 713 992 3837 708 992 3838 714 992 3839 713 993 3840 714 993 3841 715 993 3842 713 994 3843 715 994 3844 716 994 3845 717 995 3846 718 995 3847 719 995 3848 717 148 3849 719 148 3850 710 148 3851 717 148 3852 710 148 3853 709 148 3854 720 148 3855 713 148 3856 716 148 3857 720 996 3858 716 996 3859 721 996 3860 720 997 3861 721 997 3862 722 997 3863 720 998 3864 722 998 3865 723 998 3866 724 999 3867 725 999 3868 718 999 3869 724 148 3870 718 148 3871 717 148 3872 726 148 3873 725 148 3874 724 148 3875 727 1000 3876 726 1000 3877 724 1000 3878 728 148 3879 723 148 3880 729 148 3881 728 148 3882 720 148 3883 723 148 3884 730 148 3885 728 148 3886 729 148 3887 731 148 3888 727 148 3889 724 148 3890 732 148 3891 727 148 3892 731 148 3893 733 148 3894 728 148 3895 730 148 3896 734 148 3897 728 148 3898 733 148 3899 735 148 3900 732 148 3901 731 148 3902 736 148 3903 734 148 3904 733 148 3905 737 148 3906 734 148 3907 736 148 3908 738 148 3909 735 148 3910 731 148 3911 738 148 3912 731 148 3913 739 148 3914 740 1001 3915 738 1001 3916 739 1001 3917 741 148 3918 740 148 3919 739 148 3920 742 148 3921 734 148 3922 737 148 3923 742 1002 3924 743 1002 3925 734 1002 3926 744 148 3927 743 148 3928 742 148 3929 745 148 3930 741 148 3931 739 148 3932 745 1003 3933 739 1003 3934 746 1003 3935 747 1004 3936 743 1004 3937 744 1004 3938 748 148 3939 745 148 3940 746 148 3941 749 148 3942 743 148 3943 747 148 3944 750 148 3945 743 148 3946 749 148 3947 750 148 3948 751 148 3949 743 148 3950 752 148 3951 748 148 3952 746 148 3953 753 1005 3954 751 1005 3955 750 1005 3956 754 148 3957 751 148 3958 753 148 3959 755 148 3960 752 148 3961 746 148 3962 755 148 3963 746 148 3964 756 148 3965 757 148 3966 755 148 3967 756 148 3968 758 1006 3969 751 1006 3970 754 1006 3971 758 148 3972 759 148 3973 751 148 3974 760 1007 3975 757 1007 3976 756 1007 3977 760 1008 3978 756 1008 3979 761 1008 3980 762 1009 3981 759 1009 3982 758 1009 3983 763 1010 3984 759 1010 3985 762 1010 3986 764 148 3987 760 148 3988 761 148 3989 765 148 3990 759 148 3991 763 148 3992 765 1011 3993 766 1011 3994 759 1011 3995 767 148 3996 764 148 3997 761 148 3998 768 1012 3999 767 1012 4000 761 1012 4001 768 148 4002 761 148 4003 769 148 4004 770 1013 4005 766 1013 4006 765 1013 4007 771 148 4008 766 148 4009 770 148 4010 772 148 4011 768 148 4012 769 148 4013 773 148 4014 772 148 4015 769 148 4016 774 1014 4017 775 1014 4018 766 1014 4019 774 148 4020 766 148 4021 771 148 4022 776 148 4023 775 148 4024 774 148 4025 777 148 4026 775 148 4027 776 148 4028 777 148 4029 769 148 4030 775 148 4031 777 148 4032 773 148 4033 769 148 4034 713 1015 4035 778 1015 4036 779 1015 4037 713 1016 4038 720 1016 4039 778 1016 4040 705 1017 4041 779 1017 4042 780 1017 4043 705 1018 4044 713 1018 4045 779 1018 4046 709 1019 4047 781 1019 4048 782 1019 4049 697 1020 4050 780 1020 4051 783 1020 4052 709 1021 4053 701 1021 4054 781 1021 4055 697 1020 4056 705 1020 4057 780 1020 4058 717 1022 4059 782 1022 4060 784 1022 4061 690 1023 4062 783 1023 4063 785 1023 4064 717 1024 4065 709 1024 4066 782 1024 4067 690 1025 4068 697 1025 4069 783 1025 4070 724 1026 4071 784 1026 4072 786 1026 4073 682 1027 4074 785 1027 4075 787 1027 4076 724 1028 4077 717 1028 4078 784 1028 4079 682 1029 4080 690 1029 4081 785 1029 4082 731 1030 4083 786 1030 4084 788 1030 4085 676 1031 4086 787 1031 4087 789 1031 4088 731 1032 4089 724 1032 4090 786 1032 4091 676 1033 4092 682 1033 4093 787 1033 4094 739 1034 4095 788 1034 4096 790 1034 4097 686 1035 4098 789 1035 4099 791 1035 4100 739 1036 4101 731 1036 4102 788 1036 4103 686 1037 4104 676 1037 4105 789 1037 4106 693 1038 4107 792 1038 4108 781 1038 4109 693 1039 4110 791 1039 4111 792 1039 4112 693 1040 4113 686 1040 4114 791 1040 4115 746 1041 4116 790 1041 4117 793 1041 4118 701 1042 4119 693 1042 4120 781 1042 4121 746 1041 4122 739 1041 4123 790 1041 4124 756 1043 4125 793 1043 4126 794 1043 4127 756 1043 4128 746 1043 4129 793 1043 4130 761 1044 4131 794 1044 4132 795 1044 4133 761 1044 4134 756 1044 4135 794 1044 4136 769 1045 4137 795 1045 4138 796 1045 4139 769 1046 4140 761 1046 4141 795 1046 4142 775 1047 4143 796 1047 4144 797 1047 4145 775 1048 4146 769 1048 4147 796 1048 4148 766 1049 4149 775 1049 4150 797 1049 4151 766 1050 4152 797 1050 4153 798 1050 4154 759 1051 4155 766 1051 4156 798 1051 4157 759 1052 4158 798 1052 4159 799 1052 4160 751 1053 4161 759 1053 4162 799 1053 4163 751 1053 4164 799 1053 4165 800 1053 4166 743 1054 4167 800 1054 4168 801 1054 4169 743 1054 4170 751 1054 4171 800 1054 4172 734 1055 4173 801 1055 4174 802 1055 4175 734 1056 4176 743 1056 4177 801 1056 4178 728 1057 4179 802 1057 4180 803 1057 4181 728 1058 4182 734 1058 4183 802 1058 4184 720 1059 4185 803 1059 4186 778 1059 4187 720 1060 4188 728 1060 4189 803 1060 4190 802 99 4191 804 99 4192 805 99 4193 801 1061 4194 804 1061 4195 802 1061 4196 806 1062 4197 807 1062 4198 788 1062 4199 788 1063 4200 807 1063 4201 790 1063 4202 801 1064 4203 808 1064 4204 804 1064 4205 809 1065 4206 789 1065 4207 810 1065 4208 810 99 4209 787 99 4210 811 99 4211 789 1066 4212 787 1066 4213 810 1066 4214 812 1067 4215 791 1067 4216 809 1067 4217 809 1068 4218 791 1068 4219 789 1068 4220 807 99 4221 813 99 4222 790 99 4223 811 1069 4224 785 1069 4225 814 1069 4226 790 99 4227 813 99 4228 793 99 4229 801 99 4230 815 99 4231 808 99 4232 787 1070 4233 785 1070 4234 811 1070 4235 800 1071 4236 815 1071 4237 801 1071 4238 816 99 4239 792 99 4240 812 99 4241 812 1072 4242 792 1072 4243 791 1072 4244 814 99 4245 783 99 4246 817 99 4247 793 99 4248 818 99 4249 794 99 4250 813 99 4251 818 99 4252 793 99 4253 785 1073 4254 783 1073 4255 814 1073 4256 799 99 4257 819 99 4258 800 99 4259 800 1074 4260 819 1074 4261 815 1074 4262 820 1075 4263 781 1075 4264 821 1075 4265 821 99 4266 781 99 4267 816 99 4268 798 99 4269 822 99 4270 799 99 4271 816 1076 4272 781 1076 4273 792 1076 4274 799 1077 4275 822 1077 4276 819 1077 4277 817 1078 4278 780 1078 4279 823 1078 4280 783 99 4281 780 99 4282 817 99 4283 794 99 4284 824 99 4285 795 99 4286 818 1079 4287 824 1079 4288 794 1079 4289 825 1080 4290 782 1080 4291 820 1080 4292 798 99 4293 826 99 4294 822 99 4295 820 1081 4296 782 1081 4297 781 1081 4298 824 99 4299 827 99 4300 795 99 4301 795 1082 4302 827 1082 4303 796 1082 4304 798 99 4305 828 99 4306 826 99 4307 823 1083 4308 779 1083 4309 829 1083 4310 797 99 4311 828 99 4312 798 99 4313 829 1084 4314 779 1084 4315 830 1084 4316 780 99 4317 779 99 4318 823 99 4319 825 1085 4320 784 1085 4321 782 1085 4322 796 99 4323 831 99 4324 797 99 4325 827 1086 4326 831 1086 4327 796 1086 4328 797 99 4329 831 99 4330 828 99 4331 830 99 4332 778 99 4333 832 99 4334 779 99 4335 778 99 4336 830 99 4337 825 1087 4338 833 1087 4339 784 1087 4340 833 1088 4341 786 1088 4342 784 1088 4343 778 1089 4344 803 1089 4345 832 1089 4346 832 99 4347 803 99 4348 834 99 4349 833 99 4350 806 99 4351 786 99 4352 786 99 4353 806 99 4354 788 99 4355 803 99 4356 805 99 4357 834 99 4358 802 99 4359 805 99 4360 803 99 4361 777 1090 4362 835 1090 4363 773 1090 4364 835 1091 4365 836 1091 4366 773 1091 4367 773 1092 4368 836 1092 4369 772 1092 4370 772 1093 4371 836 1093 4372 768 1093 4373 768 1094 4374 836 1094 4375 767 1094 4376 836 1095 4377 837 1095 4378 767 1095 4379 767 1096 4380 837 1096 4381 764 1096 4382 764 1097 4383 837 1097 4384 760 1097 4385 837 1098 4386 838 1098 4387 760 1098 4388 760 1099 4389 838 1099 4390 757 1099 4391 757 1100 4392 838 1100 4393 755 1100 4394 755 1101 4395 838 1101 4396 752 1101 4397 838 1102 4398 839 1102 4399 752 1102 4400 752 1103 4401 839 1103 4402 748 1103 4403 748 1104 4404 839 1104 4405 745 1104 4406 839 1105 4407 840 1105 4408 745 1105 4409 745 1106 4410 840 1106 4411 741 1106 4412 741 1107 4413 840 1107 4414 740 1107 4415 740 1108 4416 840 1108 4417 738 1108 4418 738 1109 4419 841 1109 4420 735 1109 4421 735 1110 4422 841 1110 4423 732 1110 4424 840 1111 4425 841 1111 4426 738 1111 4427 732 1112 4428 842 1112 4429 727 1112 4430 727 1113 4431 842 1113 4432 726 1113 4433 726 1114 4434 842 1114 4435 725 1114 4436 841 1115 4437 842 1115 4438 732 1115 4439 725 1116 4440 843 1116 4441 718 1116 4442 718 1117 4443 843 1117 4444 719 1117 4445 719 1118 4446 843 1118 4447 710 1118 4448 842 1119 4449 843 1119 4450 725 1119 4451 710 1120 4452 844 1120 4453 711 1120 4454 843 1121 4455 844 1121 4456 710 1121 4457 711 1122 4458 844 1122 4459 712 1122 4460 712 1123 4461 844 1123 4462 702 1123 4463 702 1124 4464 845 1124 4465 703 1124 4466 703 1125 4467 845 1125 4468 704 1125 4469 704 1126 4470 845 1126 4471 694 1126 4472 844 1127 4473 845 1127 4474 702 1127 4475 694 1128 4476 846 1128 4477 695 1128 4478 695 1129 4479 846 1129 4480 696 1129 4481 845 1130 4482 846 1130 4483 694 1130 4484 696 1131 4485 847 1131 4486 687 1131 4487 687 1132 4488 847 1132 4489 688 1132 4490 688 1133 4491 847 1133 4492 689 1133 4493 846 1134 4494 847 1134 4495 696 1134 4496 689 1135 4497 848 1135 4498 677 1135 4499 677 1136 4500 848 1136 4501 678 1136 4502 678 1137 4503 848 1137 4504 679 1137 4505 847 1138 4506 848 1138 4507 689 1138 4508 848 1139 4509 849 1139 4510 679 1139 4511 679 1140 4512 849 1140 4513 680 1140 4514 680 1141 4515 849 1141 4516 681 1141 4517 849 1142 4518 850 1142 4519 681 1142 4520 681 1143 4521 850 1143 4522 683 1143 4523 683 1144 4524 850 1144 4525 684 1144 4526 684 1145 4527 850 1145 4528 685 1145 4529 850 1146 4530 851 1146 4531 685 1146 4532 685 1147 4533 851 1147 4534 691 1147 4535 691 1148 4536 851 1148 4537 692 1148 4538 692 1149 4539 851 1149 4540 698 1149 4541 851 1150 4542 852 1150 4543 698 1150 4544 698 1151 4545 852 1151 4546 699 1151 4547 699 1152 4548 852 1152 4549 700 1152 4550 852 1153 4551 853 1153 4552 700 1153 4553 700 1154 4554 853 1154 4555 706 1154 4556 706 1155 4557 853 1155 4558 707 1155 4559 853 1156 4560 854 1156 4561 707 1156 4562 707 1157 4563 854 1157 4564 708 1157 4565 708 1158 4566 854 1158 4567 714 1158 4568 854 1159 4569 855 1159 4570 714 1159 4571 714 1160 4572 855 1160 4573 715 1160 4574 715 1161 4575 855 1161 4576 716 1161 4577 716 1162 4578 855 1162 4579 721 1162 4580 855 1163 4581 856 1163 4582 721 1163 4583 721 1164 4584 856 1164 4585 722 1164 4586 722 1165 4587 856 1165 4588 723 1165 4589 856 1166 4590 857 1166 4591 723 1166 4592 723 1167 4593 857 1167 4594 729 1167 4595 729 1168 4596 857 1168 4597 730 1168 4598 730 1169 4599 857 1169 4600 733 1169 4601 857 1170 4602 858 1170 4603 733 1170 4604 733 1171 4605 858 1171 4606 736 1171 4607 736 1172 4608 858 1172 4609 737 1172 4610 858 1173 4611 859 1173 4612 737 1173 4613 737 1174 4614 859 1174 4615 742 1174 4616 742 1175 4617 859 1175 4618 744 1175 4619 744 1176 4620 859 1176 4621 747 1176 4622 859 1177 4623 860 1177 4624 747 1177 4625 747 1178 4626 860 1178 4627 749 1178 4628 749 1179 4629 860 1179 4630 750 1179 4631 750 1180 4632 860 1180 4633 753 1180 4634 860 1181 4635 861 1181 4636 753 1181 4637 753 1182 4638 861 1182 4639 754 1182 4640 754 1183 4641 861 1183 4642 758 1183 4643 758 1184 4644 862 1184 4645 762 1184 4646 762 1185 4647 862 1185 4648 763 1185 4649 763 1186 4650 862 1186 4651 765 1186 4652 861 1187 4653 862 1187 4654 758 1187 4655 765 1188 4656 863 1188 4657 770 1188 4658 770 1189 4659 863 1189 4660 771 1189 4661 862 1190 4662 863 1190 4663 765 1190 4664 771 1191 4665 864 1191 4666 774 1191 4667 774 1192 4668 864 1192 4669 776 1192 4670 863 1193 4671 864 1193 4672 771 1193 4673 864 1194 4674 835 1194 4675 776 1194 4676 776 1195 4677 835 1195 4678 777 1195 4679 856 1196 4680 835 1196 4681 864 1196 4682 856 99 4683 864 99 4684 857 99 4685 850 99 4686 845 99 4687 844 99 4688 850 1197 4689 846 1197 4690 845 1197 4691 850 99 4692 849 99 4693 846 99 4694 855 1198 4695 836 1198 4696 835 1198 4697 855 99 4698 835 99 4699 856 99 4700 851 1199 4701 841 1199 4702 840 1199 4703 851 1200 4704 842 1200 4705 841 1200 4706 851 1201 4707 843 1201 4708 842 1201 4709 851 1202 4710 844 1202 4711 843 1202 4712 851 99 4713 850 99 4714 844 99 4715 854 1203 4716 837 1203 4717 836 1203 4718 854 1204 4719 836 1204 4720 855 1204 4721 852 1205 4722 839 1205 4723 838 1205 4724 852 1206 4725 840 1206 4726 839 1206 4727 852 99 4728 851 99 4729 840 99 4730 853 1207 4731 838 1207 4732 837 1207 4733 853 99 4734 837 99 4735 854 99 4736 853 99 4737 852 99 4738 838 99 4739 859 1208 4740 861 1208 4741 860 1208 4742 859 99 4743 862 99 4744 861 99 4745 858 1209 4746 863 1209 4747 862 1209 4748 858 99 4749 862 99 4750 859 99 4751 857 1210 4752 864 1210 4753 863 1210 4754 857 99 4755 863 99 4756 858 99 4757 849 99 4758 847 99 4759 846 99 4760 849 1211 4761 848 1211 4762 847 1211 4763 675 1212 4764 865 1212 4765 674 1212 4766 673 1213 4767 866 1213 4768 671 1213 4769 674 1214 4770 866 1214 4771 673 1214 4772 865 1215 4773 866 1215 4774 674 1215 4775 866 1216 4776 867 1216 4777 671 1216 4778 671 1217 4779 868 1217 4780 668 1217 4781 867 1218 4782 868 1218 4783 671 1218 4784 668 1219 4785 869 1219 4786 667 1219 4787 868 1220 4788 869 1220 4789 668 1220 4790 665 1221 4791 870 1221 4792 663 1221 4793 667 1222 4794 870 1222 4795 665 1222 4796 869 1223 4797 870 1223 4798 667 1223 4799 870 1224 4800 871 1224 4801 663 1224 4802 663 1225 4803 872 1225 4804 662 1225 4805 871 1226 4806 872 1226 4807 663 1226 4808 662 1227 4809 873 1227 4810 660 1227 4811 872 1228 4812 873 1228 4813 662 1228 4814 873 1229 4815 874 1229 4816 660 1229 4817 660 1230 4818 874 1230 4819 658 1230 4820 874 1231 4821 875 1231 4822 658 1231 4823 657 1232 4824 875 1232 4825 655 1232 4826 658 1233 4827 875 1233 4828 657 1233 4829 875 1234 4830 876 1234 4831 655 1234 4832 876 1235 4833 877 1235 4834 655 1235 4835 655 1236 4836 877 1236 4837 653 1236 4838 877 1237 4839 878 1237 4840 653 1237 4841 651 1238 4842 878 1238 4843 650 1238 4844 653 1239 4845 878 1239 4846 651 1239 4847 878 1240 4848 879 1240 4849 650 1240 4850 879 1241 4851 880 1241 4852 650 1241 4853 647 1242 4854 880 1242 4855 646 1242 4856 650 1243 4857 880 1243 4858 647 1243 4859 880 1244 4860 881 1244 4861 646 1244 4862 881 1245 4863 882 1245 4864 646 1245 4865 646 1246 4866 882 1246 4867 642 1246 4868 641 1247 4869 883 1247 4870 640 1247 4871 642 1248 4872 883 1248 4873 641 1248 4874 882 1249 4875 883 1249 4876 642 1249 4877 883 1250 4878 884 1250 4879 640 1250 4880 639 1251 4881 885 1251 4882 635 1251 4883 640 1252 4884 885 1252 4885 639 1252 4886 884 1253 4887 885 1253 4888 640 1253 4889 635 1254 4890 886 1254 4891 634 1254 4892 885 1255 4893 886 1255 4894 635 1255 4895 886 1256 4896 887 1256 4897 634 1256 4898 633 1257 4899 888 1257 4900 629 1257 4901 634 1258 4902 888 1258 4903 633 1258 4904 887 1259 4905 888 1259 4906 634 1259 4907 629 1260 4908 889 1260 4909 628 1260 4910 888 1261 4911 889 1261 4912 629 1261 4913 889 1262 4914 890 1262 4915 628 1262 4916 628 1263 4917 891 1263 4918 627 1263 4919 890 1264 4920 891 1264 4921 628 1264 4922 627 1265 4923 892 1265 4924 623 1265 4925 891 1266 4926 892 1266 4927 627 1266 4928 623 1267 4929 893 1267 4930 622 1267 4931 892 1268 4932 893 1268 4933 623 1268 4934 622 1269 4935 894 1269 4936 617 1269 4937 893 1270 4938 894 1270 4939 622 1270 4940 617 1271 4941 895 1271 4942 616 1271 4943 894 1272 4944 895 1272 4945 617 1272 4946 895 1273 4947 896 1273 4948 616 1273 4949 616 1274 4950 897 1274 4951 613 1274 4952 896 1275 4953 897 1275 4954 616 1275 4955 612 1276 4956 898 1276 4957 611 1276 4958 613 1277 4959 898 1277 4960 612 1277 4961 897 1278 4962 898 1278 4963 613 1278 4964 611 1279 4965 899 1279 4966 610 1279 4967 898 1280 4968 899 1280 4969 611 1280 4970 899 1281 4971 900 1281 4972 610 1281 4973 610 1282 4974 900 1282 4975 605 1282 4976 900 1283 4977 901 1283 4978 605 1283 4979 605 1284 4980 901 1284 4981 604 1284 4982 901 1285 4983 902 1285 4984 604 1285 4985 604 1286 4986 902 1286 4987 603 1286 4988 902 1287 4989 903 1287 4990 603 1287 4991 603 1288 4992 903 1288 4993 602 1288 4994 903 1289 4995 904 1289 4996 602 1289 4997 601 1290 4998 904 1290 4999 600 1290 5000 602 1291 5001 904 1291 5002 601 1291 5003 904 1292 5004 905 1292 5005 600 1292 5006 600 1293 5007 905 1293 5008 599 1293 5009 905 1294 5010 906 1294 5011 599 1294 5012 609 1295 5013 907 1295 5014 608 1295 5015 599 1296 5016 907 1296 5017 609 1296 5018 906 1297 5019 907 1297 5020 599 1297 5021 907 1298 5022 908 1298 5023 608 1298 5024 608 1299 5025 908 1299 5026 607 1299 5027 908 1300 5028 909 1300 5029 607 1300 5030 607 1301 5031 909 1301 5032 606 1301 5033 606 1302 5034 910 1302 5035 615 1302 5036 909 1303 5037 910 1303 5038 606 1303 5039 615 1304 5040 911 1304 5041 614 1304 5042 910 1305 5043 911 1305 5044 615 1305 5045 614 1306 5046 912 1306 5047 621 1306 5048 911 1307 5049 912 1307 5050 614 1307 5051 620 1308 5052 913 1308 5053 619 1308 5054 621 1309 5055 913 1309 5056 620 1309 5057 912 1310 5058 913 1310 5059 621 1310 5060 913 1311 5061 914 1311 5062 619 1311 5063 619 1312 5064 915 1312 5065 618 1312 5066 914 1313 5067 915 1313 5068 619 1313 5069 618 1314 5070 916 1314 5071 626 1314 5072 915 1315 5073 916 1315 5074 618 1315 5075 626 1316 5076 917 1316 5077 625 1316 5078 916 1317 5079 917 1317 5080 626 1317 5081 624 1318 5082 918 1318 5083 632 1318 5084 625 1319 5085 918 1319 5086 624 1319 5087 917 1320 5088 918 1320 5089 625 1320 5090 918 1321 5091 919 1321 5092 632 1321 5093 632 1322 5094 920 1322 5095 631 1322 5096 919 1323 5097 920 1323 5098 632 1323 5099 630 1324 5100 921 1324 5101 636 1324 5102 631 1325 5103 921 1325 5104 630 1325 5105 920 1326 5106 921 1326 5107 631 1326 5108 921 1327 5109 922 1327 5110 636 1327 5111 637 1328 5112 923 1328 5113 638 1328 5114 636 1329 5115 923 1329 5116 637 1329 5117 922 1330 5118 923 1330 5119 636 1330 5120 638 1331 5121 924 1331 5122 643 1331 5123 923 1332 5124 924 1332 5125 638 1332 5126 924 1333 5127 925 1333 5128 643 1333 5129 644 1334 5130 926 1334 5131 645 1334 5132 643 1335 5133 926 1335 5134 644 1335 5135 925 1336 5136 926 1336 5137 643 1336 5138 645 1337 5139 927 1337 5140 648 1337 5141 926 1338 5142 927 1338 5143 645 1338 5144 927 1339 5145 928 1339 5146 648 1339 5147 649 1340 5148 929 1340 5149 652 1340 5150 648 1341 5151 929 1341 5152 649 1341 5153 928 1342 5154 929 1342 5155 648 1342 5156 929 1343 5157 930 1343 5158 652 1343 5159 652 1344 5160 931 1344 5161 654 1344 5162 930 1345 5163 931 1345 5164 652 1345 5165 654 1346 5166 932 1346 5167 656 1346 5168 931 1347 5169 932 1347 5170 654 1347 5171 932 1348 5172 933 1348 5173 656 1348 5174 656 1349 5175 934 1349 5176 659 1349 5177 933 1350 5178 934 1350 5179 656 1350 5180 934 1351 5181 935 1351 5182 659 1351 5183 659 1352 5184 935 1352 5185 661 1352 5186 935 1353 5187 936 1353 5188 661 1353 5189 661 1354 5190 937 1354 5191 664 1354 5192 936 1355 5193 937 1355 5194 661 1355 5195 937 1356 5196 938 1356 5197 664 1356 5198 666 1357 5199 938 1357 5200 669 1357 5201 664 1358 5202 938 1358 5203 666 1358 5204 669 1359 5205 939 1359 5206 670 1359 5207 938 1360 5208 939 1360 5209 669 1360 5210 670 1361 5211 940 1361 5212 672 1361 5213 939 1362 5214 940 1362 5215 670 1362 5216 940 1363 5217 941 1363 5218 672 1363 5219 672 1364 5220 942 1364 5221 675 1364 5222 941 1365 5223 942 1365 5224 672 1365 5225 942 1366 5226 865 1366 5227 675 1366 5228 931 148 5229 904 148 5230 932 148 5231 874 1367 5232 878 1367 5233 875 1367 5234 905 148 5235 904 148 5236 931 148 5237 875 1368 5238 878 1368 5239 877 1368 5240 867 148 5241 885 148 5242 868 148 5243 911 148 5244 910 148 5245 926 148 5246 926 148 5247 910 148 5248 927 148 5249 868 1369 5250 885 1369 5251 884 1369 5252 916 148 5253 915 148 5254 922 148 5255 904 148 5256 903 148 5257 932 148 5258 866 148 5259 886 148 5260 867 148 5261 873 148 5262 879 148 5263 874 148 5264 874 1370 5265 879 1370 5266 878 1370 5267 867 1371 5268 886 1371 5269 885 1371 5270 903 148 5271 902 148 5272 932 148 5273 915 148 5274 914 148 5275 922 148 5276 927 148 5277 909 148 5278 928 148 5279 922 148 5280 914 148 5281 923 148 5282 866 1372 5283 887 1372 5284 886 1372 5285 865 148 5286 887 148 5287 866 148 5288 910 148 5289 909 148 5290 927 148 5291 865 1373 5292 888 1373 5293 887 1373 5294 872 1374 5295 880 1374 5296 873 1374 5297 873 1375 5298 880 1375 5299 879 1375 5300 902 148 5301 901 148 5302 932 148 5303 932 148 5304 901 148 5305 933 148 5306 914 148 5307 913 148 5308 923 148 5309 928 148 5310 908 148 5311 929 148 5312 923 1376 5313 913 1376 5314 924 1376 5315 924 148 5316 913 148 5317 925 148 5318 901 148 5319 900 148 5320 933 148 5321 900 148 5322 899 148 5323 933 148 5324 909 148 5325 908 148 5326 928 148 5327 933 148 5328 899 148 5329 934 148 5330 872 1377 5331 881 1377 5332 880 1377 5333 919 148 5334 918 148 5335 920 148 5336 920 148 5337 918 148 5338 921 148 5339 941 148 5340 889 148 5341 942 148 5342 942 1378 5343 889 1378 5344 865 1378 5345 865 1379 5346 889 1379 5347 888 1379 5348 941 1380 5349 890 1380 5350 889 1380 5351 929 148 5352 907 148 5353 930 148 5354 940 148 5355 890 148 5356 941 148 5357 940 1381 5358 891 1381 5359 890 1381 5360 908 148 5361 907 148 5362 929 148 5363 939 1382 5364 891 1382 5365 940 1382 5366 870 148 5367 882 148 5368 871 148 5369 871 148 5370 882 148 5371 872 148 5372 899 1383 5373 898 1383 5374 934 1383 5375 934 148 5376 897 148 5377 935 148 5378 898 148 5379 897 148 5380 934 148 5381 872 1384 5382 882 1384 5383 881 1384 5384 939 1385 5385 892 1385 5386 891 1385 5387 938 1386 5388 892 1386 5389 939 1386 5390 869 148 5391 883 148 5392 870 148 5393 875 1387 5394 877 1387 5395 876 1387 5396 870 1388 5397 883 1388 5398 882 1388 5399 918 148 5400 917 148 5401 921 148 5402 938 1389 5403 893 1389 5404 892 1389 5405 937 148 5406 893 148 5407 938 148 5408 897 148 5409 896 148 5410 935 148 5411 913 148 5412 912 148 5413 925 148 5414 935 148 5415 896 148 5416 936 148 5417 907 148 5418 906 148 5419 930 148 5420 925 148 5421 912 148 5422 926 148 5423 896 148 5424 895 148 5425 936 148 5426 937 1390 5427 894 1390 5428 893 1390 5429 895 148 5430 894 148 5431 936 148 5432 936 148 5433 894 148 5434 937 148 5435 930 148 5436 905 148 5437 931 148 5438 917 1391 5439 916 1391 5440 921 1391 5441 912 148 5442 911 148 5443 926 148 5444 921 148 5445 916 148 5446 922 148 5447 906 148 5448 905 148 5449 930 148 5450 868 148 5451 884 148 5452 869 148 5453 869 1392 5454 884 1392 5455 883 1392 5456 943 1393 5457 944 1393 5458 945 1393 5459 946 1394 5460 944 1394 5461 943 1394 5462 947 1395 5463 828 1395 5464 831 1395 5465 833 1396 5466 948 1396 5467 806 1396 5468 949 1397 5469 948 1397 5470 833 1397 5471 950 1398 5472 951 1398 5473 952 1398 5474 579 1399 5475 951 1399 5476 576 1399 5477 952 1400 5478 951 1400 5479 946 1400 5480 576 1401 5481 951 1401 5482 950 1401 5483 944 1402 5484 953 1402 5485 945 1402 5486 945 1403 5487 953 1403 5488 954 1403 5489 954 1404 5490 953 1404 5491 955 1404 5492 806 1405 5493 956 1405 5494 807 1405 5495 806 1406 5496 957 1406 5497 956 1406 5498 948 1407 5499 957 1407 5500 806 1407 5501 953 1408 5502 958 1408 5503 955 1408 5504 955 1409 5505 958 1409 5506 959 1409 5507 951 1410 5508 960 1410 5509 946 1410 5510 946 1411 5511 960 1411 5512 944 1411 5513 579 1412 5514 960 1412 5515 951 1412 5516 582 1413 5517 960 1413 5518 579 1413 5519 807 1414 5520 961 1414 5521 813 1414 5522 956 1415 5523 961 1415 5524 807 1415 5525 957 1416 5526 962 1416 5527 956 1416 5528 956 1417 5529 962 1417 5530 961 1417 5531 960 1418 5532 963 1418 5533 944 1418 5534 595 1419 5535 593 1419 5536 964 1419 5537 582 1420 5538 963 1420 5539 960 1420 5540 944 1421 5541 963 1421 5542 953 1421 5543 587 1422 5544 963 1422 5545 582 1422 5546 958 1423 5547 965 1423 5548 959 1423 5549 813 1424 5550 966 1424 5551 818 1424 5552 961 1425 5553 966 1425 5554 813 1425 5555 953 1426 5556 967 1426 5557 958 1426 5558 963 1427 5559 967 1427 5560 953 1427 5561 587 1428 5562 967 1428 5563 963 1428 5564 591 1429 5565 967 1429 5566 587 1429 5567 962 1430 5568 968 1430 5569 961 1430 5570 961 1431 5571 968 1431 5572 966 1431 5573 959 1432 5574 969 1432 5575 949 1432 5576 965 1433 5577 969 1433 5578 959 1433 5579 818 1434 5580 970 1434 5581 824 1434 5582 966 1435 5583 970 1435 5584 818 1435 5585 958 1436 5586 971 1436 5587 965 1436 5588 591 1437 5589 971 1437 5590 967 1437 5591 596 1438 5592 971 1438 5593 591 1438 5594 967 1439 5595 971 1439 5596 958 1439 5597 966 1440 5598 972 1440 5599 970 1440 5600 968 1441 5601 972 1441 5602 966 1441 5603 969 1442 5604 973 1442 5605 949 1442 5606 949 1443 5607 973 1443 5608 948 1443 5609 824 1444 5610 974 1444 5611 827 1444 5612 947 1445 5613 974 1445 5614 975 1445 5615 970 1446 5616 974 1446 5617 824 1446 5618 827 1447 5619 974 1447 5620 947 1447 5621 965 1448 5622 976 1448 5623 969 1448 5624 971 1449 5625 976 1449 5626 965 1449 5627 598 1450 5628 976 1450 5629 596 1450 5630 596 1451 5631 976 1451 5632 971 1451 5633 975 1452 5634 977 1452 5635 978 1452 5636 978 1453 5637 977 1453 5638 972 1453 5639 972 1454 5640 977 1454 5641 970 1454 5642 974 1455 5643 977 1455 5644 975 1455 5645 970 1456 5646 977 1456 5647 974 1456 5648 957 1457 5649 979 1457 5650 962 1457 5651 973 1458 5652 979 1458 5653 948 1458 5654 948 1459 5655 979 1459 5656 957 1459 5657 574 1460 5658 980 1460 5659 598 1460 5660 969 1461 5661 980 1461 5662 973 1461 5663 976 1462 5664 980 1462 5665 969 1462 5666 598 1463 5667 980 1463 5668 976 1463 5669 979 1464 5670 981 1464 5671 962 1464 5672 973 1465 5673 982 1465 5674 979 1465 5675 573 1466 5676 982 1466 5677 574 1466 5678 980 1467 5679 982 1467 5680 973 1467 5681 574 1468 5682 982 1468 5683 980 1468 5684 981 1469 5685 983 1469 5686 962 1469 5687 962 1470 5688 983 1470 5689 968 1470 5690 581 1471 5691 984 1471 5692 573 1471 5693 573 1472 5694 984 1472 5695 982 1472 5696 982 1473 5697 984 1473 5698 979 1473 5699 979 1474 5700 984 1474 5701 981 1474 5702 983 1475 5703 985 1475 5704 968 1475 5705 968 1476 5706 985 1476 5707 972 1476 5708 972 1477 5709 985 1477 5710 978 1477 5711 981 1478 5712 986 1478 5713 983 1478 5714 584 1479 5715 986 1479 5716 581 1479 5717 581 1480 5718 986 1480 5719 984 1480 5720 984 1481 5721 986 1481 5722 981 1481 5723 987 1482 5724 988 1482 5725 964 1482 5726 978 1483 5727 988 1483 5728 987 1483 5729 985 1484 5730 988 1484 5731 978 1484 5732 983 1485 5733 989 1485 5734 985 1485 5735 592 1486 5736 989 1486 5737 588 1486 5738 588 1487 5739 989 1487 5740 584 1487 5741 986 1488 5742 989 1488 5743 983 1488 5744 584 1489 5745 989 1489 5746 986 1489 5747 964 1490 5748 990 1490 5749 595 1490 5750 595 1491 5751 990 1491 5752 592 1491 5753 989 1492 5754 990 1492 5755 985 1492 5756 592 1493 5757 990 1493 5758 989 1493 5759 988 1494 5760 990 1494 5761 964 1494 5762 985 1495 5763 990 1495 5764 988 1495 5765 827 1496 5766 947 1496 5767 831 1496 5768 975 1497 5769 991 1497 5770 947 1497 5771 828 1498 5772 991 1498 5773 826 1498 5774 947 1499 5775 991 1499 5776 828 1499 5777 978 1500 5778 992 1500 5779 975 1500 5780 975 1501 5781 992 1501 5782 991 1501 5783 826 1502 5784 993 1502 5785 822 1502 5786 991 1503 5787 993 1503 5788 826 1503 5789 992 1504 5790 994 1504 5791 991 1504 5792 991 1505 5793 994 1505 5794 993 1505 5795 978 1506 5796 994 1506 5797 992 1506 5798 822 1507 5799 995 1507 5800 819 1507 5801 993 1508 5802 995 1508 5803 822 1508 5804 994 1509 5805 996 1509 5806 993 1509 5807 993 1510 5808 996 1510 5809 995 1510 5810 815 1511 5811 997 1511 5812 808 1511 5813 819 1512 5814 997 1512 5815 815 1512 5816 995 1513 5817 997 1513 5818 819 1513 5819 996 1514 5820 998 1514 5821 995 1514 5822 995 1515 5823 998 1515 5824 997 1515 5825 808 1516 5826 999 1516 5827 804 1516 5828 997 1517 5829 999 1517 5830 808 1517 5831 998 1518 5832 1000 1518 5833 997 1518 5834 997 1519 5835 1000 1519 5836 999 1519 5837 804 1520 5838 1001 1520 5839 805 1520 5840 999 1521 5841 1001 1521 5842 804 1521 5843 999 1522 5844 1002 1522 5845 1001 1522 5846 1000 1523 5847 1002 1523 5848 999 1523 5849 964 1524 5850 1003 1524 5851 987 1524 5852 987 1525 5853 1003 1525 5854 978 1525 5855 593 1526 5856 1003 1526 5857 964 1526 5858 590 1527 5859 1003 1527 5860 593 1527 5861 834 1528 5862 1004 1528 5863 832 1528 5864 805 1529 5865 1004 1529 5866 834 1529 5867 1001 1530 5868 1004 1530 5869 805 1530 5870 978 1531 5871 1005 1531 5872 994 1531 5873 586 1532 5874 1005 1532 5875 590 1532 5876 1003 1533 5877 1005 1533 5878 978 1533 5879 590 1534 5880 1005 1534 5881 1003 1534 5882 1001 1535 5883 1006 1535 5884 1004 1535 5885 1002 1536 5886 1006 1536 5887 1001 1536 5888 586 1537 5889 1007 1537 5890 1005 1537 5891 1005 1538 5892 1007 1538 5893 994 1538 5894 994 1539 5895 1007 1539 5896 996 1539 5897 583 1540 5898 1007 1540 5899 586 1540 5900 830 1541 5901 1008 1541 5902 829 1541 5903 832 1542 5904 1008 1542 5905 830 1542 5906 1004 1543 5907 1008 1543 5908 832 1543 5909 1007 1544 5910 1009 1544 5911 996 1544 5912 996 1545 5913 1009 1545 5914 998 1545 5915 583 1546 5916 1009 1546 5917 1007 1546 5918 1004 1547 5919 1010 1547 5920 1008 1547 5921 1006 1548 5922 1010 1548 5923 1004 1548 5924 998 1549 5925 1011 1549 5926 1000 1549 5927 1009 1550 5928 1011 1550 5929 998 1550 5930 829 1551 5931 1012 1551 5932 823 1551 5933 1008 1552 5934 1012 1552 5935 829 1552 5936 1008 1553 5937 1013 1553 5938 1012 1553 5939 1010 1554 5940 1013 1554 5941 1008 1554 5942 823 1555 5943 1014 1555 5944 817 1555 5945 1012 1556 5946 1014 1556 5947 823 1556 5948 1000 1557 5949 1015 1557 5950 1002 1557 5951 1011 1558 5952 1015 1558 5953 1000 1558 5954 1013 1559 5955 1016 1559 5956 1012 1559 5957 1012 1560 5958 1016 1560 5959 1014 1560 5960 575 1561 5961 1017 1561 5962 583 1561 5963 1009 1562 5964 1017 1562 5965 1011 1562 5966 583 1563 5967 1017 1563 5968 1009 1563 5969 814 1564 5970 1018 1564 5971 811 1564 5972 817 1565 5973 1018 1565 5974 814 1565 5975 1014 1566 5976 1018 1566 5977 817 1566 5978 1002 1567 5979 1019 1567 5980 1006 1567 5981 1015 1568 5982 1019 1568 5983 1002 1568 5984 1018 1569 5985 1020 1569 5986 811 1569 5987 1014 1570 5988 1020 1570 5989 1018 1570 5990 1016 1571 5991 1020 1571 5992 1014 1571 5993 575 1572 5994 1021 1572 5995 1017 1572 5996 1011 1573 5997 1021 1573 5998 1015 1573 5999 572 1574 6000 1021 1574 6001 571 1574 6002 571 1575 6003 1021 1575 6004 575 1575 6005 1017 1576 6006 1021 1576 6007 1011 1576 6008 811 1577 6009 1022 1577 6010 810 1577 6011 1020 1578 6012 1022 1578 6013 811 1578 6014 1019 1579 6015 1023 1579 6016 1006 1579 6017 1006 1580 6018 1023 1580 6019 1010 1580 6020 1010 1581 6021 1023 1581 6022 1013 1581 6023 1015 1582 6024 1024 1582 6025 1019 1582 6026 572 1583 6027 1024 1583 6028 1021 1583 6029 1021 1584 6030 1024 1584 6031 1015 1584 6032 597 1585 6033 1024 1585 6034 572 1585 6035 810 1586 6036 1025 1586 6037 809 1586 6038 1022 1587 6039 1025 1587 6040 810 1587 6041 1023 1588 6042 1026 1588 6043 1013 1588 6044 1025 1589 6045 1027 1589 6046 809 1589 6047 1019 1590 6048 1028 1590 6049 1023 1590 6050 597 1591 6051 1028 1591 6052 1024 1591 6053 594 1592 6054 1028 1592 6055 597 1592 6056 1024 1593 6057 1028 1593 6058 1019 1593 6059 1013 1594 6060 1029 1594 6061 1016 1594 6062 1026 1595 6063 1029 1595 6064 1013 1595 6065 809 1596 6066 943 1596 6067 812 1596 6068 1027 1597 6069 943 1597 6070 809 1597 6071 1023 1598 6072 1030 1598 6073 1026 1598 6074 1028 1599 6075 1030 1599 6076 1023 1599 6077 594 1600 6078 1030 1600 6079 1028 1600 6080 589 1601 6081 1030 1601 6082 594 1601 6083 1016 1602 6084 1031 1602 6085 1020 1602 6086 1029 1603 6087 1031 1603 6088 1016 1603 6089 812 1604 6090 945 1604 6091 816 1604 6092 943 1605 6093 945 1605 6094 812 1605 6095 1020 1606 6096 1032 1606 6097 1022 1606 6098 1031 1607 6099 1032 1607 6100 1020 1607 6101 1026 1608 6102 1033 1608 6103 1029 1608 6104 1030 1609 6105 1033 1609 6106 1026 1609 6107 589 1610 6108 1033 1610 6109 1030 1610 6110 585 1611 6111 1033 1611 6112 589 1611 6113 816 1612 6114 954 1612 6115 821 1612 6116 945 1613 6117 954 1613 6118 816 1613 6119 1022 1614 6120 1034 1614 6121 1025 1614 6122 1032 1615 6123 1034 1615 6124 1022 1615 6125 1029 1616 6126 1035 1616 6127 1031 1616 6128 1033 1617 6129 1035 1617 6130 1029 1617 6131 580 1618 6132 1035 1618 6133 585 1618 6134 585 1619 6135 1035 1619 6136 1033 1619 6137 821 1620 6138 955 1620 6139 820 1620 6140 954 1621 6141 955 1621 6142 821 1621 6143 1031 1622 6144 1036 1622 6145 1032 1622 6146 578 1623 6147 1036 1623 6148 580 1623 6149 1035 1624 6150 1036 1624 6151 1031 1624 6152 580 1625 6153 1036 1625 6154 1035 1625 6155 1025 1626 6156 952 1626 6157 1027 1626 6158 1034 1627 6159 952 1627 6160 1025 1627 6161 820 1628 6162 959 1628 6163 825 1628 6164 955 1629 6165 959 1629 6166 820 1629 6167 577 1630 6168 1037 1630 6169 578 1630 6170 1036 1631 6171 1037 1631 6172 1032 1631 6173 578 1632 6174 1037 1632 6175 1036 1632 6176 1032 1633 6177 1037 1633 6178 1034 1633 6179 1027 1634 6180 946 1634 6181 943 1634 6182 952 1635 6183 946 1635 6184 1027 1635 6185 825 1636 6186 949 1636 6187 833 1636 6188 959 1637 6189 949 1637 6190 825 1637 6191 576 1638 6192 950 1638 6193 577 1638 6194 1034 1639 6195 950 1639 6196 952 1639 6197 577 1640 6198 950 1640 6199 1037 1640 6200 1037 1641 6201 950 1641 6202 1034 1641 6203 1038 1642 6204 1039 1642 6205 1040 1642 6206 1038 1643 6207 1040 1643 6208 1041 1643 6209 1042 1644 6210 1041 1644 6211 1043 1644 6212 1042 1644 6213 1038 1644 6214 1041 1644 6215 1044 1645 6216 1045 1645 6217 1046 1645 6218 1044 1646 6219 1046 1646 6220 1047 1646 6221 1048 1020 6222 1043 1020 6223 1049 1020 6224 1048 1020 6225 1042 1020 6226 1043 1020 6227 1050 1647 6228 1047 1647 6229 1051 1647 6230 1052 1648 6231 1049 1648 6232 1053 1648 6233 1050 1649 6234 1044 1649 6235 1047 1649 6236 1052 1650 6237 1048 1650 6238 1049 1650 6239 1054 1651 6240 1051 1651 6241 1055 1651 6242 1056 1652 6243 1053 1652 6244 1057 1652 6245 1054 1651 6246 1050 1651 6247 1051 1651 6248 1056 1653 6249 1052 1653 6250 1053 1653 6251 1058 1654 6252 1055 1654 6253 1059 1654 6254 1060 1655 6255 1057 1655 6256 1061 1655 6257 1058 1656 6258 1054 1656 6259 1055 1656 6260 1060 1657 6261 1056 1657 6262 1057 1657 6263 1062 1658 6264 1059 1658 6265 1063 1658 6266 1064 1659 6267 1061 1659 6268 1065 1659 6269 1062 1660 6270 1058 1660 6271 1059 1660 6272 1064 1659 6273 1060 1659 6274 1061 1659 6275 1066 1661 6276 1065 1661 6277 1067 1661 6278 1066 1662 6279 1064 1662 6280 1065 1662 6281 1068 1663 6282 1063 1663 6283 1069 1663 6284 1045 1664 6285 1067 1664 6286 1046 1664 6287 1068 1665 6288 1062 1665 6289 1063 1665 6290 1045 1666 6291 1066 1666 6292 1067 1666 6293 1070 1043 6294 1069 1043 6295 1071 1043 6296 1070 1043 6297 1068 1043 6298 1069 1043 6299 1072 1667 6300 1071 1667 6301 1073 1667 6302 1072 1667 6303 1070 1667 6304 1071 1667 6305 1074 1668 6306 1073 1668 6307 1075 1668 6308 1074 1669 6309 1072 1669 6310 1073 1669 6311 1076 1670 6312 1075 1670 6313 1077 1670 6314 1076 1671 6315 1074 1671 6316 1075 1671 6317 1078 1672 6318 1076 1672 6319 1077 1672 6320 1078 1672 6321 1077 1672 6322 1079 1672 6323 1080 1673 6324 1078 1673 6325 1079 1673 6326 1080 1673 6327 1079 1673 6328 1081 1673 6329 1082 1674 6330 1080 1674 6331 1081 1674 6332 1082 1675 6333 1081 1675 6334 1083 1675 6335 1084 1676 6336 1082 1676 6337 1083 1676 6338 1084 1677 6339 1083 1677 6340 1085 1677 6341 1086 1678 6342 1084 1678 6343 1085 1678 6344 1086 1678 6345 1085 1678 6346 1087 1678 6347 1088 1679 6348 1086 1679 6349 1087 1679 6350 1088 1679 6351 1087 1679 6352 1089 1679 6353 1039 1680 6354 1088 1680 6355 1089 1680 6356 1039 1681 6357 1089 1681 6358 1040 1681 6359 1090 1682 6360 1079 1682 6361 1091 1682 6362 1090 1683 6363 1081 1683 6364 1079 1683 6365 1092 1684 6366 1093 1684 6367 1053 1684 6368 1092 1685 6369 1053 1685 6370 1049 1685 6371 1094 1686 6372 1081 1686 6373 1090 1686 6374 1055 1687 6375 1095 1687 6376 1096 1687 6377 1059 1688 6378 1096 1688 6379 1097 1688 6380 1059 1689 6381 1055 1689 6382 1096 1689 6383 1051 1690 6384 1098 1690 6385 1095 1690 6386 1051 1691 6387 1095 1691 6388 1055 1691 6389 1063 1692 6390 1097 1692 6391 1099 1692 6392 1100 1693 6393 1092 1693 6394 1049 1693 6395 1063 1694 6396 1059 1694 6397 1097 1694 6398 1047 1695 6399 1101 1695 6400 1098 1695 6401 1047 1696 6402 1098 1696 6403 1051 1696 6404 1102 1697 6405 1083 1697 6406 1081 1697 6407 1102 1698 6408 1081 1698 6409 1094 1698 6410 1103 1699 6411 1049 1699 6412 1043 1699 6413 1069 1700 6414 1099 1700 6415 1104 1700 6416 1103 1701 6417 1100 1701 6418 1049 1701 6419 1069 1702 6420 1063 1702 6421 1099 1702 6422 1105 1703 6423 1083 1703 6424 1102 1703 6425 1046 1704 6426 1106 1704 6427 1101 1704 6428 1105 1705 6429 1085 1705 6430 1083 1705 6431 1046 1706 6432 1101 1706 6433 1047 1706 6434 1107 1707 6435 1043 1707 6436 1041 1707 6437 1107 1708 6438 1103 1708 6439 1043 1708 6440 1071 1709 6441 1104 1709 6442 1108 1709 6443 1109 1710 6444 1085 1710 6445 1105 1710 6446 1071 1711 6447 1069 1711 6448 1104 1711 6449 1109 1712 6450 1087 1712 6451 1085 1712 6452 1067 1713 6453 1110 1713 6454 1106 1713 6455 1111 1714 6456 1041 1714 6457 1040 1714 6458 1067 1715 6459 1106 1715 6460 1046 1715 6461 1111 1716 6462 1107 1716 6463 1041 1716 6464 1112 1717 6465 1089 1717 6466 1087 1717 6467 1112 1718 6468 1087 1718 6469 1109 1718 6470 1073 1719 6471 1108 1719 6472 1113 1719 6473 1114 1720 6474 1111 1720 6475 1040 1720 6476 1114 1721 6477 1040 1721 6478 1089 1721 6479 1114 1722 6480 1089 1722 6481 1112 1722 6482 1073 1723 6483 1071 1723 6484 1108 1723 6485 1065 1724 6486 1115 1724 6487 1110 1724 6488 1065 1725 6489 1110 1725 6490 1067 1725 6491 1075 1726 6492 1113 1726 6493 1116 1726 6494 1075 1727 6495 1073 1727 6496 1113 1727 6497 1061 1728 6498 1115 1728 6499 1065 1728 6500 1117 1729 6501 1115 1729 6502 1061 1729 6503 1077 1730 6504 1075 1730 6505 1116 1730 6506 1091 1731 6507 1077 1731 6508 1116 1731 6509 1057 1732 6510 1117 1732 6511 1061 1732 6512 1079 1733 6513 1077 1733 6514 1091 1733 6515 1093 1734 6516 1117 1734 6517 1057 1734 6518 1053 1735 6519 1093 1735 6520 1057 1735 6521 1118 99 6522 1054 99 6523 1119 99 6524 1119 1736 6525 1054 1736 6526 1120 1736 6527 1120 99 6528 1054 99 6529 1121 99 6530 1054 99 6531 1058 99 6532 1121 99 6533 1121 99 6534 1058 99 6535 1122 99 6536 1122 1737 6537 1058 1737 6538 1123 1737 6539 1123 99 6540 1058 99 6541 1124 99 6542 1125 1738 6543 1050 1738 6544 1126 1738 6545 1126 1739 6546 1050 1739 6547 1127 1739 6548 1127 99 6549 1050 99 6550 1128 99 6551 1128 1740 6552 1050 1740 6553 1118 1740 6554 1118 1741 6555 1050 1741 6556 1054 1741 6557 1124 99 6558 1062 99 6559 1129 99 6560 1129 99 6561 1062 99 6562 1130 99 6563 1130 1742 6564 1062 1742 6565 1131 1742 6566 1131 99 6567 1062 99 6568 1132 99 6569 1058 99 6570 1062 99 6571 1124 99 6572 1133 1743 6573 1044 1743 6574 1134 1743 6575 1134 1744 6576 1044 1744 6577 1125 1744 6578 1125 99 6579 1044 99 6580 1050 99 6581 1062 99 6582 1068 99 6583 1132 99 6584 1132 99 6585 1068 99 6586 1135 99 6587 1135 99 6588 1068 99 6589 1136 99 6590 1137 1745 6591 1045 1745 6592 1138 1745 6593 1138 99 6594 1045 99 6595 1139 99 6596 1139 99 6597 1045 99 6598 1140 99 6599 1140 99 6600 1045 99 6601 1133 99 6602 1133 99 6603 1045 99 6604 1044 99 6605 1136 99 6606 1070 99 6607 1141 99 6608 1068 99 6609 1070 99 6610 1136 99 6611 1141 99 6612 1070 99 6613 1142 99 6614 1143 99 6615 1066 99 6616 1144 99 6617 1144 99 6618 1066 99 6619 1145 99 6620 1145 99 6621 1066 99 6622 1137 99 6623 1137 99 6624 1066 99 6625 1045 99 6626 1142 1746 6627 1072 1746 6628 1146 1746 6629 1146 99 6630 1072 99 6631 1147 99 6632 1147 99 6633 1072 99 6634 1148 99 6635 1070 1747 6636 1072 1747 6637 1142 1747 6638 1149 99 6639 1064 99 6640 1150 99 6641 1150 1748 6642 1064 1748 6643 1151 1748 6644 1151 99 6645 1064 99 6646 1143 99 6647 1143 99 6648 1064 99 6649 1066 99 6650 1148 99 6651 1074 99 6652 1152 99 6653 1152 99 6654 1074 99 6655 1153 99 6656 1072 99 6657 1074 99 6658 1148 99 6659 1074 1749 6660 1154 1749 6661 1153 1749 6662 1155 1750 6663 1060 1750 6664 1149 1750 6665 1149 99 6666 1060 99 6667 1064 99 6668 1155 1751 6669 1156 1751 6670 1060 1751 6671 1156 99 6672 1157 99 6673 1060 99 6674 1074 1752 6675 1076 1752 6676 1154 1752 6677 1154 99 6678 1076 99 6679 1158 99 6680 1076 1753 6681 1159 1753 6682 1158 1753 6683 1157 1754 6684 1056 1754 6685 1060 1754 6686 1076 1755 6687 1160 1755 6688 1159 1755 6689 1078 1756 6690 1160 1756 6691 1076 1756 6692 1078 1757 6693 1161 1757 6694 1160 1757 6695 1157 99 6696 1162 99 6697 1056 99 6698 1162 99 6699 1163 99 6700 1056 99 6701 1163 99 6702 1164 99 6703 1056 99 6704 1056 1758 6705 1164 1758 6706 1052 1758 6707 1078 99 6708 1165 99 6709 1161 99 6710 1078 99 6711 1166 99 6712 1165 99 6713 1164 99 6714 1167 99 6715 1052 99 6716 1167 99 6717 1168 99 6718 1052 99 6719 1078 99 6720 1169 99 6721 1166 99 6722 1080 1759 6723 1169 1759 6724 1078 1759 6725 1080 1760 6726 1170 1760 6727 1169 1760 6728 1168 1761 6729 1171 1761 6730 1052 1761 6731 1052 99 6732 1171 99 6733 1048 99 6734 1080 99 6735 1172 99 6736 1170 99 6737 1171 1762 6738 1173 1762 6739 1048 1762 6740 1080 99 6741 1174 99 6742 1172 99 6743 1082 99 6744 1174 99 6745 1080 99 6746 1173 1763 6747 1175 1763 6748 1048 1763 6749 1048 99 6750 1175 99 6751 1042 99 6752 1082 99 6753 1176 99 6754 1174 99 6755 1082 1764 6756 1177 1764 6757 1176 1764 6758 1175 1765 6759 1178 1765 6760 1042 1765 6761 1082 99 6762 1179 99 6763 1177 99 6764 1084 99 6765 1179 99 6766 1082 99 6767 1178 99 6768 1180 99 6769 1042 99 6770 1042 99 6771 1180 99 6772 1038 99 6773 1084 99 6774 1181 99 6775 1179 99 6776 1084 99 6777 1182 99 6778 1181 99 6779 1180 1766 6780 1183 1766 6781 1038 1766 6782 1084 1767 6783 1184 1767 6784 1182 1767 6785 1183 1768 6786 1185 1768 6787 1038 1768 6788 1084 1769 6789 1186 1769 6790 1184 1769 6791 1086 99 6792 1186 99 6793 1084 99 6794 1086 1770 6795 1187 1770 6796 1186 1770 6797 1185 99 6798 1188 99 6799 1038 99 6800 1038 99 6801 1188 99 6802 1039 99 6803 1188 99 6804 1189 99 6805 1039 99 6806 1086 99 6807 1190 99 6808 1187 99 6809 1039 99 6810 1191 99 6811 1088 99 6812 1189 99 6813 1191 99 6814 1039 99 6815 1088 1771 6816 1192 1771 6817 1086 1771 6818 1086 1772 6819 1192 1772 6820 1190 1772 6821 1088 1773 6822 1193 1773 6823 1192 1773 6824 1191 99 6825 1194 99 6826 1088 99 6827 1088 1774 6828 1194 1774 6829 1193 1774 6830 1195 1775 6831 1196 1775 6832 1197 1775 6833 1195 1776 6834 1197 1776 6835 1198 1776 6836 1195 148 6837 1198 148 6838 1199 148 6839 1195 1777 6840 1199 1777 6841 1200 1777 6842 1201 148 6843 1195 148 6844 1200 148 6845 1201 1778 6846 1200 1778 6847 1202 1778 6848 1201 1779 6849 1202 1779 6850 1203 1779 6851 1201 1780 6852 1203 1780 6853 1204 1780 6854 1205 148 6855 1206 148 6856 1207 148 6857 1205 148 6858 1207 148 6859 1208 148 6860 1205 1781 6861 1208 1781 6862 1196 1781 6863 1205 148 6864 1196 148 6865 1195 148 6866 1209 1782 6867 1201 1782 6868 1204 1782 6869 1209 1783 6870 1204 1783 6871 1210 1783 6872 1209 1784 6873 1210 1784 6874 1211 1784 6875 1212 1785 6876 1213 1785 6877 1214 1785 6878 1212 1786 6879 1214 1786 6880 1215 1786 6881 1212 148 6882 1215 148 6883 1206 148 6884 1212 148 6885 1206 148 6886 1205 148 6887 1216 1787 6888 1211 1787 6889 1217 1787 6890 1216 1788 6891 1217 1788 6892 1218 1788 6893 1216 1789 6894 1218 1789 6895 1219 1789 6896 1216 148 6897 1209 148 6898 1211 148 6899 1220 1790 6900 1213 1790 6901 1212 1790 6902 1220 1791 6903 1221 1791 6904 1222 1791 6905 1220 148 6906 1222 148 6907 1223 148 6908 1220 148 6909 1223 148 6910 1213 148 6911 1224 1792 6912 1219 1792 6913 1225 1792 6914 1224 1793 6915 1225 1793 6916 1226 1793 6917 1224 1794 6918 1226 1794 6919 1227 1794 6920 1224 1795 6921 1216 1795 6922 1219 1795 6923 1228 148 6924 1229 148 6925 1230 148 6926 1228 1796 6927 1230 1796 6928 1231 1796 6929 1228 1797 6930 1231 1797 6931 1221 1797 6932 1228 1798 6933 1221 1798 6934 1220 1798 6935 1232 148 6936 1224 148 6937 1227 148 6938 1232 1799 6939 1227 1799 6940 1233 1799 6941 1232 1800 6942 1233 1800 6943 1234 1800 6944 1232 1801 6945 1234 1801 6946 1235 1801 6947 1236 1802 6948 1237 1802 6949 1238 1802 6950 1236 148 6951 1238 148 6952 1229 148 6953 1236 1803 6954 1229 1803 6955 1228 1803 6956 1239 148 6957 1232 148 6958 1235 148 6959 1239 1804 6960 1235 1804 6961 1240 1804 6962 1239 1805 6963 1240 1805 6964 1241 1805 6965 1239 1806 6966 1241 1806 6967 1242 1806 6968 1243 148 6969 1244 148 6970 1237 148 6971 1243 148 6972 1237 148 6973 1236 148 6974 1245 148 6975 1244 148 6976 1243 148 6977 1246 1807 6978 1245 1807 6979 1243 1807 6980 1247 1808 6981 1242 1808 6982 1248 1808 6983 1247 1809 6984 1239 1809 6985 1242 1809 6986 1249 1810 6987 1247 1810 6988 1248 1810 6989 1250 148 6990 1246 148 6991 1243 148 6992 1251 148 6993 1246 148 6994 1250 148 6995 1252 148 6996 1247 148 6997 1249 148 6998 1253 148 6999 1247 148 7000 1252 148 7001 1254 1811 7002 1251 1811 7003 1250 1811 7004 1255 148 7005 1253 148 7006 1252 148 7007 1256 148 7008 1253 148 7009 1255 148 7010 1257 1812 7011 1254 1812 7012 1250 1812 7013 1257 1813 7014 1250 1813 7015 1258 1813 7016 1259 148 7017 1257 148 7018 1258 148 7019 1260 148 7020 1259 148 7021 1258 148 7022 1261 148 7023 1253 148 7024 1256 148 7025 1261 1814 7026 1262 1814 7027 1253 1814 7028 1263 148 7029 1262 148 7030 1261 148 7031 1264 148 7032 1260 148 7033 1258 148 7034 1264 148 7035 1258 148 7036 1265 148 7037 1266 148 7038 1262 148 7039 1263 148 7040 1267 148 7041 1264 148 7042 1265 148 7043 1268 148 7044 1262 148 7045 1266 148 7046 1269 1815 7047 1270 1815 7048 1262 1815 7049 1269 148 7050 1262 148 7051 1268 148 7052 1271 148 7053 1267 148 7054 1265 148 7055 1272 148 7056 1270 148 7057 1269 148 7058 1273 1816 7059 1270 1816 7060 1272 1816 7061 1274 1817 7062 1271 1817 7063 1265 1817 7064 1274 1818 7065 1265 1818 7066 1275 1818 7067 1276 148 7068 1274 148 7069 1275 148 7070 1277 1819 7071 1270 1819 7072 1273 1819 7073 1277 1820 7074 1278 1820 7075 1270 1820 7076 1279 148 7077 1276 148 7078 1275 148 7079 1279 1821 7080 1275 1821 7081 1280 1821 7082 1281 1822 7083 1278 1822 7084 1277 1822 7085 1282 1823 7086 1278 1823 7087 1281 1823 7088 1283 148 7089 1279 148 7090 1280 148 7091 1284 148 7092 1278 148 7093 1282 148 7094 1284 148 7095 1285 148 7096 1278 148 7097 1286 148 7098 1283 148 7099 1280 148 7100 1287 148 7101 1286 148 7102 1280 148 7103 1287 1824 7104 1280 1824 7105 1288 1824 7106 1289 148 7107 1285 148 7108 1284 148 7109 1290 148 7110 1285 148 7111 1289 148 7112 1291 148 7113 1287 148 7114 1288 148 7115 1292 1825 7116 1291 1825 7117 1288 1825 7118 1293 1826 7119 1294 1826 7120 1285 1826 7121 1293 148 7122 1285 148 7123 1290 148 7124 1295 1827 7125 1294 1827 7126 1293 1827 7127 1296 1828 7128 1294 1828 7129 1295 1828 7130 1296 1829 7131 1288 1829 7132 1294 1829 7133 1296 148 7134 1292 148 7135 1288 148 7136 1232 1830 7137 1297 1830 7138 1298 1830 7139 1232 1830 7140 1239 1830 7141 1297 1830 7142 1224 1831 7143 1298 1831 7144 1299 1831 7145 1224 1832 7146 1232 1832 7147 1298 1832 7148 1228 1833 7149 1300 1833 7150 1301 1833 7151 1216 1834 7152 1299 1834 7153 1302 1834 7154 1228 1835 7155 1220 1835 7156 1300 1835 7157 1216 1836 7158 1224 1836 7159 1299 1836 7160 1236 1837 7161 1301 1837 7162 1303 1837 7163 1209 1838 7164 1302 1838 7165 1304 1838 7166 1236 1839 7167 1228 1839 7168 1301 1839 7169 1209 1838 7170 1216 1838 7171 1302 1838 7172 1243 1840 7173 1303 1840 7174 1305 1840 7175 1201 1841 7176 1304 1841 7177 1306 1841 7178 1243 1842 7179 1236 1842 7180 1303 1842 7181 1201 1843 7182 1209 1843 7183 1304 1843 7184 1250 1844 7185 1305 1844 7186 1307 1844 7187 1195 1845 7188 1306 1845 7189 1308 1845 7190 1250 1846 7191 1243 1846 7192 1305 1846 7193 1195 1847 7194 1201 1847 7195 1306 1847 7196 1258 1848 7197 1307 1848 7198 1309 1848 7199 1205 1849 7200 1308 1849 7201 1310 1849 7202 1258 1850 7203 1250 1850 7204 1307 1850 7205 1205 1851 7206 1195 1851 7207 1308 1851 7208 1212 1852 7209 1311 1852 7210 1300 1852 7211 1212 1853 7212 1310 1853 7213 1311 1853 7214 1212 1853 7215 1205 1853 7216 1310 1853 7217 1265 1854 7218 1309 1854 7219 1312 1854 7220 1220 1855 7221 1212 1855 7222 1300 1855 7223 1265 1856 7224 1258 1856 7225 1309 1856 7226 1275 1857 7227 1312 1857 7228 1313 1857 7229 1275 1858 7230 1265 1858 7231 1312 1858 7232 1280 1859 7233 1313 1859 7234 1314 1859 7235 1280 1859 7236 1275 1859 7237 1313 1859 7238 1288 1860 7239 1314 1860 7240 1315 1860 7241 1288 1860 7242 1280 1860 7243 1314 1860 7244 1294 1861 7245 1315 1861 7246 1316 1861 7247 1294 1861 7248 1288 1861 7249 1315 1861 7250 1285 1862 7251 1294 1862 7252 1316 1862 7253 1285 1863 7254 1316 1863 7255 1317 1863 7256 1278 1864 7257 1285 1864 7258 1317 1864 7259 1278 1864 7260 1317 1864 7261 1318 1864 7262 1270 1865 7263 1278 1865 7264 1318 1865 7265 1270 1866 7266 1318 1866 7267 1319 1866 7268 1262 1867 7269 1319 1867 7270 1320 1867 7271 1262 1868 7272 1270 1868 7273 1319 1868 7274 1253 1869 7275 1320 1869 7276 1321 1869 7277 1253 1870 7278 1262 1870 7279 1320 1870 7280 1247 1871 7281 1321 1871 7282 1322 1871 7283 1247 1872 7284 1253 1872 7285 1321 1872 7286 1239 1873 7287 1322 1873 7288 1297 1873 7289 1239 1874 7290 1247 1874 7291 1322 1874 7292 1321 99 7293 1323 99 7294 1324 99 7295 1320 99 7296 1323 99 7297 1321 99 7298 1325 99 7299 1326 99 7300 1307 99 7301 1307 1875 7302 1326 1875 7303 1309 1875 7304 1320 1876 7305 1327 1876 7306 1323 1876 7307 1328 99 7308 1308 99 7309 1329 99 7310 1329 99 7311 1306 99 7312 1330 99 7313 1308 1877 7314 1306 1877 7315 1329 1877 7316 1331 1067 7317 1310 1067 7318 1328 1067 7319 1328 1878 7320 1310 1878 7321 1308 1878 7322 1326 1879 7323 1332 1879 7324 1309 1879 7325 1330 99 7326 1304 99 7327 1333 99 7328 1309 99 7329 1332 99 7330 1312 99 7331 1306 99 7332 1304 99 7333 1330 99 7334 1319 1880 7335 1334 1880 7336 1320 1880 7337 1320 99 7338 1334 99 7339 1327 99 7340 1335 99 7341 1311 99 7342 1331 99 7343 1331 99 7344 1311 99 7345 1310 99 7346 1333 99 7347 1302 99 7348 1336 99 7349 1312 1881 7350 1337 1881 7351 1313 1881 7352 1332 99 7353 1337 99 7354 1312 99 7355 1304 99 7356 1302 99 7357 1333 99 7358 1319 1882 7359 1338 1882 7360 1334 1882 7361 1318 1883 7362 1338 1883 7363 1319 1883 7364 1339 1884 7365 1300 1884 7366 1340 1884 7367 1340 99 7368 1300 99 7369 1335 99 7370 1335 1885 7371 1300 1885 7372 1311 1885 7373 1317 99 7374 1341 99 7375 1318 99 7376 1336 1886 7377 1299 1886 7378 1342 1886 7379 1318 99 7380 1341 99 7381 1338 99 7382 1302 1887 7383 1299 1887 7384 1336 1887 7385 1313 99 7386 1343 99 7387 1314 99 7388 1337 1888 7389 1343 1888 7390 1313 1888 7391 1344 1889 7392 1301 1889 7393 1339 1889 7394 1317 99 7395 1345 99 7396 1341 99 7397 1339 99 7398 1301 99 7399 1300 99 7400 1314 99 7401 1346 99 7402 1315 99 7403 1343 99 7404 1346 99 7405 1314 99 7406 1317 99 7407 1347 99 7408 1345 99 7409 1342 99 7410 1298 99 7411 1348 99 7412 1316 99 7413 1347 99 7414 1317 99 7415 1348 1890 7416 1298 1890 7417 1349 1890 7418 1299 99 7419 1298 99 7420 1342 99 7421 1344 1891 7422 1303 1891 7423 1301 1891 7424 1315 99 7425 1350 99 7426 1316 99 7427 1346 99 7428 1350 99 7429 1315 99 7430 1316 99 7431 1350 99 7432 1347 99 7433 1349 99 7434 1297 99 7435 1351 99 7436 1298 99 7437 1297 99 7438 1349 99 7439 1344 1892 7440 1352 1892 7441 1303 1892 7442 1352 99 7443 1305 99 7444 1303 99 7445 1297 99 7446 1322 99 7447 1351 99 7448 1351 99 7449 1322 99 7450 1353 99 7451 1352 99 7452 1325 99 7453 1305 99 7454 1305 99 7455 1325 99 7456 1307 99 7457 1322 1893 7458 1324 1893 7459 1353 1893 7460 1321 99 7461 1324 99 7462 1322 99 7463 1296 1894 7464 1354 1894 7465 1292 1894 7466 1354 1895 7467 1355 1895 7468 1292 1895 7469 1292 1896 7470 1355 1896 7471 1291 1896 7472 1291 1897 7473 1355 1897 7474 1287 1897 7475 1287 1898 7476 1355 1898 7477 1286 1898 7478 1355 1899 7479 1356 1899 7480 1286 1899 7481 1286 1900 7482 1356 1900 7483 1283 1900 7484 1283 1901 7485 1356 1901 7486 1279 1901 7487 1356 1902 7488 1357 1902 7489 1279 1902 7490 1279 1903 7491 1357 1903 7492 1276 1903 7493 1276 1904 7494 1357 1904 7495 1274 1904 7496 1274 1905 7497 1357 1905 7498 1271 1905 7499 1357 1906 7500 1358 1906 7501 1271 1906 7502 1271 1907 7503 1358 1907 7504 1267 1907 7505 1267 1908 7506 1358 1908 7507 1264 1908 7508 1358 1909 7509 1359 1909 7510 1264 1909 7511 1264 1910 7512 1359 1910 7513 1260 1910 7514 1260 1911 7515 1359 1911 7516 1259 1911 7517 1259 1912 7518 1359 1912 7519 1257 1912 7520 1257 1913 7521 1360 1913 7522 1254 1913 7523 1254 1914 7524 1360 1914 7525 1251 1914 7526 1359 1915 7527 1360 1915 7528 1257 1915 7529 1251 1916 7530 1361 1916 7531 1246 1916 7532 1246 1917 7533 1361 1917 7534 1245 1917 7535 1245 1918 7536 1361 1918 7537 1244 1918 7538 1360 1919 7539 1361 1919 7540 1251 1919 7541 1244 1920 7542 1362 1920 7543 1237 1920 7544 1237 1921 7545 1362 1921 7546 1238 1921 7547 1238 1922 7548 1362 1922 7549 1229 1922 7550 1361 1923 7551 1362 1923 7552 1244 1923 7553 1229 1924 7554 1363 1924 7555 1230 1924 7556 1362 1925 7557 1363 1925 7558 1229 1925 7559 1230 1926 7560 1363 1926 7561 1231 1926 7562 1231 1927 7563 1363 1927 7564 1221 1927 7565 1221 1928 7566 1364 1928 7567 1222 1928 7568 1222 1929 7569 1364 1929 7570 1223 1929 7571 1223 1930 7572 1364 1930 7573 1213 1930 7574 1363 1931 7575 1364 1931 7576 1221 1931 7577 1213 1932 7578 1365 1932 7579 1214 1932 7580 1214 1933 7581 1365 1933 7582 1215 1933 7583 1364 1934 7584 1365 1934 7585 1213 1934 7586 1215 1935 7587 1366 1935 7588 1206 1935 7589 1206 1936 7590 1366 1936 7591 1207 1936 7592 1207 1937 7593 1366 1937 7594 1208 1937 7595 1365 1938 7596 1366 1938 7597 1215 1938 7598 1208 1939 7599 1367 1939 7600 1196 1939 7601 1196 1940 7602 1367 1940 7603 1197 1940 7604 1197 1941 7605 1367 1941 7606 1198 1941 7607 1366 1942 7608 1367 1942 7609 1208 1942 7610 1367 1943 7611 1368 1943 7612 1198 1943 7613 1198 1944 7614 1368 1944 7615 1199 1944 7616 1199 1945 7617 1368 1945 7618 1200 1945 7619 1368 1946 7620 1369 1946 7621 1200 1946 7622 1200 1947 7623 1369 1947 7624 1202 1947 7625 1202 1948 7626 1369 1948 7627 1203 1948 7628 1203 1949 7629 1369 1949 7630 1204 1949 7631 1369 1950 7632 1370 1950 7633 1204 1950 7634 1204 1951 7635 1370 1951 7636 1210 1951 7637 1210 1952 7638 1370 1952 7639 1211 1952 7640 1211 1953 7641 1370 1953 7642 1217 1953 7643 1370 1954 7644 1371 1954 7645 1217 1954 7646 1217 1955 7647 1371 1955 7648 1218 1955 7649 1218 1956 7650 1371 1956 7651 1219 1956 7652 1371 1957 7653 1372 1957 7654 1219 1957 7655 1219 1958 7656 1372 1958 7657 1225 1958 7658 1225 1959 7659 1372 1959 7660 1226 1959 7661 1372 1960 7662 1373 1960 7663 1226 1960 7664 1226 1961 7665 1373 1961 7666 1227 1961 7667 1227 1962 7668 1373 1962 7669 1233 1962 7670 1373 1963 7671 1374 1963 7672 1233 1963 7673 1233 1964 7674 1374 1964 7675 1234 1964 7676 1234 1965 7677 1374 1965 7678 1235 1965 7679 1235 1966 7680 1374 1966 7681 1240 1966 7682 1374 1967 7683 1375 1967 7684 1240 1967 7685 1240 1968 7686 1375 1968 7687 1241 1968 7688 1241 1969 7689 1375 1969 7690 1242 1969 7691 1375 1970 7692 1376 1970 7693 1242 1970 7694 1242 1971 7695 1376 1971 7696 1248 1971 7697 1248 1972 7698 1376 1972 7699 1249 1972 7700 1249 1973 7701 1376 1973 7702 1252 1973 7703 1376 1974 7704 1377 1974 7705 1252 1974 7706 1252 1975 7707 1377 1975 7708 1255 1975 7709 1255 1976 7710 1377 1976 7711 1256 1976 7712 1377 1977 7713 1378 1977 7714 1256 1977 7715 1256 1978 7716 1378 1978 7717 1261 1978 7718 1261 1979 7719 1378 1979 7720 1263 1979 7721 1263 1980 7722 1378 1980 7723 1266 1980 7724 1378 1981 7725 1379 1981 7726 1266 1981 7727 1266 1982 7728 1379 1982 7729 1268 1982 7730 1268 1983 7731 1379 1983 7732 1269 1983 7733 1269 1984 7734 1379 1984 7735 1272 1984 7736 1379 1985 7737 1380 1985 7738 1272 1985 7739 1272 1986 7740 1380 1986 7741 1273 1986 7742 1273 1987 7743 1380 1987 7744 1277 1987 7745 1277 1988 7746 1381 1988 7747 1281 1988 7748 1281 1989 7749 1381 1989 7750 1282 1989 7751 1282 1990 7752 1381 1990 7753 1284 1990 7754 1380 1991 7755 1381 1991 7756 1277 1991 7757 1284 1992 7758 1382 1992 7759 1289 1992 7760 1289 1993 7761 1382 1993 7762 1290 1993 7763 1381 1994 7764 1382 1994 7765 1284 1994 7766 1290 1995 7767 1383 1995 7768 1293 1995 7769 1293 1996 7770 1383 1996 7771 1295 1996 7772 1382 1997 7773 1383 1997 7774 1290 1997 7775 1383 1998 7776 1354 1998 7777 1295 1998 7778 1295 1999 7779 1354 1999 7780 1296 1999 7781 1375 99 7782 1354 99 7783 1383 99 7784 1375 99 7785 1383 99 7786 1376 99 7787 1369 2000 7788 1364 2000 7789 1363 2000 7790 1369 2001 7791 1365 2001 7792 1364 2001 7793 1369 2002 7794 1368 2002 7795 1365 2002 7796 1374 2003 7797 1355 2003 7798 1354 2003 7799 1374 2004 7800 1354 2004 7801 1375 2004 7802 1370 2005 7803 1360 2005 7804 1359 2005 7805 1370 2006 7806 1361 2006 7807 1360 2006 7808 1370 2007 7809 1362 2007 7810 1361 2007 7811 1370 2008 7812 1363 2008 7813 1362 2008 7814 1370 2009 7815 1369 2009 7816 1363 2009 7817 1373 2010 7818 1356 2010 7819 1355 2010 7820 1373 99 7821 1355 99 7822 1374 99 7823 1371 2011 7824 1358 2011 7825 1357 2011 7826 1371 2012 7827 1359 2012 7828 1358 2012 7829 1371 99 7830 1370 99 7831 1359 99 7832 1372 2013 7833 1357 2013 7834 1356 2013 7835 1372 99 7836 1356 99 7837 1373 99 7838 1372 99 7839 1371 99 7840 1357 99 7841 1378 2014 7842 1380 2014 7843 1379 2014 7844 1378 99 7845 1381 99 7846 1380 99 7847 1377 2015 7848 1382 2015 7849 1381 2015 7850 1377 99 7851 1381 99 7852 1378 99 7853 1376 2016 7854 1383 2016 7855 1382 2016 7856 1376 99 7857 1382 99 7858 1377 99 7859 1368 2017 7860 1366 2017 7861 1365 2017 7862 1368 99 7863 1367 99 7864 1366 99 7865 1194 2018 7866 1384 2018 7867 1193 2018 7868 1192 2019 7869 1385 2019 7870 1190 2019 7871 1193 2020 7872 1385 2020 7873 1192 2020 7874 1384 2021 7875 1385 2021 7876 1193 2021 7877 1385 2022 7878 1386 2022 7879 1190 2022 7880 1190 2023 7881 1387 2023 7882 1187 2023 7883 1386 2024 7884 1387 2024 7885 1190 2024 7886 1187 2025 7887 1388 2025 7888 1186 2025 7889 1387 2026 7890 1388 2026 7891 1187 2026 7892 1184 2027 7893 1389 2027 7894 1182 2027 7895 1186 2028 7896 1389 2028 7897 1184 2028 7898 1388 2029 7899 1389 2029 7900 1186 2029 7901 1389 2030 7902 1390 2030 7903 1182 2030 7904 1182 2031 7905 1391 2031 7906 1181 2031 7907 1390 2032 7908 1391 2032 7909 1182 2032 7910 1181 2033 7911 1392 2033 7912 1179 2033 7913 1391 2034 7914 1392 2034 7915 1181 2034 7916 1392 2035 7917 1393 2035 7918 1179 2035 7919 1179 2036 7920 1393 2036 7921 1177 2036 7922 1393 2037 7923 1394 2037 7924 1177 2037 7925 1176 2038 7926 1394 2038 7927 1174 2038 7928 1177 2039 7929 1394 2039 7930 1176 2039 7931 1394 2040 7932 1395 2040 7933 1174 2040 7934 1395 2041 7935 1396 2041 7936 1174 2041 7937 1174 2042 7938 1396 2042 7939 1172 2042 7940 1396 2043 7941 1397 2043 7942 1172 2043 7943 1170 2044 7944 1397 2044 7945 1169 2044 7946 1172 2045 7947 1397 2045 7948 1170 2045 7949 1397 2046 7950 1398 2046 7951 1169 2046 7952 1398 2047 7953 1399 2047 7954 1169 2047 7955 1166 2048 7956 1399 2048 7957 1165 2048 7958 1169 2049 7959 1399 2049 7960 1166 2049 7961 1399 2050 7962 1400 2050 7963 1165 2050 7964 1400 2051 7965 1401 2051 7966 1165 2051 7967 1165 2052 7968 1401 2052 7969 1161 2052 7970 1160 2053 7971 1402 2053 7972 1159 2053 7973 1161 2054 7974 1402 2054 7975 1160 2054 7976 1401 2055 7977 1402 2055 7978 1161 2055 7979 1402 2056 7980 1403 2056 7981 1159 2056 7982 1158 2057 7983 1404 2057 7984 1154 2057 7985 1159 2058 7986 1404 2058 7987 1158 2058 7988 1403 2059 7989 1404 2059 7990 1159 2059 7991 1154 2060 7992 1405 2060 7993 1153 2060 7994 1404 2061 7995 1405 2061 7996 1154 2061 7997 1405 2062 7998 1406 2062 7999 1153 2062 8000 1152 2063 8001 1407 2063 8002 1148 2063 8003 1153 2064 8004 1407 2064 8005 1152 2064 8006 1406 2065 8007 1407 2065 8008 1153 2065 8009 1148 2066 8010 1408 2066 8011 1147 2066 8012 1407 2067 8013 1408 2067 8014 1148 2067 8015 1408 2068 8016 1409 2068 8017 1147 2068 8018 1147 2069 8019 1410 2069 8020 1146 2069 8021 1409 2070 8022 1410 2070 8023 1147 2070 8024 1146 2071 8025 1411 2071 8026 1142 2071 8027 1410 2072 8028 1411 2072 8029 1146 2072 8030 1142 2073 8031 1412 2073 8032 1141 2073 8033 1411 2074 8034 1412 2074 8035 1142 2074 8036 1141 2075 8037 1413 2075 8038 1136 2075 8039 1412 2076 8040 1413 2076 8041 1141 2076 8042 1136 2077 8043 1414 2077 8044 1135 2077 8045 1413 2078 8046 1414 2078 8047 1136 2078 8048 1414 2079 8049 1415 2079 8050 1135 2079 8051 1135 2080 8052 1416 2080 8053 1132 2080 8054 1415 2081 8055 1416 2081 8056 1135 2081 8057 1131 2082 8058 1417 2082 8059 1130 2082 8060 1132 2083 8061 1417 2083 8062 1131 2083 8063 1416 2084 8064 1417 2084 8065 1132 2084 8066 1130 2085 8067 1418 2085 8068 1129 2085 8069 1417 2086 8070 1418 2086 8071 1130 2086 8072 1418 2087 8073 1419 2087 8074 1129 2087 8075 1129 2088 8076 1419 2088 8077 1124 2088 8078 1419 2089 8079 1420 2089 8080 1124 2089 8081 1124 2090 8082 1420 2090 8083 1123 2090 8084 1420 2091 8085 1421 2091 8086 1123 2091 8087 1123 2092 8088 1421 2092 8089 1122 2092 8090 1421 2093 8091 1422 2093 8092 1122 2093 8093 1122 2094 8094 1422 2094 8095 1121 2094 8096 1422 2095 8097 1423 2095 8098 1121 2095 8099 1120 2096 8100 1423 2096 8101 1119 2096 8102 1121 2097 8103 1423 2097 8104 1120 2097 8105 1423 2098 8106 1424 2098 8107 1119 2098 8108 1119 2099 8109 1424 2099 8110 1118 2099 8111 1424 2100 8112 1425 2100 8113 1118 2100 8114 1128 2101 8115 1426 2101 8116 1127 2101 8117 1118 2102 8118 1426 2102 8119 1128 2102 8120 1425 2103 8121 1426 2103 8122 1118 2103 8123 1426 2104 8124 1427 2104 8125 1127 2104 8126 1127 2105 8127 1427 2105 8128 1126 2105 8129 1427 2106 8130 1428 2106 8131 1126 2106 8132 1126 2107 8133 1428 2107 8134 1125 2107 8135 1125 2108 8136 1429 2108 8137 1134 2108 8138 1428 2109 8139 1429 2109 8140 1125 2109 8141 1134 2110 8142 1430 2110 8143 1133 2110 8144 1429 2111 8145 1430 2111 8146 1134 2111 8147 1133 2112 8148 1431 2112 8149 1140 2112 8150 1430 2113 8151 1431 2113 8152 1133 2113 8153 1139 2114 8154 1432 2114 8155 1138 2114 8156 1140 2115 8157 1432 2115 8158 1139 2115 8159 1431 2116 8160 1432 2116 8161 1140 2116 8162 1432 2117 8163 1433 2117 8164 1138 2117 8165 1138 2118 8166 1434 2118 8167 1137 2118 8168 1433 2119 8169 1434 2119 8170 1138 2119 8171 1137 2120 8172 1435 2120 8173 1145 2120 8174 1434 2121 8175 1435 2121 8176 1137 2121 8177 1145 2122 8178 1436 2122 8179 1144 2122 8180 1435 2123 8181 1436 2123 8182 1145 2123 8183 1143 2124 8184 1437 2124 8185 1151 2124 8186 1144 2125 8187 1437 2125 8188 1143 2125 8189 1436 2126 8190 1437 2126 8191 1144 2126 8192 1437 2127 8193 1438 2127 8194 1151 2127 8195 1151 2128 8196 1439 2128 8197 1150 2128 8198 1438 2129 8199 1439 2129 8200 1151 2129 8201 1149 2130 8202 1440 2130 8203 1155 2130 8204 1150 2131 8205 1440 2131 8206 1149 2131 8207 1439 2132 8208 1440 2132 8209 1150 2132 8210 1440 2133 8211 1441 2133 8212 1155 2133 8213 1156 2134 8214 1442 2134 8215 1157 2134 8216 1155 2135 8217 1442 2135 8218 1156 2135 8219 1441 2136 8220 1442 2136 8221 1155 2136 8222 1157 2137 8223 1443 2137 8224 1162 2137 8225 1442 2138 8226 1443 2138 8227 1157 2138 8228 1443 2139 8229 1444 2139 8230 1162 2139 8231 1163 2140 8232 1445 2140 8233 1164 2140 8234 1162 2141 8235 1445 2141 8236 1163 2141 8237 1444 2142 8238 1445 2142 8239 1162 2142 8240 1164 2143 8241 1446 2143 8242 1167 2143 8243 1445 2144 8244 1446 2144 8245 1164 2144 8246 1446 2145 8247 1447 2145 8248 1167 2145 8249 1168 2146 8250 1448 2146 8251 1171 2146 8252 1167 2147 8253 1448 2147 8254 1168 2147 8255 1447 2148 8256 1448 2148 8257 1167 2148 8258 1448 2149 8259 1449 2149 8260 1171 2149 8261 1171 2150 8262 1450 2150 8263 1173 2150 8264 1449 2151 8265 1450 2151 8266 1171 2151 8267 1173 2152 8268 1451 2152 8269 1175 2152 8270 1450 2153 8271 1451 2153 8272 1173 2153 8273 1451 2154 8274 1452 2154 8275 1175 2154 8276 1175 2155 8277 1453 2155 8278 1178 2155 8279 1452 2156 8280 1453 2156 8281 1175 2156 8282 1453 2157 8283 1454 2157 8284 1178 2157 8285 1178 2158 8286 1454 2158 8287 1180 2158 8288 1454 2159 8289 1455 2159 8290 1180 2159 8291 1180 2160 8292 1456 2160 8293 1183 2160 8294 1455 2161 8295 1456 2161 8296 1180 2161 8297 1456 2162 8298 1457 2162 8299 1183 2162 8300 1185 2163 8301 1457 2163 8302 1188 2163 8303 1183 2164 8304 1457 2164 8305 1185 2164 8306 1188 2165 8307 1458 2165 8308 1189 2165 8309 1457 2166 8310 1458 2166 8311 1188 2166 8312 1189 2167 8313 1459 2167 8314 1191 2167 8315 1458 2168 8316 1459 2168 8317 1189 2168 8318 1459 2169 8319 1460 2169 8320 1191 2169 8321 1191 2170 8322 1461 2170 8323 1194 2170 8324 1460 2171 8325 1461 2171 8326 1191 2171 8327 1461 2172 8328 1384 2172 8329 1194 2172 8330 1450 148 8331 1423 148 8332 1451 148 8333 1393 2173 8334 1397 2173 8335 1394 2173 8336 1424 148 8337 1423 148 8338 1450 148 8339 1394 2174 8340 1397 2174 8341 1396 2174 8342 1386 2175 8343 1404 2175 8344 1387 2175 8345 1430 148 8346 1429 148 8347 1445 148 8348 1445 2176 8349 1429 2176 8350 1446 2176 8351 1387 2177 8352 1404 2177 8353 1403 2177 8354 1435 148 8355 1434 148 8356 1441 148 8357 1423 2178 8358 1422 2178 8359 1451 2178 8360 1385 148 8361 1405 148 8362 1386 148 8363 1392 148 8364 1398 148 8365 1393 148 8366 1393 2179 8367 1398 2179 8368 1397 2179 8369 1386 2180 8370 1405 2180 8371 1404 2180 8372 1422 148 8373 1421 148 8374 1451 148 8375 1434 148 8376 1433 148 8377 1441 148 8378 1446 148 8379 1428 148 8380 1447 148 8381 1441 2181 8382 1433 2181 8383 1442 2181 8384 1385 2182 8385 1406 2182 8386 1405 2182 8387 1384 148 8388 1406 148 8389 1385 148 8390 1429 148 8391 1428 148 8392 1446 148 8393 1384 2183 8394 1407 2183 8395 1406 2183 8396 1391 148 8397 1399 148 8398 1392 148 8399 1392 2184 8400 1399 2184 8401 1398 2184 8402 1421 148 8403 1420 148 8404 1451 148 8405 1451 148 8406 1420 148 8407 1452 148 8408 1433 148 8409 1432 148 8410 1442 148 8411 1447 148 8412 1427 148 8413 1448 148 8414 1442 2185 8415 1432 2185 8416 1443 2185 8417 1443 148 8418 1432 148 8419 1444 148 8420 1420 2186 8421 1419 2186 8422 1452 2186 8423 1419 2187 8424 1418 2187 8425 1452 2187 8426 1428 148 8427 1427 148 8428 1447 148 8429 1452 148 8430 1418 148 8431 1453 148 8432 1391 148 8433 1400 148 8434 1399 148 8435 1438 148 8436 1437 148 8437 1439 148 8438 1439 2188 8439 1437 2188 8440 1440 2188 8441 1460 148 8442 1408 148 8443 1461 148 8444 1461 148 8445 1408 148 8446 1384 148 8447 1384 148 8448 1408 148 8449 1407 148 8450 1460 2189 8451 1409 2189 8452 1408 2189 8453 1448 2190 8454 1426 2190 8455 1449 2190 8456 1459 148 8457 1409 148 8458 1460 148 8459 1459 2191 8460 1410 2191 8461 1409 2191 8462 1427 2192 8463 1426 2192 8464 1448 2192 8465 1458 148 8466 1410 148 8467 1459 148 8468 1389 2193 8469 1401 2193 8470 1390 2193 8471 1390 148 8472 1401 148 8473 1391 148 8474 1418 148 8475 1417 148 8476 1453 148 8477 1453 148 8478 1416 148 8479 1454 148 8480 1417 2194 8481 1416 2194 8482 1453 2194 8483 1391 2195 8484 1401 2195 8485 1400 2195 8486 1458 2196 8487 1411 2196 8488 1410 2196 8489 1457 2197 8490 1411 2197 8491 1458 2197 8492 1388 148 8493 1402 148 8494 1389 148 8495 1394 2198 8496 1396 2198 8497 1395 2198 8498 1389 2199 8499 1402 2199 8500 1401 2199 8501 1437 2200 8502 1436 2200 8503 1440 2200 8504 1457 2201 8505 1412 2201 8506 1411 2201 8507 1456 2202 8508 1412 2202 8509 1457 2202 8510 1416 2203 8511 1415 2203 8512 1454 2203 8513 1432 148 8514 1431 148 8515 1444 148 8516 1454 2204 8517 1415 2204 8518 1455 2204 8519 1426 148 8520 1425 148 8521 1449 148 8522 1444 2205 8523 1431 2205 8524 1445 2205 8525 1415 148 8526 1414 148 8527 1455 148 8528 1456 2206 8529 1413 2206 8530 1412 2206 8531 1414 148 8532 1413 148 8533 1455 148 8534 1455 148 8535 1413 148 8536 1456 148 8537 1449 148 8538 1424 148 8539 1450 148 8540 1436 2207 8541 1435 2207 8542 1440 2207 8543 1431 148 8544 1430 148 8545 1445 148 8546 1440 148 8547 1435 148 8548 1441 148 8549 1425 588 8550 1424 588 8551 1449 588 8552 1387 148 8553 1403 148 8554 1388 148 8555 1388 2208 8556 1403 2208 8557 1402 2208 8558 1462 2209 8559 1463 2209 8560 1464 2209 8561 1352 2210 8562 1465 2210 8563 1325 2210 8564 1466 2211 8565 1347 2211 8566 1350 2211 8567 1467 2212 8568 1465 2212 8569 1352 2212 8570 1468 2213 8571 1469 2213 8572 1470 2213 8573 1098 2214 8574 1469 2214 8575 1095 2214 8576 1470 2215 8577 1469 2215 8578 1462 2215 8579 1095 2216 8580 1469 2216 8581 1468 2216 8582 1463 2217 8583 1471 2217 8584 1472 2217 8585 1472 2218 8586 1471 2218 8587 1473 2218 8588 1325 2219 8589 1474 2219 8590 1326 2219 8591 1325 2220 8592 1475 2220 8593 1474 2220 8594 1465 2221 8595 1475 2221 8596 1325 2221 8597 1471 2222 8598 1476 2222 8599 1473 2222 8600 1473 2223 8601 1476 2223 8602 1477 2223 8603 1469 2224 8604 1478 2224 8605 1462 2224 8606 1462 2225 8607 1478 2225 8608 1463 2225 8609 1098 2226 8610 1478 2226 8611 1469 2226 8612 1101 2227 8613 1478 2227 8614 1098 2227 8615 1326 2228 8616 1479 2228 8617 1332 2228 8618 1474 2229 8619 1479 2229 8620 1326 2229 8621 1475 2230 8622 1480 2230 8623 1474 2230 8624 1474 2231 8625 1480 2231 8626 1479 2231 8627 1471 2232 8628 1481 2232 8629 1476 2232 8630 1478 2233 8631 1481 2233 8632 1463 2233 8633 1101 2234 8634 1481 2234 8635 1478 2234 8636 1463 2235 8637 1481 2235 8638 1471 2235 8639 1114 2236 8640 1112 2236 8641 1482 2236 8642 1106 2237 8643 1481 2237 8644 1101 2237 8645 1476 2238 8646 1483 2238 8647 1477 2238 8648 1477 2239 8649 1483 2239 8650 1484 2239 8651 1332 2240 8652 1485 2240 8653 1337 2240 8654 1479 2241 8655 1485 2241 8656 1332 2241 8657 1106 2242 8658 1486 2242 8659 1481 2242 8660 1110 2243 8661 1486 2243 8662 1106 2243 8663 1476 2244 8664 1486 2244 8665 1483 2244 8666 1481 2245 8667 1486 2245 8668 1476 2245 8669 1480 2246 8670 1487 2246 8671 1479 2246 8672 1479 2247 8673 1487 2247 8674 1485 2247 8675 1484 2248 8676 1488 2248 8677 1467 2248 8678 1483 2249 8679 1488 2249 8680 1484 2249 8681 1337 2250 8682 1489 2250 8683 1343 2250 8684 1485 2251 8685 1489 2251 8686 1337 2251 8687 1486 2252 8688 1490 2252 8689 1483 2252 8690 1110 2253 8691 1490 2253 8692 1486 2253 8693 1115 2254 8694 1490 2254 8695 1110 2254 8696 1485 2255 8697 1491 2255 8698 1489 2255 8699 1487 2256 8700 1491 2256 8701 1485 2256 8702 1488 2257 8703 1492 2257 8704 1467 2257 8705 1467 2258 8706 1492 2258 8707 1465 2258 8708 1343 2259 8709 1493 2259 8710 1346 2259 8711 1466 2260 8712 1493 2260 8713 1494 2260 8714 1489 2261 8715 1493 2261 8716 1343 2261 8717 1346 2262 8718 1493 2262 8719 1466 2262 8720 1490 2263 8721 1495 2263 8722 1483 2263 8723 1483 2264 8724 1495 2264 8725 1488 2264 8726 1117 2265 8727 1495 2265 8728 1115 2265 8729 1115 2266 8730 1495 2266 8731 1490 2266 8732 1494 2267 8733 1496 2267 8734 1497 2267 8735 1497 2268 8736 1496 2268 8737 1491 2268 8738 1491 2269 8739 1496 2269 8740 1489 2269 8741 1493 2270 8742 1496 2270 8743 1494 2270 8744 1489 2271 8745 1496 2271 8746 1493 2271 8747 1492 2272 8748 1498 2272 8749 1465 2272 8750 1465 2273 8751 1498 2273 8752 1475 2273 8753 1093 2274 8754 1499 2274 8755 1117 2274 8756 1488 2275 8757 1499 2275 8758 1492 2275 8759 1495 2276 8760 1499 2276 8761 1488 2276 8762 1117 2277 8763 1499 2277 8764 1495 2277 8765 1475 2278 8766 1500 2278 8767 1480 2278 8768 1498 2279 8769 1500 2279 8770 1475 2279 8771 1092 2280 8772 1501 2280 8773 1093 2280 8774 1093 2281 8775 1501 2281 8776 1499 2281 8777 1499 2282 8778 1501 2282 8779 1492 2282 8780 1498 2283 8781 1501 2283 8782 1500 2283 8783 1492 2284 8784 1501 2284 8785 1498 2284 8786 1500 2285 8787 1502 2285 8788 1480 2285 8789 1480 2286 8790 1502 2286 8791 1487 2286 8792 1100 2287 8793 1503 2287 8794 1092 2287 8795 1092 2288 8796 1503 2288 8797 1501 2288 8798 1501 2289 8799 1503 2289 8800 1500 2289 8801 1487 2290 8802 1504 2290 8803 1491 2290 8804 1491 2291 8805 1504 2291 8806 1497 2291 8807 1502 2292 8808 1504 2292 8809 1487 2292 8810 1500 2293 8811 1505 2293 8812 1502 2293 8813 1103 2294 8814 1505 2294 8815 1100 2294 8816 1503 2295 8817 1505 2295 8818 1500 2295 8819 1100 2296 8820 1505 2296 8821 1503 2296 8822 1504 2297 8823 1506 2297 8824 1497 2297 8825 1507 2298 8826 1506 2298 8827 1482 2298 8828 1497 2299 8829 1506 2299 8830 1507 2299 8831 1111 2300 8832 1508 2300 8833 1107 2300 8834 1107 2301 8835 1508 2301 8836 1103 2301 8837 1505 2302 8838 1508 2302 8839 1502 2302 8840 1103 2303 8841 1508 2303 8842 1505 2303 8843 1502 2304 8844 1508 2304 8845 1504 2304 8846 1504 2305 8847 1509 2305 8848 1506 2305 8849 1482 2306 8850 1509 2306 8851 1114 2306 8852 1114 2307 8853 1509 2307 8854 1111 2307 8855 1111 2308 8856 1509 2308 8857 1508 2308 8858 1508 2309 8859 1509 2309 8860 1504 2309 8861 1506 2310 8862 1509 2310 8863 1482 2310 8864 1346 2311 8865 1466 2311 8866 1350 2311 8867 1494 2312 8868 1510 2312 8869 1466 2312 8870 1347 2313 8871 1510 2313 8872 1345 2313 8873 1466 2314 8874 1510 2314 8875 1347 2314 8876 1497 2315 8877 1511 2315 8878 1494 2315 8879 1494 2316 8880 1511 2316 8881 1510 2316 8882 1345 2317 8883 1512 2317 8884 1341 2317 8885 1510 2318 8886 1512 2318 8887 1345 2318 8888 1511 2319 8889 1513 2319 8890 1510 2319 8891 1510 2320 8892 1513 2320 8893 1512 2320 8894 1497 2321 8895 1513 2321 8896 1511 2321 8897 1341 2322 8898 1514 2322 8899 1338 2322 8900 1512 2323 8901 1514 2323 8902 1341 2323 8903 1513 2324 8904 1515 2324 8905 1512 2324 8906 1512 2325 8907 1515 2325 8908 1514 2325 8909 1334 2326 8910 1516 2326 8911 1327 2326 8912 1338 2327 8913 1516 2327 8914 1334 2327 8915 1514 2328 8916 1516 2328 8917 1338 2328 8918 1515 2329 8919 1517 2329 8920 1514 2329 8921 1514 2330 8922 1517 2330 8923 1516 2330 8924 1327 2331 8925 1518 2331 8926 1323 2331 8927 1516 2332 8928 1518 2332 8929 1327 2332 8930 1517 2333 8931 1519 2333 8932 1516 2333 8933 1516 2334 8934 1519 2334 8935 1518 2334 8936 1323 2335 8937 1520 2335 8938 1324 2335 8939 1518 2336 8940 1520 2336 8941 1323 2336 8942 1518 2337 8943 1521 2337 8944 1520 2337 8945 1519 2338 8946 1521 2338 8947 1518 2338 8948 1482 2339 8949 1522 2339 8950 1507 2339 8951 1507 2340 8952 1522 2340 8953 1497 2340 8954 1112 2341 8955 1522 2341 8956 1482 2341 8957 1109 2342 8958 1522 2342 8959 1112 2342 8960 1353 2343 8961 1523 2343 8962 1351 2343 8963 1324 2344 8964 1523 2344 8965 1353 2344 8966 1520 2345 8967 1523 2345 8968 1324 2345 8969 1497 2346 8970 1524 2346 8971 1513 2346 8972 1105 2347 8973 1524 2347 8974 1109 2347 8975 1522 2348 8976 1524 2348 8977 1497 2348 8978 1109 2349 8979 1524 2349 8980 1522 2349 8981 1520 2350 8982 1525 2350 8983 1523 2350 8984 1521 2351 8985 1525 2351 8986 1520 2351 8987 1105 2352 8988 1526 2352 8989 1524 2352 8990 1524 2353 8991 1526 2353 8992 1513 2353 8993 1513 2354 8994 1526 2354 8995 1515 2354 8996 1102 2355 8997 1526 2355 8998 1105 2355 8999 1349 2356 9000 1527 2356 9001 1348 2356 9002 1351 2357 9003 1527 2357 9004 1349 2357 9005 1523 2358 9006 1527 2358 9007 1351 2358 9008 1526 2359 9009 1528 2359 9010 1515 2359 9011 1515 2360 9012 1528 2360 9013 1517 2360 9014 1102 2361 9015 1528 2361 9016 1526 2361 9017 1523 2362 9018 1529 2362 9019 1527 2362 9020 1525 2363 9021 1529 2363 9022 1523 2363 9023 1517 2364 9024 1530 2364 9025 1519 2364 9026 1528 2365 9027 1530 2365 9028 1517 2365 9029 1348 2366 9030 1531 2366 9031 1342 2366 9032 1527 2367 9033 1531 2367 9034 1348 2367 9035 1527 2368 9036 1532 2368 9037 1531 2368 9038 1529 2369 9039 1532 2369 9040 1527 2369 9041 1342 2370 9042 1533 2370 9043 1336 2370 9044 1531 2371 9045 1533 2371 9046 1342 2371 9047 1519 2372 9048 1534 2372 9049 1521 2372 9050 1530 2373 9051 1534 2373 9052 1519 2373 9053 1532 2374 9054 1535 2374 9055 1531 2374 9056 1531 2375 9057 1535 2375 9058 1533 2375 9059 1094 2376 9060 1536 2376 9061 1102 2376 9062 1528 2377 9063 1536 2377 9064 1530 2377 9065 1102 2378 9066 1536 2378 9067 1528 2378 9068 1333 2379 9069 1537 2379 9070 1330 2379 9071 1336 2380 9072 1537 2380 9073 1333 2380 9074 1533 2381 9075 1537 2381 9076 1336 2381 9077 1521 2382 9078 1538 2382 9079 1525 2382 9080 1534 2383 9081 1538 2383 9082 1521 2383 9083 1537 2384 9084 1539 2384 9085 1330 2384 9086 1533 2385 9087 1539 2385 9088 1537 2385 9089 1535 2386 9090 1539 2386 9091 1533 2386 9092 1094 2387 9093 1540 2387 9094 1536 2387 9095 1530 2388 9096 1540 2388 9097 1534 2388 9098 1091 2389 9099 1540 2389 9100 1090 2389 9101 1090 2390 9102 1540 2390 9103 1094 2390 9104 1536 2391 9105 1540 2391 9106 1530 2391 9107 1330 2392 9108 1541 2392 9109 1329 2392 9110 1539 2393 9111 1541 2393 9112 1330 2393 9113 1538 2394 9114 1542 2394 9115 1525 2394 9116 1525 2395 9117 1542 2395 9118 1529 2395 9119 1534 2396 9120 1543 2396 9121 1538 2396 9122 1091 2397 9123 1543 2397 9124 1540 2397 9125 1540 2398 9126 1543 2398 9127 1534 2398 9128 1116 2399 9129 1543 2399 9130 1091 2399 9131 1329 2400 9132 1544 2400 9133 1328 2400 9134 1541 2401 9135 1544 2401 9136 1329 2401 9137 1542 2402 9138 1545 2402 9139 1529 2402 9140 1529 2403 9141 1545 2403 9142 1532 2403 9143 1544 2404 9144 1546 2404 9145 1328 2404 9146 1542 2405 9147 1547 2405 9148 1545 2405 9149 1538 2406 9150 1547 2406 9151 1542 2406 9152 1116 2407 9153 1547 2407 9154 1543 2407 9155 1113 2408 9156 1547 2408 9157 1116 2408 9158 1543 2409 9159 1547 2409 9160 1538 2409 9161 1545 2410 9162 1548 2410 9163 1532 2410 9164 1532 2411 9165 1548 2411 9166 1535 2411 9167 1328 2412 9168 1464 2412 9169 1331 2412 9170 1546 2413 9171 1464 2413 9172 1328 2413 9173 1547 2414 9174 1549 2414 9175 1545 2414 9176 1545 2415 9177 1549 2415 9178 1548 2415 9179 1113 2416 9180 1549 2416 9181 1547 2416 9182 1108 2417 9183 1549 2417 9184 1113 2417 9185 1535 2418 9186 1550 2418 9187 1539 2418 9188 1548 2419 9189 1550 2419 9190 1535 2419 9191 1331 2420 9192 1472 2420 9193 1335 2420 9194 1464 2421 9195 1472 2421 9196 1331 2421 9197 1539 2422 9198 1551 2422 9199 1541 2422 9200 1550 2423 9201 1551 2423 9202 1539 2423 9203 1549 2424 9204 1552 2424 9205 1548 2424 9206 1108 2425 9207 1552 2425 9208 1549 2425 9209 1104 2426 9210 1552 2426 9211 1108 2426 9212 1335 2427 9213 1473 2427 9214 1340 2427 9215 1472 2428 9216 1473 2428 9217 1335 2428 9218 1541 2429 9219 1553 2429 9220 1544 2429 9221 1551 2430 9222 1553 2430 9223 1541 2430 9224 1548 2431 9225 1554 2431 9226 1550 2431 9227 1552 2432 9228 1554 2432 9229 1548 2432 9230 1099 2433 9231 1554 2433 9232 1104 2433 9233 1104 2434 9234 1554 2434 9235 1552 2434 9236 1550 2435 9237 1554 2435 9238 1551 2435 9239 1340 2436 9240 1477 2436 9241 1339 2436 9242 1473 2437 9243 1477 2437 9244 1340 2437 9245 1097 2438 9246 1555 2438 9247 1099 2438 9248 1099 2439 9249 1555 2439 9250 1554 2439 9251 1554 2440 9252 1555 2440 9253 1551 2440 9254 1544 2441 9255 1470 2441 9256 1546 2441 9257 1553 2442 9258 1470 2442 9259 1544 2442 9260 1339 2443 9261 1484 2443 9262 1344 2443 9263 1477 2444 9264 1484 2444 9265 1339 2444 9266 1096 2445 9267 1556 2445 9268 1097 2445 9269 1553 2446 9270 1556 2446 9271 1470 2446 9272 1097 2447 9273 1556 2447 9274 1555 2447 9275 1551 2448 9276 1556 2448 9277 1553 2448 9278 1555 2449 9279 1556 2449 9280 1551 2449 9281 1546 2450 9282 1462 2450 9283 1464 2450 9284 1470 2451 9285 1462 2451 9286 1546 2451 9287 1344 2452 9288 1467 2452 9289 1352 2452 9290 1484 2453 9291 1467 2453 9292 1344 2453 9293 1095 2454 9294 1468 2454 9295 1096 2454 9296 1096 2455 9297 1468 2455 9298 1556 2455 9299 1556 2456 9300 1468 2456 9301 1470 2456 9302 1464 2457 9303 1463 2457 9304 1472 2457 9305 1557 1644 9306 1558 1644 9307 1559 1644 9308 1557 1020 9309 1560 1020 9310 1558 1020 9311 1561 2458 9312 1562 2458 9313 1563 2458 9314 1564 1642 9315 1559 1642 9316 1565 1642 9317 1564 2459 9318 1557 2459 9319 1559 2459 9320 1566 2460 9321 1563 2460 9322 1567 2460 9323 1568 2461 9324 1565 2461 9325 1569 2461 9326 1566 2462 9327 1561 2462 9328 1563 2462 9329 1568 2463 9330 1564 2463 9331 1565 2463 9332 1570 1672 9333 1567 1672 9334 1571 1672 9335 1572 1679 9336 1569 1679 9337 1573 1679 9338 1570 2464 9339 1566 2464 9340 1567 2464 9341 1572 1681 9342 1568 1681 9343 1569 1681 9344 1574 1671 9345 1571 1671 9346 1575 1671 9347 1576 2465 9348 1573 2465 9349 1577 2465 9350 1574 1672 9351 1570 1672 9352 1571 1672 9353 1576 1679 9354 1572 1679 9355 1573 1679 9356 1578 2466 9357 1577 2466 9358 1562 2466 9359 1578 2467 9360 1576 2467 9361 1577 2467 9362 1579 2468 9363 1575 2468 9364 1580 2468 9365 1579 2469 9366 1574 2469 9367 1575 2469 9368 1561 2470 9369 1578 2470 9370 1562 2470 9371 1581 2471 9372 1580 2471 9373 1582 2471 9374 1581 1668 9375 1579 1668 9376 1580 1668 9377 1583 1043 9378 1582 1043 9379 1584 1043 9380 1583 1667 9381 1581 1667 9382 1582 1667 9383 1585 1663 9384 1584 1663 9385 1586 1663 9386 1585 1043 9387 1583 1043 9388 1584 1043 9389 1587 2472 9390 1586 2472 9391 1588 2472 9392 1587 1665 9393 1585 1665 9394 1586 1665 9395 1589 2473 9396 1588 2473 9397 1590 2473 9398 1589 1658 9399 1587 1658 9400 1588 1658 9401 1591 1651 9402 1590 1651 9403 1592 1651 9404 1591 1656 9405 1589 1656 9406 1590 1656 9407 1593 1651 9408 1591 1651 9409 1592 1651 9410 1593 1647 9411 1592 1647 9412 1594 1647 9413 1595 2474 9414 1593 2474 9415 1594 2474 9416 1595 1645 9417 1594 1645 9418 1596 1645 9419 1597 2475 9420 1595 2475 9421 1596 2475 9422 1597 2476 9423 1596 2476 9424 1598 2476 9425 1599 2477 9426 1598 2477 9427 1600 2477 9428 1599 1664 9429 1597 1664 9430 1598 1664 9431 1601 1659 9432 1600 1659 9433 1602 1659 9434 1601 1662 9435 1599 1662 9436 1600 1662 9437 1603 1655 9438 1602 1655 9439 1604 1655 9440 1603 1659 9441 1601 1659 9442 1602 1659 9443 1605 1653 9444 1604 1653 9445 1606 1653 9446 1605 2478 9447 1603 2478 9448 1604 2478 9449 1607 1648 9450 1606 1648 9451 1608 1648 9452 1607 2479 9453 1605 2479 9454 1606 2479 9455 1560 1020 9456 1608 1020 9457 1558 1020 9458 1560 1650 9459 1607 1650 9460 1608 1650 9461 1593 2480 9462 1609 2480 9463 1610 2480 9464 1595 2481 9465 1609 2481 9466 1593 2481 9467 1611 2482 9468 1612 2482 9469 1564 2482 9470 1564 2483 9471 1612 2483 9472 1557 2483 9473 1595 2484 9474 1613 2484 9475 1609 2484 9476 1614 2485 9477 1574 2485 9478 1615 2485 9479 1615 2486 9480 1579 2486 9481 1616 2486 9482 1574 2487 9483 1579 2487 9484 1615 2487 9485 1617 2488 9486 1570 2488 9487 1614 2488 9488 1614 2489 9489 1570 2489 9490 1574 2489 9491 1616 2490 9492 1581 2490 9493 1618 2490 9494 1612 2491 9495 1619 2491 9496 1557 2491 9497 1579 2492 9498 1581 2492 9499 1616 2492 9500 1595 2493 9501 1620 2493 9502 1613 2493 9503 1621 2494 9504 1566 2494 9505 1617 2494 9506 1617 2495 9507 1566 2495 9508 1570 2495 9509 1597 2496 9510 1620 2496 9511 1595 2496 9512 1557 2497 9513 1622 2497 9514 1560 2497 9515 1618 2498 9516 1583 2498 9517 1623 2498 9518 1619 2499 9519 1622 2499 9520 1557 2499 9521 1581 2500 9522 1583 2500 9523 1618 2500 9524 1599 2501 9525 1624 2501 9526 1597 2501 9527 1597 2502 9528 1624 2502 9529 1620 2502 9530 1625 2503 9531 1561 2503 9532 1621 2503 9533 1560 2504 9534 1626 2504 9535 1607 2504 9536 1621 2505 9537 1561 2505 9538 1566 2505 9539 1622 2506 9540 1626 2506 9541 1560 2506 9542 1599 2507 9543 1627 2507 9544 1624 2507 9545 1623 2508 9546 1585 2508 9547 1628 2508 9548 1601 2509 9549 1627 2509 9550 1599 2509 9551 1583 2510 9552 1585 2510 9553 1623 2510 9554 1629 2511 9555 1578 2511 9556 1625 2511 9557 1607 2512 9558 1630 2512 9559 1605 2512 9560 1626 2513 9561 1630 2513 9562 1607 2513 9563 1625 2514 9564 1578 2514 9565 1561 2514 9566 1603 2515 9567 1631 2515 9568 1601 2515 9569 1601 2516 9570 1631 2516 9571 1627 2516 9572 1605 2517 9573 1632 2517 9574 1603 2517 9575 1628 2518 9576 1587 2518 9577 1633 2518 9578 1630 2519 9579 1632 2519 9580 1605 2519 9581 1603 2520 9582 1632 2520 9583 1631 2520 9584 1585 2521 9585 1587 2521 9586 1628 2521 9587 1634 2522 9588 1576 2522 9589 1629 2522 9590 1629 2523 9591 1576 2523 9592 1578 2523 9593 1633 2524 9594 1589 2524 9595 1635 2524 9596 1587 2525 9597 1589 2525 9598 1633 2525 9599 1634 2526 9600 1572 2526 9601 1576 2526 9602 1634 2527 9603 1636 2527 9604 1572 2527 9605 1589 2528 9606 1591 2528 9607 1635 2528 9608 1591 2529 9609 1610 2529 9610 1635 2529 9611 1636 2530 9612 1568 2530 9613 1572 2530 9614 1591 2531 9615 1593 2531 9616 1610 2531 9617 1636 2532 9618 1611 2532 9619 1568 2532 9620 1611 2533 9621 1564 2533 9622 1568 2533 9623 1571 99 9624 1637 99 9625 1638 99 9626 1571 2534 9627 1638 2534 9628 1639 2534 9629 1571 2535 9630 1639 2535 9631 1640 2535 9632 1575 99 9633 1571 99 9634 1640 99 9635 1575 2536 9636 1640 2536 9637 1641 2536 9638 1575 2537 9639 1641 2537 9640 1642 2537 9641 1575 99 9642 1642 99 9643 1643 99 9644 1567 2538 9645 1644 2538 9646 1645 2538 9647 1567 2539 9648 1645 2539 9649 1646 2539 9650 1567 99 9651 1646 99 9652 1647 99 9653 1567 2540 9654 1647 2540 9655 1637 2540 9656 1567 106 9657 1637 106 9658 1571 106 9659 1580 2541 9660 1643 2541 9661 1648 2541 9662 1580 2542 9663 1648 2542 9664 1649 2542 9665 1580 2543 9666 1649 2543 9667 1650 2543 9668 1580 2544 9669 1650 2544 9670 1651 2544 9671 1580 99 9672 1575 99 9673 1643 99 9674 1563 2545 9675 1652 2545 9676 1653 2545 9677 1563 99 9678 1653 99 9679 1644 99 9680 1563 99 9681 1644 99 9682 1567 99 9683 1582 99 9684 1580 99 9685 1651 99 9686 1582 2546 9687 1651 2546 9688 1654 2546 9689 1582 2547 9690 1654 2547 9691 1655 2547 9692 1562 99 9693 1656 99 9694 1657 99 9695 1562 99 9696 1657 99 9697 1658 99 9698 1562 99 9699 1658 99 9700 1659 99 9701 1562 2548 9702 1659 2548 9703 1652 2548 9704 1562 2549 9705 1652 2549 9706 1563 2549 9707 1584 2550 9708 1655 2550 9709 1660 2550 9710 1584 2551 9711 1660 2551 9712 1661 2551 9713 1584 99 9714 1582 99 9715 1655 99 9716 1577 99 9717 1662 99 9718 1663 99 9719 1577 99 9720 1663 99 9721 1664 99 9722 1577 99 9723 1664 99 9724 1656 99 9725 1577 99 9726 1656 99 9727 1562 99 9728 1586 2552 9729 1661 2552 9730 1665 2552 9731 1586 2553 9732 1665 2553 9733 1666 2553 9734 1586 2554 9735 1666 2554 9736 1667 2554 9737 1586 2555 9738 1584 2555 9739 1661 2555 9740 1573 2556 9741 1668 2556 9742 1669 2556 9743 1573 2557 9744 1669 2557 9745 1670 2557 9746 1573 2558 9747 1670 2558 9748 1662 2558 9749 1573 99 9750 1662 99 9751 1577 99 9752 1588 2559 9753 1667 2559 9754 1671 2559 9755 1588 99 9756 1671 99 9757 1672 99 9758 1588 99 9759 1586 99 9760 1667 99 9761 1673 2560 9762 1588 2560 9763 1672 2560 9764 1569 2561 9765 1674 2561 9766 1668 2561 9767 1569 99 9768 1668 99 9769 1573 99 9770 1675 2562 9771 1674 2562 9772 1569 2562 9773 1676 99 9774 1675 99 9775 1569 99 9776 1590 127 9777 1588 127 9778 1673 127 9779 1590 2563 9780 1673 2563 9781 1677 2563 9782 1678 99 9783 1590 99 9784 1677 99 9785 1565 99 9786 1676 99 9787 1569 99 9788 1679 99 9789 1590 99 9790 1678 99 9791 1679 2564 9792 1592 2564 9793 1590 2564 9794 1680 99 9795 1592 99 9796 1679 99 9797 1681 99 9798 1676 99 9799 1565 99 9800 1682 99 9801 1681 99 9802 1565 99 9803 1683 2565 9804 1682 2565 9805 1565 2565 9806 1683 2566 9807 1565 2566 9808 1559 2566 9809 1684 99 9810 1592 99 9811 1680 99 9812 1685 99 9813 1592 99 9814 1684 99 9815 1686 99 9816 1683 99 9817 1559 99 9818 1687 99 9819 1686 99 9820 1559 99 9821 1688 99 9822 1592 99 9823 1685 99 9824 1688 99 9825 1594 99 9826 1592 99 9827 1689 134 9828 1594 134 9829 1688 134 9830 1690 2567 9831 1687 2567 9832 1559 2567 9833 1690 2568 9834 1559 2568 9835 1558 2568 9836 1691 99 9837 1594 99 9838 1689 99 9839 1692 2569 9840 1690 2569 9841 1558 2569 9842 1693 2570 9843 1594 2570 9844 1691 2570 9845 1693 99 9846 1596 99 9847 1594 99 9848 1694 2571 9849 1692 2571 9850 1558 2571 9851 1694 99 9852 1558 99 9853 1608 99 9854 1695 99 9855 1596 99 9856 1693 99 9857 1696 2572 9858 1596 2572 9859 1695 2572 9860 1697 2573 9861 1694 2573 9862 1608 2573 9863 1698 99 9864 1596 99 9865 1696 99 9866 1698 99 9867 1598 99 9868 1596 99 9869 1699 99 9870 1697 99 9871 1608 99 9872 1699 2574 9873 1608 2574 9874 1606 2574 9875 1700 2575 9876 1598 2575 9877 1698 2575 9878 1701 99 9879 1598 99 9880 1700 99 9881 1702 2576 9882 1699 2576 9883 1606 2576 9884 1703 2577 9885 1598 2577 9886 1701 2577 9887 1704 99 9888 1702 99 9889 1606 99 9890 1705 99 9891 1598 99 9892 1703 99 9893 1705 99 9894 1600 99 9895 1598 99 9896 1706 2578 9897 1600 2578 9898 1705 2578 9899 1707 99 9900 1704 99 9901 1606 99 9902 1707 99 9903 1606 99 9904 1604 99 9905 1708 99 9906 1707 99 9907 1604 99 9908 1709 99 9909 1600 99 9910 1706 99 9911 1710 2579 9912 1604 2579 9913 1602 2579 9914 1710 99 9915 1708 99 9916 1604 99 9917 1711 2580 9918 1602 2580 9919 1600 2580 9920 1711 99 9921 1600 99 9922 1709 99 9923 1712 2581 9924 1602 2581 9925 1711 2581 9926 1713 99 9927 1710 99 9928 1602 99 9929 1713 2582 9930 1602 2582 9931 1712 2582 9932 1714 148 9933 1715 148 9934 1716 148 9935 1716 148 9936 1715 148 9937 1717 148 9938 1717 148 9939 1715 148 9940 1718 148 9941 1718 148 9942 1715 148 9943 1719 148 9944 1715 148 9945 1720 148 9946 1719 148 9947 1719 148 9948 1720 148 9949 1721 148 9950 1721 148 9951 1720 148 9952 1722 148 9953 1722 150 9954 1720 150 9955 1723 150 9956 1724 148 9957 1725 148 9958 1726 148 9959 1726 148 9960 1725 148 9961 1727 148 9962 1727 2583 9963 1725 2583 9964 1714 2583 9965 1714 2584 9966 1725 2584 9967 1715 2584 9968 1720 2585 9969 1728 2585 9970 1723 2585 9971 1723 2586 9972 1728 2586 9973 1729 2586 9974 1729 148 9975 1728 148 9976 1730 148 9977 1731 2587 9978 1732 2587 9979 1733 2587 9980 1733 148 9981 1732 148 9982 1734 148 9983 1734 148 9984 1732 148 9985 1724 148 9986 1724 148 9987 1732 148 9988 1725 148 9989 1730 148 9990 1735 148 9991 1736 148 9992 1736 148 9993 1735 148 9994 1737 148 9995 1737 148 9996 1735 148 9997 1738 148 9998 1728 148 9999 1735 148 10000 1730 148 10001 1731 148 10002 1739 148 10003 1732 148 10004 1740 2588 10005 1739 2588 10006 1741 2588 10007 1741 148 10008 1739 148 10009 1742 148 10010 1742 148 10011 1739 148 10012 1731 148 10013 1738 148 10014 1743 148 10015 1744 148 10016 1744 148 10017 1743 148 10018 1745 148 10019 1745 148 10020 1743 148 10021 1746 148 10022 1735 2589 10023 1743 2589 10024 1738 2589 10025 1747 148 10026 1748 148 10027 1749 148 10028 1749 148 10029 1748 148 10030 1750 148 10031 1750 2590 10032 1748 2590 10033 1740 2590 10034 1740 2591 10035 1748 2591 10036 1739 2591 10037 1743 2592 10038 1751 2592 10039 1746 2592 10040 1746 2593 10041 1751 2593 10042 1752 2593 10043 1752 2594 10044 1751 2594 10045 1753 2594 10046 1753 148 10047 1751 148 10048 1754 148 10049 1755 2595 10050 1756 2595 10051 1757 2595 10052 1757 148 10053 1756 148 10054 1747 148 10055 1747 2596 10056 1756 2596 10057 1748 2596 10058 1754 2597 10059 1758 2597 10060 1759 2597 10061 1759 2598 10062 1758 2598 10063 1760 2598 10064 1760 148 10065 1758 148 10066 1761 148 10067 1751 148 10068 1758 148 10069 1754 148 10070 1762 148 10071 1763 148 10072 1755 148 10073 1755 148 10074 1763 148 10075 1756 148 10076 1762 148 10077 1764 148 10078 1763 148 10079 1764 2599 10080 1765 2599 10081 1763 2599 10082 1761 2600 10083 1766 2600 10084 1767 2600 10085 1758 148 10086 1766 148 10087 1761 148 10088 1766 2601 10089 1768 2601 10090 1767 2601 10091 1765 2602 10092 1769 2602 10093 1763 2602 10094 1765 148 10095 1770 148 10096 1769 148 10097 1766 2603 10098 1771 2603 10099 1768 2603 10100 1766 148 10101 1772 148 10102 1771 148 10103 1770 148 10104 1773 148 10105 1769 148 10106 1772 2604 10107 1774 2604 10108 1771 2604 10109 1772 2605 10110 1775 2605 10111 1774 2605 10112 1773 2606 10113 1776 2606 10114 1769 2606 10115 1769 2607 10116 1776 2607 10117 1777 2607 10118 1776 148 10119 1778 148 10120 1777 148 10121 1778 148 10122 1779 148 10123 1777 148 10124 1772 2608 10125 1780 2608 10126 1775 2608 10127 1781 2609 10128 1780 2609 10129 1772 2609 10130 1781 2610 10131 1782 2610 10132 1780 2610 10133 1779 148 10134 1783 148 10135 1777 148 10136 1777 148 10137 1783 148 10138 1784 148 10139 1781 2611 10140 1785 2611 10141 1782 2611 10142 1783 148 10143 1786 148 10144 1784 148 10145 1781 148 10146 1787 148 10147 1785 148 10148 1781 148 10149 1788 148 10150 1787 148 10151 1789 2612 10152 1788 2612 10153 1781 2612 10154 1786 148 10155 1790 148 10156 1784 148 10157 1789 148 10158 1791 148 10159 1788 148 10160 1789 2613 10161 1792 2613 10162 1791 2613 10163 1790 2614 10164 1793 2614 10165 1784 2614 10166 1784 148 10167 1793 148 10168 1794 148 10169 1793 148 10170 1795 148 10171 1794 148 10172 1789 2615 10173 1796 2615 10174 1792 2615 10175 1797 2616 10176 1796 2616 10177 1789 2616 10178 1795 148 10179 1798 148 10180 1794 148 10181 1794 148 10182 1798 148 10183 1799 148 10184 1797 148 10185 1800 148 10186 1796 148 10187 1797 2617 10188 1801 2617 10189 1800 2617 10190 1798 148 10191 1802 148 10192 1799 148 10193 1797 148 10194 1803 148 10195 1801 148 10196 1804 148 10197 1803 148 10198 1797 148 10199 1802 148 10200 1805 148 10201 1799 148 10202 1805 148 10203 1806 148 10204 1799 148 10205 1799 148 10206 1806 148 10207 1807 148 10208 1804 148 10209 1808 148 10210 1803 148 10211 1804 2618 10212 1809 2618 10213 1808 2618 10214 1806 148 10215 1810 148 10216 1807 148 10217 1810 2619 10218 1811 2619 10219 1807 2619 10220 1812 2620 10221 1813 2620 10222 1804 2620 10223 1804 148 10224 1813 148 10225 1809 148 10226 1812 2621 10227 1814 2621 10228 1813 2621 10229 1812 2622 10230 1815 2622 10231 1814 2622 10232 1807 2623 10233 1815 2623 10234 1812 2623 10235 1811 148 10236 1815 148 10237 1807 148 10238 1816 2624 10239 1817 2624 10240 1758 2624 10241 1816 2625 10242 1758 2625 10243 1751 2625 10244 1818 2626 10245 1751 2626 10246 1743 2626 10247 1818 2627 10248 1816 2627 10249 1751 2627 10250 1819 2628 10251 1820 2628 10252 1739 2628 10253 1819 2629 10254 1739 2629 10255 1748 2629 10256 1821 2630 10257 1743 2630 10258 1735 2630 10259 1821 2631 10260 1818 2631 10261 1743 2631 10262 1822 2632 10263 1748 2632 10264 1756 2632 10265 1823 2633 10266 1735 2633 10267 1728 2633 10268 1822 2634 10269 1819 2634 10270 1748 2634 10271 1823 2635 10272 1821 2635 10273 1735 2635 10274 1824 2636 10275 1756 2636 10276 1763 2636 10277 1825 2637 10278 1728 2637 10279 1720 2637 10280 1824 2638 10281 1822 2638 10282 1756 2638 10283 1825 2637 10284 1823 2637 10285 1728 2637 10286 1826 2639 10287 1763 2639 10288 1769 2639 10289 1827 2640 10290 1720 2640 10291 1715 2640 10292 1826 2641 10293 1824 2641 10294 1763 2641 10295 1827 2642 10296 1825 2642 10297 1720 2642 10298 1828 2643 10299 1769 2643 10300 1777 2643 10301 1829 2644 10302 1715 2644 10303 1725 2644 10304 1828 2643 10305 1826 2643 10306 1769 2643 10307 1829 2645 10308 1827 2645 10309 1715 2645 10310 1830 2646 10311 1725 2646 10312 1732 2646 10313 1830 2647 10314 1829 2647 10315 1725 2647 10316 1831 2648 10317 1777 2648 10318 1784 2648 10319 1820 2649 10320 1732 2649 10321 1739 2649 10322 1831 2648 10323 1828 2648 10324 1777 2648 10325 1820 2650 10326 1830 2650 10327 1732 2650 10328 1832 2651 10329 1784 2651 10330 1794 2651 10331 1832 2652 10332 1831 2652 10333 1784 2652 10334 1833 2653 10335 1794 2653 10336 1799 2653 10337 1833 2653 10338 1832 2653 10339 1794 2653 10340 1834 2654 10341 1799 2654 10342 1807 2654 10343 1834 2655 10344 1833 2655 10345 1799 2655 10346 1835 2656 10347 1807 2656 10348 1812 2656 10349 1835 2656 10350 1834 2656 10351 1807 2656 10352 1836 2657 10353 1835 2657 10354 1812 2657 10355 1836 2658 10356 1812 2658 10357 1804 2658 10358 1837 2659 10359 1836 2659 10360 1804 2659 10361 1837 2659 10362 1804 2659 10363 1797 2659 10364 1838 2660 10365 1837 2660 10366 1797 2660 10367 1838 2661 10368 1797 2661 10369 1789 2661 10370 1839 2662 10371 1838 2662 10372 1789 2662 10373 1839 2663 10374 1789 2663 10375 1781 2663 10376 1840 2664 10377 1839 2664 10378 1781 2664 10379 1840 2665 10380 1781 2665 10381 1772 2665 10382 1841 2666 10383 1840 2666 10384 1772 2666 10385 1841 2667 10386 1772 2667 10387 1766 2667 10388 1817 2668 10389 1841 2668 10390 1766 2668 10391 1817 2669 10392 1766 2669 10393 1758 2669 10394 1842 99 10395 1840 99 10396 1843 99 10397 1842 99 10398 1839 99 10399 1840 99 10400 1844 2670 10401 1845 2670 10402 1826 2670 10403 1844 2671 10404 1826 2671 10405 1828 2671 10406 1846 99 10407 1839 99 10408 1842 99 10409 1827 2672 10410 1847 2672 10411 1848 2672 10412 1825 2673 10413 1848 2673 10414 1849 2673 10415 1825 99 10416 1827 99 10417 1848 99 10418 1829 2674 10419 1850 2674 10420 1847 2674 10421 1829 2675 10422 1847 2675 10423 1827 2675 10424 1823 2676 10425 1849 2676 10426 1851 2676 10427 1852 2677 10428 1844 2677 10429 1828 2677 10430 1852 2678 10431 1828 2678 10432 1831 2678 10433 1823 99 10434 1825 99 10435 1849 99 10436 1853 2679 10437 1838 2679 10438 1839 2679 10439 1853 2680 10440 1839 2680 10441 1846 2680 10442 1830 99 10443 1854 99 10444 1850 99 10445 1830 99 10446 1850 99 10447 1829 99 10448 1821 2681 10449 1851 2681 10450 1855 2681 10451 1856 2682 10452 1831 2682 10453 1832 2682 10454 1856 99 10455 1852 99 10456 1831 99 10457 1821 99 10458 1823 99 10459 1851 99 10460 1857 99 10461 1837 99 10462 1838 99 10463 1820 99 10464 1858 99 10465 1859 99 10466 1820 99 10467 1859 99 10468 1854 99 10469 1857 2683 10470 1838 2683 10471 1853 2683 10472 1820 2684 10473 1854 2684 10474 1830 2684 10475 1860 2685 10476 1837 2685 10477 1857 2685 10478 1860 99 10479 1836 99 10480 1837 99 10481 1818 2686 10482 1855 2686 10483 1861 2686 10484 1818 2687 10485 1821 2687 10486 1855 2687 10487 1862 2688 10488 1832 2688 10489 1833 2688 10490 1862 99 10491 1856 99 10492 1832 99 10493 1819 99 10494 1863 99 10495 1858 99 10496 1819 99 10497 1858 99 10498 1820 99 10499 1864 2689 10500 1836 2689 10501 1860 2689 10502 1865 99 10503 1833 99 10504 1834 99 10505 1865 99 10506 1862 99 10507 1833 99 10508 1816 2690 10509 1861 2690 10510 1866 2690 10511 1867 99 10512 1835 99 10513 1836 99 10514 1816 2691 10515 1866 2691 10516 1868 2691 10517 1867 99 10518 1836 99 10519 1864 99 10520 1816 2692 10521 1818 2692 10522 1861 2692 10523 1822 99 10524 1863 99 10525 1819 99 10526 1869 2693 10527 1834 2693 10528 1835 2693 10529 1869 99 10530 1835 99 10531 1867 99 10532 1869 99 10533 1865 99 10534 1834 99 10535 1817 2694 10536 1868 2694 10537 1870 2694 10538 1817 99 10539 1816 99 10540 1868 99 10541 1871 2695 10542 1863 2695 10543 1822 2695 10544 1824 99 10545 1871 99 10546 1822 99 10547 1841 99 10548 1817 99 10549 1870 99 10550 1841 2696 10551 1870 2696 10552 1872 2696 10553 1845 99 10554 1871 99 10555 1824 99 10556 1845 2697 10557 1824 2697 10558 1826 2697 10559 1843 99 10560 1841 99 10561 1872 99 10562 1843 99 10563 1840 99 10564 1841 99 10565 1873 2698 10566 1815 2698 10567 1811 2698 10568 1874 2699 10569 1811 2699 10570 1810 2699 10571 1874 2700 10572 1810 2700 10573 1806 2700 10574 1874 2701 10575 1806 2701 10576 1805 2701 10577 1874 2702 10578 1873 2702 10579 1811 2702 10580 1875 2703 10581 1805 2703 10582 1802 2703 10583 1875 2704 10584 1802 2704 10585 1798 2704 10586 1875 2705 10587 1874 2705 10588 1805 2705 10589 1876 2706 10590 1798 2706 10591 1795 2706 10592 1876 2707 10593 1795 2707 10594 1793 2707 10595 1876 2708 10596 1793 2708 10597 1790 2708 10598 1876 2709 10599 1875 2709 10600 1798 2709 10601 1877 2710 10602 1790 2710 10603 1786 2710 10604 1877 2711 10605 1786 2711 10606 1783 2711 10607 1877 2712 10608 1876 2712 10609 1790 2712 10610 1878 2713 10611 1783 2713 10612 1779 2713 10613 1878 2714 10614 1779 2714 10615 1778 2714 10616 1878 2715 10617 1778 2715 10618 1776 2715 10619 1878 2716 10620 1877 2716 10621 1783 2716 10622 1879 2717 10623 1776 2717 10624 1773 2717 10625 1879 2718 10626 1773 2718 10627 1770 2718 10628 1879 2719 10629 1878 2719 10630 1776 2719 10631 1880 2720 10632 1770 2720 10633 1765 2720 10634 1880 2721 10635 1765 2721 10636 1764 2721 10637 1880 2722 10638 1764 2722 10639 1762 2722 10640 1880 2723 10641 1879 2723 10642 1770 2723 10643 1881 2724 10644 1762 2724 10645 1755 2724 10646 1881 2725 10647 1755 2725 10648 1757 2725 10649 1881 2726 10650 1757 2726 10651 1747 2726 10652 1881 2727 10653 1880 2727 10654 1762 2727 10655 1882 2728 10656 1747 2728 10657 1749 2728 10658 1882 2729 10659 1749 2729 10660 1750 2729 10661 1882 2730 10662 1750 2730 10663 1740 2730 10664 1882 2731 10665 1881 2731 10666 1747 2731 10667 1883 2732 10668 1740 2732 10669 1741 2732 10670 1883 2733 10671 1741 2733 10672 1742 2733 10673 1883 2734 10674 1742 2734 10675 1731 2734 10676 1883 2735 10677 1882 2735 10678 1740 2735 10679 1884 2736 10680 1731 2736 10681 1733 2736 10682 1884 2737 10683 1733 2737 10684 1734 2737 10685 1884 2738 10686 1883 2738 10687 1731 2738 10688 1885 2739 10689 1734 2739 10690 1724 2739 10691 1885 2740 10692 1724 2740 10693 1726 2740 10694 1885 2741 10695 1726 2741 10696 1727 2741 10697 1885 2742 10698 1884 2742 10699 1734 2742 10700 1886 2743 10701 1727 2743 10702 1714 2743 10703 1886 2744 10704 1714 2744 10705 1716 2744 10706 1886 2745 10707 1716 2745 10708 1717 2745 10709 1886 2746 10710 1885 2746 10711 1727 2746 10712 1887 2747 10713 1886 2747 10714 1717 2747 10715 1887 2748 10716 1717 2748 10717 1718 2748 10718 1887 2749 10719 1718 2749 10720 1719 2749 10721 1888 2750 10722 1887 2750 10723 1719 2750 10724 1888 2751 10725 1719 2751 10726 1721 2751 10727 1888 2752 10728 1721 2752 10729 1722 2752 10730 1888 2753 10731 1722 2753 10732 1723 2753 10733 1889 2754 10734 1888 2754 10735 1723 2754 10736 1889 2755 10737 1723 2755 10738 1729 2755 10739 1889 2756 10740 1729 2756 10741 1730 2756 10742 1889 2757 10743 1730 2757 10744 1736 2757 10745 1890 2758 10746 1889 2758 10747 1736 2758 10748 1890 2759 10749 1736 2759 10750 1737 2759 10751 1890 2760 10752 1737 2760 10753 1738 2760 10754 1891 2761 10755 1890 2761 10756 1738 2761 10757 1891 2762 10758 1738 2762 10759 1744 2762 10760 1891 2763 10761 1744 2763 10762 1745 2763 10763 1892 2764 10764 1745 2764 10765 1746 2764 10766 1892 2765 10767 1891 2765 10768 1745 2765 10769 1892 2766 10770 1746 2766 10771 1752 2766 10772 1893 2767 10773 1892 2767 10774 1752 2767 10775 1893 2768 10776 1752 2768 10777 1753 2768 10778 1893 2769 10779 1753 2769 10780 1754 2769 10781 1893 2770 10782 1754 2770 10783 1759 2770 10784 1894 2771 10785 1759 2771 10786 1760 2771 10787 1894 2772 10788 1760 2772 10789 1761 2772 10790 1894 2773 10791 1893 2773 10792 1759 2773 10793 1895 2774 10794 1761 2774 10795 1767 2774 10796 1895 2775 10797 1767 2775 10798 1768 2775 10799 1895 2776 10800 1768 2776 10801 1771 2776 10802 1895 2777 10803 1894 2777 10804 1761 2777 10805 1896 2778 10806 1771 2778 10807 1774 2778 10808 1896 2779 10809 1774 2779 10810 1775 2779 10811 1896 2780 10812 1895 2780 10813 1771 2780 10814 1897 2781 10815 1775 2781 10816 1780 2781 10817 1897 2782 10818 1780 2782 10819 1782 2782 10820 1897 2783 10821 1782 2783 10822 1785 2783 10823 1897 2784 10824 1896 2784 10825 1775 2784 10826 1898 2785 10827 1785 2785 10828 1787 2785 10829 1898 2786 10830 1787 2786 10831 1788 2786 10832 1898 2787 10833 1788 2787 10834 1791 2787 10835 1898 2788 10836 1897 2788 10837 1785 2788 10838 1899 2789 10839 1791 2789 10840 1792 2789 10841 1899 2790 10842 1792 2790 10843 1796 2790 10844 1899 2791 10845 1898 2791 10846 1791 2791 10847 1900 2792 10848 1899 2792 10849 1796 2792 10850 1900 2793 10851 1796 2793 10852 1800 2793 10853 1900 2794 10854 1800 2794 10855 1801 2794 10856 1900 2795 10857 1801 2795 10858 1803 2795 10859 1901 2796 10860 1900 2796 10861 1803 2796 10862 1901 2797 10863 1803 2797 10864 1808 2797 10865 1901 2798 10866 1808 2798 10867 1809 2798 10868 1902 2799 10869 1901 2799 10870 1809 2799 10871 1902 2800 10872 1809 2800 10873 1813 2800 10874 1902 2801 10875 1813 2801 10876 1814 2801 10877 1873 2802 10878 1902 2802 10879 1814 2802 10880 1873 2803 10881 1814 2803 10882 1815 2803 10883 1873 99 10884 1894 99 10885 1902 99 10886 1902 99 10887 1894 99 10888 1895 99 10889 1883 2804 10890 1888 2804 10891 1882 2804 10892 1884 99 10893 1888 99 10894 1883 99 10895 1887 99 10896 1888 99 10897 1884 99 10898 1874 2805 10899 1893 2805 10900 1873 2805 10901 1873 2806 10902 1893 2806 10903 1894 2806 10904 1879 2807 10905 1889 2807 10906 1878 2807 10907 1880 99 10908 1889 99 10909 1879 99 10910 1881 99 10911 1889 99 10912 1880 99 10913 1882 2808 10914 1889 2808 10915 1881 2808 10916 1888 2809 10917 1889 2809 10918 1882 2809 10919 1875 99 10920 1892 99 10921 1874 99 10922 1874 2810 10923 1892 2810 10924 1893 2810 10925 1877 99 10926 1890 99 10927 1876 99 10928 1878 99 10929 1890 99 10930 1877 99 10931 1889 99 10932 1890 99 10933 1878 99 10934 1876 99 10935 1891 99 10936 1875 99 10937 1875 2811 10938 1891 2811 10939 1892 2811 10940 1890 99 10941 1891 99 10942 1876 99 10943 1899 2812 10944 1897 2812 10945 1898 2812 10946 1900 99 10947 1897 99 10948 1899 99 10949 1901 99 10950 1896 99 10951 1900 99 10952 1900 99 10953 1896 99 10954 1897 99 10955 1902 99 10956 1895 99 10957 1901 99 10958 1901 2813 10959 1895 2813 10960 1896 2813 10961 1885 99 10962 1887 99 10963 1884 99 10964 1886 99 10965 1887 99 10966 1885 99 10967 1903 2814 10968 1713 2814 10969 1712 2814 10970 1904 2815 10971 1711 2815 10972 1709 2815 10973 1904 2816 10974 1712 2816 10975 1711 2816 10976 1904 2817 10977 1903 2817 10978 1712 2817 10979 1905 2818 10980 1904 2818 10981 1709 2818 10982 1906 2819 10983 1709 2819 10984 1706 2819 10985 1906 2820 10986 1905 2820 10987 1709 2820 10988 1907 2821 10989 1706 2821 10990 1705 2821 10991 1907 2822 10992 1906 2822 10993 1706 2822 10994 1908 2823 10995 1703 2823 10996 1701 2823 10997 1908 2824 10998 1705 2824 10999 1703 2824 11000 1908 2825 11001 1907 2825 11002 1705 2825 11003 1909 2826 11004 1908 2826 11005 1701 2826 11006 1910 2827 11007 1701 2827 11008 1700 2827 11009 1910 2828 11010 1909 2828 11011 1701 2828 11012 1911 2829 11013 1700 2829 11014 1698 2829 11015 1911 2830 11016 1910 2830 11017 1700 2830 11018 1912 2831 11019 1911 2831 11020 1698 2831 11021 1912 2832 11022 1698 2832 11023 1696 2832 11024 1913 2833 11025 1912 2833 11026 1696 2833 11027 1913 2834 11028 1695 2834 11029 1693 2834 11030 1913 2835 11031 1696 2835 11032 1695 2835 11033 1914 2836 11034 1913 2836 11035 1693 2836 11036 1915 2837 11037 1914 2837 11038 1693 2837 11039 1915 2838 11040 1693 2838 11041 1691 2838 11042 1916 2839 11043 1689 2839 11044 1688 2839 11045 1916 2840 11046 1691 2840 11047 1689 2840 11048 1916 2841 11049 1915 2841 11050 1691 2841 11051 1917 2842 11052 1916 2842 11053 1688 2842 11054 1918 2843 11055 1685 2843 11056 1684 2843 11057 1918 2844 11058 1688 2844 11059 1685 2844 11060 1918 2845 11061 1917 2845 11062 1688 2845 11063 1919 2846 11064 1918 2846 11065 1684 2846 11066 1920 2847 11067 1684 2847 11068 1680 2847 11069 1920 2848 11070 1919 2848 11071 1684 2848 11072 1921 2849 11073 1679 2849 11074 1678 2849 11075 1921 2850 11076 1680 2850 11077 1679 2850 11078 1921 2851 11079 1920 2851 11080 1680 2851 11081 1922 2852 11082 1921 2852 11083 1678 2852 11084 1923 2853 11085 1677 2853 11086 1673 2853 11087 1923 2854 11088 1678 2854 11089 1677 2854 11090 1923 2855 11091 1922 2855 11092 1678 2855 11093 1924 2856 11094 1673 2856 11095 1672 2856 11096 1924 2857 11097 1923 2857 11098 1673 2857 11099 1925 2858 11100 1924 2858 11101 1672 2858 11102 1926 2859 11103 1671 2859 11104 1667 2859 11105 1926 2860 11106 1672 2860 11107 1671 2860 11108 1926 2861 11109 1925 2861 11110 1672 2861 11111 1927 2862 11112 1667 2862 11113 1666 2862 11114 1927 2863 11115 1926 2863 11116 1667 2863 11117 1928 2864 11118 1927 2864 11119 1666 2864 11120 1929 2865 11121 1666 2865 11122 1665 2865 11123 1929 2866 11124 1928 2866 11125 1666 2866 11126 1930 2867 11127 1665 2867 11128 1661 2867 11129 1930 2868 11130 1929 2868 11131 1665 2868 11132 1931 2869 11133 1661 2869 11134 1660 2869 11135 1931 2870 11136 1930 2870 11137 1661 2870 11138 1932 2871 11139 1660 2871 11140 1655 2871 11141 1932 2872 11142 1931 2872 11143 1660 2872 11144 1933 2873 11145 1655 2873 11146 1654 2873 11147 1933 2874 11148 1932 2874 11149 1655 2874 11150 1934 2875 11151 1933 2875 11152 1654 2875 11153 1935 2876 11154 1654 2876 11155 1651 2876 11156 1935 2877 11157 1934 2877 11158 1654 2877 11159 1936 2878 11160 1650 2878 11161 1649 2878 11162 1936 2879 11163 1651 2879 11164 1650 2879 11165 1936 2880 11166 1935 2880 11167 1651 2880 11168 1937 2881 11169 1649 2881 11170 1648 2881 11171 1937 2882 11172 1936 2882 11173 1649 2882 11174 1938 2883 11175 1937 2883 11176 1648 2883 11177 1938 2884 11178 1648 2884 11179 1643 2884 11180 1939 2885 11181 1938 2885 11182 1643 2885 11183 1939 2886 11184 1643 2886 11185 1642 2886 11186 1940 2887 11187 1939 2887 11188 1642 2887 11189 1940 2888 11190 1642 2888 11191 1641 2888 11192 1941 2889 11193 1940 2889 11194 1641 2889 11195 1941 2890 11196 1641 2890 11197 1640 2890 11198 1942 2891 11199 1941 2891 11200 1640 2891 11201 1942 2892 11202 1639 2892 11203 1638 2892 11204 1942 2893 11205 1640 2893 11206 1639 2893 11207 1943 2894 11208 1942 2894 11209 1638 2894 11210 1943 2895 11211 1638 2895 11212 1637 2895 11213 1944 2896 11214 1943 2896 11215 1637 2896 11216 1945 2897 11217 1944 2897 11218 1637 2897 11219 1945 2898 11220 1647 2898 11221 1646 2898 11222 1945 2899 11223 1637 2899 11224 1647 2899 11225 1946 2900 11226 1945 2900 11227 1646 2900 11228 1946 2901 11229 1646 2901 11230 1645 2901 11231 1947 2902 11232 1946 2902 11233 1645 2902 11234 1947 2903 11235 1645 2903 11236 1644 2903 11237 1948 2904 11238 1947 2904 11239 1644 2904 11240 1948 2905 11241 1644 2905 11242 1653 2905 11243 1949 2906 11244 1653 2906 11245 1652 2906 11246 1949 2907 11247 1948 2907 11248 1653 2907 11249 1950 2908 11250 1652 2908 11251 1659 2908 11252 1950 2909 11253 1949 2909 11254 1652 2909 11255 1951 2910 11256 1658 2910 11257 1657 2910 11258 1951 2911 11259 1659 2911 11260 1658 2911 11261 1951 2912 11262 1950 2912 11263 1659 2912 11264 1952 2913 11265 1951 2913 11266 1657 2913 11267 1953 2914 11268 1657 2914 11269 1656 2914 11270 1953 2915 11271 1952 2915 11272 1657 2915 11273 1954 2916 11274 1656 2916 11275 1664 2916 11276 1954 2917 11277 1953 2917 11278 1656 2917 11279 1955 2918 11280 1664 2918 11281 1663 2918 11282 1955 2919 11283 1954 2919 11284 1664 2919 11285 1956 2920 11286 1662 2920 11287 1670 2920 11288 1956 2921 11289 1663 2921 11290 1662 2921 11291 1956 2922 11292 1955 2922 11293 1663 2922 11294 1957 2923 11295 1956 2923 11296 1670 2923 11297 1958 2924 11298 1670 2924 11299 1669 2924 11300 1958 2925 11301 1957 2925 11302 1670 2925 11303 1959 2926 11304 1668 2926 11305 1674 2926 11306 1959 2927 11307 1669 2927 11308 1668 2927 11309 1959 2928 11310 1958 2928 11311 1669 2928 11312 1960 2929 11313 1959 2929 11314 1674 2929 11315 1961 2930 11316 1675 2930 11317 1676 2930 11318 1961 2931 11319 1674 2931 11320 1675 2931 11321 1961 2932 11322 1960 2932 11323 1674 2932 11324 1962 2933 11325 1676 2933 11326 1681 2933 11327 1962 2934 11328 1961 2934 11329 1676 2934 11330 1963 2935 11331 1962 2935 11332 1681 2935 11333 1964 2936 11334 1963 2936 11335 1681 2936 11336 1964 2937 11337 1682 2937 11338 1683 2937 11339 1964 2938 11340 1681 2938 11341 1682 2938 11342 1965 2939 11343 1964 2939 11344 1683 2939 11345 1965 2940 11346 1683 2940 11347 1686 2940 11348 1966 2941 11349 1965 2941 11350 1686 2941 11351 1967 2942 11352 1966 2942 11353 1686 2942 11354 1967 2943 11355 1687 2943 11356 1690 2943 11357 1967 2944 11358 1686 2944 11359 1687 2944 11360 1968 2945 11361 1967 2945 11362 1690 2945 11363 1969 2946 11364 1968 2946 11365 1690 2946 11366 1969 2947 11367 1690 2947 11368 1692 2947 11369 1970 2948 11370 1692 2948 11371 1694 2948 11372 1970 2949 11373 1969 2949 11374 1692 2949 11375 1971 2950 11376 1970 2950 11377 1694 2950 11378 1972 2951 11379 1694 2951 11380 1697 2951 11381 1972 2952 11382 1971 2952 11383 1694 2952 11384 1973 2953 11385 1972 2953 11386 1697 2953 11387 1973 2954 11388 1697 2954 11389 1699 2954 11390 1974 2955 11391 1973 2955 11392 1699 2955 11393 1975 2956 11394 1974 2956 11395 1699 2956 11396 1975 2957 11397 1699 2957 11398 1702 2957 11399 1976 2958 11400 1975 2958 11401 1702 2958 11402 1976 2959 11403 1704 2959 11404 1707 2959 11405 1976 2960 11406 1702 2960 11407 1704 2960 11408 1977 2961 11409 1976 2961 11410 1707 2961 11411 1977 2962 11412 1707 2962 11413 1708 2962 11414 1978 2963 11415 1977 2963 11416 1708 2963 11417 1978 2964 11418 1708 2964 11419 1710 2964 11420 1979 2965 11421 1978 2965 11422 1710 2965 11423 1980 2966 11424 1979 2966 11425 1710 2966 11426 1980 2967 11427 1710 2967 11428 1713 2967 11429 1903 2968 11430 1980 2968 11431 1713 2968 11432 1942 2969 11433 1969 2969 11434 1970 2969 11435 1916 2970 11436 1912 2970 11437 1913 2970 11438 1942 148 11439 1943 148 11440 1969 148 11441 1916 2971 11442 1913 2971 11443 1915 2971 11444 1923 2972 11445 1905 2972 11446 1906 2972 11447 1948 148 11448 1949 148 11449 1964 148 11450 1948 2973 11451 1964 2973 11452 1965 2973 11453 1923 148 11454 1906 148 11455 1922 148 11456 1953 2974 11457 1954 2974 11458 1960 2974 11459 1941 2975 11460 1942 2975 11461 1970 2975 11462 1924 2976 11463 1904 2976 11464 1905 2976 11465 1917 2977 11466 1911 2977 11467 1912 2977 11468 1917 148 11469 1912 148 11470 1916 148 11471 1924 148 11472 1905 148 11473 1923 148 11474 1940 148 11475 1941 148 11476 1970 148 11477 1952 148 11478 1953 148 11479 1960 148 11480 1947 2978 11481 1965 2978 11482 1966 2978 11483 1952 2979 11484 1960 2979 11485 1961 2979 11486 1925 2980 11487 1904 2980 11488 1924 2980 11489 1925 2981 11490 1903 2981 11491 1904 2981 11492 1947 148 11493 1948 148 11494 1965 148 11495 1926 148 11496 1903 148 11497 1925 148 11498 1918 2982 11499 1910 2982 11500 1911 2982 11501 1918 2983 11502 1911 2983 11503 1917 2983 11504 1939 2984 11505 1940 2984 11506 1970 2984 11507 1939 2985 11508 1970 2985 11509 1971 2985 11510 1951 148 11511 1952 148 11512 1961 148 11513 1946 2986 11514 1966 2986 11515 1967 2986 11516 1951 2987 11517 1961 2987 11518 1962 2987 11519 1951 2988 11520 1962 2988 11521 1963 2988 11522 1938 560 11523 1939 560 11524 1971 560 11525 1937 2989 11526 1938 2989 11527 1971 2989 11528 1946 148 11529 1947 148 11530 1966 148 11531 1937 2990 11532 1971 2990 11533 1972 2990 11534 1919 148 11535 1910 148 11536 1918 148 11537 1956 2991 11538 1957 2991 11539 1958 2991 11540 1956 2992 11541 1958 2992 11542 1959 2992 11543 1927 2993 11544 1979 2993 11545 1980 2993 11546 1927 2994 11547 1980 2994 11548 1903 2994 11549 1927 148 11550 1903 148 11551 1926 148 11552 1928 148 11553 1979 148 11554 1927 148 11555 1945 2995 11556 1967 2995 11557 1968 2995 11558 1928 2996 11559 1978 2996 11560 1979 2996 11561 1929 148 11562 1978 148 11563 1928 148 11564 1945 2997 11565 1946 2997 11566 1967 2997 11567 1929 2998 11568 1977 2998 11569 1978 2998 11570 1920 2999 11571 1908 2999 11572 1909 2999 11573 1920 3000 11574 1909 3000 11575 1910 3000 11576 1936 148 11577 1937 148 11578 1972 148 11579 1935 3001 11580 1972 3001 11581 1973 3001 11582 1935 3002 11583 1936 3002 11584 1972 3002 11585 1920 148 11586 1910 148 11587 1919 148 11588 1930 3003 11589 1977 3003 11590 1929 3003 11591 1930 3004 11592 1976 3004 11593 1977 3004 11594 1921 3005 11595 1907 3005 11596 1908 3005 11597 1915 148 11598 1913 148 11599 1914 148 11600 1921 148 11601 1908 148 11602 1920 148 11603 1955 3006 11604 1956 3006 11605 1959 3006 11606 1931 148 11607 1976 148 11608 1930 148 11609 1931 3007 11610 1975 3007 11611 1976 3007 11612 1934 3008 11613 1935 3008 11614 1973 3008 11615 1950 3009 11616 1951 3009 11617 1963 3009 11618 1934 3010 11619 1973 3010 11620 1974 3010 11621 1944 148 11622 1945 148 11623 1968 148 11624 1950 3011 11625 1963 3011 11626 1964 3011 11627 1933 148 11628 1934 148 11629 1974 148 11630 1932 148 11631 1975 148 11632 1931 148 11633 1932 148 11634 1933 148 11635 1974 148 11636 1932 3012 11637 1974 3012 11638 1975 3012 11639 1943 3013 11640 1968 3013 11641 1969 3013 11642 1954 3014 11643 1955 3014 11644 1959 3014 11645 1949 148 11646 1950 148 11647 1964 148 11648 1954 3015 11649 1959 3015 11650 1960 3015 11651 1943 3016 11652 1944 3016 11653 1968 3016 11654 1922 3017 11655 1906 3017 11656 1907 3017 11657 1922 148 11658 1907 148 11659 1921 148 11660 1981 3018 11661 1982 3018 11662 1983 3018 11663 1981 3019 11664 1984 3019 11665 1982 3019 11666 1867 3020 11667 1985 3020 11668 1869 3020 11669 1986 3021 11670 1871 3021 11671 1845 3021 11672 1986 3022 11673 1987 3022 11674 1871 3022 11675 1988 3023 11676 1989 3023 11677 1990 3023 11678 1988 3024 11679 1617 3024 11680 1614 3024 11681 1988 3025 11682 1990 3025 11683 1984 3025 11684 1988 3026 11685 1614 3026 11686 1989 3026 11687 1991 3027 11688 1981 3027 11689 1983 3027 11690 1991 3028 11691 1983 3028 11692 1992 3028 11693 1993 3029 11694 1845 3029 11695 1844 3029 11696 1994 3030 11697 1986 3030 11698 1845 3030 11699 1994 3031 11700 1845 3031 11701 1993 3031 11702 1995 3032 11703 1991 3032 11704 1992 3032 11705 1995 3033 11706 1992 3033 11707 1996 3033 11708 1997 3034 11709 1621 3034 11710 1617 3034 11711 1997 3035 11712 1988 3035 11713 1984 3035 11714 1997 3036 11715 1984 3036 11716 1981 3036 11717 1997 3037 11718 1617 3037 11719 1988 3037 11720 1998 3038 11721 1993 3038 11722 1844 3038 11723 1998 3039 11724 1844 3039 11725 1852 3039 11726 1999 3040 11727 1993 3040 11728 1998 3040 11729 1999 3041 11730 1994 3041 11731 1993 3041 11732 2000 3042 11733 1625 3042 11734 1621 3042 11735 2000 3043 11736 1621 3043 11737 1997 3043 11738 1631 3044 11739 1632 3044 11740 2001 3044 11741 2000 3045 11742 1997 3045 11743 1981 3045 11744 2000 3046 11745 1981 3046 11746 1991 3046 11747 2002 3047 11748 1995 3047 11749 1996 3047 11750 2002 3048 11751 1996 3048 11752 2003 3048 11753 2004 3049 11754 1998 3049 11755 1852 3049 11756 2004 3050 11757 1852 3050 11758 1856 3050 11759 2005 3051 11760 1629 3051 11761 1625 3051 11762 2005 3052 11763 1991 3052 11764 1995 3052 11765 2005 3053 11766 2000 3053 11767 1991 3053 11768 2005 3054 11769 1625 3054 11770 2000 3054 11771 2006 3055 11772 1998 3055 11773 2004 3055 11774 2006 3056 11775 1999 3056 11776 1998 3056 11777 2007 3057 11778 2003 3057 11779 1987 3057 11780 2007 3058 11781 2002 3058 11782 2003 3058 11783 2008 3059 11784 2004 3059 11785 1856 3059 11786 2008 3060 11787 1856 3060 11788 1862 3060 11789 2009 3061 11790 1634 3061 11791 1629 3061 11792 2009 3062 11793 1629 3062 11794 2005 3062 11795 2009 3063 11796 1995 3063 11797 2002 3063 11798 2009 3064 11799 2005 3064 11800 1995 3064 11801 2010 3065 11802 2004 3065 11803 2008 3065 11804 2010 3066 11805 2006 3066 11806 2004 3066 11807 2011 3067 11808 1987 3067 11809 1986 3067 11810 2011 3068 11811 2007 3068 11812 1987 3068 11813 2012 3069 11814 2008 3069 11815 1862 3069 11816 2012 3070 11817 1862 3070 11818 1865 3070 11819 2012 3071 11820 1985 3071 11821 2013 3071 11822 2012 3072 11823 1865 3072 11824 1985 3072 11825 2014 3073 11826 1636 3073 11827 1634 3073 11828 2014 3074 11829 1634 3074 11830 2009 3074 11831 2014 3075 11832 2002 3075 11833 2007 3075 11834 2014 3076 11835 2009 3076 11836 2002 3076 11837 2015 3077 11838 2008 3077 11839 2012 3077 11840 2015 3078 11841 2012 3078 11842 2013 3078 11843 2015 3079 11844 2010 3079 11845 2008 3079 11846 2015 3080 11847 2016 3080 11848 2010 3080 11849 2015 3081 11850 2013 3081 11851 2016 3081 11852 2017 3082 11853 1986 3082 11854 1994 3082 11855 2017 3083 11856 2011 3083 11857 1986 3083 11858 2018 3084 11859 1611 3084 11860 1636 3084 11861 2018 3085 11862 1636 3085 11863 2014 3085 11864 2018 3086 11865 2007 3086 11866 2011 3086 11867 2018 3087 11868 2014 3087 11869 2007 3087 11870 2019 3088 11871 2017 3088 11872 1994 3088 11873 2019 3089 11874 1994 3089 11875 1999 3089 11876 2020 3090 11877 1612 3090 11878 1611 3090 11879 2020 3091 11880 2011 3091 11881 2017 3091 11882 2020 3092 11883 2018 3092 11884 2011 3092 11885 2020 3093 11886 1611 3093 11887 2018 3093 11888 2021 3094 11889 1999 3094 11890 2006 3094 11891 2021 3095 11892 2019 3095 11893 1999 3095 11894 2022 3096 11895 1619 3096 11896 1612 3096 11897 2022 3097 11898 1612 3097 11899 2020 3097 11900 2022 3098 11901 2017 3098 11902 2019 3098 11903 2022 3099 11904 2020 3099 11905 2017 3099 11906 2023 3100 11907 2021 3100 11908 2006 3100 11909 2023 3101 11910 2006 3101 11911 2010 3101 11912 2023 3102 11913 2010 3102 11914 2016 3102 11915 2024 3103 11916 1622 3103 11917 1619 3103 11918 2024 3104 11919 2019 3104 11920 2021 3104 11921 2024 3105 11922 2022 3105 11923 2019 3105 11924 2024 3106 11925 1619 3106 11926 2022 3106 11927 2025 3107 11928 2026 3107 11929 2001 3107 11930 2025 3108 11931 2016 3108 11932 2026 3108 11933 2025 3109 11934 2023 3109 11935 2016 3109 11936 2027 3110 11937 1630 3110 11938 1626 3110 11939 2027 3111 11940 1626 3111 11941 1622 3111 11942 2027 3112 11943 2021 3112 11944 2023 3112 11945 2027 3113 11946 1622 3113 11947 2024 3113 11948 2027 3114 11949 2024 3114 11950 2021 3114 11951 2028 3115 11952 2027 3115 11953 2023 3115 11954 2028 3116 11955 1632 3116 11956 1630 3116 11957 2028 3117 11958 2001 3117 11959 1632 3117 11960 2028 3118 11961 2025 3118 11962 2001 3118 11963 2028 3119 11964 1630 3119 11965 2027 3119 11966 2028 3120 11967 2023 3120 11968 2025 3120 11969 1985 3121 11970 1865 3121 11971 1869 3121 11972 2029 3122 11973 2013 3122 11974 1985 3122 11975 2029 3123 11976 1867 3123 11977 1864 3123 11978 2029 3124 11979 1985 3124 11980 1867 3124 11981 2030 3125 11982 2013 3125 11983 2029 3125 11984 2030 3126 11985 2016 3126 11986 2013 3126 11987 2031 3127 11988 1864 3127 11989 1860 3127 11990 2031 3128 11991 2029 3128 11992 1864 3128 11993 2032 3129 11994 2016 3129 11995 2030 3129 11996 2032 3130 11997 2030 3130 11998 2029 3130 11999 2032 3131 12000 2029 3131 12001 2031 3131 12002 2033 3132 12003 2031 3132 12004 1860 3132 12005 2033 3133 12006 1860 3133 12007 1857 3133 12008 2034 3134 12009 2031 3134 12010 2033 3134 12011 2034 3135 12012 2032 3135 12013 2031 3135 12014 2035 3136 12015 2033 3136 12016 1857 3136 12017 2035 3137 12018 1853 3137 12019 1846 3137 12020 2035 3138 12021 1857 3138 12022 1853 3138 12023 2036 3139 12024 2033 3139 12025 2035 3139 12026 2036 3140 12027 2034 3140 12028 2033 3140 12029 2037 3141 12030 1846 3141 12031 1842 3141 12032 2037 3142 12033 2035 3142 12034 1846 3142 12035 2038 3143 12036 2035 3143 12037 2037 3143 12038 2038 3144 12039 2036 3144 12040 2035 3144 12041 2039 3145 12042 2037 3145 12043 1842 3145 12044 2039 3146 12045 1842 3146 12046 1843 3146 12047 2040 3147 12048 2037 3147 12049 2039 3147 12050 2040 3148 12051 2038 3148 12052 2037 3148 12053 2041 3149 12054 1631 3149 12055 2001 3149 12056 2041 3150 12057 1627 3150 12058 1631 3150 12059 2041 3151 12060 2001 3151 12061 2026 3151 12062 2041 3152 12063 2026 3152 12064 2016 3152 12065 2042 3153 12066 1872 3153 12067 1870 3153 12068 2042 3154 12069 1843 3154 12070 1872 3154 12071 2042 3155 12072 2039 3155 12073 1843 3155 12074 2043 3156 12075 1627 3156 12076 2041 3156 12077 2043 3157 12078 1624 3157 12079 1627 3157 12080 2043 3158 12081 2041 3158 12082 2016 3158 12083 2043 3159 12084 2016 3159 12085 2032 3159 12086 2044 3160 12087 2040 3160 12088 2039 3160 12089 2044 3161 12090 2039 3161 12091 2042 3161 12092 2045 3162 12093 2032 3162 12094 2034 3162 12095 2045 3163 12096 1624 3163 12097 2043 3163 12098 2045 3164 12099 1620 3164 12100 1624 3164 12101 2045 3165 12102 2043 3165 12103 2032 3165 12104 2046 3166 12105 2042 3166 12106 1870 3166 12107 2046 3167 12108 1868 3167 12109 1866 3167 12110 2046 3168 12111 1870 3168 12112 1868 3168 12113 2047 3169 12114 2034 3169 12115 2036 3169 12116 2047 3170 12117 2045 3170 12118 2034 3170 12119 2047 3171 12120 1620 3171 12121 2045 3171 12122 2048 3172 12123 2044 3172 12124 2042 3172 12125 2048 3173 12126 2042 3173 12127 2046 3173 12128 2049 3174 12129 2047 3174 12130 2036 3174 12131 2049 3175 12132 2036 3175 12133 2038 3175 12134 2050 3176 12135 2046 3176 12136 1866 3176 12137 2050 3177 12138 1866 3177 12139 1861 3177 12140 2051 3178 12141 2046 3178 12142 2050 3178 12143 2051 3179 12144 2048 3179 12145 2046 3179 12146 2052 3180 12147 1861 3180 12148 1855 3180 12149 2052 3181 12150 2050 3181 12151 1861 3181 12152 2053 3182 12153 2038 3182 12154 2040 3182 12155 2053 3183 12156 2049 3183 12157 2038 3183 12158 2054 3184 12159 2051 3184 12160 2050 3184 12161 2054 3185 12162 2050 3185 12163 2052 3185 12164 2055 3186 12165 1613 3186 12166 1620 3186 12167 2055 3187 12168 1620 3187 12169 2047 3187 12170 2055 3188 12171 2047 3188 12172 2049 3188 12173 2056 3189 12174 2052 3189 12175 1855 3189 12176 2056 3190 12177 1851 3190 12178 1849 3190 12179 2056 3191 12180 1855 3191 12181 1851 3191 12182 2057 3192 12183 2040 3192 12184 2044 3192 12185 2057 3193 12186 2053 3193 12187 2040 3193 12188 2058 3194 12189 2056 3194 12190 1849 3194 12191 2058 3195 12192 2054 3195 12193 2052 3195 12194 2058 3196 12195 2052 3196 12196 2056 3196 12197 2059 3197 12198 1613 3197 12199 2055 3197 12200 2059 3198 12201 2049 3198 12202 2053 3198 12203 2059 3199 12204 1610 3199 12205 1609 3199 12206 2059 3200 12207 1609 3200 12208 1613 3200 12209 2059 3201 12210 2055 3201 12211 2049 3201 12212 2060 3202 12213 2058 3202 12214 1849 3202 12215 2060 3203 12216 1849 3203 12217 1848 3203 12218 2061 3204 12219 2044 3204 12220 2048 3204 12221 2061 3205 12222 2057 3205 12223 2044 3205 12224 2062 3206 12225 1635 3206 12226 1610 3206 12227 2062 3207 12228 2053 3207 12229 2057 3207 12230 2062 3208 12231 1610 3208 12232 2059 3208 12233 2062 3209 12234 2059 3209 12235 2053 3209 12236 2063 3210 12237 2060 3210 12238 1848 3210 12239 2063 3211 12240 1848 3211 12241 1847 3211 12242 2064 3212 12243 2061 3212 12244 2048 3212 12245 2064 3213 12246 2048 3213 12247 2051 3213 12248 2065 3214 12249 2063 3214 12250 1847 3214 12251 2066 3215 12252 1635 3215 12253 2062 3215 12254 2066 3216 12255 1633 3216 12256 1635 3216 12257 2066 3217 12258 2057 3217 12259 2061 3217 12260 2066 3218 12261 2062 3218 12262 2057 3218 12263 2067 3219 12264 2064 3219 12265 2051 3219 12266 2067 3220 12267 2051 3220 12268 2054 3220 12269 1982 3221 12270 2065 3221 12271 1847 3221 12272 1982 3222 12273 1847 3222 12274 1850 3222 12275 2068 3223 12276 1628 3223 12277 1633 3223 12278 2068 3224 12279 2061 3224 12280 2064 3224 12281 2068 3225 12282 1633 3225 12283 2066 3225 12284 2068 3226 12285 2066 3226 12286 2061 3226 12287 2069 3227 12288 2054 3227 12289 2058 3227 12290 2069 3228 12291 2067 3228 12292 2054 3228 12293 1983 3229 12294 1982 3229 12295 1850 3229 12296 1983 3230 12297 1850 3230 12298 1854 3230 12299 2070 3231 12300 2069 3231 12301 2058 3231 12302 2070 3232 12303 2058 3232 12304 2060 3232 12305 2071 3233 12306 1623 3233 12307 1628 3233 12308 2071 3234 12309 1628 3234 12310 2068 3234 12311 2071 3235 12312 2064 3235 12313 2067 3235 12314 2071 3236 12315 2068 3236 12316 2064 3236 12317 1992 3237 12318 1854 3237 12319 1859 3237 12320 1992 3238 12321 1983 3238 12322 1854 3238 12323 2072 3239 12324 2060 3239 12325 2063 3239 12326 2072 3240 12327 2070 3240 12328 2060 3240 12329 2073 3241 12330 1618 3241 12331 1623 3241 12332 2073 3242 12333 2067 3242 12334 2069 3242 12335 2073 3243 12336 2071 3243 12337 2067 3243 12338 2073 3244 12339 1623 3244 12340 2071 3244 12341 1996 3245 12342 1859 3245 12343 1858 3245 12344 1996 3246 12345 1992 3246 12346 1859 3246 12347 2074 3247 12348 1616 3247 12349 1618 3247 12350 2074 3248 12351 1618 3248 12352 2073 3248 12353 2074 3249 12354 2073 3249 12355 2069 3249 12356 2074 3250 12357 2069 3250 12358 2070 3250 12359 1990 3251 12360 2063 3251 12361 2065 3251 12362 1990 3252 12363 2072 3252 12364 2063 3252 12365 2003 3253 12366 1858 3253 12367 1863 3253 12368 2003 3254 12369 1996 3254 12370 1858 3254 12371 2075 3255 12372 1615 3255 12373 1616 3255 12374 2075 3256 12375 1616 3256 12376 2074 3256 12377 2075 3257 12378 2070 3257 12379 2072 3257 12380 2075 3258 12381 2074 3258 12382 2070 3258 12383 1984 3259 12384 2065 3259 12385 1982 3259 12386 1984 3260 12387 1990 3260 12388 2065 3260 12389 1987 3261 12390 1863 3261 12391 1871 3261 12392 1987 3262 12393 2003 3262 12394 1863 3262 12395 1989 3263 12396 1614 3263 12397 1615 3263 12398 1989 3264 12399 2072 3264 12400 1990 3264 12401 1989 3265 12402 1615 3265 12403 2075 3265 12404 1989 3266 12405 2075 3266 12406 2072 3266 12407</p>
        </triangles>
      </mesh>
    </geometry>
  </library_geometries>
  <library_visual_scenes>
    <visual_scene id="Scene" name="Scene">
      <node id="FMURubber" name="FMURubber" type="NODE">
        <matrix sid="transform">1 0 0 0 0 1 0 0 0 0 1 0 0 0 0 1</matrix>
        <instance_geometry url="#FMURubber-mesh" name="FMURubber">
          <bind_material>
            <technique_common>
              <instance_material symbol="FMURubber-material" target="#FMURubber-material">
                <bind_vertex_input semantic="UVMap" input_semantic="TEXCOORD" input_set="0" />
              </instance_material>
            </technique_common>
          </bind_material>
        </instance_geometry>
      </node>
    </visual_scene>
  </library_visual_scenes>
  <scene>
    <instance_visual_scene url="#Scene" />
  </scene>
</COLLADA>