<?xml version='1.0' encoding='utf-8'?>
<COLLADA xmlns="http://www.collada.org/2005/11/COLLADASchema" version="1.4.1">
  <asset>
    <contributor>
      <author>Blender User</author>
      <authoring_tool>Blender 2.82.7</authoring_tool>
    </contributor>
    <created>2021-04-21T20:42:04</created>
    <modified>2021-04-21T20:42:04</modified>
    <unit name="meter" meter="1" />
    <up_axis>Z_UP</up_axis>
  </asset>
  <library_lights>
    <light id="Sun-light" name="Sun">
      <technique_common>
        <directional>
          <color sid="color">1 1 1</color>
        </directional>
      </technique_common>
      <extra>
        <technique profile="blender">
          <type sid="type" type="int">1</type>
          <flag sid="flag" type="int">0</flag>
          <mode sid="mode" type="int">1</mode>
          <gamma sid="blender_gamma" type="float">1</gamma>
          <red sid="red" type="float">1</red>
          <green sid="green" type="float">1</green>
          <blue sid="blue" type="float">1</blue>
          <shadow_r sid="blender_shadow_r" type="float">0</shadow_r>
          <shadow_g sid="blender_shadow_g" type="float">0</shadow_g>
          <shadow_b sid="blender_shadow_b" type="float">0</shadow_b>
          <energy sid="blender_energy" type="float">1</energy>
          <dist sid="blender_dist" type="float">12.5</dist>
          <spotsize sid="spotsize" type="float">45</spotsize>
          <spotblend sid="spotblend" type="float">0.15</spotblend>
          <att1 sid="att1" type="float">0</att1>
          <att2 sid="att2" type="float">1</att2>
          <falloff_type sid="falloff_type" type="int">2</falloff_type>
          <clipsta sid="clipsta" type="float">0.04999995</clipsta>
          <clipend sid="clipend" type="float">40</clipend>
          <bias sid="bias" type="float">1</bias>
          <soft sid="soft" type="float">3</soft>
          <bufsize sid="bufsize" type="int">512</bufsize>
          <samp sid="samp" type="int">3</samp>
          <buffers sid="buffers" type="int">1</buffers>
          <area_shape sid="area_shape" type="int">0</area_shape>
          <area_size sid="area_size" type="float">0.125</area_size>
          <area_sizey sid="area_sizey" type="float">0.125</area_sizey>
          <area_sizez sid="area_sizez" type="float">0.125</area_sizez>
        </technique>
      </extra>
    </light>
  </library_lights>
  <library_effects>
    <effect id="LandingFoam-effect">
      <profile_COMMON>
        <technique sid="common">
          <lambert>
            <emission>
              <color sid="emission">0 0 0 1</color>
            </emission>
            <ambient>
              <color sid="ambient">0.7019608 0.7019608 0.7019608 1</color>
            </ambient>
            <diffuse>
              <color sid="diffuse">0.7019608 0.7019608 0.7019608 1</color>
            </diffuse>
            <reflectivity>
              <float sid="specular">0.3</float>
            </reflectivity>
            <index_of_refraction>
              <float sid="ior">1.45</float>
            </index_of_refraction>
          </lambert>
        </technique>
      </profile_COMMON>
    </effect>
    <effect id="LandingRubber-effect">
      <profile_COMMON>
        <technique sid="common">
          <lambert>
            <emission>
              <color sid="emission">0 0 0 1</color>
            </emission>
            <ambient>
              <color sid="ambient">0.003921569 0.003921569 0.003921569 1</color>
            </ambient>
            <diffuse>
              <color sid="diffuse">0.003921569 0.003921569 0.003921569 1</color>
            </diffuse>
            <reflectivity>
              <float sid="specular">1</float>
            </reflectivity>
            <index_of_refraction>
              <float sid="ior">1.45</float>
            </index_of_refraction>
          </lambert>
        </technique>
      </profile_COMMON>
    </effect>
    <effect id="CarbonFiber-effect">
      <profile_COMMON>
        <newparam sid="CF_png-surface">
          <surface type="2D">
            <init_from>CF_png</init_from>
          </surface>
        </newparam>
        <newparam sid="CF_png-sampler">
          <sampler2D>
            <source>CF_png-surface</source>
          </sampler2D>
        </newparam>
        <technique sid="common">
          <lambert>
            <emission>
              <color sid="emission">0 0 0 1</color>
            </emission>
            <diffuse>
              <texture texture="CF_png-sampler" texcoord="UVMap" />
            </diffuse>
            <reflectivity>
              <float sid="specular">1</float>
            </reflectivity>
            <index_of_refraction>
              <float sid="ior">1.45</float>
            </index_of_refraction>
          </lambert>
        </technique>
      </profile_COMMON>
    </effect>
    <effect id="Metal-effect">
      <profile_COMMON>
        <technique sid="common">
          <lambert>
            <emission>
              <color sid="emission">0 0 0 1</color>
            </emission>
            <ambient>
              <color sid="ambient">0.3185468 0.3185468 0.3185468 1</color>
            </ambient>
            <diffuse>
              <color sid="diffuse">0.3185468 0.3185468 0.3185468 1</color>
            </diffuse>
            <reflectivity>
              <float sid="specular">1</float>
            </reflectivity>
            <index_of_refraction>
              <float sid="ior">1.45</float>
            </index_of_refraction>
          </lambert>
        </technique>
      </profile_COMMON>
    </effect>
    <effect id="RailsRubber-effect">
      <profile_COMMON>
        <technique sid="common">
          <lambert>
            <emission>
              <color sid="emission">0 0 0 1</color>
            </emission>
            <ambient>
              <color sid="ambient">0.1004815 0.1004815 0.1004815 1</color>
            </ambient>
            <diffuse>
              <color sid="diffuse">0.1004815 0.1004815 0.1004815 1</color>
            </diffuse>
            <reflectivity>
              <float sid="specular">0.5</float>
            </reflectivity>
            <index_of_refraction>
              <float sid="ior">1.45</float>
            </index_of_refraction>
          </lambert>
        </technique>
      </profile_COMMON>
    </effect>
    <effect id="FMUK66-effect">
      <profile_COMMON>
        <technique sid="common">
          <lambert>
            <emission>
              <color sid="emission">0 0 0 1</color>
            </emission>
            <ambient>
              <color sid="ambient">0.9960784 0.9960784 0.9960784 1</color>
            </ambient>
            <diffuse>
              <color sid="diffuse">0.9960784 0.9960784 0.9960784 1</color>
            </diffuse>
            <reflectivity>
              <float sid="specular">0.5</float>
            </reflectivity>
            <index_of_refraction>
              <float sid="ior">1.45</float>
            </index_of_refraction>
          </lambert>
        </technique>
      </profile_COMMON>
    </effect>
    <effect id="RailsAntennaHolder-effect">
      <profile_COMMON>
        <technique sid="common">
          <lambert>
            <emission>
              <color sid="emission">0 0 0 1</color>
            </emission>
            <ambient>
              <color sid="ambient">0.9568627 0.9568627 0 1</color>
            </ambient>
            <diffuse>
              <color sid="diffuse">0.9568627 0.9568627 0 1</color>
            </diffuse>
            <reflectivity>
              <float sid="specular">0.5</float>
            </reflectivity>
            <index_of_refraction>
              <float sid="ior">1.45</float>
            </index_of_refraction>
          </lambert>
        </technique>
      </profile_COMMON>
    </effect>
    <effect id="LandingPlastic-effect">
      <profile_COMMON>
        <technique sid="common">
          <lambert>
            <emission>
              <color sid="emission">0 0 0 1</color>
            </emission>
            <ambient>
              <color sid="ambient">0.5225216 0.5225216 0.5225216 1</color>
            </ambient>
            <diffuse>
              <color sid="diffuse">0.5225216 0.5225216 0.5225216 1</color>
            </diffuse>
            <reflectivity>
              <float sid="specular">0.5</float>
            </reflectivity>
            <index_of_refraction>
              <float sid="ior">1.45</float>
            </index_of_refraction>
          </lambert>
        </technique>
      </profile_COMMON>
    </effect>
    <effect id="FMURubber-effect">
      <profile_COMMON>
        <technique sid="common">
          <lambert>
            <emission>
              <color sid="emission">0 0 0 1</color>
            </emission>
            <ambient>
              <color sid="ambient">0.1882353 0.2313726 0.5882354 1</color>
            </ambient>
            <diffuse>
              <color sid="diffuse">0.1882353 0.2313726 0.5882354 1</color>
            </diffuse>
            <reflectivity>
              <float sid="specular">0.5</float>
            </reflectivity>
            <index_of_refraction>
              <float sid="ior">1.45</float>
            </index_of_refraction>
          </lambert>
        </technique>
      </profile_COMMON>
    </effect>
  </library_effects>
  <library_images>
    <image id="CF_png" name="CF_png">
      <init_from>CF.png</init_from>
    </image>
  </library_images>
  <library_materials>
    <material id="LandingFoam-material" name="LandingFoam">
      <instance_effect url="#LandingFoam-effect" />
    </material>
    <material id="LandingRubber-material" name="LandingRubber">
      <instance_effect url="#LandingRubber-effect" />
    </material>
    <material id="CarbonFiber-material" name="CarbonFiber">
      <instance_effect url="#CarbonFiber-effect" />
    </material>
    <material id="Metal-material" name="Metal">
      <instance_effect url="#Metal-effect" />
    </material>
    <material id="RailsRubber-material" name="RailsRubber">
      <instance_effect url="#RailsRubber-effect" />
    </material>
    <material id="FMUK66-material" name="FMUK66">
      <instance_effect url="#FMUK66-effect" />
    </material>
    <material id="RailsAntennaHolder-material" name="RailsAntennaHolder">
      <instance_effect url="#RailsAntennaHolder-effect" />
    </material>
    <material id="LandingPlastic-material" name="LandingPlastic">
      <instance_effect url="#LandingPlastic-effect" />
    </material>
    <material id="FMURubber-material" name="FMURubber">
      <instance_effect url="#FMURubber-effect" />
    </material>
  </library_materials>
  <library_geometries>
    <geometry id="LandingFoam-mesh" name="LandingFoam">
      <mesh>
        <source id="LandingFoam-mesh-positions">
          <float_array id="LandingFoam-mesh-positions-array" count="7488">-0.09884995 0.1353878 -0.2500797 -0.09735 0.1370955 -0.2491834 -0.09735 0.1353878 -0.2500797 -0.09884995 0.1370955 -0.2491834 -0.09884995 0.1335152 -0.2505412 -0.09735 0.1335152 -0.2505412 -0.09884995 0.1247834 -0.240685 -0.09735 0.1245509 -0.2425995 -0.09735 0.1247834 -0.240685 -0.09884995 0.1315867 -0.2505412 -0.09735 0.1315867 -0.2505412 -0.09884995 0.1245509 -0.2425995 -0.09884995 0.1254673 -0.2388817 -0.09735 0.1254673 -0.2388817 -0.09884995 0.1297141 -0.2500797 -0.09735 0.1297141 -0.2500797 -0.09884995 0.1265629 -0.2372945 -0.09735 0.1265629 -0.2372945 -0.09884995 0.1280065 -0.2491834 -0.09735 0.1280065 -0.2491834 -0.09884995 0.1280065 -0.2360157 -0.09735 0.1280065 -0.2360157 -0.09884995 0.1265629 -0.2479045 -0.09735 0.1265629 -0.2479045 -0.09884995 0.1297141 -0.2351194 -0.09735 0.1297141 -0.2351194 -0.09884995 0.1254673 -0.2463173 -0.09735 0.1254673 -0.2463173 -0.09884995 0.1247834 -0.2445141 -0.09735 0.1247834 -0.2445141 -0.09884995 0.1315867 -0.2346579 -0.09735 0.1315867 -0.2346579 -0.09884995 0.1335152 -0.2346579 -0.09735 0.1335152 -0.2346579 -0.09884995 0.1353878 -0.2351194 -0.09735 0.1353878 -0.2351194 -0.09884995 0.1370955 -0.2360157 -0.09735 0.1370955 -0.2360157 -0.09884995 0.1385391 -0.2372945 -0.09735 0.1385391 -0.2372945 -0.09884995 0.1396346 -0.2388817 -0.09735 0.1396346 -0.2388817 -0.09884995 0.1403185 -0.240685 -0.09735 0.1403185 -0.240685 -0.09884995 0.140551 -0.2425995 -0.09735 0.140551 -0.2425995 -0.09884995 0.1403185 -0.2445141 -0.09735 0.1403185 -0.2445141 -0.09884995 0.1396346 -0.2463173 -0.09735 0.1396346 -0.2463173 -0.09884995 0.1385391 -0.2479045 -0.09735 0.1385391 -0.2479045 -0.09884995 0.1290048 -0.2519497 -0.09884995 0.1422604 -0.2402064 -0.09884995 0.1414055 -0.2379523 -0.09884995 0.1313456 -0.2525266 -0.09884995 0.1250659 -0.2359683 -0.09884995 0.1268703 -0.2343697 -0.09884995 0.1290048 -0.2332494 -0.09884995 0.1236964 -0.2379523 -0.09884995 0.142551 -0.2425995 -0.09884995 0.1313456 -0.2326724 -0.09884995 0.1228416 -0.2402064 -0.09884995 0.1337563 -0.2525266 -0.09884995 0.1337563 -0.2326724 -0.09884995 0.122551 -0.2425995 -0.09884995 0.1422604 -0.2449927 -0.09884995 0.136097 -0.2519497 -0.09884995 0.1414055 -0.2472468 -0.09884995 0.1228416 -0.2449927 -0.09884995 0.1382316 -0.2508294 -0.09884995 0.1400361 -0.2492308 -0.09884995 0.136097 -0.2332494 -0.09884995 0.1236964 -0.2472468 -0.09884995 0.1382316 -0.2343697 -0.09884995 0.1250659 -0.2492308 -0.09884995 0.1400361 -0.2359683 -0.09884995 0.1268703 -0.2508294 -0.09735 0.1414055 -0.2379523 -0.09735 0.1422604 -0.2402064 -0.09735 0.1313456 -0.2525266 -0.09735 0.1290048 -0.2519497 -0.09735 0.1250659 -0.2359683 -0.09735 0.1268703 -0.2343697 -0.09735 0.1290048 -0.2332494 -0.09735 0.1236964 -0.2379523 -0.09735 0.142551 -0.2425995 -0.09735 0.1228416 -0.2402064 -0.09735 0.1313456 -0.2326724 -0.09735 0.1337563 -0.2525266 -0.09735 0.122551 -0.2425995 -0.09735 0.1422604 -0.2449927 -0.09735 0.136097 -0.2519497 -0.09735 0.1337563 -0.2326724 -0.09735 0.1414055 -0.2472468 -0.09735 0.1228416 -0.2449927 -0.09735 0.1382316 -0.2508294 -0.09735 0.1400361 -0.2492308 -0.09735 0.136097 -0.2332494 -0.09735 0.1236964 -0.2472468 -0.09735 0.1382316 -0.2343697 -0.09735 0.1250659 -0.2492308 -0.09735 0.1400361 -0.2359683 -0.09735 0.1268703 -0.2508294 -0.08359998 0.1313456 -0.2525266 -0.08359998 0.1290048 -0.2519497 -0.08359998 0.122551 -0.2425995 -0.08359998 0.1228416 -0.2402064 -0.08359998 0.1268703 -0.2508294 -0.08359998 0.1236964 -0.2379523 -0.08359998 0.1250659 -0.2492308 -0.08359998 0.1250659 -0.2359683 -0.08359998 0.1236964 -0.2472468 -0.08359998 0.1268703 -0.2343697 -0.08359998 0.1228416 -0.2449927 -0.08359998 0.1290048 -0.2332494 -0.08359998 0.1313456 -0.2326724 -0.08359998 0.1337563 -0.2326724 -0.08359998 0.136097 -0.2332494 -0.08359998 0.1382316 -0.2343697 -0.08359998 0.1400361 -0.2359683 -0.08359998 0.1414055 -0.2379523 -0.08359998 0.1422604 -0.2402064 -0.08359998 0.142551 -0.2425995 -0.08359998 0.1422604 -0.2449927 -0.08359998 0.1414055 -0.2472468 -0.08359998 0.1400361 -0.2492308 -0.08359998 0.1382316 -0.2508294 -0.08359998 0.136097 -0.2519497 -0.08359998 0.1337563 -0.2525266 -0.08359998 0.1353878 -0.2500797 -0.08209997 0.1370955 -0.2491834 -0.08209997 0.1353878 -0.2500797 -0.08359998 0.1370955 -0.2491834 -0.08359998 0.1335152 -0.2505412 -0.08209997 0.1335152 -0.2505412 -0.08359998 0.1247834 -0.240685 -0.08209997 0.1245509 -0.2425995 -0.08209997 0.1247834 -0.240685 -0.08359998 0.1315867 -0.2505412 -0.08209997 0.1315867 -0.2505412 -0.08359998 0.1245509 -0.2425995 -0.08359998 0.1254673 -0.2388817 -0.08209997 0.1254673 -0.2388817 -0.08359998 0.1297141 -0.2500797 -0.08209997 0.1297141 -0.2500797 -0.08359998 0.1265629 -0.2372945 -0.08209997 0.1265629 -0.2372945 -0.08359998 0.1280065 -0.2491834 -0.08209997 0.1280065 -0.2491834 -0.08359998 0.1280065 -0.2360157 -0.08209997 0.1280065 -0.2360157 -0.08359998 0.1265629 -0.2479045 -0.08209997 0.1265629 -0.2479045 -0.08359998 0.1297141 -0.2351194 -0.08209997 0.1297141 -0.2351194 -0.08359998 0.1254673 -0.2463173 -0.08209997 0.1254673 -0.2463173 -0.08359998 0.1247834 -0.2445141 -0.08209997 0.1247834 -0.2445141 -0.08359998 0.1315867 -0.2346579 -0.08209997 0.1315867 -0.2346579 -0.08359998 0.1335152 -0.2346579 -0.08209997 0.1335152 -0.2346579 -0.08359998 0.1353878 -0.2351194 -0.08209997 0.1353878 -0.2351194 -0.08359998 0.1370955 -0.2360157 -0.08209997 0.1370955 -0.2360157 -0.08359998 0.1385391 -0.2372945 -0.08209997 0.1385391 -0.2372945 -0.08359998 0.1396346 -0.2388817 -0.08209997 0.1396346 -0.2388817 -0.08359998 0.1403185 -0.240685 -0.08209997 0.1403185 -0.240685 -0.08359998 0.140551 -0.2425995 -0.08209997 0.140551 -0.2425995 -0.08359998 0.1403185 -0.2445141 -0.08209997 0.1403185 -0.2445141 -0.08359998 0.1396346 -0.2463173 -0.08209997 0.1396346 -0.2463173 -0.08359998 0.1385391 -0.2479045 -0.08209997 0.1385391 -0.2479045 -0.08209997 0.1422604 -0.2402064 -0.08209997 0.1414055 -0.2379523 -0.08209997 0.1313456 -0.2525266 -0.08209997 0.1290048 -0.2519497 -0.08209997 0.1250659 -0.2359683 -0.08209997 0.1268703 -0.2343697 -0.08209997 0.1236964 -0.2379523 -0.08209997 0.142551 -0.2425995 -0.08209997 0.1290048 -0.2332494 -0.08209997 0.1228416 -0.2402064 -0.08209997 0.1337563 -0.2525266 -0.08209997 0.1313456 -0.2326724 -0.08209997 0.122551 -0.2425995 -0.08209997 0.1422604 -0.2449927 -0.08209997 0.136097 -0.2519497 -0.08209997 0.1337563 -0.2326724 -0.08209997 0.1414055 -0.2472468 -0.08209997 0.1228416 -0.2449927 -0.08209997 0.1382316 -0.2508294 -0.08209997 0.1400361 -0.2492308 -0.08209997 0.136097 -0.2332494 -0.08209997 0.1236964 -0.2472468 -0.08209997 0.1382316 -0.2343697 -0.08209997 0.1250659 -0.2492308 -0.08209997 0.1400361 -0.2359683 -0.08209997 0.1268703 -0.2508294 -0.06834995 0.1337563 -0.2525266 -0.06834995 0.1313456 -0.2525266 -0.06834995 0.1290048 -0.2519497 -0.06834995 0.122551 -0.2425995 -0.06834995 0.1228416 -0.2402064 -0.06834995 0.1268703 -0.2508294 -0.06834995 0.1236964 -0.2379523 -0.06834995 0.1250659 -0.2492308 -0.06834995 0.1250659 -0.2359683 -0.06834995 0.1236964 -0.2472468 -0.06834995 0.1268703 -0.2343697 -0.06834995 0.1228416 -0.2449927 -0.06834995 0.1290048 -0.2332494 -0.06834995 0.1313456 -0.2326724 -0.06834995 0.1337563 -0.2326724 -0.06834995 0.136097 -0.2332494 -0.06834995 0.1382316 -0.2343697 -0.06834995 0.1400361 -0.2359683 -0.06834995 0.1414055 -0.2379523 -0.06834995 0.1422604 -0.2402064 -0.06834995 0.142551 -0.2425995 -0.06834995 0.1422604 -0.2449927 -0.06834995 0.1414055 -0.2472468 -0.06834995 0.1400361 -0.2492308 -0.06834995 0.1382316 -0.2508294 -0.06834995 0.136097 -0.2519497 -0.06834995 0.1353878 -0.2500797 -0.06685 0.1370955 -0.2491834 -0.06685 0.1353878 -0.2500797 -0.06834995 0.1370955 -0.2491834 -0.06834995 0.1335152 -0.2505412 -0.06685 0.1335152 -0.2505412 -0.06834995 0.1247834 -0.240685 -0.06685 0.1245509 -0.2425995 -0.06685 0.1247834 -0.240685 -0.06834995 0.1315867 -0.2505412 -0.06685 0.1315867 -0.2505412 -0.06834995 0.1245509 -0.2425995 -0.06834995 0.1254673 -0.2388817 -0.06685 0.1254673 -0.2388817 -0.06834995 0.1297141 -0.2500797 -0.06685 0.1297141 -0.2500797 -0.06834995 0.1265629 -0.2372945 -0.06685 0.1265629 -0.2372945 -0.06834995 0.1280065 -0.2491834 -0.06685 0.1280065 -0.2491834 -0.06834995 0.1280065 -0.2360157 -0.06685 0.1280065 -0.2360157 -0.06834995 0.1265629 -0.2479045 -0.06685 0.1265629 -0.2479045 -0.06834995 0.1297141 -0.2351194 -0.06685 0.1297141 -0.2351194 -0.06834995 0.1254673 -0.2463173 -0.06685 0.1254673 -0.2463173 -0.06834995 0.1247834 -0.2445141 -0.06685 0.1247834 -0.2445141 -0.06834995 0.1315867 -0.2346579 -0.06685 0.1315867 -0.2346579 -0.06834995 0.1335152 -0.2346579 -0.06685 0.1335152 -0.2346579 -0.06834995 0.1353878 -0.2351194 -0.06685 0.1353878 -0.2351194 -0.06834995 0.1370955 -0.2360157 -0.06685 0.1370955 -0.2360157 -0.06834995 0.1385391 -0.2372945 -0.06685 0.1385391 -0.2372945 -0.06834995 0.1396346 -0.2388817 -0.06685 0.1396346 -0.2388817 -0.06834995 0.1403185 -0.240685 -0.06685 0.1403185 -0.240685 -0.06834995 0.140551 -0.2425995 -0.06685 0.140551 -0.2425995 -0.06834995 0.1403185 -0.2445141 -0.06685 0.1403185 -0.2445141 -0.06834995 0.1396346 -0.2463173 -0.06685 0.1396346 -0.2463173 -0.06834995 0.1385391 -0.2479045 -0.06685 0.1385391 -0.2479045 -0.06685 0.1422604 -0.2402064 -0.06685 0.1414055 -0.2379523 -0.06685 0.1313456 -0.2525266 -0.06685 0.1290048 -0.2519497 -0.06685 0.1250659 -0.2359683 -0.06685 0.1268703 -0.2343697 -0.06685 0.1236964 -0.2379523 -0.06685 0.142551 -0.2425995 -0.06685 0.1290048 -0.2332494 -0.06685 0.1228416 -0.2402064 -0.06685 0.1337563 -0.2525266 -0.06685 0.1313456 -0.2326724 -0.06685 0.122551 -0.2425995 -0.06685 0.1422604 -0.2449927 -0.06685 0.136097 -0.2519497 -0.06685 0.1337563 -0.2326724 -0.06685 0.1414055 -0.2472468 -0.06685 0.1228416 -0.2449927 -0.06685 0.1382316 -0.2508294 -0.06685 0.1400361 -0.2492308 -0.06685 0.136097 -0.2332494 -0.06685 0.1236964 -0.2472468 -0.06685 0.1382316 -0.2343697 -0.06685 0.1250659 -0.2492308 -0.06685 0.1400361 -0.2359683 -0.06685 0.1268703 -0.2508294 -0.05309998 0.1337563 -0.2525266 -0.05309998 0.1313456 -0.2525266 -0.05309998 0.1290048 -0.2519497 -0.05309998 0.122551 -0.2425995 -0.05309998 0.1228416 -0.2402064 -0.05309998 0.1268703 -0.2508294 -0.05309998 0.1236964 -0.2379523 -0.05309998 0.1250659 -0.2492308 -0.05309998 0.1250659 -0.2359683 -0.05309998 0.1236964 -0.2472468 -0.05309998 0.1268703 -0.2343697 -0.05309998 0.1228416 -0.2449927 -0.05309998 0.1290048 -0.2332494 -0.05309998 0.1313456 -0.2326724 -0.05309998 0.1337563 -0.2326724 -0.05309998 0.136097 -0.2332494 -0.05309998 0.1382316 -0.2343697 -0.05309998 0.1400361 -0.2359683 -0.05309998 0.1414055 -0.2379523 -0.05309998 0.1422604 -0.2402064 -0.05309998 0.142551 -0.2425995 -0.05309998 0.1422604 -0.2449927 -0.05309998 0.1414055 -0.2472468 -0.05309998 0.1400361 -0.2492308 -0.05309998 0.1382316 -0.2508294 -0.05309998 0.136097 -0.2519497 -0.05309998 0.1353878 -0.2500797 -0.05159997 0.1370955 -0.2491834 -0.05159997 0.1353878 -0.2500797 -0.05309998 0.1370955 -0.2491834 -0.05309998 0.1335152 -0.2505412 -0.05159997 0.1335152 -0.2505412 -0.05309998 0.1247834 -0.240685 -0.05159997 0.1245509 -0.2425995 -0.05159997 0.1247834 -0.240685 -0.05309998 0.1315867 -0.2505412 -0.05159997 0.1315867 -0.2505412 -0.05309998 0.1245509 -0.2425995 -0.05309998 0.1254673 -0.2388817 -0.05159997 0.1254673 -0.2388817 -0.05309998 0.1297141 -0.2500797 -0.05159997 0.1297141 -0.2500797 -0.05309998 0.1265629 -0.2372945 -0.05159997 0.1265629 -0.2372945 -0.05309998 0.1280065 -0.2491834 -0.05159997 0.1280065 -0.2491834 -0.05309998 0.1280065 -0.2360157 -0.05159997 0.1280065 -0.2360157 -0.05309998 0.1265629 -0.2479045 -0.05159997 0.1265629 -0.2479045 -0.05309998 0.1297141 -0.2351194 -0.05159997 0.1297141 -0.2351194 -0.05309998 0.1254673 -0.2463173 -0.05159997 0.1254673 -0.2463173 -0.05309998 0.1247834 -0.2445141 -0.05159997 0.1247834 -0.2445141 -0.05309998 0.1315867 -0.2346579 -0.05159997 0.1315867 -0.2346579 -0.05309998 0.1335152 -0.2346579 -0.05159997 0.1335152 -0.2346579 -0.05309998 0.1353878 -0.2351194 -0.05159997 0.1353878 -0.2351194 -0.05309998 0.1370955 -0.2360157 -0.05159997 0.1370955 -0.2360157 -0.05309998 0.1385391 -0.2372945 -0.05159997 0.1385391 -0.2372945 -0.05309998 0.1396346 -0.2388817 -0.05159997 0.1396346 -0.2388817 -0.05309998 0.1403185 -0.240685 -0.05159997 0.1403185 -0.240685 -0.05309998 0.140551 -0.2425995 -0.05159997 0.140551 -0.2425995 -0.05309998 0.1403185 -0.2445141 -0.05159997 0.1403185 -0.2445141 -0.05309998 0.1396346 -0.2463173 -0.05159997 0.1396346 -0.2463173 -0.05309998 0.1385391 -0.2479045 -0.05159997 0.1385391 -0.2479045 -0.05159997 0.1422604 -0.2402064 -0.05159997 0.1414055 -0.2379523 -0.05159997 0.1313456 -0.2525266 -0.05159997 0.1290048 -0.2519497 -0.05159997 0.1250659 -0.2359683 -0.05159997 0.1268703 -0.2343697 -0.05159997 0.1236964 -0.2379523 -0.05159997 0.142551 -0.2425995 -0.05159997 0.1290048 -0.2332494 -0.05159997 0.1228416 -0.2402064 -0.05159997 0.122551 -0.2425995 -0.05159997 0.1337563 -0.2525266 -0.05159997 0.1313456 -0.2326724 -0.05159997 0.1422604 -0.2449927 -0.05159997 0.1337563 -0.2326724 -0.05159997 0.136097 -0.2519497 -0.05159997 0.1228416 -0.2449927 -0.05159997 0.1414055 -0.2472468 -0.05159997 0.1382316 -0.2508294 -0.05159997 0.1400361 -0.2492308 -0.05159997 0.136097 -0.2332494 -0.05159997 0.1236964 -0.2472468 -0.05159997 0.1382316 -0.2343697 -0.05159997 0.1250659 -0.2492308 -0.05159997 0.1400361 -0.2359683 -0.05159997 0.1268703 -0.2508294 -0.03784996 0.1313456 -0.2525266 -0.03784996 0.1290048 -0.2519497 -0.03784996 0.122551 -0.2425995 -0.03784996 0.1228416 -0.2402064 -0.03784996 0.1268703 -0.2508294 -0.03784996 0.1236964 -0.2379523 -0.03784996 0.1250659 -0.2492308 -0.03784996 0.1250659 -0.2359683 -0.03784996 0.1236964 -0.2472468 -0.03784996 0.1268703 -0.2343697 -0.03784996 0.1228416 -0.2449927 -0.03784996 0.1290048 -0.2332494 -0.03784996 0.1313456 -0.2326724 -0.03784996 0.1337563 -0.2326724 -0.03784996 0.136097 -0.2332494 -0.03784996 0.1382316 -0.2343697 -0.03784996 0.1400361 -0.2359683 -0.03784996 0.1414055 -0.2379523 -0.03784996 0.1422604 -0.2402064 -0.03784996 0.142551 -0.2425995 -0.03784996 0.1422604 -0.2449927 -0.03784996 0.1414055 -0.2472468 -0.03784996 0.1400361 -0.2492308 -0.03784996 0.1382316 -0.2508294 -0.03784996 0.136097 -0.2519497 -0.03784996 0.1337563 -0.2525266 -0.03784996 0.1353878 -0.2500797 -0.03634995 0.1370955 -0.2491834 -0.03634995 0.1353878 -0.2500797 -0.03784996 0.1370955 -0.2491834 -0.03784996 0.1335152 -0.2505412 -0.03634995 0.1335152 -0.2505412 -0.03784996 0.1247834 -0.240685 -0.03634995 0.1245509 -0.2425995 -0.03634995 0.1247834 -0.240685 -0.03784996 0.1315867 -0.2505412 -0.03634995 0.1315867 -0.2505412 -0.03784996 0.1245509 -0.2425995 -0.03784996 0.1254673 -0.2388817 -0.03634995 0.1254673 -0.2388817 -0.03784996 0.1297141 -0.2500797 -0.03634995 0.1297141 -0.2500797 -0.03784996 0.1265629 -0.2372945 -0.03634995 0.1265629 -0.2372945 -0.03784996 0.1280065 -0.2491834 -0.03634995 0.1280065 -0.2491834 -0.03784996 0.1280065 -0.2360157 -0.03634995 0.1280065 -0.2360157 -0.03784996 0.1265629 -0.2479045 -0.03634995 0.1265629 -0.2479045 -0.03784996 0.1297141 -0.2351194 -0.03634995 0.1297141 -0.2351194 -0.03784996 0.1254673 -0.2463173 -0.03634995 0.1254673 -0.2463173 -0.03784996 0.1247834 -0.2445141 -0.03634995 0.1247834 -0.2445141 -0.03784996 0.1315867 -0.2346579 -0.03634995 0.1315867 -0.2346579 -0.03784996 0.1335152 -0.2346579 -0.03634995 0.1335152 -0.2346579 -0.03784996 0.1353878 -0.2351194 -0.03634995 0.1353878 -0.2351194 -0.03784996 0.1370955 -0.2360157 -0.03634995 0.1370955 -0.2360157 -0.03784996 0.1385391 -0.2372945 -0.03634995 0.1385391 -0.2372945 -0.03784996 0.1396346 -0.2388817 -0.03634995 0.1396346 -0.2388817 -0.03784996 0.1403185 -0.240685 -0.03634995 0.1403185 -0.240685 -0.03784996 0.140551 -0.2425995 -0.03634995 0.140551 -0.2425995 -0.03784996 0.1403185 -0.2445141 -0.03634995 0.1403185 -0.2445141 -0.03784996 0.1396346 -0.2463173 -0.03634995 0.1396346 -0.2463173 -0.03784996 0.1385391 -0.2479045 -0.03634995 0.1385391 -0.2479045 -0.03634995 0.1414055 -0.2379523 -0.03634995 0.1422604 -0.2402064 -0.03634995 0.1313456 -0.2525266 -0.03634995 0.1290048 -0.2519497 -0.03634995 0.1250659 -0.2359683 -0.03634995 0.1268703 -0.2343697 -0.03634995 0.1290048 -0.2332494 -0.03634995 0.1236964 -0.2379523 -0.03634995 0.142551 -0.2425995 -0.03634995 0.1228416 -0.2402064 -0.03634995 0.1313456 -0.2326724 -0.03634995 0.1337563 -0.2525266 -0.03634995 0.122551 -0.2425995 -0.03634995 0.1422604 -0.2449927 -0.03634995 0.136097 -0.2519497 -0.03634995 0.1337563 -0.2326724 -0.03634995 0.1414055 -0.2472468 -0.03634995 0.1228416 -0.2449927 -0.03634995 0.1382316 -0.2508294 -0.03634995 0.1400361 -0.2492308 -0.03634995 0.136097 -0.2332494 -0.03634995 0.1236964 -0.2472468 -0.03634995 0.1382316 -0.2343697 -0.03634995 0.1250659 -0.2492308 -0.03634995 0.1400361 -0.2359683 -0.03634995 0.1268703 -0.2508294 -0.02259999 0.1313456 -0.2525266 -0.02259999 0.1290048 -0.2519497 -0.02259999 0.122551 -0.2425995 -0.02259999 0.1228416 -0.2402064 -0.02259999 0.1268703 -0.2508294 -0.02259999 0.1236964 -0.2379523 -0.02259999 0.1250659 -0.2492308 -0.02259999 0.1250659 -0.2359683 -0.02259999 0.1236964 -0.2472468 -0.02259999 0.1268703 -0.2343697 -0.02259999 0.1228416 -0.2449927 -0.02259999 0.1290048 -0.2332494 -0.02259999 0.1313456 -0.2326724 -0.02259999 0.1337563 -0.2326724 -0.02259999 0.136097 -0.2332494 -0.02259999 0.1382316 -0.2343697 -0.02259999 0.1400361 -0.2359683 -0.02259999 0.1414055 -0.2379523 -0.02259999 0.1422604 -0.2402064 -0.02259999 0.142551 -0.2425995 -0.02259999 0.1422604 -0.2449927 -0.02259999 0.1414055 -0.2472468 -0.02259999 0.1400361 -0.2492308 -0.02259999 0.1382316 -0.2508294 -0.02259999 0.136097 -0.2519497 -0.02259999 0.1337563 -0.2525266 -0.02259999 0.1353912 -0.2467144 -0.1126 0.134324 -0.2472746 -0.02259999 0.134324 -0.2472746 -0.1126 0.1353912 -0.2467144 -0.1126 0.1331537 -0.2475631 -0.02259999 0.1331537 -0.2475631 -0.1126 0.127551 -0.2425995 -0.1126 0.1276963 -0.241403 -0.02259999 0.127551 -0.2425995 -0.1126 0.1319483 -0.2475631 -0.02259999 0.1319483 -0.2475631 -0.02259999 0.1276963 -0.241403 -0.1126 0.1281237 -0.2402759 -0.02259999 0.1281237 -0.2402759 -0.1126 0.130778 -0.2472746 -0.02259999 0.130778 -0.2472746 -0.1126 0.1288084 -0.2392839 -0.02259999 0.1288084 -0.2392839 -0.1126 0.1297106 -0.2467144 -0.02259999 0.1297106 -0.2467144 -0.1126 0.1297106 -0.2384846 -0.02259999 0.1297106 -0.2384846 -0.1126 0.1288084 -0.2459151 -0.02259999 0.1288084 -0.2459151 -0.1126 0.130778 -0.2379245 -0.02259999 0.130778 -0.2379245 -0.1126 0.1281237 -0.2449231 -0.02259999 0.1281237 -0.2449231 -0.1126 0.1276963 -0.2437961 -0.02259999 0.1276963 -0.2437961 -0.1126 0.1319483 -0.237636 -0.02259999 0.1319483 -0.237636 -0.1126 0.1331537 -0.237636 -0.02259999 0.1331537 -0.237636 -0.1126 0.134324 -0.2379245 -0.02259999 0.134324 -0.2379245 -0.1126 0.1353912 -0.2384846 -0.02259999 0.1353912 -0.2384846 -0.1126 0.1362935 -0.2392839 -0.02259999 0.1362935 -0.2392839 -0.1126 0.1369783 -0.2402759 -0.02259999 0.1369783 -0.2402759 -0.1126 0.1374057 -0.241403 -0.02259999 0.1374057 -0.241403 -0.1126 0.137551 -0.2425995 -0.02259999 0.137551 -0.2425995 -0.1126 0.1374057 -0.2437961 -0.02259999 0.1374057 -0.2437961 -0.1126 0.1369783 -0.2449231 -0.02259999 0.1369783 -0.2449231 -0.1126 0.1362935 -0.2459151 -0.02259999 0.1362935 -0.2459151 -0.1126 0.136097 -0.2519497 -0.1126 0.1382316 -0.2508294 -0.1126 0.1337563 -0.2525266 -0.1126 0.1228416 -0.2402064 -0.1126 0.122551 -0.2425995 -0.1126 0.1313456 -0.2525266 -0.1126 0.1236964 -0.2379523 -0.1126 0.1290048 -0.2519497 -0.1126 0.1250659 -0.2359683 -0.1126 0.1268703 -0.2508294 -0.1126 0.1268703 -0.2343697 -0.1126 0.1250659 -0.2492308 -0.1126 0.1290048 -0.2332494 -0.1126 0.1236964 -0.2472468 -0.1126 0.1228416 -0.2449927 -0.1126 0.1313456 -0.2326724 -0.1126 0.1337563 -0.2326724 -0.1126 0.136097 -0.2332494 -0.1126 0.1382316 -0.2343697 -0.1126 0.1400361 -0.2359683 -0.1126 0.1414055 -0.2379523 -0.1126 0.1422604 -0.2402064 -0.1126 0.142551 -0.2425995 -0.1126 0.1422604 -0.2449927 -0.1126 0.1414055 -0.2472468 -0.1126 0.1400361 -0.2492308 0.09824997 -0.1348878 -0.2500797 0.09674996 -0.1365955 -0.2491834 0.09674996 -0.1348878 -0.2500797 0.09824997 -0.1365955 -0.2491834 0.09824997 -0.1330153 -0.2505412 0.09674996 -0.1330153 -0.2505412 0.09824997 -0.1242834 -0.240685 0.09674996 -0.124051 -0.2425995 0.09674996 -0.1242834 -0.240685 0.09824997 -0.1310867 -0.2505412 0.09674996 -0.1310867 -0.2505412 0.09824997 -0.124051 -0.2425995 0.09824997 -0.1249673 -0.2388817 0.09674996 -0.1249673 -0.2388817 0.09824997 -0.1292141 -0.2500797 0.09674996 -0.1292141 -0.2500797 0.09824997 -0.1260629 -0.2372945 0.09674996 -0.1260629 -0.2372945 0.09824997 -0.1275064 -0.2491834 0.09674996 -0.1275064 -0.2491834 0.09824997 -0.1275064 -0.2360157 0.09674996 -0.1275064 -0.2360157 0.09824997 -0.1260629 -0.2479045 0.09674996 -0.1260629 -0.2479045 0.09824997 -0.1292141 -0.2351194 0.09674996 -0.1292141 -0.2351194 0.09824997 -0.1249673 -0.2463173 0.09674996 -0.1249673 -0.2463173 0.09824997 -0.1242834 -0.2445141 0.09674996 -0.1242834 -0.2445141 0.09824997 -0.1310867 -0.2346579 0.09674996 -0.1310867 -0.2346579 0.09824997 -0.1330153 -0.2346579 0.09674996 -0.1330153 -0.2346579 0.09824997 -0.1348878 -0.2351194 0.09674996 -0.1348878 -0.2351194 0.09824997 -0.1365955 -0.2360157 0.09674996 -0.1365955 -0.2360157 0.09824997 -0.1380391 -0.2372945 0.09674996 -0.1380391 -0.2372945 0.09824997 -0.1391346 -0.2388817 0.09674996 -0.1391346 -0.2388817 0.09824997 -0.1398185 -0.240685 0.09674996 -0.1398185 -0.240685 0.09824997 -0.140051 -0.2425995 0.09674996 -0.140051 -0.2425995 0.09824997 -0.1398185 -0.2445141 0.09674996 -0.1398185 -0.2445141 0.09824997 -0.1391346 -0.2463173 0.09674996 -0.1391346 -0.2463173 0.09824997 -0.1380391 -0.2479045 0.09674996 -0.1380391 -0.2479045 0.09824997 -0.1417604 -0.2402064 0.09824997 -0.1409054 -0.2379523 0.09824997 -0.1285049 -0.2519497 0.09824997 -0.1308456 -0.2525266 0.09824997 -0.1245658 -0.2359683 0.09824997 -0.1263703 -0.2343697 0.09824997 -0.142051 -0.2425995 0.09824997 -0.1285049 -0.2332494 0.09824997 -0.1231964 -0.2379523 0.09824997 -0.1308456 -0.2326724 0.09824997 -0.1332563 -0.2525266 0.09824997 -0.1223416 -0.2402064 0.09824997 -0.1417604 -0.2449927 0.09824997 -0.135597 -0.2519497 0.09824997 -0.1409054 -0.2472468 0.09824997 -0.1332563 -0.2326724 0.09824997 -0.122051 -0.2425995 0.09824997 -0.1377316 -0.2508294 0.09824997 -0.1395361 -0.2492308 0.09824997 -0.1223416 -0.2449927 0.09824997 -0.135597 -0.2332494 0.09824997 -0.1231964 -0.2472468 0.09824997 -0.1377316 -0.2343697 0.09824997 -0.1245658 -0.2492308 0.09824997 -0.1395361 -0.2359683 0.09824997 -0.1263703 -0.2508294 0.09674996 -0.1285049 -0.2519497 0.09674996 -0.1417604 -0.2402064 0.09674996 -0.1409054 -0.2379523 0.09674996 -0.1308456 -0.2525266 0.09674996 -0.1245658 -0.2359683 0.09674996 -0.1263703 -0.2343697 0.09674996 -0.142051 -0.2425995 0.09674996 -0.1231964 -0.2379523 0.09674996 -0.1285049 -0.2332494 0.09674996 -0.1223416 -0.2402064 0.09674996 -0.122051 -0.2425995 0.09674996 -0.1332563 -0.2525266 0.09674996 -0.1308456 -0.2326724 0.09674996 -0.1417604 -0.2449927 0.09674996 -0.135597 -0.2519497 0.09674996 -0.1409054 -0.2472468 0.09674996 -0.1377316 -0.2508294 0.09674996 -0.1332563 -0.2326724 0.09674996 -0.1395361 -0.2492308 0.09674996 -0.1223416 -0.2449927 0.09674996 -0.135597 -0.2332494 0.09674996 -0.1231964 -0.2472468 0.09674996 -0.1377316 -0.2343697 0.09674996 -0.1245658 -0.2492308 0.09674996 -0.1395361 -0.2359683 0.09674996 -0.1263703 -0.2508294 0.083 -0.1308456 -0.2525266 0.083 -0.1285049 -0.2519497 0.083 -0.122051 -0.2425995 0.083 -0.1223416 -0.2402064 0.083 -0.1263703 -0.2508294 0.083 -0.1231964 -0.2379523 0.083 -0.1245658 -0.2492308 0.083 -0.1245658 -0.2359683 0.083 -0.1231964 -0.2472468 0.083 -0.1263703 -0.2343697 0.083 -0.1223416 -0.2449927 0.083 -0.1285049 -0.2332494 0.083 -0.1308456 -0.2326724 0.083 -0.1332563 -0.2326724 0.083 -0.135597 -0.2332494 0.083 -0.1377316 -0.2343697 0.083 -0.1395361 -0.2359683 0.083 -0.1409054 -0.2379523 0.083 -0.1417604 -0.2402064 0.083 -0.142051 -0.2425995 0.083 -0.1417604 -0.2449927 0.083 -0.1409054 -0.2472468 0.083 -0.1395361 -0.2492308 0.083 -0.1377316 -0.2508294 0.083 -0.135597 -0.2519497 0.083 -0.1332563 -0.2525266 0.083 -0.1348878 -0.2500797 0.08149999 -0.1365955 -0.2491834 0.08149999 -0.1348878 -0.2500797 0.083 -0.1365955 -0.2491834 0.083 -0.1330153 -0.2505412 0.08149999 -0.1330153 -0.2505412 0.083 -0.1242834 -0.240685 0.08149999 -0.124051 -0.2425995 0.08149999 -0.1242834 -0.240685 0.083 -0.1310867 -0.2505412 0.08149999 -0.1310867 -0.2505412 0.083 -0.124051 -0.2425995 0.083 -0.1249673 -0.2388817 0.08149999 -0.1249673 -0.2388817 0.083 -0.1292141 -0.2500797 0.08149999 -0.1292141 -0.2500797 0.083 -0.1260629 -0.2372945 0.08149999 -0.1260629 -0.2372945 0.083 -0.1275064 -0.2491834 0.08149999 -0.1275064 -0.2491834 0.083 -0.1275064 -0.2360157 0.08149999 -0.1275064 -0.2360157 0.083 -0.1260629 -0.2479045 0.08149999 -0.1260629 -0.2479045 0.083 -0.1292141 -0.2351194 0.08149999 -0.1292141 -0.2351194 0.083 -0.1249673 -0.2463173 0.08149999 -0.1249673 -0.2463173 0.083 -0.1242834 -0.2445141 0.08149999 -0.1242834 -0.2445141 0.083 -0.1310867 -0.2346579 0.08149999 -0.1310867 -0.2346579 0.083 -0.1330153 -0.2346579 0.08149999 -0.1330153 -0.2346579 0.083 -0.1348878 -0.2351194 0.08149999 -0.1348878 -0.2351194 0.083 -0.1365955 -0.2360157 0.08149999 -0.1365955 -0.2360157 0.083 -0.1380391 -0.2372945 0.08149999 -0.1380391 -0.2372945 0.083 -0.1391346 -0.2388817 0.08149999 -0.1391346 -0.2388817 0.083 -0.1398185 -0.240685 0.08149999 -0.1398185 -0.240685 0.083 -0.140051 -0.2425995 0.08149999 -0.140051 -0.2425995 0.083 -0.1398185 -0.2445141 0.08149999 -0.1398185 -0.2445141 0.083 -0.1391346 -0.2463173 0.08149999 -0.1391346 -0.2463173 0.083 -0.1380391 -0.2479045 0.08149999 -0.1380391 -0.2479045 0.08149999 -0.1417604 -0.2402064 0.08149999 -0.1409054 -0.2379523 0.08149999 -0.1308456 -0.2525266 0.08149999 -0.1285049 -0.2519497 0.08149999 -0.142051 -0.2425995 0.08149999 -0.1245658 -0.2359683 0.08149999 -0.1263703 -0.2343697 0.08149999 -0.1231964 -0.2379523 0.08149999 -0.1223416 -0.2402064 0.08149999 -0.1285049 -0.2332494 0.08149999 -0.1332563 -0.2525266 0.08149999 -0.1308456 -0.2326724 0.08149999 -0.1417604 -0.2449927 0.08149999 -0.135597 -0.2519497 0.08149999 -0.122051 -0.2425995 0.08149999 -0.1409054 -0.2472468 0.08149999 -0.1377316 -0.2508294 0.08149999 -0.1332563 -0.2326724 0.08149999 -0.1395361 -0.2492308 0.08149999 -0.1223416 -0.2449927 0.08149999 -0.135597 -0.2332494 0.08149999 -0.1231964 -0.2472468 0.08149999 -0.1377316 -0.2343697 0.08149999 -0.1245658 -0.2492308 0.08149999 -0.1395361 -0.2359683 0.08149999 -0.1263703 -0.2508294 0.06774997 -0.1308456 -0.2525266 0.06774997 -0.1285049 -0.2519497 0.06774997 -0.122051 -0.2425995 0.06774997 -0.1223416 -0.2402064 0.06774997 -0.1263703 -0.2508294 0.06774997 -0.1231964 -0.2379523 0.06774997 -0.1245658 -0.2492308 0.06774997 -0.1245658 -0.2359683 0.06774997 -0.1231964 -0.2472468 0.06774997 -0.1263703 -0.2343697 0.06774997 -0.1223416 -0.2449927 0.06774997 -0.1285049 -0.2332494 0.06774997 -0.1308456 -0.2326724 0.06774997 -0.1332563 -0.2326724 0.06774997 -0.135597 -0.2332494 0.06774997 -0.1377316 -0.2343697 0.06774997 -0.1395361 -0.2359683 0.06774997 -0.1409054 -0.2379523 0.06774997 -0.1417604 -0.2402064 0.06774997 -0.142051 -0.2425995 0.06774997 -0.1417604 -0.2449927 0.06774997 -0.1409054 -0.2472468 0.06774997 -0.1395361 -0.2492308 0.06774997 -0.1377316 -0.2508294 0.06774997 -0.135597 -0.2519497 0.06774997 -0.1332563 -0.2525266 0.06774997 -0.1348878 -0.2500797 0.06624996 -0.1365955 -0.2491834 0.06624996 -0.1348878 -0.2500797 0.06774997 -0.1365955 -0.2491834 0.06774997 -0.1330153 -0.2505412 0.06624996 -0.1330153 -0.2505412 0.06774997 -0.1242834 -0.240685 0.06624996 -0.124051 -0.2425995 0.06624996 -0.1242834 -0.240685 0.06774997 -0.1310867 -0.2505412 0.06624996 -0.1310867 -0.2505412 0.06774997 -0.124051 -0.2425995 0.06774997 -0.1249673 -0.2388817 0.06624996 -0.1249673 -0.2388817 0.06774997 -0.1292141 -0.2500797 0.06624996 -0.1292141 -0.2500797 0.06774997 -0.1260629 -0.2372945 0.06624996 -0.1260629 -0.2372945 0.06774997 -0.1275064 -0.2491834 0.06624996 -0.1275064 -0.2491834 0.06774997 -0.1275064 -0.2360157 0.06624996 -0.1275064 -0.2360157 0.06774997 -0.1260629 -0.2479045 0.06624996 -0.1260629 -0.2479045 0.06774997 -0.1292141 -0.2351194 0.06624996 -0.1292141 -0.2351194 0.06774997 -0.1249673 -0.2463173 0.06624996 -0.1249673 -0.2463173 0.06774997 -0.1242834 -0.2445141 0.06624996 -0.1242834 -0.2445141 0.06774997 -0.1310867 -0.2346579 0.06624996 -0.1310867 -0.2346579 0.06774997 -0.1330153 -0.2346579 0.06624996 -0.1330153 -0.2346579 0.06774997 -0.1348878 -0.2351194 0.06624996 -0.1348878 -0.2351194 0.06774997 -0.1365955 -0.2360157 0.06624996 -0.1365955 -0.2360157 0.06774997 -0.1380391 -0.2372945 0.06624996 -0.1380391 -0.2372945 0.06774997 -0.1391346 -0.2388817 0.06624996 -0.1391346 -0.2388817 0.06774997 -0.1398185 -0.240685 0.06624996 -0.1398185 -0.240685 0.06774997 -0.140051 -0.2425995 0.06624996 -0.140051 -0.2425995 0.06774997 -0.1398185 -0.2445141 0.06624996 -0.1398185 -0.2445141 0.06774997 -0.1391346 -0.2463173 0.06624996 -0.1391346 -0.2463173 0.06774997 -0.1380391 -0.2479045 0.06624996 -0.1380391 -0.2479045 0.06624996 -0.1417604 -0.2402064 0.06624996 -0.1409054 -0.2379523 0.06624996 -0.1308456 -0.2525266 0.06624996 -0.1285049 -0.2519497 0.06624996 -0.142051 -0.2425995 0.06624996 -0.1245658 -0.2359683 0.06624996 -0.1263703 -0.2343697 0.06624996 -0.1231964 -0.2379523 0.06624996 -0.1223416 -0.2402064 0.06624996 -0.1285049 -0.2332494 0.06624996 -0.1332563 -0.2525266 0.06624996 -0.1308456 -0.2326724 0.06624996 -0.1417604 -0.2449927 0.06624996 -0.135597 -0.2519497 0.06624996 -0.122051 -0.2425995 0.06624996 -0.1409054 -0.2472468 0.06624996 -0.1377316 -0.2508294 0.06624996 -0.1332563 -0.2326724 0.06624996 -0.1395361 -0.2492308 0.06624996 -0.1223416 -0.2449927 0.06624996 -0.135597 -0.2332494 0.06624996 -0.1231964 -0.2472468 0.06624996 -0.1377316 -0.2343697 0.06624996 -0.1245658 -0.2492308 0.06624996 -0.1395361 -0.2359683 0.06624996 -0.1263703 -0.2508294 0.05249994 -0.1308456 -0.2525266 0.05249994 -0.1285049 -0.2519497 0.05249994 -0.122051 -0.2425995 0.05249994 -0.1223416 -0.2402064 0.05249994 -0.1263703 -0.2508294 0.05249994 -0.1231964 -0.2379523 0.05249994 -0.1245658 -0.2492308 0.05249994 -0.1245658 -0.2359683 0.05249994 -0.1231964 -0.2472468 0.05249994 -0.1263703 -0.2343697 0.05249994 -0.1223416 -0.2449927 0.05249994 -0.1285049 -0.2332494 0.05249994 -0.1308456 -0.2326724 0.05249994 -0.1332563 -0.2326724 0.05249994 -0.135597 -0.2332494 0.05249994 -0.1377316 -0.2343697 0.05249994 -0.1395361 -0.2359683 0.05249994 -0.1409054 -0.2379523 0.05249994 -0.1417604 -0.2402064 0.05249994 -0.142051 -0.2425995 0.05249994 -0.1417604 -0.2449927 0.05249994 -0.1409054 -0.2472468 0.05249994 -0.1395361 -0.2492308 0.05249994 -0.1377316 -0.2508294 0.05249994 -0.135597 -0.2519497 0.05249994 -0.1332563 -0.2525266 0.05249994 -0.1348878 -0.2500797 0.05099999 -0.1365955 -0.2491834 0.05099999 -0.1348878 -0.2500797 0.05249994 -0.1365955 -0.2491834 0.05249994 -0.1330153 -0.2505412 0.05099999 -0.1330153 -0.2505412 0.05249994 -0.1242834 -0.240685 0.05099999 -0.124051 -0.2425995 0.05099999 -0.1242834 -0.240685 0.05249994 -0.1310867 -0.2505412 0.05099999 -0.1310867 -0.2505412 0.05249994 -0.124051 -0.2425995 0.05249994 -0.1249673 -0.2388817 0.05099999 -0.1249673 -0.2388817 0.05249994 -0.1292141 -0.2500797 0.05099999 -0.1292141 -0.2500797 0.05249994 -0.1260629 -0.2372945 0.05099999 -0.1260629 -0.2372945 0.05249994 -0.1275064 -0.2491834 0.05099999 -0.1275064 -0.2491834 0.05249994 -0.1275064 -0.2360157 0.05099999 -0.1275064 -0.2360157 0.05249994 -0.1260629 -0.2479045 0.05099999 -0.1260629 -0.2479045 0.05249994 -0.1292141 -0.2351194 0.05099999 -0.1292141 -0.2351194 0.05249994 -0.1249673 -0.2463173 0.05099999 -0.1249673 -0.2463173 0.05249994 -0.1242834 -0.2445141 0.05099999 -0.1242834 -0.2445141 0.05249994 -0.1310867 -0.2346579 0.05099999 -0.1310867 -0.2346579 0.05249994 -0.1330153 -0.2346579 0.05099999 -0.1330153 -0.2346579 0.05249994 -0.1348878 -0.2351194 0.05099999 -0.1348878 -0.2351194 0.05249994 -0.1365955 -0.2360157 0.05099999 -0.1365955 -0.2360157 0.05249994 -0.1380391 -0.2372945 0.05099999 -0.1380391 -0.2372945 0.05249994 -0.1391346 -0.2388817 0.05099999 -0.1391346 -0.2388817 0.05249994 -0.1398185 -0.240685 0.05099999 -0.1398185 -0.240685 0.05249994 -0.140051 -0.2425995 0.05099999 -0.140051 -0.2425995 0.05249994 -0.1398185 -0.2445141 0.05099999 -0.1398185 -0.2445141 0.05249994 -0.1391346 -0.2463173 0.05099999 -0.1391346 -0.2463173 0.05249994 -0.1380391 -0.2479045 0.05099999 -0.1380391 -0.2479045 0.05099999 -0.1417604 -0.2402064 0.05099999 -0.1308456 -0.2525266 0.05099999 -0.1285049 -0.2519497 0.05099999 -0.1245658 -0.2359683 0.05099999 -0.1263703 -0.2343697 0.05099999 -0.142051 -0.2425995 0.05099999 -0.1231964 -0.2379523 0.05099999 -0.1285049 -0.2332494 0.05099999 -0.1332563 -0.2525266 0.05099999 -0.1223416 -0.2402064 0.05099999 -0.1417604 -0.2449927 0.05099999 -0.1308456 -0.2326724 0.05099999 -0.135597 -0.2519497 0.05099999 -0.1409054 -0.2472468 0.05099999 -0.122051 -0.2425995 0.05099999 -0.1377316 -0.2508294 0.05099999 -0.1395361 -0.2492308 0.05099999 -0.1332563 -0.2326724 0.05099999 -0.1223416 -0.2449927 0.05099999 -0.135597 -0.2332494 0.05099999 -0.1231964 -0.2472468 0.05099999 -0.1377316 -0.2343697 0.05099999 -0.1245658 -0.2492308 0.05099999 -0.1395361 -0.2359683 0.05099999 -0.1263703 -0.2508294 0.05099999 -0.1409054 -0.2379523 0.03724998 -0.1308456 -0.2525266 0.03724998 -0.1285049 -0.2519497 0.03724998 -0.122051 -0.2425995 0.03724998 -0.1223416 -0.2402064 0.03724998 -0.1263703 -0.2508294 0.03724998 -0.1231964 -0.2379523 0.03724998 -0.1245658 -0.2492308 0.03724998 -0.1245658 -0.2359683 0.03724998 -0.1231964 -0.2472468 0.03724998 -0.1263703 -0.2343697 0.03724998 -0.1223416 -0.2449927 0.03724998 -0.1285049 -0.2332494 0.03724998 -0.1308456 -0.2326724 0.03724998 -0.1332563 -0.2326724 0.03724998 -0.135597 -0.2332494 0.03724998 -0.1377316 -0.2343697 0.03724998 -0.1395361 -0.2359683 0.03724998 -0.1409054 -0.2379523 0.03724998 -0.1417604 -0.2402064 0.03724998 -0.142051 -0.2425995 0.03724998 -0.1417604 -0.2449927 0.03724998 -0.1409054 -0.2472468 0.03724998 -0.1395361 -0.2492308 0.03724998 -0.1377316 -0.2508294 0.03724998 -0.135597 -0.2519497 0.03724998 -0.1332563 -0.2525266 0.03724998 -0.1348878 -0.2500797 0.03574997 -0.1365955 -0.2491834 0.03574997 -0.1348878 -0.2500797 0.03724998 -0.1365955 -0.2491834 0.03724998 -0.1330153 -0.2505412 0.03574997 -0.1330153 -0.2505412 0.03724998 -0.1242834 -0.240685 0.03574997 -0.124051 -0.2425995 0.03574997 -0.1242834 -0.240685 0.03724998 -0.1310867 -0.2505412 0.03574997 -0.1310867 -0.2505412 0.03724998 -0.124051 -0.2425995 0.03724998 -0.1249673 -0.2388817 0.03574997 -0.1249673 -0.2388817 0.03724998 -0.1292141 -0.2500797 0.03574997 -0.1292141 -0.2500797 0.03724998 -0.1260629 -0.2372945 0.03574997 -0.1260629 -0.2372945 0.03724998 -0.1275064 -0.2491834 0.03574997 -0.1275064 -0.2491834 0.03724998 -0.1275064 -0.2360157 0.03574997 -0.1275064 -0.2360157 0.03724998 -0.1260629 -0.2479045 0.03574997 -0.1260629 -0.2479045 0.03724998 -0.1292141 -0.2351194 0.03574997 -0.1292141 -0.2351194 0.03724998 -0.1249673 -0.2463173 0.03574997 -0.1249673 -0.2463173 0.03724998 -0.1242834 -0.2445141 0.03574997 -0.1242834 -0.2445141 0.03724998 -0.1310867 -0.2346579 0.03574997 -0.1310867 -0.2346579 0.03724998 -0.1330153 -0.2346579 0.03574997 -0.1330153 -0.2346579 0.03724998 -0.1348878 -0.2351194 0.03574997 -0.1348878 -0.2351194 0.03724998 -0.1365955 -0.2360157 0.03574997 -0.1365955 -0.2360157 0.03724998 -0.1380391 -0.2372945 0.03574997 -0.1380391 -0.2372945 0.03724998 -0.1391346 -0.2388817 0.03574997 -0.1391346 -0.2388817 0.03724998 -0.1398185 -0.240685 0.03574997 -0.1398185 -0.240685 0.03724998 -0.140051 -0.2425995 0.03574997 -0.140051 -0.2425995 0.03724998 -0.1398185 -0.2445141 0.03574997 -0.1398185 -0.2445141 0.03724998 -0.1391346 -0.2463173 0.03574997 -0.1391346 -0.2463173 0.03724998 -0.1380391 -0.2479045 0.03574997 -0.1380391 -0.2479045 0.03574997 -0.1285049 -0.2519497 0.03574997 -0.1417604 -0.2402064 0.03574997 -0.1409054 -0.2379523 0.03574997 -0.1308456 -0.2525266 0.03574997 -0.142051 -0.2425995 0.03574997 -0.1245658 -0.2359683 0.03574997 -0.1263703 -0.2343697 0.03574997 -0.1231964 -0.2379523 0.03574997 -0.1285049 -0.2332494 0.03574997 -0.1332563 -0.2525266 0.03574997 -0.1223416 -0.2402064 0.03574997 -0.1308456 -0.2326724 0.03574997 -0.1417604 -0.2449927 0.03574997 -0.135597 -0.2519497 0.03574997 -0.122051 -0.2425995 0.03574997 -0.1409054 -0.2472468 0.03574997 -0.1332563 -0.2326724 0.03574997 -0.1377316 -0.2508294 0.03574997 -0.1395361 -0.2492308 0.03574997 -0.1223416 -0.2449927 0.03574997 -0.135597 -0.2332494 0.03574997 -0.1231964 -0.2472468 0.03574997 -0.1377316 -0.2343697 0.03574997 -0.1245658 -0.2492308 0.03574997 -0.1395361 -0.2359683 0.03574997 -0.1263703 -0.2508294 0.02199995 -0.1332563 -0.2525266 0.02199995 -0.1308456 -0.2525266 0.02199995 -0.1285049 -0.2519497 0.02199995 -0.122051 -0.2425995 0.02199995 -0.1223416 -0.2402064 0.02199995 -0.1263703 -0.2508294 0.02199995 -0.1231964 -0.2379523 0.02199995 -0.1245658 -0.2492308 0.02199995 -0.1245658 -0.2359683 0.02199995 -0.1231964 -0.2472468 0.02199995 -0.1263703 -0.2343697 0.02199995 -0.1223416 -0.2449927 0.02199995 -0.1285049 -0.2332494 0.02199995 -0.1308456 -0.2326724 0.02199995 -0.1332563 -0.2326724 0.02199995 -0.135597 -0.2332494 0.02199995 -0.1377316 -0.2343697 0.02199995 -0.1395361 -0.2359683 0.02199995 -0.1409054 -0.2379523 0.02199995 -0.1417604 -0.2402064 0.02199995 -0.142051 -0.2425995 0.02199995 -0.1417604 -0.2449927 0.02199995 -0.1409054 -0.2472468 0.02199995 -0.1395361 -0.2492308 0.02199995 -0.1377316 -0.2508294 0.02199995 -0.135597 -0.2519497 0.02199995 -0.1348913 -0.2467144 0.112 -0.133824 -0.2472746 0.02199995 -0.133824 -0.2472746 0.112 -0.1348913 -0.2467144 0.112 -0.1326537 -0.2475631 0.02199995 -0.1326537 -0.2475631 0.112 -0.1270509 -0.2425995 0.112 -0.1271963 -0.241403 0.02199995 -0.1270509 -0.2425995 0.112 -0.1314483 -0.2475631 0.02199995 -0.1314483 -0.2475631 0.02199995 -0.1271963 -0.241403 0.112 -0.1276237 -0.2402759 0.02199995 -0.1276237 -0.2402759 0.112 -0.130278 -0.2472746 0.02199995 -0.130278 -0.2472746 0.112 -0.1283084 -0.2392839 0.02199995 -0.1283084 -0.2392839 0.112 -0.1292106 -0.2467144 0.02199995 -0.1292106 -0.2467144 0.112 -0.1292106 -0.2384846 0.02199995 -0.1292106 -0.2384846 0.112 -0.1283084 -0.2459151 0.02199995 -0.1283084 -0.2459151 0.112 -0.130278 -0.2379245 0.02199995 -0.130278 -0.2379245 0.112 -0.1276237 -0.2449231 0.02199995 -0.1276237 -0.2449231 0.112 -0.1271963 -0.2437961 0.02199995 -0.1271963 -0.2437961 0.112 -0.1314483 -0.237636 0.02199995 -0.1314483 -0.237636 0.112 -0.1326537 -0.237636 0.02199995 -0.1326537 -0.237636 0.112 -0.133824 -0.2379245 0.02199995 -0.133824 -0.2379245 0.112 -0.1348913 -0.2384846 0.02199995 -0.1348913 -0.2384846 0.112 -0.1357935 -0.2392839 0.02199995 -0.1357935 -0.2392839 0.112 -0.1364783 -0.2402759 0.02199995 -0.1364783 -0.2402759 0.112 -0.1369057 -0.241403 0.02199995 -0.1369057 -0.241403 0.112 -0.137051 -0.2425995 0.02199995 -0.137051 -0.2425995 0.112 -0.1369057 -0.2437961 0.02199995 -0.1369057 -0.2437961 0.112 -0.1364783 -0.2449231 0.02199995 -0.1364783 -0.2449231 0.112 -0.1357935 -0.2459151 0.02199995 -0.1357935 -0.2459151 0.112 -0.135597 -0.2519497 0.112 -0.1377316 -0.2508294 0.112 -0.1332563 -0.2525266 0.112 -0.1223416 -0.2402064 0.112 -0.122051 -0.2425995 0.112 -0.1308456 -0.2525266 0.112 -0.1231964 -0.2379523 0.112 -0.1285049 -0.2519497 0.112 -0.1245658 -0.2359683 0.112 -0.1263703 -0.2508294 0.112 -0.1263703 -0.2343697 0.112 -0.1245658 -0.2492308 0.112 -0.1285049 -0.2332494 0.112 -0.1231964 -0.2472468 0.112 -0.1223416 -0.2449927 0.112 -0.1308456 -0.2326724 0.112 -0.1332563 -0.2326724 0.112 -0.135597 -0.2332494 0.112 -0.1377316 -0.2343697 0.112 -0.1395361 -0.2359683 0.112 -0.1409054 -0.2379523 0.112 -0.1417604 -0.2402064 0.112 -0.142051 -0.2425995 0.112 -0.1417604 -0.2449927 0.112 -0.1409054 -0.2472468 0.112 -0.1395361 -0.2492308 -0.03634995 -0.1348878 -0.2500797 -0.03784996 -0.1365955 -0.2491834 -0.03784996 -0.1348878 -0.2500797 -0.03634995 -0.1365955 -0.2491834 -0.03634995 -0.1330153 -0.2505412 -0.03784996 -0.1330153 -0.2505412 -0.03634995 -0.1242834 -0.240685 -0.03784996 -0.124051 -0.2425995 -0.03784996 -0.1242834 -0.240685 -0.03634995 -0.1310867 -0.2505412 -0.03784996 -0.1310867 -0.2505412 -0.03634995 -0.124051 -0.2425995 -0.03634995 -0.1249673 -0.2388817 -0.03784996 -0.1249673 -0.2388817 -0.03634995 -0.1292141 -0.2500797 -0.03784996 -0.1292141 -0.2500797 -0.03634995 -0.1260629 -0.2372945 -0.03784996 -0.1260629 -0.2372945 -0.03634995 -0.1275064 -0.2491834 -0.03784996 -0.1275064 -0.2491834 -0.03634995 -0.1275064 -0.2360157 -0.03784996 -0.1275064 -0.2360157 -0.03634995 -0.1260629 -0.2479045 -0.03784996 -0.1260629 -0.2479045 -0.03634995 -0.1292141 -0.2351194 -0.03784996 -0.1292141 -0.2351194 -0.03634995 -0.1249673 -0.2463173 -0.03784996 -0.1249673 -0.2463173 -0.03634995 -0.1242834 -0.2445141 -0.03784996 -0.1242834 -0.2445141 -0.03634995 -0.1310867 -0.2346579 -0.03784996 -0.1310867 -0.2346579 -0.03634995 -0.1330153 -0.2346579 -0.03784996 -0.1330153 -0.2346579 -0.03634995 -0.1348878 -0.2351194 -0.03784996 -0.1348878 -0.2351194 -0.03634995 -0.1365955 -0.2360157 -0.03784996 -0.1365955 -0.2360157 -0.03634995 -0.1380391 -0.2372945 -0.03784996 -0.1380391 -0.2372945 -0.03634995 -0.1391346 -0.2388817 -0.03784996 -0.1391346 -0.2388817 -0.03634995 -0.1398185 -0.240685 -0.03784996 -0.1398185 -0.240685 -0.03634995 -0.140051 -0.2425995 -0.03784996 -0.140051 -0.2425995 -0.03634995 -0.1398185 -0.2445141 -0.03784996 -0.1398185 -0.2445141 -0.03634995 -0.1391346 -0.2463173 -0.03784996 -0.1391346 -0.2463173 -0.03634995 -0.1380391 -0.2479045 -0.03784996 -0.1380391 -0.2479045 -0.03634995 -0.1417604 -0.2402064 -0.03634995 -0.1409054 -0.2379523 -0.03634995 -0.1285049 -0.2519497 -0.03634995 -0.1308456 -0.2525266 -0.03634995 -0.1245658 -0.2359683 -0.03634995 -0.1263703 -0.2343697 -0.03634995 -0.1285049 -0.2332494 -0.03634995 -0.142051 -0.2425995 -0.03634995 -0.1231964 -0.2379523 -0.03634995 -0.1308456 -0.2326724 -0.03634995 -0.1223416 -0.2402064 -0.03634995 -0.1332563 -0.2525266 -0.03634995 -0.1417604 -0.2449927 -0.03634995 -0.1332563 -0.2326724 -0.03634995 -0.122051 -0.2425995 -0.03634995 -0.135597 -0.2519497 -0.03634995 -0.1409054 -0.2472468 -0.03634995 -0.1377316 -0.2508294 -0.03634995 -0.1223416 -0.2449927 -0.03634995 -0.1395361 -0.2492308 -0.03634995 -0.135597 -0.2332494 -0.03634995 -0.1231964 -0.2472468 -0.03634995 -0.1377316 -0.2343697 -0.03634995 -0.1245658 -0.2492308 -0.03634995 -0.1395361 -0.2359683 -0.03634995 -0.1263703 -0.2508294 -0.03784996 -0.1285049 -0.2519497 -0.03784996 -0.1417604 -0.2402064 -0.03784996 -0.1409054 -0.2379523 -0.03784996 -0.1308456 -0.2525266 -0.03784996 -0.1245658 -0.2359683 -0.03784996 -0.1263703 -0.2343697 -0.03784996 -0.1231964 -0.2379523 -0.03784996 -0.1223416 -0.2402064 -0.03784996 -0.142051 -0.2425995 -0.03784996 -0.1285049 -0.2332494 -0.03784996 -0.1332563 -0.2525266 -0.03784996 -0.1308456 -0.2326724 -0.03784996 -0.122051 -0.2425995 -0.03784996 -0.1417604 -0.2449927 -0.03784996 -0.135597 -0.2519497 -0.03784996 -0.1332563 -0.2326724 -0.03784996 -0.1409054 -0.2472468 -0.03784996 -0.1223416 -0.2449927 -0.03784996 -0.1377316 -0.2508294 -0.03784996 -0.1395361 -0.2492308 -0.03784996 -0.135597 -0.2332494 -0.03784996 -0.1231964 -0.2472468 -0.03784996 -0.1377316 -0.2343697 -0.03784996 -0.1245658 -0.2492308 -0.03784996 -0.1395361 -0.2359683 -0.03784996 -0.1263703 -0.2508294 -0.05159997 -0.1308456 -0.2525266 -0.05159997 -0.1285049 -0.2519497 -0.05159997 -0.122051 -0.2425995 -0.05159997 -0.1223416 -0.2402064 -0.05159997 -0.1263703 -0.2508294 -0.05159997 -0.1231964 -0.2379523 -0.05159997 -0.1245658 -0.2492308 -0.05159997 -0.1245658 -0.2359683 -0.05159997 -0.1231964 -0.2472468 -0.05159997 -0.1263703 -0.2343697 -0.05159997 -0.1223416 -0.2449927 -0.05159997 -0.1285049 -0.2332494 -0.05159997 -0.1308456 -0.2326724 -0.05159997 -0.1332563 -0.2326724 -0.05159997 -0.135597 -0.2332494 -0.05159997 -0.1377316 -0.2343697 -0.05159997 -0.1395361 -0.2359683 -0.05159997 -0.1409054 -0.2379523 -0.05159997 -0.1417604 -0.2402064 -0.05159997 -0.142051 -0.2425995 -0.05159997 -0.1417604 -0.2449927 -0.05159997 -0.1409054 -0.2472468 -0.05159997 -0.1395361 -0.2492308 -0.05159997 -0.1377316 -0.2508294 -0.05159997 -0.135597 -0.2519497 -0.05159997 -0.1332563 -0.2525266 -0.05159997 -0.1348878 -0.2500797 -0.05309998 -0.1365955 -0.2491834 -0.05309998 -0.1348878 -0.2500797 -0.05159997 -0.1365955 -0.2491834 -0.05159997 -0.1330153 -0.2505412 -0.05309998 -0.1330153 -0.2505412 -0.05159997 -0.1242834 -0.240685 -0.05309998 -0.124051 -0.2425995 -0.05309998 -0.1242834 -0.240685 -0.05159997 -0.1310867 -0.2505412 -0.05309998 -0.1310867 -0.2505412 -0.05159997 -0.124051 -0.2425995 -0.05159997 -0.1249673 -0.2388817 -0.05309998 -0.1249673 -0.2388817 -0.05159997 -0.1292141 -0.2500797 -0.05309998 -0.1292141 -0.2500797 -0.05159997 -0.1260629 -0.2372945 -0.05309998 -0.1260629 -0.2372945 -0.05159997 -0.1275064 -0.2491834 -0.05309998 -0.1275064 -0.2491834 -0.05159997 -0.1275064 -0.2360157 -0.05309998 -0.1275064 -0.2360157 -0.05159997 -0.1260629 -0.2479045 -0.05309998 -0.1260629 -0.2479045 -0.05159997 -0.1292141 -0.2351194 -0.05309998 -0.1292141 -0.2351194 -0.05159997 -0.1249673 -0.2463173 -0.05309998 -0.1249673 -0.2463173 -0.05159997 -0.1242834 -0.2445141 -0.05309998 -0.1242834 -0.2445141 -0.05159997 -0.1310867 -0.2346579 -0.05309998 -0.1310867 -0.2346579 -0.05159997 -0.1330153 -0.2346579 -0.05309998 -0.1330153 -0.2346579 -0.05159997 -0.1348878 -0.2351194 -0.05309998 -0.1348878 -0.2351194 -0.05159997 -0.1365955 -0.2360157 -0.05309998 -0.1365955 -0.2360157 -0.05159997 -0.1380391 -0.2372945 -0.05309998 -0.1380391 -0.2372945 -0.05159997 -0.1391346 -0.2388817 -0.05309998 -0.1391346 -0.2388817 -0.05159997 -0.1398185 -0.240685 -0.05309998 -0.1398185 -0.240685 -0.05159997 -0.140051 -0.2425995 -0.05309998 -0.140051 -0.2425995 -0.05159997 -0.1398185 -0.2445141 -0.05309998 -0.1398185 -0.2445141 -0.05159997 -0.1391346 -0.2463173 -0.05309998 -0.1391346 -0.2463173 -0.05159997 -0.1380391 -0.2479045 -0.05309998 -0.1380391 -0.2479045 -0.05309998 -0.1417604 -0.2402064 -0.05309998 -0.1409054 -0.2379523 -0.05309998 -0.1308456 -0.2525266 -0.05309998 -0.1285049 -0.2519497 -0.05309998 -0.142051 -0.2425995 -0.05309998 -0.1245658 -0.2359683 -0.05309998 -0.1263703 -0.2343697 -0.05309998 -0.1231964 -0.2379523 -0.05309998 -0.1223416 -0.2402064 -0.05309998 -0.1285049 -0.2332494 -0.05309998 -0.1332563 -0.2525266 -0.05309998 -0.1308456 -0.2326724 -0.05309998 -0.1417604 -0.2449927 -0.05309998 -0.135597 -0.2519497 -0.05309998 -0.122051 -0.2425995 -0.05309998 -0.1409054 -0.2472468 -0.05309998 -0.1377316 -0.2508294 -0.05309998 -0.1332563 -0.2326724 -0.05309998 -0.1395361 -0.2492308 -0.05309998 -0.1223416 -0.2449927 -0.05309998 -0.135597 -0.2332494 -0.05309998 -0.1231964 -0.2472468 -0.05309998 -0.1377316 -0.2343697 -0.05309998 -0.1245658 -0.2492308 -0.05309998 -0.1395361 -0.2359683 -0.05309998 -0.1263703 -0.2508294 -0.06685 -0.1308456 -0.2525266 -0.06685 -0.1285049 -0.2519497 -0.06685 -0.122051 -0.2425995 -0.06685 -0.1223416 -0.2402064 -0.06685 -0.1263703 -0.2508294 -0.06685 -0.1231964 -0.2379523 -0.06685 -0.1245658 -0.2492308 -0.06685 -0.1245658 -0.2359683 -0.06685 -0.1231964 -0.2472468 -0.06685 -0.1263703 -0.2343697 -0.06685 -0.1223416 -0.2449927 -0.06685 -0.1285049 -0.2332494 -0.06685 -0.1308456 -0.2326724 -0.06685 -0.1332563 -0.2326724 -0.06685 -0.135597 -0.2332494 -0.06685 -0.1377316 -0.2343697 -0.06685 -0.1395361 -0.2359683 -0.06685 -0.1409054 -0.2379523 -0.06685 -0.1417604 -0.2402064 -0.06685 -0.142051 -0.2425995 -0.06685 -0.1417604 -0.2449927 -0.06685 -0.1409054 -0.2472468 -0.06685 -0.1395361 -0.2492308 -0.06685 -0.1377316 -0.2508294 -0.06685 -0.135597 -0.2519497 -0.06685 -0.1332563 -0.2525266 -0.06685 -0.1348878 -0.2500797 -0.06834995 -0.1365955 -0.2491834 -0.06834995 -0.1348878 -0.2500797 -0.06685 -0.1365955 -0.2491834 -0.06685 -0.1330153 -0.2505412 -0.06834995 -0.1330153 -0.2505412 -0.06685 -0.1242834 -0.240685 -0.06834995 -0.124051 -0.2425995 -0.06834995 -0.1242834 -0.240685 -0.06685 -0.1310867 -0.2505412 -0.06834995 -0.1310867 -0.2505412 -0.06685 -0.124051 -0.2425995 -0.06685 -0.1249673 -0.2388817 -0.06834995 -0.1249673 -0.2388817 -0.06685 -0.1292141 -0.2500797 -0.06834995 -0.1292141 -0.2500797 -0.06685 -0.1260629 -0.2372945 -0.06834995 -0.1260629 -0.2372945 -0.06685 -0.1275064 -0.2491834 -0.06834995 -0.1275064 -0.2491834 -0.06685 -0.1275064 -0.2360157 -0.06834995 -0.1275064 -0.2360157 -0.06685 -0.1260629 -0.2479045 -0.06834995 -0.1260629 -0.2479045 -0.06685 -0.1292141 -0.2351194 -0.06834995 -0.1292141 -0.2351194 -0.06685 -0.1249673 -0.2463173 -0.06834995 -0.1249673 -0.2463173 -0.06685 -0.1242834 -0.2445141 -0.06834995 -0.1242834 -0.2445141 -0.06685 -0.1310867 -0.2346579 -0.06834995 -0.1310867 -0.2346579 -0.06685 -0.1330153 -0.2346579 -0.06834995 -0.1330153 -0.2346579 -0.06685 -0.1348878 -0.2351194 -0.06834995 -0.1348878 -0.2351194 -0.06685 -0.1365955 -0.2360157 -0.06834995 -0.1365955 -0.2360157 -0.06685 -0.1380391 -0.2372945 -0.06834995 -0.1380391 -0.2372945 -0.06685 -0.1391346 -0.2388817 -0.06834995 -0.1391346 -0.2388817 -0.06685 -0.1398185 -0.240685 -0.06834995 -0.1398185 -0.240685 -0.06685 -0.140051 -0.2425995 -0.06834995 -0.140051 -0.2425995 -0.06685 -0.1398185 -0.2445141 -0.06834995 -0.1398185 -0.2445141 -0.06685 -0.1391346 -0.2463173 -0.06834995 -0.1391346 -0.2463173 -0.06685 -0.1380391 -0.2479045 -0.06834995 -0.1380391 -0.2479045 -0.06834995 -0.1417604 -0.2402064 -0.06834995 -0.1308456 -0.2525266 -0.06834995 -0.1285049 -0.2519497 -0.06834995 -0.1245658 -0.2359683 -0.06834995 -0.1263703 -0.2343697 -0.06834995 -0.142051 -0.2425995 -0.06834995 -0.1231964 -0.2379523 -0.06834995 -0.1285049 -0.2332494 -0.06834995 -0.1332563 -0.2525266 -0.06834995 -0.1223416 -0.2402064 -0.06834995 -0.1417604 -0.2449927 -0.06834995 -0.1308456 -0.2326724 -0.06834995 -0.135597 -0.2519497 -0.06834995 -0.1409054 -0.2472468 -0.06834995 -0.122051 -0.2425995 -0.06834995 -0.1377316 -0.2508294 -0.06834995 -0.1395361 -0.2492308 -0.06834995 -0.1332563 -0.2326724 -0.06834995 -0.1223416 -0.2449927 -0.06834995 -0.135597 -0.2332494 -0.06834995 -0.1231964 -0.2472468 -0.06834995 -0.1377316 -0.2343697 -0.06834995 -0.1245658 -0.2492308 -0.06834995 -0.1395361 -0.2359683 -0.06834995 -0.1263703 -0.2508294 -0.06834995 -0.1409054 -0.2379523 -0.08209997 -0.1308456 -0.2525266 -0.08209997 -0.1285049 -0.2519497 -0.08209997 -0.122051 -0.2425995 -0.08209997 -0.1223416 -0.2402064 -0.08209997 -0.1263703 -0.2508294 -0.08209997 -0.1231964 -0.2379523 -0.08209997 -0.1245658 -0.2492308 -0.08209997 -0.1245658 -0.2359683 -0.08209997 -0.1231964 -0.2472468 -0.08209997 -0.1263703 -0.2343697 -0.08209997 -0.1223416 -0.2449927 -0.08209997 -0.1285049 -0.2332494 -0.08209997 -0.1308456 -0.2326724 -0.08209997 -0.1332563 -0.2326724 -0.08209997 -0.135597 -0.2332494 -0.08209997 -0.1377316 -0.2343697 -0.08209997 -0.1395361 -0.2359683 -0.08209997 -0.1409054 -0.2379523 -0.08209997 -0.1417604 -0.2402064 -0.08209997 -0.142051 -0.2425995 -0.08209997 -0.1417604 -0.2449927 -0.08209997 -0.1409054 -0.2472468 -0.08209997 -0.1395361 -0.2492308 -0.08209997 -0.1377316 -0.2508294 -0.08209997 -0.135597 -0.2519497 -0.08209997 -0.1332563 -0.2525266 -0.08209997 -0.1348878 -0.2500797 -0.08359998 -0.1365955 -0.2491834 -0.08359998 -0.1348878 -0.2500797 -0.08209997 -0.1365955 -0.2491834 -0.08209997 -0.1330153 -0.2505412 -0.08359998 -0.1330153 -0.2505412 -0.08209997 -0.1242834 -0.240685 -0.08359998 -0.124051 -0.2425995 -0.08359998 -0.1242834 -0.240685 -0.08209997 -0.1310867 -0.2505412 -0.08359998 -0.1310867 -0.2505412 -0.08209997 -0.124051 -0.2425995 -0.08209997 -0.1249673 -0.2388817 -0.08359998 -0.1249673 -0.2388817 -0.08209997 -0.1292141 -0.2500797 -0.08359998 -0.1292141 -0.2500797 -0.08209997 -0.1260629 -0.2372945 -0.08359998 -0.1260629 -0.2372945 -0.08209997 -0.1275064 -0.2491834 -0.08359998 -0.1275064 -0.2491834 -0.08209997 -0.1275064 -0.2360157 -0.08359998 -0.1275064 -0.2360157 -0.08209997 -0.1260629 -0.2479045 -0.08359998 -0.1260629 -0.2479045 -0.08209997 -0.1292141 -0.2351194 -0.08359998 -0.1292141 -0.2351194 -0.08209997 -0.1249673 -0.2463173 -0.08359998 -0.1249673 -0.2463173 -0.08209997 -0.1242834 -0.2445141 -0.08359998 -0.1242834 -0.2445141 -0.08209997 -0.1310867 -0.2346579 -0.08359998 -0.1310867 -0.2346579 -0.08209997 -0.1330153 -0.2346579 -0.08359998 -0.1330153 -0.2346579 -0.08209997 -0.1348878 -0.2351194 -0.08359998 -0.1348878 -0.2351194 -0.08209997 -0.1365955 -0.2360157 -0.08359998 -0.1365955 -0.2360157 -0.08209997 -0.1380391 -0.2372945 -0.08359998 -0.1380391 -0.2372945 -0.08209997 -0.1391346 -0.2388817 -0.08359998 -0.1391346 -0.2388817 -0.08209997 -0.1398185 -0.240685 -0.08359998 -0.1398185 -0.240685 -0.08209997 -0.140051 -0.2425995 -0.08359998 -0.140051 -0.2425995 -0.08209997 -0.1398185 -0.2445141 -0.08359998 -0.1398185 -0.2445141 -0.08209997 -0.1391346 -0.2463173 -0.08359998 -0.1391346 -0.2463173 -0.08209997 -0.1380391 -0.2479045 -0.08359998 -0.1380391 -0.2479045 -0.08359998 -0.1417604 -0.2402064 -0.08359998 -0.1308456 -0.2525266 -0.08359998 -0.1285049 -0.2519497 -0.08359998 -0.1245658 -0.2359683 -0.08359998 -0.1263703 -0.2343697 -0.08359998 -0.142051 -0.2425995 -0.08359998 -0.1231964 -0.2379523 -0.08359998 -0.1285049 -0.2332494 -0.08359998 -0.1332563 -0.2525266 -0.08359998 -0.1223416 -0.2402064 -0.08359998 -0.1417604 -0.2449927 -0.08359998 -0.1308456 -0.2326724 -0.08359998 -0.135597 -0.2519497 -0.08359998 -0.1409054 -0.2472468 -0.08359998 -0.122051 -0.2425995 -0.08359998 -0.1377316 -0.2508294 -0.08359998 -0.1395361 -0.2492308 -0.08359998 -0.1332563 -0.2326724 -0.08359998 -0.1223416 -0.2449927 -0.08359998 -0.135597 -0.2332494 -0.08359998 -0.1231964 -0.2472468 -0.08359998 -0.1377316 -0.2343697 -0.08359998 -0.1245658 -0.2492308 -0.08359998 -0.1395361 -0.2359683 -0.08359998 -0.1263703 -0.2508294 -0.08359998 -0.1409054 -0.2379523 -0.09735 -0.1308456 -0.2525266 -0.09735 -0.1285049 -0.2519497 -0.09735 -0.122051 -0.2425995 -0.09735 -0.1223416 -0.2402064 -0.09735 -0.1263703 -0.2508294 -0.09735 -0.1231964 -0.2379523 -0.09735 -0.1245658 -0.2492308 -0.09735 -0.1245658 -0.2359683 -0.09735 -0.1231964 -0.2472468 -0.09735 -0.1263703 -0.2343697 -0.09735 -0.1223416 -0.2449927 -0.09735 -0.1285049 -0.2332494 -0.09735 -0.1308456 -0.2326724 -0.09735 -0.1332563 -0.2326724 -0.09735 -0.135597 -0.2332494 -0.09735 -0.1377316 -0.2343697 -0.09735 -0.1395361 -0.2359683 -0.09735 -0.1409054 -0.2379523 -0.09735 -0.1417604 -0.2402064 -0.09735 -0.142051 -0.2425995 -0.09735 -0.1417604 -0.2449927 -0.09735 -0.1409054 -0.2472468 -0.09735 -0.1395361 -0.2492308 -0.09735 -0.1377316 -0.2508294 -0.09735 -0.135597 -0.2519497 -0.09735 -0.1332563 -0.2525266 -0.09735 -0.1348878 -0.2500797 -0.09884995 -0.1365955 -0.2491834 -0.09884995 -0.1348878 -0.2500797 -0.09735 -0.1365955 -0.2491834 -0.09735 -0.1330153 -0.2505412 -0.09884995 -0.1330153 -0.2505412 -0.09735 -0.1242834 -0.240685 -0.09884995 -0.124051 -0.2425995 -0.09884995 -0.1242834 -0.240685 -0.09735 -0.1310867 -0.2505412 -0.09884995 -0.1310867 -0.2505412 -0.09735 -0.124051 -0.2425995 -0.09735 -0.1249673 -0.2388817 -0.09884995 -0.1249673 -0.2388817 -0.09735 -0.1292141 -0.2500797 -0.09884995 -0.1292141 -0.2500797 -0.09735 -0.1260629 -0.2372945 -0.09884995 -0.1260629 -0.2372945 -0.09735 -0.1275064 -0.2491834 -0.09884995 -0.1275064 -0.2491834 -0.09735 -0.1275064 -0.2360157 -0.09884995 -0.1275064 -0.2360157 -0.09735 -0.1260629 -0.2479045 -0.09884995 -0.1260629 -0.2479045 -0.09735 -0.1292141 -0.2351194 -0.09884995 -0.1292141 -0.2351194 -0.09735 -0.1249673 -0.2463173 -0.09884995 -0.1249673 -0.2463173 -0.09735 -0.1242834 -0.2445141 -0.09884995 -0.1242834 -0.2445141 -0.09735 -0.1310867 -0.2346579 -0.09884995 -0.1310867 -0.2346579 -0.09735 -0.1330153 -0.2346579 -0.09884995 -0.1330153 -0.2346579 -0.09735 -0.1348878 -0.2351194 -0.09884995 -0.1348878 -0.2351194 -0.09735 -0.1365955 -0.2360157 -0.09884995 -0.1365955 -0.2360157 -0.09735 -0.1380391 -0.2372945 -0.09884995 -0.1380391 -0.2372945 -0.09735 -0.1391346 -0.2388817 -0.09884995 -0.1391346 -0.2388817 -0.09735 -0.1398185 -0.240685 -0.09884995 -0.1398185 -0.240685 -0.09735 -0.140051 -0.2425995 -0.09884995 -0.140051 -0.2425995 -0.09735 -0.1398185 -0.2445141 -0.09884995 -0.1398185 -0.2445141 -0.09735 -0.1391346 -0.2463173 -0.09884995 -0.1391346 -0.2463173 -0.09735 -0.1380391 -0.2479045 -0.09884995 -0.1380391 -0.2479045 -0.09884995 -0.1285049 -0.2519497 -0.09884995 -0.1417604 -0.2402064 -0.09884995 -0.1409054 -0.2379523 -0.09884995 -0.1308456 -0.2525266 -0.09884995 -0.1245658 -0.2359683 -0.09884995 -0.1263703 -0.2343697 -0.09884995 -0.142051 -0.2425995 -0.09884995 -0.1231964 -0.2379523 -0.09884995 -0.1285049 -0.2332494 -0.09884995 -0.1223416 -0.2402064 -0.09884995 -0.1332563 -0.2525266 -0.09884995 -0.1308456 -0.2326724 -0.09884995 -0.1417604 -0.2449927 -0.09884995 -0.122051 -0.2425995 -0.09884995 -0.135597 -0.2519497 -0.09884995 -0.1409054 -0.2472468 -0.09884995 -0.1332563 -0.2326724 -0.09884995 -0.1377316 -0.2508294 -0.09884995 -0.1223416 -0.2449927 -0.09884995 -0.1395361 -0.2492308 -0.09884995 -0.135597 -0.2332494 -0.09884995 -0.1231964 -0.2472468 -0.09884995 -0.1377316 -0.2343697 -0.09884995 -0.1245658 -0.2492308 -0.09884995 -0.1395361 -0.2359683 -0.09884995 -0.1263703 -0.2508294 -0.1126 -0.1308456 -0.2525266 -0.1126 -0.1285049 -0.2519497 -0.1126 -0.122051 -0.2425995 -0.1126 -0.1223416 -0.2402064 -0.1126 -0.1263703 -0.2508294 -0.1126 -0.1231964 -0.2379523 -0.1126 -0.1245658 -0.2492308 -0.1126 -0.1245658 -0.2359683 -0.1126 -0.1231964 -0.2472468 -0.1126 -0.1263703 -0.2343697 -0.1126 -0.1223416 -0.2449927 -0.1126 -0.1285049 -0.2332494 -0.1126 -0.1308456 -0.2326724 -0.1126 -0.1332563 -0.2326724 -0.1126 -0.135597 -0.2332494 -0.1126 -0.1377316 -0.2343697 -0.1126 -0.1395361 -0.2359683 -0.1126 -0.1409054 -0.2379523 -0.1126 -0.1417604 -0.2402064 -0.1126 -0.142051 -0.2425995 -0.1126 -0.1417604 -0.2449927 -0.1126 -0.1409054 -0.2472468 -0.1126 -0.1395361 -0.2492308 -0.1126 -0.1377316 -0.2508294 -0.1126 -0.135597 -0.2519497 -0.1126 -0.1332563 -0.2525266 -0.1126 -0.1348913 -0.2467144 -0.02259999 -0.133824 -0.2472746 -0.1126 -0.133824 -0.2472746 -0.02259999 -0.1348913 -0.2467144 -0.02259999 -0.1326537 -0.2475631 -0.1126 -0.1326537 -0.2475631 -0.02259999 -0.1270509 -0.2425995 -0.02259999 -0.1271963 -0.241403 -0.1126 -0.1270509 -0.2425995 -0.02259999 -0.1314483 -0.2475631 -0.1126 -0.1314483 -0.2475631 -0.1126 -0.1271963 -0.241403 -0.02259999 -0.1276237 -0.2402759 -0.1126 -0.1276237 -0.2402759 -0.02259999 -0.130278 -0.2472746 -0.1126 -0.130278 -0.2472746 -0.02259999 -0.1283084 -0.2392839 -0.1126 -0.1283084 -0.2392839 -0.02259999 -0.1292106 -0.2467144 -0.1126 -0.1292106 -0.2467144 -0.02259999 -0.1292106 -0.2384846 -0.1126 -0.1292106 -0.2384846 -0.02259999 -0.1283084 -0.2459151 -0.1126 -0.1283084 -0.2459151 -0.02259999 -0.130278 -0.2379245 -0.1126 -0.130278 -0.2379245 -0.02259999 -0.1276237 -0.2449231 -0.1126 -0.1276237 -0.2449231 -0.02259999 -0.1271963 -0.2437961 -0.1126 -0.1271963 -0.2437961 -0.02259999 -0.1314483 -0.237636 -0.1126 -0.1314483 -0.237636 -0.02259999 -0.1326537 -0.237636 -0.1126 -0.1326537 -0.237636 -0.02259999 -0.133824 -0.2379245 -0.1126 -0.133824 -0.2379245 -0.02259999 -0.1348913 -0.2384846 -0.1126 -0.1348913 -0.2384846 -0.02259999 -0.1357935 -0.2392839 -0.1126 -0.1357935 -0.2392839 -0.02259999 -0.1364783 -0.2402759 -0.1126 -0.1364783 -0.2402759 -0.02259999 -0.1369057 -0.241403 -0.1126 -0.1369057 -0.241403 -0.02259999 -0.137051 -0.2425995 -0.1126 -0.137051 -0.2425995 -0.02259999 -0.1369057 -0.2437961 -0.1126 -0.1369057 -0.2437961 -0.02259999 -0.1364783 -0.2449231 -0.1126 -0.1364783 -0.2449231 -0.02259999 -0.1357935 -0.2459151 -0.1126 -0.1357935 -0.2459151 -0.02259999 -0.135597 -0.2519497 -0.02259999 -0.1377316 -0.2508294 -0.02259999 -0.1332563 -0.2525266 -0.02259999 -0.1223416 -0.2402064 -0.02259999 -0.122051 -0.2425995 -0.02259999 -0.1308456 -0.2525266 -0.02259999 -0.1231964 -0.2379523 -0.02259999 -0.1285049 -0.2519497 -0.02259999 -0.1245658 -0.2359683 -0.02259999 -0.1263703 -0.2508294 -0.02259999 -0.1263703 -0.2343697 -0.02259999 -0.1245658 -0.2492308 -0.02259999 -0.1285049 -0.2332494 -0.02259999 -0.1231964 -0.2472468 -0.02259999 -0.1223416 -0.2449927 -0.02259999 -0.1308456 -0.2326724 -0.02259999 -0.1332563 -0.2326724 -0.02259999 -0.135597 -0.2332494 -0.02259999 -0.1377316 -0.2343697 -0.02259999 -0.1395361 -0.2359683 -0.02259999 -0.1409054 -0.2379523 -0.02259999 -0.1417604 -0.2402064 -0.02259999 -0.142051 -0.2425995 -0.02259999 -0.1417604 -0.2449927 -0.02259999 -0.1409054 -0.2472468 -0.02259999 -0.1395361 -0.2492308 0.03574997 0.1353878 -0.2500797 0.03724998 0.1370955 -0.2491834 0.03724998 0.1353878 -0.2500797 0.03574997 0.1370955 -0.2491834 0.03574997 0.1335152 -0.2505412 0.03724998 0.1335152 -0.2505412 0.03574997 0.1247834 -0.240685 0.03724998 0.1245509 -0.2425995 0.03724998 0.1247834 -0.240685 0.03574997 0.1315867 -0.2505412 0.03724998 0.1315867 -0.2505412 0.03574997 0.1245509 -0.2425995 0.03574997 0.1254673 -0.2388817 0.03724998 0.1254673 -0.2388817 0.03574997 0.1297141 -0.2500797 0.03724998 0.1297141 -0.2500797 0.03574997 0.1265629 -0.2372945 0.03724998 0.1265629 -0.2372945 0.03574997 0.1280065 -0.2491834 0.03724998 0.1280065 -0.2491834 0.03574997 0.1280065 -0.2360157 0.03724998 0.1280065 -0.2360157 0.03574997 0.1265629 -0.2479045 0.03724998 0.1265629 -0.2479045 0.03574997 0.1297141 -0.2351194 0.03724998 0.1297141 -0.2351194 0.03574997 0.1254673 -0.2463173 0.03724998 0.1254673 -0.2463173 0.03574997 0.1247834 -0.2445141 0.03724998 0.1247834 -0.2445141 0.03574997 0.1315867 -0.2346579 0.03724998 0.1315867 -0.2346579 0.03574997 0.1335152 -0.2346579 0.03724998 0.1335152 -0.2346579 0.03574997 0.1353878 -0.2351194 0.03724998 0.1353878 -0.2351194 0.03574997 0.1370955 -0.2360157 0.03724998 0.1370955 -0.2360157 0.03574997 0.1385391 -0.2372945 0.03724998 0.1385391 -0.2372945 0.03574997 0.1396346 -0.2388817 0.03724998 0.1396346 -0.2388817 0.03574997 0.1403185 -0.240685 0.03724998 0.1403185 -0.240685 0.03574997 0.140551 -0.2425995 0.03724998 0.140551 -0.2425995 0.03574997 0.1403185 -0.2445141 0.03724998 0.1403185 -0.2445141 0.03574997 0.1396346 -0.2463173 0.03724998 0.1396346 -0.2463173 0.03574997 0.1385391 -0.2479045 0.03724998 0.1385391 -0.2479045 0.03574997 0.1290048 -0.2519497 0.03574997 0.1422604 -0.2402064 0.03574997 0.1414055 -0.2379523 0.03574997 0.1313456 -0.2525266 0.03574997 0.1250659 -0.2359683 0.03574997 0.1268703 -0.2343697 0.03574997 0.1290048 -0.2332494 0.03574997 0.1236964 -0.2379523 0.03574997 0.142551 -0.2425995 0.03574997 0.1313456 -0.2326724 0.03574997 0.1228416 -0.2402064 0.03574997 0.1337563 -0.2525266 0.03574997 0.1337563 -0.2326724 0.03574997 0.122551 -0.2425995 0.03574997 0.1422604 -0.2449927 0.03574997 0.136097 -0.2519497 0.03574997 0.1414055 -0.2472468 0.03574997 0.1228416 -0.2449927 0.03574997 0.1382316 -0.2508294 0.03574997 0.1400361 -0.2492308 0.03574997 0.136097 -0.2332494 0.03574997 0.1236964 -0.2472468 0.03574997 0.1382316 -0.2343697 0.03574997 0.1250659 -0.2492308 0.03574997 0.1400361 -0.2359683 0.03574997 0.1268703 -0.2508294 0.03724998 0.1414055 -0.2379523 0.03724998 0.1422604 -0.2402064 0.03724998 0.1313456 -0.2525266 0.03724998 0.1290048 -0.2519497 0.03724998 0.1250659 -0.2359683 0.03724998 0.1268703 -0.2343697 0.03724998 0.1290048 -0.2332494 0.03724998 0.1236964 -0.2379523 0.03724998 0.142551 -0.2425995 0.03724998 0.1228416 -0.2402064 0.03724998 0.1313456 -0.2326724 0.03724998 0.1337563 -0.2525266 0.03724998 0.122551 -0.2425995 0.03724998 0.1422604 -0.2449927 0.03724998 0.136097 -0.2519497 0.03724998 0.1337563 -0.2326724 0.03724998 0.1414055 -0.2472468 0.03724998 0.1228416 -0.2449927 0.03724998 0.1382316 -0.2508294 0.03724998 0.1400361 -0.2492308 0.03724998 0.136097 -0.2332494 0.03724998 0.1236964 -0.2472468 0.03724998 0.1382316 -0.2343697 0.03724998 0.1250659 -0.2492308 0.03724998 0.1400361 -0.2359683 0.03724998 0.1268703 -0.2508294 0.05099999 0.1313456 -0.2525266 0.05099999 0.1290048 -0.2519497 0.05099999 0.122551 -0.2425995 0.05099999 0.1228416 -0.2402064 0.05099999 0.1268703 -0.2508294 0.05099999 0.1236964 -0.2379523 0.05099999 0.1250659 -0.2492308 0.05099999 0.1250659 -0.2359683 0.05099999 0.1236964 -0.2472468 0.05099999 0.1268703 -0.2343697 0.05099999 0.1228416 -0.2449927 0.05099999 0.1290048 -0.2332494 0.05099999 0.1313456 -0.2326724 0.05099999 0.1337563 -0.2326724 0.05099999 0.136097 -0.2332494 0.05099999 0.1382316 -0.2343697 0.05099999 0.1400361 -0.2359683 0.05099999 0.1414055 -0.2379523 0.05099999 0.1422604 -0.2402064 0.05099999 0.142551 -0.2425995 0.05099999 0.1422604 -0.2449927 0.05099999 0.1414055 -0.2472468 0.05099999 0.1400361 -0.2492308 0.05099999 0.1382316 -0.2508294 0.05099999 0.136097 -0.2519497 0.05099999 0.1337563 -0.2525266 0.05099999 0.1353878 -0.2500797 0.05249994 0.1370955 -0.2491834 0.05249994 0.1353878 -0.2500797 0.05099999 0.1370955 -0.2491834 0.05099999 0.1335152 -0.2505412 0.05249994 0.1335152 -0.2505412 0.05099999 0.1247834 -0.240685 0.05249994 0.1245509 -0.2425995 0.05249994 0.1247834 -0.240685 0.05099999 0.1315867 -0.2505412 0.05249994 0.1315867 -0.2505412 0.05099999 0.1245509 -0.2425995 0.05099999 0.1254673 -0.2388817 0.05249994 0.1254673 -0.2388817 0.05099999 0.1297141 -0.2500797 0.05249994 0.1297141 -0.2500797 0.05099999 0.1265629 -0.2372945 0.05249994 0.1265629 -0.2372945 0.05099999 0.1280065 -0.2491834 0.05249994 0.1280065 -0.2491834 0.05099999 0.1280065 -0.2360157 0.05249994 0.1280065 -0.2360157 0.05099999 0.1265629 -0.2479045 0.05249994 0.1265629 -0.2479045 0.05099999 0.1297141 -0.2351194 0.05249994 0.1297141 -0.2351194 0.05099999 0.1254673 -0.2463173 0.05249994 0.1254673 -0.2463173 0.05099999 0.1247834 -0.2445141 0.05249994 0.1247834 -0.2445141 0.05099999 0.1315867 -0.2346579 0.05249994 0.1315867 -0.2346579 0.05099999 0.1335152 -0.2346579 0.05249994 0.1335152 -0.2346579 0.05099999 0.1353878 -0.2351194 0.05249994 0.1353878 -0.2351194 0.05099999 0.1370955 -0.2360157 0.05249994 0.1370955 -0.2360157 0.05099999 0.1385391 -0.2372945 0.05249994 0.1385391 -0.2372945 0.05099999 0.1396346 -0.2388817 0.05249994 0.1396346 -0.2388817 0.05099999 0.1403185 -0.240685 0.05249994 0.1403185 -0.240685 0.05099999 0.140551 -0.2425995 0.05249994 0.140551 -0.2425995 0.05099999 0.1403185 -0.2445141 0.05249994 0.1403185 -0.2445141 0.05099999 0.1396346 -0.2463173 0.05249994 0.1396346 -0.2463173 0.05099999 0.1385391 -0.2479045 0.05249994 0.1385391 -0.2479045 0.05249994 0.1422604 -0.2402064 0.05249994 0.1414055 -0.2379523 0.05249994 0.1313456 -0.2525266 0.05249994 0.1290048 -0.2519497 0.05249994 0.1250659 -0.2359683 0.05249994 0.1268703 -0.2343697 0.05249994 0.1236964 -0.2379523 0.05249994 0.142551 -0.2425995 0.05249994 0.1290048 -0.2332494 0.05249994 0.1228416 -0.2402064 0.05249994 0.1337563 -0.2525266 0.05249994 0.1313456 -0.2326724 0.05249994 0.122551 -0.2425995 0.05249994 0.1422604 -0.2449927 0.05249994 0.136097 -0.2519497 0.05249994 0.1337563 -0.2326724 0.05249994 0.1414055 -0.2472468 0.05249994 0.1228416 -0.2449927 0.05249994 0.1382316 -0.2508294 0.05249994 0.1400361 -0.2492308 0.05249994 0.136097 -0.2332494 0.05249994 0.1236964 -0.2472468 0.05249994 0.1382316 -0.2343697 0.05249994 0.1250659 -0.2492308 0.05249994 0.1400361 -0.2359683 0.05249994 0.1268703 -0.2508294 0.06624996 0.1337563 -0.2525266 0.06624996 0.1313456 -0.2525266 0.06624996 0.1290048 -0.2519497 0.06624996 0.122551 -0.2425995 0.06624996 0.1228416 -0.2402064 0.06624996 0.1268703 -0.2508294 0.06624996 0.1236964 -0.2379523 0.06624996 0.1250659 -0.2492308 0.06624996 0.1250659 -0.2359683 0.06624996 0.1236964 -0.2472468 0.06624996 0.1268703 -0.2343697 0.06624996 0.1228416 -0.2449927 0.06624996 0.1290048 -0.2332494 0.06624996 0.1313456 -0.2326724 0.06624996 0.1337563 -0.2326724 0.06624996 0.136097 -0.2332494 0.06624996 0.1382316 -0.2343697 0.06624996 0.1400361 -0.2359683 0.06624996 0.1414055 -0.2379523 0.06624996 0.1422604 -0.2402064 0.06624996 0.142551 -0.2425995 0.06624996 0.1422604 -0.2449927 0.06624996 0.1414055 -0.2472468 0.06624996 0.1400361 -0.2492308 0.06624996 0.1382316 -0.2508294 0.06624996 0.136097 -0.2519497 0.06624996 0.1353878 -0.2500797 0.06774997 0.1370955 -0.2491834 0.06774997 0.1353878 -0.2500797 0.06624996 0.1370955 -0.2491834 0.06624996 0.1335152 -0.2505412 0.06774997 0.1335152 -0.2505412 0.06624996 0.1247834 -0.240685 0.06774997 0.1245509 -0.2425995 0.06774997 0.1247834 -0.240685 0.06624996 0.1315867 -0.2505412 0.06774997 0.1315867 -0.2505412 0.06624996 0.1245509 -0.2425995 0.06624996 0.1254673 -0.2388817 0.06774997 0.1254673 -0.2388817 0.06624996 0.1297141 -0.2500797 0.06774997 0.1297141 -0.2500797 0.06624996 0.1265629 -0.2372945 0.06774997 0.1265629 -0.2372945 0.06624996 0.1280065 -0.2491834 0.06774997 0.1280065 -0.2491834 0.06624996 0.1280065 -0.2360157 0.06774997 0.1280065 -0.2360157 0.06624996 0.1265629 -0.2479045 0.06774997 0.1265629 -0.2479045 0.06624996 0.1297141 -0.2351194 0.06774997 0.1297141 -0.2351194 0.06624996 0.1254673 -0.2463173 0.06774997 0.1254673 -0.2463173 0.06624996 0.1247834 -0.2445141 0.06774997 0.1247834 -0.2445141 0.06624996 0.1315867 -0.2346579 0.06774997 0.1315867 -0.2346579 0.06624996 0.1335152 -0.2346579 0.06774997 0.1335152 -0.2346579 0.06624996 0.1353878 -0.2351194 0.06774997 0.1353878 -0.2351194 0.06624996 0.1370955 -0.2360157 0.06774997 0.1370955 -0.2360157 0.06624996 0.1385391 -0.2372945 0.06774997 0.1385391 -0.2372945 0.06624996 0.1396346 -0.2388817 0.06774997 0.1396346 -0.2388817 0.06624996 0.1403185 -0.240685 0.06774997 0.1403185 -0.240685 0.06624996 0.140551 -0.2425995 0.06774997 0.140551 -0.2425995 0.06624996 0.1403185 -0.2445141 0.06774997 0.1403185 -0.2445141 0.06624996 0.1396346 -0.2463173 0.06774997 0.1396346 -0.2463173 0.06624996 0.1385391 -0.2479045 0.06774997 0.1385391 -0.2479045 0.06774997 0.1422604 -0.2402064 0.06774997 0.1414055 -0.2379523 0.06774997 0.1313456 -0.2525266 0.06774997 0.1290048 -0.2519497 0.06774997 0.1250659 -0.2359683 0.06774997 0.1268703 -0.2343697 0.06774997 0.1236964 -0.2379523 0.06774997 0.142551 -0.2425995 0.06774997 0.1290048 -0.2332494 0.06774997 0.1228416 -0.2402064 0.06774997 0.1337563 -0.2525266 0.06774997 0.1313456 -0.2326724 0.06774997 0.122551 -0.2425995 0.06774997 0.1422604 -0.2449927 0.06774997 0.136097 -0.2519497 0.06774997 0.1337563 -0.2326724 0.06774997 0.1414055 -0.2472468 0.06774997 0.1228416 -0.2449927 0.06774997 0.1382316 -0.2508294 0.06774997 0.1400361 -0.2492308 0.06774997 0.136097 -0.2332494 0.06774997 0.1236964 -0.2472468 0.06774997 0.1382316 -0.2343697 0.06774997 0.1250659 -0.2492308 0.06774997 0.1400361 -0.2359683 0.06774997 0.1268703 -0.2508294 0.08149999 0.1313456 -0.2525266 0.08149999 0.1290048 -0.2519497 0.08149999 0.122551 -0.2425995 0.08149999 0.1228416 -0.2402064 0.08149999 0.1268703 -0.2508294 0.08149999 0.1236964 -0.2379523 0.08149999 0.1250659 -0.2492308 0.08149999 0.1250659 -0.2359683 0.08149999 0.1236964 -0.2472468 0.08149999 0.1268703 -0.2343697 0.08149999 0.1228416 -0.2449927 0.08149999 0.1290048 -0.2332494 0.08149999 0.1313456 -0.2326724 0.08149999 0.1337563 -0.2326724 0.08149999 0.136097 -0.2332494 0.08149999 0.1382316 -0.2343697 0.08149999 0.1400361 -0.2359683 0.08149999 0.1414055 -0.2379523 0.08149999 0.1422604 -0.2402064 0.08149999 0.142551 -0.2425995 0.08149999 0.1422604 -0.2449927 0.08149999 0.1414055 -0.2472468 0.08149999 0.1400361 -0.2492308 0.08149999 0.1382316 -0.2508294 0.08149999 0.136097 -0.2519497 0.08149999 0.1337563 -0.2525266 0.08149999 0.1353878 -0.2500797 0.083 0.1370955 -0.2491834 0.083 0.1353878 -0.2500797 0.08149999 0.1370955 -0.2491834 0.08149999 0.1335152 -0.2505412 0.083 0.1335152 -0.2505412 0.08149999 0.1247834 -0.240685 0.083 0.1245509 -0.2425995 0.083 0.1247834 -0.240685 0.08149999 0.1315867 -0.2505412 0.083 0.1315867 -0.2505412 0.08149999 0.1245509 -0.2425995 0.08149999 0.1254673 -0.2388817 0.083 0.1254673 -0.2388817 0.08149999 0.1297141 -0.2500797 0.083 0.1297141 -0.2500797 0.08149999 0.1265629 -0.2372945 0.083 0.1265629 -0.2372945 0.08149999 0.1280065 -0.2491834 0.083 0.1280065 -0.2491834 0.08149999 0.1280065 -0.2360157 0.083 0.1280065 -0.2360157 0.08149999 0.1265629 -0.2479045 0.083 0.1265629 -0.2479045 0.08149999 0.1297141 -0.2351194 0.083 0.1297141 -0.2351194 0.08149999 0.1254673 -0.2463173 0.083 0.1254673 -0.2463173 0.08149999 0.1247834 -0.2445141 0.083 0.1247834 -0.2445141 0.08149999 0.1315867 -0.2346579 0.083 0.1315867 -0.2346579 0.08149999 0.1335152 -0.2346579 0.083 0.1335152 -0.2346579 0.08149999 0.1353878 -0.2351194 0.083 0.1353878 -0.2351194 0.08149999 0.1370955 -0.2360157 0.083 0.1370955 -0.2360157 0.08149999 0.1385391 -0.2372945 0.083 0.1385391 -0.2372945 0.08149999 0.1396346 -0.2388817 0.083 0.1396346 -0.2388817 0.08149999 0.1403185 -0.240685 0.083 0.1403185 -0.240685 0.08149999 0.140551 -0.2425995 0.083 0.140551 -0.2425995 0.08149999 0.1403185 -0.2445141 0.083 0.1403185 -0.2445141 0.08149999 0.1396346 -0.2463173 0.083 0.1396346 -0.2463173 0.08149999 0.1385391 -0.2479045 0.083 0.1385391 -0.2479045 0.083 0.1422604 -0.2402064 0.083 0.1414055 -0.2379523 0.083 0.1313456 -0.2525266 0.083 0.1290048 -0.2519497 0.083 0.1250659 -0.2359683 0.083 0.1268703 -0.2343697 0.083 0.1236964 -0.2379523 0.083 0.142551 -0.2425995 0.083 0.1290048 -0.2332494 0.083 0.1228416 -0.2402064 0.083 0.122551 -0.2425995 0.083 0.1337563 -0.2525266 0.083 0.1313456 -0.2326724 0.083 0.1422604 -0.2449927 0.083 0.1337563 -0.2326724 0.083 0.136097 -0.2519497 0.083 0.1228416 -0.2449927 0.083 0.1414055 -0.2472468 0.083 0.1382316 -0.2508294 0.083 0.1400361 -0.2492308 0.083 0.136097 -0.2332494 0.083 0.1236964 -0.2472468 0.083 0.1382316 -0.2343697 0.083 0.1250659 -0.2492308 0.083 0.1400361 -0.2359683 0.083 0.1268703 -0.2508294 0.09674996 0.1337563 -0.2525266 0.09674996 0.1313456 -0.2525266 0.09674996 0.1290048 -0.2519497 0.09674996 0.122551 -0.2425995 0.09674996 0.1228416 -0.2402064 0.09674996 0.1268703 -0.2508294 0.09674996 0.1236964 -0.2379523 0.09674996 0.1250659 -0.2492308 0.09674996 0.1250659 -0.2359683 0.09674996 0.1236964 -0.2472468 0.09674996 0.1268703 -0.2343697 0.09674996 0.1228416 -0.2449927 0.09674996 0.1290048 -0.2332494 0.09674996 0.1313456 -0.2326724 0.09674996 0.1337563 -0.2326724 0.09674996 0.136097 -0.2332494 0.09674996 0.1382316 -0.2343697 0.09674996 0.1400361 -0.2359683 0.09674996 0.1414055 -0.2379523 0.09674996 0.1422604 -0.2402064 0.09674996 0.142551 -0.2425995 0.09674996 0.1422604 -0.2449927 0.09674996 0.1414055 -0.2472468 0.09674996 0.1400361 -0.2492308 0.09674996 0.1382316 -0.2508294 0.09674996 0.136097 -0.2519497 0.09674996 0.1353878 -0.2500797 0.09824997 0.1370955 -0.2491834 0.09824997 0.1353878 -0.2500797 0.09674996 0.1370955 -0.2491834 0.09674996 0.1335152 -0.2505412 0.09824997 0.1335152 -0.2505412 0.09674996 0.1247834 -0.240685 0.09824997 0.1245509 -0.2425995 0.09824997 0.1247834 -0.240685 0.09674996 0.1315867 -0.2505412 0.09824997 0.1315867 -0.2505412 0.09674996 0.1245509 -0.2425995 0.09674996 0.1254673 -0.2388817 0.09824997 0.1254673 -0.2388817 0.09674996 0.1297141 -0.2500797 0.09824997 0.1297141 -0.2500797 0.09674996 0.1265629 -0.2372945 0.09824997 0.1265629 -0.2372945 0.09674996 0.1280065 -0.2491834 0.09824997 0.1280065 -0.2491834 0.09674996 0.1280065 -0.2360157 0.09824997 0.1280065 -0.2360157 0.09674996 0.1265629 -0.2479045 0.09824997 0.1265629 -0.2479045 0.09674996 0.1297141 -0.2351194 0.09824997 0.1297141 -0.2351194 0.09674996 0.1254673 -0.2463173 0.09824997 0.1254673 -0.2463173 0.09674996 0.1247834 -0.2445141 0.09824997 0.1247834 -0.2445141 0.09674996 0.1315867 -0.2346579 0.09824997 0.1315867 -0.2346579 0.09674996 0.1335152 -0.2346579 0.09824997 0.1335152 -0.2346579 0.09674996 0.1353878 -0.2351194 0.09824997 0.1353878 -0.2351194 0.09674996 0.1370955 -0.2360157 0.09824997 0.1370955 -0.2360157 0.09674996 0.1385391 -0.2372945 0.09824997 0.1385391 -0.2372945 0.09674996 0.1396346 -0.2388817 0.09824997 0.1396346 -0.2388817 0.09674996 0.1403185 -0.240685 0.09824997 0.1403185 -0.240685 0.09674996 0.140551 -0.2425995 0.09824997 0.140551 -0.2425995 0.09674996 0.1403185 -0.2445141 0.09824997 0.1403185 -0.2445141 0.09674996 0.1396346 -0.2463173 0.09824997 0.1396346 -0.2463173 0.09674996 0.1385391 -0.2479045 0.09824997 0.1385391 -0.2479045 0.09824997 0.1414055 -0.2379523 0.09824997 0.1422604 -0.2402064 0.09824997 0.1313456 -0.2525266 0.09824997 0.1290048 -0.2519497 0.09824997 0.1250659 -0.2359683 0.09824997 0.1268703 -0.2343697 0.09824997 0.1290048 -0.2332494 0.09824997 0.1236964 -0.2379523 0.09824997 0.142551 -0.2425995 0.09824997 0.1228416 -0.2402064 0.09824997 0.1313456 -0.2326724 0.09824997 0.1337563 -0.2525266 0.09824997 0.122551 -0.2425995 0.09824997 0.1422604 -0.2449927 0.09824997 0.136097 -0.2519497 0.09824997 0.1337563 -0.2326724 0.09824997 0.1414055 -0.2472468 0.09824997 0.1228416 -0.2449927 0.09824997 0.1382316 -0.2508294 0.09824997 0.1400361 -0.2492308 0.09824997 0.136097 -0.2332494 0.09824997 0.1236964 -0.2472468 0.09824997 0.1382316 -0.2343697 0.09824997 0.1250659 -0.2492308 0.09824997 0.1400361 -0.2359683 0.09824997 0.1268703 -0.2508294 0.112 0.1313456 -0.2525266 0.112 0.1290048 -0.2519497 0.112 0.122551 -0.2425995 0.112 0.1228416 -0.2402064 0.112 0.1268703 -0.2508294 0.112 0.1236964 -0.2379523 0.112 0.1250659 -0.2492308 0.112 0.1250659 -0.2359683 0.112 0.1236964 -0.2472468 0.112 0.1268703 -0.2343697 0.112 0.1228416 -0.2449927 0.112 0.1290048 -0.2332494 0.112 0.1313456 -0.2326724 0.112 0.1337563 -0.2326724 0.112 0.136097 -0.2332494 0.112 0.1382316 -0.2343697 0.112 0.1400361 -0.2359683 0.112 0.1414055 -0.2379523 0.112 0.1422604 -0.2402064 0.112 0.142551 -0.2425995 0.112 0.1422604 -0.2449927 0.112 0.1414055 -0.2472468 0.112 0.1400361 -0.2492308 0.112 0.1382316 -0.2508294 0.112 0.136097 -0.2519497 0.112 0.1337563 -0.2525266 0.112 0.1353912 -0.2467144 0.02199995 0.134324 -0.2472746 0.112 0.134324 -0.2472746 0.02199995 0.1353912 -0.2467144 0.02199995 0.1331537 -0.2475631 0.112 0.1331537 -0.2475631 0.02199995 0.127551 -0.2425995 0.02199995 0.1276963 -0.241403 0.112 0.127551 -0.2425995 0.02199995 0.1319483 -0.2475631 0.112 0.1319483 -0.2475631 0.112 0.1276963 -0.241403 0.02199995 0.1281237 -0.2402759 0.112 0.1281237 -0.2402759 0.02199995 0.130778 -0.2472746 0.112 0.130778 -0.2472746 0.02199995 0.1288084 -0.2392839 0.112 0.1288084 -0.2392839 0.02199995 0.1297106 -0.2467144 0.112 0.1297106 -0.2467144 0.02199995 0.1297106 -0.2384846 0.112 0.1297106 -0.2384846 0.02199995 0.1288084 -0.2459151 0.112 0.1288084 -0.2459151 0.02199995 0.130778 -0.2379245 0.112 0.130778 -0.2379245 0.02199995 0.1281237 -0.2449231 0.112 0.1281237 -0.2449231 0.02199995 0.1276963 -0.2437961 0.112 0.1276963 -0.2437961 0.02199995 0.1319483 -0.237636 0.112 0.1319483 -0.237636 0.02199995 0.1331537 -0.237636 0.112 0.1331537 -0.237636 0.02199995 0.134324 -0.2379245 0.112 0.134324 -0.2379245 0.02199995 0.1353912 -0.2384846 0.112 0.1353912 -0.2384846 0.02199995 0.1362935 -0.2392839 0.112 0.1362935 -0.2392839 0.02199995 0.1369783 -0.2402759 0.112 0.1369783 -0.2402759 0.02199995 0.1374057 -0.241403 0.112 0.1374057 -0.241403 0.02199995 0.137551 -0.2425995 0.112 0.137551 -0.2425995 0.02199995 0.1374057 -0.2437961 0.112 0.1374057 -0.2437961 0.02199995 0.1369783 -0.2449231 0.112 0.1369783 -0.2449231 0.02199995 0.1362935 -0.2459151 0.112 0.1362935 -0.2459151 0.02199995 0.136097 -0.2519497 0.02199995 0.1382316 -0.2508294 0.02199995 0.1337563 -0.2525266 0.02199995 0.1228416 -0.2402064 0.02199995 0.122551 -0.2425995 0.02199995 0.1313456 -0.2525266 0.02199995 0.1236964 -0.2379523 0.02199995 0.1290048 -0.2519497 0.02199995 0.1250659 -0.2359683 0.02199995 0.1268703 -0.2508294 0.02199995 0.1268703 -0.2343697 0.02199995 0.1250659 -0.2492308 0.02199995 0.1290048 -0.2332494 0.02199995 0.1236964 -0.2472468 0.02199995 0.1228416 -0.2449927 0.02199995 0.1313456 -0.2326724 0.02199995 0.1337563 -0.2326724 0.02199995 0.136097 -0.2332494 0.02199995 0.1382316 -0.2343697 0.02199995 0.1400361 -0.2359683 0.02199995 0.1414055 -0.2379523 0.02199995 0.1422604 -0.2402064 0.02199995 0.142551 -0.2425995 0.02199995 0.1422604 -0.2449927 0.02199995 0.1414055 -0.2472468 0.02199995 0.1400361 -0.2492308</float_array>
          <technique_common>
            <accessor source="#LandingFoam-mesh-positions-array" count="2496" stride="3">
              <param name="X" type="float" />
              <param name="Y" type="float" />
              <param name="Z" type="float" />
            </accessor>
          </technique_common>
        </source>
        <source id="LandingFoam-mesh-normals">
          <float_array id="LandingFoam-mesh-normals-array" count="3729">0 0.4647328 -0.885451 0 0.4647324 -0.8854513 0 0.2393078 -0.9709439 0 0.2393101 -0.9709432 0 -0.9927125 0.1205074 0 0 -1 0 -0.9927127 0.120505 0 -0.9350159 0.354606 0 -0.2392984 -0.9709461 0 -0.9350172 0.3546027 0 -0.8229708 0.5680837 0 -0.4647535 -0.8854401 0 -0.8229756 0.5680769 0 -0.4647531 -0.8854404 0 -0.6630815 0.7485473 0 -0.6631147 -0.7485179 0 -0.6630977 0.7485328 0 -0.6631153 -0.7485173 0 -0.4647531 0.8854404 0 -0.8229756 -0.5680769 0 -0.4647653 0.885434 0 -0.8229741 -0.568079 0 -0.9350083 -0.354626 0 -0.9350095 -0.3546227 0 -0.2392913 0.9709479 0 -0.9927132 -0.1205014 0 -0.9927135 -0.120499 0 0 1 0 0.239303 0.970945 0 0.2393007 0.9709456 0 0.4647324 0.8854513 0 0.4647446 0.8854448 0 0.6630765 0.7485517 0 0.6630977 0.7485328 0 0.8230038 0.568036 0 0.8229991 0.5680428 0 0.9350172 0.3546027 0 0.9350159 0.354606 0 0.9927079 0.1205447 0 0.9927052 0.1205669 0 0.9927085 -0.120541 0 0.9927062 -0.1205585 0 0.9350083 -0.354626 0 0.9350095 -0.3546227 0 0.8230038 -0.568036 0 0.8230023 -0.5680381 0 0.6631147 -0.7485179 0 0.6631103 -0.7485217 1 0 0 1 6.08056e-6 0 1 -6.08082e-6 0 1 7.60086e-6 0 1 7.60075e-6 0 1 7.60133e-6 0 1 1.52017e-5 0 1 -6.08065e-6 0 1 6.08051e-6 0 1 -6.08058e-6 0 1 3.04018e-6 0 1 -7.60127e-6 0 1 3.0404e-6 0 1 7.60063e-6 0 1 -3.32548e-6 0 1 -7.60052e-6 0 1 6.08088e-6 0 1 -3.80055e-6 0 -1 0 0 -1 -6.08088e-6 0 -1 6.08051e-6 0 -1 -6.08073e-6 0 -1 7.60086e-6 0 -1 3.0404e-6 0 -1 6.08088e-6 0 -1 -1.52009e-6 0 -1 -3.80066e-6 0 -1 6.08065e-6 0 -1 -7.60086e-6 0 -1 7.60092e-6 0 -1 -3.04025e-6 0 -1 6.08058e-6 0 -1 1.52016e-6 0 -1 3.04044e-6 0 -1 -6.08065e-6 0 -1 -6.08051e-6 0 -1 1.21614e-5 0 -1 -7.60121e-6 0 -1 1.21616e-5 0 -1 -6.08043e-6 0 -1 7.60109e-6 0 0 -0.2393086 -0.9709436 0 -0.9927073 0.1205499 0 -0.2393072 -0.9709439 0 -0.4647159 -0.88546 0 -0.9350252 0.3545815 0 -0.9927073 0.1205497 0 -0.4647194 -0.885458 0 -0.6631284 -0.7485058 0 -0.822975 0.5680778 0 -0.6631323 -0.7485022 0 -0.9350275 0.354575 0 -0.822975 -0.5680778 0 -0.6631318 0.7485026 0 -0.9350275 -0.3545753 0 -0.8229752 0.5680773 0 -0.8229752 -0.5680773 0 -0.9350252 -0.3545812 0 -0.4647239 0.8854557 0 -0.6631289 0.7485053 0 -0.992708 -0.1205447 0 -0.992708 -0.1205446 0 -0.2393359 0.9709368 0 -0.464721 0.8854572 0 -0.2393378 0.9709364 0 0.2393376 0.9709364 0 0.464721 0.8854572 0 0.2393378 0.9709364 0 0.6631074 0.7485243 0 0.4647182 0.8854588 0 0.8229914 0.5680539 0 0.6631115 0.7485208 0 0.8229982 0.568044 0 0.9350135 0.3546122 0 0.9350137 0.3546119 0 0.9927073 0.1205499 0 0.9927073 0.1205497 0 0.992708 -0.1205447 0 0.992708 -0.1205446 0 0.9350135 -0.3546122 0 0.9350137 -0.3546119 0 0.8229979 -0.5680444 0 0.8229917 -0.5680535 0 0.6631109 -0.7485212 0 0.6631079 -0.7485238 0 0.464713 -0.8854615 0 0.4647166 -0.8854596 0 0.2393086 -0.9709436 0 0.2393088 -0.9709435 0 0.2393125 -0.9709426 0 -0.9927126 0.1205062 0 -0.2393008 -0.9709455 0 -0.6630843 0.7485448 0 -0.6630949 0.7485353 0 -0.9927134 -0.1205002 0 0.6630793 0.7485492 0 0.6630949 0.7485353 0 0.9927078 0.1205459 0 0.9927085 -0.1205399 0 0.9927061 -0.1205596 1 -3.80037e-6 0 1 -3.80032e-6 0 1 6.08071e-6 0 1 6.08082e-6 0 1 7.60115e-6 0 1 7.60109e-6 0 1 7.6004e-6 0 1 -7.60133e-6 0 1 -7.60086e-6 0 1 1.52011e-5 0 1 7.60127e-6 0 1 -3.0404e-6 0 1 1.52013e-6 0 1 6.08058e-6 0 1 2.37534e-7 0 1 3.80043e-6 0 -1 5.70056e-6 0 -1 -7.60063e-6 0 -1 3.80043e-6 0 -1 3.80037e-6 0 -1 -5.70082e-6 0 -1 -3.80043e-6 0 -1 3.8002e-6 0 -1 3.04033e-6 0 -1 -6.08071e-6 0 -1 -3.04036e-6 0 -1 -3.80061e-6 0 -1 3.80055e-6 0 0 -0.2393088 -0.9709435 0 -0.4647162 -0.8854598 0 -0.935023 0.3545873 0 -0.9927082 0.1205427 0 -0.4647166 -0.8854596 0 -0.6631291 -0.7485051 0 -0.6631326 0.748502 0 -0.9350275 -0.354575 0 -0.935023 -0.3545873 0 -0.992708 -0.1205444 0 -0.9927088 -0.1205376 0 -0.2393379 0.9709363 0 -0.4647213 0.8854569 0 0.2393379 0.9709363 0 0.6631082 0.7485236 0 0.4647185 0.8854585 0 0.8229917 0.5680535 0 0.9350113 0.3546181 0 0.9927074 0.1205496 0 0.992708 -0.1205444 0 0.9350113 -0.3546181 0 0.8229982 -0.568044 0 0.6631117 -0.7485206 0 0.4647133 -0.8854612 0 0.4647136 -0.885461 0 0.4647389 -0.8854478 0 0.4647245 -0.8854554 0 0.2393078 -0.9709439 0 -0.9927114 0.1205161 0 -0.239296 -0.9709467 0 -0.9350192 0.3545972 0 -0.8229676 0.5680884 0 -0.4647554 -0.8854391 0 -0.8229786 0.5680724 0 -0.4647493 -0.8854424 0 -0.6630921 0.7485378 0 -0.6630893 0.7485403 0 -0.6631175 -0.7485154 0 -0.4647592 0.8854371 0 -0.8229803 -0.5680701 0 -0.4647594 0.885437 0 -0.8229708 -0.5680837 0 -0.9350116 -0.3546172 0 -0.2392889 0.9709485 0 -0.9927122 -0.1205101 0 0.2393006 0.9709456 0 0.4647343 0.8854502 0 0.4647428 0.8854458 0 0.6630871 0.7485423 0 0.6630893 0.7485403 0 0.8230068 0.5680315 0 0.8229959 0.5680475 0 0.9927076 0.1205471 0 0.9927054 0.1205657 0 0.8230084 -0.5680292 0 0.8229991 -0.5680428 0 0.6631125 -0.7485198 1 -7.6004e-6 0 1 7.60057e-6 0 1 -3.04029e-6 0 1 4.75068e-7 0 -1 1.90019e-6 0 -1 6.08073e-6 0 -1 -3.0404e-6 0 -1 -3.80037e-6 0 -1 -1.90027e-6 0 -1 3.80066e-6 0 -1 -1.90022e-6 0 -1 3.80046e-6 0 -1 -3.04029e-6 0 -1 -7.60109e-6 0 -1 -3.04033e-6 0 -1 3.04025e-6 0 -1 -3.8002e-6 0 -1 1.90027e-6 0 0 -0.9927074 0.1205496 0 -0.9927082 0.1205428 0 -0.6631289 -0.7485053 0 -0.8229752 0.5680775 0 -0.6631326 -0.748502 0 -0.8229752 -0.5680775 0 -0.6631323 0.7485022 0 -0.8229754 0.5680771 0 -0.8229754 -0.5680771 0 -0.4647212 0.8854571 0 -0.6631291 0.7485051 0 0.4647183 0.8854587 0 0.6631079 0.7485238 0 0.8229915 0.5680537 0 0.6631117 0.7485206 0 0.8229983 0.5680438 0 0.8229981 -0.5680442 0 0.8229919 -0.5680533 0 0.6631115 -0.7485208 0 0.6631082 -0.7485236 0 0.4647408 -0.8854467 0 0.4647265 -0.8854544 0 -0.9927125 0.1205068 0 -0.8229692 0.568086 0 -0.4647575 -0.8854382 0 -0.4647471 -0.8854435 0 -0.6631125 -0.7485198 0 -0.6630871 0.7485423 0 -0.4647551 0.8854393 0 -0.8229818 -0.5680677 0 -0.4647614 0.8854361 0 -0.9350089 -0.3546243 0 -0.9927135 -0.1204996 0 -0.9927132 -0.1205008 0 0.4647448 0.8854448 0 0.6630821 0.7485467 0 0.6630921 0.7485378 0 0.8229975 0.5680451 0 0.9927077 0.1205465 0 0.9927053 0.1205663 0 0.9927086 -0.1205393 0 0.9927061 -0.1205603 0 0.9350089 -0.3546243 0 0.8230102 -0.5680269 0 0.6631175 -0.7485154 0 0.6631075 -0.7485242 1 -3.80058e-6 0 1 -3.80017e-6 0 1 3.80066e-6 0 1 -3.04033e-6 0 1 3.04029e-6 0 1 3.80026e-6 0 1 -1.52013e-6 0 1 3.56301e-7 0 1 -1.90022e-6 0 1 -3.04031e-6 0 1 2.85028e-6 0 -1 -1.52013e-6 0 -1 3.80034e-6 0 -1 3.04031e-6 0 -1 -2.85028e-6 0 -1 3.04036e-6 0 -1 7.601e-7 0 -1 -1.90019e-6 0 -1 7.60045e-7 0 -1 2.85041e-6 0 -1 -3.04018e-6 0 -1 2.28025e-6 0 -1 7.60109e-7 0 -1 -1.90016e-6 0 -1 3.80061e-6 0 0 -0.2393087 -0.9709435 0 -0.4647163 -0.8854596 0 -0.9927082 0.1205428 0 -0.663129 -0.7485052 0 -0.9350275 0.3545752 0 -0.6631324 0.7485021 0 -0.9350228 -0.3545875 0 -0.2393379 0.9709363 0 0.2393379 0.9709363 0 0.4647213 0.8854569 0 0.6631115 0.7485206 0 0.4647153 0.8854602 0 0.8229947 0.5680491 0 0.935016 0.3546058 0 0.935009 0.3546243 0 0.9927091 0.1205359 0 0.9927096 -0.1205307 0 0.935009 -0.3546242 0 0.9350159 -0.3546059 0 0.822995 -0.5680488 0 0.8229914 -0.5680539 0 0.6631115 -0.7485206 0 0.4647106 -0.8854627 0 0.4647163 -0.8854596 0 0.2393087 -0.9709435 0 0.2393066 -0.9709441 0 -0.2392972 -0.9709464 0 -0.82297 0.5680849 0 -0.8229779 0.5680736 0 -0.6631139 -0.7485185 0 -0.2392901 0.9709482 0 0.2393018 0.9709452 0 0.8230061 0.5680327 0 0.8229983 0.568044 0 0.6631189 -0.7485141 1 9.50093e-7 0 1 -1.90016e-6 0 1 -3.04028e-6 0 1 -3.04044e-6 0 1 3.04025e-6 0 1 3.80032e-6 0 1 -3.04035e-6 0 1 3.04041e-6 0 1 3.04044e-6 0 1 3.80037e-6 0 1 3.80055e-6 0 1 3.80029e-6 0 1 1.52009e-6 0 1 1.52016e-6 0 1 1.5202e-6 0 1 -1.66274e-6 0 1 1.52015e-6 0 -1 1.90016e-6 0 -1 -9.50166e-7 0 -1 1.90022e-6 0 -1 -7.60063e-7 0 -1 -1.52016e-6 0 -1 -7.60082e-7 0 -1 1.52018e-6 0 -1 1.9003e-6 0 -1 -3.04041e-6 0 0 -0.4647164 -0.8854596 0 -0.9350229 0.3545874 0 -0.9350275 -0.3545751 0 -0.992708 -0.1205445 0 -0.2393379 0.9709363 0 0.2393379 0.9709363 0 0.663108 0.7485237 0 0.9350136 0.354612 0 0.992708 -0.1205445 0 0.9350113 -0.3546181 0 0.4647136 -0.8854612 0 0.4647135 -0.8854612 0 -0.4647481 0.885443 0 -0.4647622 0.8854356 0 -0.2393574 0.9709315 0 -0.2393535 0.9709326 0 0.9927085 -0.1205403 0 0.9927064 -0.1205573 0 0.9350317 -0.3545642 0 0.2393495 0.9709336 0 0.9350318 -0.3545641 0 0.2393535 0.9709326 0 0.8229916 -0.5680536 0 0.4647198 0.8854578 0 0.8229997 -0.5680419 0 0.6631301 -0.7485042 0 0.6631301 0.7485042 0 0.6631301 -0.7485042 0 0.6631301 0.7485042 0 0.464652 -0.8854934 0 0.8229996 0.568042 0 0.8229917 0.5680536 0 0.9350208 0.3545929 0 0.9350209 0.3545929 0 0.2393535 -0.9709326 0 0.9927098 0.12053 0 0.2393495 -0.9709336 0 0.9927077 0.1205469 0 -0.2393535 -0.9709326 0 -0.2393574 -0.9709315 0 -0.4646944 -0.8854712 0 -0.4646802 -0.8854786 0 -0.6631301 -0.7485042 0 -0.6631301 -0.7485042 0 -0.8229516 -0.5681117 0 -0.8229595 -0.5681001 0 -0.9350203 -0.3545942 0 -0.9350317 -0.3545642 0 -0.9927085 -0.1205403 0 -0.9927098 0.12053 0 -0.9927097 0.12053 0 -0.9350209 0.3545929 0 -0.9350094 0.3546229 0 -0.8229514 0.5681117 0 -0.8229595 0.5681 0 -0.6631301 0.7485042 0 -0.6631301 0.7485042 0 -0.9927089 -0.1205375 -1 2.43213e-6 0 -1 -4.86443e-6 0 -1 1.09452e-5 0 -1 2.43233e-6 0 -1 2.43224e-6 0 -1 -9.72933e-6 0 -1 -9.72876e-6 0 -1 -4.86448e-6 0 -1 -1.09457e-5 0 -1 1.94584e-5 0 -1 7.29671e-6 0 -1 2.43219e-6 0 -1 2.43226e-6 0 -1 -2.43214e-6 0 -1 -4.86476e-6 0 -1 2.43223e-6 0 -1 -7.29678e-6 0 -1 -4.86457e-6 0 1 -1.21611e-6 0 1 6.08064e-7 0 1 0 0 1 1.21612e-6 0 1 1.21612e-6 0 1 -1.21615e-6 0 1 -1.2161e-6 0 1 -1.21612e-6 0 1 6.08054e-7 0 1 -6.08106e-7 0 1 1.21611e-6 0 1 -6.08065e-7 0 1 2.43214e-6 0 1 -3.04024e-7 0 1 -3.61028e-7 0 1 -6.08059e-7 0 0 -0.4647326 -0.8854512 0 -0.4647286 -0.8854532 0 -0.2393124 -0.9709426 0 -0.2393078 -0.9709439 0 0.9927126 0.1205062 0 0.9927125 0.1205074 0 0.9350192 0.3545972 0 0.2392984 -0.9709461 0 0.2392984 -0.9709461 0 0.8229724 0.5680816 0 0.4647533 -0.8854403 0 0.4647452 -0.8854445 0 0.6631203 -0.7485129 0 0.6630865 0.7485429 0 0.464757 0.8854383 0 0.8229756 -0.5680769 0 0.4647572 0.8854382 0 0.9350116 -0.3546172 0 0.2392913 0.9709479 0 0.9927134 -0.1205002 0 0.2392936 0.9709473 0 0.9927132 -0.1205014 0 -0.2393007 0.9709456 0 -0.2393077 0.9709439 0 -0.4647405 0.885447 0 -0.4647365 0.8854491 0 -0.6630865 0.7485429 0 -0.8229959 0.5680475 0 -0.8230006 0.5680407 0 -0.9927065 0.120557 0 -0.9927078 0.1205459 0 -0.9927074 -0.1205497 0 -0.9927085 -0.120541 0 -0.8229991 -0.5680428 0 -0.8230038 -0.568036 0 -0.6631203 -0.7485129 -1 -1.21618e-5 0 -1 1.21609e-5 0 -1 7.60063e-6 0 -1 -7.60075e-6 0 -1 -7.6004e-6 0 -1 7.60133e-6 0 -1 -6.08058e-6 0 -1 4.56027e-6 0 -1 -7.60127e-6 0 -1 7.60144e-6 0 -1 2.37534e-7 0 -1 -3.80055e-6 0 1 -3.04025e-6 0 1 3.04036e-6 0 1 -6.08112e-6 0 1 -4.56027e-6 0 1 -7.60092e-6 0 1 7.60081e-6 0 1 -6.08052e-6 0 1 6.08062e-6 0 1 -1.52016e-6 0 1 3.80072e-6 0 1 6.08076e-6 0 1 6.08043e-6 0 1 -1.14016e-5 0 0 0.2393084 -0.9709436 0 0.9927073 0.1205498 0 0.2393072 -0.9709439 0 0.9350274 0.3545756 0 0.6631358 -0.7484992 0 0.8229782 0.5680729 0 0.6631289 -0.7485053 0 0.9350252 0.3545812 0 0.8229717 -0.5680825 0 0.6631289 0.7485053 0 0.935025 -0.3545818 0 0.822972 0.568082 0 0.8229786 -0.5680726 0 0.9350275 -0.354575 0 0.4647207 0.8854573 0 0.6631358 0.7484992 0 0.2393359 0.9709368 0 -0.2393376 0.9709364 0 -0.4647207 0.8854573 0 -0.6631115 0.7485208 0 -0.8229979 0.5680444 0 -0.8229917 0.5680535 0 -0.9350088 0.3546248 0 -0.9350113 0.3546181 0 -0.9927091 0.120536 0 -0.9927096 -0.1205307 0 -0.935011 -0.3546186 0 -0.935009 -0.3546242 0 -0.8229914 -0.5680539 0 -0.8229982 -0.568044 0 -0.6631115 -0.7485208 0 -0.2393084 -0.9709436 0 -0.4647284 -0.8854534 0 -0.2393124 -0.9709427 0 0.9927116 0.1205149 0 0.822977 0.5680748 0 0.4647492 -0.8854425 0 0.8229708 0.5680837 0 0.6631097 -0.7485223 0 0.6630899 0.7485398 0 0.6631231 -0.7485104 0 0.4647531 0.8854404 0 0.8229708 -0.5680837 0 0.8229835 -0.5680654 0 0.9350128 -0.3546139 0 0.9927122 -0.1205101 0 0.9927135 -0.120499 0 -0.2393053 0.9709444 0 -0.4647324 0.8854513 0 -0.8229991 0.5680428 0 -0.9927079 0.1205447 0 -0.9927085 -0.1205399 0 -0.9927075 -0.1205486 0 -0.8230023 -0.5680381 0 -0.6631181 -0.7485148 -1 -6.08056e-6 0 -1 7.60075e-6 0 -1 -6.08062e-6 0 -1 -7.60089e-6 0 -1 3.04029e-6 0 -1 3.04018e-6 0 -1 4.75068e-7 0 1 1.90019e-6 0 1 1.52018e-6 0 1 -6.08051e-6 0 1 6.08065e-6 0 1 -1.52009e-6 0 1 -1.90033e-6 0 1 6.08069e-6 0 1 1.90036e-6 0 1 7.60069e-6 0 1 -3.04022e-6 0 1 -3.8002e-6 0 0 0.4647104 -0.8854628 0 0.9927082 0.1205428 0 0.6631361 -0.7484989 0 0.8229786 0.5680726 0 0.6631291 -0.7485051 0 0.822972 -0.568082 0 0.6631291 0.7485051 0 0.9350252 -0.3545812 0 0.6631361 0.7484989 0 0.9927088 -0.1205376 0 0.4647156 0.8854601 0 -0.6631082 0.7485236 0 -0.8229982 0.568044 0 -0.6631117 0.7485206 0 -0.935009 0.3546242 0 -0.992709 0.1205359 0 -0.9350113 -0.3546181 0 -0.8229917 -0.5680535 0 -0.6631117 -0.7485206 0 -0.6631082 -0.7485236 0 -0.4647345 -0.8854501 0 -0.4647265 -0.8854544 0 -0.2393148 -0.9709421 0 0.9927113 0.1205173 0 0.9350198 0.3545956 0 0.2393008 -0.9709455 0 0.9350153 0.3546077 0 0.8229818 0.5680677 0 0.4647511 -0.8854414 0 0.8229676 0.5680884 0 0.4647471 -0.8854435 0 0.6631153 -0.7485173 0 0.8229741 -0.568079 0 0.8229803 -0.5680701 0 0.9350101 -0.3546211 0 0.9350122 -0.3546156 0 0.2392936 0.9709473 0 0.2392889 0.9709485 0 -0.239303 0.970945 0 -0.2393029 0.970945 0 -0.4647363 0.8854492 0 -0.6630899 0.7485398 0 -0.8230007 0.5680404 0 -0.9350153 0.3546077 0 -0.9350165 0.3546044 0 -0.9927076 0.1205471 0 -0.9927067 0.1205558 0 -0.9350101 -0.3546211 -1 -3.80032e-6 0 -1 -6.08069e-6 0 -1 7.60069e-6 0 -1 -3.80026e-6 0 -1 1.52013e-6 0 -1 3.56301e-7 0 1 -5.70056e-6 0 1 -3.80043e-6 0 1 -3.04018e-6 0 1 -7.60081e-6 0 1 5.70099e-6 0 1 -7.60075e-6 0 1 3.04033e-6 0 1 -7.60069e-6 0 1 3.04022e-6 0 0 0.2393085 -0.9709436 0 0.9350275 0.3545753 0 0.4647162 -0.8854598 0 0.8229784 0.5680727 0 0.8229718 -0.5680822 0 0.9350252 -0.3545815 0 0.8229718 0.5680822 0 0.8229784 -0.5680727 0 0.2393376 0.9709364 0 -0.2393376 0.9709364 0 -0.8229981 0.5680442 0 -0.8229915 0.5680537 0 -0.9350112 0.3546184 0 -0.9927096 -0.1205306 0 -0.9350112 -0.3546184 0 -0.8229915 -0.5680537 0 -0.8229981 -0.5680442 0 -0.6631079 -0.7485238 0 -0.2393085 -0.9709436 0 -0.4647306 -0.8854522 0 -0.2393136 -0.9709423 0 -0.2393066 -0.9709441 0 0.9927125 0.1205068 0 0.2392995 -0.9709458 0 0.2392972 -0.9709464 0 0.822974 0.5680792 0 0.4647513 -0.8854414 0 0.4647592 0.8854371 0 0.2392901 0.9709482 0 0.9927132 -0.1205008 0 0.2392925 0.9709476 0 -0.2392995 0.9709459 0 -0.2393065 0.9709441 0 -0.4647385 0.8854481 0 -0.8230022 0.5680384 0 -0.9927066 0.1205564 0 -0.9927073 -0.1205503 -1 -9.50093e-7 0 -1 -2.28013e-6 0 -1 3.80063e-6 0 -1 -1.5202e-6 0 1 3.04031e-6 0 1 -4.75047e-6 0 1 -7.60045e-7 0 1 9.50166e-7 0 1 -3.80052e-6 0 1 -2.28025e-6 0 1 -1.52011e-6 0 1 7.6006e-6 0 0 0.2393089 -0.9709435 0 0.9927082 0.1205427 0 0.4647167 -0.8854595 0 0.9350253 0.3545811 0 0.8229721 0.5680819 0 0.8229787 -0.5680723 0 0.9350253 -0.3545811 0 0.4647212 0.8854571 0 0.9927089 -0.1205375 0 0.4647157 0.8854599 0 -0.2393363 0.9709368 0 -0.4647216 0.8854569 0 -0.8229948 0.568049 0 -0.8229919 0.5680533 0 -0.935009 0.354624 0 -0.9350113 -0.3546179 0 -0.8229951 -0.5680485 0 -0.4647167 -0.8854595 0 -0.2393073 -0.9709439 0 -0.2393136 -0.9709423 0 -0.2393089 -0.9709436 0 0.2392996 -0.9709458 0 0.8229731 0.5680804 0 0.6630935 0.7485366 0 0.6630907 0.7485391 0 0.6631161 -0.7485166 0 0.4647551 0.8854393 0 0.8229771 -0.5680745 0 0.2392925 0.9709476 0 -0.2393041 0.9709447 0 -0.2393041 0.9709447 0 -0.4647343 0.8854502 0 -0.6630935 0.7485366 0 -0.6630907 0.7485391 0 -0.8229967 0.5680463 0 -0.8229975 0.5680451 0 -0.9927077 0.1205465 0 -0.8230007 -0.5680404 0 -0.6631189 -0.7485141 0 -0.6631161 -0.7485166 -1 9.50093e-7 0 -1 3.04035e-6 0 -1 3.04035e-6 0 -1 1.52009e-6 0 -1 1.5202e-6 0 -1 4.15685e-7 0 -1 -9.50137e-7 0 1 -7.60091e-7 0 1 -3.04036e-6 0 1 1.90022e-6 0 1 -9.50166e-7 0 1 7.60063e-7 0 1 9.5018e-7 0 1 -1.90027e-6 0 1 3.04043e-6 0 0 0.239307 -0.9709441 0 0.9350275 0.3545751 0 0.663136 -0.748499 0 0.8229784 0.5680726 0 0.6631287 -0.7485054 0 0.9350252 0.3545814 0 0.8229719 -0.5680822 0 0.663129 0.7485052 0 0.9350252 -0.3545813 0 0.9350275 -0.3545752 0 0.6631357 0.7484992 0 0.9927079 -0.1205446 0 0.992708 -0.1205446 0 0.2393361 0.9709368 0 -0.6631115 0.7485206 0 -0.8229949 0.5680488 0 -0.6631113 0.7485209 0 -0.9350089 0.3546243 0 -0.9350112 0.3546182 0 -0.9927073 0.1205498 0 -0.9927079 -0.1205446 0 -0.9927096 -0.1205308 0 -0.9350113 -0.3546181 0 -0.935009 -0.3546243 0 -0.8229949 -0.5680488 0 -0.8229948 -0.568049 0 -0.6631115 -0.7485206 0 -0.6631113 -0.7485209 0 0.4647481 0.885443 0 0.4647623 0.8854356 0 0.2393535 0.9709326 0 -0.9927064 -0.1205573 0 -0.9350203 -0.3545942 0 -0.2393495 0.9709336 0 -0.9350317 -0.3545642 0 -0.2393575 0.9709315 0 -0.8229917 -0.5680536 0 -0.4647198 0.8854578 0 -0.8230077 -0.5680303 0 -0.4647199 0.8854578 0 -0.464652 -0.8854934 0 -0.8230077 0.5680303 0 -0.8229917 0.5680536 0 -0.9350208 0.3545929 0 -0.9350094 0.354623 0 -0.9927077 0.1205469 0 -0.2393495 -0.9709336 0 -0.9927098 0.12053 0 0.2393535 -0.9709326 0 0.4646944 -0.8854712 0 0.4646802 -0.8854786 0 0.6631216 -0.7485117 0 0.8229595 -0.5681 0 0.9350317 -0.3545642 0 0.9927043 -0.1205741 0 0.9927056 0.1205638 0 0.9927098 0.12053 0 0.9350208 0.3545929 0 0.9350208 0.3545929 0 0.8229595 0.5681 0 0.6631216 0.7485117 0 0.9927082 0.1205426 0 0.9350253 0.3545809 0 0.4647107 -0.8854625 0 0.8229788 0.5680721 0 0.6631363 -0.7484987 0 0.6631293 0.7485049 0 0.4647217 0.8854568 0 0.8229722 -0.5680816 0 0.9350253 -0.3545809 0 -0.4647217 0.8854568 0 -0.6631084 0.7485234 0 -0.8229986 0.5680436 0 -0.9350091 0.3546239 0 -0.9927091 0.1205357 0 -0.9350115 -0.3546178 0 -0.822992 -0.5680531 0 -0.6631119 -0.7485203 1 4.86445e-6 0 1 9.72886e-6 0 1 -7.29693e-6 0 1 -2.43233e-6 0 1 -4.86457e-6 0 1 -4.86448e-6 0 1 1.94583e-5 0 1 -4.8645e-6 0 1 4.86438e-6 0 1 7.297e-6 0 1 -4.86437e-6 0 1 -1.70257e-5 0 1 4.86443e-6 0 1 -2.43229e-6 0 1 -1.94587e-5 0 1 9.72933e-6 0 1 -2.43231e-6 0 -1 -6.08048e-7 0 -1 2.43229e-6 0 -1 -1.21611e-6 0 -1 6.08059e-7 0 -1 -1.21614e-6 0 -1 0 0 -1 -1.21612e-6 0 -1 1.21612e-6 0 -1 -6.08077e-7 0 -1 1.2161e-6 0 -1 -1.21612e-6 0 -1 -2.43231e-6 0 -1 -4.94039e-7 0 -1 6.08089e-7 0 -1 6.08062e-7 0 -1 1.21613e-6 0 -1 -1.21615e-6 0 -1 1.21601e-6 0 0 -0.2393112 -0.970943 0 -0.2393101 -0.9709432 0 0.8229748 0.5680781 0 0.9927135 -0.1204996 0 -0.2393018 0.9709452 0 -0.8229983 0.568044 0 -0.9927084 -0.1205404 0 -0.9927074 -0.1205492 -1 3.04023e-6 0 -1 -3.04035e-6 0 -1 1.52015e-6 0 -1 -3.80072e-6 0 -1 -1.90013e-6 0 -1 -1.9001e-6 0 1 3.80034e-6 0 1 -1.9003e-6 0 1 -1.52018e-6 0 1 -3.80022e-6 0 1 1.90033e-6 0 1 -3.04026e-6 0 1 -3.80034e-6 0 1 1.9001e-6 0 1 -3.04043e-6 0 0 0.9927073 0.1205497 0 0.9350275 0.3545752 0 0.663129 -0.7485052 0 0.9350252 -0.3545814 0 0.663136 0.748499 0 -0.663108 0.7485237 0 -0.9927091 0.1205359 0 -0.9350112 -0.3546182 0 -0.239303 0.970945 -1 -3.80017e-6 0 -1 -3.04044e-6 0 1 2.28027e-6 0 1 2.8505e-6 0 1 -2.8505e-6 0 1 -1.52015e-6 0 1 -9.5018e-7 0 1 1.52011e-6 0 0 0.8229787 0.5680723 0 0.8229721 -0.5680819 0 0.4647154 0.8854602 0 -0.8229983 0.5680438 0 -0.8229919 -0.5680533 0 -0.2393148 -0.9709421 0 -0.2393054 -0.9709444 0 0.2393007 -0.9709455 0 0.239296 -0.9709467 0 0.4647493 -0.8854424 0 0.4647511 0.8854414 0 0.2392913 0.9709479 0 -0.2393053 0.9709445 0 -0.4647345 0.8854501 -1 3.80032e-6 0 -1 7.6004e-6 0 -1 -7.60133e-6 0 -1 3.80026e-6 0 -1 -4.56038e-6 0 1 -3.80066e-6 0 1 7.60104e-6 0 1 -6.08073e-6 0 1 -3.80072e-6 0 1 3.8002e-6 0 0 -0.6631079 0.7485238 0 -0.992709 0.1205357 0 -0.4647365 -0.8854491 0 -0.4647245 -0.8854554 0 0.9350205 0.3545939 0 0.8229803 0.5680701 0 0.4647531 -0.8854404 0 0.6630843 0.7485448 0 -0.6631097 -0.7485223 -1 6.08047e-6 0 -1 7.60121e-6 0 1 -4.56055e-6 0 1 -7.60043e-6 0 1 6.08073e-6 0 1 6.08086e-6 0 0 0.9350275 0.354575 0 0.4647159 -0.88546 0 0.6631284 -0.7485058 0 0.9350252 0.3545815 0 0.8229717 0.5680825 0 0.8229782 -0.5680729 0 0.9350275 -0.3545753 0 0.6631354 0.7484996 0 -0.6631109 0.7485212 0 -0.8229914 0.5680539 0 -0.9927096 -0.1205309 0 -0.9350088 -0.3546245 0 -0.8229979 -0.5680444 0 -0.6631109 -0.7485212 0 0.9927127 0.120505 0 0.6630815 0.7485473 0 0.9927123 -0.1205089 0 -0.6630928 0.7485373 0 -0.9927068 0.1205546 0 -0.9927087 -0.1205387 0 -0.9927072 -0.1205509 -1 1.21618e-5 0 -1 1.21614e-5 0 -1 1.52015e-5 0 -1 7.60052e-6 0 -1 -3.08794e-6 0 1 1.21612e-5 0 1 -6.08043e-6 0 0 0.4647622 0.8854356 0 -0.9927064 -0.1205573 0 -0.8230077 -0.5680303 0 -0.8229916 0.5680536 0 -0.9927077 0.1205469 0 -0.2393495 -0.9709336 0 0.6631215 -0.7485117 0 0.8229595 -0.5681001 0 0.9927044 -0.1205742 0 0.9927056 0.1205638 0 0.8229595 0.5681001 0 0.9350252 0.3545813 0 0.4647107 -0.8854627 0 0.9927089 -0.1205376 0 -0.9927089 -0.1205376 1 1.52019e-7 0 1 -6.08062e-7 0 1 2.43229e-6 0 1 7.6006e-7 0 1 -3.04042e-7 0 1 6.08065e-7 0 1 -1.52021e-7 0 1 -6.08047e-7 0 1 6.08095e-7 0 1 1.21612e-6 0 1 -7.60067e-7 0 1 -3.0403e-7 0 1 1.21614e-6 0 1 -1.21612e-6 0 1 -1.21605e-6 0 1 6.08071e-7 0 1 6.08052e-7 0 1 -6.08071e-7 0 -1 -4.86438e-6 0 -1 -1.94583e-5 0 -1 -1.82414e-6 0 -1 7.29693e-6 0 -1 9.72876e-6 0 -1 -4.86424e-6 0 -1 1.94587e-5 0 -1 -1.94587e-5 0 -1 2.43231e-6 0 -1 4.86448e-6 0 -1 -2.43219e-6 0 -1 -2.43225e-6 0 -1 9.72914e-6 0 -1 -2.43224e-6 0 -1 -2.43202e-6 0 0 0.4647284 -0.8854534 0 0.2393089 -0.9709436 0 0.239309 -0.9709435 0 -0.2392996 -0.9709458 0 -0.8229685 0.5680872 0 -0.4647492 -0.8854425 0 -0.6631111 -0.748521 0 -0.6630886 0.748541 0 -0.4647634 0.885435 0 -0.8229725 -0.5680813 0 -0.2392925 0.9709476 0 0.2392995 0.9709459 0 0.2393041 0.9709447 0 0.4647468 0.8854438 0 0.6630807 0.7485479 0 0.8229967 0.5680463 0 0.9350165 0.3546044 0 0.8230007 -0.5680404 0 0.6631089 -0.7485229 1 -9.50093e-7 0 1 1.90016e-6 0 1 3.04035e-6 0 1 2.96918e-7 0 -1 1.52022e-6 0 -1 -2.2803e-6 0 -1 3.80058e-6 0 -1 9.50137e-7 0 -1 2.8505e-6 0 -1 -3.8004e-6 0 -1 3.04041e-6 0 0 -0.2393089 -0.9709435 0 -0.935023 0.3545872 0 -0.9350276 -0.3545749 0 0.2393363 0.9709367 0 0.4647216 0.8854569 0 0.8229919 0.5680533 0 0.8229948 0.568049 0 0.935016 0.3546056 0 0.9350113 -0.3546179 0 0.935016 -0.3546058 0 0.8229951 -0.5680485 0 0.8229915 -0.5680537 0 0.4647109 -0.8854625 0 0.2393071 -0.9709439 0 -0.9927113 0.1205167 0 -0.4647513 -0.8854414 0 -0.9350122 -0.3546156 0 -0.9927121 -0.1205107 1 -7.60109e-6 0 1 3.80017e-6 0 1 -7.60057e-6 0 1 7.60089e-6 0 1 -3.44425e-6 0 -1 -7.601e-7 0 -1 -5.70056e-6 0 -1 3.8004e-6 0 -1 9.50166e-7 0 -1 -2.28019e-6 0 -1 2.28033e-6 0 0 -0.9350275 0.3545753 0 -0.9350228 -0.3545876 0 -0.9927088 -0.1205378 0 0.9350088 0.3546245 0 0.992709 0.1205359 0 0.9927096 -0.1205306 0 0.9350158 -0.354606 0 0.8229948 -0.568049 0 0.4647347 -0.8854501 0 0.4647304 -0.8854523 0 -0.8229771 0.5680745 0 -0.4647511 -0.8854414 0 -0.2392936 0.9709473 0 0.239303 0.970945 0 0.8230054 0.5680336 1 5.70056e-6 0 1 -6.08071e-6 0 1 -7.60115e-6 0 1 -6.08062e-6 0 -1 4.5606e-6 0 -1 -5.70099e-6 0 -1 4.56066e-6 0 -1 -6.08082e-6 0 0 0.4647367 -0.885449 0 -0.8229724 0.5680816 0 -0.6631231 -0.7485104 0 -0.464757 0.8854383 0 -0.8229787 -0.5680721 0 0.4647363 0.8854492 0 0.4647406 0.8854469 0 0.6630849 0.7485442 0 0.8230006 0.5680407 0 0.9927056 0.1205645 0 0.9927087 -0.1205387 0 0.8230069 -0.5680313 0 0.6631047 -0.7485267 1 6.08047e-6 0 1 -6.08056e-6 0 1 7.60052e-6 0 1 -1.90019e-6 0 -1 -7.60081e-6 0 -1 -1.52022e-6 0 -1 -6.08076e-6 0 0 -0.2393068 -0.9709441 0 -0.9350252 0.3545812 0 -0.4647187 -0.8854584 0 -0.9350274 0.3545756 0 -0.935025 -0.3545818 0 -0.4647243 0.8854555 0 -0.2393361 0.9709368 0 0.4647178 0.885459 0 0.8229979 0.5680444 0 0.9350134 0.3546125 0 0.9350134 -0.3546125 0 0.4647369 -0.8854489 0 -0.9927113 0.1205173 0 -0.822977 0.5680748 0 -0.4647533 -0.8854403 0 -0.4647572 0.8854382 0 0.4647487 0.8854426 0 0.8230052 0.5680339 1 -1.52017e-5 0 1 -7.60144e-6 0 -1 -1.52013e-5 0 -1 1.52023e-5 0 -1 -7.60092e-6 0 -1 -1.21614e-5 0 0 -0.9927082 0.1205426 0 -0.9350253 0.3545809 0 -0.6631293 -0.7485049 0 -0.8229756 0.5680769 0 -0.8229756 -0.5680769 0 -0.6631329 0.7485018 0 -0.9350253 -0.3545809 0 0.6631119 0.7485203 0 0.822992 0.5680531 0 0.9350138 0.3546116 0 0.935009 0.3546242 0 0.9927091 0.1205357 0 0.9350091 -0.3546239 0 0.8229986 -0.5680436 0 0.6631084 -0.7485234 0 -0.4647481 0.8854429 0 0.9927064 -0.1205573 0 0.2393495 0.9709336 0 0.8229917 -0.5680536 0 0.4647199 0.8854578 0 0.8229997 0.5680419 0 0.9927077 0.1205469 0 -0.2393535 -0.9709326 0 -0.8229595 -0.5681 0 -0.9927085 -0.1205403 0 -0.8229516 0.5681117 0 -0.9927082 0.1205429 0 -0.8229752 0.5680774 0 -0.6631287 0.7485054 0 -0.6631323 -0.7485023 0 -0.8229752 -0.5680774 0 -0.992708 -0.1205446 0 -0.9927088 -0.1205376 0 0.6631113 0.7485209 0 0.8229981 0.5680442 0 0.9927096 -0.1205308 0 0.9350089 -0.3546243 0 0.9350136 -0.3546121 0 0.8229982 -0.5680441 0 0.6631113 -0.7485209 -1 6.08033e-7 0 -1 -1.67218e-6 0 -1 -6.08059e-7 0 -1 6.08071e-7 0 -1 -7.60119e-7 0 -1 -3.04024e-7 0 -1 -6.08054e-7 0 -1 1.21612e-6 0 -1 -6.08036e-7 0 -1 6.08052e-7 0 -1 -6.08095e-7 0 -1 6.08056e-7 0 -1 -1.21614e-6 0 -1 -2.43229e-6 0 -1 -2.432e-6 0 1 -2.4323e-6 0 1 -4.86419e-6 0 1 -9.7289e-6 0 1 9.72912e-6 0 1 4.86451e-6 0 1 -9.72933e-6 0 1 -6.08048e-7 0 1 4.86448e-6 0 1 -9.72876e-6 0 1 -4.8643e-6 0 1 9.72914e-6 0 1 1.94578e-5 0 1 -2.43219e-6 0 1 1.94589e-5 0 1 -7.6006e-7 0 1 2.43224e-6 0 1 -2.43226e-6 0 1 2.43202e-6 0</float_array>
          <technique_common>
            <accessor source="#LandingFoam-mesh-normals-array" count="1243" stride="3">
              <param name="X" type="float" />
              <param name="Y" type="float" />
              <param name="Z" type="float" />
            </accessor>
          </technique_common>
        </source>
        <source id="LandingFoam-mesh-map">
          <float_array id="LandingFoam-mesh-map-array" count="29952">0 0 1 0 1 1 0 0 1 0 1 1 0 0 1 0 1 1 0 0 1 0 1 1 0 0 1 0 1 1 0 0 1 0 1 1 0 0 1 0 1 1 0 0 1 0 1 1 0 0 1 0 1 1 0 0 1 0 1 1 0 0 1 0 1 1 0 0 1 0 1 1 0 0 1 0 1 1 0 0 1 0 1 1 0 0 1 0 1 1 0 0 1 0 1 1 0 0 1 0 1 1 0 0 1 0 1 1 0 0 1 0 1 1 0 0 1 0 1 1 0 0 1 0 1 1 0 0 1 0 1 1 0 0 1 0 1 1 0 0 1 0 1 1 0 0 1 0 1 1 0 0 1 0 1 1 0 0 1 0 1 1 0 0 1 0 1 1 0 0 1 0 1 1 0 0 1 0 1 1 0 0 1 0 1 1 0 0 1 0 1 1 0 0 1 0 1 1 0 0 1 0 1 1 0 0 1 0 1 1 0 0 1 0 1 1 0 0 1 0 1 1 0 0 1 0 1 1 0 0 1 0 1 1 0 0 1 0 1 1 0 0 1 0 1 1 0 0 1 0 1 1 0 0 1 0 1 1 0 0 1 0 1 1 0 0 1 0 1 1 0 0 1 0 1 1 0 0 1 0 1 1 0 0 1 0 1 1 0 0 1 0 1 1 0 0 1 0 1 1 0 0 1 0 1 1 0 0 1 0 1 1 0 0 1 0 1 1 0 0 1 0 1 1 0 0 1 0 1 1 0 0 1 0 1 1 0 0 1 0 1 1 0 0 1 0 1 1 0 0 1 0 1 1 0 0 1 0 1 1 0 0 1 0 1 1 0 0 1 0 1 1 0 0 1 0 1 1 0 0 1 0 1 1 0 0 1 0 1 1 0 0 1 0 1 1 0 0 1 0 1 1 0 0 1 0 1 1 0 0 1 0 1 1 0 0 1 0 1 1 0 0 1 0 1 1 0 0 1 0 1 1 0 0 1 0 1 1 0 0 1 0 1 1 0 0 1 0 1 1 0 0 1 0 1 1 0 0 1 0 1 1 0 0 1 0 1 1 0 0 1 0 1 1 0 0 1 0 1 1 0 0 1 0 1 1 0 0 1 0 1 1 0 0 1 0 1 1 0 0 1 0 1 1 0 0 1 0 1 1 0 0 1 0 1 1 0 0 1 0 1 1 0 0 1 0 1 1 0 0 1 0 1 1 0 0 1 0 1 1 0 0 1 0 1 1 0 0 1 0 1 1 0 0 1 0 1 1 0 0 1 0 1 1 0 0 1 0 1 1 0 0 1 0 1 1 0 0 1 0 1 1 0 0 1 0 1 1 0 0 1 0 1 1 0 0 1 0 1 1 0 0 1 0 1 1 0 0 1 0 1 1 0 0 1 0 1 1 0 0 1 0 1 1 0 0 1 0 1 1 0 0 1 0 1 1 0 0 1 0 1 1 0 0 1 0 1 1 0 0 1 0 1 1 0 0 1 0 1 1 0 0 1 0 1 1 0 0 1 0 1 1 0 0 1 0 1 1 0 0 1 0 1 1 0 0 1 0 1 1 0 0 1 0 1 1 0 0 1 0 1 1 0 0 1 0 1 1 0 0 1 0 1 1 0 0 1 0 1 1 0 0 1 0 1 1 0 0 1 0 1 1 0 0 1 0 1 1 0 0 1 0 1 1 0 0 1 0 1 1 0 0 1 0 1 1 0 0 1 0 1 1 0 0 1 0 1 1 0 0 1 0 1 1 0 0 1 0 1 1 0 0 1 0 1 1 0 0 1 0 1 1 0 0 1 0 1 1 0 0 1 0 1 1 0 0 1 0 1 1 0 0 1 0 1 1 0 0 1 0 1 1 0 0 1 0 1 1 0 0 1 0 1 1 0 0 1 0 1 1 0 0 1 0 1 1 0 0 1 0 1 1 0 0 1 0 1 1 0 0 1 0 1 1 0 0 1 0 1 1 0 0 1 0 1 1 0 0 1 0 1 1 0 0 1 0 1 1 0 0 1 0 1 1 0 0 1 0 1 1 0 0 1 0 1 1 0 0 1 0 1 1 0 0 1 0 1 1 0 0 1 0 1 1 0 0 1 0 1 1 0 0 1 0 1 1 0 0 1 0 1 1 0 0 1 0 1 1 0 0 1 0 1 1 0 0 1 0 1 1 0 0 1 0 1 1 0 0 1 0 1 1 0 0 1 0 1 1 0 0 1 0 1 1 0 0 1 0 1 1 0 0 1 0 1 1 0 0 1 0 1 1 0 0 1 0 1 1 0 0 1 0 1 1 0 0 1 0 1 1 0 0 1 0 1 1 0 0 1 0 1 1 0 0 1 0 1 1 0 0 1 0 1 1 0 0 1 0 1 1 0 0 1 0 1 1 0 0 1 0 1 1 0 0 1 0 1 1 0 0 1 0 1 1 0 0 1 0 1 1 0 0 1 0 1 1 0 0 1 0 1 1 0 0 1 0 1 1 0 0 1 0 1 1 0 0 1 0 1 1 0 0 1 0 1 1 0 0 1 0 1 1 0 0 1 0 1 1 0 0 1 0 1 1 0 0 1 0 1 1 0 0 1 0 1 1 0 0 1 0 1 1 0 0 1 0 1 1 0 0 1 0 1 1 0 0 1 0 1 1 0 0 1 0 1 1 0 0 1 0 1 1 0 0 1 0 1 1 0 0 1 0 1 1 0 0 1 0 1 1 0 0 1 0 1 1 0 0 1 0 1 1 0 0 1 0 1 1 0 0 1 0 1 1 0 0 1 0 1 1 0 0 1 0 1 1 0 0 1 0 1 1 0 0 1 0 1 1 0 0 1 0 1 1 0 0 1 0 1 1 0 0 1 0 1 1 0 0 1 0 1 1 0 0 1 0 1 1 0 0 1 0 1 1 0 0 1 0 1 1 0 0 1 0 1 1 0 0 1 0 1 1 0 0 1 0 1 1 0 0 1 0 1 1 0 0 1 0 1 1 0 0 1 0 1 1 0 0 1 0 1 1 0 0 1 0 1 1 0 0 1 0 1 1 0 0 1 0 1 1 0 0 1 0 1 1 0 0 1 0 1 1 0 0 1 0 1 1 0 0 1 0 1 1 0 0 1 0 1 1 0 0 1 0 1 1 0 0 1 0 1 1 0 0 1 0 1 1 0 0 1 0 1 1 0 0 1 0 1 1 0 0 1 0 1 1 0 0 1 0 1 1 0 0 1 0 1 1 0 0 1 0 1 1 0 0 1 0 1 1 0 0 1 0 1 1 0 0 1 0 1 1 0 0 1 0 1 1 0 0 1 0 1 1 0 0 1 0 1 1 0 0 1 0 1 1 0 0 1 0 1 1 0 0 1 0 1 1 0 0 1 0 1 1 0 0 1 0 1 1 0 0 1 0 1 1 0 0 1 0 1 1 0 0 1 0 1 1 0 0 1 0 1 1 0 0 1 0 1 1 0 0 1 0 1 1 0 0 1 0 1 1 0 0 1 0 1 1 0 0 1 0 1 1 0 0 1 0 1 1 0 0 1 0 1 1 0 0 1 0 1 1 0 0 1 0 1 1 0 0 1 0 1 1 0 0 1 0 1 1 0 0 1 0 1 1 0 0 1 0 1 1 0 0 1 0 1 1 0 0 1 0 1 1 0 0 1 0 1 1 0 0 1 0 1 1 0 0 1 0 1 1 0 0 1 0 1 1 0 0 1 0 1 1 0 0 1 0 1 1 0 0 1 0 1 1 0 0 1 0 1 1 0 0 1 0 1 1 0 0 1 0 1 1 0 0 1 0 1 1 0 0 1 0 1 1 0 0 1 0 1 1 0 0 1 0 1 1 0 0 1 0 1 1 0 0 1 0 1 1 0 0 1 0 1 1 0 0 1 0 1 1 0 0 1 0 1 1 0 0 1 0 1 1 0 0 1 0 1 1 0 0 1 0 1 1 0 0 1 0 1 1 0 0 1 0 1 1 0 0 1 0 1 1 0 0 1 0 1 1 0 0 1 0 1 1 0 0 1 0 1 1 0 0 1 0 1 1 0 0 1 0 1 1 0 0 1 0 1 1 0 0 1 0 1 1 0 0 1 0 1 1 0 0 1 0 1 1 0 0 1 0 1 1 0 0 1 0 1 1 0 0 1 0 1 1 0 0 1 0 1 1 0 0 1 0 1 1 0 0 1 0 1 1 0 0 1 0 1 1 0 0 1 0 1 1 0 0 1 0 1 1 0 0 1 0 1 1 0 0 1 0 1 1 0 0 1 0 1 1 0 0 1 0 1 1 0 0 1 0 1 1 0 0 1 0 1 1 0 0 1 0 1 1 0 0 1 0 1 1 0 0 1 0 1 1 0 0 1 0 1 1 0 0 1 0 1 1 0 0 1 0 1 1 0 0 1 0 1 1 0 0 1 0 1 1 0 0 1 0 1 1 0 0 1 0 1 1 0 0 1 0 1 1 0 0 1 0 1 1 0 0 1 0 1 1 0 0 1 0 1 1 0 0 1 0 1 1 0 0 1 0 1 1 0 0 1 0 1 1 0 0 1 0 1 1 0 0 1 0 1 1 0 0 1 0 1 1 0 0 1 0 1 1 0 0 1 0 1 1 0 0 1 0 1 1 0 0 1 0 1 1 0 0 1 0 1 1 0 0 1 0 1 1 0 0 1 0 1 1 0 0 1 0 1 1 0 0 1 0 1 1 0 0 1 0 1 1 0 0 1 0 1 1 0 0 1 0 1 1 0 0 1 0 1 1 0 0 1 0 1 1 0 0 1 0 1 1 0 0 1 0 1 1 0 0 1 0 1 1 0 0 1 0 1 1 0 0 1 0 1 1 0 0 1 0 1 1 0 0 1 0 1 1 0 0 1 0 1 1 0 0 1 0 1 1 0 0 1 0 1 1 0 0 1 0 1 1 0 0 1 0 1 1 0 0 1 0 1 1 0 0 1 0 1 1 0 0 1 0 1 1 0 0 1 0 1 1 0 0 1 0 1 1 0 0 1 0 1 1 0 0 1 0 1 1 0 0 1 0 1 1 0 0 1 0 1 1 0 0 1 0 1 1 0 0 1 0 1 1 0 0 1 0 1 1 0 0 1 0 1 1 0 0 1 0 1 1 0 0 1 0 1 1 0 0 1 0 1 1 0 0 1 0 1 1 0 0 1 0 1 1 0 0 1 0 1 1 0 0 1 0 1 1 0 0 1 0 1 1 0 0 1 0 1 1 0 0 1 0 1 1 0 0 1 0 1 1 0 0 1 0 1 1 0 0 1 0 1 1 0 0 1 0 1 1 0 0 1 0 1 1 0 0 1 0 1 1 0 0 1 0 1 1 0 0 1 0 1 1 0 0 1 0 1 1 0 0 1 0 1 1 0 0 1 0 1 1 0 0 1 0 1 1 0 0 1 0 1 1 0 0 1 0 1 1 0 0 1 0 1 1 0 0 1 0 1 1 0 0 1 0 1 1 0 0 1 0 1 1 0 0 1 0 1 1 0 0 1 0 1 1 0 0 1 0 1 1 0 0 1 0 1 1 0 0 1 0 1 1 0 0 1 0 1 1 0 0 1 0 1 1 0 0 1 0 1 1 0 0 1 0 1 1 0 0 1 0 1 1 0 0 1 0 1 1 0 0 1 0 1 1 0 0 1 0 1 1 0 0 1 0 1 1 0 0 1 0 1 1 0 0 1 0 1 1 0 0 1 0 1 1 0 0 1 0 1 1 0 0 1 0 1 1 0 0 1 0 1 1 0 0 1 0 1 1 0 0 1 0 1 1 0 0 1 0 1 1 0 0 1 0 1 1 0 0 1 0 1 1 0 0 1 0 1 1 0 0 1 0 1 1 0 0 1 0 1 1 0 0 1 0 1 1 0 0 1 0 1 1 0 0 1 0 1 1 0 0 1 0 1 1 0 0 1 0 1 1 0 0 1 0 1 1 0 0 1 0 1 1 0 0 1 0 1 1 0 0 1 0 1 1 0 0 1 0 1 1 0 0 1 0 1 1 0 0 1 0 1 1 0 0 1 0 1 1 0 0 1 0 1 1 0 0 1 0 1 1 0 0 1 0 1 1 0 0 1 0 1 1 0 0 1 0 1 1 0 0 1 0 1 1 0 0 1 0 1 1 0 0 1 0 1 1 0 0 1 0 1 1 0 0 1 0 1 1 0 0 1 0 1 1 0 0 1 0 1 1 0 0 1 0 1 1 0 0 1 0 1 1 0 0 1 0 1 1 0 0 1 0 1 1 0 0 1 0 1 1 0 0 1 0 1 1 0 0 1 0 1 1 0 0 1 0 1 1 0 0 1 0 1 1 0 0 1 0 1 1 0 0 1 0 1 1 0 0 1 0 1 1 0 0 1 0 1 1 0 0 1 0 1 1 0 0 1 0 1 1 0 0 1 0 1 1 0 0 1 0 1 1 0 0 1 0 1 1 0 0 1 0 1 1 0 0 1 0 1 1 0 0 1 0 1 1 0 0 1 0 1 1 0 0 1 0 1 1 0 0 1 0 1 1 0 0 1 0 1 1 0 0 1 0 1 1 0 0 1 0 1 1 0 0 1 0 1 1 0 0 1 0 1 1 0 0 1 0 1 1 0 0 1 0 1 1 0 0 1 0 1 1 0 0 1 0 1 1 0 0 1 0 1 1 0 0 1 0 1 1 0 0 1 0 1 1 0 0 1 0 1 1 0 0 1 0 1 1 0 0 1 0 1 1 0 0 1 0 1 1 0 0 1 0 1 1 0 0 1 0 1 1 0 0 1 0 1 1 0 0 1 0 1 1 0 0 1 0 1 1 0 0 1 0 1 1 0 0 1 0 1 1 0 0 1 0 1 1 0 0 1 0 1 1 0 0 1 0 1 1 0 0 1 0 1 1 0 0 1 0 1 1 0 0 1 0 1 1 0 0 1 0 1 1 0 0 1 0 1 1 0 0 1 0 1 1 0 0 1 0 1 1 0 0 1 0 1 1 0 0 1 0 1 1 0 0 1 0 1 1 0 0 1 0 1 1 0 0 1 0 1 1 0 0 1 0 1 1 0 0 1 0 1 1 0 0 1 0 1 1 0 0 1 0 1 1 0 0 1 0 1 1 0 0 1 0 1 1 0 0 1 0 1 1 0 0 1 0 1 1 0 0 1 0 1 1 0 0 1 0 1 1 0 0 1 0 1 1 0 0 1 0 1 1 0 0 1 0 1 1 0 0 1 0 1 1 0 0 1 0 1 1 0 0 1 0 1 1 0 0 1 0 1 1 0 0 1 0 1 1 0 0 1 0 1 1 0 0 1 0 1 1 0 0 1 0 1 1 0 0 1 0 1 1 0 0 1 0 1 1 0 0 1 0 1 1 0 0 1 0 1 1 0 0 1 0 1 1 0 0 1 0 1 1 0 0 1 0 1 1 0 0 1 0 1 1 0 0 1 0 1 1 0 0 1 0 1 1 0 0 1 0 1 1 0 0 1 0 1 1 0 0 1 0 1 1 0 0 1 0 1 1 0 0 1 0 1 1 0 0 1 0 1 1 0 0 1 0 1 1 0 0 1 0 1 1 0 0 1 0 1 1 0 0 1 0 1 1 0 0 1 0 1 1 0 0 1 0 1 1 0 0 1 0 1 1 0 0 1 0 1 1 0 0 1 0 1 1 0 0 1 0 1 1 0 0 1 0 1 1 0 0 1 0 1 1 0 0 1 0 1 1 0 0 1 0 1 1 0 0 1 0 1 1 0 0 1 0 1 1 0 0 1 0 1 1 0 0 1 0 1 1 0 0 1 0 1 1 0 0 1 0 1 1 0 0 1 0 1 1 0 0 1 0 1 1 0 0 1 0 1 1 0 0 1 0 1 1 0 0 1 0 1 1 0 0 1 0 1 1 0 0 1 0 1 1 0 0 1 0 1 1 0 0 1 0 1 1 0 0 1 0 1 1 0 0 1 0 1 1 0 0 1 0 1 1 0 0 1 0 1 1 0 0 1 0 1 1 0 0 1 0 1 1 0 0 1 0 1 1 0 0 1 0 1 1 0 0 1 0 1 1 0 0 1 0 1 1 0 0 1 0 1 1 0 0 1 0 1 1 0 0 1 0 1 1 0 0 1 0 1 1 0 0 1 0 1 1 0 0 1 0 1 1 0 0 1 0 1 1 0 0 1 0 1 1 0 0 1 0 1 1 0 0 1 0 1 1 0 0 1 0 1 1 0 0 1 0 1 1 0 0 1 0 1 1 0 0 1 0 1 1 0 0 1 0 1 1 0 0 1 0 1 1 0 0 1 0 1 1 0 0 1 0 1 1 0 0 1 0 1 1 0 0 1 0 1 1 0 0 1 0 1 1 0 0 1 0 1 1 0 0 1 0 1 1 0 0 1 0 1 1 0 0 1 0 1 1 0 0 1 0 1 1 0 0 1 0 1 1 0 0 1 0 1 1 0 0 1 0 1 1 0 0 1 0 1 1 0 0 1 0 1 1 0 0 1 0 1 1 0 0 1 0 1 1 0 0 1 0 1 1 0 0 1 0 1 1 0 0 1 0 1 1 0 0 1 0 1 1 0 0 1 0 1 1 0 0 1 0 1 1 0 0 1 0 1 1 0 0 1 0 1 1 0 0 1 0 1 1 0 0 1 0 1 1 0 0 1 0 1 1 0 0 1 0 1 1 0 0 1 0 1 1 0 0 1 0 1 1 0 0 1 0 1 1 0 0 1 0 1 1 0 0 1 0 1 1 0 0 1 0 1 1 0 0 1 0 1 1 0 0 1 0 1 1 0 0 1 0 1 1 0 0 1 0 1 1 0 0 1 0 1 1 0 0 1 0 1 1 0 0 1 0 1 1 0 0 1 0 1 1 0 0 1 0 1 1 0 0 1 0 1 1 0 0 1 0 1 1 0 0 1 0 1 1 0 0 1 0 1 1 0 0 1 0 1 1 0 0 1 0 1 1 0 0 1 0 1 1 0 0 1 0 1 1 0 0 1 0 1 1 0 0 1 0 1 1 0 0 1 0 1 1 0 0 1 0 1 1 0 0 1 0 1 1 0 0 1 0 1 1 0 0 1 0 1 1 0 0 1 0 1 1 0 0 1 0 1 1 0 0 1 0 1 1 0 0 1 0 1 1 0 0 1 0 1 1 0 0 1 0 1 1 0 0 1 0 1 1 0 0 1 0 1 1 0 0 1 0 1 1 0 0 1 0 1 1 0 0 1 0 1 1 0 0 1 0 1 1 0 0 1 0 1 1 0 0 1 0 1 1 0 0 1 0 1 1 0 0 1 0 1 1 0 0 1 0 1 1 0 0 1 0 1 1 0 0 1 0 1 1 0 0 1 0 1 1 0 0 1 0 1 1 0 0 1 0 1 1 0 0 1 0 1 1 0 0 1 0 1 1 0 0 1 0 1 1 0 0 1 0 1 1 0 0 1 0 1 1 0 0 1 0 1 1 0 0 1 0 1 1 0 0 1 0 1 1 0 0 1 0 1 1 0 0 1 0 1 1 0 0 1 0 1 1 0 0 1 0 1 1 0 0 1 0 1 1 0 0 1 0 1 1 0 0 1 0 1 1 0 0 1 0 1 1 0 0 1 0 1 1 0 0 1 0 1 1 0 0 1 0 1 1 0 0 1 0 1 1 0 0 1 0 1 1 0 0 1 0 1 1 0 0 1 0 1 1 0 0 1 0 1 1 0 0 1 0 1 1 0 0 1 0 1 1 0 0 1 0 1 1 0 0 1 0 1 1 0 0 1 0 1 1 0 0 1 0 1 1 0 0 1 0 1 1 0 0 1 0 1 1 0 0 1 0 1 1 0 0 1 0 1 1 0 0 1 0 1 1 0 0 1 0 1 1 0 0 1 0 1 1 0 0 1 0 1 1 0 0 1 0 1 1 0 0 1 0 1 1 0 0 1 0 1 1 0 0 1 0 1 1 0 0 1 0 1 1 0 0 1 0 1 1 0 0 1 0 1 1 0 0 1 0 1 1 0 0 1 0 1 1 0 0 1 0 1 1 0 0 1 0 1 1 0 0 1 0 1 1 0 0 1 0 1 1 0 0 1 0 1 1 0 0 1 0 1 1 0 0 1 0 1 1 0 0 1 0 1 1 0 0 1 0 1 1 0 0 1 0 1 1 0 0 1 0 1 1 0 0 1 0 1 1 0 0 1 0 1 1 0 0 1 0 1 1 0 0 1 0 1 1 0 0 1 0 1 1 0 0 1 0 1 1 0 0 1 0 1 1 0 0 1 0 1 1 0 0 1 0 1 1 0 0 1 0 1 1 0 0 1 0 1 1 0 0 1 0 1 1 0 0 1 0 1 1 0 0 1 0 1 1 0 0 1 0 1 1 0 0 1 0 1 1 0 0 1 0 1 1 0 0 1 0 1 1 0 0 1 0 1 1 0 0 1 0 1 1 0 0 1 0 1 1 0 0 1 0 1 1 0 0 1 0 1 1 0 0 1 0 1 1 0 0 1 0 1 1 0 0 1 0 1 1 0 0 1 0 1 1 0 0 1 0 1 1 0 0 1 0 1 1 0 0 1 0 1 1 0 0 1 0 1 1 0 0 1 0 1 1 0 0 1 0 1 1 0 0 1 0 1 1 0 0 1 0 1 1 0 0 1 0 1 1 0 0 1 0 1 1 0 0 1 0 1 1 0 0 1 0 1 1 0 0 1 0 1 1 0 0 1 0 1 1 0 0 1 0 1 1 0 0 1 0 1 1 0 0 1 0 1 1 0 0 1 0 1 1 0 0 1 0 1 1 0 0 1 0 1 1 0 0 1 0 1 1 0 0 1 0 1 1 0 0 1 0 1 1 0 0 1 0 1 1 0 0 1 0 1 1 0 0 1 0 1 1 0 0 1 0 1 1 0 0 1 0 1 1 0 0 1 0 1 1 0 0 1 0 1 1 0 0 1 0 1 1 0 0 1 0 1 1 0 0 1 0 1 1 0 0 1 0 1 1 0 0 1 0 1 1 0 0 1 0 1 1 0 0 1 0 1 1 0 0 1 0 1 1 0 0 1 0 1 1 0 0 1 0 1 1 0 0 1 0 1 1 0 0 1 0 1 1 0 0 1 0 1 1 0 0 1 0 1 1 0 0 1 0 1 1 0 0 1 0 1 1 0 0 1 0 1 1 0 0 1 0 1 1 0 0 1 0 1 1 0 0 1 0 1 1 0 0 1 0 1 1 0 0 1 0 1 1 0 0 1 0 1 1 0 0 1 0 1 1 0 0 1 0 1 1 0 0 1 0 1 1 0 0 1 0 1 1 0 0 1 0 1 1 0 0 1 0 1 1 0 0 1 0 1 1 0 0 1 0 1 1 0 0 1 0 1 1 0 0 1 0 1 1 0 0 1 0 1 1 0 0 1 0 1 1 0 0 1 0 1 1 0 0 1 0 1 1 0 0 1 0 1 1 0 0 1 0 1 1 0 0 1 0 1 1 0 0 1 0 1 1 0 0 1 0 1 1 0 0 1 0 1 1 0 0 1 0 1 1 0 0 1 0 1 1 0 0 1 0 1 1 0 0 1 0 1 1 0 0 1 0 1 1 0 0 1 0 1 1 0 0 1 0 1 1 0 0 1 0 1 1 0 0 1 0 1 1 0 0 1 0 1 1 0 0 1 0 1 1 0 0 1 0 1 1 0 0 1 0 1 1 0 0 1 0 1 1 0 0 1 0 1 1 0 0 1 0 1 1 0 0 1 0 1 1 0 0 1 0 1 1 0 0 1 0 1 1 0 0 1 0 1 1 0 0 1 0 1 1 0 0 1 0 1 1 0 0 1 0 1 1 0 0 1 0 1 1 0 0 1 0 1 1 0 0 1 0 1 1 0 0 1 0 1 1 0 0 1 0 1 1 0 0 1 0 1 1 0 0 1 0 1 1 0 0 1 0 1 1 0 0 1 0 1 1 0 0 1 0 1 1 0 0 1 0 1 1 0 0 1 0 1 1 0 0 1 0 1 1 0 0 1 0 1 1 0 0 1 0 1 1 0 0 1 0 1 1 0 0 1 0 1 1 0 0 1 0 1 1 0 0 1 0 1 1 0 0 1 0 1 1 0 0 1 0 1 1 0 0 1 0 1 1 0 0 1 0 1 1 0 0 1 0 1 1 0 0 1 0 1 1 0 0 1 0 1 1 0 0 1 0 1 1 0 0 1 0 1 1 0 0 1 0 1 1 0 0 1 0 1 1 0 0 1 0 1 1 0 0 1 0 1 1 0 0 1 0 1 1 0 0 1 0 1 1 0 0 1 0 1 1 0 0 1 0 1 1 0 0 1 0 1 1 0 0 1 0 1 1 0 0 1 0 1 1 0 0 1 0 1 1 0 0 1 0 1 1 0 0 1 0 1 1 0 0 1 0 1 1 0 0 1 0 1 1 0 0 1 0 1 1 0 0 1 0 1 1 0 0 1 0 1 1 0 0 1 0 1 1 0 0 1 0 1 1 0 0 1 0 1 1 0 0 1 0 1 1 0 0 1 0 1 1 0 0 1 0 1 1 0 0 1 0 1 1 0 0 1 0 1 1 0 0 1 0 1 1 0 0 1 0 1 1 0 0 1 0 1 1 0 0 1 0 1 1 0 0 1 0 1 1 0 0 1 0 1 1 0 0 1 0 1 1 0 0 1 0 1 1 0 0 1 0 1 1 0 0 1 0 1 1 0 0 1 0 1 1 0 0 1 0 1 1 0 0 1 0 1 1 0 0 1 0 1 1 0 0 1 0 1 1 0 0 1 0 1 1 0 0 1 0 1 1 0 0 1 0 1 1 0 0 1 0 1 1 0 0 1 0 1 1 0 0 1 0 1 1 0 0 1 0 1 1 0 0 1 0 1 1 0 0 1 0 1 1 0 0 1 0 1 1 0 0 1 0 1 1 0 0 1 0 1 1 0 0 1 0 1 1 0 0 1 0 1 1 0 0 1 0 1 1 0 0 1 0 1 1 0 0 1 0 1 1 0 0 1 0 1 1 0 0 1 0 1 1 0 0 1 0 1 1 0 0 1 0 1 1 0 0 1 0 1 1 0 0 1 0 1 1 0 0 1 0 1 1 0 0 1 0 1 1 0 0 1 0 1 1 0 0 1 0 1 1 0 0 1 0 1 1 0 0 1 0 1 1 0 0 1 0 1 1 0 0 1 0 1 1 0 0 1 0 1 1 0 0 1 0 1 1 0 0 1 0 1 1 0 0 1 0 1 1 0 0 1 0 1 1 0 0 1 0 1 1 0 0 1 0 1 1 0 0 1 0 1 1 0 0 1 0 1 1 0 0 1 0 1 1 0 0 1 0 1 1 0 0 1 0 1 1 0 0 1 0 1 1 0 0 1 0 1 1 0 0 1 0 1 1 0 0 1 0 1 1 0 0 1 0 1 1 0 0 1 0 1 1 0 0 1 0 1 1 0 0 1 0 1 1 0 0 1 0 1 1 0 0 1 0 1 1 0 0 1 0 1 1 0 0 1 0 1 1 0 0 1 0 1 1 0 0 1 0 1 1 0 0 1 0 1 1 0 0 1 0 1 1 0 0 1 0 1 1 0 0 1 0 1 1 0 0 1 0 1 1 0 0 1 0 1 1 0 0 1 0 1 1 0 0 1 0 1 1 0 0 1 0 1 1 0 0 1 0 1 1 0 0 1 0 1 1 0 0 1 0 1 1 0 0 1 0 1 1 0 0 1 0 1 1 0 0 1 0 1 1 0 0 1 0 1 1 0 0 1 0 1 1 0 0 1 0 1 1 0 0 1 0 1 1 0 0 1 0 1 1 0 0 1 0 1 1 0 0 1 0 1 1 0 0 1 0 1 1 0 0 1 0 1 1 0 0 1 0 1 1 0 0 1 0 1 1 0 0 1 0 1 1 0 0 1 0 1 1 0 0 1 0 1 1 0 0 1 0 1 1 0 0 1 0 1 1 0 0 1 0 1 1 0 0 1 0 1 1 0 0 1 0 1 1 0 0 1 0 1 1 0 0 1 0 1 1 0 0 1 0 1 1 0 0 1 0 1 1 0 0 1 0 1 1 0 0 1 0 1 1 0 0 1 0 1 1 0 0 1 0 1 1 0 0 1 0 1 1 0 0 1 0 1 1 0 0 1 0 1 1 0 0 1 0 1 1 0 0 1 0 1 1 0 0 1 0 1 1 0 0 1 0 1 1 0 0 1 0 1 1 0 0 1 0 1 1 0 0 1 0 1 1 0 0 1 0 1 1 0 0 1 0 1 1 0 0 1 0 1 1 0 0 1 0 1 1 0 0 1 0 1 1 0 0 1 0 1 1 0 0 1 0 1 1 0 0 1 0 1 1 0 0 1 0 1 1 0 0 1 0 1 1 0 0 1 0 1 1 0 0 1 0 1 1 0 0 1 0 1 1 0 0 1 0 1 1 0 0 1 0 1 1 0 0 1 0 1 1 0 0 1 0 1 1 0 0 1 0 1 1 0 0 1 0 1 1 0 0 1 0 1 1 0 0 1 0 1 1 0 0 1 0 1 1 0 0 1 0 1 1 0 0 1 0 1 1 0 0 1 0 1 1 0 0 1 0 1 1 0 0 1 0 1 1 0 0 1 0 1 1 0 0 1 0 1 1 0 0 1 0 1 1 0 0 1 0 1 1 0 0 1 0 1 1 0 0 1 0 1 1 0 0 1 0 1 1 0 0 1 0 1 1 0 0 1 0 1 1 0 0 1 0 1 1 0 0 1 0 1 1 0 0 1 0 1 1 0 0 1 0 1 1 0 0 1 0 1 1 0 0 1 0 1 1 0 0 1 0 1 1 0 0 1 0 1 1 0 0 1 0 1 1 0 0 1 0 1 1 0 0 1 0 1 1 0 0 1 0 1 1 0 0 1 0 1 1 0 0 1 0 1 1 0 0 1 0 1 1 0 0 1 0 1 1 0 0 1 0 1 1 0 0 1 0 1 1 0 0 1 0 1 1 0 0 1 0 1 1 0 0 1 0 1 1 0 0 1 0 1 1 0 0 1 0 1 1 0 0 1 0 1 1 0 0 1 0 1 1 0 0 1 0 1 1 0 0 1 0 1 1 0 0 1 0 1 1 0 0 1 0 1 1 0 0 1 0 1 1 0 0 1 0 1 1 0 0 1 0 1 1 0 0 1 0 1 1 0 0 1 0 1 1 0 0 1 0 1 1 0 0 1 0 1 1 0 0 1 0 1 1 0 0 1 0 1 1 0 0 1 0 1 1 0 0 1 0 1 1 0 0 1 0 1 1 0 0 1 0 1 1 0 0 1 0 1 1 0 0 1 0 1 1 0 0 1 0 1 1 0 0 1 0 1 1 0 0 1 0 1 1 0 0 1 0 1 1 0 0 1 0 1 1 0 0 1 0 1 1 0 0 1 0 1 1 0 0 1 0 1 1 0 0 1 0 1 1 0 0 1 0 1 1 0 0 1 0 1 1 0 0 1 0 1 1 0 0 1 0 1 1 0 0 1 0 1 1 0 0 1 0 1 1 0 0 1 0 1 1 0 0 1 0 1 1 0 0 1 0 1 1 0 0 1 0 1 1 0 0 1 0 1 1 0 0 1 0 1 1 0 0 1 0 1 1 0 0 1 0 1 1 0 0 1 0 1 1 0 0 1 0 1 1 0 0 1 0 1 1 0 0 1 0 1 1 0 0 1 0 1 1 0 0 1 0 1 1 0 0 1 0 1 1 0 0 1 0 1 1 0 0 1 0 1 1 0 0 1 0 1 1 0 0 1 0 1 1 0 0 1 0 1 1 0 0 1 0 1 1 0 0 1 0 1 1 0 0 1 0 1 1 0 0 1 0 1 1 0 0 1 0 1 1 0 0 1 0 1 1 0 0 1 0 1 1 0 0 1 0 1 1 0 0 1 0 1 1 0 0 1 0 1 1 0 0 1 0 1 1 0 0 1 0 1 1 0 0 1 0 1 1 0 0 1 0 1 1 0 0 1 0 1 1 0 0 1 0 1 1 0 0 1 0 1 1 0 0 1 0 1 1 0 0 1 0 1 1 0 0 1 0 1 1 0 0 1 0 1 1 0 0 1 0 1 1 0 0 1 0 1 1 0 0 1 0 1 1 0 0 1 0 1 1 0 0 1 0 1 1 0 0 1 0 1 1 0 0 1 0 1 1 0 0 1 0 1 1 0 0 1 0 1 1 0 0 1 0 1 1 0 0 1 0 1 1 0 0 1 0 1 1 0 0 1 0 1 1 0 0 1 0 1 1 0 0 1 0 1 1 0 0 1 0 1 1 0 0 1 0 1 1 0 0 1 0 1 1 0 0 1 0 1 1 0 0 1 0 1 1 0 0 1 0 1 1 0 0 1 0 1 1 0 0 1 0 1 1 0 0 1 0 1 1 0 0 1 0 1 1 0 0 1 0 1 1 0 0 1 0 1 1 0 0 1 0 1 1 0 0 1 0 1 1 0 0 1 0 1 1 0 0 1 0 1 1 0 0 1 0 1 1 0 0 1 0 1 1 0 0 1 0 1 1 0 0 1 0 1 1 0 0 1 0 1 1 0 0 1 0 1 1 0 0 1 0 1 1 0 0 1 0 1 1 0 0 1 0 1 1 0 0 1 0 1 1 0 0 1 0 1 1 0 0 1 0 1 1 0 0 1 0 1 1 0 0 1 0 1 1 0 0 1 0 1 1 0 0 1 0 1 1 0 0 1 0 1 1 0 0 1 0 1 1 0 0 1 0 1 1 0 0 1 0 1 1 0 0 1 0 1 1 0 0 1 0 1 1 0 0 1 0 1 1 0 0 1 0 1 1 0 0 1 0 1 1 0 0 1 0 1 1 0 0 1 0 1 1 0 0 1 0 1 1 0 0 1 0 1 1 0 0 1 0 1 1 0 0 1 0 1 1 0 0 1 0 1 1 0 0 1 0 1 1 0 0 1 0 1 1 0 0 1 0 1 1 0 0 1 0 1 1 0 0 1 0 1 1 0 0 1 0 1 1 0 0 1 0 1 1 0 0 1 0 1 1 0 0 1 0 1 1 0 0 1 0 1 1 0 0 1 0 1 1 0 0 1 0 1 1 0 0 1 0 1 1 0 0 1 0 1 1 0 0 1 0 1 1 0 0 1 0 1 1 0 0 1 0 1 1 0 0 1 0 1 1 0 0 1 0 1 1 0 0 1 0 1 1 0 0 1 0 1 1 0 0 1 0 1 1 0 0 1 0 1 1 0 0 1 0 1 1 0 0 1 0 1 1 0 0 1 0 1 1 0 0 1 0 1 1 0 0 1 0 1 1 0 0 1 0 1 1 0 0 1 0 1 1 0 0 1 0 1 1 0 0 1 0 1 1 0 0 1 0 1 1 0 0 1 0 1 1 0 0 1 0 1 1 0 0 1 0 1 1 0 0 1 0 1 1 0 0 1 0 1 1 0 0 1 0 1 1 0 0 1 0 1 1 0 0 1 0 1 1 0 0 1 0 1 1 0 0 1 0 1 1 0 0 1 0 1 1 0 0 1 0 1 1 0 0 1 0 1 1 0 0 1 0 1 1 0 0 1 0 1 1 0 0 1 0 1 1 0 0 1 0 1 1 0 0 1 0 1 1 0 0 1 0 1 1 0 0 1 0 1 1 0 0 1 0 1 1 0 0 1 0 1 1 0 0 1 0 1 1 0 0 1 0 1 1 0 0 1 0 1 1 0 0 1 0 1 1 0 0 1 0 1 1 0 0 1 0 1 1 0 0 1 0 1 1 0 0 1 0 1 1 0 0 1 0 1 1 0 0 1 0 1 1 0 0 1 0 1 1 0 0 1 0 1 1 0 0 1 0 1 1 0 0 1 0 1 1 0 0 1 0 1 1 0 0 1 0 1 1 0 0 1 0 1 1 0 0 1 0 1 1 0 0 1 0 1 1 0 0 1 0 1 1 0 0 1 0 1 1 0 0 1 0 1 1 0 0 1 0 1 1 0 0 1 0 1 1 0 0 1 0 1 1 0 0 1 0 1 1 0 0 1 0 1 1 0 0 1 0 1 1 0 0 1 0 1 1 0 0 1 0 1 1 0 0 1 0 1 1 0 0 1 0 1 1 0 0 1 0 1 1 0 0 1 0 1 1 0 0 1 0 1 1 0 0 1 0 1 1 0 0 1 0 1 1 0 0 1 0 1 1 0 0 1 0 1 1 0 0 1 0 1 1 0 0 1 0 1 1 0 0 1 0 1 1 0 0 1 0 1 1 0 0 1 0 1 1 0 0 1 0 1 1 0 0 1 0 1 1 0 0 1 0 1 1 0 0 1 0 1 1 0 0 1 0 1 1 0 0 1 0 1 1 0 0 1 0 1 1 0 0 1 0 1 1 0 0 1 0 1 1 0 0 1 0 1 1 0 0 1 0 1 1 0 0 1 0 1 1 0 0 1 0 1 1 0 0 1 0 1 1 0 0 1 0 1 1 0 0 1 0 1 1 0 0 1 0 1 1 0 0 1 0 1 1 0 0 1 0 1 1 0 0 1 0 1 1 0 0 1 0 1 1 0 0 1 0 1 1 0 0 1 0 1 1 0 0 1 0 1 1 0 0 1 0 1 1 0 0 1 0 1 1 0 0 1 0 1 1 0 0 1 0 1 1 0 0 1 0 1 1 0 0 1 0 1 1 0 0 1 0 1 1 0 0 1 0 1 1 0 0 1 0 1 1 0 0 1 0 1 1 0 0 1 0 1 1 0 0 1 0 1 1 0 0 1 0 1 1 0 0 1 0 1 1 0 0 1 0 1 1 0 0 1 0 1 1 0 0 1 0 1 1 0 0 1 0 1 1 0 0 1 0 1 1 0 0 1 0 1 1 0 0 1 0 1 1 0 0 1 0 1 1 0 0 1 0 1 1 0 0 1 0 1 1 0 0 1 0 1 1 0 0 1 0 1 1 0 0 1 0 1 1 0 0 1 0 1 1 0 0 1 0 1 1 0 0 1 0 1 1 0 0 1 0 1 1 0 0 1 0 1 1 0 0 1 0 1 1 0 0 1 0 1 1 0 0 1 0 1 1 0 0 1 0 1 1 0 0 1 0 1 1 0 0 1 0 1 1 0 0 1 0 1 1 0 0 1 0 1 1 0 0 1 0 1 1 0 0 1 0 1 1 0 0 1 0 1 1 0 0 1 0 1 1 0 0 1 0 1 1 0 0 1 0 1 1 0 0 1 0 1 1 0 0 1 0 1 1 0 0 1 0 1 1 0 0 1 0 1 1 0 0 1 0 1 1 0 0 1 0 1 1 0 0 1 0 1 1 0 0 1 0 1 1 0 0 1 0 1 1 0 0 1 0 1 1 0 0 1 0 1 1 0 0 1 0 1 1 0 0 1 0 1 1 0 0 1 0 1 1 0 0 1 0 1 1 0 0 1 0 1 1 0 0 1 0 1 1 0 0 1 0 1 1 0 0 1 0 1 1 0 0 1 0 1 1 0 0 1 0 1 1 0 0 1 0 1 1 0 0 1 0 1 1 0 0 1 0 1 1 0 0 1 0 1 1 0 0 1 0 1 1 0 0 1 0 1 1 0 0 1 0 1 1 0 0 1 0 1 1 0 0 1 0 1 1 0 0 1 0 1 1 0 0 1 0 1 1 0 0 1 0 1 1 0 0 1 0 1 1 0 0 1 0 1 1 0 0 1 0 1 1 0 0 1 0 1 1 0 0 1 0 1 1 0 0 1 0 1 1 0 0 1 0 1 1 0 0 1 0 1 1 0 0 1 0 1 1 0 0 1 0 1 1 0 0 1 0 1 1 0 0 1 0 1 1 0 0 1 0 1 1 0 0 1 0 1 1 0 0 1 0 1 1 0 0 1 0 1 1 0 0 1 0 1 1 0 0 1 0 1 1 0 0 1 0 1 1 0 0 1 0 1 1 0 0 1 0 1 1 0 0 1 0 1 1 0 0 1 0 1 1 0 0 1 0 1 1 0 0 1 0 1 1 0 0 1 0 1 1 0 0 1 0 1 1 0 0 1 0 1 1 0 0 1 0 1 1 0 0 1 0 1 1 0 0 1 0 1 1 0 0 1 0 1 1 0 0 1 0 1 1 0 0 1 0 1 1 0 0 1 0 1 1 0 0 1 0 1 1 0 0 1 0 1 1 0 0 1 0 1 1 0 0 1 0 1 1 0 0 1 0 1 1 0 0 1 0 1 1 0 0 1 0 1 1 0 0 1 0 1 1 0 0 1 0 1 1 0 0 1 0 1 1 0 0 1 0 1 1 0 0 1 0 1 1 0 0 1 0 1 1 0 0 1 0 1 1 0 0 1 0 1 1 0 0 1 0 1 1 0 0 1 0 1 1 0 0 1 0 1 1 0 0 1 0 1 1 0 0 1 0 1 1 0 0 1 0 1 1 0 0 1 0 1 1 0 0 1 0 1 1 0 0 1 0 1 1 0 0 1 0 1 1 0 0 1 0 1 1 0 0 1 0 1 1 0 0 1 0 1 1 0 0 1 0 1 1 0 0 1 0 1 1 0 0 1 0 1 1 0 0 1 0 1 1 0 0 1 0 1 1 0 0 1 0 1 1 0 0 1 0 1 1 0 0 1 0 1 1 0 0 1 0 1 1 0 0 1 0 1 1 0 0 1 0 1 1 0 0 1 0 1 1 0 0 1 0 1 1 0 0 1 0 1 1 0 0 1 0 1 1 0 0 1 0 1 1 0 0 1 0 1 1 0 0 1 0 1 1 0 0 1 0 1 1 0 0 1 0 1 1 0 0 1 0 1 1 0 0 1 0 1 1 0 0 1 0 1 1 0 0 1 0 1 1 0 0 1 0 1 1 0 0 1 0 1 1 0 0 1 0 1 1 0 0 1 0 1 1 0 0 1 0 1 1 0 0 1 0 1 1 0 0 1 0 1 1 0 0 1 0 1 1 0 0 1 0 1 1 0 0 1 0 1 1 0 0 1 0 1 1 0 0 1 0 1 1 0 0 1 0 1 1 0 0 1 0 1 1 0 0 1 0 1 1 0 0 1 0 1 1 0 0 1 0 1 1 0 0 1 0 1 1 0 0 1 0 1 1 0 0 1 0 1 1 0 0 1 0 1 1 0 0 1 0 1 1 0 0 1 0 1 1 0 0 1 0 1 1 0 0 1 0 1 1 0 0 1 0 1 1 0 0 1 0 1 1 0 0 1 0 1 1 0 0 1 0 1 1 0 0 1 0 1 1 0 0 1 0 1 1 0 0 1 0 1 1 0 0 1 0 1 1 0 0 1 0 1 1 0 0 1 0 1 1 0 0 1 0 1 1 0 0 1 0 1 1 0 0 1 0 1 1 0 0 1 0 1 1 0 0 1 0 1 1 0 0 1 0 1 1 0 0 1 0 1 1 0 0 1 0 1 1 0 0 1 0 1 1 0 0 1 0 1 1 0 0 1 0 1 1 0 0 1 0 1 1 0 0 1 0 1 1 0 0 1 0 1 1 0 0 1 0 1 1 0 0 1 0 1 1 0 0 1 0 1 1 0 0 1 0 1 1 0 0 1 0 1 1 0 0 1 0 1 1 0 0 1 0 1 1 0 0 1 0 1 1 0 0 1 0 1 1 0 0 1 0 1 1 0 0 1 0 1 1 0 0 1 0 1 1 0 0 1 0 1 1 0 0 1 0 1 1 0 0 1 0 1 1 0 0 1 0 1 1 0 0 1 0 1 1 0 0 1 0 1 1 0 0 1 0 1 1 0 0 1 0 1 1 0 0 1 0 1 1 0 0 1 0 1 1 0 0 1 0 1 1 0 0 1 0 1 1 0 0 1 0 1 1 0 0 1 0 1 1 0 0 1 0 1 1 0 0 1 0 1 1 0 0 1 0 1 1 0 0 1 0 1 1 0 0 1 0 1 1 0 0 1 0 1 1 0 0 1 0 1 1 0 0 1 0 1 1 0 0 1 0 1 1 0 0 1 0 1 1 0 0 1 0 1 1 0 0 1 0 1 1 0 0 1 0 1 1 0 0 1 0 1 1 0 0 1 0 1 1 0 0 1 0 1 1 0 0 1 0 1 1 0 0 1 0 1 1 0 0 1 0 1 1 0 0 1 0 1 1 0 0 1 0 1 1 0 0 1 0 1 1 0 0 1 0 1 1 0 0 1 0 1 1 0 0 1 0 1 1 0 0 1 0 1 1 0 0 1 0 1 1 0 0 1 0 1 1 0 0 1 0 1 1 0 0 1 0 1 1 0 0 1 0 1 1 0 0 1 0 1 1 0 0 1 0 1 1 0 0 1 0 1 1 0 0 1 0 1 1 0 0 1 0 1 1 0 0 1 0 1 1 0 0 1 0 1 1 0 0 1 0 1 1 0 0 1 0 1 1 0 0 1 0 1 1 0 0 1 0 1 1 0 0 1 0 1 1 0 0 1 0 1 1 0 0 1 0 1 1 0 0 1 0 1 1 0 0 1 0 1 1 0 0 1 0 1 1 0 0 1 0 1 1 0 0 1 0 1 1 0 0 1 0 1 1 0 0 1 0 1 1 0 0 1 0 1 1 0 0 1 0 1 1 0 0 1 0 1 1 0 0 1 0 1 1 0 0 1 0 1 1 0 0 1 0 1 1 0 0 1 0 1 1 0 0 1 0 1 1 0 0 1 0 1 1 0 0 1 0 1 1 0 0 1 0 1 1 0 0 1 0 1 1 0 0 1 0 1 1 0 0 1 0 1 1 0 0 1 0 1 1 0 0 1 0 1 1 0 0 1 0 1 1 0 0 1 0 1 1 0 0 1 0 1 1 0 0 1 0 1 1 0 0 1 0 1 1 0 0 1 0 1 1 0 0 1 0 1 1 0 0 1 0 1 1 0 0 1 0 1 1 0 0 1 0 1 1 0 0 1 0 1 1 0 0 1 0 1 1 0 0 1 0 1 1 0 0 1 0 1 1 0 0 1 0 1 1 0 0 1 0 1 1 0 0 1 0 1 1 0 0 1 0 1 1 0 0 1 0 1 1 0 0 1 0 1 1 0 0 1 0 1 1 0 0 1 0 1 1 0 0 1 0 1 1 0 0 1 0 1 1 0 0 1 0 1 1 0 0 1 0 1 1 0 0 1 0 1 1 0 0 1 0 1 1 0 0 1 0 1 1 0 0 1 0 1 1 0 0 1 0 1 1 0 0 1 0 1 1 0 0 1 0 1 1 0 0 1 0 1 1 0 0 1 0 1 1 0 0 1 0 1 1 0 0 1 0 1 1 0 0 1 0 1 1 0 0 1 0 1 1 0 0 1 0 1 1 0 0 1 0 1 1 0 0 1 0 1 1 0 0 1 0 1 1 0 0 1 0 1 1 0 0 1 0 1 1 0 0 1 0 1 1 0 0 1 0 1 1 0 0 1 0 1 1 0 0 1 0 1 1 0 0 1 0 1 1 0 0 1 0 1 1 0 0 1 0 1 1 0 0 1 0 1 1 0 0 1 0 1 1 0 0 1 0 1 1 0 0 1 0 1 1 0 0 1 0 1 1 0 0 1 0 1 1 0 0 1 0 1 1 0 0 1 0 1 1 0 0 1 0 1 1 0 0 1 0 1 1 0 0 1 0 1 1 0 0 1 0 1 1 0 0 1 0 1 1 0 0 1 0 1 1 0 0 1 0 1 1 0 0 1 0 1 1 0 0 1 0 1 1 0 0 1 0 1 1 0 0 1 0 1 1 0 0 1 0 1 1 0 0 1 0 1 1 0 0 1 0 1 1 0 0 1 0 1 1 0 0 1 0 1 1 0 0 1 0 1 1 0 0 1 0 1 1 0 0 1 0 1 1 0 0 1 0 1 1 0 0 1 0 1 1 0 0 1 0 1 1 0 0 1 0 1 1 0 0 1 0 1 1 0 0 1 0 1 1 0 0 1 0 1 1 0 0 1 0 1 1 0 0 1 0 1 1 0 0 1 0 1 1 0 0 1 0 1 1 0 0 1 0 1 1 0 0 1 0 1 1 0 0 1 0 1 1 0 0 1 0 1 1 0 0 1 0 1 1 0 0 1 0 1 1 0 0 1 0 1 1 0 0 1 0 1 1 0 0 1 0 1 1 0 0 1 0 1 1 0 0 1 0 1 1 0 0 1 0 1 1 0 0 1 0 1 1 0 0 1 0 1 1 0 0 1 0 1 1 0 0 1 0 1 1 0 0 1 0 1 1 0 0 1 0 1 1 0 0 1 0 1 1 0 0 1 0 1 1 0 0 1 0 1 1 0 0 1 0 1 1 0 0 1 0 1 1 0 0 1 0 1 1 0 0 1 0 1 1 0 0 1 0 1 1 0 0 1 0 1 1 0 0 1 0 1 1 0 0 1 0 1 1 0 0 1 0 1 1 0 0 1 0 1 1 0 0 1 0 1 1 0 0 1 0 1 1 0 0 1 0 1 1 0 0 1 0 1 1 0 0 1 0 1 1 0 0 1 0 1 1 0 0 1 0 1 1 0 0 1 0 1 1 0 0 1 0 1 1 0 0 1 0 1 1 0 0 1 0 1 1 0 0 1 0 1 1 0 0 1 0 1 1 0 0 1 0 1 1 0 0 1 0 1 1 0 0 1 0 1 1 0 0 1 0 1 1 0 0 1 0 1 1 0 0 1 0 1 1 0 0 1 0 1 1 0 0 1 0 1 1 0 0 1 0 1 1 0 0 1 0 1 1 0 0 1 0 1 1 0 0 1 0 1 1 0 0 1 0 1 1 0 0 1 0 1 1 0 0 1 0 1 1 0 0 1 0 1 1 0 0 1 0 1 1 0 0 1 0 1 1 0 0 1 0 1 1 0 0 1 0 1 1 0 0 1 0 1 1 0 0 1 0 1 1 0 0 1 0 1 1 0 0 1 0 1 1 0 0 1 0 1 1 0 0 1 0 1 1 0 0 1 0 1 1 0 0 1 0 1 1 0 0 1 0 1 1 0 0 1 0 1 1 0 0 1 0 1 1 0 0 1 0 1 1 0 0 1 0 1 1 0 0 1 0 1 1 0 0 1 0 1 1 0 0 1 0 1 1 0 0 1 0 1 1 0 0 1 0 1 1 0 0 1 0 1 1 0 0 1 0 1 1 0 0 1 0 1 1 0 0 1 0 1 1 0 0 1 0 1 1 0 0 1 0 1 1 0 0 1 0 1 1 0 0 1 0 1 1 0 0 1 0 1 1 0 0 1 0 1 1 0 0 1 0 1 1 0 0 1 0 1 1 0 0 1 0 1 1 0 0 1 0 1 1 0 0 1 0 1 1 0 0 1 0 1 1 0 0 1 0 1 1 0 0 1 0 1 1 0 0 1 0 1 1 0 0 1 0 1 1 0 0 1 0 1 1 0 0 1 0 1 1 0 0 1 0 1 1 0 0 1 0 1 1 0 0 1 0 1 1 0 0 1 0 1 1 0 0 1 0 1 1 0 0 1 0 1 1 0 0 1 0 1 1 0 0 1 0 1 1 0 0 1 0 1 1 0 0 1 0 1 1 0 0 1 0 1 1 0 0 1 0 1 1 0 0 1 0 1 1 0 0 1 0 1 1 0 0 1 0 1 1 0 0 1 0 1 1 0 0 1 0 1 1 0 0 1 0 1 1 0 0 1 0 1 1 0 0 1 0 1 1 0 0 1 0 1 1 0 0 1 0 1 1 0 0 1 0 1 1 0 0 1 0 1 1 0 0 1 0 1 1 0 0 1 0 1 1 0 0 1 0 1 1 0 0 1 0 1 1 0 0 1 0 1 1 0 0 1 0 1 1 0 0 1 0 1 1 0 0 1 0 1 1 0 0 1 0 1 1 0 0 1 0 1 1 0 0 1 0 1 1 0 0 1 0 1 1 0 0 1 0 1 1 0 0 1 0 1 1 0 0 1 0 1 1 0 0 1 0 1 1 0 0 1 0 1 1 0 0 1 0 1 1 0 0 1 0 1 1 0 0 1 0 1 1 0 0 1 0 1 1 0 0 1 0 1 1 0 0 1 0 1 1 0 0 1 0 1 1 0 0 1 0 1 1 0 0 1 0 1 1 0 0 1 0 1 1 0 0 1 0 1 1 0 0 1 0 1 1 0 0 1 0 1 1 0 0 1 0 1 1 0 0 1 0 1 1 0 0 1 0 1 1 0 0 1 0 1 1 0 0 1 0 1 1 0 0 1 0 1 1 0 0 1 0 1 1 0 0 1 0 1 1 0 0 1 0 1 1 0 0 1 0 1 1 0 0 1 0 1 1 0 0 1 0 1 1 0 0 1 0 1 1 0 0 1 0 1 1 0 0 1 0 1 1 0 0 1 0 1 1 0 0 1 0 1 1 0 0 1 0 1 1 0 0 1 0 1 1 0 0 1 0 1 1 0 0 1 0 1 1 0 0 1 0 1 1 0 0 1 0 1 1 0 0 1 0 1 1 0 0 1 0 1 1 0 0 1 0 1 1 0 0 1 0 1 1 0 0 1 0 1 1 0 0 1 0 1 1 0 0 1 0 1 1 0 0 1 0 1 1 0 0 1 0 1 1 0 0 1 0 1 1 0 0 1 0 1 1 0 0 1 0 1 1 0 0 1 0 1 1 0 0 1 0 1 1 0 0 1 0 1 1 0 0 1 0 1 1 0 0 1 0 1 1 0 0 1 0 1 1 0 0 1 0 1 1 0 0 1 0 1 1 0 0 1 0 1 1 0 0 1 0 1 1 0 0 1 0 1 1 0 0 1 0 1 1 0 0 1 0 1 1 0 0 1 0 1 1 0 0 1 0 1 1 0 0 1 0 1 1 0 0 1 0 1 1 0 0 1 0 1 1 0 0 1 0 1 1 0 0 1 0 1 1 0 0 1 0 1 1 0 0 1 0 1 1 0 0 1 0 1 1 0 0 1 0 1 1 0 0 1 0 1 1 0 0 1 0 1 1 0 0 1 0 1 1 0 0 1 0 1 1 0 0 1 0 1 1 0 0 1 0 1 1 0 0 1 0 1 1 0 0 1 0 1 1 0 0 1 0 1 1 0 0 1 0 1 1 0 0 1 0 1 1 0 0 1 0 1 1 0 0 1 0 1 1 0 0 1 0 1 1 0 0 1 0 1 1 0 0 1 0 1 1 0 0 1 0 1 1 0 0 1 0 1 1 0 0 1 0 1 1 0 0 1 0 1 1 0 0 1 0 1 1 0 0 1 0 1 1 0 0 1 0 1 1 0 0 1 0 1 1 0 0 1 0 1 1 0 0 1 0 1 1 0 0 1 0 1 1 0 0 1 0 1 1 0 0 1 0 1 1 0 0 1 0 1 1 0 0 1 0 1 1 0 0 1 0 1 1 0 0 1 0 1 1 0 0 1 0 1 1 0 0 1 0 1 1 0 0 1 0 1 1 0 0 1 0 1 1 0 0 1 0 1 1 0 0 1 0 1 1 0 0 1 0 1 1 0 0 1 0 1 1 0 0 1 0 1 1 0 0 1 0 1 1 0 0 1 0 1 1 0 0 1 0 1 1 0 0 1 0 1 1 0 0 1 0 1 1 0 0 1 0 1 1 0 0 1 0 1 1 0 0 1 0 1 1 0 0 1 0 1 1 0 0 1 0 1 1 0 0 1 0 1 1 0 0 1 0 1 1 0 0 1 0 1 1 0 0 1 0 1 1 0 0 1 0 1 1 0 0 1 0 1 1 0 0 1 0 1 1 0 0 1 0 1 1 0 0 1 0 1 1 0 0 1 0 1 1 0 0 1 0 1 1 0 0 1 0 1 1 0 0 1 0 1 1 0 0 1 0 1 1 0 0 1 0 1 1 0 0 1 0 1 1 0 0 1 0 1 1 0 0 1 0 1 1 0 0 1 0 1 1 0 0 1 0 1 1 0 0 1 0 1 1 0 0 1 0 1 1 0 0 1 0 1 1 0 0 1 0 1 1 0 0 1 0 1 1 0 0 1 0 1 1 0 0 1 0 1 1 0 0 1 0 1 1 0 0 1 0 1 1 0 0 1 0 1 1 0 0 1 0 1 1 0 0 1 0 1 1 0 0 1 0 1 1 0 0 1 0 1 1 0 0 1 0 1 1 0 0 1 0 1 1 0 0 1 0 1 1 0 0 1 0 1 1 0 0 1 0 1 1 0 0 1 0 1 1 0 0 1 0 1 1 0 0 1 0 1 1 0 0 1 0 1 1 0 0 1 0 1 1 0 0 1 0 1 1 0 0 1 0 1 1 0 0 1 0 1 1 0 0 1 0 1 1 0 0 1 0 1 1 0 0 1 0 1 1 0 0 1 0 1 1 0 0 1 0 1 1 0 0 1 0 1 1 0 0 1 0 1 1 0 0 1 0 1 1 0 0 1 0 1 1 0 0 1 0 1 1 0 0 1 0 1 1 0 0 1 0 1 1 0 0 1 0 1 1 0 0 1 0 1 1 0 0 1 0 1 1 0 0 1 0 1 1 0 0 1 0 1 1 0 0 1 0 1 1 0 0 1 0 1 1 0 0 1 0 1 1 0 0 1 0 1 1 0 0 1 0 1 1 0 0 1 0 1 1 0 0 1 0 1 1 0 0 1 0 1 1 0 0 1 0 1 1 0 0 1 0 1 1 0 0 1 0 1 1 0 0 1 0 1 1 0 0 1 0 1 1 0 0 1 0 1 1 0 0 1 0 1 1 0 0 1 0 1 1 0 0 1 0 1 1 0 0 1 0 1 1 0 0 1 0 1 1 0 0 1 0 1 1 0 0 1 0 1 1 0 0 1 0 1 1 0 0 1 0 1 1 0 0 1 0 1 1 0 0 1 0 1 1 0 0 1 0 1 1 0 0 1 0 1 1 0 0 1 0 1 1 0 0 1 0 1 1 0 0 1 0 1 1 0 0 1 0 1 1 0 0 1 0 1 1 0 0 1 0 1 1 0 0 1 0 1 1 0 0 1 0 1 1 0 0 1 0 1 1 0 0 1 0 1 1 0 0 1 0 1 1 0 0 1 0 1 1 0 0 1 0 1 1 0 0 1 0 1 1 0 0 1 0 1 1 0 0 1 0 1 1 0 0 1 0 1 1 0 0 1 0 1 1 0 0 1 0 1 1 0 0 1 0 1 1 0 0 1 0 1 1 0 0 1 0 1 1 0 0 1 0 1 1 0 0 1 0 1 1 0 0 1 0 1 1 0 0 1 0 1 1 0 0 1 0 1 1 0 0 1 0 1 1 0 0 1 0 1 1 0 0 1 0 1 1 0 0 1 0 1 1 0 0 1 0 1 1 0 0 1 0 1 1 0 0 1 0 1 1 0 0 1 0 1 1 0 0 1 0 1 1 0 0 1 0 1 1 0 0 1 0 1 1 0 0 1 0 1 1 0 0 1 0 1 1 0 0 1 0 1 1 0 0 1 0 1 1 0 0 1 0 1 1 0 0 1 0 1 1 0 0 1 0 1 1 0 0 1 0 1 1 0 0 1 0 1 1 0 0 1 0 1 1 0 0 1 0 1 1 0 0 1 0 1 1 0 0 1 0 1 1 0 0 1 0 1 1 0 0 1 0 1 1 0 0 1 0 1 1 0 0 1 0 1 1 0 0 1 0 1 1 0 0 1 0 1 1 0 0 1 0 1 1 0 0 1 0 1 1 0 0 1 0 1 1 0 0 1 0 1 1 0 0 1 0 1 1 0 0 1 0 1 1 0 0 1 0 1 1 0 0 1 0 1 1 0 0 1 0 1 1 0 0 1 0 1 1 0 0 1 0 1 1 0 0 1 0 1 1 0 0 1 0 1 1 0 0 1 0 1 1 0 0 1 0 1 1 0 0 1 0 1 1 0 0 1 0 1 1 0 0 1 0 1 1 0 0 1 0 1 1 0 0 1 0 1 1 0 0 1 0 1 1 0 0 1 0 1 1 0 0 1 0 1 1 0 0 1 0 1 1 0 0 1 0 1 1 0 0 1 0 1 1 0 0 1 0 1 1 0 0 1 0 1 1 0 0 1 0 1 1 0 0 1 0 1 1 0 0 1 0 1 1 0 0 1 0 1 1 0 0 1 0 1 1 0 0 1 0 1 1 0 0 1 0 1 1 0 0 1 0 1 1 0 0 1 0 1 1 0 0 1 0 1 1 0 0 1 0 1 1 0 0 1 0 1 1 0 0 1 0 1 1 0 0 1 0 1 1 0 0 1 0 1 1 0 0 1 0 1 1 0 0 1 0 1 1 0 0 1 0 1 1 0 0 1 0 1 1 0 0 1 0 1 1 0 0 1 0 1 1 0 0 1 0 1 1 0 0 1 0 1 1 0 0 1 0 1 1 0 0 1 0 1 1 0 0 1 0 1 1 0 0 1 0 1 1 0 0 1 0 1 1 0 0 1 0 1 1 0 0 1 0 1 1 0 0 1 0 1 1 0 0 1 0 1 1 0 0 1 0 1 1 0 0 1 0 1 1 0 0 1 0 1 1 0 0 1 0 1 1 0 0 1 0 1 1 0 0 1 0 1 1 0 0 1 0 1 1 0 0 1 0 1 1 0 0 1 0 1 1 0 0 1 0 1 1 0 0 1 0 1 1 0 0 1 0 1 1 0 0 1 0 1 1 0 0 1 0 1 1 0 0 1 0 1 1 0 0 1 0 1 1 0 0 1 0 1 1 0 0 1 0 1 1 0 0 1 0 1 1 0 0 1 0 1 1 0 0 1 0 1 1 0 0 1 0 1 1 0 0 1 0 1 1 0 0 1 0 1 1 0 0 1 0 1 1 0 0 1 0 1 1 0 0 1 0 1 1 0 0 1 0 1 1 0 0 1 0 1 1 0 0 1 0 1 1 0 0 1 0 1 1 0 0 1 0 1 1 0 0 1 0 1 1 0 0 1 0 1 1 0 0 1 0 1 1 0 0 1 0 1 1 0 0 1 0 1 1 0 0 1 0 1 1 0 0 1 0 1 1 0 0 1 0 1 1 0 0 1 0 1 1 0 0 1 0 1 1 0 0 1 0 1 1 0 0 1 0 1 1 0 0 1 0 1 1 0 0 1 0 1 1 0 0 1 0 1 1 0 0 1 0 1 1 0 0 1 0 1 1 0 0 1 0 1 1 0 0 1 0 1 1 0 0 1 0 1 1 0 0 1 0 1 1 0 0 1 0 1 1 0 0 1 0 1 1 0 0 1 0 1 1 0 0 1 0 1 1 0 0 1 0 1 1 0 0 1 0 1 1 0 0 1 0 1 1 0 0 1 0 1 1 0 0 1 0 1 1 0 0 1 0 1 1 0 0 1 0 1 1 0 0 1 0 1 1 0 0 1 0 1 1 0 0 1 0 1 1 0 0 1 0 1 1 0 0 1 0 1 1 0 0 1 0 1 1 0 0 1 0 1 1 0 0 1 0 1 1 0 0 1 0 1 1 0 0 1 0 1 1 0 0 1 0 1 1 0 0 1 0 1 1 0 0 1 0 1 1 0 0 1 0 1 1 0 0 1 0 1 1 0 0 1 0 1 1 0 0 1 0 1 1 0 0 1 0 1 1 0 0 1 0 1 1 0 0 1 0 1 1 0 0 1 0 1 1 0 0 1 0 1 1 0 0 1 0 1 1 0 0 1 0 1 1 0 0 1 0 1 1 0 0 1 0 1 1 0 0 1 0 1 1 0 0 1 0 1 1 0 0 1 0 1 1 0 0 1 0 1 1 0 0 1 0 1 1 0 0 1 0 1 1 0 0 1 0 1 1 0 0 1 0 1 1 0 0 1 0 1 1 0 0 1 0 1 1 0 0 1 0 1 1 0 0 1 0 1 1 0 0 1 0 1 1 0 0 1 0 1 1 0 0 1 0 1 1 0 0 1 0 1 1 0 0 1 0 1 1 0 0 1 0 1 1 0 0 1 0 1 1 0 0 1 0 1 1 0 0 1 0 1 1 0 0 1 0 1 1 0 0 1 0 1 1 0 0 1 0 1 1 0 0 1 0 1 1 0 0 1 0 1 1 0 0 1 0 1 1 0 0 1 0 1 1 0 0 1 0 1 1 0 0 1 0 1 1 0 0 1 0 1 1 0 0 1 0 1 1 0 0 1 0 1 1 0 0 1 0 1 1 0 0 1 0 1 1 0 0 1 0 1 1 0 0 1 0 1 1 0 0 1 0 1 1 0 0 1 0 1 1 0 0 1 0 1 1 0 0 1 0 1 1 0 0 1 0 1 1 0 0 1 0 1 1 0 0 1 0 1 1 0 0 1 0 1 1 0 0 1 0 1 1 0 0 1 0 1 1 0 0 1 0 1 1 0 0 1 0 1 1 0 0 1 0 1 1 0 0 1 0 1 1 0 0 1 0 1 1 0 0 1 0 1 1 0 0 1 0 1 1 0 0 1 0 1 1 0 0 1 0 1 1 0 0 1 0 1 1 0 0 1 0 1 1 0 0 1 0 1 1 0 0 1 0 1 1 0 0 1 0 1 1 0 0 1 0 1 1 0 0 1 0 1 1 0 0 1 0 1 1 0 0 1 0 1 1 0 0 1 0 1 1 0 0 1 0 1 1 0 0 1 0 1 1 0 0 1 0 1 1 0 0 1 0 1 1 0 0 1 0 1 1 0 0 1 0 1 1 0 0 1 0 1 1 0 0 1 0 1 1 0 0 1 0 1 1 0 0 1 0 1 1 0 0 1 0 1 1 0 0 1 0 1 1 0 0 1 0 1 1 0 0 1 0 1 1 0 0 1 0 1 1 0 0 1 0 1 1 0 0 1 0 1 1 0 0 1 0 1 1 0 0 1 0 1 1 0 0 1 0 1 1 0 0 1 0 1 1 0 0 1 0 1 1 0 0 1 0 1 1 0 0 1 0 1 1 0 0 1 0 1 1 0 0 1 0 1 1 0 0 1 0 1 1 0 0 1 0 1 1 0 0 1 0 1 1 0 0 1 0 1 1 0 0 1 0 1 1 0 0 1 0 1 1 0 0 1 0 1 1 0 0 1 0 1 1 0 0 1 0 1 1 0 0 1 0 1 1 0 0 1 0 1 1 0 0 1 0 1 1 0 0 1 0 1 1 0 0 1 0 1 1 0 0 1 0 1 1 0 0 1 0 1 1 0 0 1 0 1 1 0 0 1 0 1 1 0 0 1 0 1 1 0 0 1 0 1 1 0 0 1 0 1 1 0 0 1 0 1 1 0 0 1 0 1 1 0 0 1 0 1 1 0 0 1 0 1 1 0 0 1 0 1 1 0 0 1 0 1 1 0 0 1 0 1 1 0 0 1 0 1 1 0 0 1 0 1 1 0 0 1 0 1 1 0 0 1 0 1 1 0 0 1 0 1 1 0 0 1 0 1 1 0 0 1 0 1 1 0 0 1 0 1 1 0 0 1 0 1 1 0 0 1 0 1 1 0 0 1 0 1 1 0 0 1 0 1 1 0 0 1 0 1 1 0 0 1 0 1 1 0 0 1 0 1 1 0 0 1 0 1 1 0 0 1 0 1 1 0 0 1 0 1 1 0 0 1 0 1 1 0 0 1 0 1 1 0 0 1 0 1 1 0 0 1 0 1 1 0 0 1 0 1 1 0 0 1 0 1 1 0 0 1 0 1 1 0 0 1 0 1 1 0 0 1 0 1 1 0 0 1 0 1 1 0 0 1 0 1 1 0 0 1 0 1 1 0 0 1 0 1 1 0 0 1 0 1 1 0 0 1 0 1 1 0 0 1 0 1 1 0 0 1 0 1 1 0 0 1 0 1 1 0 0 1 0 1 1 0 0 1 0 1 1 0 0 1 0 1 1 0 0 1 0 1 1 0 0 1 0 1 1 0 0 1 0 1 1 0 0 1 0 1 1 0 0 1 0 1 1 0 0 1 0 1 1 0 0 1 0 1 1 0 0 1 0 1 1 0 0 1 0 1 1 0 0 1 0 1 1 0 0 1 0 1 1 0 0 1 0 1 1 0 0 1 0 1 1 0 0 1 0 1 1 0 0 1 0 1 1 0 0 1 0 1 1 0 0 1 0 1 1 0 0 1 0 1 1 0 0 1 0 1 1 0 0 1 0 1 1 0 0 1 0 1 1 0 0 1 0 1 1 0 0 1 0 1 1 0 0 1 0 1 1 0 0 1 0 1 1 0 0 1 0 1 1 0 0 1 0 1 1 0 0 1 0 1 1 0 0 1 0 1 1 0 0 1 0 1 1 0 0 1 0 1 1 0 0 1 0 1 1 0 0 1 0 1 1 0 0 1 0 1 1 0 0 1 0 1 1 0 0 1 0 1 1 0 0 1 0 1 1 0 0 1 0 1 1 0 0 1 0 1 1 0 0 1 0 1 1 0 0 1 0 1 1 0 0 1 0 1 1 0 0 1 0 1 1 0 0 1 0 1 1 0 0 1 0 1 1 0 0 1 0 1 1 0 0 1 0 1 1 0 0 1 0 1 1 0 0 1 0 1 1 0 0 1 0 1 1 0 0 1 0 1 1 0 0 1 0 1 1 0 0 1 0 1 1 0 0 1 0 1 1 0 0 1 0 1 1 0 0 1 0 1 1 0 0 1 0 1 1 0 0 1 0 1 1 0 0 1 0 1 1 0 0 1 0 1 1 0 0 1 0 1 1 0 0 1 0 1 1 0 0 1 0 1 1 0 0 1 0 1 1 0 0 1 0 1 1 0 0 1 0 1 1 0 0 1 0 1 1 0 0 1 0 1 1 0 0 1 0 1 1 0 0 1 0 1 1 0 0 1 0 1 1 0 0 1 0 1 1 0 0 1 0 1 1 0 0 1 0 1 1 0 0 1 0 1 1 0 0 1 0 1 1 0 0 1 0 1 1 0 0 1 0 1 1 0 0 1 0 1 1 0 0 1 0 1 1 0 0 1 0 1 1 0 0 1 0 1 1 0 0 1 0 1 1 0 0 1 0 1 1 0 0 1 0 1 1 0 0 1 0 1 1 0 0 1 0 1 1 0 0 1 0 1 1 0 0 1 0 1 1 0 0 1 0 1 1 0 0 1 0 1 1 0 0 1 0 1 1 0 0 1 0 1 1 0 0 1 0 1 1 0 0 1 0 1 1 0 0 1 0 1 1 0 0 1 0 1 1 0 0 1 0 1 1 0 0 1 0 1 1 0 0 1 0 1 1 0 0 1 0 1 1 0 0 1 0 1 1 0 0 1 0 1 1 0 0 1 0 1 1 0 0 1 0 1 1 0 0 1 0 1 1 0 0 1 0 1 1 0 0 1 0 1 1 0 0 1 0 1 1 0 0 1 0 1 1 0 0 1 0 1 1 0 0 1 0 1 1 0 0 1 0 1 1 0 0 1 0 1 1 0 0 1 0 1 1 0 0 1 0 1 1 0 0 1 0 1 1 0 0 1 0 1 1 0 0 1 0 1 1 0 0 1 0 1 1 0 0 1 0 1 1 0 0 1 0 1 1 0 0 1 0 1 1 0 0 1 0 1 1 0 0 1 0 1 1 0 0 1 0 1 1 0 0 1 0 1 1 0 0 1 0 1 1 0 0 1 0 1 1 0 0 1 0 1 1 0 0 1 0 1 1 0 0 1 0 1 1 0 0 1 0 1 1 0 0 1 0 1 1 0 0 1 0 1 1 0 0 1 0 1 1 0 0 1 0 1 1 0 0 1 0 1 1 0 0 1 0 1 1 0 0 1 0 1 1 0 0 1 0 1 1 0 0 1 0 1 1 0 0 1 0 1 1 0 0 1 0 1 1 0 0 1 0 1 1 0 0 1 0 1 1 0 0 1 0 1 1 0 0 1 0 1 1 0 0 1 0 1 1 0 0 1 0 1 1 0 0 1 0 1 1 0 0 1 0 1 1 0 0 1 0 1 1 0 0 1 0 1 1 0 0 1 0 1 1 0 0 1 0 1 1 0 0 1 0 1 1 0 0 1 0 1 1 0 0 1 0 1 1 0 0 1 0 1 1 0 0 1 0 1 1 0 0 1 0 1 1 0 0 1 0 1 1 0 0 1 0 1 1 0 0 1 0 1 1 0 0 1 0 1 1 0 0 1 0 1 1 0 0 1 0 1 1 0 0 1 0 1 1 0 0 1 0 1 1 0 0 1 0 1 1 0 0 1 0 1 1 0 0 1 0 1 1 0 0 1 0 1 1 0 0 1 0 1 1 0 0 1 0 1 1 0 0 1 0 1 1 0 0 1 0 1 1 0 0 1 0 1 1 0 0 1 0 1 1 0 0 1 0 1 1 0 0 1 0 1 1 0 0 1 0 1 1 0 0 1 0 1 1 0 0 1 0 1 1 0 0 1 0 1 1 0 0 1 0 1 1 0 0 1 0 1 1 0 0 1 0 1 1 0 0 1 0 1 1 0 0 1 0 1 1 0 0 1 0 1 1 0 0 1 0 1 1 0 0 1 0 1 1 0 0 1 0 1 1 0 0 1 0 1 1 0 0 1 0 1 1 0 0 1 0 1 1 0 0 1 0 1 1 0 0 1 0 1 1 0 0 1 0 1 1 0 0 1 0 1 1 0 0 1 0 1 1 0 0 1 0 1 1 0 0 1 0 1 1 0 0 1 0 1 1 0 0 1 0 1 1 0 0 1 0 1 1 0 0 1 0 1 1 0 0 1 0 1 1 0 0 1 0 1 1 0 0 1 0 1 1 0 0 1 0 1 1 0 0 1 0 1 1 0 0 1 0 1 1 0 0 1 0 1 1 0 0 1 0 1 1 0 0 1 0 1 1 0 0 1 0 1 1 0 0 1 0 1 1 0 0 1 0 1 1 0 0 1 0 1 1 0 0 1 0 1 1 0 0 1 0 1 1 0 0 1 0 1 1 0 0 1 0 1 1 0 0 1 0 1 1 0 0 1 0 1 1 0 0 1 0 1 1 0 0 1 0 1 1 0 0 1 0 1 1 0 0 1 0 1 1 0 0 1 0 1 1 0 0 1 0 1 1 0 0 1 0 1 1 0 0 1 0 1 1 0 0 1 0 1 1 0 0 1 0 1 1 0 0 1 0 1 1 0 0 1 0 1 1 0 0 1 0 1 1 0 0 1 0 1 1 0 0 1 0 1 1 0 0 1 0 1 1 0 0 1 0 1 1 0 0 1 0 1 1 0 0 1 0 1 1 0 0 1 0 1 1 0 0 1 0 1 1 0 0 1 0 1 1 0 0 1 0 1 1 0 0 1 0 1 1 0 0 1 0 1 1 0 0 1 0 1 1 0 0 1 0 1 1 0 0 1 0 1 1 0 0 1 0 1 1 0 0 1 0 1 1 0 0 1 0 1 1 0 0 1 0 1 1 0 0 1 0 1 1 0 0 1 0 1 1 0 0 1 0 1 1 0 0 1 0 1 1 0 0 1 0 1 1 0 0 1 0 1 1 0 0 1 0 1 1 0 0 1 0 1 1 0 0 1 0 1 1 0 0 1 0 1 1 0 0 1 0 1 1 0 0 1 0 1 1 0 0 1 0 1 1 0 0 1 0 1 1 0 0 1 0 1 1 0 0 1 0 1 1 0 0 1 0 1 1 0 0 1 0 1 1 0 0 1 0 1 1 0 0 1 0 1 1 0 0 1 0 1 1 0 0 1 0 1 1 0 0 1 0 1 1 0 0 1 0 1 1 0 0 1 0 1 1 0 0 1 0 1 1 0 0 1 0 1 1 0 0 1 0 1 1 0 0 1 0 1 1 0 0 1 0 1 1 0 0 1 0 1 1 0 0 1 0 1 1 0 0 1 0 1 1 0 0 1 0 1 1 0 0 1 0 1 1 0 0 1 0 1 1 0 0 1 0 1 1 0 0 1 0 1 1 0 0 1 0 1 1 0 0 1 0 1 1 0 0 1 0 1 1 0 0 1 0 1 1 0 0 1 0 1 1 0 0 1 0 1 1 0 0 1 0 1 1 0 0 1 0 1 1 0 0 1 0 1 1 0 0 1 0 1 1 0 0 1 0 1 1 0 0 1 0 1 1 0 0 1 0 1 1 0 0 1 0 1 1 0 0 1 0 1 1 0 0 1 0 1 1 0 0 1 0 1 1 0 0 1 0 1 1 0 0 1 0 1 1 0 0 1 0 1 1 0 0 1 0 1 1 0 0 1 0 1 1 0 0 1 0 1 1 0 0 1 0 1 1 0 0 1 0 1 1 0 0 1 0 1 1 0 0 1 0 1 1 0 0 1 0 1 1 0 0 1 0 1 1 0 0 1 0 1 1 0 0 1 0 1 1 0 0 1 0 1 1 0 0 1 0 1 1 0 0 1 0 1 1 0 0 1 0 1 1 0 0 1 0 1 1 0 0 1 0 1 1 0 0 1 0 1 1 0 0 1 0 1 1 0 0 1 0 1 1 0 0 1 0 1 1 0 0 1 0 1 1 0 0 1 0 1 1 0 0 1 0 1 1 0 0 1 0 1 1 0 0 1 0 1 1 0 0 1 0 1 1 0 0 1 0 1 1 0 0 1 0 1 1 0 0 1 0 1 1 0 0 1 0 1 1 0 0 1 0 1 1 0 0 1 0 1 1 0 0 1 0 1 1 0 0 1 0 1 1 0 0 1 0 1 1 0 0 1 0 1 1 0 0 1 0 1 1 0 0 1 0 1 1 0 0 1 0 1 1 0 0 1 0 1 1 0 0 1 0 1 1 0 0 1 0 1 1 0 0 1 0 1 1 0 0 1 0 1 1 0 0 1 0 1 1 0 0 1 0 1 1 0 0 1 0 1 1 0 0 1 0 1 1 0 0 1 0 1 1 0 0 1 0 1 1 0 0 1 0 1 1 0 0 1 0 1 1 0 0 1 0 1 1 0 0 1 0 1 1 0 0 1 0 1 1 0 0 1 0 1 1 0 0 1 0 1 1 0 0 1 0 1 1 0 0 1 0 1 1 0 0 1 0 1 1 0 0 1 0 1 1 0 0 1 0 1 1 0 0 1 0 1 1 0 0 1 0 1 1 0 0 1 0 1 1 0 0 1 0 1 1 0 0 1 0 1 1 0 0 1 0 1 1 0 0 1 0 1 1 0 0 1 0 1 1 0 0 1 0 1 1 0 0 1 0 1 1 0 0 1 0 1 1 0 0 1 0 1 1 0 0 1 0 1 1 0 0 1 0 1 1 0 0 1 0 1 1 0 0 1 0 1 1 0 0 1 0 1 1 0 0 1 0 1 1 0 0 1 0 1 1 0 0 1 0 1 1 0 0 1 0 1 1 0 0 1 0 1 1 0 0 1 0 1 1 0 0 1 0 1 1 0 0 1 0 1 1 0 0 1 0 1 1 0 0 1 0 1 1 0 0 1 0 1 1 0 0 1 0 1 1 0 0 1 0 1 1 0 0 1 0 1 1 0 0 1 0 1 1 0 0 1 0 1 1 0 0 1 0 1 1 0 0 1 0 1 1 0 0 1 0 1 1 0 0 1 0 1 1 0 0 1 0 1 1 0 0 1 0 1 1 0 0 1 0 1 1 0 0 1 0 1 1 0 0 1 0 1 1 0 0 1 0 1 1 0 0 1 0 1 1 0 0 1 0 1 1 0 0 1 0 1 1 0 0 1 0 1 1 0 0 1 0 1 1 0 0 1 0 1 1 0 0 1 0 1 1 0 0 1 0 1 1 0 0 1 0 1 1 0 0 1 0 1 1 0 0 1 0 1 1 0 0 1 0 1 1 0 0 1 0 1 1 0 0 1 0 1 1 0 0 1 0 1 1 0 0 1 0 1 1 0 0 1 0 1 1 0 0 1 0 1 1 0 0 1 0 1 1 0 0 1 0 1 1 0 0 1 0 1 1 0 0 1 0 1 1 0 0 1 0 1 1 0 0 1 0 1 1 0 0 1 0 1 1 0 0 1 0 1 1 0 0 1 0 1 1 0 0 1 0 1 1 0 0 1 0 1 1 0 0 1 0 1 1 0 0 1 0 1 1 0 0 1 0 1 1 0 0 1 0 1 1 0 0 1 0 1 1 0 0 1 0 1 1 0 0 1 0 1 1 0 0 1 0 1 1 0 0 1 0 1 1 0 0 1 0 1 1 0 0 1 0 1 1 0 0 1 0 1 1 0 0 1 0 1 1 0 0 1 0 1 1 0 0 1 0 1 1 0 0 1 0 1 1 0 0 1 0 1 1 0 0 1 0 1 1 0 0 1 0 1 1 0 0 1 0 1 1 0 0 1 0 1 1 0 0 1 0 1 1 0 0 1 0 1 1 0 0 1 0 1 1 0 0 1 0 1 1 0 0 1 0 1 1 0 0 1 0 1 1 0 0 1 0 1 1 0 0 1 0 1 1 0 0 1 0 1 1 0 0 1 0 1 1 0 0 1 0 1 1 0 0 1 0 1 1 0 0 1 0 1 1 0 0 1 0 1 1 0 0 1 0 1 1 0 0 1 0 1 1 0 0 1 0 1 1 0 0 1 0 1 1 0 0 1 0 1 1 0 0 1 0 1 1 0 0 1 0 1 1 0 0 1 0 1 1 0 0 1 0 1 1 0 0 1 0 1 1 0 0 1 0 1 1 0 0 1 0 1 1 0 0 1 0 1 1 0 0 1 0 1 1 0 0 1 0 1 1 0 0 1 0 1 1 0 0 1 0 1 1 0 0 1 0 1 1 0 0 1 0 1 1 0 0 1 0 1 1 0 0 1 0 1 1 0 0 1 0 1 1 0 0 1 0 1 1 0 0 1 0 1 1 0 0 1 0 1 1 0 0 1 0 1 1 0 0 1 0 1 1 0 0 1 0 1 1 0 0 1 0 1 1 0 0 1 0 1 1 0 0 1 0 1 1 0 0 1 0 1 1 0 0 1 0 1 1 0 0 1 0 1 1 0 0 1 0 1 1 0 0 1 0 1 1 0 0 1 0 1 1 0 0 1 0 1 1 0 0 1 0 1 1 0 0 1 0 1 1 0 0 1 0 1 1 0 0 1 0 1 1 0 0 1 0 1 1 0 0 1 0 1 1 0 0 1 0 1 1 0 0 1 0 1 1 0 0 1 0 1 1 0 0 1 0 1 1 0 0 1 0 1 1 0 0 1 0 1 1 0 0 1 0 1 1 0 0 1 0 1 1 0 0 1 0 1 1 0 0 1 0 1 1 0 0 1 0 1 1 0 0 1 0 1 1 0 0 1 0 1 1 0 0 1 0 1 1 0 0 1 0 1 1 0 0 1 0 1 1 0 0 1 0 1 1 0 0 1 0 1 1 0 0 1 0 1 1 0 0 1 0 1 1 0 0 1 0 1 1 0 0 1 0 1 1 0 0 1 0 1 1 0 0 1 0 1 1 0 0 1 0 1 1 0 0 1 0 1 1 0 0 1 0 1 1 0 0 1 0 1 1 0 0 1 0 1 1 0 0 1 0 1 1 0 0 1 0 1 1 0 0 1 0 1 1 0 0 1 0 1 1 0 0 1 0 1 1 0 0 1 0 1 1 0 0 1 0 1 1 0 0 1 0 1 1 0 0 1 0 1 1 0 0 1 0 1 1 0 0 1 0 1 1 0 0 1 0 1 1 0 0 1 0 1 1 0 0 1 0 1 1 0 0 1 0 1 1 0 0 1 0 1 1 0 0 1 0 1 1 0 0 1 0 1 1 0 0 1 0 1 1 0 0 1 0 1 1 0 0 1 0 1 1 0 0 1 0 1 1 0 0 1 0 1 1 0 0 1 0 1 1 0 0 1 0 1 1 0 0 1 0 1 1 0 0 1 0 1 1 0 0 1 0 1 1 0 0 1 0 1 1 0 0 1 0 1 1 0 0 1 0 1 1 0 0 1 0 1 1 0 0 1 0 1 1 0 0 1 0 1 1 0 0 1 0 1 1 0 0 1 0 1 1 0 0 1 0 1 1 0 0 1 0 1 1 0 0 1 0 1 1 0 0 1 0 1 1 0 0 1 0 1 1 0 0 1 0 1 1 0 0 1 0 1 1 0 0 1 0 1 1 0 0 1 0 1 1 0 0 1 0 1 1 0 0 1 0 1 1 0 0 1 0 1 1 0 0 1 0 1 1 0 0 1 0 1 1 0 0 1 0 1 1 0 0 1 0 1 1 0 0 1 0 1 1 0 0 1 0 1 1 0 0 1 0 1 1 0 0 1 0 1 1 0 0 1 0 1 1 0 0 1 0 1 1 0 0 1 0 1 1 0 0 1 0 1 1 0 0 1 0 1 1 0 0 1 0 1 1 0 0 1 0 1 1 0 0 1 0 1 1 0 0 1 0 1 1 0 0 1 0 1 1 0 0 1 0 1 1 0 0 1 0 1 1 0 0 1 0 1 1 0 0 1 0 1 1 0 0 1 0 1 1 0 0 1 0 1 1 0 0 1 0 1 1 0 0 1 0 1 1 0 0 1 0 1 1 0 0 1 0 1 1 0 0 1 0 1 1 0 0 1 0 1 1 0 0 1 0 1 1 0 0 1 0 1 1 0 0 1 0 1 1 0 0 1 0 1 1 0 0 1 0 1 1 0 0 1 0 1 1 0 0 1 0 1 1 0 0 1 0 1 1 0 0 1 0 1 1 0 0 1 0 1 1 0 0 1 0 1 1 0 0 1 0 1 1 0 0 1 0 1 1 0 0 1 0 1 1 0 0 1 0 1 1 0 0 1 0 1 1 0 0 1 0 1 1 0 0 1 0 1 1 0 0 1 0 1 1 0 0 1 0 1 1 0 0 1 0 1 1 0 0 1 0 1 1 0 0 1 0 1 1 0 0 1 0 1 1 0 0 1 0 1 1 0 0 1 0 1 1 0 0 1 0 1 1 0 0 1 0 1 1 0 0 1 0 1 1 0 0 1 0 1 1 0 0 1 0 1 1 0 0 1 0 1 1 0 0 1 0 1 1 0 0 1 0 1 1 0 0 1 0 1 1 0 0 1 0 1 1 0 0 1 0 1 1 0 0 1 0 1 1 0 0 1 0 1 1 0 0 1 0 1 1 0 0 1 0 1 1 0 0 1 0 1 1 0 0 1 0 1 1 0 0 1 0 1 1 0 0 1 0 1 1 0 0 1 0 1 1 0 0 1 0 1 1 0 0 1 0 1 1 0 0 1 0 1 1 0 0 1 0 1 1 0 0 1 0 1 1 0 0 1 0 1 1 0 0 1 0 1 1 0 0 1 0 1 1 0 0 1 0 1 1 0 0 1 0 1 1 0 0 1 0 1 1 0 0 1 0 1 1 0 0 1 0 1 1 0 0 1 0 1 1 0 0 1 0 1 1 0 0 1 0 1 1 0 0 1 0 1 1 0 0 1 0 1 1 0 0 1 0 1 1 0 0 1 0 1 1 0 0 1 0 1 1 0 0 1 0 1 1 0 0 1 0 1 1 0 0 1 0 1 1 0 0 1 0 1 1 0 0 1 0 1 1 0 0 1 0 1 1 0 0 1 0 1 1 0 0 1 0 1 1 0 0 1 0 1 1 0 0 1 0 1 1 0 0 1 0 1 1 0 0 1 0 1 1 0 0 1 0 1 1 0 0 1 0 1 1 0 0 1 0 1 1 0 0 1 0 1 1 0 0 1 0 1 1 0 0 1 0 1 1 0 0 1 0 1 1 0 0 1 0 1 1 0 0 1 0 1 1 0 0 1 0 1 1 0 0 1 0 1 1 0 0 1 0 1 1 0 0 1 0 1 1 0 0 1 0 1 1 0 0 1 0 1 1 0 0 1 0 1 1 0 0 1 0 1 1 0 0 1 0 1 1 0 0 1 0 1 1 0 0 1 0 1 1 0 0 1 0 1 1 0 0 1 0 1 1 0 0 1 0 1 1 0 0 1 0 1 1 0 0 1 0 1 1 0 0 1 0 1 1 0 0 1 0 1 1 0 0 1 0 1 1 0 0 1 0 1 1 0 0 1 0 1 1 0 0 1 0 1 1 0 0 1 0 1 1 0 0 1 0 1 1 0 0 1 0 1 1 0 0 1 0 1 1 0 0 1 0 1 1 0 0 1 0 1 1 0 0 1 0 1 1 0 0 1 0 1 1 0 0 1 0 1 1 0 0 1 0 1 1 0 0 1 0 1 1 0 0 1 0 1 1 0 0 1 0 1 1 0 0 1 0 1 1 0 0 1 0 1 1 0 0 1 0 1 1 0 0 1 0 1 1 0 0 1 0 1 1 0 0 1 0 1 1 0 0 1 0 1 1 0 0 1 0 1 1 0 0 1 0 1 1 0 0 1 0 1 1 0 0 1 0 1 1 0 0 1 0 1 1 0 0 1 0 1 1 0 0 1 0 1 1 0 0 1 0 1 1 0 0 1 0 1 1 0 0 1 0 1 1 0 0 1 0 1 1 0 0 1 0 1 1 0 0 1 0 1 1 0 0 1 0 1 1 0 0 1 0 1 1 0 0 1 0 1 1 0 0 1 0 1 1 0 0 1 0 1 1 0 0 1 0 1 1 0 0 1 0 1 1 0 0 1 0 1 1 0 0 1 0 1 1 0 0 1 0 1 1 0 0 1 0 1 1 0 0 1 0 1 1 0 0 1 0 1 1 0 0 1 0 1 1 0 0 1 0 1 1 0 0 1 0 1 1 0 0 1 0 1 1 0 0 1 0 1 1 0 0 1 0 1 1 0 0 1 0 1 1 0 0 1 0 1 1 0 0 1 0 1 1 0 0 1 0 1 1 0 0 1 0 1 1 0 0 1 0 1 1 0 0 1 0 1 1 0 0 1 0 1 1 0 0 1 0 1 1 0 0 1 0 1 1 0 0 1 0 1 1 0 0 1 0 1 1 0 0 1 0 1 1 0 0 1 0 1 1 0 0 1 0 1 1 0 0 1 0 1 1 0 0 1 0 1 1 0 0 1 0 1 1 0 0 1 0 1 1 0 0 1 0 1 1 0 0 1 0 1 1 0 0 1 0 1 1 0 0 1 0 1 1 0 0 1 0 1 1 0 0 1 0 1 1 0 0 1 0 1 1 0 0 1 0 1 1 0 0 1 0 1 1 0 0 1 0 1 1 0 0 1 0 1 1 0 0 1 0 1 1 0 0 1 0 1 1 0 0 1 0 1 1 0 0 1 0 1 1 0 0 1 0 1 1 0 0 1 0 1 1 0 0 1 0 1 1 0 0 1 0 1 1 0 0 1 0 1 1 0 0 1 0 1 1 0 0 1 0 1 1 0 0 1 0 1 1 0 0 1 0 1 1 0 0 1 0 1 1 0 0 1 0 1 1 0 0 1 0 1 1 0 0 1 0 1 1 0 0 1 0 1 1 0 0 1 0 1 1 0 0 1 0 1 1 0 0 1 0 1 1 0 0 1 0 1 1 0 0 1 0 1 1 0 0 1 0 1 1 0 0 1 0 1 1 0 0 1 0 1 1 0 0 1 0 1 1 0 0 1 0 1 1 0 0 1 0 1 1 0 0 1 0 1 1 0 0 1 0 1 1 0 0 1 0 1 1 0 0 1 0 1 1 0 0 1 0 1 1 0 0 1 0 1 1 0 0 1 0 1 1 0 0 1 0 1 1 0 0 1 0 1 1 0 0 1 0 1 1 0 0 1 0 1 1 0 0 1 0 1 1 0 0 1 0 1 1 0 0 1 0 1 1 0 0 1 0 1 1 0 0 1 0 1 1 0 0 1 0 1 1 0 0 1 0 1 1 0 0 1 0 1 1 0 0 1 0 1 1 0 0 1 0 1 1 0 0 1 0 1 1 0 0 1 0 1 1 0 0 1 0 1 1 0 0 1 0 1 1 0 0 1 0 1 1 0 0 1 0 1 1 0 0 1 0 1 1 0 0 1 0 1 1 0 0 1 0 1 1 0 0 1 0 1 1 0 0 1 0 1 1 0 0 1 0 1 1 0 0 1 0 1 1 0 0 1 0 1 1 0 0 1 0 1 1 0 0 1 0 1 1 0 0 1 0 1 1 0 0 1 0 1 1 0 0 1 0 1 1 0 0 1 0 1 1 0 0 1 0 1 1 0 0 1 0 1 1 0 0 1 0 1 1 0 0 1 0 1 1 0 0 1 0 1 1 0 0 1 0 1 1 0 0 1 0 1 1 0 0 1 0 1 1 0 0 1 0 1 1 0 0 1 0 1 1 0 0 1 0 1 1 0 0 1 0 1 1 0 0 1 0 1 1 0 0 1 0 1 1 0 0 1 0 1 1 0 0 1 0 1 1 0 0 1 0 1 1 0 0 1 0 1 1 0 0 1 0 1 1 0 0 1 0 1 1 0 0 1 0 1 1 0 0 1 0 1 1 0 0 1 0 1 1 0 0 1 0 1 1 0 0 1 0 1 1 0 0 1 0 1 1 0 0 1 0 1 1 0 0 1 0 1 1 0 0 1 0 1 1 0 0 1 0 1 1 0 0 1 0 1 1 0 0 1 0 1 1 0 0 1 0 1 1 0 0 1 0 1 1 0 0 1 0 1 1 0 0 1 0 1 1 0 0 1 0 1 1 0 0 1 0 1 1 0 0 1 0 1 1 0 0 1 0 1 1 0 0 1 0 1 1 0 0 1 0 1 1 0 0 1 0 1 1 0 0 1 0 1 1 0 0 1 0 1 1 0 0 1 0 1 1 0 0 1 0 1 1 0 0 1 0 1 1 0 0 1 0 1 1 0 0 1 0 1 1 0 0 1 0 1 1 0 0 1 0 1 1 0 0 1 0 1 1 0 0 1 0 1 1 0 0 1 0 1 1 0 0 1 0 1 1 0 0 1 0 1 1 0 0 1 0 1 1 0 0 1 0 1 1 0 0 1 0 1 1 0 0 1 0 1 1 0 0 1 0 1 1 0 0 1 0 1 1 0 0 1 0 1 1 0 0 1 0 1 1 0 0 1 0 1 1 0 0 1 0 1 1 0 0 1 0 1 1 0 0 1 0 1 1 0 0 1 0 1 1 0 0 1 0 1 1 0 0 1 0 1 1 0 0 1 0 1 1 0 0 1 0 1 1 0 0 1 0 1 1 0 0 1 0 1 1 0 0 1 0 1 1 0 0 1 0 1 1 0 0 1 0 1 1 0 0 1 0 1 1 0 0 1 0 1 1 0 0 1 0 1 1 0 0 1 0 1 1 0 0 1 0 1 1 0 0 1 0 1 1 0 0 1 0 1 1 0 0 1 0 1 1 0 0 1 0 1 1 0 0 1 0 1 1 0 0 1 0 1 1 0 0 1 0 1 1 0 0 1 0 1 1 0 0 1 0 1 1 0 0 1 0 1 1 0 0 1 0 1 1 0 0 1 0 1 1 0 0 1 0 1 1 0 0 1 0 1 1 0 0 1 0 1 1 0 0 1 0 1 1 0 0 1 0 1 1 0 0 1 0 1 1 0 0 1 0 1 1 0 0 1 0 1 1 0 0 1 0 1 1 0 0 1 0 1 1 0 0 1 0 1 1 0 0 1 0 1 1 0 0 1 0 1 1 0 0 1 0 1 1 0 0 1 0 1 1 0 0 1 0 1 1 0 0 1 0 1 1 0 0 1 0 1 1 0 0 1 0 1 1 0 0 1 0 1 1 0 0 1 0 1 1 0 0 1 0 1 1 0 0 1 0 1 1 0 0 1 0 1 1 0 0 1 0 1 1 0 0 1 0 1 1 0 0 1 0 1 1 0 0 1 0 1 1 0 0 1 0 1 1 0 0 1 0 1 1 0 0 1 0 1 1 0 0 1 0 1 1 0 0 1 0 1 1 0 0 1 0 1 1 0 0 1 0 1 1 0 0 1 0 1 1 0 0 1 0 1 1 0 0 1 0 1 1 0 0 1 0 1 1 0 0 1 0 1 1 0 0 1 0 1 1 0 0 1 0 1 1 0 0 1 0 1 1 0 0 1 0 1 1 0 0 1 0 1 1 0 0 1 0 1 1 0 0 1 0 1 1 0 0 1 0 1 1 0 0 1 0 1 1 0 0 1 0 1 1 0 0 1 0 1 1 0 0 1 0 1 1 0 0 1 0 1 1 0 0 1 0 1 1 0 0 1 0 1 1 0 0 1 0 1 1 0 0 1 0 1 1 0 0 1 0 1 1 0 0 1 0 1 1 0 0 1 0 1 1 0 0 1 0 1 1 0 0 1 0 1 1 0 0 1 0 1 1 0 0 1 0 1 1 0 0 1 0 1 1 0 0 1 0 1 1 0 0 1 0 1 1 0 0 1 0 1 1 0 0 1 0 1 1 0 0 1 0 1 1 0 0 1 0 1 1 0 0 1 0 1 1 0 0 1 0 1 1 0 0 1 0 1 1 0 0 1 0 1 1 0 0 1 0 1 1 0 0 1 0 1 1 0 0 1 0 1 1 0 0 1 0 1 1 0 0 1 0 1 1 0 0 1 0 1 1 0 0 1 0 1 1 0 0 1 0 1 1 0 0 1 0 1 1 0 0 1 0 1 1 0 0 1 0 1 1 0 0 1 0 1 1 0 0 1 0 1 1 0 0 1 0 1 1 0 0 1 0 1 1 0 0 1 0 1 1 0 0 1 0 1 1 0 0 1 0 1 1 0 0 1 0 1 1 0 0 1 0 1 1 0 0 1 0 1 1 0 0 1 0 1 1 0 0 1 0 1 1 0 0 1 0 1 1 0 0 1 0 1 1 0 0 1 0 1 1 0 0 1 0 1 1 0 0 1 0 1 1 0 0 1 0 1 1 0 0 1 0 1 1 0 0 1 0 1 1 0 0 1 0 1 1 0 0 1 0 1 1 0 0 1 0 1 1 0 0 1 0 1 1 0 0 1 0 1 1 0 0 1 0 1 1 0 0 1 0 1 1 0 0 1 0 1 1 0 0 1 0 1 1 0 0 1 0 1 1 0 0 1 0 1 1 0 0 1 0 1 1 0 0 1 0 1 1 0 0 1 0 1 1 0 0 1 0 1 1 0 0 1 0 1 1 0 0 1 0 1 1 0 0 1 0 1 1 0 0 1 0 1 1 0 0 1 0 1 1 0 0 1 0 1 1 0 0 1 0 1 1 0 0 1 0 1 1 0 0 1 0 1 1 0 0 1 0 1 1 0 0 1 0 1 1 0 0 1 0 1 1 0 0 1 0 1 1 0 0 1 0 1 1 0 0 1 0 1 1 0 0 1 0 1 1 0 0 1 0 1 1 0 0 1 0 1 1 0 0 1 0 1 1 0 0 1 0 1 1 0 0 1 0 1 1 0 0 1 0 1 1 0 0 1 0 1 1 0 0 1 0 1 1 0 0 1 0 1 1 0 0 1 0 1 1 0 0 1 0 1 1 0 0 1 0 1 1 0 0 1 0 1 1 0 0 1 0 1 1 0 0 1 0 1 1 0 0 1 0 1 1 0 0 1 0 1 1 0 0 1 0 1 1 0 0 1 0 1 1 0 0 1 0 1 1 0 0 1 0 1 1 0 0 1 0 1 1 0 0 1 0 1 1 0 0 1 0 1 1 0 0 1 0 1 1 0 0 1 0 1 1 0 0 1 0 1 1 0 0 1 0 1 1 0 0 1 0 1 1 0 0 1 0 1 1 0 0 1 0 1 1 0 0 1 0 1 1 0 0 1 0 1 1 0 0 1 0 1 1 0 0 1 0 1 1 0 0 1 0 1 1 0 0 1 0 1 1 0 0 1 0 1 1 0 0 1 0 1 1 0 0 1 0 1 1 0 0 1 0 1 1 0 0 1 0 1 1 0 0 1 0 1 1 0 0 1 0 1 1 0 0 1 0 1 1 0 0 1 0 1 1 0 0 1 0 1 1 0 0 1 0 1 1 0 0 1 0 1 1 0 0 1 0 1 1 0 0 1 0 1 1 0 0 1 0 1 1 0 0 1 0 1 1 0 0 1 0 1 1 0 0 1 0 1 1 0 0 1 0 1 1 0 0 1 0 1 1 0 0 1 0 1 1 0 0 1 0 1 1 0 0 1 0 1 1 0 0 1 0 1 1 0 0 1 0 1 1 0 0 1 0 1 1 0 0 1 0 1 1 0 0 1 0 1 1 0 0 1 0 1 1 0 0 1 0 1 1 0 0 1 0 1 1 0 0 1 0 1 1 0 0 1 0 1 1 0 0 1 0 1 1 0 0 1 0 1 1 0 0 1 0 1 1 0 0 1 0 1 1 0 0 1 0 1 1 0 0 1 0 1 1 0 0 1 0 1 1 0 0 1 0 1 1 0 0 1 0 1 1 0 0 1 0 1 1 0 0 1 0 1 1 0 0 1 0 1 1 0 0 1 0 1 1 0 0 1 0 1 1 0 0 1 0 1 1 0 0 1 0 1 1 0 0 1 0 1 1 0 0 1 0 1 1 0 0 1 0 1 1 0 0 1 0 1 1 0 0 1 0 1 1 0 0 1 0 1 1 0 0 1 0 1 1 0 0 1 0 1 1 0 0 1 0 1 1 0 0 1 0 1 1 0 0 1 0 1 1 0 0 1 0 1 1 0 0 1 0 1 1 0 0 1 0 1 1 0 0 1 0 1 1 0 0 1 0 1 1 0 0 1 0 1 1 0 0 1 0 1 1 0 0 1 0 1 1 0 0 1 0 1 1 0 0 1 0 1 1 0 0 1 0 1 1 0 0 1 0 1 1 0 0 1 0 1 1 0 0 0 0 0 0 0 0 0 0 0 0 0 0 0 0 0 0 0 0 0 0 0 0 0 0 0 0 0 0 0 0 0 0 0 0 0 0 0 0 0 0 0 0 0 0 0 0 0 0 0 0 0 0 0 0 0 0 0 0 0 0 0 0 0 0 0 0 0 0 0 0 0 0 0 0 0 0 0 0 0 0 0 0 0 0 0 0 0 0 0 0 0 0 0 0 0 0 0 0 0 0 0 0 0 0 0 0 0 0 0 0 0 0 0 0 0 0 0 0 0 0 0 0 0 0 0 0 0 0 0 0 0 0 0 0 0 0 0 0 0 0 0 0 0 0 0 0 0 0 0 0 0 0 0 0 0 0 0 0 0 0 0 0 0 0 0 0 0 0 0 0 0 0 0 0 0 0 0 0 0 0 0 0 0 0 0 0 0 0 0 0 0 0 0 0 0 0 0 0 0 0 0 0 0 0 0 0 0 0 0 0 0 0 0 0 0 0 0 0 0 0 0 0 0 0 0 0 0 0 0 0 0 0 0 0 0 0 0 0 0 0 0 0 0 0 0 0 0 0 0 0 0 0 0 0 0 0 0 0 0 0 0 0 0 0 0 0 0 0 0 0 0 0 0 0 0 0 0 0 0 0 0 0 0 0 0 0 0 0 0 0 0 0 0 0 0 0 0 0 0 0 0 0 0 0 0 0 0 0 0 0 0 0 0 0 0 0 0 0 0 0 0 0 0 0 0 0 0 0 0 0 0 0 0 0 0 0 0 0 0 0 0 0 0 0 0 0 0 0 0 0 0 0 0 0 0 0 0 0 0 0 0 0 0 0 0 0 0 0 0 0 0 0 0 0 0 0 0 0 0 0 0 0 0 0 0 0 0 0 0 0 0 0 0 0 0 0 0 0 0 0 0 0 0 0 0 0 0 0 0 0 0 0 0 0 0 0 0 0 0 0 0 0 0 0 0 0 0 0 0 0 0 0 0 0 0 0 0 0 0 0 0 0 0 0 0 0 0 0 0 0 0 0 0 0 0 0 0 0 0 0 0 0 0 0 0 0 0 0 0 0 0 0 0 0 0 0 0 0 0 0 0 0 0 0 0 0 0 0 0 0 0 0 0 0 0 0 0 0 0 0 0 0 0 0 0 0 0 0 0 0 0 0 0 0 0 0 0 0 0 0 0 0 0 0 0 0 0 0 0 0 0 0 0 0 0 0 0 0 0 0 0 0 0 0 0 0 0 0 0 0 0 0 0 0 0 0 0 0 0 0 0 0 0 0 0 0 0 0 0 0 0 0 0 0 0 0 0 0 0 0 0 0 0 0 0 0 0 0 0 0 0 0 0 0 0 0 0 0 0 0 0 0 0 0 0 0 0 0 0 0 0 0 0 0 0 0 0 0 0 0 0 0 0 0 0 0 0 0 0 0 0 0 0 0 0 0 0 0 0 0 0 0 0 0 0 0 0 0 0 0 0 0 0 0 0 0 0 0 0 0 0 0 0 0 0 0 0 0 0 0 0 0 0 0 0 0 0 0 0 0 0 0 0 0 0 0 0 0 0 0 0 0 0 0 0 0 0 0 0 0 0 0 0 0 0 0 0 0 0 0 0 0 0 0 0 0 0 0 0 0 0 0 0 0 0 0 0 0 0 0 0 0 0 0 0 0 0 0 0 0 0 0 0 0 0 0 0 0 0 0 0 0 0 0 0 0 0 0 0 0 0 0 0 0 0 0 0 0 0 0 0 0 0 0 0 0 0 0 0 0 0 0 0 0 0 0 0 0 0 0 0 0 0 0 0 0 0 0 0 0 0 0 0 0 0 0 0 0 0 0 0 0 0 0 0 0 0 0 0 0 0 0 0 0 0 0 0 0 0 0 0 0 0 0 0 0 0 0 0 0 0 0 0 0 0 0 0 0 0 0 0 0 0 0 0 0 0 0 0 0 0 0 0 0 0 0 0 0 0 0 0 0 0 0 0 0 0 0 0 0 0 0 0 0 0 0 0 0 0 0 0 0 0 0 0 0 0 0 0 0 0 0 0 0 0 0 0 0 0 0 0 0 0 0 0 0 0 0 0 0 0 0 0 0 0 0 0 0 0 0 0 0 0 0 0 0 0 0 0 0 0 0 0 0 0 0 0 0 0 0 0 0 0 0 0 0 0 0 0 0 0 0 0 0 0 0 0 0 0 0 0 0 0 0 0 0 0 0 0 0 0 0 0 0 0 0 0 0 0 0 0 0 0 0 0 0 0 0 0 0 0 0 0 0 0 0 0 0 0 0 0 0 0 0 0 0 0 0 0 0 0 0 0 0 0 0 0 0 0 0 0 0 0 0 0 0 0 0 0 0 0 0 0 0 0 0 0 0 0 0 0 0 0 0 0 0 0 0 0 0 0 0 0 0 0 0 0 0 0 0 0 0 0 0 0 0 0 0 0 0 0 0 0 0 0 0 0 0 0 0 0 0 0 0 0 0 0 0 0 0 0 0 0 0 0 0 0 0 0 0 0 0 0 0 0 0 0 0 0 0 0 0 0 0 0 0 0 0 0 0 0 0 0 0 0 0 0 0 0 0 0 0 0 0 0 0 0 0 0 0 0 0 0 0 0 0 0 0 0 0 0 0 0 0 0 0 0 0 0 0 0 0 0 0 0 0 0 0 0 0 0 0 0 0 0 0 0 0 0 0 0 0 0 0 0 0 0 0 0 0 0 0 0 0 0 0 0 0 0 0 0 0 0 0 0 0 0 0 0 0 0 0 0 0 0 0 0 0 0 0 0 0 0 0 0 0 0 0 0 0 0 0 0 0 0 0 0 0 0 0 0 0 0 0 0 0 0 0 0 0 0 0 0 0 0 0 0 0 0 0 0 0 0 0 0 0 0 0 0 0 0 0 0 0 0 0 0 0 0 0 0 0 0 0 0 0 0 0 0 0 0 0 0 0 0 0 0 0 0 0 0 0 0 0 0 0 0 0 0 0 0 0 0 0 0 0 0 0 0 0 0 0 0 0 0 0 0 0 0 0 0 0 0 0 0 0 0 0 0 0 0 0 0 0 0 0 0 0 0 0 0 0 0 0 0 0 0 0 0 0 0 0 0 0 0 0 0 0 0 0 0 0 0 0 0 0 0 0 0 0 0 0 0 0 0 0 0 0 0 0 0 0 0 0 0 0 0 0 0 0 0 0 0 0 0 0 0 0 0 0 0 0 0 0 0 0 0 0 0 0 0 0 0 0 0 0 0 0 0 0 0 0 0 0 0 0 0 0 0 0 0 0 0 0 0 0 0 0 0 0 0 0 0 0 0 0 0 0 0 0 0 0 0 0 0 0 0 0 0 0 0 0 0 0 0 0 0 0 0 0 0 0 0 0 0 0 0 0 0 0 0 0 0 0 0 0 0 0 0 0 0 0 0 0 0 0 0 0 0 0 0 0 0 0 0 0 0 0 0 0 0 0 0 0 0 0 0 0 0 0 0 0 0 0 0 0 0 0 0 0 0 0 0 0 0 0 0 0 0 0 0 0 0 0 0 0 0 0 0 0 0 0 0 0 0 0 0 0 0 0 0 0 0 0 0 0 0 0 0 0 0 0 0 0 0 0 0 0 0 0 0 0 0 0 0 0 0 0 0 0 0 0 0 0 0 0 0 0 0 0 0 0 0 0 0 0 0 0 0 0 0 0 0 0 0 0 0 0 0 0 0 0 0 0 0 0 0 0 0 0 0 0 0 0 0 0 0 0 0 0 0 0 0 0 0 0 0 0 0 0 0 0 0 0 0 0 0 0 0 0 0 0 0 0 0 0 0 0 0 0 0 0 0 0 0 0 0 0 0 0 0 0 0 0 0 0 0 0 0 0 0 0 0 0 0 0 0 0 0 0 0 0 0 0 0 0 0 0 0 0 0 0 0 0 0 0 0 0 0 0 0 0 0 0 0 0 0 0 0 0 0 0 0 0 0 0 0 0 0 0 0 0 0 0 0 0 0 0 0 0 0 0 0 0 0 0 0 0 0 0 0 0 0 0 0 0 0 0 0 0 0 0 0 0 0 0 0 0 0 0 0 0 0 0 0 0 0 0 0 0 0 0 0 0 0 0 0 0 0 0 0 0 0 0 0 0 0 0 0 0 0 0 0 0 0 0 0 0 0 0 0 0 0 0 0 0 0 0 0 0 0 0 0 0 0 0 0 0 0 0 0 0 0 0 0 0 0 0 0 0 0 0 0 0 0 0 0 0 0 0 0 0 0 0 0 0 0 0 0 0 0 0 0 0 0 0 0 0 0 0 0 0 0 0 0 0 0 0 0 0 0 0 0 0 0 0 0 0 0 0 0 0 0 0 0 0 0 0 0 0 0 0 0 0 0 0 0 0 0 0 0 0 0 0 0 0 0 0 0 0 0 0 0 0 0 0 0 0 0 0 0 0 0 0 0 0 0 0 0 0 0 0 0 0 0 0 0 0 0 0 0 0 0 0 0 0 0 0 0 0 0 0 0 0 0 0 0 0 0 0 0 0 0 0 0 0 0 0 0 0 0 0 0 0 0 0 0 0 0 0 0 0 0 0 0 0 0 0 0 0 0 0 0 0 0 0 0 0 0 0 0 0 0 0 0 0 0 0 0 0 0 0 0 0 0 0 0 0 0 0 0 0 0 0 0 0 0 0 0 0 0 0 0 0 0 0 0 0 0 0 0 0 0 0 0 0 0 0 0 0 0 0 0 0 0 0 0 0 0 0 0 0 0 0 0 0 0 0 0 0 0 0 0 0 0 0 0 0 0 0 0 0 0 0 0 0 0 0 0 0 0 0 0 0 0 0 0 0 0 0 0 0 0 0 0 0 0 0 0 0 0 0 0 0 0 0 0 0 0 0 0 0 0 0 0 0 0 0 0 0 0 0 0 0 0 0 0 0 0 0 0 0 0 0 0 0 0 0 0 0 0 0 0 0 0 0 0 0 0 0 0 0 0 0 0 0 0 0 0 0 0 0 0 0 0 0 0 0 0 0 0 0 0 0 0 0 0 0 0 0 0 0 0 0 0 0 0 0 0 0 0 0 0 0 0 0 0 0 0 0 0 0 0 0 0 0 0 0 0 0 0 0 0 0 0 0 0 0 0 0 0 0 0 0 0 0 0 0 0 0 0 0 0 0 0 0 0 0 0 0 0 0 0 0 0 0 0 0 0 0 0 0 0 0 0 0 0 0 0 0 0 0 0 0 0 0 0 0 0 0 0 0 0 0 0 0 0 0 0 0 0 0 0 0 0 0 0 0 0 0 0 0 0 0 0 0 0 0 0 0 0 0 0 0 0 0 0 0 0 0 0 0 0 0 0 0 0 0 0 0 0 0 0 0 0 0 0 0 0 0 0 0 0 0 0 0 0 0 0 0 0 0 0 0 0 0 0 0 0 0 0 0 0 0 0 0 0 0 0 0 0 0 0 0 0 0 0 0 0 0 0 0 0 0 0 0 0 0 0 0 0 0 0 0 0 0 0 0 0 0 0 0 0 0 0 0 0 0 0 0 0 0 0 0 0 0 0 0 0 0 0 0 0 0 0 0 0 0 0 0 0 0 0 0 0 0 0 0 0 0 0 0 0 0 0 0 0 0 0 0 0 0 0 0 0 0 0 0 0 0 0 0 0 0 0 0 0 0 0 0 0 0 0 0 0 0 0 0 0 0 0 0 0 0 0 0 0 0 0 0 0 0 0 0 0 0 0 0 0 0 0 0 0 0 0 0 0 0 0 0 0 0 0 0 0 0 0 0 0 0 0 0 0 0 0 0 0 0 0 0 0 0 0 0 0 0 0 0 0 0 0 0 0 0 0 0 0 0 0 0 0 0 0 0 0 0 0 0 0 0 0 0 0 0 0 0 0 0 0 0 0 0 0 0 0 0 0 0 0 0 0 0 0 0 0 0 0 0 0 0 0 0 0 0 0 0 0 0 0 0 0 0 0 0 0 0 0 0 0 0 0 0 0 0 0 0 0 0 0 0 0 0 0 0 0 0 0 0 0 0 0 0 0 0 0 0 0 0 0 0 0 0 0 0 0 0 0 0 0 0 0 0 0 0 0 0 0 0 0 0 0 0 0 0 0 0 0 0 0 0 0 0 0 0 0 0 0 0 0 0 0 0 0 0 0 0 0 0 0 0 0 0 0 0 0 0 0 0 0 0 0 0 0 0 0 0 0 0 0 0 0 0 0 0 0 0 0 0 0 0 0 0 0 0 0 0 0 0 0 0 0 0 0 0 0 0 0 0 0 0 0 0 0 0 0 0 0 0 0 0 0 0 0 0 0 0 0 0 0 0 0 0 0 0 0 0 0 0 0 0 0 0 0 0 0 0 0 0 0 0 0 0 0 0 0 0 0 0 0 0 0 0 0 0 0 0 0 0 0 0 0 0 0 0 0 0 0 0 0 0 0 0 0 0 0 0 0 0 0 0 0 0 0 0 0 0 0 0 0 0 0 0 0 0 0 0 0 0 0 0 0 0 0 0 0 0 0 0 0 0 0 0 0 0 0 0 0 0 0 0 0 0 0 0 0 0 0 0 0 0 0 0 0 0 0 0 0 0 0 0 0 0 0 0 0 0 0 0 0 0 0 0 0 0 0 0 0 0 0 0 0 0 0 0 0 0 0 0 0 0 0 0 0 0 0 0 0 0 0 0 0 0 0 0 0 0 0 0 0 0 0 0 0 0 0 0 0 0 0 0 0 0 0 0 0 0 0 0 0 0 0 0 0 0 0 0 0 0 0 0 0 0 0 0 0 0 0 0 0 0 0 0 0 0 0 0 0 0 0 0 0 0 0 0 0 0 0 0 0 0 0 0 0 0 0 0 0 0 0 0 0 0 0 0 0 0 0 0 0 0 0 0 0 0 0 0 0 0 0 0 0 0 0 0 0 0 0 0 0 0 0 0 0 0 0 0 0 0 0 0 0 0 0 0 0 0 0 0 0 0 0 0 0 0 0 0 0 0 0 0 0 0 0 0 0 0 0 0 0 0 0 0 0 0 0 0 0 0 0 0 0 0 0 0 0 0 0 0 0 0 0 0 0 0 0 0 0 0 0 0 0 0 0 0 0 0 0 0 0 0 0 0 0 0 0 0 0 0 0 0 0 0 0 0 0 0 0 0 0 0 0 0 0 0 0 0 0 0 0 0 0 0 0 0 0 0 0 0 0 0 0 0 0 0 0 0 0 0 0 0 0 0 0 0 0 0 0 0 0 0 0 0 0 0 0 0 0 0 0 0 0 0 0 0 0 0 0 0 0 0 0 0 0 0 0 0 0 0 0 0 0 0 0 0 0 0 0 0 0 0 0 0 0 0 0 0 0 0 0 0 0 0 0 0 0 0 0 0 0 0 0 0 0 0 0 0 0 0 0 0 0 0 0 0 0 0 0 0 0 0 0 0 0 0 0 0 0 0 0 0 0 0 0 0 0 0 0 0 0 0 0 0 0 0 0 0 0 0 0 0 0 0 0 0 0 0 0 0 0 0 0 0 0 0 0 0 0 0 0 0 0 0 0 0 0 0 0 0 0 0 0 0 0 0 0 0 0 0 0 0 0 0 0 0 0 0 0 0 0 0 0 0 0 0 0 0 0 0 0 0 0 0 0 0 0 0 0 0 0 0 0 0 0 0 0 0 0 0 0 0 0 0 0 0 0 0 0 0 0 0 0 0 0 0 0 0 0 0 0 0 0 0 0 0 0 0 0 0 0 0 0 0 0 0 0 0 0 0 0 0 0 0 0 0 0 0 0 0 0 0 0 0 0 0 0 0 0 0 0 0 0 0 0 0 0 0 0 0 0 0 0 0 0 0 0 0 0 0 0 0 0 0 0 0 0 0 0 0 0 0 0 0 0 0 0 0 0 0 0 0 0 0 0 0 0 0 0 0 0 0 0 0 0 0 0 0 0 0 0 0 0 0 0 0 0 0 0 0 0 0 0 0 0 0 0 0 0 0 0 0 0 0 0 0 0 0 0 0 0 0 0 0 0 0 0 0 0 0 0 0 0 0 0 0 0 0 0 0 0 0 0 0 0 0 0 0 0 0 0 0 0 0 0 0 0 0 0 0 0 0 0 0 0 0 0 0 0 0 0 0 0 0 0 0 0 0 0 0 0 0 0 0 0 0 0 0 0 0 0 0 0 0 0 0 0 0 0 0 0 0 0 0 0 0 0 0 0 0 0 0 0 0 0 0 0 0 0 0 0 0 0 0 0 0 0 0 0 0 0 0 0 0 0 0 0 0 0 0 0 0 0 0 0 0 0 0 0 0 0 0 0 0 0 0 0 0 0 0 0 0 0 0 0 0 0 0 0 0 0 0 0 0 0 0 0 0 0 0 0 0 0 0 0 0 0 0 0 0 0 0 0 0 0 0 0 0 0 0 0 0 0 0 0 0 0 0 0 0 0 0 0 0 0 0 0 0 0 0 0 0 0 0 0 0 0 0 0 0 0 0 0 0 0 0 0 0 0 0 0 0 0 0 0 0 0 0 0 0 0 0 0 0 0 0 0 0 0 0 0 0 0 0 0 0 0 0 0 0 0 0 0 0 0 0 0 0 0 0 0 0 0 0 0 0 0 0 0 0 0 0 0 0 0 0 0 0 0 0 0 0 0 0 0 0 0 0 0 0 0 0 0 0 0 0 0 0 0 0 0 0 0 0 0 0 0 0 0 0 0 0 0 0 0 0 0 0 0 0 0 0 0 0 0 0 0 0 0 0 0 0 0 0 0 0 0 0 0 0 0 0 0 0 0 0 0 0 0 0 0 0 0 0 0 0 0 0 0 0 0 0 0 0 0 0 0 0 0 0 0 0 0 0 0 0 0 0 0 0 0 0 0 0 0 0 0 0 0 0 0 0 0 0 0 0 0 0 0 0 0 0 0 0 0 0 0 0 0 0 0 0 0 0 0 0 0 0 0 0 0 0 0 0 0 0 0 0 0 0 0 0 0 0 0 0 0 0 0 0 0 0 0 0 0 0 0 0 0 0 0 0 0 0 0 0 0 0 0 0 0 0 0 0 0 0 0 0 0 0 0 0 0 0 0 0 0 0 0 0 0 0 0 0 0 0 0 0 0 0 0 0 0 0 0 0 0 0 0 0 0 0 0 0 0 0 0 0 0 0 0 0 0 0 0 0 0 0 0 0 0 0 0 0 0 0 0 0 0 0 0 0 0 0 0 0 0 0 0 0 0 0 0 0 0 0 0 0 0 0 0 0 0 0 0 0 0 0 0 0 0 0 0 0 0 0 0 0 0 0 0 0 0 0 0 0 0 0 0 0 0 0 0 0 0 0 0 0 0 0 0 0 0 0 0 0 0 0 0 0 0 0 0 0 0 0 0 0 0 0 0 0 0 0 0 0 0 0 0 0 0 0 0 0 0 0 0 0 0 0 0 0 0 0 0 0 0 0 0 0 0 0 0 0 0 0 0 0 0 0 0 0 0 0 0 0 0 0 0 0 0 0 0 0 0 0 0 0 0 0 0 0 0 0 0 0 0 0 0 0 0 0 0 0 0 0 0 0 0 0 0 0 0 0 0 0 0 0 0 0 0 0 0 0 0 0 0 0 0 0 0 0 0 0 0 0 0 0 0 0 0 0 0 0 0 0 0 0 0 0 0 0 0 0 0 0 0 0 0 0 0 0 0 0 0 0 0 0 0 0 0 0 0 0 0 0 0 0 0 0 0 0 0 0 0 0 0 0 0 0 0 0 0 0 0 0 0 0 0 0 0 0 0 0 0 0 0 0 0 0 0 0 0 0 0 0 0 0 0 0 0 0 0 0 0 0 0 0 0 0 0 0 0 0 0 0 0 0 0 0 0 0 0 0 0 0 0 0 0 0 0 0 0 0 0 0 0 0 0 0 0 0 0 0 0 0 0 0 0 0 0 0 0 0 0 0 0 0 0 0 0 0 0 0 0 0 0 0 0 0 0 0 0 0 0 0 0 0 0 0 0 0 0 0 0 0 0 0 0 0 0 0 0 0 0 0 0 0 0 0 0 0 0 0 0 0 0 0 0 0 0 0 0 0 0 0 0 0 0 0 0 0 0 0 0 0 0 0 0 0 0 0 0 0 0 0 0 0 0 0 0 0 0 0 0 0 0 0 0 0 0 0 0 0 0 0 0 0 0 0 0 0 0 0 0 0 0 0 0 0 0 0 0 0 0 0 0 0 0 0 0 0 0 0 0 0 0 0 0 0 0 0 0 0 0 0 0 0 0 0 0 0 0 0 0 0 0 0 0 0 0 0 0 0 0 0 0 0 0 0 0 0 0 0 0 0 0 0 0 0 0 0 0 0 0 0 0 0 0 0 0 0 0 0 0 0 0 0 0 0 0 0 0 0 0 0 0 0 0 0 0 0 0 0 0 0 0 0 0 0 0 0 0 0 0 0 0 0 0 0 0 0 0 0 0 0 0 0 0 0 0 0 0 0 0 0 0 0 0 0 0 0 0 0 0 0 0 0 0 0 0 0 0 0 0 0 0 0 0 0 0 0 0 0 0 0 0 0 0 0 0 0 0 0 0 0 0 0 0 0 0 0 0 0 0 0 0 0 0 0 0 0 0 0 0 0 0 0 0 0 0 0 0 0 0 0 0 0 0 0 0 0 0 0 0 0 0 0 0 0 0 0 0 0 0 0 0 0 0 0 0 0 0 0 0 0 0 0 0 0 0 0 0 0 0 0 0 0 0 0 0 0 0 0 0 0 0 0 0 0 0 0 0 0 0 0 0 0 0 0 0 0 0 0 0 0 0 0 0 0 0 0 0 0 0 0 0 0 0 0 0 0 0 0 0 0 0 0 0 0 0 0 0 0 0 0 0 0 0 0 0 0 0 0 0 0 0 0 0 0 0 0 0 0 0 0 0 0 0 0 0 0 0 0 0 0 0 0 0 0 0 0 0 0 0 0 0 0 0 0 0 0 0 0 0 0 0 0 0 0 0 0 0 0 0 0 0 0 0 0 0 0 0 0 0 0 0 0 0 0 0 0 0 0 0 0 0 0 0 0 0 0 0 0 0 0 0 0 0 0 0 0 0 0 0 0 0 0 0 0 0 0 0 0 0 0 0 0 0 0 0 0 0 0 0 0 0 0 0 0 0 0 0 0 0 0 0 0 0 0 0 0 0 0 0 0 0 0 0 0 0 0 0 0 0 0 0 0 0 0 0 0 0 0 0 0 0 0 0 0 0 0 0 0 0 0 0 0 0 0 0 0 0 0 0 0 0 0 0 0 0 0 0 0 0 0 0 0 0 0 0 0 0 0 0 0 0 0 0 0 0 0 0 0 0 0 0 0 0 0 0 0 0 0 0 0 0 0 0 0 0 0 0 0 0 0 0 0 0 0 0 0 0 0 0 0 0 0 0 0 0 0 0 0 0 0 0 0 0 0 0 0 0 0 0 0 0 0 0 0 0 0 0 0 0 0 0 0 0 0 0 0 0 0 0 0 0 0 0 0 0 0 0 0 0 0 0 0 0 0 0 0 0 0 0 0 0 0 0 0 0 0 0 0 0 0 0 0 0 0 0 0 0 0 0 0 0 0 0 0 0 0 0 0 0 0 0 0 0 0 0 0 0 0 0 0 0 0 0 0 0 0 0 0 0 0 0 0 0 0 0 0 0 0 0 0 0 0 0 0 0 0 0 0 0 0 0 0 0 0 0 0 0 0 0 0 0 0 0 0 0 0 0 0 0 0 0 0 0 0 0 0 0 0 0 0 0 0 0 0 0 0 0 0 0 0 0 0 0 0 0 0 0 0 0 0 0 0 0 0 0 0 0 0 0 0 0 0 0 0 0 0 0 0 0 0 0 0 0 0 0 0 0 0 0 0 0 0 0 0 0 0 0 0 0 0 0 0 0 0 0 0 0 0 0 0 0 0 0 0 0 0 0 0 0 0 0 0 0 0 0 0 0 0 0 0 0 0 0 0 0 0 0 0 0 0 0 0 0 0 0 0 0 0 0 0 0 0 0 0 0 0 0 0 0 0 0 0 0 0 0 0 0 0 0 0 0 0 0 0 0 0 0 0 0 0 0 0 0 0 0 0 0 0 0 0 0 0 0 0 0 0 0 0 0 0 0 0 0 0 0 0 0 0 0 0 0 0 0 0 0 0 0 0 0 0 0 0 0 0 0 0 0 0 0 0 0 0 0 0 0 0 0 0 0 0 0 0 0 0 0 0 0 0 0 0 0 0 0 0 0 0 0 0 0 0 0 0 0 0 0 0 0 0 0 0 0 0 0 0 0 0 0 0 0 0 0 0 0 0 0 0 0 0 0 0 0 0 0 0 0 0 0 0 0 0 0 0 0 0 0 0 0 0 0 0 0 0 0 0 0 0 0 0 0 0 0 0 0 0 0 0 0 0 0 0 0 0 0 0 0 0 0 0 0 0 0 0 0 0 0 0 0 0 0 0 0 0 0 0 0 0 0 0 0 0 0 0 0 0 0 0 0 0 0 0 0 0 0 0 0 0 0 0 0 0 0 0 0 0 0 0 0 0 0 0 0 0 0 0 0 0 0 0 0 0 0 0 0 0 0 0 0 0 0 0 0 0 0 0 0 0 0 0 0 0 0 0 0 0 0 0 0 0 0 0 0 0 0 0 0 0 0 0 0 0 0 0 0 0 0 0 0 0 0 0 0 0 0 0 0 0 0 0 0 0 0 0 0 0 0 0 0 0 0 0 0 0 0 0 0 0 0 0 0 0 0 0 0 0 0 0 0 0 0 0 0 0 0 0 0 0 0 0 0 0 0 0 0 0 0 0 0 0 0 0 0 0 0 0 0 0 0 0 0 0 0 0 0 0 0 0 0 0 0 0 0 0 0 0 0 0 0 0 0 0 0 0 0 0 0 0 0 0 0 0 0 0 0 0 0 0 0 0 0 0 0 0 0 0 0 0 0 0 0 0 0 0 0 0 0 0 0 0 0 0 0 0 0 0 0 0 0 0 0 0 0 0 0 0 0 0 0 0 0 0 0 0 0 0 0 0 0 0 0 0 0 0 0 0 0 0 0 0 0 0 0 0 0 0 0 0 0 0 0 0 0 0 0 0 0 0 0 0 0 0 0 0 0 0 0 0 0 0 0 0 0 0 0 0 0 0 0 0 0 0 0 0 0 0 0 0 0 0 0 0 0 0 0 0 0 0 0 0 0 0 0 0 0 0 0 0 0 0 0 0 0 0 0 0 0 0 0 0 0 0 0 0 0 0 0 0 0 0 0 0 0 0 0 0 0 0 0 0 0 0 0 0 0 0 0 0 0 0 0 0 0 0 0 0 0 0 0 0 0 0 0 0 0 0 0 0 0 0 0 0 0 0 0 0 0 0 0 0 0 0 0 0 0 0 0 0 0 0 0 0 0 0 0 0 0 0 0 0 0 0 0 0 0 0 0 0 0 0 0 0 0 0 0 0 0 0 0 0 0 0 0 0 0 0 0 0 0 0 0 0 0 0 0 0 0 0 0 0 0 0 0 0 0 0 0 0 0 0 0 0 0 0 0 0 0 0 0 0 0 0 0 0 0 0 0 0 0 0 0 0 0 0 0 0 0 0 0 0 0 0 0 0 0 0 0 0 0 0 0 0 0 0 0 0 0 0 0 0 0 0 0 0 0 0 0 0 0 0 0 0 0 0 0 0 0 0 0 0 0 0 0 0 0 0 0 0 0 0 0 0 0 0 0 0 0 0 0 0 0 0 0 0 0 0 0 0 0 0 0 0 0 0 0 0 0 0 0 0 0 0 0 0 0 0 0 0 0 0 0 0 0 0 0 0 0 0 0 0 0 0 0 0 0 0 0 0 0 0 0 0 0 0 0 0 0 0 0 0 0 0 0 0 0 0 0 0 0 0 0 0 0 0 0 0 0 0 0 0 0 0 0 0 0 0 0 0 0 0 0 0 0 0 0 0 0 0 0 0 0 0 0 0 0 0 0 0 0 0 0 0 0 0 0 0 0 0 0 0 0 0 0 0 0 0 0 0 0 0 0 0 0 0 0 0 0 0 0 0 0 0 0 0 0 0 0 0 0 0 0 0 0 0 0 0 0 0 0 0 0 0 0 0 0 0 0 0 0 0 0 0 0 0 0 0 0 0 0 0 0 0 0 0 0 0 0 0 0 0 0 0 0 0 0 0 0 0 0 0 0 0 0 0 0 0 0 0 0 0 0 0 0 0 0 0 0 0 0 0 0 0 0 0 0 0 0 0 0 0 0 0 0 0 0 0 0 0 0 0 0 0 0 0 0 0 0 0 0 0 0 0 0 0 0 0 0 0 0 0 0 0 0 0 0 0 0 0 0 0 0 0 0 0 0 0 0 0 0 0 0 0 0 0 0 0 0 0 0 0 0 0 0 0 0 0 0 0 0 0 0 0 0 0 0 0 0 0 0 0 0 0 0 0 0 0 0 0 0 0 0 0 0 0 0 0 0 0 0 0 0 0 0 0 0 0 0 0 0 0 0 0 0 0 0 0 0 0 0 0 0 0 0 0 0 0 0 0 0 0 0 0 0 0 0 0 0 0 0 0 0 0 0 0 0 0 0 0 0 0 0 0 0 0 0 0 0 0 0 0 0 0 0 0 0 0 0 0 0 0 0 0 0 0 0 0 0 0 0 0 0 0 0 0 0 0 0 0 0 0 0 0 0 0 0 0 0 0 0 0 0 0 0 0 0 0 0 0 0 0 0 0 0 0 0 0 0 0 0 0 0 0 0 0 0 0 0 0 0 0 0 0 0 0 0 0 0 0 0 0 0 0 0 0 0 0 0 0 0 0 0 0 0 0 0 0 0 0 0 0 0 0 0 0 0 0 0 0 0 0 0 0 0 0 0 0 0 0 0 0 0 0 0 0 0 0 0 0 0 0 0 0 0 0 0 0 0 0 0 0 0 0 0 0 0 0 0 0 0 0 0 0 0 0 0 0 0 0 0 0 0 0 0 0 0 0 0 0 0 0 0 0 0 0 0 0 0 0 0 0 0 0 0 0 0 0 0 0 0 0 0 0 0 0 0 0 0 0 0 0 0 0 0 0 0 0 0 0 0 0 0 0 0 0 0 0 0 0 0 0 0 0 0 0 0 0 0 0 0 0 0 0 0 0 0 0 0 0 0 0 0 0 0 0 0 0 0 0 0 0 0 0 0 0 0 0 0 0 0 0 0 0 0 0 0 0 0 0 0 0 0 0 0 0 0 0 0 0 0 0 0 0 0 0 0 0 0 0 0 0 0 0 0 0 0 0 0 0 0 0 0 0 0 0 0 0 0 0 0 0 0 0 0 0 0 0 0 0 0 0 0 0 0 0 0 0 0 0 0 0 0 0 0 0 0 0 0 0 0 0 0 0 0 0 0 0 0 0 0 0 0 0 0 0 0 0 0 0 0 0 0 0 0 0 0 0 0 0 0 0 0 0 0 0 0 0 0 0 0 0 0 0 0 0 0 0 0 0 0 0 0 0 0 0 0 0 0 0 0 0 0 0 0 0 0 0 0 0 0 0 0 0 0 0 0 0 0 0 0 0 0 0 0 0 0 0 0 0 0 0 0 0 0 0 0 0 0 0 0 0 0 0 0 0 0 0 0 0 0 0 0 0 0 0 0 0 0 0 0 0 0 0 0 0 0 0 0 0 0 0 0 0 0 0 0 0 0 0 0 0 0 0 0 0 0 0 0 0 0 0 0 0 0 0 0 0 0 0 0 0 0 0 0 0 0 0 0 0 0 0 0 0 0 0 0 0 0 0 0 0 0 0 0 0 0 0 0 0 0 0 0 0 0 0 0 0 0 0 0 0 0 0 0 0 0 0 0 0 0 0 0 0 0 0 0 0 0 0 0 0 0 0 0 0 0 0 0 0 0 0 0 0 0 0 0 0 0 0 0 0 0 0 0 0 0 0 0 0 0 0 0 0 0 0 0 0 0 0 0 0 0 0 0 0 0 0 0 0 0 0 0 0 0 0 0 0 0 0 0 0 0 0 0 0 0 0 0 0 0 0 0 0 0 0 0 0 0 0 0 0 0 0 0 0 0 0 0 0 0 0 0 0 0 0 0 0 0 0 0 0 0 0 0 0 0 0 0 0 0 0 0 0 0 0 0 0 0 0 0 0 0 0 0 0 0 0 0 0 0 0 0 0 0 0 0 0 0 0 0 0 0 0 0 0 0 0 0 0 0 0 0 0 0 0 0 0 0 0 0 0 0 0 0 0 0 0 0 0 0 0 0 0 0 0 0 0 0 0 0 0 0 0 0 0 0 0 0 0 0 0 0 0 0 0 0 0 0 0 0 0 0 0 0 0 0 0 0 0 0 0 0 0 0 0 0 0 0 0 0 0 0 0 0 0 0 0 0 0 0 0 0 0 0 0 0 0 0 0 0 0 0 0 0 0 0 0 0 0 0 0 0 0 0 0 0 0 0 0 0 0 0 0 0 0 0 0 0 0 0 0 0 0 0 0 0 0 0 0 0 0 0 0 0 0 0 0 0 0 0 0 0 0 0 0 0 0 0 0 0 0 0 0 0 0 0 0 0 0 0 0 0 0 0 0 0 0 0 0 0 0 0 0 0 0 0 0 0 0 0 0 0 0 0 0 0 0 0 0 0 0 0 0 0 0 0 0 0 0 0 0 0 0 0 0 0 0 0 0 0 0 0 0 0 0 0 0 0 0 0 0 0 0 0 0 0 0 0 0 0 0 0 0 0 0 0 0 0 0 0 0 0 0 0 0 0 0 0 0 0 0 0 0 0 0 0 0 0 0 0 0 0 0 0 0 0 0 0 0 0 0 0 0 0 0 0 0 0 0 0 0 0 0 0 0 0 0 0 0 0 0 0 0 0 0</float_array>
          <technique_common>
            <accessor source="#LandingFoam-mesh-map-array" count="14976" stride="2">
              <param name="S" type="float" />
              <param name="T" type="float" />
            </accessor>
          </technique_common>
        </source>
        <vertices id="LandingFoam-mesh-vertices">
          <input semantic="POSITION" source="#LandingFoam-mesh-positions" />
        </vertices>
        <triangles material="LandingFoam-material" count="4992">
          <input semantic="VERTEX" source="#LandingFoam-mesh-vertices" offset="0" />
          <input semantic="NORMAL" source="#LandingFoam-mesh-normals" offset="1" />
          <input semantic="TEXCOORD" source="#LandingFoam-mesh-map" offset="2" set="0" />
          <p>0 0 0 1 0 1 2 0 2 0 1 3 3 1 4 1 1 5 4 2 6 2 2 7 5 2 8 4 3 9 0 3 10 2 3 11 6 4 12 7 4 13 8 4 14 9 5 15 5 5 16 10 5 17 6 6 18 11 6 19 7 6 20 9 5 21 4 5 22 5 5 23 12 7 24 8 7 25 13 7 26 14 8 27 10 8 28 15 8 29 12 9 30 6 9 31 8 9 32 14 8 33 9 8 34 10 8 35 16 10 36 13 10 37 17 10 38 18 11 39 15 11 40 19 11 41 16 12 42 12 12 43 13 12 44 18 13 45 14 13 46 15 13 47 20 14 48 17 14 49 21 14 50 22 15 51 19 15 52 23 15 53 20 16 54 16 16 55 17 16 56 22 17 57 18 17 58 19 17 59 24 18 60 21 18 61 25 18 62 26 19 63 23 19 64 27 19 65 24 20 66 20 20 67 21 20 68 26 21 69 22 21 70 23 21 71 28 22 72 27 22 73 29 22 74 28 23 75 26 23 76 27 23 77 30 24 78 25 24 79 31 24 80 11 25 81 29 25 82 7 25 83 30 24 84 24 24 85 25 24 86 11 26 87 28 26 88 29 26 89 32 27 90 31 27 91 33 27 92 32 27 93 30 27 94 31 27 95 34 28 96 33 28 97 35 28 98 34 29 99 32 29 100 33 29 101 36 30 102 35 30 103 37 30 104 36 31 105 34 31 106 35 31 107 38 32 108 37 32 109 39 32 110 38 33 111 36 33 112 37 33 113 40 34 114 38 34 115 39 34 116 40 35 117 39 35 118 41 35 119 42 36 120 40 36 121 41 36 122 42 37 123 41 37 124 43 37 125 44 38 126 42 38 127 43 38 128 44 39 129 43 39 130 45 39 131 46 40 132 45 40 133 47 40 134 46 41 135 44 41 136 45 41 137 48 42 138 47 42 139 49 42 140 48 43 141 46 43 142 47 43 143 50 44 144 49 44 145 51 44 146 50 45 147 48 45 148 49 45 149 3 46 150 51 46 151 1 46 152 3 47 153 50 47 154 51 47 155 52 48 156 9 48 157 14 48 158 40 48 159 53 48 160 54 48 161 42 48 162 53 48 163 40 48 164 52 49 165 55 49 166 9 49 167 56 48 168 16 48 169 57 48 170 55 48 171 4 48 172 9 48 173 57 48 174 20 48 175 58 48 176 16 48 177 20 48 178 57 48 179 59 48 180 12 48 181 56 48 182 42 50 183 60 50 184 53 50 185 56 51 186 12 51 187 16 51 188 44 48 189 60 48 190 42 48 191 58 48 192 24 48 193 61 48 194 20 48 195 24 48 196 58 48 197 62 48 198 6 48 199 59 48 200 59 52 201 6 52 202 12 52 203 4 48 204 63 48 205 0 48 206 55 48 207 63 48 208 4 48 209 24 48 210 30 48 211 61 48 212 30 48 213 64 48 214 61 48 215 65 48 216 11 48 217 62 48 218 46 48 219 66 48 220 44 48 221 44 48 222 66 48 223 60 48 224 62 53 225 11 53 226 6 53 227 0 54 228 67 54 229 3 54 230 63 55 231 67 55 232 0 55 233 46 56 234 68 56 235 66 56 236 48 48 237 68 48 238 46 48 239 30 48 240 32 48 241 64 48 242 69 48 243 28 48 244 65 48 245 3 48 246 70 48 247 50 48 248 67 57 249 70 57 250 3 57 251 65 48 252 28 48 253 11 48 254 50 48 255 71 48 256 48 48 257 70 48 258 71 48 259 50 48 260 48 57 261 71 57 262 68 57 263 32 58 264 72 58 265 64 58 266 32 59 267 34 59 268 72 59 269 73 55 270 26 55 271 69 55 272 69 48 273 26 48 274 28 48 275 34 60 276 74 60 277 72 60 278 34 48 279 36 48 280 74 48 281 75 48 282 22 48 283 73 48 284 73 61 285 22 61 286 26 61 287 38 62 288 76 62 289 36 62 290 36 48 291 76 48 292 74 48 293 75 63 294 18 63 295 22 63 296 75 48 297 77 48 298 18 48 299 38 64 300 54 64 301 76 64 302 40 65 303 54 65 304 38 65 305 77 48 306 14 48 307 18 48 308 77 48 309 52 48 310 14 48 311 43 66 312 41 66 313 78 66 314 79 66 315 43 66 316 78 66 317 80 66 318 81 66 319 15 66 320 80 66 321 15 66 322 10 66 323 17 67 324 82 67 325 83 67 326 5 66 327 80 66 328 10 66 329 21 68 330 83 68 331 84 68 332 21 66 333 17 66 334 83 66 335 13 69 336 85 69 337 82 69 338 13 70 339 82 70 340 17 70 341 86 71 342 43 71 343 79 71 344 86 66 345 45 66 346 43 66 347 25 66 348 21 66 349 84 66 350 8 72 351 87 72 352 85 72 353 8 66 354 85 66 355 13 66 356 31 73 357 84 73 358 88 73 359 89 66 360 80 66 361 5 66 362 89 66 363 5 66 364 2 66 365 31 66 366 25 66 367 84 66 368 7 66 369 90 66 370 87 66 371 7 74 372 87 74 373 8 74 374 91 66 375 47 66 376 45 66 377 91 66 378 45 66 379 86 66 380 92 75 381 89 75 382 2 75 383 92 76 384 2 76 385 1 76 386 33 66 387 88 66 388 93 66 389 33 66 390 31 66 391 88 66 392 94 77 393 49 77 394 47 77 395 94 78 396 47 78 397 91 78 398 29 69 399 95 69 400 90 69 401 96 66 402 92 66 403 1 66 404 29 66 405 90 66 406 7 66 407 97 79 408 49 79 409 94 79 410 97 66 411 1 66 412 51 66 413 97 76 414 51 76 415 49 76 416 97 75 417 96 75 418 1 75 419 35 80 420 93 80 421 98 80 422 35 66 423 33 66 424 93 66 425 99 81 426 95 81 427 29 81 428 27 66 429 99 66 430 29 66 431 37 82 432 98 82 433 100 82 434 37 66 435 35 66 436 98 66 437 101 83 438 99 83 439 27 83 440 23 66 441 101 66 442 27 66 443 39 66 444 37 66 445 100 66 446 102 84 447 39 84 448 100 84 449 103 66 450 23 66 451 19 66 452 103 69 453 101 69 454 23 69 455 41 85 456 39 85 457 102 85 458 78 86 459 41 86 460 102 86 461 81 87 462 103 87 463 19 87 464 81 88 465 19 88 466 15 88 467 80 5 468 89 5 469 104 5 470 80 89 471 104 89 472 105 89 473 90 90 474 106 90 475 107 90 476 81 91 477 80 91 478 105 91 479 81 92 480 105 92 481 108 92 482 87 93 483 107 93 484 109 93 485 87 94 486 90 94 487 107 94 488 103 95 489 81 95 490 108 95 491 103 96 492 108 96 493 110 96 494 85 97 495 109 97 496 111 97 497 101 98 498 103 98 499 110 98 500 85 99 501 87 99 502 109 99 503 101 100 504 110 100 505 112 100 506 82 101 507 111 101 508 113 101 509 99 102 510 112 102 511 114 102 512 82 103 513 85 103 514 111 103 515 99 104 516 101 104 517 112 104 518 95 105 519 99 105 520 114 105 521 83 106 522 113 106 523 115 106 524 83 107 525 82 107 526 113 107 527 90 108 528 114 108 529 106 108 530 90 109 531 95 109 532 114 109 533 84 110 534 115 110 535 116 110 536 84 111 537 83 111 538 115 111 539 88 27 540 116 27 541 117 27 542 88 112 543 84 112 544 116 112 545 93 113 546 117 113 547 118 113 548 93 27 549 88 27 550 117 27 551 98 114 552 118 114 553 119 114 554 98 115 555 93 115 556 118 115 557 100 116 558 119 116 559 120 116 560 100 117 561 98 117 562 119 117 563 102 118 564 120 118 565 121 118 566 102 119 567 100 119 568 120 119 569 78 120 570 102 120 571 121 120 572 78 121 573 121 121 574 122 121 575 79 122 576 78 122 577 122 122 578 79 123 579 122 123 580 123 123 581 86 124 582 79 124 583 123 124 584 86 125 585 123 125 586 124 125 587 91 126 588 86 126 589 124 126 590 91 127 591 124 127 592 125 127 593 94 128 594 91 128 595 125 128 596 94 129 597 125 129 598 126 129 599 97 130 600 94 130 601 126 130 602 97 131 603 126 131 604 127 131 605 96 132 606 97 132 607 127 132 608 96 133 609 127 133 610 128 133 611 92 134 612 96 134 613 128 134 614 92 135 615 128 135 616 129 135 617 89 136 618 92 136 619 129 136 620 89 5 621 129 5 622 104 5 623 130 0 624 131 0 625 132 0 626 130 1 627 133 1 628 131 1 629 134 2 630 132 2 631 135 2 632 134 137 633 130 137 634 132 137 635 136 4 636 137 4 637 138 4 638 139 5 639 135 5 640 140 5 641 136 138 642 141 138 643 137 138 644 139 5 645 134 5 646 135 5 647 142 7 648 138 7 649 143 7 650 144 8 651 140 8 652 145 8 653 142 9 654 136 9 655 138 9 656 144 139 657 139 139 658 140 139 659 146 10 660 143 10 661 147 10 662 148 11 663 145 11 664 149 11 665 146 12 666 142 12 667 143 12 668 148 13 669 144 13 670 145 13 671 150 140 672 147 140 673 151 140 674 152 15 675 149 15 676 153 15 677 150 141 678 146 141 679 147 141 680 152 17 681 148 17 682 149 17 683 154 18 684 151 18 685 155 18 686 156 19 687 153 19 688 157 19 689 154 20 690 150 20 691 151 20 692 156 21 693 152 21 694 153 21 695 158 22 696 157 22 697 159 22 698 158 23 699 156 23 700 157 23 701 160 24 702 155 24 703 161 24 704 141 142 705 159 142 706 137 142 707 160 24 708 154 24 709 155 24 710 141 142 711 158 142 712 159 142 713 162 27 714 161 27 715 163 27 716 162 27 717 160 27 718 161 27 719 164 28 720 163 28 721 165 28 722 164 29 723 162 29 724 163 29 725 166 30 726 165 30 727 167 30 728 166 31 729 164 31 730 165 31 731 168 143 732 167 143 733 169 143 734 168 144 735 166 144 736 167 144 737 170 34 738 168 34 739 169 34 740 170 35 741 169 35 742 171 35 743 172 36 744 170 36 745 171 36 746 172 37 747 171 37 748 173 37 749 174 145 750 172 145 751 173 145 752 174 39 753 173 39 754 175 39 755 176 146 756 175 146 757 177 146 758 176 147 759 174 147 760 175 147 761 178 42 762 177 42 763 179 42 764 178 43 765 176 43 766 177 43 767 180 44 768 179 44 769 181 44 770 180 45 771 178 45 772 179 45 773 133 46 774 181 46 775 131 46 776 133 47 777 180 47 778 181 47 779 105 148 780 139 148 781 144 148 782 170 48 783 122 48 784 121 48 785 172 149 786 122 149 787 170 149 788 105 48 789 104 48 790 139 48 791 111 48 792 146 48 793 113 48 794 104 48 795 134 48 796 139 48 797 113 48 798 150 48 799 115 48 800 146 48 801 150 48 802 113 48 803 109 150 804 142 150 805 111 150 806 174 48 807 123 48 808 172 48 809 111 48 810 142 48 811 146 48 812 172 151 813 123 151 814 122 151 815 115 57 816 154 57 817 116 57 818 150 152 819 154 152 820 115 152 821 107 48 822 136 48 823 109 48 824 109 48 825 136 48 826 142 48 827 104 48 828 129 48 829 134 48 830 134 153 831 129 153 832 130 153 833 154 48 834 160 48 835 116 48 836 160 48 837 117 48 838 116 48 839 106 48 840 141 48 841 107 48 842 174 48 843 124 48 844 123 48 845 176 154 846 124 154 847 174 154 848 107 155 849 141 155 850 136 155 851 130 156 852 128 156 853 133 156 854 129 48 855 128 48 856 130 48 857 176 48 858 125 48 859 124 48 860 178 48 861 125 48 862 176 48 863 160 48 864 162 48 865 117 48 866 114 55 867 158 55 868 106 55 869 133 157 870 127 157 871 180 157 872 128 48 873 127 48 874 133 48 875 106 48 876 158 48 877 141 48 878 180 48 879 126 48 880 178 48 881 178 48 882 126 48 883 125 48 884 127 48 885 126 48 886 180 48 887 162 48 888 118 48 889 117 48 890 162 158 891 164 158 892 118 158 893 112 48 894 156 48 895 114 48 896 114 48 897 156 48 898 158 48 899 164 159 900 119 159 901 118 159 902 164 48 903 166 48 904 119 48 905 110 160 906 152 160 907 112 160 908 112 48 909 152 48 910 156 48 911 166 161 912 120 161 913 119 161 914 168 162 915 120 162 916 166 162 917 110 48 918 148 48 919 152 48 920 110 55 921 108 55 922 148 55 923 168 48 924 121 48 925 120 48 926 170 65 927 121 65 928 168 65 929 108 163 930 144 163 931 148 163 932 108 48 933 105 48 934 144 48 935 182 78 936 171 78 937 183 78 938 182 66 939 173 66 940 171 66 941 184 66 942 185 66 943 145 66 944 147 66 945 186 66 946 187 66 947 184 164 948 145 164 949 140 164 950 135 66 951 184 66 952 140 66 953 151 165 954 147 165 955 187 165 956 143 69 957 188 69 958 186 69 959 143 166 960 186 166 961 147 166 962 189 66 963 175 66 964 173 66 965 189 66 966 173 66 967 182 66 968 155 66 969 187 66 970 190 66 971 155 66 972 151 66 973 187 66 974 138 66 975 191 66 976 188 66 977 138 167 978 188 167 979 143 167 980 192 66 981 184 66 982 135 66 983 161 73 984 190 73 985 193 73 986 192 168 987 135 168 988 132 168 989 161 66 990 155 66 991 190 66 992 137 66 993 194 66 994 191 66 995 195 66 996 175 66 997 189 66 998 195 66 999 177 66 1000 175 66 1001 137 66 1002 191 66 1003 138 66 1004 196 169 1005 132 169 1006 131 169 1007 196 66 1008 192 66 1009 132 66 1010 163 66 1011 193 66 1012 197 66 1013 198 66 1014 177 66 1015 195 66 1016 163 66 1017 161 66 1018 193 66 1019 198 66 1020 179 66 1021 177 66 1022 159 66 1023 199 66 1024 194 66 1025 200 79 1026 196 79 1027 131 79 1028 159 66 1029 194 66 1030 137 66 1031 201 170 1032 131 170 1033 181 170 1034 201 66 1035 181 66 1036 179 66 1037 201 66 1038 179 66 1039 198 66 1040 201 66 1041 200 66 1042 131 66 1043 165 80 1044 197 80 1045 202 80 1046 165 66 1047 163 66 1048 197 66 1049 203 66 1050 199 66 1051 159 66 1052 157 66 1053 203 66 1054 159 66 1055 167 171 1056 202 171 1057 204 171 1058 167 66 1059 165 66 1060 202 66 1061 205 66 1062 203 66 1063 157 66 1064 153 66 1065 205 66 1066 157 66 1067 169 66 1068 167 66 1069 204 66 1070 206 172 1071 169 172 1072 204 172 1073 207 66 1074 153 66 1075 149 66 1076 207 173 1077 205 173 1078 153 173 1079 171 174 1080 169 174 1081 206 174 1082 183 66 1083 171 66 1084 206 66 1085 185 66 1086 207 66 1087 149 66 1088 185 175 1089 149 175 1090 145 175 1091 192 5 1092 208 5 1093 209 5 1094 184 5 1095 192 5 1096 209 5 1097 184 176 1098 209 176 1099 210 176 1100 194 94 1101 211 94 1102 212 94 1103 185 176 1104 184 176 1105 210 176 1106 185 177 1107 210 177 1108 213 177 1109 191 178 1110 212 178 1111 214 178 1112 191 179 1113 194 179 1114 212 179 1115 207 180 1116 185 180 1117 213 180 1118 207 181 1119 213 181 1120 215 181 1121 188 103 1122 214 103 1123 216 103 1124 205 98 1125 207 98 1126 215 98 1127 188 99 1128 191 99 1129 214 99 1130 205 104 1131 215 104 1132 217 104 1133 186 182 1134 216 182 1135 218 182 1136 203 183 1137 217 183 1138 219 183 1139 186 103 1140 188 103 1141 216 103 1142 203 104 1143 205 104 1144 217 104 1145 199 184 1146 203 184 1147 219 184 1148 187 111 1149 218 111 1150 220 111 1151 187 107 1152 186 107 1153 218 107 1154 194 185 1155 219 185 1156 211 185 1157 194 186 1158 199 186 1159 219 186 1160 190 187 1161 220 187 1162 221 187 1163 190 188 1164 187 188 1165 220 188 1166 193 27 1167 221 27 1168 222 27 1169 193 112 1170 190 112 1171 221 112 1172 197 189 1173 222 189 1174 223 189 1175 197 27 1176 193 27 1177 222 27 1178 202 117 1179 223 117 1180 224 117 1181 202 115 1182 197 115 1183 223 115 1184 204 190 1185 224 190 1186 225 190 1187 204 191 1188 202 191 1189 224 191 1190 206 192 1191 225 192 1192 226 192 1193 206 119 1194 204 119 1195 225 119 1196 183 120 1197 206 120 1198 226 120 1199 183 122 1200 226 122 1201 227 122 1202 182 193 1203 183 193 1204 227 193 1205 182 124 1206 227 124 1207 228 124 1208 189 194 1209 182 194 1210 228 194 1211 189 195 1212 228 195 1213 229 195 1214 195 126 1215 189 126 1216 229 126 1217 195 196 1218 229 196 1219 230 196 1220 198 128 1221 195 128 1222 230 128 1223 198 197 1224 230 197 1225 231 197 1226 201 130 1227 198 130 1228 231 130 1229 201 198 1230 231 198 1231 232 198 1232 200 132 1233 201 132 1234 232 132 1235 200 199 1236 232 199 1237 233 199 1238 196 200 1239 200 200 1240 233 200 1241 196 136 1242 233 136 1243 208 136 1244 192 136 1245 196 136 1246 208 136 1247 234 201 1248 235 201 1249 236 201 1250 234 202 1251 237 202 1252 235 202 1253 238 203 1254 236 203 1255 239 203 1256 238 3 1257 234 3 1258 236 3 1259 240 204 1260 241 204 1261 242 204 1262 243 5 1263 239 5 1264 244 5 1265 240 4 1266 245 4 1267 241 4 1268 243 5 1269 238 5 1270 239 5 1271 246 7 1272 242 7 1273 247 7 1274 248 205 1275 244 205 1276 249 205 1277 246 206 1278 240 206 1279 242 206 1280 248 8 1281 243 8 1282 244 8 1283 250 207 1284 247 207 1285 251 207 1286 252 208 1287 249 208 1288 253 208 1289 250 209 1290 246 209 1291 247 209 1292 252 210 1293 248 210 1294 249 210 1295 254 211 1296 251 211 1297 255 211 1298 256 15 1299 253 15 1300 257 15 1301 254 212 1302 250 212 1303 251 212 1304 256 213 1305 252 213 1306 253 213 1307 258 214 1308 255 214 1309 259 214 1310 260 215 1311 257 215 1312 261 215 1313 258 216 1314 254 216 1315 255 216 1316 260 217 1317 256 217 1318 257 217 1319 262 218 1320 261 218 1321 263 218 1322 262 23 1323 260 23 1324 261 23 1325 264 219 1326 259 219 1327 265 219 1328 245 142 1329 263 142 1330 241 142 1331 264 24 1332 258 24 1333 259 24 1334 245 220 1335 262 220 1336 263 220 1337 266 27 1338 265 27 1339 267 27 1340 266 27 1341 264 27 1342 265 27 1343 268 221 1344 267 221 1345 269 221 1346 268 28 1347 266 28 1348 267 28 1349 270 222 1350 269 222 1351 271 222 1352 270 223 1353 268 223 1354 269 223 1355 272 224 1356 271 224 1357 273 224 1358 272 225 1359 270 225 1360 271 225 1361 274 226 1362 272 226 1363 273 226 1364 274 227 1365 273 227 1366 275 227 1367 276 37 1368 274 37 1369 275 37 1370 276 37 1371 275 37 1372 277 37 1373 278 228 1374 276 228 1375 277 228 1376 278 229 1377 277 229 1378 279 229 1379 280 146 1380 279 146 1381 281 146 1382 280 147 1383 278 147 1384 279 147 1385 282 42 1386 281 42 1387 283 42 1388 282 43 1389 280 43 1390 281 43 1391 284 230 1392 283 230 1393 285 230 1394 284 231 1395 282 231 1396 283 231 1397 237 46 1398 285 46 1399 235 46 1400 237 232 1401 284 232 1402 285 232 1403 210 148 1404 243 148 1405 248 148 1406 274 48 1407 227 48 1408 226 48 1409 276 149 1410 227 149 1411 274 149 1412 210 48 1413 209 48 1414 243 48 1415 216 64 1416 250 64 1417 218 64 1418 209 48 1419 238 48 1420 243 48 1421 218 48 1422 254 48 1423 220 48 1424 250 149 1425 254 149 1426 218 149 1427 214 48 1428 246 48 1429 216 48 1430 278 48 1431 228 48 1432 276 48 1433 216 48 1434 246 48 1435 250 48 1436 276 50 1437 228 50 1438 227 50 1439 220 48 1440 258 48 1441 221 48 1442 254 48 1443 258 48 1444 220 48 1445 212 48 1446 240 48 1447 214 48 1448 214 52 1449 240 52 1450 246 52 1451 209 48 1452 208 48 1453 238 48 1454 238 153 1455 208 153 1456 234 153 1457 258 48 1458 264 48 1459 221 48 1460 264 48 1461 222 48 1462 221 48 1463 211 48 1464 245 48 1465 212 48 1466 278 48 1467 229 48 1468 228 48 1469 280 233 1470 229 233 1471 278 233 1472 212 48 1473 245 48 1474 240 48 1475 234 48 1476 233 48 1477 237 48 1478 208 48 1479 233 48 1480 234 48 1481 280 56 1482 230 56 1483 229 56 1484 282 156 1485 230 156 1486 280 156 1487 264 48 1488 266 48 1489 222 48 1490 219 48 1491 262 48 1492 211 48 1493 237 234 1494 232 234 1495 284 234 1496 233 48 1497 232 48 1498 237 48 1499 211 48 1500 262 48 1501 245 48 1502 284 48 1503 231 48 1504 282 48 1505 282 48 1506 231 48 1507 230 48 1508 232 235 1509 231 235 1510 284 235 1511 266 48 1512 223 48 1513 222 48 1514 266 158 1515 268 158 1516 223 158 1517 217 48 1518 260 48 1519 219 48 1520 219 48 1521 260 48 1522 262 48 1523 268 48 1524 224 48 1525 223 48 1526 268 48 1527 270 48 1528 224 48 1529 215 48 1530 256 48 1531 217 48 1532 217 48 1533 256 48 1534 260 48 1535 270 48 1536 225 48 1537 224 48 1538 272 236 1539 225 236 1540 270 236 1541 215 48 1542 252 48 1543 256 48 1544 215 48 1545 213 48 1546 252 48 1547 272 48 1548 226 48 1549 225 48 1550 274 48 1551 226 48 1552 272 48 1553 213 48 1554 248 48 1555 252 48 1556 213 48 1557 210 48 1558 248 48 1559 286 66 1560 275 66 1561 287 66 1562 286 66 1563 277 66 1564 275 66 1565 288 66 1566 289 66 1567 249 66 1568 251 81 1569 290 81 1570 291 81 1571 288 237 1572 249 237 1573 244 237 1574 239 66 1575 288 66 1576 244 66 1577 255 165 1578 251 165 1579 291 165 1580 247 238 1581 292 238 1582 290 238 1583 247 66 1584 290 66 1585 251 66 1586 293 66 1587 279 66 1588 277 66 1589 293 239 1590 277 239 1591 286 239 1592 259 66 1593 291 66 1594 294 66 1595 259 167 1596 255 167 1597 291 167 1598 242 72 1599 295 72 1600 292 72 1601 242 240 1602 292 240 1603 247 240 1604 296 66 1605 288 66 1606 239 66 1607 265 73 1608 294 73 1609 297 73 1610 296 241 1611 239 241 1612 236 241 1613 265 66 1614 259 66 1615 294 66 1616 241 66 1617 298 66 1618 295 66 1619 299 66 1620 279 66 1621 293 66 1622 299 66 1623 281 66 1624 279 66 1625 241 242 1626 295 242 1627 242 242 1628 300 243 1629 236 243 1630 235 243 1631 300 75 1632 296 75 1633 236 75 1634 267 66 1635 297 66 1636 301 66 1637 302 78 1638 281 78 1639 299 78 1640 267 66 1641 265 66 1642 297 66 1643 302 244 1644 283 244 1645 281 244 1646 263 238 1647 303 238 1648 298 238 1649 304 66 1650 300 66 1651 235 66 1652 263 66 1653 298 66 1654 241 66 1655 305 170 1656 235 170 1657 285 170 1658 305 66 1659 285 66 1660 283 66 1661 305 245 1662 283 245 1663 302 245 1664 305 66 1665 304 66 1666 235 66 1667 269 80 1668 301 80 1669 306 80 1670 269 66 1671 267 66 1672 301 66 1673 307 81 1674 303 81 1675 263 81 1676 261 246 1677 307 246 1678 263 246 1679 271 247 1680 306 247 1681 308 247 1682 271 66 1683 269 66 1684 306 66 1685 309 248 1686 307 248 1687 261 248 1688 257 66 1689 309 66 1690 261 66 1691 273 166 1692 271 166 1693 308 166 1694 310 172 1695 273 172 1696 308 172 1697 311 249 1698 257 249 1699 253 249 1700 311 66 1701 309 66 1702 257 66 1703 275 66 1704 273 66 1705 310 66 1706 287 66 1707 275 66 1708 310 66 1709 289 66 1710 311 66 1711 253 66 1712 289 250 1713 253 250 1714 249 250 1715 296 5 1716 312 5 1717 313 5 1718 288 5 1719 296 5 1720 313 5 1721 288 89 1722 313 89 1723 314 89 1724 298 251 1725 315 251 1726 316 251 1727 289 176 1728 288 176 1729 314 176 1730 289 180 1731 314 180 1732 317 180 1733 295 178 1734 316 178 1735 318 178 1736 295 252 1737 298 252 1738 316 252 1739 311 177 1740 289 177 1741 317 177 1742 311 253 1743 317 253 1744 319 253 1745 292 254 1746 318 254 1747 320 254 1748 309 255 1749 311 255 1750 319 255 1751 292 99 1752 295 99 1753 318 99 1754 309 256 1755 319 256 1756 321 256 1757 290 257 1758 320 257 1759 322 257 1760 307 183 1761 321 183 1762 323 183 1763 290 258 1764 292 258 1765 320 258 1766 307 259 1767 309 259 1768 321 259 1769 303 186 1770 323 186 1771 315 186 1772 303 184 1773 307 184 1774 323 184 1775 291 260 1776 322 260 1777 324 260 1778 291 261 1779 290 261 1780 322 261 1781 298 185 1782 303 185 1783 315 185 1784 294 187 1785 324 187 1786 325 187 1787 294 188 1788 291 188 1789 324 188 1790 297 27 1791 325 27 1792 326 27 1793 297 112 1794 294 112 1795 325 112 1796 301 189 1797 326 189 1798 327 189 1799 301 27 1800 297 27 1801 326 27 1802 306 262 1803 327 262 1804 328 262 1805 306 115 1806 301 115 1807 327 115 1808 308 263 1809 328 263 1810 329 263 1811 308 191 1812 306 191 1813 328 191 1814 310 264 1815 329 264 1816 330 264 1817 310 265 1818 308 265 1819 329 265 1820 287 266 1821 310 266 1822 330 266 1823 287 122 1824 330 122 1825 331 122 1826 286 193 1827 287 193 1828 331 193 1829 286 194 1830 331 194 1831 332 194 1832 293 124 1833 286 124 1834 332 124 1835 293 126 1836 332 126 1837 333 126 1838 299 195 1839 293 195 1840 333 195 1841 299 196 1842 333 196 1843 334 196 1844 302 128 1845 299 128 1846 334 128 1847 302 267 1848 334 267 1849 335 267 1850 305 268 1851 302 268 1852 335 268 1853 305 269 1854 335 269 1855 336 269 1856 304 270 1857 305 270 1858 336 270 1859 304 200 1860 336 200 1861 337 200 1862 300 199 1863 304 199 1864 337 199 1865 300 135 1866 337 135 1867 312 135 1868 296 136 1869 300 136 1870 312 136 1871 338 271 1872 339 271 1873 340 271 1874 338 272 1875 341 272 1876 339 272 1877 342 3 1878 340 3 1879 343 3 1880 342 2 1881 338 2 1882 340 2 1883 344 273 1884 345 273 1885 346 273 1886 347 5 1887 343 5 1888 348 5 1889 344 273 1890 349 273 1891 345 273 1892 347 5 1893 342 5 1894 343 5 1895 350 7 1896 346 7 1897 351 7 1898 352 8 1899 348 8 1900 353 8 1901 350 7 1902 344 7 1903 346 7 1904 352 8 1905 347 8 1906 348 8 1907 354 274 1908 351 274 1909 355 274 1910 356 275 1911 353 275 1912 357 275 1913 354 209 1914 350 209 1915 351 209 1916 356 276 1917 352 276 1918 353 276 1919 358 211 1920 355 211 1921 359 211 1922 360 277 1923 357 277 1924 361 277 1925 358 278 1926 354 278 1927 355 278 1928 360 213 1929 356 213 1930 357 213 1931 362 279 1932 359 279 1933 363 279 1934 364 280 1935 361 280 1936 365 280 1937 362 281 1938 358 281 1939 359 281 1940 364 217 1941 360 217 1942 361 217 1943 366 23 1944 365 23 1945 367 23 1946 366 282 1947 364 282 1948 365 282 1949 368 24 1950 363 24 1951 369 24 1952 349 283 1953 367 283 1954 345 283 1955 368 24 1956 362 24 1957 363 24 1958 349 284 1959 366 284 1960 367 284 1961 370 27 1962 369 27 1963 371 27 1964 370 27 1965 368 27 1966 369 27 1967 372 29 1968 371 29 1969 373 29 1970 372 28 1971 370 28 1972 371 28 1973 374 222 1974 373 222 1975 375 222 1976 374 285 1977 372 285 1978 373 285 1979 376 286 1980 375 286 1981 377 286 1982 376 287 1983 374 287 1984 375 287 1985 378 226 1986 376 226 1987 377 226 1988 378 288 1989 377 288 1990 379 288 1991 380 37 1992 378 37 1993 379 37 1994 380 37 1995 379 37 1996 381 37 1997 382 289 1998 380 289 1999 381 289 2000 382 290 2001 381 290 2002 383 290 2003 384 291 2004 383 291 2005 385 291 2006 384 292 2007 382 292 2008 383 292 2009 386 43 2010 385 43 2011 387 43 2012 386 293 2013 384 293 2014 385 293 2015 388 294 2016 387 294 2017 389 294 2018 388 231 2019 386 231 2020 387 231 2021 341 295 2022 389 295 2023 339 295 2024 341 296 2025 388 296 2026 389 296 2027 378 48 2028 331 48 2029 330 48 2030 380 48 2031 331 48 2032 378 48 2033 314 48 2034 313 48 2035 347 48 2036 313 48 2037 342 48 2038 347 48 2039 320 48 2040 354 48 2041 322 48 2042 322 48 2043 358 48 2044 324 48 2045 354 48 2046 358 48 2047 322 48 2048 380 48 2049 332 48 2050 331 48 2051 382 48 2052 332 48 2053 380 48 2054 318 48 2055 350 48 2056 320 48 2057 320 163 2058 350 163 2059 354 163 2060 324 48 2061 362 48 2062 325 48 2063 358 297 2064 362 297 2065 324 297 2066 342 48 2067 312 48 2068 338 48 2069 316 48 2070 344 48 2071 318 48 2072 313 48 2073 312 48 2074 342 48 2075 318 48 2076 344 48 2077 350 48 2078 362 298 2079 368 298 2080 325 298 2081 368 48 2082 326 48 2083 325 48 2084 315 48 2085 349 48 2086 316 48 2087 384 48 2088 333 48 2089 382 48 2090 382 48 2091 333 48 2092 332 48 2093 338 48 2094 337 48 2095 341 48 2096 316 299 2097 349 299 2098 344 299 2099 312 300 2100 337 300 2101 338 300 2102 386 48 2103 334 48 2104 384 48 2105 384 48 2106 334 48 2107 333 48 2108 368 48 2109 370 48 2110 326 48 2111 341 48 2112 336 48 2113 388 48 2114 337 301 2115 336 301 2116 341 301 2117 323 48 2118 366 48 2119 315 48 2120 388 48 2121 335 48 2122 386 48 2123 386 48 2124 335 48 2125 334 48 2126 315 48 2127 366 48 2128 349 48 2129 336 48 2130 335 48 2131 388 48 2132 370 48 2133 327 48 2134 326 48 2135 370 48 2136 372 48 2137 327 48 2138 321 48 2139 364 48 2140 323 48 2141 323 48 2142 364 48 2143 366 48 2144 372 48 2145 328 48 2146 327 48 2147 372 302 2148 374 302 2149 328 302 2150 319 303 2151 360 303 2152 321 303 2153 321 48 2154 360 48 2155 364 48 2156 374 48 2157 329 48 2158 328 48 2159 376 304 2160 329 304 2161 374 304 2162 319 48 2163 356 48 2164 360 48 2165 319 48 2166 317 48 2167 356 48 2168 376 48 2169 330 48 2170 329 48 2171 378 48 2172 330 48 2173 376 48 2174 317 305 2175 352 305 2176 356 305 2177 317 306 2178 314 306 2179 352 306 2180 314 307 2181 347 307 2182 352 307 2183 390 308 2184 379 308 2185 391 308 2186 390 309 2187 381 309 2188 379 309 2189 392 310 2190 393 310 2191 353 310 2192 392 311 2193 353 311 2194 348 311 2195 359 66 2196 394 66 2197 395 66 2198 359 66 2199 355 66 2200 394 66 2201 351 312 2202 396 312 2203 394 312 2204 397 313 2205 381 313 2206 390 313 2207 351 169 2208 394 169 2209 355 169 2210 397 66 2211 385 66 2212 383 66 2213 397 66 2214 383 66 2215 381 66 2216 363 66 2217 395 66 2218 398 66 2219 363 66 2220 359 66 2221 395 66 2222 346 66 2223 399 66 2224 396 66 2225 346 66 2226 400 66 2227 399 66 2228 346 314 2229 396 314 2230 351 314 2231 401 66 2232 348 66 2233 343 66 2234 369 315 2235 398 315 2236 402 315 2237 401 66 2238 392 66 2239 348 66 2240 401 316 2241 343 316 2242 340 316 2243 369 66 2244 363 66 2245 398 66 2246 345 66 2247 400 66 2248 346 66 2249 403 66 2250 387 66 2251 385 66 2252 403 317 2253 385 317 2254 397 317 2255 371 66 2256 402 66 2257 404 66 2258 405 243 2259 340 243 2260 339 243 2261 405 66 2262 401 66 2263 340 66 2264 371 66 2265 369 66 2266 402 66 2267 367 66 2268 406 66 2269 400 66 2270 407 66 2271 387 66 2272 403 66 2273 367 66 2274 400 66 2275 345 66 2276 408 66 2277 405 66 2278 339 66 2279 409 66 2280 387 66 2281 407 66 2282 409 66 2283 339 66 2284 389 66 2285 409 166 2286 389 166 2287 387 166 2288 373 318 2289 404 318 2290 410 318 2291 409 66 2292 408 66 2293 339 66 2294 373 240 2295 371 240 2296 404 240 2297 411 319 2298 406 319 2299 367 319 2300 365 66 2301 411 66 2302 367 66 2303 412 66 2304 373 66 2305 410 66 2306 375 66 2307 373 66 2308 412 66 2309 361 320 2310 411 320 2311 365 320 2312 361 78 2313 413 78 2314 411 78 2315 414 66 2316 375 66 2317 412 66 2318 414 66 2319 377 66 2320 375 66 2321 415 66 2322 361 66 2323 357 66 2324 415 66 2325 413 66 2326 361 66 2327 379 321 2328 377 321 2329 414 321 2330 391 66 2331 379 66 2332 414 66 2333 393 66 2334 415 66 2335 357 66 2336 393 250 2337 357 250 2338 353 250 2339 392 5 2340 401 5 2341 416 5 2342 392 322 2343 416 322 2344 417 322 2345 400 94 2346 418 94 2347 419 94 2348 393 89 2349 392 89 2350 417 89 2351 393 323 2352 417 323 2353 420 323 2354 399 178 2355 419 178 2356 421 178 2357 399 324 2358 400 324 2359 419 324 2360 415 323 2361 393 323 2362 420 323 2363 415 325 2364 420 325 2365 422 325 2366 396 103 2367 421 103 2368 423 103 2369 413 98 2370 415 98 2371 422 98 2372 396 326 2373 399 326 2374 421 326 2375 413 104 2376 422 104 2377 424 104 2378 394 327 2379 423 327 2380 425 327 2381 411 183 2382 424 183 2383 426 183 2384 394 97 2385 396 97 2386 423 97 2387 411 100 2388 413 100 2389 424 100 2390 406 328 2391 411 328 2392 426 328 2393 395 188 2394 425 188 2395 427 188 2396 395 107 2397 394 107 2398 425 107 2399 400 109 2400 426 109 2401 418 109 2402 400 186 2403 406 186 2404 426 186 2405 398 329 2406 427 329 2407 428 329 2408 398 111 2409 395 111 2410 427 111 2411 402 27 2412 428 27 2413 429 27 2414 402 112 2415 398 112 2416 428 112 2417 404 330 2418 429 330 2419 430 330 2420 404 27 2421 402 27 2422 429 27 2423 410 331 2424 430 331 2425 431 331 2426 410 115 2427 404 115 2428 430 115 2429 412 332 2430 431 332 2431 432 332 2432 412 333 2433 410 333 2434 431 333 2435 414 192 2436 432 192 2437 433 192 2438 414 119 2439 412 119 2440 432 119 2441 391 334 2442 414 334 2443 433 334 2444 391 335 2445 433 335 2446 434 335 2447 390 336 2448 391 336 2449 434 336 2450 390 124 2451 434 124 2452 435 124 2453 397 337 2454 390 337 2455 435 337 2456 397 338 2457 435 338 2458 436 338 2459 403 126 2460 397 126 2461 436 126 2462 403 339 2463 436 339 2464 437 339 2465 407 340 2466 403 340 2467 437 340 2468 407 341 2469 437 341 2470 438 341 2471 409 342 2472 407 342 2473 438 342 2474 409 343 2475 438 343 2476 439 343 2477 408 269 2478 409 269 2479 439 269 2480 408 344 2481 439 344 2482 440 344 2483 405 345 2484 408 345 2485 440 345 2486 405 346 2487 440 346 2488 441 346 2489 401 135 2490 405 135 2491 441 135 2492 401 5 2493 441 5 2494 416 5 2495 442 271 2496 443 271 2497 444 271 2498 442 272 2499 445 272 2500 443 272 2501 446 3 2502 444 3 2503 447 3 2504 446 347 2505 442 347 2506 444 347 2507 448 138 2508 449 138 2509 450 138 2510 451 5 2511 447 5 2512 452 5 2513 448 4 2514 453 4 2515 449 4 2516 451 5 2517 446 5 2518 447 5 2519 454 7 2520 450 7 2521 455 7 2522 456 8 2523 452 8 2524 457 8 2525 454 7 2526 448 7 2527 450 7 2528 456 348 2529 451 348 2530 452 348 2531 458 349 2532 455 349 2533 459 349 2534 460 275 2535 457 275 2536 461 275 2537 458 350 2538 454 350 2539 455 350 2540 460 276 2541 456 276 2542 457 276 2543 462 211 2544 459 211 2545 463 211 2546 464 351 2547 461 351 2548 465 351 2549 462 278 2550 458 278 2551 459 278 2552 464 213 2553 460 213 2554 461 213 2555 466 279 2556 463 279 2557 467 279 2558 468 280 2559 465 280 2560 469 280 2561 466 281 2562 462 281 2563 463 281 2564 468 217 2565 464 217 2566 465 217 2567 470 23 2568 469 23 2569 471 23 2570 470 282 2571 468 282 2572 469 282 2573 472 24 2574 467 24 2575 473 24 2576 453 283 2577 471 283 2578 449 283 2579 472 352 2580 466 352 2581 467 352 2582 453 284 2583 470 284 2584 471 284 2585 474 27 2586 473 27 2587 475 27 2588 474 27 2589 472 27 2590 473 27 2591 476 29 2592 475 29 2593 477 29 2594 476 353 2595 474 353 2596 475 353 2597 478 222 2598 477 222 2599 479 222 2600 478 285 2601 476 285 2602 477 285 2603 480 286 2604 479 286 2605 481 286 2606 480 287 2607 478 287 2608 479 287 2609 482 354 2610 480 354 2611 481 354 2612 482 355 2613 481 355 2614 483 355 2615 484 37 2616 482 37 2617 483 37 2618 484 37 2619 483 37 2620 485 37 2621 486 228 2622 484 228 2623 485 228 2624 486 229 2625 485 229 2626 487 229 2627 488 291 2628 487 291 2629 489 291 2630 488 292 2631 486 292 2632 487 292 2633 490 43 2634 489 43 2635 491 43 2636 490 293 2637 488 293 2638 489 293 2639 492 294 2640 491 294 2641 493 294 2642 492 231 2643 490 231 2644 491 231 2645 445 356 2646 493 356 2647 443 356 2648 445 296 2649 492 296 2650 493 296 2651 417 357 2652 451 357 2653 456 357 2654 482 48 2655 434 48 2656 433 48 2657 484 358 2658 434 358 2659 482 358 2660 417 359 2661 416 359 2662 451 359 2663 423 360 2664 458 360 2665 425 360 2666 416 48 2667 446 48 2668 451 48 2669 425 361 2670 462 361 2671 427 361 2672 458 362 2673 462 362 2674 425 362 2675 421 363 2676 454 363 2677 423 363 2678 484 364 2679 435 364 2680 434 364 2681 423 48 2682 454 48 2683 458 48 2684 486 48 2685 435 48 2686 484 48 2687 427 48 2688 466 48 2689 428 48 2690 462 297 2691 466 297 2692 427 297 2693 419 365 2694 448 365 2695 421 365 2696 421 366 2697 448 366 2698 454 366 2699 446 367 2700 441 367 2701 442 367 2702 416 48 2703 441 48 2704 446 48 2705 466 48 2706 472 48 2707 428 48 2708 472 48 2709 429 48 2710 428 48 2711 418 48 2712 453 48 2713 419 48 2714 488 48 2715 436 48 2716 486 48 2717 486 48 2718 436 48 2719 435 48 2720 419 48 2721 453 48 2722 448 48 2723 442 48 2724 440 48 2725 445 48 2726 441 300 2727 440 300 2728 442 300 2729 488 48 2730 437 48 2731 436 48 2732 490 48 2733 437 48 2734 488 48 2735 472 48 2736 474 48 2737 429 48 2738 426 300 2739 470 300 2740 418 300 2741 445 368 2742 439 368 2743 492 368 2744 440 48 2745 439 48 2746 445 48 2747 418 48 2748 470 48 2749 453 48 2750 492 48 2751 438 48 2752 490 48 2753 439 48 2754 438 48 2755 492 48 2756 490 48 2757 438 48 2758 437 48 2759 474 369 2760 430 369 2761 429 369 2762 474 48 2763 476 48 2764 430 48 2765 424 370 2766 468 370 2767 426 370 2768 426 48 2769 468 48 2770 470 48 2771 476 371 2772 431 371 2773 430 371 2774 476 48 2775 478 48 2776 431 48 2777 422 48 2778 464 48 2779 424 48 2780 424 48 2781 464 48 2782 468 48 2783 480 372 2784 432 372 2785 478 372 2786 478 373 2787 432 373 2788 431 373 2789 422 48 2790 460 48 2791 464 48 2792 422 48 2793 420 48 2794 460 48 2795 480 365 2796 433 365 2797 432 365 2798 482 48 2799 433 48 2800 480 48 2801 420 48 2802 456 48 2803 460 48 2804 420 48 2805 417 48 2806 456 48 2807 485 374 2808 483 374 2809 494 374 2810 495 66 2811 485 66 2812 494 66 2813 496 66 2814 497 66 2815 457 66 2816 496 237 2817 457 237 2818 452 237 2819 459 66 2820 498 66 2821 499 66 2822 447 66 2823 496 66 2824 452 66 2825 463 308 2826 499 308 2827 500 308 2828 463 66 2829 459 66 2830 499 66 2831 455 312 2832 501 312 2833 498 312 2834 455 243 2835 498 243 2836 459 243 2837 502 313 2838 485 313 2839 495 313 2840 502 66 2841 487 66 2842 485 66 2843 467 66 2844 463 66 2845 500 66 2846 450 66 2847 503 66 2848 501 66 2849 450 314 2850 501 314 2851 455 314 2852 473 315 2853 500 315 2854 504 315 2855 505 66 2856 496 66 2857 447 66 2858 505 241 2859 447 241 2860 444 241 2861 473 66 2862 467 66 2863 500 66 2864 449 66 2865 506 66 2866 503 66 2867 449 375 2868 503 375 2869 450 375 2870 507 66 2871 489 66 2872 487 66 2873 507 66 2874 487 66 2875 502 66 2876 508 66 2877 505 66 2878 444 66 2879 508 376 2880 444 376 2881 443 376 2882 475 66 2883 504 66 2884 509 66 2885 475 66 2886 473 66 2887 504 66 2888 510 66 2889 491 66 2890 489 66 2891 510 377 2892 489 377 2893 507 377 2894 471 66 2895 511 66 2896 506 66 2897 512 66 2898 508 66 2899 443 66 2900 471 66 2901 506 66 2902 449 66 2903 513 245 2904 491 245 2905 510 245 2906 513 66 2907 443 66 2908 493 66 2909 513 376 2910 493 376 2911 491 376 2912 513 378 2913 512 378 2914 443 378 2915 477 379 2916 509 379 2917 514 379 2918 477 66 2919 475 66 2920 509 66 2921 515 319 2922 511 319 2923 471 319 2924 469 66 2925 515 66 2926 471 66 2927 479 80 2928 514 80 2929 516 80 2930 479 66 2931 477 66 2932 514 66 2933 517 248 2934 515 248 2935 469 248 2936 465 66 2937 517 66 2938 469 66 2939 481 243 2940 479 243 2941 516 243 2942 518 66 2943 481 66 2944 516 66 2945 519 66 2946 465 66 2947 461 66 2948 519 380 2949 517 380 2950 465 380 2951 483 381 2952 481 381 2953 518 381 2954 494 382 2955 483 382 2956 518 382 2957 497 66 2958 519 66 2959 461 66 2960 497 241 2961 461 241 2962 457 241 2963 496 5 2964 505 5 2965 520 5 2966 496 322 2967 520 322 2968 521 322 2969 506 94 2970 522 94 2971 523 94 2972 497 176 2973 496 176 2974 521 176 2975 497 383 2976 521 383 2977 524 383 2978 503 384 2979 523 384 2980 525 384 2981 503 252 2982 506 252 2983 523 252 2984 519 323 2985 497 323 2986 524 323 2987 519 325 2988 524 325 2989 526 325 2990 501 103 2991 525 103 2992 527 103 2993 517 255 2994 519 255 2995 526 255 2996 501 99 2997 503 99 2998 525 99 2999 517 104 3000 526 104 3001 528 104 3002 498 327 3003 527 327 3004 529 327 3005 515 385 3006 528 385 3007 530 385 3008 498 103 3009 501 103 3010 527 103 3011 515 104 3012 517 104 3013 528 104 3014 511 184 3015 515 184 3016 530 184 3017 499 260 3018 529 260 3019 531 260 3020 499 261 3021 498 261 3022 529 261 3023 506 386 3024 530 386 3025 522 386 3026 506 186 3027 511 186 3028 530 186 3029 500 387 3030 531 387 3031 532 387 3032 500 188 3033 499 188 3034 531 188 3035 504 27 3036 532 27 3037 533 27 3038 504 329 3039 500 329 3040 532 329 3041 509 388 3042 533 388 3043 534 388 3044 509 27 3045 504 27 3046 533 27 3047 514 262 3048 534 262 3049 535 262 3050 514 330 3051 509 330 3052 534 330 3053 516 389 3054 535 389 3055 536 389 3056 516 191 3057 514 191 3058 535 191 3059 518 192 3060 536 192 3061 537 192 3062 518 265 3063 516 265 3064 536 265 3065 494 120 3066 518 120 3067 537 120 3068 494 390 3069 537 390 3070 538 390 3071 495 193 3072 494 193 3073 538 193 3074 495 124 3075 538 124 3076 539 124 3077 502 124 3078 495 124 3079 539 124 3080 502 391 3081 539 391 3082 540 391 3083 507 126 3084 502 126 3085 540 126 3086 507 392 3087 540 392 3088 541 392 3089 510 128 3090 507 128 3091 541 128 3092 510 197 3093 541 197 3094 542 197 3095 513 130 3096 510 130 3097 542 130 3098 513 343 3099 542 343 3100 543 343 3101 512 270 3102 513 270 3103 543 270 3104 512 393 3105 543 393 3106 544 393 3107 508 394 3108 512 394 3109 544 394 3110 508 346 3111 544 346 3112 545 346 3113 505 136 3114 508 136 3115 545 136 3116 505 5 3117 545 5 3118 520 5 3119 546 395 3120 547 395 3121 548 395 3122 549 396 3123 547 396 3124 546 396 3125 548 397 3126 550 397 3127 551 397 3128 547 398 3129 550 398 3130 548 398 3131 552 399 3132 553 399 3133 554 399 3134 551 27 3135 555 27 3136 556 27 3137 554 400 3138 553 400 3139 557 400 3140 550 27 3141 555 27 3142 551 27 3143 557 401 3144 558 401 3145 559 401 3146 556 402 3147 560 402 3148 561 402 3149 553 403 3150 558 403 3151 557 403 3152 555 404 3153 560 404 3154 556 404 3155 559 405 3156 562 405 3157 563 405 3158 561 406 3159 564 406 3160 565 406 3161 558 407 3162 562 407 3163 559 407 3164 560 406 3165 564 406 3166 561 406 3167 563 408 3168 566 408 3169 567 408 3170 565 409 3171 568 409 3172 569 409 3173 562 410 3174 566 410 3175 563 410 3176 564 411 3177 568 411 3178 565 411 3179 567 412 3180 570 412 3181 571 412 3182 569 413 3183 572 413 3184 573 413 3185 566 412 3186 570 412 3187 567 412 3188 568 414 3189 572 414 3190 569 414 3191 573 415 3192 574 415 3193 575 415 3194 572 416 3195 574 416 3196 573 416 3197 571 417 3198 576 417 3199 577 417 3200 575 418 3201 552 418 3202 554 418 3203 570 419 3204 576 419 3205 571 419 3206 574 420 3207 552 420 3208 575 420 3209 577 5 3210 578 5 3211 579 5 3212 576 5 3213 578 5 3214 577 5 3215 579 421 3216 580 421 3217 581 421 3218 578 422 3219 580 422 3220 579 422 3221 581 423 3222 582 423 3223 583 423 3224 580 424 3225 582 424 3226 581 424 3227 583 425 3228 584 425 3229 585 425 3230 582 426 3231 584 426 3232 583 426 3233 584 427 3234 586 427 3235 585 427 3236 585 428 3237 586 428 3238 587 428 3239 586 429 3240 588 429 3241 587 429 3242 587 430 3243 588 430 3244 589 430 3245 588 431 3246 590 431 3247 589 431 3248 589 431 3249 590 431 3250 591 431 3251 591 432 3252 592 432 3253 593 432 3254 590 433 3255 592 433 3256 591 433 3257 592 434 3258 594 434 3259 593 434 3260 593 435 3261 594 435 3262 595 435 3263 595 436 3264 596 436 3265 597 436 3266 594 437 3267 596 437 3268 595 437 3269 597 438 3270 549 438 3271 546 438 3272 596 439 3273 549 439 3274 597 439 3275 598 200 3276 599 200 3277 70 200 3278 598 200 3279 70 200 3280 67 200 3281 600 135 3282 598 135 3283 67 135 3284 600 136 3285 67 136 3286 63 136 3287 601 94 3288 602 94 3289 65 94 3290 601 252 3291 65 252 3292 62 252 3293 603 5 3294 600 5 3295 63 5 3296 603 5 3297 63 5 3298 55 5 3299 604 99 3300 62 99 3301 59 99 3302 605 89 3303 603 89 3304 55 89 3305 604 178 3306 601 178 3307 62 178 3308 605 176 3309 55 176 3310 52 176 3311 606 103 3312 59 103 3313 56 103 3314 607 180 3315 605 180 3316 52 180 3317 607 180 3318 52 180 3319 77 180 3320 606 103 3321 604 103 3322 59 103 3323 608 107 3324 56 107 3325 57 107 3326 609 253 3327 607 253 3328 77 253 3329 609 98 3330 77 98 3331 75 98 3332 608 257 3333 606 257 3334 56 257 3335 610 188 3336 57 188 3337 58 188 3338 611 104 3339 75 104 3340 73 104 3341 610 111 3342 608 111 3343 57 111 3344 611 104 3345 609 104 3346 75 104 3347 612 184 3348 73 184 3349 69 184 3350 613 112 3351 58 112 3352 61 112 3353 612 183 3354 611 183 3355 73 183 3356 602 109 3357 69 109 3358 65 109 3359 613 112 3360 610 112 3361 58 112 3362 602 440 3363 612 440 3364 69 440 3365 614 27 3366 61 27 3367 64 27 3368 614 27 3369 613 27 3370 61 27 3371 615 115 3372 64 115 3373 72 115 3374 615 115 3375 614 115 3376 64 115 3377 616 191 3378 72 191 3379 74 191 3380 616 117 3381 615 117 3382 72 117 3383 617 119 3384 74 119 3385 76 119 3386 617 263 3387 616 263 3388 74 263 3389 618 120 3390 76 120 3391 54 120 3392 618 192 3393 617 192 3394 76 192 3395 619 122 3396 618 122 3397 54 122 3398 619 193 3399 54 193 3400 53 193 3401 620 124 3402 619 124 3403 53 124 3404 620 124 3405 53 124 3406 60 124 3407 621 195 3408 620 195 3409 60 195 3410 621 126 3411 60 126 3412 66 126 3413 622 196 3414 621 196 3415 66 196 3416 622 128 3417 66 128 3418 68 128 3419 623 197 3420 622 197 3421 68 197 3422 623 130 3423 68 130 3424 71 130 3425 599 269 3426 623 269 3427 71 269 3428 599 132 3429 71 132 3430 70 132 3431 618 441 3432 586 441 3433 584 441 3434 605 442 3435 607 442 3436 560 442 3437 605 443 3438 560 443 3439 555 443 3440 562 444 3441 606 444 3442 608 444 3443 619 66 3444 586 66 3445 618 66 3446 566 66 3447 608 66 3448 610 66 3449 619 66 3450 588 66 3451 586 66 3452 566 66 3453 562 66 3454 608 66 3455 603 66 3456 605 66 3457 555 66 3458 603 66 3459 555 66 3460 550 66 3461 558 445 3462 604 445 3463 606 445 3464 558 446 3465 606 446 3466 562 446 3467 570 447 3468 610 447 3469 613 447 3470 570 66 3471 566 66 3472 610 66 3473 620 66 3474 590 66 3475 588 66 3476 620 66 3477 588 66 3478 619 66 3479 553 448 3480 601 448 3481 604 448 3482 600 449 3483 550 449 3484 547 449 3485 553 66 3486 604 66 3487 558 66 3488 600 66 3489 603 66 3490 550 66 3491 576 66 3492 613 66 3493 614 66 3494 621 66 3495 592 66 3496 590 66 3497 621 66 3498 590 66 3499 620 66 3500 576 450 3501 570 450 3502 613 450 3503 598 66 3504 600 66 3505 547 66 3506 552 66 3507 602 66 3508 601 66 3509 598 451 3510 547 451 3511 549 451 3512 622 66 3513 594 66 3514 592 66 3515 552 66 3516 601 66 3517 553 66 3518 622 452 3519 592 452 3520 621 452 3521 578 66 3522 614 66 3523 615 66 3524 599 453 3525 549 453 3526 596 453 3527 578 66 3528 576 66 3529 614 66 3530 599 66 3531 598 66 3532 549 66 3533 623 454 3534 596 454 3535 594 454 3536 623 66 3537 594 66 3538 622 66 3539 623 66 3540 599 66 3541 596 66 3542 574 66 3543 612 66 3544 602 66 3545 574 66 3546 602 66 3547 552 66 3548 580 66 3549 578 66 3550 615 66 3551 616 66 3552 580 66 3553 615 66 3554 572 66 3555 611 66 3556 612 66 3557 572 455 3558 612 455 3559 574 455 3560 582 66 3561 580 66 3562 616 66 3563 568 456 3564 609 456 3565 611 456 3566 568 66 3567 611 66 3568 572 66 3569 617 457 3570 584 457 3571 582 457 3572 617 66 3573 582 66 3574 616 66 3575 564 66 3576 609 66 3577 568 66 3578 607 458 3579 609 458 3580 564 458 3581 560 66 3582 607 66 3583 564 66 3584 618 66 3585 584 66 3586 617 66 3587 585 48 3588 537 48 3589 536 48 3590 587 48 3591 537 48 3592 585 48 3593 524 459 3594 521 459 3595 561 459 3596 561 48 3597 521 48 3598 556 48 3599 527 48 3600 563 48 3601 529 48 3602 529 48 3603 567 48 3604 531 48 3605 587 460 3606 538 460 3607 537 460 3608 563 48 3609 567 48 3610 529 48 3611 589 461 3612 538 461 3613 587 461 3614 525 462 3615 559 462 3616 527 462 3617 521 463 3618 520 463 3619 556 463 3620 556 48 3621 520 48 3622 551 48 3623 527 464 3624 559 464 3625 563 464 3626 531 465 3627 571 465 3628 532 465 3629 567 48 3630 571 48 3631 531 48 3632 591 48 3633 539 48 3634 589 48 3635 589 48 3636 539 48 3637 538 48 3638 523 48 3639 557 48 3640 525 48 3641 520 48 3642 545 48 3643 551 48 3644 551 48 3645 545 48 3646 548 48 3647 525 48 3648 557 48 3649 559 48 3650 532 48 3651 577 48 3652 533 48 3653 593 48 3654 540 48 3655 591 48 3656 591 48 3657 540 48 3658 539 48 3659 571 48 3660 577 48 3661 532 48 3662 522 48 3663 554 48 3664 523 48 3665 548 48 3666 544 48 3667 546 48 3668 545 466 3669 544 466 3670 548 466 3671 593 467 3672 541 467 3673 540 467 3674 595 48 3675 541 48 3676 593 48 3677 523 468 3678 554 468 3679 557 468 3680 533 469 3681 579 469 3682 534 469 3683 546 48 3684 543 48 3685 597 48 3686 577 48 3687 579 48 3688 533 48 3689 544 462 3690 543 462 3691 546 462 3692 595 470 3693 542 470 3694 541 470 3695 597 471 3696 542 471 3697 595 471 3698 543 48 3699 542 48 3700 597 48 3701 530 472 3702 575 472 3703 522 472 3704 522 48 3705 575 48 3706 554 48 3707 579 48 3708 581 48 3709 534 48 3710 581 48 3711 535 48 3712 534 48 3713 528 473 3714 573 473 3715 530 473 3716 530 48 3717 573 48 3718 575 48 3719 581 48 3720 583 48 3721 535 48 3722 526 48 3723 569 48 3724 528 48 3725 528 48 3726 569 48 3727 573 48 3728 585 48 3729 536 48 3730 583 48 3731 583 474 3732 536 474 3733 535 474 3734 526 48 3735 565 48 3736 569 48 3737 526 48 3738 524 48 3739 565 48 3740 524 48 3741 561 48 3742 565 48 3743 624 475 3744 625 475 3745 626 475 3746 624 476 3747 627 476 3748 625 476 3749 628 477 3750 626 477 3751 629 477 3752 628 478 3753 624 478 3754 626 478 3755 630 479 3756 631 479 3757 632 479 3758 633 5 3759 629 5 3760 634 5 3761 630 480 3762 635 480 3763 631 480 3764 633 5 3765 628 5 3766 629 5 3767 636 481 3768 632 481 3769 637 481 3770 638 482 3771 634 482 3772 639 482 3773 636 37 3774 630 37 3775 632 37 3776 638 483 3777 633 483 3778 634 483 3779 640 484 3780 637 484 3781 641 484 3782 642 485 3783 639 485 3784 643 485 3785 640 484 3786 636 484 3787 637 484 3788 642 486 3789 638 486 3790 639 486 3791 644 287 3792 641 287 3793 645 287 3794 646 487 3795 643 487 3796 647 487 3797 644 488 3798 640 488 3799 641 488 3800 646 46 3801 642 46 3802 643 46 3803 648 489 3804 645 489 3805 649 489 3806 650 490 3807 647 490 3808 651 490 3809 648 491 3810 644 491 3811 645 491 3812 650 490 3813 646 490 3814 647 490 3815 652 42 3816 651 42 3817 653 42 3818 652 492 3819 650 492 3820 651 492 3821 654 493 3822 649 493 3823 655 493 3824 635 494 3825 653 494 3826 631 494 3827 654 495 3828 648 495 3829 649 495 3830 635 496 3831 652 496 3832 653 496 3833 656 27 3834 655 27 3835 657 27 3836 656 27 3837 654 27 3838 655 27 3839 658 497 3840 657 497 3841 659 497 3842 658 498 3843 656 498 3844 657 498 3845 660 499 3846 659 499 3847 661 499 3848 660 500 3849 658 500 3850 659 500 3851 662 211 3852 661 211 3853 663 211 3854 662 501 3855 660 501 3856 661 501 3857 664 502 3858 662 502 3859 663 502 3860 664 503 3861 663 503 3862 665 503 3863 666 7 3864 664 7 3865 665 7 3866 666 7 3867 665 7 3868 667 7 3869 668 504 3870 666 504 3871 667 504 3872 668 505 3873 667 505 3874 669 505 3875 670 506 3876 669 506 3877 671 506 3878 670 507 3879 668 507 3880 669 507 3881 672 22 3882 671 22 3883 673 22 3884 672 22 3885 670 22 3886 671 22 3887 674 508 3888 673 508 3889 675 508 3890 674 509 3891 672 509 3892 673 509 3893 627 510 3894 675 510 3895 625 510 3896 627 15 3897 674 15 3898 675 15 3899 664 66 3900 676 66 3901 677 66 3902 666 66 3903 676 66 3904 664 66 3905 678 66 3906 679 66 3907 633 66 3908 679 66 3909 628 66 3910 633 66 3911 680 511 3912 640 511 3913 681 511 3914 666 172 3915 682 172 3916 676 172 3917 668 66 3918 682 66 3919 666 66 3920 681 512 3921 644 512 3922 683 512 3923 640 513 3924 644 513 3925 681 513 3926 684 66 3927 636 66 3928 680 66 3929 680 70 3930 636 70 3931 640 70 3932 683 66 3933 648 66 3934 685 66 3935 644 246 3936 648 246 3937 683 246 3938 628 66 3939 686 66 3940 624 66 3941 679 66 3942 686 66 3943 628 66 3944 687 66 3945 630 66 3946 684 66 3947 684 514 3948 630 514 3949 636 514 3950 670 515 3951 688 515 3952 668 515 3953 668 66 3954 688 66 3955 682 66 3956 624 66 3957 689 66 3958 627 66 3959 648 66 3960 654 66 3961 685 66 3962 686 66 3963 689 66 3964 624 66 3965 672 66 3966 690 66 3967 670 66 3968 654 66 3969 691 66 3970 685 66 3971 670 83 3972 690 83 3973 688 83 3974 692 66 3975 635 66 3976 687 66 3977 627 66 3978 693 66 3979 674 66 3980 687 516 3981 635 516 3982 630 516 3983 689 66 3984 693 66 3985 627 66 3986 674 66 3987 694 66 3988 672 66 3989 693 517 3990 694 517 3991 674 517 3992 672 517 3993 694 517 3994 690 517 3995 654 66 3996 656 66 3997 691 66 3998 695 75 3999 652 75 4000 692 75 4001 692 66 4002 652 66 4003 635 66 4004 656 518 4005 696 518 4006 691 518 4007 656 519 4008 658 519 4009 696 519 4010 697 66 4011 650 66 4012 695 66 4013 695 520 4014 650 520 4015 652 520 4016 658 66 4017 698 66 4018 696 66 4019 658 66 4020 660 66 4021 698 66 4022 699 248 4023 646 248 4024 697 248 4025 697 66 4026 646 66 4027 650 66 4028 660 66 4029 700 66 4030 698 66 4031 662 521 4032 700 521 4033 660 521 4034 699 66 4035 642 66 4036 646 66 4037 699 66 4038 701 66 4039 642 66 4040 662 67 4041 677 67 4042 700 67 4043 664 522 4044 677 522 4045 662 522 4046 701 166 4047 638 166 4048 642 166 4049 701 66 4050 678 66 4051 638 66 4052 678 237 4053 633 237 4054 638 237 4055 634 48 4056 702 48 4057 639 48 4058 703 523 4059 665 523 4060 704 523 4061 703 48 4062 667 48 4063 665 48 4064 705 56 4065 702 56 4066 634 56 4067 629 48 4068 705 48 4069 634 48 4070 645 48 4071 706 48 4072 707 48 4073 645 48 4074 641 48 4075 706 48 4076 708 524 4077 667 524 4078 703 524 4079 637 48 4080 709 48 4081 706 48 4082 708 48 4083 669 48 4084 667 48 4085 637 48 4086 706 48 4087 641 48 4088 649 159 4089 707 159 4090 710 159 4091 649 48 4092 645 48 4093 707 48 4094 632 64 4095 711 64 4096 709 64 4097 632 525 4098 712 525 4099 711 525 4100 713 48 4101 705 48 4102 629 48 4103 632 148 4104 709 148 4105 637 148 4106 655 526 4107 710 526 4108 714 526 4109 715 527 4110 673 527 4111 671 527 4112 715 48 4113 671 48 4114 669 48 4115 655 528 4116 649 528 4117 710 528 4118 715 48 4119 669 48 4120 708 48 4121 716 48 4122 629 48 4123 626 48 4124 716 529 4125 713 529 4126 629 529 4127 717 48 4128 673 48 4129 715 48 4130 631 48 4131 712 48 4132 632 48 4133 718 48 4134 626 48 4135 625 48 4136 657 48 4137 714 48 4138 719 48 4139 718 530 4140 716 530 4141 626 530 4142 657 48 4143 655 48 4144 714 48 4145 720 48 4146 625 48 4147 675 48 4148 653 48 4149 721 48 4150 712 48 4151 720 51 4152 675 51 4153 673 51 4154 720 57 4155 673 57 4156 717 57 4157 720 48 4158 718 48 4159 625 48 4160 653 48 4161 712 48 4162 631 48 4163 659 531 4164 719 531 4165 722 531 4166 659 48 4167 657 48 4168 719 48 4169 651 48 4170 723 48 4171 721 48 4172 651 532 4173 721 532 4174 653 532 4175 724 533 4176 659 533 4177 722 533 4178 661 48 4179 659 48 4180 724 48 4181 647 48 4182 725 48 4183 723 48 4184 647 48 4185 723 48 4186 651 48 4187 726 48 4188 663 48 4189 661 48 4190 726 48 4191 661 48 4192 724 48 4193 727 48 4194 725 48 4195 647 48 4196 727 48 4197 647 48 4198 643 48 4199 704 48 4200 665 48 4201 663 48 4202 704 48 4203 663 48 4204 726 48 4205 702 534 4206 727 534 4207 643 534 4208 702 535 4209 643 535 4210 639 535 4211 705 5 4212 713 5 4213 728 5 4214 705 536 4215 728 536 4216 729 536 4217 712 537 4218 730 537 4219 731 537 4220 702 538 4221 705 538 4222 729 538 4223 702 133 4224 729 133 4225 732 133 4226 711 539 4227 731 539 4228 733 539 4229 711 124 4230 712 124 4231 731 124 4232 727 134 4233 702 134 4234 732 134 4235 727 540 4236 732 540 4237 734 540 4238 709 541 4239 733 541 4240 735 541 4241 725 542 4242 727 542 4243 734 542 4244 709 543 4245 711 543 4246 733 543 4247 725 544 4248 734 544 4249 736 544 4250 706 545 4251 735 545 4252 737 545 4253 723 546 4254 736 546 4255 738 546 4256 706 547 4257 709 547 4258 735 547 4259 723 548 4260 725 548 4261 736 548 4262 721 549 4263 723 549 4264 738 549 4265 707 550 4266 737 550 4267 739 550 4268 707 551 4269 706 551 4270 737 551 4271 712 125 4272 738 125 4273 730 125 4274 712 126 4275 721 126 4276 738 126 4277 710 552 4278 739 552 4279 740 552 4280 710 191 4281 707 191 4282 739 191 4283 714 27 4284 740 27 4285 741 27 4286 714 115 4287 710 115 4288 740 115 4289 719 553 4290 741 553 4291 742 553 4292 719 27 4293 714 27 4294 741 27 4295 722 554 4296 742 554 4297 743 554 4298 722 112 4299 719 112 4300 742 112 4301 724 555 4302 743 555 4303 744 555 4304 724 188 4305 722 188 4306 743 188 4307 726 556 4308 744 556 4309 745 556 4310 726 555 4311 724 555 4312 744 555 4313 704 557 4314 726 557 4315 745 557 4316 704 558 4317 745 558 4318 746 558 4319 703 559 4320 704 559 4321 746 559 4322 703 560 4323 746 560 4324 747 560 4325 708 94 4326 703 94 4327 747 94 4328 708 108 4329 747 108 4330 748 108 4331 715 561 4332 708 561 4333 748 561 4334 715 562 4335 748 562 4336 749 562 4337 717 563 4338 715 563 4339 749 563 4340 717 564 4341 749 564 4342 750 564 4343 720 565 4344 717 565 4345 750 565 4346 720 566 4347 750 566 4348 751 566 4349 718 566 4350 720 566 4351 751 566 4352 718 92 4353 751 92 4354 752 92 4355 716 180 4356 718 180 4357 752 180 4358 716 567 4359 752 567 4360 753 567 4361 713 176 4362 716 176 4363 753 176 4364 713 5 4365 753 5 4366 728 5 4367 754 475 4368 755 475 4369 756 475 4370 754 568 4371 757 568 4372 755 568 4373 758 569 4374 756 569 4375 759 569 4376 758 478 4377 754 478 4378 756 478 4379 760 480 4380 761 480 4381 762 480 4382 763 5 4383 759 5 4384 764 5 4385 760 570 4386 765 570 4387 761 570 4388 763 5 4389 758 5 4390 759 5 4391 766 481 4392 762 481 4393 767 481 4394 768 483 4395 764 483 4396 769 483 4397 766 37 4398 760 37 4399 762 37 4400 768 483 4401 763 483 4402 764 483 4403 770 571 4404 767 571 4405 771 571 4406 772 572 4407 769 572 4408 773 572 4409 770 573 4410 766 573 4411 767 573 4412 772 572 4413 768 572 4414 769 572 4415 774 287 4416 771 287 4417 775 287 4418 776 574 4419 773 574 4420 777 574 4421 774 575 4422 770 575 4423 771 575 4424 776 576 4425 772 576 4426 773 576 4427 778 577 4428 775 577 4429 779 577 4430 780 578 4431 777 578 4432 781 578 4433 778 489 4434 774 489 4435 775 489 4436 780 579 4437 776 579 4438 777 579 4439 782 42 4440 781 42 4441 783 42 4442 782 580 4443 780 580 4444 781 580 4445 784 493 4446 779 493 4447 785 493 4448 765 581 4449 783 581 4450 761 581 4451 784 493 4452 778 493 4453 779 493 4454 765 582 4455 782 582 4456 783 582 4457 786 27 4458 785 27 4459 787 27 4460 786 27 4461 784 27 4462 785 27 4463 788 497 4464 787 497 4465 789 497 4466 788 583 4467 786 583 4468 787 583 4469 790 584 4470 789 584 4471 791 584 4472 790 499 4473 788 499 4474 789 499 4475 792 278 4476 791 278 4477 793 278 4478 792 141 4479 790 141 4480 791 141 4481 794 585 4482 792 585 4483 793 585 4484 794 502 4485 793 502 4486 795 502 4487 796 7 4488 794 7 4489 795 7 4490 796 7 4491 795 7 4492 797 7 4493 798 586 4494 796 586 4495 797 586 4496 798 504 4497 797 504 4498 799 504 4499 800 587 4500 799 587 4501 801 587 4502 800 588 4503 798 588 4504 799 588 4505 802 22 4506 801 22 4507 803 22 4508 802 23 4509 800 23 4510 801 23 4511 804 508 4512 803 508 4513 805 508 4514 804 589 4515 802 589 4516 803 589 4517 757 15 4518 805 15 4519 755 15 4520 757 590 4521 804 590 4522 805 590 4523 729 164 4524 763 164 4525 768 164 4526 794 83 4527 746 83 4528 745 83 4529 796 66 4530 746 66 4531 794 66 4532 729 591 4533 728 591 4534 763 591 4535 735 67 4536 770 67 4537 737 67 4538 728 66 4539 758 66 4540 763 66 4541 737 66 4542 774 66 4543 739 66 4544 770 66 4545 774 66 4546 737 66 4547 796 66 4548 747 66 4549 746 66 4550 733 66 4551 766 66 4552 735 66 4553 798 66 4554 747 66 4555 796 66 4556 735 70 4557 766 70 4558 770 70 4559 739 66 4560 778 66 4561 740 66 4562 774 66 4563 778 66 4564 739 66 4565 731 66 4566 760 66 4567 733 66 4568 758 66 4569 753 66 4570 754 66 4571 728 66 4572 753 66 4573 758 66 4574 733 592 4575 760 592 4576 766 592 4577 778 66 4578 784 66 4579 740 66 4580 800 66 4581 748 66 4582 798 66 4583 798 66 4584 748 66 4585 747 66 4586 784 66 4587 741 66 4588 740 66 4589 730 66 4590 765 66 4591 731 66 4592 754 66 4593 752 66 4594 757 66 4595 753 593 4596 752 593 4597 754 593 4598 731 66 4599 765 66 4600 760 66 4601 802 66 4602 749 66 4603 800 66 4604 800 66 4605 749 66 4606 748 66 4607 757 66 4608 751 66 4609 804 66 4610 752 66 4611 751 66 4612 757 66 4613 784 66 4614 786 66 4615 741 66 4616 804 594 4617 750 594 4618 802 594 4619 738 66 4620 782 66 4621 730 66 4622 802 79 4623 750 79 4624 749 79 4625 751 595 4626 750 595 4627 804 595 4628 730 66 4629 782 66 4630 765 66 4631 786 596 4632 742 596 4633 741 596 4634 786 519 4635 788 519 4636 742 519 4637 736 66 4638 780 66 4639 738 66 4640 738 520 4641 780 520 4642 782 520 4643 788 71 4644 743 71 4645 742 71 4646 788 66 4647 790 66 4648 743 66 4649 734 78 4650 776 78 4651 736 78 4652 736 66 4653 776 66 4654 780 66 4655 792 597 4656 744 597 4657 790 597 4658 790 66 4659 744 66 4660 743 66 4661 734 66 4662 772 66 4663 776 66 4664 734 66 4665 732 66 4666 772 66 4667 792 72 4668 745 72 4669 744 72 4670 794 522 4671 745 522 4672 792 522 4673 732 166 4674 768 166 4675 772 166 4676 732 593 4677 729 593 4678 768 593 4679 806 523 4680 795 523 4681 807 523 4682 806 48 4683 797 48 4684 795 48 4685 808 530 4686 809 530 4687 769 530 4688 808 598 4689 769 598 4690 764 598 4691 810 599 4692 797 599 4693 806 599 4694 810 48 4695 799 48 4696 797 48 4697 775 600 4698 811 600 4699 812 600 4700 775 48 4701 771 48 4702 811 48 4703 767 48 4704 813 48 4705 811 48 4706 767 601 4707 814 601 4708 813 601 4709 767 48 4710 811 48 4711 771 48 4712 779 159 4713 812 159 4714 815 159 4715 779 61 4716 775 61 4717 812 61 4718 816 48 4719 764 48 4720 759 48 4721 816 48 4722 808 48 4723 764 48 4724 762 48 4725 814 48 4726 767 48 4727 785 602 4728 815 602 4729 817 602 4730 818 48 4731 803 48 4732 801 48 4733 818 48 4734 801 48 4735 799 48 4736 818 48 4737 799 48 4738 810 48 4739 785 48 4740 779 48 4741 815 48 4742 819 603 4743 759 603 4744 756 603 4745 819 48 4746 756 48 4747 755 48 4748 819 529 4749 816 529 4750 759 529 4751 761 48 4752 820 48 4753 814 48 4754 821 523 4755 803 523 4756 818 523 4757 761 603 4758 814 603 4759 762 603 4760 822 48 4761 819 48 4762 755 48 4763 787 48 4764 817 48 4765 823 48 4766 824 48 4767 755 48 4768 805 48 4769 824 48 4770 805 48 4771 803 48 4772 824 301 4773 803 301 4774 821 301 4775 787 48 4776 785 48 4777 817 48 4778 824 601 4779 822 601 4780 755 601 4781 783 48 4782 825 48 4783 820 48 4784 783 48 4785 820 48 4786 761 48 4787 789 531 4788 823 531 4789 826 531 4790 789 48 4791 787 48 4792 823 48 4793 781 604 4794 827 604 4795 825 604 4796 781 605 4797 825 605 4798 783 605 4799 791 300 4800 826 300 4801 828 300 4802 791 606 4803 789 606 4804 826 606 4805 829 607 4806 827 607 4807 781 607 4808 777 48 4809 829 48 4810 781 48 4811 793 51 4812 791 51 4813 828 51 4814 830 48 4815 793 48 4816 828 48 4817 831 48 4818 829 48 4819 777 48 4820 831 608 4821 777 608 4822 773 608 4823 807 48 4824 793 48 4825 830 48 4826 807 48 4827 795 48 4828 793 48 4829 809 48 4830 831 48 4831 773 48 4832 809 48 4833 773 48 4834 769 48 4835 808 5 4836 816 5 4837 832 5 4838 808 135 4839 832 135 4840 833 135 4841 820 124 4842 834 124 4843 835 124 4844 809 136 4845 808 136 4846 833 136 4847 809 609 4848 833 609 4849 836 609 4850 814 543 4851 835 543 4852 837 543 4853 814 610 4854 820 610 4855 835 610 4856 831 134 4857 809 134 4858 836 134 4859 831 611 4860 836 611 4861 838 611 4862 813 612 4863 837 612 4864 839 612 4865 829 613 4866 831 613 4867 838 613 4868 813 543 4869 814 543 4870 837 543 4871 829 614 4872 838 614 4873 840 614 4874 811 615 4875 839 615 4876 841 615 4877 827 616 4878 840 616 4879 842 616 4880 811 547 4881 813 547 4882 839 547 4883 827 548 4884 829 548 4885 840 548 4886 825 616 4887 827 616 4888 842 616 4889 812 114 4890 841 114 4891 843 114 4892 812 617 4893 811 617 4894 841 617 4895 820 195 4896 842 195 4897 834 195 4898 820 618 4899 825 618 4900 842 618 4901 815 189 4902 843 189 4903 844 189 4904 815 619 4905 812 619 4906 843 619 4907 817 27 4908 844 27 4909 845 27 4910 817 115 4911 815 115 4912 844 115 4913 823 187 4914 845 187 4915 846 187 4916 823 27 4917 817 27 4918 845 27 4919 826 111 4920 846 111 4921 847 111 4922 826 112 4923 823 112 4924 846 112 4925 828 620 4926 847 620 4927 848 620 4928 828 188 4929 826 188 4930 847 188 4931 830 621 4932 848 621 4933 849 621 4934 830 622 4935 828 622 4936 848 622 4937 807 557 4938 830 557 4939 849 557 4940 807 623 4941 849 623 4942 850 623 4943 806 559 4944 807 559 4945 850 559 4946 806 624 4947 850 624 4948 851 624 4949 810 252 4950 806 252 4951 851 252 4952 810 440 4953 851 440 4954 852 440 4955 818 561 4956 810 561 4957 852 561 4958 818 625 4959 852 625 4960 853 625 4961 821 563 4962 818 563 4963 853 563 4964 821 626 4965 853 626 4966 854 626 4967 824 565 4968 821 565 4969 854 565 4970 824 627 4971 854 627 4972 855 627 4973 822 628 4974 824 628 4975 855 628 4976 822 177 4977 855 177 4978 856 177 4979 819 180 4980 822 180 4981 856 180 4982 819 89 4983 856 89 4984 857 89 4985 816 176 4986 819 176 4987 857 176 4988 816 5 4989 857 5 4990 832 5 4991 858 629 4992 859 629 4993 860 629 4994 858 630 4995 861 630 4996 859 630 4997 862 631 4998 860 631 4999 863 631 5000 862 478 5001 858 478 5002 860 478 5003 864 479 5004 865 479 5005 866 479 5006 867 5 5007 863 5 5008 868 5 5009 864 632 5010 869 632 5011 865 632 5012 867 5 5013 862 5 5014 863 5 5015 870 633 5016 866 633 5017 871 633 5018 872 634 5019 868 634 5020 873 634 5021 870 635 5022 864 635 5023 866 635 5024 872 483 5025 867 483 5026 868 483 5027 874 636 5028 871 636 5029 875 636 5030 876 637 5031 873 637 5032 877 637 5033 874 638 5034 870 638 5035 871 638 5036 876 639 5037 872 639 5038 873 639 5039 878 144 5040 875 144 5041 879 144 5042 880 640 5043 877 640 5044 881 640 5045 878 224 5046 874 224 5047 875 224 5048 880 295 5049 876 295 5050 877 295 5051 882 489 5052 879 489 5053 883 489 5054 884 641 5055 881 641 5056 885 641 5057 882 577 5058 878 577 5059 879 577 5060 884 642 5061 880 642 5062 881 642 5063 886 643 5064 885 643 5065 887 643 5066 886 644 5067 884 644 5068 885 644 5069 888 645 5070 883 645 5071 889 645 5072 869 581 5073 887 581 5074 865 581 5075 888 646 5076 882 646 5077 883 646 5078 869 494 5079 886 494 5080 887 494 5081 890 27 5082 889 27 5083 891 27 5084 890 27 5085 888 27 5086 889 27 5087 892 647 5088 891 647 5089 893 647 5090 892 648 5091 890 648 5092 891 648 5093 894 649 5094 893 649 5095 895 649 5096 894 500 5097 892 500 5098 893 500 5099 896 650 5100 895 650 5101 897 650 5102 896 211 5103 894 211 5104 895 211 5105 898 502 5106 896 502 5107 897 502 5108 898 651 5109 897 651 5110 899 651 5111 900 652 5112 898 652 5113 899 652 5114 900 653 5115 899 653 5116 901 653 5117 902 654 5118 900 654 5119 901 654 5120 902 655 5121 901 655 5122 903 655 5123 904 587 5124 903 587 5125 905 587 5126 904 506 5127 902 506 5128 903 506 5129 906 656 5130 905 656 5131 907 656 5132 906 282 5133 904 282 5134 905 282 5135 908 589 5136 907 589 5137 909 589 5138 908 508 5139 906 508 5140 907 508 5141 861 510 5142 909 510 5143 859 510 5144 861 277 5145 908 277 5146 909 277 5147 898 68 5148 850 68 5149 849 68 5150 900 66 5151 850 66 5152 898 66 5153 833 66 5154 832 66 5155 867 66 5156 832 66 5157 862 66 5158 867 66 5159 839 66 5160 874 66 5161 841 66 5162 900 172 5163 851 172 5164 850 172 5165 841 66 5166 878 66 5167 843 66 5168 902 66 5169 851 66 5170 900 66 5171 874 657 5172 878 657 5173 841 657 5174 837 658 5175 870 658 5176 839 658 5177 839 166 5178 870 166 5179 874 166 5180 843 66 5181 882 66 5182 844 66 5183 878 66 5184 882 66 5185 843 66 5186 862 85 5187 857 85 5188 858 85 5189 832 66 5190 857 66 5191 862 66 5192 835 67 5193 864 67 5194 837 67 5195 837 592 5196 864 592 5197 870 592 5198 904 66 5199 852 66 5200 902 66 5201 882 66 5202 888 66 5203 844 66 5204 902 66 5205 852 66 5206 851 66 5207 858 66 5208 856 66 5209 861 66 5210 888 66 5211 845 66 5212 844 66 5213 857 66 5214 856 66 5215 858 66 5216 834 66 5217 869 66 5218 835 66 5219 906 66 5220 853 66 5221 904 66 5222 904 68 5223 853 68 5224 852 68 5225 835 516 5226 869 516 5227 864 516 5228 861 659 5229 855 659 5230 908 659 5231 856 66 5232 855 66 5233 861 66 5234 908 66 5235 854 66 5236 906 66 5237 906 66 5238 854 66 5239 853 66 5240 888 66 5241 890 66 5242 845 66 5243 855 66 5244 854 66 5245 908 66 5246 842 66 5247 886 66 5248 834 66 5249 834 66 5250 886 66 5251 869 66 5252 890 596 5253 846 596 5254 845 596 5255 890 66 5256 892 66 5257 846 66 5258 840 247 5259 884 247 5260 842 247 5261 842 66 5262 884 66 5263 886 66 5264 892 66 5265 847 66 5266 846 66 5267 892 660 5268 894 660 5269 847 660 5270 838 661 5271 880 661 5272 840 661 5273 840 66 5274 880 66 5275 884 66 5276 896 662 5277 848 662 5278 894 662 5279 894 248 5280 848 248 5281 847 248 5282 838 66 5283 876 66 5284 880 66 5285 838 247 5286 836 247 5287 876 247 5288 896 66 5289 849 66 5290 848 66 5291 898 66 5292 849 66 5293 896 66 5294 836 376 5295 872 376 5296 876 376 5297 836 66 5298 833 66 5299 872 66 5300 833 167 5301 867 167 5302 872 167 5303 910 523 5304 899 523 5305 911 523 5306 910 48 5307 901 48 5308 899 48 5309 912 48 5310 913 48 5311 873 48 5312 912 663 5313 873 663 5314 868 663 5315 914 48 5316 901 48 5317 910 48 5318 914 48 5319 903 48 5320 901 48 5321 879 48 5322 915 48 5323 916 48 5324 879 48 5325 875 48 5326 915 48 5327 871 48 5328 917 48 5329 915 48 5330 871 48 5331 918 48 5332 917 48 5333 871 664 5334 915 664 5335 875 664 5336 883 60 5337 916 60 5338 919 60 5339 883 48 5340 879 48 5341 916 48 5342 920 48 5343 868 48 5344 863 48 5345 920 48 5346 912 48 5347 868 48 5348 866 48 5349 918 48 5350 871 48 5351 889 665 5352 919 665 5353 921 665 5354 922 48 5355 907 48 5356 905 48 5357 922 48 5358 905 48 5359 903 48 5360 922 48 5361 903 48 5362 914 48 5363 889 666 5364 883 666 5365 919 666 5366 923 667 5367 863 667 5368 860 667 5369 923 668 5370 860 668 5371 859 668 5372 923 48 5373 920 48 5374 863 48 5375 865 48 5376 924 48 5377 918 48 5378 925 523 5379 907 523 5380 922 523 5381 865 48 5382 918 48 5383 866 48 5384 926 48 5385 923 48 5386 859 48 5387 891 48 5388 921 48 5389 927 48 5390 928 48 5391 859 48 5392 909 48 5393 928 163 5394 909 163 5395 907 163 5396 928 235 5397 907 235 5398 925 235 5399 891 48 5400 889 48 5401 921 48 5402 928 48 5403 926 48 5404 859 48 5405 887 48 5406 929 48 5407 924 48 5408 887 48 5409 924 48 5410 865 48 5411 893 669 5412 927 669 5413 930 669 5414 893 48 5415 891 48 5416 927 48 5417 885 48 5418 931 48 5419 929 48 5420 885 48 5421 929 48 5422 887 48 5423 895 669 5424 930 669 5425 932 669 5426 895 670 5427 893 670 5428 930 670 5429 933 671 5430 931 671 5431 885 671 5432 881 48 5433 933 48 5434 885 48 5435 897 664 5436 895 664 5437 932 664 5438 934 48 5439 897 48 5440 932 48 5441 935 524 5442 933 524 5443 881 524 5444 935 608 5445 881 608 5446 877 608 5447 911 360 5448 897 360 5449 934 360 5450 911 48 5451 899 48 5452 897 48 5453 913 607 5454 935 607 5455 877 607 5456 913 153 5457 877 153 5458 873 153 5459 912 5 5460 920 5 5461 936 5 5462 912 672 5463 936 672 5464 937 672 5465 924 124 5466 938 124 5467 939 124 5468 913 136 5469 912 136 5470 937 136 5471 913 344 5472 937 344 5473 940 344 5474 918 673 5475 939 673 5476 941 673 5477 918 124 5478 924 124 5479 939 124 5480 935 674 5481 913 674 5482 940 674 5483 935 540 5484 940 540 5485 942 540 5486 917 675 5487 941 675 5488 943 675 5489 933 613 5490 935 613 5491 942 613 5492 917 543 5493 918 543 5494 941 543 5495 933 676 5496 942 676 5497 944 676 5498 915 545 5499 943 545 5500 945 545 5501 931 677 5502 944 677 5503 946 677 5504 915 678 5505 917 678 5506 943 678 5507 931 679 5508 933 679 5509 944 679 5510 929 125 5511 946 125 5512 938 125 5513 929 549 5514 931 549 5515 946 549 5516 916 114 5517 945 114 5518 947 114 5519 916 617 5520 915 617 5521 945 617 5522 924 195 5523 929 195 5524 938 195 5525 919 680 5526 947 680 5527 948 680 5528 919 619 5529 916 619 5530 947 619 5531 921 27 5532 948 27 5533 949 27 5534 921 189 5535 919 189 5536 948 189 5537 927 681 5538 949 681 5539 950 681 5540 927 27 5541 921 27 5542 949 27 5543 930 111 5544 950 111 5545 951 111 5546 930 187 5547 927 187 5548 950 187 5549 932 555 5550 951 555 5551 952 555 5552 932 188 5553 930 188 5554 951 188 5555 934 682 5556 952 682 5557 953 682 5558 934 620 5559 932 620 5560 952 620 5561 911 683 5562 934 683 5563 953 683 5564 911 684 5565 953 684 5566 954 684 5567 910 559 5568 911 559 5569 954 559 5570 910 624 5571 954 624 5572 955 624 5573 914 94 5574 910 94 5575 955 94 5576 914 108 5577 955 108 5578 956 108 5579 922 685 5580 914 685 5581 956 685 5582 922 686 5583 956 686 5584 957 686 5585 925 625 5586 922 625 5587 957 625 5588 925 687 5589 957 687 5590 958 687 5591 928 688 5592 925 688 5593 958 688 5594 928 689 5595 958 689 5596 959 689 5597 926 627 5598 928 627 5599 959 627 5600 926 323 5601 959 323 5602 960 323 5603 923 177 5604 926 177 5605 960 177 5606 923 690 5607 960 690 5608 961 690 5609 920 176 5610 923 176 5611 961 176 5612 920 5 5613 961 5 5614 936 5 5615 962 691 5616 963 691 5617 964 691 5618 962 475 5619 965 475 5620 963 475 5621 966 692 5622 964 692 5623 967 692 5624 966 693 5625 962 693 5626 964 693 5627 968 480 5628 969 480 5629 970 480 5630 971 5 5631 967 5 5632 972 5 5633 968 694 5634 973 694 5635 969 694 5636 971 5 5637 966 5 5638 967 5 5639 974 481 5640 970 481 5641 975 481 5642 976 695 5643 972 695 5644 977 695 5645 974 635 5646 968 635 5647 970 635 5648 976 696 5649 971 696 5650 972 696 5651 978 697 5652 975 697 5653 979 697 5654 980 698 5655 977 698 5656 981 698 5657 978 484 5658 974 484 5659 975 484 5660 980 572 5661 976 572 5662 977 572 5663 982 287 5664 979 287 5665 983 287 5666 984 295 5667 981 295 5668 985 295 5669 982 287 5670 978 287 5671 979 287 5672 984 295 5673 980 295 5674 981 295 5675 986 577 5676 983 577 5677 987 577 5678 988 490 5679 985 490 5680 989 490 5681 986 699 5682 982 699 5683 983 699 5684 988 490 5685 984 490 5686 985 490 5687 990 293 5688 989 293 5689 991 293 5690 990 644 5691 988 644 5692 989 644 5693 992 700 5694 987 700 5695 993 700 5696 973 701 5697 991 701 5698 969 701 5699 992 702 5700 986 702 5701 987 702 5702 973 494 5703 990 494 5704 991 494 5705 994 27 5706 993 27 5707 995 27 5708 994 27 5709 992 27 5710 993 27 5711 996 703 5712 995 703 5713 997 703 5714 996 704 5715 994 704 5716 995 704 5717 998 500 5718 997 500 5719 999 500 5720 998 705 5721 996 705 5722 997 705 5723 1000 211 5724 999 211 5725 1001 211 5726 1000 211 5727 998 211 5728 999 211 5729 1002 502 5730 1000 502 5731 1001 502 5732 1002 706 5733 1001 706 5734 1003 706 5735 1004 652 5736 1002 652 5737 1003 652 5738 1004 7 5739 1003 7 5740 1005 7 5741 1006 707 5742 1004 707 5743 1005 707 5744 1006 654 5745 1005 654 5746 1007 654 5747 1008 708 5748 1007 708 5749 1009 708 5750 1008 587 5751 1006 587 5752 1007 587 5753 1010 282 5754 1009 282 5755 1011 282 5756 1010 282 5757 1008 282 5758 1009 282 5759 1012 508 5760 1011 508 5761 1013 508 5762 1012 509 5763 1010 509 5764 1011 509 5765 965 213 5766 1013 213 5767 963 213 5768 965 213 5769 1012 213 5770 1013 213 5771 937 709 5772 971 709 5773 976 709 5774 1002 66 5775 954 66 5776 953 66 5777 1004 66 5778 954 66 5779 1002 66 5780 937 66 5781 936 66 5782 971 66 5783 936 66 5784 966 66 5785 971 66 5786 943 66 5787 978 66 5788 945 66 5789 1004 66 5790 955 66 5791 954 66 5792 945 66 5793 982 66 5794 947 66 5795 978 657 5796 982 657 5797 945 657 5798 1006 66 5799 955 66 5800 1004 66 5801 941 66 5802 974 66 5803 943 66 5804 943 66 5805 974 66 5806 978 66 5807 947 66 5808 986 66 5809 948 66 5810 982 66 5811 986 66 5812 947 66 5813 939 66 5814 968 66 5815 941 66 5816 966 66 5817 961 66 5818 962 66 5819 941 167 5820 968 167 5821 974 167 5822 936 66 5823 961 66 5824 966 66 5825 986 66 5826 992 66 5827 948 66 5828 992 66 5829 949 66 5830 948 66 5831 1008 66 5832 956 66 5833 1006 66 5834 938 66 5835 973 66 5836 939 66 5837 1006 66 5838 956 66 5839 955 66 5840 962 66 5841 960 66 5842 965 66 5843 939 66 5844 973 66 5845 968 66 5846 961 66 5847 960 66 5848 962 66 5849 1010 66 5850 957 66 5851 1008 66 5852 1008 248 5853 957 248 5854 956 248 5855 965 66 5856 959 66 5857 1012 66 5858 992 66 5859 994 66 5860 949 66 5861 960 66 5862 959 66 5863 965 66 5864 946 171 5865 990 171 5866 938 171 5867 1012 66 5868 958 66 5869 1010 66 5870 1010 66 5871 958 66 5872 957 66 5873 959 66 5874 958 66 5875 1012 66 5876 938 66 5877 990 66 5878 973 66 5879 994 710 5880 950 710 5881 949 710 5882 994 711 5883 996 711 5884 950 711 5885 944 66 5886 988 66 5887 946 66 5888 946 66 5889 988 66 5890 990 66 5891 996 712 5892 951 712 5893 950 712 5894 996 66 5895 998 66 5896 951 66 5897 942 308 5898 984 308 5899 944 308 5900 944 66 5901 984 66 5902 988 66 5903 998 66 5904 952 66 5905 951 66 5906 1000 662 5907 952 662 5908 998 662 5909 942 66 5910 980 66 5911 984 66 5912 942 66 5913 940 66 5914 980 66 5915 1000 66 5916 953 66 5917 952 66 5918 1002 66 5919 953 66 5920 1000 66 5921 940 243 5922 976 243 5923 980 243 5924 940 66 5925 937 66 5926 976 66 5927 1014 48 5928 1005 48 5929 1003 48 5930 1015 713 5931 1016 713 5932 977 713 5933 1015 714 5934 977 714 5935 972 714 5936 979 360 5937 1017 360 5938 1018 360 5939 1019 48 5940 1005 48 5941 1014 48 5942 1019 48 5943 1007 48 5944 1005 48 5945 983 48 5946 979 48 5947 1018 48 5948 975 524 5949 1020 524 5950 1017 524 5951 975 48 5952 1017 48 5953 979 48 5954 987 48 5955 1018 48 5956 1021 48 5957 1022 48 5958 1015 48 5959 972 48 5960 1022 48 5961 972 48 5962 967 48 5963 987 48 5964 983 48 5965 1018 48 5966 970 360 5967 1023 360 5968 1020 360 5969 970 598 5970 1020 598 5971 975 598 5972 1024 48 5973 1009 48 5974 1007 48 5975 1024 48 5976 1007 48 5977 1019 48 5978 993 715 5979 1021 715 5980 1025 715 5981 1026 48 5982 1022 48 5983 967 48 5984 1026 716 5985 967 716 5986 964 716 5987 1026 366 5988 964 366 5989 963 366 5990 993 48 5991 987 48 5992 1021 48 5993 1027 717 5994 1011 717 5995 1009 717 5996 969 48 5997 1028 48 5998 1023 48 5999 1027 361 6000 1009 361 6001 1024 361 6002 969 48 6003 1023 48 6004 970 48 6005 1029 57 6006 1026 57 6007 963 57 6008 1030 48 6009 963 48 6010 1013 48 6011 995 48 6012 1025 48 6013 1031 48 6014 1030 664 6015 1013 664 6016 1011 664 6017 1030 373 6018 1011 373 6019 1027 373 6020 1030 48 6021 1029 48 6022 963 48 6023 995 48 6024 993 48 6025 1025 48 6026 991 48 6027 1032 48 6028 1028 48 6029 991 48 6030 1028 48 6031 969 48 6032 997 718 6033 1031 718 6034 1033 718 6035 997 163 6036 995 163 6037 1031 163 6038 989 48 6039 1034 48 6040 1032 48 6041 989 48 6042 1032 48 6043 991 48 6044 999 531 6045 1033 531 6046 1035 531 6047 999 48 6048 997 48 6049 1033 48 6050 1036 719 6051 1034 719 6052 989 719 6053 985 720 6054 1036 720 6055 989 720 6056 1001 48 6057 999 48 6058 1035 48 6059 1037 150 6060 1001 150 6061 1035 150 6062 1038 524 6063 1036 524 6064 985 524 6065 1038 608 6066 985 608 6067 981 608 6068 1003 48 6069 1001 48 6070 1037 48 6071 1039 48 6072 1003 48 6073 1037 48 6074 1016 671 6075 1038 671 6076 981 671 6077 1016 65 6078 981 65 6079 977 65 6080 1014 160 6081 1003 160 6082 1039 160 6083 1015 5 6084 1022 5 6085 1040 5 6086 1015 346 6087 1040 346 6088 1041 346 6089 1028 124 6090 1042 124 6091 1043 124 6092 1016 721 6093 1015 721 6094 1041 721 6095 1016 344 6096 1041 344 6097 1044 344 6098 1023 543 6099 1043 543 6100 1045 543 6101 1023 722 6102 1028 722 6103 1043 722 6104 1038 723 6105 1016 723 6106 1044 723 6107 1038 611 6108 1044 611 6109 1046 611 6110 1020 675 6111 1045 675 6112 1047 675 6113 1036 613 6114 1038 613 6115 1046 613 6116 1020 724 6117 1023 724 6118 1045 724 6119 1036 676 6120 1046 676 6121 1048 676 6122 1017 615 6123 1047 615 6124 1049 615 6125 1034 616 6126 1048 616 6127 1050 616 6128 1017 725 6129 1020 725 6130 1047 725 6131 1034 726 6132 1036 726 6133 1048 726 6134 1032 727 6135 1034 727 6136 1050 727 6137 1018 728 6138 1049 728 6139 1051 728 6140 1018 617 6141 1017 617 6142 1049 617 6143 1028 391 6144 1050 391 6145 1042 391 6146 1028 729 6147 1032 729 6148 1050 729 6149 1021 330 6150 1051 330 6151 1052 330 6152 1021 730 6153 1018 730 6154 1051 730 6155 1025 27 6156 1052 27 6157 1053 27 6158 1025 189 6159 1021 189 6160 1052 189 6161 1031 731 6162 1053 731 6163 1054 731 6164 1031 27 6165 1025 27 6166 1053 27 6167 1033 260 6168 1054 260 6169 1055 260 6170 1033 187 6171 1031 187 6172 1054 187 6173 1035 622 6174 1055 622 6175 1056 622 6176 1035 732 6177 1033 732 6178 1055 732 6179 1037 733 6180 1056 733 6181 1057 733 6182 1037 622 6183 1035 622 6184 1056 622 6185 1039 734 6186 1037 734 6187 1057 734 6188 1039 559 6189 1057 559 6190 1058 559 6191 1014 735 6192 1039 735 6193 1058 735 6194 1014 624 6195 1058 624 6196 1059 624 6197 1019 251 6198 1014 251 6199 1059 251 6200 1019 386 6201 1059 386 6202 1060 386 6203 1024 685 6204 1019 685 6205 1060 685 6206 1024 563 6207 1060 563 6208 1061 563 6209 1027 736 6210 1024 736 6211 1061 736 6212 1027 687 6213 1061 687 6214 1062 687 6215 1030 737 6216 1027 737 6217 1062 737 6218 1030 627 6219 1062 627 6220 1063 627 6221 1029 627 6222 1030 627 6223 1063 627 6224 1029 323 6225 1063 323 6226 1064 323 6227 1026 738 6228 1029 738 6229 1064 738 6230 1026 322 6231 1064 322 6232 1065 322 6233 1022 739 6234 1026 739 6235 1065 739 6236 1022 5 6237 1065 5 6238 1040 5 6239 1066 475 6240 1067 475 6241 1068 475 6242 1066 630 6243 1069 630 6244 1067 630 6245 1070 740 6246 1068 740 6247 1071 740 6248 1070 741 6249 1066 741 6250 1068 741 6251 1072 479 6252 1073 479 6253 1074 479 6254 1075 5 6255 1071 5 6256 1076 5 6257 1072 694 6258 1077 694 6259 1073 694 6260 1075 5 6261 1070 5 6262 1071 5 6263 1078 633 6264 1074 633 6265 1079 633 6266 1080 742 6267 1076 742 6268 1081 742 6269 1078 635 6270 1072 635 6271 1074 635 6272 1080 696 6273 1075 696 6274 1076 696 6275 1082 697 6276 1079 697 6277 1083 697 6278 1084 572 6279 1081 572 6280 1085 572 6281 1082 743 6282 1078 743 6283 1079 743 6284 1084 639 6285 1080 639 6286 1081 639 6287 1086 744 6288 1083 744 6289 1087 744 6290 1088 356 6291 1085 356 6292 1089 356 6293 1086 745 6294 1082 745 6295 1083 745 6296 1088 746 6297 1084 746 6298 1085 746 6299 1090 747 6300 1087 747 6301 1091 747 6302 1092 748 6303 1089 748 6304 1093 748 6305 1090 747 6306 1086 747 6307 1087 747 6308 1092 490 6309 1088 490 6310 1089 490 6311 1094 293 6312 1093 293 6313 1095 293 6314 1094 644 6315 1092 644 6316 1093 644 6317 1096 749 6318 1091 749 6319 1097 749 6320 1077 494 6321 1095 494 6322 1073 494 6323 1096 700 6324 1090 700 6325 1091 700 6326 1077 494 6327 1094 494 6328 1095 494 6329 1098 27 6330 1097 27 6331 1099 27 6332 1098 27 6333 1096 27 6334 1097 27 6335 1100 750 6336 1099 750 6337 1101 750 6338 1100 751 6339 1098 751 6340 1099 751 6341 1102 752 6342 1101 752 6343 1103 752 6344 1102 705 6345 1100 705 6346 1101 705 6347 1104 753 6348 1103 753 6349 1105 753 6350 1104 754 6351 1102 754 6352 1103 754 6353 1106 755 6354 1104 755 6355 1105 755 6356 1106 756 6357 1105 756 6358 1107 756 6359 1108 652 6360 1106 652 6361 1107 652 6362 1108 653 6363 1107 653 6364 1109 653 6365 1110 757 6366 1108 757 6367 1109 757 6368 1110 655 6369 1109 655 6370 1111 655 6371 1112 587 6372 1111 587 6373 1113 587 6374 1112 506 6375 1110 506 6376 1111 506 6377 1114 282 6378 1113 282 6379 1115 282 6380 1114 282 6381 1112 282 6382 1113 282 6383 1116 758 6384 1115 758 6385 1117 758 6386 1116 508 6387 1114 508 6388 1115 508 6389 1069 759 6390 1117 759 6391 1067 759 6392 1069 760 6393 1116 760 6394 1117 760 6395 1041 761 6396 1075 761 6397 1080 761 6398 1106 66 6399 1058 66 6400 1057 66 6401 1108 320 6402 1058 320 6403 1106 320 6404 1041 66 6405 1040 66 6406 1075 66 6407 1047 66 6408 1082 66 6409 1049 66 6410 1040 66 6411 1070 66 6412 1075 66 6413 1049 66 6414 1086 66 6415 1051 66 6416 1082 66 6417 1086 66 6418 1049 66 6419 1045 762 6420 1078 762 6421 1047 762 6422 1110 66 6423 1059 66 6424 1108 66 6425 1047 66 6426 1078 66 6427 1082 66 6428 1108 763 6429 1059 763 6430 1058 763 6431 1051 595 6432 1090 595 6433 1052 595 6434 1086 522 6435 1090 522 6436 1051 522 6437 1043 66 6438 1072 66 6439 1045 66 6440 1045 66 6441 1072 66 6442 1078 66 6443 1040 66 6444 1065 66 6445 1070 66 6446 1070 66 6447 1065 66 6448 1066 66 6449 1090 66 6450 1096 66 6451 1052 66 6452 1096 66 6453 1053 66 6454 1052 66 6455 1042 66 6456 1077 66 6457 1043 66 6458 1110 66 6459 1060 66 6460 1059 66 6461 1112 170 6462 1060 170 6463 1110 170 6464 1043 74 6465 1077 74 6466 1072 74 6467 1066 66 6468 1064 66 6469 1069 66 6470 1065 66 6471 1064 66 6472 1066 66 6473 1112 66 6474 1061 66 6475 1060 66 6476 1114 522 6477 1061 522 6478 1112 522 6479 1096 66 6480 1098 66 6481 1053 66 6482 1050 247 6483 1094 247 6484 1042 247 6485 1069 66 6486 1063 66 6487 1116 66 6488 1064 66 6489 1063 66 6490 1069 66 6491 1042 66 6492 1094 66 6493 1077 66 6494 1116 66 6495 1062 66 6496 1114 66 6497 1114 245 6498 1062 245 6499 1061 245 6500 1063 66 6501 1062 66 6502 1116 66 6503 1098 764 6504 1054 764 6505 1053 764 6506 1098 66 6507 1100 66 6508 1054 66 6509 1048 66 6510 1092 66 6511 1050 66 6512 1050 66 6513 1092 66 6514 1094 66 6515 1100 765 6516 1055 765 6517 1054 765 6518 1100 66 6519 1102 66 6520 1055 66 6521 1046 661 6522 1088 661 6523 1048 661 6524 1048 66 6525 1088 66 6526 1092 66 6527 1102 66 6528 1056 66 6529 1055 66 6530 1104 766 6531 1056 766 6532 1102 766 6533 1046 66 6534 1084 66 6535 1088 66 6536 1046 66 6537 1044 66 6538 1084 66 6539 1104 66 6540 1057 66 6541 1056 66 6542 1106 767 6543 1057 767 6544 1104 767 6545 1044 66 6546 1080 66 6547 1084 66 6548 1044 66 6549 1041 66 6550 1080 66 6551 1076 48 6552 1118 48 6553 1081 48 6554 1119 48 6555 1107 48 6556 1120 48 6557 1119 48 6558 1109 48 6559 1107 48 6560 1121 48 6561 1118 48 6562 1076 48 6563 1071 48 6564 1121 48 6565 1076 48 6566 1122 768 6567 1109 768 6568 1119 768 6569 1087 48 6570 1123 48 6571 1124 48 6572 1087 48 6573 1083 48 6574 1123 48 6575 1122 48 6576 1111 48 6577 1109 48 6578 1079 769 6579 1125 769 6580 1123 769 6581 1079 770 6582 1123 770 6583 1083 770 6584 1091 48 6585 1124 48 6586 1126 48 6587 1091 48 6588 1087 48 6589 1124 48 6590 1127 48 6591 1121 48 6592 1071 48 6593 1074 48 6594 1128 48 6595 1125 48 6596 1074 48 6597 1125 48 6598 1079 48 6599 1097 48 6600 1126 48 6601 1129 48 6602 1130 48 6603 1113 48 6604 1111 48 6605 1130 48 6606 1111 48 6607 1122 48 6608 1097 48 6609 1091 48 6610 1126 48 6611 1131 771 6612 1071 771 6613 1068 771 6614 1131 48 6615 1068 48 6616 1067 48 6617 1073 48 6618 1132 48 6619 1128 48 6620 1131 48 6621 1127 48 6622 1071 48 6623 1073 716 6624 1128 716 6625 1074 716 6626 1133 48 6627 1115 48 6628 1113 48 6629 1133 772 6630 1113 772 6631 1130 772 6632 1099 48 6633 1129 48 6634 1134 48 6635 1135 48 6636 1131 48 6637 1067 48 6638 1136 48 6639 1067 48 6640 1117 48 6641 1136 373 6642 1115 373 6643 1133 373 6644 1136 48 6645 1117 48 6646 1115 48 6647 1099 48 6648 1097 48 6649 1129 48 6650 1136 48 6651 1135 48 6652 1067 48 6653 1095 48 6654 1137 48 6655 1132 48 6656 1095 48 6657 1132 48 6658 1073 48 6659 1101 531 6660 1134 531 6661 1138 531 6662 1101 48 6663 1099 48 6664 1134 48 6665 1093 48 6666 1139 48 6667 1137 48 6668 1093 773 6669 1137 773 6670 1095 773 6671 1103 48 6672 1138 48 6673 1140 48 6674 1103 48 6675 1101 48 6676 1138 48 6677 1141 719 6678 1139 719 6679 1093 719 6680 1089 48 6681 1141 48 6682 1093 48 6683 1105 770 6684 1103 770 6685 1140 770 6686 1142 48 6687 1105 48 6688 1140 48 6689 1143 48 6690 1141 48 6691 1089 48 6692 1143 48 6693 1089 48 6694 1085 48 6695 1107 774 6696 1105 774 6697 1142 774 6698 1120 775 6699 1107 775 6700 1142 775 6701 1118 48 6702 1143 48 6703 1085 48 6704 1118 48 6705 1085 48 6706 1081 48 6707 1127 5 6708 1144 5 6709 1145 5 6710 1121 5 6711 1127 5 6712 1145 5 6713 1121 346 6714 1145 346 6715 1146 346 6716 1132 124 6717 1147 124 6718 1148 124 6719 1118 776 6720 1121 776 6721 1146 776 6722 1118 394 6723 1146 394 6724 1149 394 6725 1128 777 6726 1148 777 6727 1150 777 6728 1128 537 6729 1132 537 6730 1148 537 6731 1143 674 6732 1118 674 6733 1149 674 6734 1143 778 6735 1149 778 6736 1151 778 6737 1125 779 6738 1150 779 6739 1152 779 6740 1141 780 6741 1143 780 6742 1151 780 6743 1125 781 6744 1128 781 6745 1150 781 6746 1141 782 6747 1151 782 6748 1153 782 6749 1123 783 6750 1152 783 6751 1154 783 6752 1139 784 6753 1153 784 6754 1155 784 6755 1123 678 6756 1125 678 6757 1152 678 6758 1139 679 6759 1141 679 6760 1153 679 6761 1137 785 6762 1139 785 6763 1155 785 6764 1124 728 6765 1154 728 6766 1156 728 6767 1124 786 6768 1123 786 6769 1154 786 6770 1132 787 6771 1155 787 6772 1147 787 6773 1132 788 6774 1137 788 6775 1155 788 6776 1126 789 6777 1156 789 6778 1157 789 6779 1126 117 6780 1124 117 6781 1156 117 6782 1129 27 6783 1157 27 6784 1158 27 6785 1129 115 6786 1126 115 6787 1157 115 6788 1134 112 6789 1158 112 6790 1159 112 6791 1134 27 6792 1129 27 6793 1158 27 6794 1138 260 6795 1159 260 6796 1160 260 6797 1138 112 6798 1134 112 6799 1159 112 6800 1140 790 6801 1160 790 6802 1161 790 6803 1140 111 6804 1138 111 6805 1160 111 6806 1142 791 6807 1161 791 6808 1162 791 6809 1142 792 6810 1140 792 6811 1161 792 6812 1120 733 6813 1142 733 6814 1162 733 6815 1120 793 6816 1162 793 6817 1163 793 6818 1119 794 6819 1120 794 6820 1163 794 6821 1119 624 6822 1163 624 6823 1164 624 6824 1122 795 6825 1119 795 6826 1164 795 6827 1122 796 6828 1164 796 6829 1165 796 6830 1130 797 6831 1122 797 6832 1165 797 6833 1130 798 6834 1165 798 6835 1166 798 6836 1133 799 6837 1130 799 6838 1166 799 6839 1133 800 6840 1166 800 6841 1167 800 6842 1136 801 6843 1133 801 6844 1167 801 6845 1136 802 6846 1167 802 6847 1168 802 6848 1135 803 6849 1136 803 6850 1168 803 6851 1135 323 6852 1168 323 6853 1169 323 6854 1131 177 6855 1135 177 6856 1169 177 6857 1131 322 6858 1169 322 6859 1144 322 6860 1127 89 6861 1131 89 6862 1144 89 6863 1170 804 6864 1171 804 6865 1172 804 6866 1173 805 6867 1171 805 6868 1170 805 6869 1172 404 6870 1174 404 6871 1175 404 6872 1171 806 6873 1174 806 6874 1172 806 6875 1176 807 6876 1177 807 6877 1178 807 6878 1175 27 6879 1179 27 6880 1180 27 6881 1178 431 6882 1177 431 6883 1181 431 6884 1174 27 6885 1179 27 6886 1175 27 6887 1181 808 6888 1182 808 6889 1183 808 6890 1180 809 6891 1184 809 6892 1185 809 6893 1177 810 6894 1182 810 6895 1181 810 6896 1179 811 6897 1184 811 6898 1180 811 6899 1183 812 6900 1186 812 6901 1187 812 6902 1185 813 6903 1188 813 6904 1189 813 6905 1182 814 6906 1186 814 6907 1183 814 6908 1184 815 6909 1188 815 6910 1185 815 6911 1187 426 6912 1190 426 6913 1191 426 6914 1189 439 6915 1192 439 6916 1193 439 6917 1186 426 6918 1190 426 6919 1187 426 6920 1188 439 6921 1192 439 6922 1189 439 6923 1191 816 6924 1194 816 6925 1195 816 6926 1193 817 6927 1196 817 6928 1197 817 6929 1190 816 6930 1194 816 6931 1191 816 6932 1192 818 6933 1196 818 6934 1193 818 6935 1197 819 6936 1198 819 6937 1199 819 6938 1196 820 6939 1198 820 6940 1197 820 6941 1195 422 6942 1200 422 6943 1201 422 6944 1199 821 6945 1176 821 6946 1178 821 6947 1194 822 6948 1200 822 6949 1195 822 6950 1198 823 6951 1176 823 6952 1199 823 6953 1201 5 6954 1202 5 6955 1203 5 6956 1200 5 6957 1202 5 6958 1201 5 6959 1203 417 6960 1204 417 6961 1205 417 6962 1202 824 6963 1204 824 6964 1203 824 6965 1205 825 6966 1206 825 6967 1207 825 6968 1204 826 6969 1206 826 6970 1205 826 6971 1207 410 6972 1208 410 6973 1209 410 6974 1206 827 6975 1208 827 6976 1207 827 6977 1208 828 6978 1210 828 6979 1209 828 6980 1209 828 6981 1210 828 6982 1211 828 6983 1210 829 6984 1212 829 6985 1211 829 6986 1211 829 6987 1212 829 6988 1213 829 6989 1212 830 6990 1214 830 6991 1213 830 6992 1213 399 6993 1214 399 6994 1215 399 6995 1215 831 6996 1216 831 6997 1217 831 6998 1214 832 6999 1216 832 7000 1215 832 7001 1216 833 7002 1218 833 7003 1217 833 7004 1217 834 7005 1218 834 7006 1219 834 7007 1219 835 7008 1220 835 7009 1221 835 7010 1218 835 7011 1220 835 7012 1219 835 7013 1221 836 7014 1173 836 7015 1170 836 7016 1220 411 7017 1173 411 7018 1221 411 7019 1222 180 7020 1223 180 7021 693 180 7022 1222 180 7023 693 180 7024 689 180 7025 1224 176 7026 1222 176 7027 689 176 7028 1224 176 7029 689 176 7030 686 176 7031 1225 837 7032 1226 837 7033 692 837 7034 1225 537 7035 692 537 7036 687 537 7037 1227 5 7038 1224 5 7039 686 5 7040 1227 5 7041 686 5 7042 679 5 7043 1228 543 7044 687 543 7045 684 543 7046 1229 136 7047 1227 136 7048 679 136 7049 1228 838 7050 1225 838 7051 687 838 7052 1229 136 7053 679 136 7054 678 136 7055 1230 547 7056 684 547 7057 680 547 7058 1231 839 7059 1229 839 7060 678 839 7061 1231 134 7062 678 134 7063 701 134 7064 1230 840 7065 1228 840 7066 684 840 7067 1232 551 7068 680 551 7069 681 551 7070 1233 841 7071 1231 841 7072 701 841 7073 1233 542 7074 701 542 7075 699 542 7076 1232 842 7077 1230 842 7078 680 842 7079 1234 333 7080 681 333 7081 683 333 7082 1235 548 7083 699 548 7084 697 548 7085 1234 843 7086 1232 843 7087 681 843 7088 1235 844 7089 1233 844 7090 699 844 7091 1236 616 7092 697 616 7093 695 616 7094 1237 115 7095 683 115 7096 685 115 7097 1236 845 7098 1235 845 7099 697 845 7100 1226 618 7101 695 618 7102 692 618 7103 1237 189 7104 1234 189 7105 683 189 7106 1226 195 7107 1236 195 7108 695 195 7109 1238 27 7110 685 27 7111 691 27 7112 1238 27 7113 1237 27 7114 685 27 7115 1239 112 7116 691 112 7117 696 112 7118 1239 187 7119 1238 187 7120 691 187 7121 1240 111 7122 696 111 7123 698 111 7124 1240 846 7125 1239 846 7126 696 846 7127 1241 555 7128 698 555 7129 700 555 7130 1241 847 7131 1240 847 7132 698 847 7133 1242 557 7134 700 557 7135 677 557 7136 1242 848 7137 1241 848 7138 700 848 7139 1243 849 7140 1242 849 7141 677 849 7142 1243 559 7143 677 559 7144 676 559 7145 1244 850 7146 1243 850 7147 676 850 7148 1244 795 7149 676 795 7150 682 795 7151 1245 185 7152 1244 185 7153 682 185 7154 1245 561 7155 682 561 7156 688 561 7157 1246 851 7158 1245 851 7159 688 851 7160 1246 563 7161 688 563 7162 690 563 7163 1247 852 7164 1246 852 7165 690 852 7166 1247 565 7167 690 565 7168 694 565 7169 1223 853 7170 1247 853 7171 694 853 7172 1223 689 7173 694 689 7174 693 689 7175 1242 48 7176 1208 48 7177 1241 48 7178 1242 854 7179 1210 854 7180 1208 854 7181 1229 855 7182 1231 855 7183 1184 855 7184 1229 856 7185 1184 856 7186 1179 856 7187 1186 857 7188 1230 857 7189 1232 857 7190 1190 858 7191 1232 858 7192 1234 858 7193 1243 859 7194 1210 859 7195 1242 859 7196 1190 860 7197 1186 860 7198 1232 860 7199 1243 48 7200 1212 48 7201 1210 48 7202 1182 861 7203 1228 861 7204 1230 861 7205 1227 48 7206 1229 48 7207 1179 48 7208 1227 48 7209 1179 48 7210 1174 48 7211 1182 48 7212 1230 48 7213 1186 48 7214 1194 862 7215 1234 862 7216 1237 862 7217 1194 48 7218 1190 48 7219 1234 48 7220 1244 48 7221 1214 48 7222 1212 48 7223 1244 48 7224 1212 48 7225 1243 48 7226 1177 48 7227 1225 48 7228 1228 48 7229 1177 48 7230 1228 48 7231 1182 48 7232 1224 863 7233 1174 863 7234 1171 863 7235 1224 48 7236 1227 48 7237 1174 48 7238 1200 48 7239 1237 48 7240 1238 48 7241 1200 48 7242 1194 48 7243 1237 48 7244 1245 864 7245 1216 864 7246 1214 864 7247 1245 48 7248 1214 48 7249 1244 48 7250 1176 48 7251 1226 48 7252 1225 48 7253 1222 865 7254 1171 865 7255 1173 865 7256 1176 48 7257 1225 48 7258 1177 48 7259 1222 48 7260 1224 48 7261 1171 48 7262 1202 866 7263 1238 866 7264 1239 866 7265 1246 48 7266 1218 48 7267 1216 48 7268 1246 48 7269 1216 48 7270 1245 48 7271 1202 48 7272 1200 48 7273 1238 48 7274 1223 867 7275 1173 867 7276 1220 867 7277 1223 48 7278 1222 48 7279 1173 48 7280 1247 48 7281 1220 48 7282 1218 48 7283 1247 48 7284 1223 48 7285 1220 48 7286 1198 866 7287 1236 866 7288 1226 866 7289 1247 48 7290 1218 48 7291 1246 48 7292 1198 48 7293 1226 48 7294 1176 48 7295 1204 868 7296 1202 868 7297 1239 868 7298 1240 48 7299 1204 48 7300 1239 48 7301 1196 48 7302 1235 48 7303 1236 48 7304 1196 48 7305 1236 48 7306 1198 48 7307 1206 869 7308 1204 869 7309 1240 869 7310 1192 48 7311 1233 48 7312 1235 48 7313 1192 48 7314 1235 48 7315 1196 48 7316 1241 870 7317 1208 870 7318 1206 870 7319 1241 859 7320 1206 859 7321 1240 859 7322 1188 48 7323 1233 48 7324 1192 48 7325 1231 48 7326 1233 48 7327 1188 48 7328 1184 48 7329 1231 48 7330 1188 48 7331 1211 871 7332 1162 871 7333 1209 871 7334 1209 66 7335 1162 66 7336 1161 66 7337 1185 872 7338 1146 872 7339 1180 872 7340 1149 873 7341 1146 873 7342 1185 873 7343 1152 66 7344 1187 66 7345 1154 66 7346 1211 874 7347 1163 874 7348 1162 874 7349 1154 875 7350 1191 875 7351 1156 875 7352 1187 66 7353 1191 66 7354 1154 66 7355 1213 876 7356 1163 876 7357 1211 876 7358 1146 877 7359 1145 877 7360 1180 877 7361 1150 878 7362 1183 878 7363 1152 878 7364 1180 66 7365 1145 66 7366 1175 66 7367 1152 879 7368 1183 879 7369 1187 879 7370 1156 880 7371 1195 880 7372 1157 880 7373 1191 66 7374 1195 66 7375 1156 66 7376 1215 66 7377 1164 66 7378 1213 66 7379 1213 66 7380 1164 66 7381 1163 66 7382 1148 66 7383 1181 66 7384 1150 66 7385 1145 66 7386 1144 66 7387 1175 66 7388 1175 66 7389 1144 66 7390 1172 66 7391 1150 66 7392 1181 66 7393 1183 66 7394 1217 66 7395 1165 66 7396 1215 66 7397 1157 66 7398 1201 66 7399 1158 66 7400 1215 66 7401 1165 66 7402 1164 66 7403 1195 66 7404 1201 66 7405 1157 66 7406 1172 456 7407 1169 456 7408 1170 456 7409 1147 66 7410 1178 66 7411 1148 66 7412 1144 66 7413 1169 66 7414 1172 66 7415 1217 874 7416 1166 874 7417 1165 874 7418 1148 66 7419 1178 66 7420 1181 66 7421 1219 66 7422 1166 66 7423 1217 66 7424 1158 66 7425 1203 66 7426 1159 66 7427 1170 66 7428 1168 66 7429 1221 66 7430 1169 881 7431 1168 881 7432 1170 881 7433 1201 66 7434 1203 66 7435 1158 66 7436 1221 66 7437 1167 66 7438 1219 66 7439 1219 66 7440 1167 66 7441 1166 66 7442 1168 66 7443 1167 66 7444 1221 66 7445 1155 66 7446 1199 66 7447 1147 66 7448 1147 66 7449 1199 66 7450 1178 66 7451 1203 882 7452 1205 882 7453 1159 882 7454 1205 874 7455 1160 874 7456 1159 874 7457 1153 883 7458 1197 883 7459 1155 883 7460 1155 884 7461 1197 884 7462 1199 884 7463 1205 66 7464 1207 66 7465 1160 66 7466 1151 871 7467 1193 871 7468 1153 871 7469 1153 885 7470 1193 885 7471 1197 885 7472 1209 66 7473 1161 66 7474 1207 66 7475 1207 66 7476 1161 66 7477 1160 66 7478 1151 886 7479 1189 886 7480 1193 886 7481 1151 887 7482 1149 887 7483 1189 887 7484 1149 888 7485 1185 888 7486 1189 888 7487 1248 691 7488 1249 691 7489 1250 691 7490 1248 568 7491 1251 568 7492 1249 568 7493 1252 889 7494 1250 889 7495 1253 889 7496 1252 890 7497 1248 890 7498 1250 890 7499 1254 480 7500 1255 480 7501 1256 480 7502 1257 5 7503 1253 5 7504 1258 5 7505 1254 479 7506 1259 479 7507 1255 479 7508 1257 5 7509 1252 5 7510 1253 5 7511 1260 481 7512 1256 481 7513 1261 481 7514 1262 696 7515 1258 696 7516 1263 696 7517 1260 37 7518 1254 37 7519 1256 37 7520 1262 483 7521 1257 483 7522 1258 483 7523 1264 743 7524 1261 743 7525 1265 743 7526 1266 639 7527 1263 639 7528 1267 639 7529 1264 891 7530 1260 891 7531 1261 891 7532 1266 572 7533 1262 572 7534 1263 572 7535 1268 287 7536 1265 287 7537 1269 287 7538 1270 295 7539 1267 295 7540 1271 295 7541 1268 287 7542 1264 287 7543 1265 287 7544 1270 356 7545 1266 356 7546 1267 356 7547 1272 577 7548 1269 577 7549 1273 577 7550 1274 490 7551 1271 490 7552 1275 490 7553 1272 747 7554 1268 747 7555 1269 747 7556 1274 748 7557 1270 748 7558 1271 748 7559 1276 293 7560 1275 293 7561 1277 293 7562 1276 580 7563 1274 580 7564 1275 580 7565 1278 700 7566 1273 700 7567 1279 700 7568 1259 701 7569 1277 701 7570 1255 701 7571 1278 493 7572 1272 493 7573 1273 493 7574 1259 892 7575 1276 892 7576 1277 892 7577 1280 27 7578 1279 27 7579 1281 27 7580 1280 27 7581 1278 27 7582 1279 27 7583 1282 893 7584 1281 893 7585 1283 893 7586 1282 583 7587 1280 583 7588 1281 583 7589 1284 584 7590 1283 584 7591 1285 584 7592 1284 705 7593 1282 705 7594 1283 705 7595 1286 211 7596 1285 211 7597 1287 211 7598 1286 211 7599 1284 211 7600 1285 211 7601 1288 894 7602 1286 894 7603 1287 894 7604 1288 755 7605 1287 755 7606 1289 755 7607 1290 7 7608 1288 7 7609 1289 7 7610 1290 7 7611 1289 7 7612 1291 7 7613 1292 505 7614 1290 505 7615 1291 505 7616 1292 504 7617 1291 504 7618 1293 504 7619 1294 895 7620 1293 895 7621 1295 895 7622 1294 896 7623 1292 896 7624 1293 896 7625 1296 282 7626 1295 282 7627 1297 282 7628 1296 23 7629 1294 23 7630 1295 23 7631 1298 508 7632 1297 508 7633 1299 508 7634 1298 758 7635 1296 758 7636 1297 758 7637 1251 213 7638 1299 213 7639 1249 213 7640 1251 759 7641 1298 759 7642 1299 759 7643 1288 66 7644 1300 66 7645 1301 66 7646 1290 320 7647 1300 320 7648 1288 320 7649 1302 66 7650 1303 66 7651 1257 66 7652 1303 66 7653 1252 66 7654 1257 66 7655 1304 66 7656 1264 66 7657 1305 66 7658 1305 897 7659 1268 897 7660 1306 897 7661 1290 66 7662 1307 66 7663 1300 66 7664 1264 320 7665 1268 320 7666 1305 320 7667 1292 66 7668 1307 66 7669 1290 66 7670 1308 898 7671 1260 898 7672 1304 898 7673 1304 376 7674 1260 376 7675 1264 376 7676 1306 66 7677 1272 66 7678 1309 66 7679 1268 66 7680 1272 66 7681 1306 66 7682 1310 66 7683 1254 66 7684 1308 66 7685 1303 66 7686 1311 66 7687 1252 66 7688 1252 321 7689 1311 321 7690 1248 321 7691 1308 167 7692 1254 167 7693 1260 167 7694 1272 66 7695 1278 66 7696 1309 66 7697 1294 66 7698 1312 66 7699 1292 66 7700 1278 66 7701 1313 66 7702 1309 66 7703 1292 66 7704 1312 66 7705 1307 66 7706 1314 66 7707 1259 66 7708 1310 66 7709 1248 66 7710 1315 66 7711 1251 66 7712 1310 66 7713 1259 66 7714 1254 66 7715 1311 66 7716 1315 66 7717 1248 66 7718 1296 66 7719 1316 66 7720 1294 66 7721 1294 66 7722 1316 66 7723 1312 66 7724 1278 66 7725 1280 66 7726 1313 66 7727 1251 66 7728 1317 66 7729 1298 66 7730 1318 66 7731 1276 66 7732 1314 66 7733 1315 66 7734 1317 66 7735 1251 66 7736 1298 66 7737 1319 66 7738 1296 66 7739 1296 595 7740 1319 595 7741 1316 595 7742 1317 899 7743 1319 899 7744 1298 899 7745 1314 66 7746 1276 66 7747 1259 66 7748 1280 315 7749 1320 315 7750 1313 315 7751 1280 66 7752 1282 66 7753 1320 66 7754 1321 80 7755 1274 80 7756 1318 80 7757 1318 900 7758 1274 900 7759 1276 900 7760 1282 66 7761 1322 66 7762 1320 66 7763 1282 901 7764 1284 901 7765 1322 901 7766 1323 377 7767 1270 377 7768 1321 377 7769 1321 902 7770 1270 902 7771 1274 902 7772 1284 661 7773 1324 661 7774 1322 661 7775 1286 662 7776 1324 662 7777 1284 662 7778 1323 66 7779 1266 66 7780 1270 66 7781 1323 378 7782 1325 378 7783 1266 378 7784 1286 66 7785 1301 66 7786 1324 66 7787 1288 767 7788 1301 767 7789 1286 767 7790 1325 376 7791 1262 376 7792 1266 376 7793 1325 66 7794 1302 66 7795 1262 66 7796 1302 66 7797 1257 66 7798 1262 66 7799 1258 48 7800 1326 48 7801 1263 48 7802 1327 160 7803 1289 160 7804 1328 160 7805 1327 903 7806 1291 903 7807 1289 903 7808 1329 160 7809 1326 160 7810 1258 160 7811 1253 48 7812 1329 48 7813 1258 48 7814 1269 160 7815 1330 160 7816 1331 160 7817 1269 904 7818 1265 904 7819 1330 904 7820 1261 524 7821 1332 524 7822 1330 524 7823 1261 48 7824 1333 48 7825 1332 48 7826 1334 905 7827 1291 905 7828 1327 905 7829 1261 48 7830 1330 48 7831 1265 48 7832 1334 48 7833 1293 48 7834 1291 48 7835 1273 371 7836 1331 371 7837 1335 371 7838 1273 48 7839 1269 48 7840 1331 48 7841 1256 774 7842 1333 774 7843 1261 774 7844 1336 48 7845 1329 48 7846 1253 48 7847 1279 369 7848 1335 369 7849 1337 369 7850 1279 48 7851 1273 48 7852 1335 48 7853 1255 48 7854 1338 48 7855 1333 48 7856 1339 48 7857 1297 48 7858 1295 48 7859 1339 906 7860 1295 906 7861 1293 906 7862 1339 48 7863 1293 48 7864 1334 48 7865 1340 716 7866 1253 716 7867 1250 716 7868 1255 907 7869 1333 907 7870 1256 907 7871 1340 48 7872 1250 48 7873 1249 48 7874 1340 908 7875 1336 908 7876 1253 908 7877 1281 48 7878 1337 48 7879 1341 48 7880 1342 160 7881 1297 160 7882 1339 160 7883 1281 48 7884 1279 48 7885 1337 48 7886 1277 48 7887 1343 48 7888 1338 48 7889 1344 48 7890 1340 48 7891 1249 48 7892 1277 48 7893 1338 48 7894 1255 48 7895 1345 48 7896 1249 48 7897 1299 48 7898 1345 48 7899 1299 48 7900 1297 48 7901 1345 48 7902 1297 48 7903 1342 48 7904 1345 48 7905 1344 48 7906 1249 48 7907 1283 48 7908 1341 48 7909 1346 48 7910 1283 48 7911 1281 48 7912 1341 48 7913 1275 48 7914 1347 48 7915 1343 48 7916 1275 48 7917 1343 48 7918 1277 48 7919 1285 370 7920 1346 370 7921 1348 370 7922 1285 909 7923 1283 909 7924 1346 909 7925 1349 48 7926 1347 48 7927 1275 48 7928 1271 48 7929 1349 48 7930 1275 48 7931 1287 163 7932 1285 163 7933 1348 163 7934 1350 363 7935 1287 363 7936 1348 363 7937 1351 910 7938 1271 910 7939 1267 910 7940 1351 48 7941 1349 48 7942 1271 48 7943 1289 48 7944 1287 48 7945 1350 48 7946 1328 911 7947 1289 911 7948 1350 911 7949 1326 48 7950 1267 48 7951 1263 48 7952 1326 48 7953 1351 48 7954 1267 48 7955 1329 5 7956 1336 5 7957 1352 5 7958 1329 135 7959 1352 135 7960 1353 135 7961 1338 912 7962 1354 912 7963 1355 912 7964 1326 346 7965 1329 346 7966 1353 346 7967 1326 344 7968 1353 344 7969 1356 344 7970 1333 913 7971 1355 913 7972 1357 913 7973 1333 124 7974 1338 124 7975 1355 124 7976 1351 345 7977 1326 345 7978 1356 345 7979 1351 540 7980 1356 540 7981 1358 540 7982 1332 541 7983 1357 541 7984 1359 541 7985 1349 914 7986 1351 914 7987 1358 914 7988 1332 543 7989 1333 543 7990 1357 543 7991 1349 544 7992 1358 544 7993 1360 544 7994 1330 545 7995 1359 545 7996 1361 545 7997 1347 915 7998 1360 915 7999 1362 915 8000 1330 547 8001 1332 547 8002 1359 547 8003 1347 548 8004 1349 548 8005 1360 548 8006 1343 549 8007 1347 549 8008 1362 549 8009 1331 114 8010 1361 114 8011 1363 114 8012 1331 916 8013 1330 916 8014 1361 916 8015 1338 126 8016 1362 126 8017 1354 126 8018 1338 126 8019 1343 126 8020 1362 126 8021 1335 115 8022 1363 115 8023 1364 115 8024 1335 619 8025 1331 619 8026 1363 619 8027 1337 27 8028 1364 27 8029 1365 27 8030 1337 330 8031 1335 330 8032 1364 330 8033 1341 112 8034 1365 112 8035 1366 112 8036 1341 27 8037 1337 27 8038 1365 27 8039 1346 111 8040 1366 111 8041 1367 111 8042 1346 329 8043 1341 329 8044 1366 329 8045 1348 555 8046 1367 555 8047 1368 555 8048 1348 188 8049 1346 188 8050 1367 188 8051 1350 556 8052 1368 556 8053 1369 556 8054 1350 917 8055 1348 917 8056 1368 917 8057 1328 557 8058 1350 557 8059 1369 557 8060 1328 794 8061 1369 794 8062 1370 794 8063 1327 559 8064 1328 559 8065 1370 559 8066 1327 918 8067 1370 918 8068 1371 918 8069 1334 94 8070 1327 94 8071 1371 94 8072 1334 109 8073 1371 109 8074 1372 109 8075 1339 561 8076 1334 561 8077 1372 561 8078 1339 919 8079 1372 919 8080 1373 919 8081 1342 625 8082 1339 625 8083 1373 625 8084 1342 564 8085 1373 564 8086 1374 564 8087 1345 565 8088 1342 565 8089 1374 565 8090 1345 689 8091 1374 689 8092 1375 689 8093 1344 802 8094 1345 802 8095 1375 802 8096 1344 323 8097 1375 323 8098 1376 323 8099 1340 323 8100 1344 323 8101 1376 323 8102 1340 89 8103 1376 89 8104 1377 89 8105 1336 322 8106 1340 322 8107 1377 322 8108 1336 5 8109 1377 5 8110 1352 5 8111 1378 691 8112 1379 691 8113 1380 691 8114 1378 568 8115 1381 568 8116 1379 568 8117 1382 569 8118 1380 569 8119 1383 569 8120 1382 890 8121 1378 890 8122 1380 890 8123 1384 694 8124 1385 694 8125 1386 694 8126 1387 5 8127 1383 5 8128 1388 5 8129 1384 694 8130 1389 694 8131 1385 694 8132 1387 5 8133 1382 5 8134 1383 5 8135 1390 481 8136 1386 481 8137 1391 481 8138 1392 483 8139 1388 483 8140 1393 483 8141 1390 37 8142 1384 37 8143 1386 37 8144 1392 483 8145 1387 483 8146 1388 483 8147 1394 697 8148 1391 697 8149 1395 697 8150 1396 639 8151 1393 639 8152 1397 639 8153 1394 697 8154 1390 697 8155 1391 697 8156 1396 572 8157 1392 572 8158 1393 572 8159 1398 287 8160 1395 287 8161 1399 287 8162 1400 295 8163 1397 295 8164 1401 295 8165 1398 287 8166 1394 287 8167 1395 287 8168 1400 295 8169 1396 295 8170 1397 295 8171 1402 577 8172 1399 577 8173 1403 577 8174 1404 490 8175 1401 490 8176 1405 490 8177 1402 747 8178 1398 747 8179 1399 747 8180 1404 748 8181 1400 748 8182 1401 748 8183 1406 293 8184 1405 293 8185 1407 293 8186 1406 580 8187 1404 580 8188 1405 580 8189 1408 493 8190 1403 493 8191 1409 493 8192 1389 701 8193 1407 701 8194 1385 701 8195 1408 493 8196 1402 493 8197 1403 493 8198 1389 892 8199 1406 892 8200 1407 892 8201 1410 27 8202 1409 27 8203 1411 27 8204 1410 27 8205 1408 27 8206 1409 27 8207 1412 920 8208 1411 920 8209 1413 920 8210 1412 583 8211 1410 583 8212 1411 583 8213 1414 584 8214 1413 584 8215 1415 584 8216 1414 705 8217 1412 705 8218 1413 705 8219 1416 211 8220 1415 211 8221 1417 211 8222 1416 211 8223 1414 211 8224 1415 211 8225 1418 756 8226 1416 756 8227 1417 756 8228 1418 756 8229 1417 756 8230 1419 756 8231 1420 7 8232 1418 7 8233 1419 7 8234 1420 7 8235 1419 7 8236 1421 7 8237 1422 757 8238 1420 757 8239 1421 757 8240 1422 707 8241 1421 707 8242 1423 707 8243 1424 895 8244 1423 895 8245 1425 895 8246 1424 896 8247 1422 896 8248 1423 896 8249 1426 282 8250 1425 282 8251 1427 282 8252 1426 23 8253 1424 23 8254 1425 23 8255 1428 508 8256 1427 508 8257 1429 508 8258 1428 758 8259 1426 758 8260 1427 758 8261 1381 213 8262 1429 213 8263 1379 213 8264 1381 213 8265 1428 213 8266 1429 213 8267 1353 709 8268 1387 709 8269 1392 709 8270 1418 248 8271 1370 248 8272 1369 248 8273 1420 657 8274 1370 657 8275 1418 657 8276 1353 66 8277 1352 66 8278 1387 66 8279 1359 66 8280 1394 66 8281 1361 66 8282 1352 66 8283 1382 66 8284 1387 66 8285 1361 66 8286 1398 66 8287 1363 66 8288 1394 66 8289 1398 66 8290 1361 66 8291 1420 66 8292 1371 66 8293 1370 66 8294 1357 66 8295 1390 66 8296 1359 66 8297 1422 66 8298 1371 66 8299 1420 66 8300 1359 166 8301 1390 166 8302 1394 166 8303 1363 66 8304 1402 66 8305 1364 66 8306 1398 66 8307 1402 66 8308 1363 66 8309 1355 66 8310 1384 66 8311 1357 66 8312 1382 66 8313 1377 66 8314 1378 66 8315 1352 66 8316 1377 66 8317 1382 66 8318 1357 167 8319 1384 167 8320 1390 167 8321 1402 921 8322 1408 921 8323 1364 921 8324 1424 66 8325 1372 66 8326 1422 66 8327 1422 66 8328 1372 66 8329 1371 66 8330 1408 66 8331 1365 66 8332 1364 66 8333 1354 66 8334 1389 66 8335 1355 66 8336 1378 66 8337 1376 66 8338 1381 66 8339 1377 310 8340 1376 310 8341 1378 310 8342 1355 66 8343 1389 66 8344 1384 66 8345 1426 66 8346 1373 66 8347 1424 66 8348 1424 66 8349 1373 66 8350 1372 66 8351 1381 66 8352 1375 66 8353 1428 66 8354 1376 66 8355 1375 66 8356 1381 66 8357 1408 66 8358 1410 66 8359 1365 66 8360 1428 594 8361 1374 594 8362 1426 594 8363 1362 247 8364 1406 247 8365 1354 247 8366 1426 66 8367 1374 66 8368 1373 66 8369 1375 66 8370 1374 66 8371 1428 66 8372 1354 66 8373 1406 66 8374 1389 66 8375 1410 315 8376 1366 315 8377 1365 315 8378 1410 66 8379 1412 66 8380 1366 66 8381 1360 66 8382 1404 66 8383 1362 66 8384 1362 66 8385 1404 66 8386 1406 66 8387 1412 66 8388 1367 66 8389 1366 66 8390 1412 66 8391 1414 66 8392 1367 66 8393 1358 661 8394 1400 661 8395 1360 661 8396 1360 66 8397 1400 66 8398 1404 66 8399 1416 597 8400 1368 597 8401 1414 597 8402 1414 66 8403 1368 66 8404 1367 66 8405 1358 66 8406 1396 66 8407 1400 66 8408 1358 66 8409 1356 66 8410 1396 66 8411 1416 922 8412 1369 922 8413 1368 922 8414 1418 66 8415 1369 66 8416 1416 66 8417 1356 243 8418 1392 243 8419 1396 243 8420 1356 66 8421 1353 66 8422 1392 66 8423 1430 48 8424 1419 48 8425 1431 48 8426 1430 48 8427 1421 48 8428 1419 48 8429 1432 306 8430 1433 306 8431 1393 306 8432 1432 357 8433 1393 357 8434 1388 357 8435 1434 923 8436 1421 923 8437 1430 923 8438 1434 48 8439 1423 48 8440 1421 48 8441 1399 48 8442 1435 48 8443 1436 48 8444 1399 48 8445 1395 48 8446 1435 48 8447 1391 524 8448 1437 524 8449 1435 524 8450 1391 48 8451 1438 48 8452 1437 48 8453 1391 664 8454 1435 664 8455 1395 664 8456 1403 48 8457 1436 48 8458 1439 48 8459 1403 362 8460 1399 362 8461 1436 362 8462 1440 48 8463 1388 48 8464 1383 48 8465 1440 48 8466 1432 48 8467 1388 48 8468 1386 48 8469 1438 48 8470 1391 48 8471 1409 48 8472 1439 48 8473 1441 48 8474 1442 48 8475 1427 48 8476 1425 48 8477 1442 48 8478 1425 48 8479 1423 48 8480 1442 48 8481 1423 48 8482 1434 48 8483 1409 48 8484 1403 48 8485 1439 48 8486 1443 924 8487 1383 924 8488 1380 924 8489 1443 48 8490 1380 48 8491 1379 48 8492 1443 48 8493 1440 48 8494 1383 48 8495 1385 48 8496 1444 48 8497 1438 48 8498 1445 48 8499 1427 48 8500 1442 48 8501 1385 925 8502 1438 925 8503 1386 925 8504 1446 48 8505 1443 48 8506 1379 48 8507 1411 48 8508 1441 48 8509 1447 48 8510 1448 48 8511 1379 48 8512 1429 48 8513 1448 48 8514 1429 48 8515 1427 48 8516 1448 926 8517 1427 926 8518 1445 926 8519 1411 48 8520 1409 48 8521 1441 48 8522 1448 48 8523 1446 48 8524 1379 48 8525 1407 48 8526 1449 48 8527 1444 48 8528 1407 48 8529 1444 48 8530 1385 48 8531 1413 669 8532 1447 669 8533 1450 669 8534 1413 664 8535 1411 664 8536 1447 664 8537 1405 48 8538 1451 48 8539 1449 48 8540 1405 927 8541 1449 927 8542 1407 927 8543 1415 370 8544 1450 370 8545 1452 370 8546 1415 909 8547 1413 909 8548 1450 909 8549 1453 928 8550 1451 928 8551 1405 928 8552 1401 48 8553 1453 48 8554 1405 48 8555 1417 48 8556 1415 48 8557 1452 48 8558 1454 48 8559 1417 48 8560 1452 48 8561 1455 48 8562 1453 48 8563 1401 48 8564 1455 48 8565 1401 48 8566 1397 48 8567 1431 48 8568 1417 48 8569 1454 48 8570 1431 48 8571 1419 48 8572 1417 48 8573 1433 671 8574 1455 671 8575 1397 671 8576 1433 48 8577 1397 48 8578 1393 48 8579 1432 5 8580 1440 5 8581 1456 5 8582 1432 136 8583 1456 136 8584 1457 136 8585 1444 124 8586 1458 124 8587 1459 124 8588 1433 135 8589 1432 135 8590 1457 135 8591 1433 609 8592 1457 609 8593 1460 609 8594 1438 543 8595 1459 543 8596 1461 543 8597 1438 722 8598 1444 722 8599 1459 722 8600 1455 134 8601 1433 134 8602 1460 134 8603 1455 611 8604 1460 611 8605 1462 611 8606 1437 929 8607 1461 929 8608 1463 929 8609 1453 542 8610 1455 542 8611 1462 542 8612 1437 543 8613 1438 543 8614 1461 543 8615 1453 930 8616 1462 930 8617 1464 930 8618 1435 615 8619 1463 615 8620 1465 615 8621 1451 616 8622 1464 616 8623 1466 616 8624 1435 678 8625 1437 678 8626 1463 678 8627 1451 679 8628 1453 679 8629 1464 679 8630 1449 616 8631 1451 616 8632 1466 616 8633 1436 331 8634 1465 331 8635 1467 331 8636 1436 551 8637 1435 551 8638 1465 551 8639 1444 195 8640 1466 195 8641 1458 195 8642 1444 618 8643 1449 618 8644 1466 618 8645 1439 115 8646 1467 115 8647 1468 115 8648 1439 931 8649 1436 931 8650 1467 931 8651 1441 27 8652 1468 27 8653 1469 27 8654 1441 189 8655 1439 189 8656 1468 189 8657 1447 112 8658 1469 112 8659 1470 112 8660 1447 27 8661 1441 27 8662 1469 27 8663 1450 188 8664 1470 188 8665 1471 188 8666 1450 187 8667 1447 187 8668 1470 187 8669 1452 620 8670 1471 620 8671 1472 620 8672 1452 260 8673 1450 260 8674 1471 260 8675 1454 932 8676 1472 932 8677 1473 932 8678 1454 555 8679 1452 555 8680 1472 555 8681 1431 683 8682 1454 683 8683 1473 683 8684 1431 623 8685 1473 623 8686 1474 623 8687 1430 559 8688 1431 559 8689 1474 559 8690 1430 624 8691 1474 624 8692 1475 624 8693 1434 179 8694 1430 179 8695 1475 179 8696 1434 440 8697 1475 440 8698 1476 440 8699 1442 561 8700 1434 561 8701 1476 561 8702 1442 625 8703 1476 625 8704 1477 625 8705 1445 563 8706 1442 563 8707 1477 563 8708 1445 933 8709 1477 933 8710 1478 933 8711 1448 688 8712 1445 688 8713 1478 688 8714 1448 627 8715 1478 627 8716 1479 627 8717 1446 689 8718 1448 689 8719 1479 689 8720 1446 177 8721 1479 177 8722 1480 177 8723 1443 180 8724 1446 180 8725 1480 180 8726 1443 176 8727 1480 176 8728 1481 176 8729 1440 89 8730 1443 89 8731 1481 89 8732 1440 5 8733 1481 5 8734 1456 5 8735 1482 476 8736 1483 476 8737 1484 476 8738 1482 691 8739 1485 691 8740 1483 691 8741 1486 934 8742 1484 934 8743 1487 934 8744 1486 935 8745 1482 935 8746 1484 935 8747 1488 480 8748 1489 480 8749 1490 480 8750 1491 5 8751 1487 5 8752 1492 5 8753 1488 479 8754 1493 479 8755 1489 479 8756 1491 5 8757 1486 5 8758 1487 5 8759 1494 481 8760 1490 481 8761 1495 481 8762 1496 936 8763 1492 936 8764 1497 936 8765 1494 37 8766 1488 37 8767 1490 37 8768 1496 937 8769 1491 937 8770 1492 937 8771 1498 697 8772 1495 697 8773 1499 697 8774 1500 938 8775 1497 938 8776 1501 938 8777 1498 484 8778 1494 484 8779 1495 484 8780 1500 639 8781 1496 639 8782 1497 639 8783 1502 225 8784 1499 225 8785 1503 225 8786 1504 295 8787 1501 295 8788 1505 295 8789 1502 287 8790 1498 287 8791 1499 287 8792 1504 46 8793 1500 46 8794 1501 46 8795 1506 939 8796 1503 939 8797 1507 939 8798 1508 490 8799 1505 490 8800 1509 490 8801 1506 699 8802 1502 699 8803 1503 699 8804 1508 490 8805 1504 490 8806 1505 490 8807 1510 43 8808 1509 43 8809 1511 43 8810 1510 492 8811 1508 492 8812 1509 492 8813 1512 493 8814 1507 493 8815 1513 493 8816 1493 494 8817 1511 494 8818 1489 494 8819 1512 940 8820 1506 940 8821 1507 940 8822 1493 494 8823 1510 494 8824 1511 494 8825 1514 27 8826 1513 27 8827 1515 27 8828 1514 27 8829 1512 27 8830 1513 27 8831 1516 497 8832 1515 497 8833 1517 497 8834 1516 941 8835 1514 941 8836 1515 941 8837 1518 942 8838 1517 942 8839 1519 942 8840 1518 705 8841 1516 705 8842 1517 705 8843 1520 212 8844 1519 212 8845 1521 212 8846 1520 211 8847 1518 211 8848 1519 211 8849 1522 502 8850 1520 502 8851 1521 502 8852 1522 706 8853 1521 706 8854 1523 706 8855 1524 7 8856 1522 7 8857 1523 7 8858 1524 7 8859 1523 7 8860 1525 7 8861 1526 655 8862 1524 655 8863 1525 655 8864 1526 654 8865 1525 654 8866 1527 654 8867 1528 506 8868 1527 506 8869 1529 506 8870 1528 587 8871 1526 587 8872 1527 587 8873 1530 23 8874 1529 23 8875 1531 23 8876 1530 22 8877 1528 22 8878 1529 22 8879 1532 508 8880 1531 508 8881 1533 508 8882 1532 509 8883 1530 509 8884 1531 509 8885 1485 213 8886 1533 213 8887 1483 213 8888 1485 15 8889 1532 15 8890 1533 15 8891 1457 237 8892 1491 237 8893 1496 237 8894 1522 66 8895 1474 66 8896 1473 66 8897 1524 66 8898 1474 66 8899 1522 66 8900 1457 66 8901 1456 66 8902 1491 66 8903 1456 66 8904 1486 66 8905 1491 66 8906 1463 67 8907 1498 67 8908 1465 67 8909 1465 66 8910 1502 66 8911 1467 66 8912 1498 943 8913 1502 943 8914 1465 943 8915 1524 66 8916 1475 66 8917 1474 66 8918 1461 66 8919 1494 66 8920 1463 66 8921 1526 66 8922 1475 66 8923 1524 66 8924 1463 66 8925 1494 66 8926 1498 66 8927 1467 66 8928 1506 66 8929 1468 66 8930 1502 66 8931 1506 66 8932 1467 66 8933 1459 67 8934 1488 67 8935 1461 67 8936 1461 167 8937 1488 167 8938 1494 167 8939 1456 66 8940 1481 66 8941 1486 66 8942 1486 66 8943 1481 66 8944 1482 66 8945 1506 66 8946 1512 66 8947 1468 66 8948 1512 66 8949 1469 66 8950 1468 66 8951 1528 944 8952 1476 944 8953 1526 944 8954 1458 66 8955 1493 66 8956 1459 66 8957 1526 66 8958 1476 66 8959 1475 66 8960 1459 945 8961 1493 945 8962 1488 945 8963 1482 66 8964 1480 66 8965 1485 66 8966 1481 66 8967 1480 66 8968 1482 66 8969 1530 246 8970 1477 246 8971 1528 246 8972 1528 68 8973 1477 68 8974 1476 68 8975 1512 66 8976 1514 66 8977 1469 66 8978 1466 66 8979 1510 66 8980 1458 66 8981 1485 66 8982 1479 66 8983 1532 66 8984 1480 66 8985 1479 66 8986 1485 66 8987 1532 66 8988 1478 66 8989 1530 66 8990 1458 66 8991 1510 66 8992 1493 66 8993 1530 79 8994 1478 79 8995 1477 79 8996 1479 66 8997 1478 66 8998 1532 66 8999 1514 73 9000 1470 73 9001 1469 73 9002 1514 66 9003 1516 66 9004 1470 66 9005 1464 66 9006 1508 66 9007 1466 66 9008 1466 66 9009 1508 66 9010 1510 66 9011 1516 66 9012 1471 66 9013 1470 66 9014 1516 946 9015 1518 946 9016 1471 946 9017 1462 947 9018 1504 947 9019 1464 947 9020 1464 66 9021 1504 66 9022 1508 66 9023 1518 66 9024 1472 66 9025 1471 66 9026 1520 597 9027 1472 597 9028 1518 597 9029 1462 946 9030 1500 946 9031 1504 946 9032 1462 66 9033 1460 66 9034 1500 66 9035 1520 72 9036 1473 72 9037 1472 72 9038 1522 66 9039 1473 66 9040 1520 66 9041 1460 66 9042 1496 66 9043 1500 66 9044 1460 66 9045 1457 66 9046 1496 66 9047 1534 48 9048 1525 48 9049 1523 48 9050 1535 48 9051 1536 48 9052 1497 48 9053 1535 366 9054 1497 366 9055 1492 366 9056 1499 360 9057 1537 360 9058 1538 360 9059 1539 524 9060 1525 524 9061 1534 524 9062 1539 48 9063 1527 48 9064 1525 48 9065 1503 61 9066 1499 61 9067 1538 61 9068 1495 48 9069 1540 48 9070 1537 48 9071 1495 48 9072 1537 48 9073 1499 48 9074 1507 48 9075 1538 48 9076 1541 48 9077 1542 48 9078 1535 48 9079 1492 48 9080 1542 48 9081 1492 48 9082 1487 48 9083 1507 48 9084 1503 48 9085 1538 48 9086 1490 64 9087 1543 64 9088 1540 64 9089 1490 668 9090 1540 668 9091 1495 668 9092 1544 48 9093 1529 48 9094 1527 48 9095 1544 48 9096 1527 48 9097 1539 48 9098 1513 48 9099 1541 48 9100 1545 48 9101 1546 48 9102 1542 48 9103 1487 48 9104 1546 948 9105 1487 948 9106 1484 948 9107 1546 48 9108 1484 48 9109 1483 48 9110 1513 528 9111 1507 528 9112 1541 528 9113 1547 949 9114 1531 949 9115 1529 949 9116 1489 48 9117 1548 48 9118 1543 48 9119 1547 523 9120 1529 523 9121 1544 523 9122 1489 948 9123 1543 948 9124 1490 948 9125 1549 48 9126 1546 48 9127 1483 48 9128 1550 48 9129 1483 48 9130 1533 48 9131 1515 48 9132 1545 48 9133 1551 48 9134 1550 48 9135 1533 48 9136 1531 48 9137 1550 48 9138 1531 48 9139 1547 48 9140 1550 48 9141 1549 48 9142 1483 48 9143 1515 48 9144 1513 48 9145 1545 48 9146 1511 950 9147 1552 950 9148 1548 950 9149 1511 48 9150 1548 48 9151 1489 48 9152 1517 48 9153 1551 48 9154 1553 48 9155 1517 48 9156 1515 48 9157 1551 48 9158 1509 48 9159 1554 48 9160 1552 48 9161 1509 951 9162 1552 951 9163 1511 951 9164 1519 48 9165 1553 48 9166 1555 48 9167 1519 48 9168 1517 48 9169 1553 48 9170 1556 48 9171 1554 48 9172 1509 48 9173 1505 48 9174 1556 48 9175 1509 48 9176 1521 664 9177 1519 664 9178 1555 664 9179 1557 150 9180 1521 150 9181 1555 150 9182 1558 769 9183 1556 769 9184 1505 769 9185 1558 952 9186 1505 952 9187 1501 952 9188 1523 48 9189 1521 48 9190 1557 48 9191 1559 48 9192 1523 48 9193 1557 48 9194 1536 48 9195 1558 48 9196 1501 48 9197 1536 48 9198 1501 48 9199 1497 48 9200 1534 48 9201 1523 48 9202 1559 48 9203 1535 5 9204 1542 5 9205 1560 5 9206 1535 136 9207 1560 136 9208 1561 136 9209 1548 194 9210 1562 194 9211 1563 194 9212 1536 136 9213 1535 136 9214 1561 136 9215 1536 839 9216 1561 839 9217 1564 839 9218 1543 543 9219 1563 543 9220 1565 543 9221 1543 610 9222 1548 610 9223 1563 610 9224 1558 674 9225 1536 674 9226 1564 674 9227 1558 540 9228 1564 540 9229 1566 540 9230 1540 612 9231 1565 612 9232 1567 612 9233 1556 613 9234 1558 613 9235 1566 613 9236 1540 543 9237 1543 543 9238 1565 543 9239 1556 614 9240 1566 614 9241 1568 614 9242 1537 545 9243 1567 545 9244 1569 545 9245 1554 616 9246 1568 616 9247 1570 616 9248 1537 547 9249 1540 547 9250 1567 547 9251 1554 548 9252 1556 548 9253 1568 548 9254 1552 618 9255 1570 618 9256 1562 618 9257 1552 616 9258 1554 616 9259 1570 616 9260 1538 331 9261 1569 331 9262 1571 331 9263 1538 617 9264 1537 617 9265 1569 617 9266 1548 195 9267 1552 195 9268 1562 195 9269 1541 115 9270 1571 115 9271 1572 115 9272 1541 333 9273 1538 333 9274 1571 333 9275 1545 27 9276 1572 27 9277 1573 27 9278 1545 189 9279 1541 189 9280 1572 189 9281 1551 112 9282 1573 112 9283 1574 112 9284 1551 27 9285 1545 27 9286 1573 27 9287 1553 188 9288 1574 188 9289 1575 188 9290 1553 187 9291 1551 187 9292 1574 187 9293 1555 953 9294 1575 953 9295 1576 953 9296 1555 111 9297 1553 111 9298 1575 111 9299 1557 621 9300 1576 621 9301 1577 621 9302 1557 622 9303 1555 622 9304 1576 622 9305 1559 557 9306 1557 557 9307 1577 557 9308 1559 623 9309 1577 623 9310 1578 623 9311 1534 559 9312 1559 559 9313 1578 559 9314 1534 954 9315 1578 954 9316 1579 954 9317 1539 252 9318 1534 252 9319 1579 252 9320 1539 186 9321 1579 186 9322 1580 186 9323 1544 685 9324 1539 685 9325 1580 685 9326 1544 625 9327 1580 625 9328 1581 625 9329 1547 563 9330 1544 563 9331 1581 563 9332 1547 626 9333 1581 626 9334 1582 626 9335 1550 565 9336 1547 565 9337 1582 565 9338 1550 566 9339 1582 566 9340 1583 566 9341 1549 628 9342 1550 628 9343 1583 628 9344 1549 180 9345 1583 180 9346 1584 180 9347 1546 177 9348 1549 177 9349 1584 177 9350 1546 176 9351 1584 176 9352 1585 176 9353 1542 176 9354 1546 176 9355 1585 176 9356 1542 5 9357 1585 5 9358 1560 5 9359 1586 955 9360 1587 955 9361 1588 955 9362 1586 956 9363 1589 956 9364 1587 956 9365 1590 631 9366 1588 631 9367 1591 631 9368 1590 478 9369 1586 478 9370 1588 478 9371 1592 479 9372 1593 479 9373 1594 479 9374 1595 5 9375 1591 5 9376 1596 5 9377 1592 632 9378 1597 632 9379 1593 632 9380 1595 5 9381 1590 5 9382 1591 5 9383 1598 957 9384 1594 957 9385 1599 957 9386 1600 634 9387 1596 634 9388 1601 634 9389 1598 37 9390 1592 37 9391 1594 37 9392 1600 483 9393 1595 483 9394 1596 483 9395 1602 958 9396 1599 958 9397 1603 958 9398 1604 959 9399 1601 959 9400 1605 959 9401 1602 573 9402 1598 573 9403 1599 573 9404 1604 486 9405 1600 486 9406 1601 486 9407 1606 144 9408 1603 144 9409 1607 144 9410 1608 640 9411 1605 640 9412 1609 640 9413 1606 960 9414 1602 960 9415 1603 960 9416 1608 46 9417 1604 46 9418 1605 46 9419 1610 489 9420 1607 489 9421 1611 489 9422 1612 641 9423 1609 641 9424 1613 641 9425 1610 577 9426 1606 577 9427 1607 577 9428 1612 642 9429 1608 642 9430 1609 642 9431 1614 43 9432 1613 43 9433 1615 43 9434 1614 492 9435 1612 492 9436 1613 492 9437 1616 493 9438 1611 493 9439 1617 493 9440 1597 581 9441 1615 581 9442 1593 581 9443 1616 493 9444 1610 493 9445 1611 493 9446 1597 494 9447 1614 494 9448 1615 494 9449 1618 27 9450 1617 27 9451 1619 27 9452 1618 27 9453 1616 27 9454 1617 27 9455 1620 497 9456 1619 497 9457 1621 497 9458 1620 583 9459 1618 583 9460 1619 583 9461 1622 649 9462 1621 649 9463 1623 649 9464 1622 500 9465 1620 500 9466 1621 500 9467 1624 650 9468 1623 650 9469 1625 650 9470 1624 212 9471 1622 212 9472 1623 212 9473 1626 585 9474 1624 585 9475 1625 585 9476 1626 585 9477 1625 585 9478 1627 585 9479 1628 7 9480 1626 7 9481 1627 7 9482 1628 9 9483 1627 9 9484 1629 9 9485 1630 654 9486 1628 654 9487 1629 654 9488 1630 655 9489 1629 655 9490 1631 655 9491 1632 587 9492 1631 587 9493 1633 587 9494 1632 506 9495 1630 506 9496 1631 506 9497 1634 23 9498 1633 23 9499 1635 23 9500 1634 22 9501 1632 22 9502 1633 22 9503 1636 589 9504 1635 589 9505 1637 589 9506 1636 508 9507 1634 508 9508 1635 508 9509 1589 510 9510 1637 510 9511 1587 510 9512 1589 961 9513 1636 961 9514 1637 961 9515 1561 237 9516 1595 237 9517 1600 237 9518 1626 68 9519 1578 68 9520 1577 68 9521 1628 66 9522 1578 66 9523 1626 66 9524 1561 591 9525 1560 591 9526 1595 591 9527 1560 66 9528 1590 66 9529 1595 66 9530 1567 67 9531 1602 67 9532 1569 67 9533 1628 66 9534 1579 66 9535 1578 66 9536 1569 962 9537 1606 962 9538 1571 962 9539 1602 66 9540 1606 66 9541 1569 66 9542 1630 66 9543 1579 66 9544 1628 66 9545 1565 66 9546 1598 66 9547 1567 66 9548 1567 66 9549 1598 66 9550 1602 66 9551 1571 66 9552 1610 66 9553 1572 66 9554 1606 66 9555 1610 66 9556 1571 66 9557 1563 66 9558 1592 66 9559 1565 66 9560 1590 963 9561 1585 963 9562 1586 963 9563 1565 514 9564 1592 514 9565 1598 514 9566 1560 66 9567 1585 66 9568 1590 66 9569 1610 66 9570 1616 66 9571 1572 66 9572 1616 66 9573 1573 66 9574 1572 66 9575 1632 66 9576 1580 66 9577 1630 66 9578 1562 66 9579 1597 66 9580 1563 66 9581 1630 66 9582 1580 66 9583 1579 66 9584 1586 592 9585 1584 592 9586 1589 592 9587 1563 66 9588 1597 66 9589 1592 66 9590 1585 66 9591 1584 66 9592 1586 66 9593 1634 66 9594 1581 66 9595 1632 66 9596 1632 66 9597 1581 66 9598 1580 66 9599 1589 66 9600 1583 66 9601 1636 66 9602 1616 66 9603 1618 66 9604 1573 66 9605 1584 66 9606 1583 66 9607 1589 66 9608 1570 66 9609 1614 66 9610 1562 66 9611 1636 66 9612 1582 66 9613 1634 66 9614 1634 66 9615 1582 66 9616 1581 66 9617 1583 245 9618 1582 245 9619 1636 245 9620 1562 66 9621 1614 66 9622 1597 66 9623 1618 73 9624 1574 73 9625 1573 73 9626 1618 66 9627 1620 66 9628 1574 66 9629 1568 247 9630 1612 247 9631 1570 247 9632 1570 520 9633 1612 520 9634 1614 520 9635 1620 66 9636 1575 66 9637 1574 66 9638 1620 66 9639 1622 66 9640 1575 66 9641 1566 308 9642 1608 308 9643 1568 308 9644 1568 66 9645 1608 66 9646 1612 66 9647 1622 66 9648 1576 66 9649 1575 66 9650 1624 597 9651 1576 597 9652 1622 597 9653 1566 946 9654 1604 946 9655 1608 946 9656 1566 66 9657 1564 66 9658 1604 66 9659 1624 66 9660 1577 66 9661 1576 66 9662 1626 66 9663 1577 66 9664 1624 66 9665 1564 166 9666 1600 166 9667 1604 166 9668 1564 66 9669 1561 66 9670 1600 66 9671 1638 48 9672 1629 48 9673 1627 48 9674 1639 48 9675 1640 48 9676 1601 48 9677 1639 366 9678 1601 366 9679 1596 366 9680 1603 64 9681 1641 64 9682 1642 64 9683 1643 964 9684 1629 964 9685 1638 964 9686 1643 48 9687 1631 48 9688 1629 48 9689 1607 48 9690 1603 48 9691 1642 48 9692 1599 48 9693 1644 48 9694 1641 48 9695 1599 664 9696 1641 664 9697 1603 664 9698 1611 159 9699 1642 159 9700 1645 159 9701 1646 48 9702 1639 48 9703 1596 48 9704 1646 48 9705 1596 48 9706 1591 48 9707 1611 48 9708 1607 48 9709 1642 48 9710 1594 48 9711 1647 48 9712 1644 48 9713 1594 148 9714 1644 148 9715 1599 148 9716 1648 965 9717 1633 965 9718 1631 965 9719 1648 48 9720 1631 48 9721 1643 48 9722 1617 48 9723 1645 48 9724 1649 48 9725 1650 48 9726 1646 48 9727 1591 48 9728 1650 948 9729 1591 948 9730 1588 948 9731 1650 366 9732 1588 366 9733 1587 366 9734 1617 528 9735 1611 528 9736 1645 528 9737 1651 48 9738 1635 48 9739 1633 48 9740 1593 48 9741 1652 48 9742 1647 48 9743 1651 303 9744 1633 303 9745 1648 303 9746 1593 667 9747 1647 667 9748 1594 667 9749 1653 161 9750 1650 161 9751 1587 161 9752 1654 48 9753 1587 48 9754 1637 48 9755 1619 48 9756 1649 48 9757 1655 48 9758 1654 48 9759 1637 48 9760 1635 48 9761 1654 48 9762 1635 48 9763 1651 48 9764 1654 55 9765 1653 55 9766 1587 55 9767 1619 48 9768 1617 48 9769 1649 48 9770 1615 966 9771 1656 966 9772 1652 966 9773 1615 48 9774 1652 48 9775 1593 48 9776 1621 300 9777 1655 300 9778 1657 300 9779 1621 48 9780 1619 48 9781 1655 48 9782 1613 48 9783 1658 48 9784 1656 48 9785 1613 605 9786 1656 605 9787 1615 605 9788 1623 48 9789 1657 48 9790 1659 48 9791 1623 606 9792 1621 606 9793 1657 606 9794 1660 48 9795 1658 48 9796 1613 48 9797 1609 48 9798 1660 48 9799 1613 48 9800 1625 48 9801 1623 48 9802 1659 48 9803 1661 48 9804 1625 48 9805 1659 48 9806 1662 48 9807 1660 48 9808 1609 48 9809 1662 154 9810 1609 154 9811 1605 154 9812 1627 367 9813 1625 367 9814 1661 367 9815 1663 967 9816 1627 967 9817 1661 967 9818 1640 48 9819 1662 48 9820 1605 48 9821 1640 65 9822 1605 65 9823 1601 65 9824 1638 48 9825 1627 48 9826 1663 48 9827 1639 5 9828 1646 5 9829 1664 5 9830 1639 136 9831 1664 136 9832 1665 136 9833 1652 124 9834 1666 124 9835 1667 124 9836 1640 776 9837 1639 776 9838 1665 776 9839 1640 200 9840 1665 200 9841 1668 200 9842 1647 968 9843 1667 968 9844 1669 968 9845 1647 123 9846 1652 123 9847 1667 123 9848 1662 969 9849 1640 969 9850 1668 969 9851 1662 540 9852 1668 540 9853 1670 540 9854 1644 612 9855 1669 612 9856 1671 612 9857 1660 970 9858 1662 970 9859 1670 970 9860 1644 971 9861 1647 971 9862 1669 971 9863 1660 614 9864 1670 614 9865 1672 614 9866 1641 545 9867 1671 545 9868 1673 545 9869 1658 616 9870 1672 616 9871 1674 616 9872 1641 972 9873 1644 972 9874 1671 972 9875 1658 973 9876 1660 973 9877 1672 973 9878 1656 974 9879 1658 974 9880 1674 974 9881 1642 114 9882 1673 114 9883 1675 114 9884 1642 975 9885 1641 975 9886 1673 975 9887 1652 126 9888 1674 126 9889 1666 126 9890 1652 125 9891 1656 125 9892 1674 125 9893 1645 789 9894 1675 789 9895 1676 789 9896 1645 117 9897 1642 117 9898 1675 117 9899 1649 27 9900 1676 27 9901 1677 27 9902 1649 113 9903 1645 113 9904 1676 113 9905 1655 112 9906 1677 112 9907 1678 112 9908 1655 27 9909 1649 27 9910 1677 27 9911 1657 111 9912 1678 111 9913 1679 111 9914 1657 553 9915 1655 553 9916 1678 553 9917 1659 555 9918 1679 555 9919 1680 555 9920 1659 111 9921 1657 111 9922 1679 111 9923 1661 621 9924 1680 621 9925 1681 621 9926 1661 976 9927 1659 976 9928 1680 976 9929 1663 977 9930 1661 977 9931 1681 977 9932 1663 623 9933 1681 623 9934 1682 623 9935 1638 684 9936 1663 684 9937 1682 684 9938 1638 624 9939 1682 624 9940 1683 624 9941 1643 90 9942 1638 90 9943 1683 90 9944 1643 109 9945 1683 109 9946 1684 109 9947 1648 978 9948 1643 978 9949 1684 978 9950 1648 625 9951 1684 625 9952 1685 625 9953 1651 979 9954 1648 979 9955 1685 979 9956 1651 626 9957 1685 626 9958 1686 626 9959 1654 980 9960 1651 980 9961 1686 980 9962 1654 566 9963 1686 566 9964 1687 566 9965 1653 981 9966 1654 981 9967 1687 981 9968 1653 180 9969 1687 180 9970 1688 180 9971 1650 92 9972 1653 92 9973 1688 92 9974 1650 176 9975 1688 176 9976 1689 176 9977 1646 89 9978 1650 89 9979 1689 89 9980 1646 5 9981 1689 5 9982 1664 5 9983 1690 955 9984 1691 955 9985 1692 955 9986 1690 956 9987 1693 956 9988 1691 956 9989 1694 569 9990 1692 569 9991 1695 569 9992 1694 478 9993 1690 478 9994 1692 478 9995 1696 982 9996 1697 982 9997 1698 982 9998 1699 5 9999 1695 5 10000 1700 5 10001 1696 632 10002 1701 632 10003 1697 632 10004 1699 5 10005 1694 5 10006 1695 5 10007 1702 957 10008 1698 957 10009 1703 957 10010 1704 483 10011 1700 483 10012 1705 483 10013 1702 37 10014 1696 37 10015 1698 37 10016 1704 483 10017 1699 483 10018 1700 483 10019 1706 958 10020 1703 958 10021 1707 958 10022 1708 959 10023 1705 959 10024 1709 959 10025 1706 573 10026 1702 573 10027 1703 573 10028 1708 486 10029 1704 486 10030 1705 486 10031 1710 33 10032 1707 33 10033 1711 33 10034 1712 640 10035 1709 640 10036 1713 640 10037 1710 983 10038 1706 983 10039 1707 983 10040 1712 46 10041 1708 46 10042 1709 46 10043 1714 489 10044 1711 489 10045 1715 489 10046 1716 641 10047 1713 641 10048 1717 641 10049 1714 577 10050 1710 577 10051 1711 577 10052 1716 642 10053 1712 642 10054 1713 642 10055 1718 43 10056 1717 43 10057 1719 43 10058 1718 492 10059 1716 492 10060 1717 492 10061 1720 493 10062 1715 493 10063 1721 493 10064 1701 984 10065 1719 984 10066 1697 984 10067 1720 493 10068 1714 493 10069 1715 493 10070 1701 496 10071 1718 496 10072 1719 496 10073 1722 27 10074 1721 27 10075 1723 27 10076 1722 27 10077 1720 27 10078 1721 27 10079 1724 497 10080 1723 497 10081 1725 497 10082 1724 583 10083 1722 583 10084 1723 583 10085 1726 649 10086 1725 649 10087 1727 649 10088 1726 500 10089 1724 500 10090 1725 500 10091 1728 985 10092 1727 985 10093 1729 985 10094 1728 501 10095 1726 501 10096 1727 501 10097 1730 585 10098 1728 585 10099 1729 585 10100 1730 585 10101 1729 585 10102 1731 585 10103 1732 7 10104 1730 7 10105 1731 7 10106 1732 9 10107 1731 9 10108 1733 9 10109 1734 654 10110 1732 654 10111 1733 654 10112 1734 986 10113 1733 986 10114 1735 986 10115 1736 987 10116 1735 987 10117 1737 987 10118 1736 988 10119 1734 988 10120 1735 988 10121 1738 23 10122 1737 23 10123 1739 23 10124 1738 22 10125 1736 22 10126 1737 22 10127 1740 589 10128 1739 589 10129 1741 589 10130 1740 508 10131 1738 508 10132 1739 508 10133 1693 510 10134 1741 510 10135 1691 510 10136 1693 961 10137 1740 961 10138 1741 961 10139 1665 66 10140 1699 66 10141 1704 66 10142 1730 66 10143 1682 66 10144 1681 66 10145 1732 513 10146 1682 513 10147 1730 513 10148 1665 66 10149 1664 66 10150 1699 66 10151 1671 989 10152 1706 989 10153 1673 989 10154 1664 66 10155 1694 66 10156 1699 66 10157 1673 66 10158 1710 66 10159 1675 66 10160 1706 66 10161 1710 66 10162 1673 66 10163 1669 990 10164 1702 990 10165 1671 990 10166 1734 66 10167 1683 66 10168 1732 66 10169 1671 76 10170 1702 76 10171 1706 76 10172 1732 172 10173 1683 172 10174 1682 172 10175 1675 66 10176 1714 66 10177 1676 66 10178 1710 66 10179 1714 66 10180 1675 66 10181 1667 66 10182 1696 66 10183 1669 66 10184 1669 66 10185 1696 66 10186 1702 66 10187 1664 66 10188 1689 66 10189 1694 66 10190 1694 66 10191 1689 66 10192 1690 66 10193 1714 66 10194 1720 66 10195 1676 66 10196 1720 66 10197 1677 66 10198 1676 66 10199 1666 66 10200 1701 66 10201 1667 66 10202 1734 66 10203 1684 66 10204 1683 66 10205 1736 515 10206 1684 515 10207 1734 515 10208 1667 66 10209 1701 66 10210 1696 66 10211 1690 991 10212 1688 991 10213 1693 991 10214 1689 66 10215 1688 66 10216 1690 66 10217 1736 68 10218 1685 68 10219 1684 68 10220 1738 66 10221 1685 66 10222 1736 66 10223 1720 66 10224 1722 66 10225 1677 66 10226 1674 66 10227 1718 66 10228 1666 66 10229 1693 66 10230 1687 66 10231 1740 66 10232 1688 517 10233 1687 517 10234 1693 517 10235 1666 66 10236 1718 66 10237 1701 66 10238 1740 66 10239 1686 66 10240 1738 66 10241 1738 517 10242 1686 517 10243 1685 517 10244 1687 517 10245 1686 517 10246 1740 517 10247 1722 73 10248 1678 73 10249 1677 73 10250 1722 66 10251 1724 66 10252 1678 66 10253 1672 66 10254 1716 66 10255 1674 66 10256 1674 520 10257 1716 520 10258 1718 520 10259 1724 66 10260 1679 66 10261 1678 66 10262 1724 992 10263 1726 992 10264 1679 992 10265 1670 66 10266 1712 66 10267 1672 66 10268 1672 66 10269 1712 66 10270 1716 66 10271 1726 83 10272 1680 83 10273 1679 83 10274 1728 993 10275 1680 993 10276 1726 993 10277 1670 66 10278 1708 66 10279 1712 66 10280 1670 75 10281 1668 75 10282 1708 75 10283 1728 66 10284 1681 66 10285 1680 66 10286 1730 66 10287 1681 66 10288 1728 66 10289 1668 66 10290 1704 66 10291 1708 66 10292 1668 66 10293 1665 66 10294 1704 66 10295 1700 48 10296 1742 48 10297 1705 48 10298 1743 48 10299 1731 48 10300 1744 48 10301 1743 48 10302 1733 48 10303 1731 48 10304 1745 600 10305 1742 600 10306 1700 600 10307 1707 48 10308 1746 48 10309 1747 48 10310 1695 48 10311 1745 48 10312 1700 48 10313 1711 48 10314 1707 48 10315 1747 48 10316 1748 966 10317 1733 966 10318 1743 966 10319 1703 966 10320 1749 966 10321 1746 966 10322 1748 48 10323 1735 48 10324 1733 48 10325 1703 156 10326 1746 156 10327 1707 156 10328 1715 60 10329 1747 60 10330 1750 60 10331 1715 48 10332 1711 48 10333 1747 48 10334 1698 64 10335 1751 64 10336 1749 64 10337 1752 48 10338 1695 48 10339 1692 48 10340 1698 668 10341 1749 668 10342 1703 668 10343 1752 48 10344 1745 48 10345 1695 48 10346 1721 58 10347 1750 58 10348 1753 58 10349 1721 666 10350 1715 666 10351 1750 666 10352 1754 48 10353 1737 48 10354 1735 48 10355 1754 48 10356 1735 48 10357 1748 48 10358 1697 48 10359 1755 48 10360 1751 48 10361 1756 668 10362 1692 668 10363 1691 668 10364 1697 155 10365 1751 155 10366 1698 155 10367 1756 161 10368 1752 161 10369 1692 161 10370 1757 48 10371 1739 48 10372 1737 48 10373 1723 48 10374 1753 48 10375 1758 48 10376 1757 600 10377 1737 600 10378 1754 600 10379 1759 994 10380 1756 994 10381 1691 994 10382 1723 48 10383 1721 48 10384 1753 48 10385 1719 48 10386 1760 48 10387 1755 48 10388 1761 63 10389 1691 63 10390 1741 63 10391 1761 48 10392 1741 48 10393 1739 48 10394 1761 301 10395 1739 301 10396 1757 301 10397 1761 48 10398 1759 48 10399 1691 48 10400 1719 48 10401 1755 48 10402 1697 48 10403 1725 669 10404 1758 669 10405 1762 669 10406 1725 48 10407 1723 48 10408 1758 48 10409 1763 64 10410 1760 64 10411 1719 64 10412 1717 48 10413 1763 48 10414 1719 48 10415 1727 300 10416 1762 300 10417 1764 300 10418 1727 48 10419 1725 48 10420 1762 48 10421 1765 607 10422 1763 607 10423 1717 607 10424 1713 48 10425 1765 48 10426 1717 48 10427 1729 48 10428 1727 48 10429 1764 48 10430 1766 48 10431 1729 48 10432 1764 48 10433 1767 154 10434 1713 154 10435 1709 154 10436 1767 48 10437 1765 48 10438 1713 48 10439 1731 153 10440 1729 153 10441 1766 153 10442 1744 48 10443 1731 48 10444 1766 48 10445 1742 995 10446 1767 995 10447 1709 995 10448 1742 153 10449 1709 153 10450 1705 153 10451 1745 5 10452 1752 5 10453 1768 5 10454 1745 135 10455 1768 135 10456 1769 135 10457 1755 124 10458 1770 124 10459 1771 124 10460 1742 136 10461 1745 136 10462 1769 136 10463 1742 839 10464 1769 839 10465 1772 839 10466 1751 543 10467 1771 543 10468 1773 543 10469 1751 610 10470 1755 610 10471 1771 610 10472 1767 134 10473 1742 134 10474 1772 134 10475 1767 540 10476 1772 540 10477 1774 540 10478 1749 612 10479 1773 612 10480 1775 612 10481 1765 542 10482 1767 542 10483 1774 542 10484 1749 543 10485 1751 543 10486 1773 543 10487 1765 614 10488 1774 614 10489 1776 614 10490 1746 545 10491 1775 545 10492 1777 545 10493 1763 616 10494 1776 616 10495 1778 616 10496 1746 547 10497 1749 547 10498 1775 547 10499 1763 548 10500 1765 548 10501 1776 548 10502 1760 616 10503 1763 616 10504 1778 616 10505 1747 114 10506 1777 114 10507 1779 114 10508 1747 551 10509 1746 551 10510 1777 551 10511 1755 195 10512 1778 195 10513 1770 195 10514 1755 618 10515 1760 618 10516 1778 618 10517 1750 115 10518 1779 115 10519 1780 115 10520 1750 619 10521 1747 619 10522 1779 619 10523 1753 27 10524 1780 27 10525 1781 27 10526 1753 115 10527 1750 115 10528 1780 115 10529 1758 112 10530 1781 112 10531 1782 112 10532 1758 27 10533 1753 27 10534 1781 27 10535 1762 111 10536 1782 111 10537 1783 111 10538 1762 112 10539 1758 112 10540 1782 112 10541 1764 953 10542 1783 953 10543 1784 953 10544 1764 188 10545 1762 188 10546 1783 188 10547 1766 621 10548 1784 621 10549 1785 621 10550 1766 555 10551 1764 555 10552 1784 555 10553 1744 557 10554 1766 557 10555 1785 557 10556 1744 623 10557 1785 623 10558 1786 623 10559 1743 559 10560 1744 559 10561 1786 559 10562 1743 624 10563 1786 624 10564 1787 624 10565 1748 252 10566 1743 252 10567 1787 252 10568 1748 440 10569 1787 440 10570 1788 440 10571 1754 561 10572 1748 561 10573 1788 561 10574 1754 625 10575 1788 625 10576 1789 625 10577 1757 563 10578 1754 563 10579 1789 563 10580 1757 626 10581 1789 626 10582 1790 626 10583 1761 565 10584 1757 565 10585 1790 565 10586 1761 566 10587 1790 566 10588 1791 566 10589 1759 689 10590 1761 689 10591 1791 689 10592 1759 180 10593 1791 180 10594 1792 180 10595 1756 180 10596 1759 180 10597 1792 180 10598 1756 89 10599 1792 89 10600 1793 89 10601 1752 176 10602 1756 176 10603 1793 176 10604 1752 5 10605 1793 5 10606 1768 5 10607 1794 804 10608 1795 804 10609 1796 804 10610 1797 996 10611 1795 996 10612 1794 996 10613 1796 404 10614 1798 404 10615 1799 404 10616 1795 404 10617 1798 404 10618 1796 404 10619 1800 997 10620 1801 997 10621 1802 997 10622 1799 27 10623 1803 27 10624 1804 27 10625 1802 431 10626 1801 431 10627 1805 431 10628 1798 27 10629 1803 27 10630 1799 27 10631 1805 429 10632 1806 429 10633 1807 429 10634 1804 809 10635 1808 809 10636 1809 809 10637 1801 430 10638 1806 430 10639 1805 430 10640 1803 397 10641 1808 397 10642 1804 397 10643 1807 812 10644 1810 812 10645 1811 812 10646 1809 813 10647 1812 813 10648 1813 813 10649 1806 998 10650 1810 998 10651 1807 998 10652 1808 813 10653 1812 813 10654 1809 813 10655 1811 426 10656 1814 426 10657 1815 426 10658 1813 439 10659 1816 439 10660 1817 439 10661 1810 425 10662 1814 425 10663 1811 425 10664 1812 438 10665 1816 438 10666 1813 438 10667 1815 816 10668 1818 816 10669 1819 816 10670 1817 817 10671 1820 817 10672 1821 817 10673 1814 816 10674 1818 816 10675 1815 816 10676 1816 999 10677 1820 999 10678 1817 999 10679 1821 434 10680 1822 434 10681 1823 434 10682 1820 435 10683 1822 435 10684 1821 435 10685 1819 422 10686 1824 422 10687 1825 422 10688 1823 1000 10689 1800 1000 10690 1802 1000 10691 1818 1001 10692 1824 1001 10693 1819 1001 10694 1822 432 10695 1800 432 10696 1823 432 10697 1825 5 10698 1826 5 10699 1827 5 10700 1824 5 10701 1826 5 10702 1825 5 10703 1827 417 10704 1828 417 10705 1829 417 10706 1826 417 10707 1828 417 10708 1827 417 10709 1829 825 10710 1830 825 10711 1831 825 10712 1828 826 10713 1830 826 10714 1829 826 10715 1831 410 10716 1832 410 10717 1833 410 10718 1830 1002 10719 1832 1002 10720 1831 1002 10721 1832 1003 10722 1834 1003 10723 1833 1003 10724 1833 828 10725 1834 828 10726 1835 828 10727 1834 401 10728 1836 401 10729 1835 401 10730 1835 403 10731 1836 403 10732 1837 403 10733 1836 1004 10734 1838 1004 10735 1837 1004 10736 1837 399 10737 1838 399 10738 1839 399 10739 1839 1005 10740 1840 1005 10741 1841 1005 10742 1838 418 10743 1840 418 10744 1839 418 10745 1840 415 10746 1842 415 10747 1841 415 10748 1841 416 10749 1842 416 10750 1843 416 10751 1843 835 10752 1844 835 10753 1845 835 10754 1842 1006 10755 1844 1006 10756 1843 1006 10757 1845 836 10758 1797 836 10759 1794 836 10760 1844 409 10761 1797 409 10762 1845 409 10763 1846 383 10764 1847 383 10765 1317 383 10766 1846 323 10767 1317 323 10768 1315 323 10769 1848 322 10770 1846 322 10771 1315 322 10772 1848 176 10773 1315 176 10774 1311 176 10775 1849 124 10776 1850 124 10777 1314 124 10778 1849 610 10779 1314 610 10780 1310 610 10781 1851 5 10782 1848 5 10783 1311 5 10784 1851 5 10785 1311 5 10786 1303 5 10787 1852 543 10788 1310 543 10789 1308 543 10790 1853 346 10791 1851 346 10792 1303 346 10793 1852 1007 10794 1849 1007 10795 1310 1007 10796 1853 136 10797 1303 136 10798 1302 136 10799 1854 547 10800 1308 547 10801 1304 547 10802 1855 1008 10803 1853 1008 10804 1302 1008 10805 1855 345 10806 1302 345 10807 1325 345 10808 1854 612 10809 1852 612 10810 1308 612 10811 1856 617 10812 1304 617 10813 1305 617 10814 1857 778 10815 1855 778 10816 1325 778 10817 1857 613 10818 1325 613 10819 1323 613 10820 1856 783 10821 1854 783 10822 1304 783 10823 1858 619 10824 1305 619 10825 1306 619 10826 1859 548 10827 1323 548 10828 1321 548 10829 1858 728 10830 1856 728 10831 1305 728 10832 1859 614 10833 1857 614 10834 1323 614 10835 1860 616 10836 1321 616 10837 1318 616 10838 1861 330 10839 1306 330 10840 1309 330 10841 1860 784 10842 1859 784 10843 1321 784 10844 1850 126 10845 1318 126 10846 1314 126 10847 1861 388 10848 1858 388 10849 1306 388 10850 1850 1009 10851 1860 1009 10852 1318 1009 10853 1862 27 10854 1309 27 10855 1313 27 10856 1862 27 10857 1861 27 10858 1309 27 10859 1863 329 10860 1313 329 10861 1320 329 10862 1863 387 10863 1862 387 10864 1313 387 10865 1864 188 10866 1320 188 10867 1322 188 10868 1864 260 10869 1863 260 10870 1320 260 10871 1865 622 10872 1322 622 10873 1324 622 10874 1865 917 10875 1864 917 10876 1322 917 10877 1866 557 10878 1324 557 10879 1301 557 10880 1866 621 10881 1865 621 10882 1324 621 10883 1867 793 10884 1866 793 10885 1301 793 10886 1867 559 10887 1301 559 10888 1300 559 10889 1868 624 10890 1867 624 10891 1300 624 10892 1868 252 10893 1300 252 10894 1307 252 10895 1869 1010 10896 1868 1010 10897 1307 1010 10898 1869 561 10899 1307 561 10900 1312 561 10901 1870 798 10902 1869 798 10903 1312 798 10904 1870 563 10905 1312 563 10906 1316 563 10907 1871 626 10908 1870 626 10909 1316 626 10910 1871 565 10911 1316 565 10912 1319 565 10913 1847 802 10914 1871 802 10915 1319 802 10916 1847 628 10917 1319 628 10918 1317 628 10919 1866 48 10920 1832 48 10921 1865 48 10922 1866 48 10923 1834 48 10924 1832 48 10925 1853 469 10926 1855 469 10927 1808 469 10928 1853 1011 10929 1808 1011 10930 1803 1011 10931 1810 48 10932 1854 48 10933 1856 48 10934 1814 48 10935 1856 48 10936 1858 48 10937 1867 474 10938 1834 474 10939 1866 474 10940 1814 48 10941 1810 48 10942 1856 48 10943 1867 48 10944 1836 48 10945 1834 48 10946 1806 1012 10947 1852 1012 10948 1854 1012 10949 1851 466 10950 1853 466 10951 1803 466 10952 1851 48 10953 1803 48 10954 1798 48 10955 1806 1013 10956 1854 1013 10957 1810 1013 10958 1818 1014 10959 1858 1014 10960 1861 1014 10961 1818 48 10962 1814 48 10963 1858 48 10964 1868 48 10965 1838 48 10966 1836 48 10967 1868 1015 10968 1836 1015 10969 1867 1015 10970 1801 1016 10971 1849 1016 10972 1852 1016 10973 1801 48 10974 1852 48 10975 1806 48 10976 1848 1017 10977 1798 1017 10978 1795 1017 10979 1848 48 10980 1851 48 10981 1798 48 10982 1824 48 10983 1861 48 10984 1862 48 10985 1824 48 10986 1818 48 10987 1861 48 10988 1869 1018 10989 1840 1018 10990 1838 1018 10991 1869 48 10992 1838 48 10993 1868 48 10994 1800 48 10995 1850 48 10996 1849 48 10997 1846 48 10998 1795 48 10999 1797 48 11000 1800 1019 11001 1849 1019 11002 1801 1019 11003 1846 1020 11004 1848 1020 11005 1795 1020 11006 1826 1021 11007 1862 1021 11008 1863 1021 11009 1870 48 11010 1842 48 11011 1840 48 11012 1870 1022 11013 1840 1022 11014 1869 1022 11015 1826 48 11016 1824 48 11017 1862 48 11018 1847 1023 11019 1797 1023 11020 1844 1023 11021 1847 1024 11022 1846 1024 11023 1797 1024 11024 1871 1025 11025 1844 1025 11026 1842 1025 11027 1871 48 11028 1847 48 11029 1844 48 11030 1822 48 11031 1860 48 11032 1850 48 11033 1871 1026 11034 1842 1026 11035 1870 1026 11036 1822 48 11037 1850 48 11038 1800 48 11039 1828 48 11040 1826 48 11041 1863 48 11042 1864 48 11043 1828 48 11044 1863 48 11045 1820 1027 11046 1859 1027 11047 1860 1027 11048 1820 48 11049 1860 48 11050 1822 48 11051 1830 48 11052 1828 48 11053 1864 48 11054 1816 48 11055 1857 48 11056 1859 48 11057 1816 48 11058 1859 48 11059 1820 48 11060 1865 48 11061 1832 48 11062 1830 48 11063 1865 48 11064 1830 48 11065 1864 48 11066 1812 48 11067 1857 48 11068 1816 48 11069 1855 1028 11070 1857 1028 11071 1812 1028 11072 1808 48 11073 1855 48 11074 1812 48 11075 1835 1029 11076 1785 1029 11077 1833 1029 11078 1833 66 11079 1785 66 11080 1784 66 11081 1772 66 11082 1769 66 11083 1809 66 11084 1809 1030 11085 1769 1030 11086 1804 1030 11087 1775 66 11088 1811 66 11089 1777 66 11090 1777 66 11091 1815 66 11092 1779 66 11093 1811 66 11094 1815 66 11095 1777 66 11096 1835 66 11097 1786 66 11098 1785 66 11099 1773 448 11100 1807 448 11101 1775 448 11102 1837 1031 11103 1786 1031 11104 1835 1031 11105 1775 1032 11106 1807 1032 11107 1811 1032 11108 1769 66 11109 1768 66 11110 1804 66 11111 1779 1033 11112 1819 1033 11113 1780 1033 11114 1804 66 11115 1768 66 11116 1799 66 11117 1815 66 11118 1819 66 11119 1779 66 11120 1771 66 11121 1805 66 11122 1773 66 11123 1839 66 11124 1787 66 11125 1837 66 11126 1773 1034 11127 1805 1034 11128 1807 1034 11129 1837 66 11130 1787 66 11131 1786 66 11132 1768 66 11133 1793 66 11134 1799 66 11135 1799 1035 11136 1793 1035 11137 1796 1035 11138 1780 66 11139 1825 66 11140 1781 66 11141 1819 1036 11142 1825 1036 11143 1780 1036 11144 1770 66 11145 1802 66 11146 1771 66 11147 1841 66 11148 1788 66 11149 1839 66 11150 1839 66 11151 1788 66 11152 1787 66 11153 1771 66 11154 1802 66 11155 1805 66 11156 1796 66 11157 1792 66 11158 1794 66 11159 1781 66 11160 1827 66 11161 1782 66 11162 1825 66 11163 1827 66 11164 1781 66 11165 1793 66 11166 1792 66 11167 1796 66 11168 1843 66 11169 1789 66 11170 1841 66 11171 1841 448 11172 1789 448 11173 1788 448 11174 1778 66 11175 1823 66 11176 1770 66 11177 1794 66 11178 1791 66 11179 1845 66 11180 1792 66 11181 1791 66 11182 1794 66 11183 1770 66 11184 1823 66 11185 1802 66 11186 1843 1037 11187 1790 1037 11188 1789 1037 11189 1791 1029 11190 1790 1029 11191 1845 1029 11192 1845 66 11193 1790 66 11194 1843 66 11195 1827 66 11196 1829 66 11197 1782 66 11198 1829 1038 11199 1783 1038 11200 1782 1038 11201 1776 880 11202 1821 880 11203 1778 880 11204 1778 66 11205 1821 66 11206 1823 66 11207 1829 66 11208 1831 66 11209 1783 66 11210 1774 1039 11211 1817 1039 11212 1776 1039 11213 1776 1040 11214 1817 1040 11215 1821 1040 11216 1833 1041 11217 1784 1041 11218 1831 1041 11219 1831 1042 11220 1784 1042 11221 1783 1042 11222 1774 453 11223 1813 453 11224 1817 453 11225 1774 66 11226 1772 66 11227 1813 66 11228 1772 1043 11229 1809 1043 11230 1813 1043 11231 1872 201 11232 1873 201 11233 1874 201 11234 1872 1044 11235 1875 1044 11236 1873 1044 11237 1876 1045 11238 1874 1045 11239 1877 1045 11240 1876 1046 11241 1872 1046 11242 1874 1046 11243 1878 273 11244 1879 273 11245 1880 273 11246 1881 5 11247 1877 5 11248 1882 5 11249 1878 138 11250 1883 138 11251 1879 138 11252 1881 5 11253 1876 5 11254 1877 5 11255 1884 652 11256 1880 652 11257 1885 652 11258 1886 348 11259 1882 348 11260 1887 348 11261 1884 653 11262 1878 653 11263 1880 653 11264 1886 1047 11265 1881 1047 11266 1882 1047 11267 1888 1048 11268 1885 1048 11269 1889 1048 11270 1890 208 11271 1887 208 11272 1891 208 11273 1888 209 11274 1884 209 11275 1885 209 11276 1890 1049 11277 1886 1049 11278 1887 1049 11279 1892 754 11280 1889 754 11281 1893 754 11282 1894 1050 11283 1891 1050 11284 1895 1050 11285 1892 1051 11286 1888 1051 11287 1889 1051 11288 1894 759 11289 1890 759 11290 1891 759 11291 1896 279 11292 1893 279 11293 1897 279 11294 1898 215 11295 1895 215 11296 1899 215 11297 1896 1052 11298 1892 1052 11299 1893 1052 11300 1898 1053 11301 1894 1053 11302 1895 1053 11303 1900 282 11304 1899 282 11305 1901 282 11306 1900 282 11307 1898 282 11308 1899 282 11309 1902 352 11310 1897 352 11311 1903 352 11312 1883 142 11313 1901 142 11314 1879 142 11315 1902 1054 11316 1896 1054 11317 1897 1054 11318 1883 142 11319 1900 142 11320 1901 142 11321 1904 27 11322 1903 27 11323 1905 27 11324 1904 27 11325 1902 27 11326 1903 27 11327 1906 1055 11328 1905 1055 11329 1907 1055 11330 1906 1056 11331 1904 1056 11332 1905 1056 11333 1908 222 11334 1907 222 11335 1909 222 11336 1908 1057 11337 1906 1057 11338 1907 1057 11339 1910 1058 11340 1909 1058 11341 1911 1058 11342 1910 744 11343 1908 744 11344 1909 744 11345 1912 226 11346 1910 226 11347 1911 226 11348 1912 1059 11349 1911 1059 11350 1913 1059 11351 1914 1060 11352 1912 1060 11353 1913 1060 11354 1914 635 11355 1913 635 11356 1915 635 11357 1916 145 11358 1914 145 11359 1915 145 11360 1916 290 11361 1915 290 11362 1917 290 11363 1918 146 11364 1917 146 11365 1919 146 11366 1918 147 11367 1916 147 11368 1917 147 11369 1920 293 11370 1919 293 11371 1921 293 11372 1920 293 11373 1918 293 11374 1919 293 11375 1922 230 11376 1921 230 11377 1923 230 11378 1922 1061 11379 1920 1061 11380 1921 1061 11381 1875 746 11382 1923 746 11383 1873 746 11384 1875 1062 11385 1922 1062 11386 1923 1062 11387 1924 1063 11388 1881 1063 11389 1886 1063 11390 1912 48 11391 1925 48 11392 1926 48 11393 1914 48 11394 1925 48 11395 1912 48 11396 1924 48 11397 1927 48 11398 1881 48 11399 1928 48 11400 1888 48 11401 1929 48 11402 1927 48 11403 1876 48 11404 1881 48 11405 1929 48 11406 1892 48 11407 1930 48 11408 1888 1064 11409 1892 1064 11410 1929 1064 11411 1931 1065 11412 1884 1065 11413 1928 1065 11414 1914 48 11415 1932 48 11416 1925 48 11417 1928 305 11418 1884 305 11419 1888 305 11420 1916 48 11421 1932 48 11422 1914 48 11423 1930 235 11424 1896 235 11425 1933 235 11426 1892 48 11427 1896 48 11428 1930 48 11429 1934 48 11430 1878 48 11431 1931 48 11432 1931 48 11433 1878 48 11434 1884 48 11435 1876 48 11436 1935 48 11437 1872 48 11438 1927 48 11439 1935 48 11440 1876 48 11441 1896 48 11442 1902 48 11443 1933 48 11444 1902 48 11445 1936 48 11446 1933 48 11447 1937 48 11448 1883 48 11449 1934 48 11450 1918 48 11451 1938 48 11452 1916 48 11453 1916 48 11454 1938 48 11455 1932 48 11456 1934 48 11457 1883 48 11458 1878 48 11459 1872 48 11460 1939 48 11461 1875 48 11462 1935 48 11463 1939 48 11464 1872 48 11465 1918 48 11466 1940 48 11467 1938 48 11468 1920 163 11469 1940 163 11470 1918 163 11471 1902 48 11472 1904 48 11473 1936 48 11474 1941 48 11475 1900 48 11476 1937 48 11477 1875 48 11478 1942 48 11479 1922 48 11480 1939 48 11481 1942 48 11482 1875 48 11483 1937 48 11484 1900 48 11485 1883 48 11486 1922 48 11487 1943 48 11488 1920 48 11489 1942 48 11490 1943 48 11491 1922 48 11492 1920 235 11493 1943 235 11494 1940 235 11495 1904 48 11496 1944 48 11497 1936 48 11498 1904 48 11499 1906 48 11500 1944 48 11501 1945 48 11502 1898 48 11503 1941 48 11504 1941 48 11505 1898 48 11506 1900 48 11507 1906 48 11508 1946 48 11509 1944 48 11510 1906 48 11511 1908 48 11512 1946 48 11513 1947 160 11514 1894 160 11515 1945 160 11516 1945 48 11517 1894 48 11518 1898 48 11519 1910 1066 11520 1948 1066 11521 1908 1066 11522 1908 48 11523 1948 48 11524 1946 48 11525 1947 48 11526 1890 48 11527 1894 48 11528 1947 48 11529 1949 48 11530 1890 48 11531 1910 360 11532 1926 360 11533 1948 360 11534 1912 48 11535 1926 48 11536 1910 48 11537 1949 48 11538 1886 48 11539 1890 48 11540 1949 48 11541 1924 48 11542 1886 48 11543 1915 374 11544 1913 374 11545 1950 374 11546 1951 66 11547 1915 66 11548 1950 66 11549 1952 66 11550 1953 66 11551 1887 66 11552 1952 709 11553 1887 709 11554 1882 709 11555 1889 1067 11556 1954 1067 11557 1955 1067 11558 1877 66 11559 1952 66 11560 1882 66 11561 1893 308 11562 1955 308 11563 1956 308 11564 1893 66 11565 1889 66 11566 1955 66 11567 1885 173 11568 1957 173 11569 1954 173 11570 1885 66 11571 1954 66 11572 1889 66 11573 1958 1068 11574 1915 1068 11575 1951 1068 11576 1958 66 11577 1917 66 11578 1915 66 11579 1897 1069 11580 1893 1069 11581 1956 1069 11582 1880 66 11583 1959 66 11584 1957 66 11585 1880 314 11586 1957 314 11587 1885 314 11588 1903 764 11589 1956 764 11590 1960 764 11591 1961 66 11592 1952 66 11593 1877 66 11594 1961 1070 11595 1877 1070 11596 1874 1070 11597 1903 66 11598 1897 66 11599 1956 66 11600 1879 66 11601 1962 66 11602 1959 66 11603 1879 1071 11604 1959 1071 11605 1880 1071 11606 1963 249 11607 1919 249 11608 1917 249 11609 1963 66 11610 1917 66 11611 1958 66 11612 1964 66 11613 1961 66 11614 1874 66 11615 1964 243 11616 1874 243 11617 1873 243 11618 1905 66 11619 1960 66 11620 1965 66 11621 1905 66 11622 1903 66 11623 1960 66 11624 1966 66 11625 1921 66 11626 1919 66 11627 1966 377 11628 1919 377 11629 1963 377 11630 1901 312 11631 1967 312 11632 1962 312 11633 1968 66 11634 1964 66 11635 1873 66 11636 1901 66 11637 1962 66 11638 1879 66 11639 1969 899 11640 1921 899 11641 1966 899 11642 1969 66 11643 1873 66 11644 1923 66 11645 1969 66 11646 1923 66 11647 1921 66 11648 1969 66 11649 1968 66 11650 1873 66 11651 1907 80 11652 1965 80 11653 1970 80 11654 1907 66 11655 1905 66 11656 1965 66 11657 1971 319 11658 1967 319 11659 1901 319 11660 1899 522 11661 1971 522 11662 1901 522 11663 1909 80 11664 1970 80 11665 1972 80 11666 1909 1072 11667 1907 1072 11668 1970 1072 11669 1973 308 11670 1971 308 11671 1899 308 11672 1895 66 11673 1973 66 11674 1899 66 11675 1911 66 11676 1909 66 11677 1972 66 11678 1974 66 11679 1911 66 11680 1972 66 11681 1975 66 11682 1895 66 11683 1891 66 11684 1975 66 11685 1973 66 11686 1895 66 11687 1913 66 11688 1911 66 11689 1974 66 11690 1950 1073 11691 1913 1073 11692 1974 1073 11693 1953 66 11694 1975 66 11695 1891 66 11696 1953 250 11697 1891 250 11698 1887 250 11699 1952 5 11700 1961 5 11701 1976 5 11702 1952 1074 11703 1976 1074 11704 1977 1074 11705 1962 251 11706 1978 251 11707 1979 251 11708 1953 322 11709 1952 322 11710 1977 322 11711 1953 738 11712 1977 738 11713 1980 738 11714 1959 1075 11715 1979 1075 11716 1981 1075 11717 1959 252 11718 1962 252 11719 1979 252 11720 1975 323 11721 1953 323 11722 1980 323 11723 1975 181 11724 1980 181 11725 1982 181 11726 1957 258 11727 1981 258 11728 1983 258 11729 1973 255 11730 1975 255 11731 1982 255 11732 1957 99 11733 1959 99 11734 1981 99 11735 1973 259 11736 1982 259 11737 1984 259 11738 1954 182 11739 1983 182 11740 1985 182 11741 1971 1076 11742 1984 1076 11743 1986 1076 11744 1954 254 11745 1957 254 11746 1983 254 11747 1971 256 11748 1973 256 11749 1984 256 11750 1967 184 11751 1971 184 11752 1986 184 11753 1955 732 11754 1985 732 11755 1987 732 11756 1955 261 11757 1954 261 11758 1985 261 11759 1962 185 11760 1986 185 11761 1978 185 11762 1962 1010 11763 1967 1010 11764 1986 1010 11765 1956 187 11766 1987 187 11767 1988 187 11768 1956 260 11769 1955 260 11770 1987 260 11771 1960 27 11772 1988 27 11773 1989 27 11774 1960 329 11775 1956 329 11776 1988 329 11777 1965 1077 11778 1989 1077 11779 1990 1077 11780 1965 27 11781 1960 27 11782 1989 27 11783 1970 1078 11784 1990 1078 11785 1991 1078 11786 1970 330 11787 1965 330 11788 1990 330 11789 1972 265 11790 1991 265 11791 1992 265 11792 1972 931 11793 1970 931 11794 1991 931 11795 1974 1079 11796 1992 1079 11797 1993 1079 11798 1974 265 11799 1972 265 11800 1992 265 11801 1950 1080 11802 1974 1080 11803 1993 1080 11804 1950 1081 11805 1993 1081 11806 1994 1081 11807 1951 193 11808 1950 193 11809 1994 193 11810 1951 194 11811 1994 194 11812 1995 194 11813 1958 124 11814 1951 124 11815 1995 124 11816 1958 195 11817 1995 195 11818 1996 195 11819 1963 391 11820 1958 391 11821 1996 391 11822 1963 1082 11823 1996 1082 11824 1997 1082 11825 1966 1083 11826 1963 1083 11827 1997 1083 11828 1966 1084 11829 1997 1084 11830 1998 1084 11831 1969 1085 11832 1966 1085 11833 1998 1085 11834 1969 198 11835 1998 198 11836 1999 198 11837 1968 198 11838 1969 198 11839 1999 198 11840 1968 1086 11841 1999 1086 11842 2000 1086 11843 1964 345 11844 1968 345 11845 2000 345 11846 1964 721 11847 2000 721 11848 2001 721 11849 1961 1087 11850 1964 1087 11851 2001 1087 11852 1961 5 11853 2001 5 11854 1976 5 11855 2002 271 11856 2003 271 11857 2004 271 11858 2002 272 11859 2005 272 11860 2003 272 11861 2006 1045 11862 2004 1045 11863 2007 1045 11864 2006 1045 11865 2002 1045 11866 2004 1045 11867 2008 1088 11868 2009 1088 11869 2010 1088 11870 2011 5 11871 2007 5 11872 2012 5 11873 2008 4 11874 2013 4 11875 2009 4 11876 2011 5 11877 2006 5 11878 2007 5 11879 2014 652 11880 2010 652 11881 2015 652 11882 2016 348 11883 2012 348 11884 2017 348 11885 2014 206 11886 2008 206 11887 2010 206 11888 2016 348 11889 2011 348 11890 2012 348 11891 2018 207 11892 2015 207 11893 2019 207 11894 2020 275 11895 2017 275 11896 2021 275 11897 2018 209 11898 2014 209 11899 2015 209 11900 2020 1089 11901 2016 1089 11902 2017 1089 11903 2022 211 11904 2019 211 11905 2023 211 11906 2024 213 11907 2021 213 11908 2025 213 11909 2022 211 11910 2018 211 11911 2019 211 11912 2024 213 11913 2020 213 11914 2021 213 11915 2026 214 11916 2023 214 11917 2027 214 11918 2028 215 11919 2025 215 11920 2029 215 11921 2026 281 11922 2022 281 11923 2023 281 11924 2028 217 11925 2024 217 11926 2025 217 11927 2030 1090 11928 2029 1090 11929 2031 1090 11930 2030 282 11931 2028 282 11932 2029 282 11933 2032 352 11934 2027 352 11935 2033 352 11936 2013 142 11937 2031 142 11938 2009 142 11939 2032 352 11940 2026 352 11941 2027 352 11942 2013 1091 11943 2030 1091 11944 2031 1091 11945 2034 27 11946 2033 27 11947 2035 27 11948 2034 27 11949 2032 27 11950 2033 27 11951 2036 353 11952 2035 353 11953 2037 353 11954 2036 353 11955 2034 353 11956 2035 353 11957 2038 222 11958 2037 222 11959 2039 222 11960 2038 285 11961 2036 285 11962 2037 285 11963 2040 224 11964 2039 224 11965 2041 224 11966 2040 287 11967 2038 287 11968 2039 287 11969 2042 226 11970 2040 226 11971 2041 226 11972 2042 227 11973 2041 227 11974 2043 227 11975 2044 37 11976 2042 37 11977 2043 37 11978 2044 635 11979 2043 635 11980 2045 635 11981 2046 228 11982 2044 228 11983 2045 228 11984 2046 290 11985 2045 290 11986 2047 290 11987 2048 146 11988 2047 146 11989 2049 146 11990 2048 292 11991 2046 292 11992 2047 292 11993 2050 293 11994 2049 293 11995 2051 293 11996 2050 293 11997 2048 293 11998 2049 293 11999 2052 230 12000 2051 230 12001 2053 230 12002 2052 231 12003 2050 231 12004 2051 231 12005 2005 295 12006 2053 295 12007 2003 295 12008 2005 232 12009 2052 232 12010 2053 232 12011 1977 357 12012 2011 357 12013 2016 357 12014 2042 48 12015 1994 48 12016 1993 48 12017 2044 48 12018 1994 48 12019 2042 48 12020 1977 48 12021 1976 48 12022 2011 48 12023 1983 64 12024 2018 64 12025 1985 64 12026 1976 48 12027 2006 48 12028 2011 48 12029 1985 48 12030 2022 48 12031 1987 48 12032 2018 48 12033 2022 48 12034 1985 48 12035 1981 48 12036 2014 48 12037 1983 48 12038 2046 48 12039 1995 48 12040 2044 48 12041 1983 48 12042 2014 48 12043 2018 48 12044 2044 48 12045 1995 48 12046 1994 48 12047 1987 48 12048 2026 48 12049 1988 48 12050 2022 48 12051 2026 48 12052 1987 48 12053 1979 64 12054 2008 64 12055 1981 64 12056 1981 48 12057 2008 48 12058 2014 48 12059 1976 48 12060 2001 48 12061 2006 48 12062 2006 1092 12063 2001 1092 12064 2002 1092 12065 2026 1093 12066 2032 1093 12067 1988 1093 12068 2032 48 12069 1989 48 12070 1988 48 12071 1978 48 12072 2013 48 12073 1979 48 12074 2046 48 12075 1996 48 12076 1995 48 12077 2048 48 12078 1996 48 12079 2046 48 12080 1979 48 12081 2013 48 12082 2008 48 12083 2002 156 12084 2000 156 12085 2005 156 12086 2001 669 12087 2000 669 12088 2002 669 12089 2048 523 12090 1997 523 12091 1996 523 12092 2050 48 12093 1997 48 12094 2048 48 12095 2032 48 12096 2034 48 12097 1989 48 12098 1986 48 12099 2030 48 12100 1978 48 12101 2005 1094 12102 1999 1094 12103 2052 1094 12104 2000 301 12105 1999 301 12106 2005 301 12107 1978 48 12108 2030 48 12109 2013 48 12110 2052 1095 12111 1998 1095 12112 2050 1095 12113 2050 235 12114 1998 235 12115 1997 235 12116 1999 301 12117 1998 301 12118 2052 301 12119 2034 715 12120 1990 715 12121 1989 715 12122 2034 48 12123 2036 48 12124 1990 48 12125 1984 48 12126 2028 48 12127 1986 48 12128 1986 48 12129 2028 48 12130 2030 48 12131 2036 48 12132 1991 48 12133 1990 48 12134 2036 48 12135 2038 48 12136 1991 48 12137 1982 48 12138 2024 48 12139 1984 48 12140 1984 48 12141 2024 48 12142 2028 48 12143 2038 48 12144 1992 48 12145 1991 48 12146 2040 1096 12147 1992 1096 12148 2038 1096 12149 1982 48 12150 2020 48 12151 2024 48 12152 1982 48 12153 1980 48 12154 2020 48 12155 2040 365 12156 1993 365 12157 1992 365 12158 2042 774 12159 1993 774 12160 2040 774 12161 1980 48 12162 2016 48 12163 2020 48 12164 1980 48 12165 1977 48 12166 2016 48 12167 2054 661 12168 2043 661 12169 2055 661 12170 2054 66 12171 2045 66 12172 2043 66 12173 2056 66 12174 2057 66 12175 2017 66 12176 2019 922 12177 2058 922 12178 2059 922 12179 2056 761 12180 2017 761 12181 2012 761 12182 2007 66 12183 2056 66 12184 2012 66 12185 2023 66 12186 2019 66 12187 2059 66 12188 2015 66 12189 2060 66 12190 2058 66 12191 2015 66 12192 2058 66 12193 2019 66 12194 2061 66 12195 2047 66 12196 2045 66 12197 2061 1097 12198 2045 1097 12199 2054 1097 12200 2027 712 12201 2059 712 12202 2062 712 12203 2027 66 12204 2023 66 12205 2059 66 12206 2010 81 12207 2063 81 12208 2060 81 12209 2010 1098 12210 2060 1098 12211 2015 1098 12212 2064 66 12213 2056 66 12214 2007 66 12215 2033 710 12216 2062 710 12217 2065 710 12218 2064 767 12219 2007 767 12220 2004 767 12221 2033 1099 12222 2027 1099 12223 2062 1099 12224 2009 66 12225 2066 66 12226 2063 66 12227 2067 66 12228 2047 66 12229 2061 66 12230 2067 170 12231 2049 170 12232 2047 170 12233 2009 1100 12234 2063 1100 12235 2010 1100 12236 2068 243 12237 2004 243 12238 2003 243 12239 2068 66 12240 2064 66 12241 2004 66 12242 2035 66 12243 2065 66 12244 2069 66 12245 2070 1101 12246 2049 1101 12247 2067 1101 12248 2035 66 12249 2033 66 12250 2065 66 12251 2070 244 12252 2051 244 12253 2049 244 12254 2031 66 12255 2071 66 12256 2066 66 12257 2072 66 12258 2068 66 12259 2003 66 12260 2031 66 12261 2066 66 12262 2009 66 12263 2073 66 12264 2003 66 12265 2053 66 12266 2073 169 12267 2053 169 12268 2051 169 12269 2073 899 12270 2051 899 12271 2070 899 12272 2073 66 12273 2072 66 12274 2003 66 12275 2037 379 12276 2069 379 12277 2074 379 12278 2037 66 12279 2035 66 12280 2069 66 12281 2075 1102 12282 2071 1102 12283 2031 1102 12284 2029 66 12285 2075 66 12286 2031 66 12287 2039 66 12288 2074 66 12289 2076 66 12290 2039 66 12291 2037 66 12292 2074 66 12293 2077 308 12294 2075 308 12295 2029 308 12296 2025 66 12297 2077 66 12298 2029 66 12299 2041 169 12300 2039 169 12301 2076 169 12302 2078 66 12303 2041 66 12304 2076 66 12305 2079 66 12306 2025 66 12307 2021 66 12308 2079 66 12309 2077 66 12310 2025 66 12311 2043 66 12312 2041 66 12313 2078 66 12314 2055 66 12315 2043 66 12316 2078 66 12317 2057 66 12318 2079 66 12319 2021 66 12320 2057 250 12321 2021 250 12322 2017 250 12323 2064 5 12324 2080 5 12325 2081 5 12326 2056 5 12327 2064 5 12328 2081 5 12329 2056 176 12330 2081 176 12331 2082 176 12332 2066 94 12333 2083 94 12334 2084 94 12335 2057 690 12336 2056 690 12337 2082 690 12338 2057 177 12339 2082 177 12340 2085 177 12341 2063 178 12342 2084 178 12343 2086 178 12344 2063 252 12345 2066 252 12346 2084 252 12347 2079 323 12348 2057 323 12349 2085 323 12350 2079 181 12351 2085 181 12352 2087 181 12353 2060 254 12354 2086 254 12355 2088 254 12356 2077 98 12357 2079 98 12358 2087 98 12359 2060 1103 12360 2063 1103 12361 2086 1103 12362 2077 256 12363 2087 256 12364 2089 256 12365 2058 182 12366 2088 182 12367 2090 182 12368 2075 183 12369 2089 183 12370 2091 183 12371 2058 254 12372 2060 254 12373 2088 254 12374 2075 256 12375 2077 256 12376 2089 256 12377 2071 1104 12378 2075 1104 12379 2091 1104 12380 2059 188 12381 2090 188 12382 2092 188 12383 2059 107 12384 2058 107 12385 2090 107 12386 2066 185 12387 2091 185 12388 2083 185 12389 2066 1105 12390 2071 1105 12391 2091 1105 12392 2062 187 12393 2092 187 12394 2093 187 12395 2062 111 12396 2059 111 12397 2092 111 12398 2065 27 12399 2093 27 12400 2094 27 12401 2065 681 12402 2062 681 12403 2093 681 12404 2069 189 12405 2094 189 12406 2095 189 12407 2069 27 12408 2065 27 12409 2094 27 12410 2074 331 12411 2095 331 12412 2096 331 12413 2074 680 12414 2069 680 12415 2095 680 12416 2076 265 12417 2096 265 12418 2097 265 12419 2076 333 12420 2074 333 12421 2096 333 12422 2078 264 12423 2097 264 12424 2098 264 12425 2078 119 12426 2076 119 12427 2097 119 12428 2055 1080 12429 2078 1080 12430 2098 1080 12431 2055 335 12432 2098 335 12433 2099 335 12434 2054 1106 12435 2055 1106 12436 2099 1106 12437 2054 124 12438 2099 124 12439 2100 124 12440 2061 1107 12441 2054 1107 12442 2100 1107 12443 2061 1108 12444 2100 1108 12445 2101 1108 12446 2067 125 12447 2061 125 12448 2101 125 12449 2067 339 12450 2101 339 12451 2102 339 12452 2070 1109 12453 2067 1109 12454 2102 1109 12455 2070 1110 12456 2102 1110 12457 2103 1110 12458 2073 1085 12459 2070 1085 12460 2103 1085 12461 2073 198 12462 2103 198 12463 2104 198 12464 2072 269 12465 2073 269 12466 2104 269 12467 2072 609 12468 2104 609 12469 2105 609 12470 2068 345 12471 2072 345 12472 2105 345 12473 2068 136 12474 2105 136 12475 2080 136 12476 2064 672 12477 2068 672 12478 2080 672 12479 2106 1111 12480 2107 1111 12481 2108 1111 12482 2106 1112 12483 2109 1112 12484 2107 1112 12485 2110 2 12486 2108 2 12487 2111 2 12488 2110 137 12489 2106 137 12490 2108 137 12491 2112 4 12492 2113 4 12493 2114 4 12494 2115 5 12495 2111 5 12496 2116 5 12497 2112 138 12498 2117 138 12499 2113 138 12500 2115 5 12501 2110 5 12502 2111 5 12503 2118 652 12504 2114 652 12505 2119 652 12506 2120 8 12507 2116 8 12508 2121 8 12509 2118 653 12510 2112 653 12511 2114 653 12512 2120 139 12513 2115 139 12514 2116 139 12515 2122 207 12516 2119 207 12517 2123 207 12518 2124 208 12519 2121 208 12520 2125 208 12521 2122 1113 12522 2118 1113 12523 2119 1113 12524 2124 1114 12525 2120 1114 12526 2121 1114 12527 2126 278 12528 2123 278 12529 2127 278 12530 2128 213 12531 2125 213 12532 2129 213 12533 2126 141 12534 2122 141 12535 2123 141 12536 2128 17 12537 2124 17 12538 2125 17 12539 2130 18 12540 2127 18 12541 2131 18 12542 2132 19 12543 2129 19 12544 2133 19 12545 2130 20 12546 2126 20 12547 2127 20 12548 2132 21 12549 2128 21 12550 2129 21 12551 2134 282 12552 2133 282 12553 2135 282 12554 2134 656 12555 2132 656 12556 2133 656 12557 2136 219 12558 2131 219 12559 2137 219 12560 2117 142 12561 2135 142 12562 2113 142 12563 2136 1115 12564 2130 1115 12565 2131 1115 12566 2117 142 12567 2134 142 12568 2135 142 12569 2138 27 12570 2137 27 12571 2139 27 12572 2138 27 12573 2136 27 12574 2137 27 12575 2140 221 12576 2139 221 12577 2141 221 12578 2140 1116 12579 2138 1116 12580 2139 1116 12581 2142 30 12582 2141 30 12583 2143 30 12584 2142 31 12585 2140 31 12586 2141 31 12587 2144 286 12588 2143 286 12589 2145 286 12590 2144 144 12591 2142 144 12592 2143 144 12593 2146 1117 12594 2144 1117 12595 2145 1117 12596 2146 227 12597 2145 227 12598 2147 227 12599 2148 1060 12600 2146 1060 12601 2147 1060 12602 2148 635 12603 2147 635 12604 2149 635 12605 2150 145 12606 2148 145 12607 2149 145 12608 2150 39 12609 2149 39 12610 2151 39 12611 2152 146 12612 2151 146 12613 2153 146 12614 2152 147 12615 2150 147 12616 2151 147 12617 2154 293 12618 2153 293 12619 2155 293 12620 2154 643 12621 2152 643 12622 2153 643 12623 2156 44 12624 2155 44 12625 2157 44 12626 2156 45 12627 2154 45 12628 2155 45 12629 2109 295 12630 2157 295 12631 2107 295 12632 2109 47 12633 2156 47 12634 2157 47 12635 2082 1118 12636 2115 1118 12637 2120 1118 12638 2146 48 12639 2099 48 12640 2098 48 12641 2148 48 12642 2099 48 12643 2146 48 12644 2082 48 12645 2081 48 12646 2115 48 12647 2088 48 12648 2122 48 12649 2090 48 12650 2081 48 12651 2110 48 12652 2115 48 12653 2090 48 12654 2126 48 12655 2092 48 12656 2122 149 12657 2126 149 12658 2090 149 12659 2086 1119 12660 2118 1119 12661 2088 1119 12662 2150 48 12663 2100 48 12664 2148 48 12665 2088 163 12666 2118 163 12667 2122 163 12668 2148 48 12669 2100 48 12670 2099 48 12671 2092 161 12672 2130 161 12673 2093 161 12674 2126 1120 12675 2130 1120 12676 2092 1120 12677 2084 48 12678 2112 48 12679 2086 48 12680 2086 148 12681 2112 148 12682 2118 148 12683 2081 48 12684 2080 48 12685 2110 48 12686 2110 1092 12687 2080 1092 12688 2106 1092 12689 2130 48 12690 2136 48 12691 2093 48 12692 2136 48 12693 2094 48 12694 2093 48 12695 2083 48 12696 2117 48 12697 2084 48 12698 2150 48 12699 2101 48 12700 2100 48 12701 2152 48 12702 2101 48 12703 2150 48 12704 2084 48 12705 2117 48 12706 2112 48 12707 2106 51 12708 2105 51 12709 2109 51 12710 2080 48 12711 2105 48 12712 2106 48 12713 2152 48 12714 2102 48 12715 2101 48 12716 2154 51 12717 2102 51 12718 2152 51 12719 2136 48 12720 2138 48 12721 2094 48 12722 2091 48 12723 2134 48 12724 2083 48 12725 2109 48 12726 2104 48 12727 2156 48 12728 2105 235 12729 2104 235 12730 2109 235 12731 2083 48 12732 2134 48 12733 2117 48 12734 2156 48 12735 2103 48 12736 2154 48 12737 2154 48 12738 2103 48 12739 2102 48 12740 2104 301 12741 2103 301 12742 2156 301 12743 2138 665 12744 2095 665 12745 2094 665 12746 2138 59 12747 2140 59 12748 2095 59 12749 2089 300 12750 2132 300 12751 2091 300 12752 2091 48 12753 2132 48 12754 2134 48 12755 2140 60 12756 2096 60 12757 2095 60 12758 2140 48 12759 2142 48 12760 2096 48 12761 2087 303 12762 2128 303 12763 2089 303 12764 2089 48 12765 2128 48 12766 2132 48 12767 2142 48 12768 2097 48 12769 2096 48 12770 2144 162 12771 2097 162 12772 2142 162 12773 2087 48 12774 2124 48 12775 2128 48 12776 2087 48 12777 2085 48 12778 2124 48 12779 2144 48 12780 2098 48 12781 2097 48 12782 2146 774 12783 2098 774 12784 2144 774 12785 2085 48 12786 2120 48 12787 2124 48 12788 2085 1121 12789 2082 1121 12790 2120 1121 12791 2158 78 12792 2147 78 12793 2159 78 12794 2158 66 12795 2149 66 12796 2147 66 12797 2160 66 12798 2161 66 12799 2121 66 12800 2123 66 12801 2162 66 12802 2163 66 12803 2160 240 12804 2121 240 12805 2116 240 12806 2111 66 12807 2160 66 12808 2116 66 12809 2127 513 12810 2123 513 12811 2163 513 12812 2119 66 12813 2164 66 12814 2162 66 12815 2119 169 12816 2162 169 12817 2123 169 12818 2165 66 12819 2151 66 12820 2149 66 12821 2165 1122 12822 2149 1122 12823 2158 1122 12824 2131 66 12825 2163 66 12826 2166 66 12827 2131 240 12828 2127 240 12829 2163 240 12830 2114 72 12831 2167 72 12832 2164 72 12833 2114 240 12834 2164 240 12835 2119 240 12836 2168 66 12837 2160 66 12838 2111 66 12839 2137 596 12840 2166 596 12841 2169 596 12842 2168 175 12843 2111 175 12844 2108 175 12845 2137 66 12846 2131 66 12847 2166 66 12848 2113 66 12849 2170 66 12850 2167 66 12851 2171 66 12852 2151 66 12853 2165 66 12854 2171 66 12855 2153 66 12856 2151 66 12857 2113 1123 12858 2167 1123 12859 2114 1123 12860 2172 66 12861 2108 66 12862 2107 66 12863 2172 66 12864 2168 66 12865 2108 66 12866 2139 66 12867 2169 66 12868 2173 66 12869 2174 947 12870 2153 947 12871 2171 947 12872 2139 66 12873 2137 66 12874 2169 66 12875 2174 66 12876 2155 66 12877 2153 66 12878 2135 66 12879 2175 66 12880 2170 66 12881 2176 66 12882 2172 66 12883 2107 66 12884 2135 66 12885 2170 66 12886 2113 66 12887 2177 66 12888 2107 66 12889 2157 66 12890 2177 66 12891 2157 66 12892 2155 66 12893 2177 66 12894 2155 66 12895 2174 66 12896 2177 247 12897 2176 247 12898 2107 247 12899 2141 66 12900 2173 66 12901 2178 66 12902 2141 66 12903 2139 66 12904 2173 66 12905 2179 1124 12906 2175 1124 12907 2135 1124 12908 2133 66 12909 2179 66 12910 2135 66 12911 2143 171 12912 2178 171 12913 2180 171 12914 2143 66 12915 2141 66 12916 2178 66 12917 2181 66 12918 2179 66 12919 2133 66 12920 2129 66 12921 2181 66 12922 2133 66 12923 2145 169 12924 2143 169 12925 2180 169 12926 2182 66 12927 2145 66 12928 2180 66 12929 2183 170 12930 2129 170 12931 2125 170 12932 2183 66 12933 2181 66 12934 2129 66 12935 2147 321 12936 2145 321 12937 2182 321 12938 2159 1125 12939 2147 1125 12940 2182 1125 12941 2161 66 12942 2183 66 12943 2125 66 12944 2161 66 12945 2125 66 12946 2121 66 12947 2160 5 12948 2168 5 12949 2184 5 12950 2160 176 12951 2184 176 12952 2185 176 12953 2170 94 12954 2186 94 12955 2187 94 12956 2161 89 12957 2160 89 12958 2185 89 12959 2161 180 12960 2185 180 12961 2188 180 12962 2167 178 12963 2187 178 12964 2189 178 12965 2167 252 12966 2170 252 12967 2187 252 12968 2183 177 12969 2161 177 12970 2188 177 12971 2183 181 12972 2188 181 12973 2190 181 12974 2164 103 12975 2189 103 12976 2191 103 12977 2181 255 12978 2183 255 12979 2190 255 12980 2164 99 12981 2167 99 12982 2189 99 12983 2181 104 12984 2190 104 12985 2192 104 12986 2162 182 12987 2191 182 12988 2193 182 12989 2179 183 12990 2192 183 12991 2194 183 12992 2162 103 12993 2164 103 12994 2191 103 12995 2179 104 12996 2181 104 12997 2192 104 12998 2175 186 12999 2194 186 13000 2186 186 13001 2175 184 13002 2179 184 13003 2194 184 13004 2163 188 13005 2193 188 13006 2195 188 13007 2163 261 13008 2162 261 13009 2193 261 13010 2170 185 13011 2175 185 13012 2186 185 13013 2166 112 13014 2195 112 13015 2196 112 13016 2166 111 13017 2163 111 13018 2195 111 13019 2169 27 13020 2196 27 13021 2197 27 13022 2169 187 13023 2166 187 13024 2196 187 13025 2173 115 13026 2197 115 13027 2198 115 13028 2173 27 13029 2169 27 13030 2197 27 13031 2178 191 13032 2198 191 13033 2199 191 13034 2178 189 13035 2173 189 13036 2198 189 13037 2180 190 13038 2199 190 13039 2200 190 13040 2180 117 13041 2178 117 13042 2199 117 13043 2182 192 13044 2200 192 13045 2201 192 13046 2182 265 13047 2180 265 13048 2200 265 13049 2159 120 13050 2182 120 13051 2201 120 13052 2159 122 13053 2201 122 13054 2202 122 13055 2158 193 13056 2159 193 13057 2202 193 13058 2158 124 13059 2202 124 13060 2203 124 13061 2165 124 13062 2158 124 13063 2203 124 13064 2165 126 13065 2203 126 13066 2204 126 13067 2171 195 13068 2165 195 13069 2204 195 13070 2171 196 13071 2204 196 13072 2205 196 13073 2174 128 13074 2171 128 13075 2205 128 13076 2174 197 13077 2205 197 13078 2206 197 13079 2177 130 13080 2174 130 13081 2206 130 13082 2177 198 13083 2206 198 13084 2207 198 13085 2176 270 13086 2177 270 13087 2207 270 13088 2176 200 13089 2207 200 13090 2208 200 13091 2172 199 13092 2176 199 13093 2208 199 13094 2172 136 13095 2208 136 13096 2209 136 13097 2168 135 13098 2172 135 13099 2209 135 13100 2168 5 13101 2209 5 13102 2184 5 13103 2210 1126 13104 2211 1126 13105 2212 1126 13106 2210 1044 13107 2213 1044 13108 2211 1044 13109 2214 2 13110 2212 2 13111 2215 2 13112 2214 3 13113 2210 3 13114 2212 3 13115 2216 6 13116 2217 6 13117 2218 6 13118 2219 5 13119 2215 5 13120 2220 5 13121 2216 4 13122 2221 4 13123 2217 4 13124 2219 5 13125 2214 5 13126 2215 5 13127 2222 7 13128 2218 7 13129 2223 7 13130 2224 8 13131 2220 8 13132 2225 8 13133 2222 7 13134 2216 7 13135 2218 7 13136 2224 8 13137 2219 8 13138 2220 8 13139 2226 10 13140 2223 10 13141 2227 10 13142 2228 275 13143 2225 275 13144 2229 275 13145 2226 1127 13146 2222 1127 13147 2223 1127 13148 2228 1049 13149 2224 1049 13150 2225 1049 13151 2230 650 13152 2227 650 13153 2231 650 13154 2232 1128 13155 2229 1128 13156 2233 1128 13157 2230 211 13158 2226 211 13159 2227 211 13160 2232 961 13161 2228 961 13162 2229 961 13163 2234 1129 13164 2231 1129 13165 2235 1129 13166 2236 1130 13167 2233 1130 13168 2237 1130 13169 2234 281 13170 2230 281 13171 2231 281 13172 2236 217 13173 2232 217 13174 2233 217 13175 2238 23 13176 2237 23 13177 2239 23 13178 2238 22 13179 2236 22 13180 2237 22 13181 2240 24 13182 2235 24 13183 2241 24 13184 2221 26 13185 2239 26 13186 2217 26 13187 2240 24 13188 2234 24 13189 2235 24 13190 2221 142 13191 2238 142 13192 2239 142 13193 2242 27 13194 2241 27 13195 2243 27 13196 2242 27 13197 2240 27 13198 2241 27 13199 2244 28 13200 2243 28 13201 2245 28 13202 2244 29 13203 2242 29 13204 2243 29 13205 2246 1131 13206 2245 1131 13207 2247 1131 13208 2246 1132 13209 2244 1132 13210 2245 1132 13211 2248 1133 13212 2247 1133 13213 2249 1133 13214 2248 287 13215 2246 287 13216 2247 287 13217 2250 1134 13218 2248 1134 13219 2249 1134 13220 2250 35 13221 2249 35 13222 2251 35 13223 2252 37 13224 2250 37 13225 2251 37 13226 2252 37 13227 2251 37 13228 2253 37 13229 2254 228 13230 2252 228 13231 2253 228 13232 2254 1135 13233 2253 1135 13234 2255 1135 13235 2256 1136 13236 2255 1136 13237 2257 1136 13238 2256 147 13239 2254 147 13240 2255 147 13241 2258 43 13242 2257 43 13243 2259 43 13244 2258 42 13245 2256 42 13246 2257 42 13247 2260 1137 13248 2259 1137 13249 2261 1137 13250 2260 231 13251 2258 231 13252 2259 231 13253 2213 576 13254 2261 576 13255 2211 576 13256 2213 1138 13257 2260 1138 13258 2261 1138 13259 2250 1139 13260 2202 1139 13261 2201 1139 13262 2252 48 13263 2202 48 13264 2250 48 13265 2185 1140 13266 2184 1140 13267 2219 1140 13268 2184 48 13269 2214 48 13270 2219 48 13271 2191 48 13272 2226 48 13273 2193 48 13274 2193 48 13275 2230 48 13276 2195 48 13277 2226 61 13278 2230 61 13279 2193 61 13280 2252 48 13281 2203 48 13282 2202 48 13283 2254 48 13284 2203 48 13285 2252 48 13286 2189 48 13287 2222 48 13288 2191 48 13289 2191 48 13290 2222 48 13291 2226 48 13292 2195 48 13293 2234 48 13294 2196 48 13295 2230 152 13296 2234 152 13297 2195 152 13298 2214 48 13299 2209 48 13300 2210 48 13301 2187 48 13302 2216 48 13303 2189 48 13304 2184 48 13305 2209 48 13306 2214 48 13307 2189 668 13308 2216 668 13309 2222 668 13310 2234 48 13311 2240 48 13312 2196 48 13313 2240 48 13314 2197 48 13315 2196 48 13316 2186 48 13317 2221 48 13318 2187 48 13319 2256 48 13320 2204 48 13321 2254 48 13322 2254 48 13323 2204 48 13324 2203 48 13325 2210 48 13326 2208 48 13327 2213 48 13328 2187 48 13329 2221 48 13330 2216 48 13331 2209 601 13332 2208 601 13333 2210 601 13334 2258 51 13335 2205 51 13336 2256 51 13337 2256 48 13338 2205 48 13339 2204 48 13340 2240 48 13341 2242 48 13342 2197 48 13343 2213 1094 13344 2207 1094 13345 2260 1094 13346 2208 48 13347 2207 48 13348 2213 48 13349 2194 48 13350 2238 48 13351 2186 48 13352 2260 48 13353 2206 48 13354 2258 48 13355 2258 48 13356 2206 48 13357 2205 48 13358 2186 48 13359 2238 48 13360 2221 48 13361 2207 48 13362 2206 48 13363 2260 48 13364 2242 602 13365 2198 602 13366 2197 602 13367 2242 48 13368 2244 48 13369 2198 48 13370 2192 300 13371 2236 300 13372 2194 300 13373 2194 48 13374 2236 48 13375 2238 48 13376 2244 159 13377 2199 159 13378 2198 159 13379 2244 1141 13380 2246 1141 13381 2199 1141 13382 2190 48 13383 2232 48 13384 2192 48 13385 2192 61 13386 2232 61 13387 2236 61 13388 2246 57 13389 2200 57 13390 2199 57 13391 2248 162 13392 2200 162 13393 2246 162 13394 2190 48 13395 2228 48 13396 2232 48 13397 2190 601 13398 2188 601 13399 2228 601 13400 2248 48 13401 2201 48 13402 2200 48 13403 2250 774 13404 2201 774 13405 2248 774 13406 2188 664 13407 2224 664 13408 2228 664 13409 2188 530 13410 2185 530 13411 2224 530 13412 2185 1142 13413 2219 1142 13414 2224 1142 13415 2262 248 13416 2251 248 13417 2263 248 13418 2262 66 13419 2253 66 13420 2251 66 13421 2264 593 13422 2265 593 13423 2225 593 13424 2264 237 13425 2225 237 13426 2220 237 13427 2231 66 13428 2266 66 13429 2267 66 13430 2231 66 13431 2227 66 13432 2266 66 13433 2223 238 13434 2268 238 13435 2266 238 13436 2269 712 13437 2253 712 13438 2262 712 13439 2223 169 13440 2266 169 13441 2227 169 13442 2269 66 13443 2257 66 13444 2255 66 13445 2269 66 13446 2255 66 13447 2253 66 13448 2235 71 13449 2267 71 13450 2270 71 13451 2235 66 13452 2231 66 13453 2267 66 13454 2218 66 13455 2271 66 13456 2268 66 13457 2218 66 13458 2272 66 13459 2271 66 13460 2218 240 13461 2268 240 13462 2223 240 13463 2273 66 13464 2220 66 13465 2215 66 13466 2241 596 13467 2270 596 13468 2274 596 13469 2273 66 13470 2264 66 13471 2220 66 13472 2273 241 13473 2215 241 13474 2212 241 13475 2241 1143 13476 2235 1143 13477 2270 1143 13478 2217 66 13479 2272 66 13480 2218 66 13481 2275 77 13482 2259 77 13483 2257 77 13484 2275 66 13485 2257 66 13486 2269 66 13487 2243 66 13488 2274 66 13489 2276 66 13490 2277 66 13491 2212 66 13492 2211 66 13493 2277 75 13494 2273 75 13495 2212 75 13496 2243 66 13497 2241 66 13498 2274 66 13499 2239 66 13500 2278 66 13501 2272 66 13502 2279 66 13503 2259 66 13504 2275 66 13505 2239 66 13506 2272 66 13507 2217 66 13508 2280 66 13509 2277 66 13510 2211 66 13511 2281 245 13512 2259 245 13513 2279 245 13514 2281 66 13515 2211 66 13516 2261 66 13517 2281 66 13518 2261 66 13519 2259 66 13520 2245 171 13521 2276 171 13522 2282 171 13523 2281 66 13524 2280 66 13525 2211 66 13526 2245 66 13527 2243 66 13528 2276 66 13529 2283 1144 13530 2278 1144 13531 2239 1144 13532 2237 66 13533 2283 66 13534 2239 66 13535 2284 1145 13536 2245 1145 13537 2282 1145 13538 2247 170 13539 2245 170 13540 2284 170 13541 2233 657 13542 2283 657 13543 2237 657 13544 2233 68 13545 2285 68 13546 2283 68 13547 2286 66 13548 2247 66 13549 2284 66 13550 2286 66 13551 2249 66 13552 2247 66 13553 2287 66 13554 2233 66 13555 2229 66 13556 2287 312 13557 2285 312 13558 2233 312 13559 2251 321 13560 2249 321 13561 2286 321 13562 2263 66 13563 2251 66 13564 2286 66 13565 2265 66 13566 2287 66 13567 2229 66 13568 2265 66 13569 2229 66 13570 2225 66 13571 2273 5 13572 2288 5 13573 2289 5 13574 2264 5 13575 2273 5 13576 2289 5 13577 2264 176 13578 2289 176 13579 2290 176 13580 2272 94 13581 2291 94 13582 2292 94 13583 2265 1146 13584 2264 1146 13585 2290 1146 13586 2265 180 13587 2290 180 13588 2293 180 13589 2271 1147 13590 2292 1147 13591 2294 1147 13592 2271 795 13593 2272 795 13594 2292 795 13595 2287 1148 13596 2265 1148 13597 2293 1148 13598 2287 253 13599 2293 253 13600 2295 253 13601 2268 103 13602 2294 103 13603 2296 103 13604 2285 98 13605 2287 98 13606 2295 98 13607 2268 1149 13608 2271 1149 13609 2294 1149 13610 2285 104 13611 2295 104 13612 2297 104 13613 2266 257 13614 2296 257 13615 2298 257 13616 2283 183 13617 2297 183 13618 2299 183 13619 2266 97 13620 2268 97 13621 2296 97 13622 2283 100 13623 2285 100 13624 2297 100 13625 2278 1150 13626 2283 1150 13627 2299 1150 13628 2267 1151 13629 2298 1151 13630 2300 1151 13631 2267 107 13632 2266 107 13633 2298 107 13634 2272 109 13635 2299 109 13636 2291 109 13637 2272 108 13638 2278 108 13639 2299 108 13640 2270 1152 13641 2300 1152 13642 2301 1152 13643 2270 554 13644 2267 554 13645 2300 554 13646 2274 27 13647 2301 27 13648 2302 27 13649 2274 553 13650 2270 553 13651 2301 553 13652 2276 115 13653 2302 115 13654 2303 115 13655 2276 27 13656 2274 27 13657 2302 27 13658 2282 331 13659 2303 331 13660 2304 331 13661 2282 113 13662 2276 113 13663 2303 113 13664 2284 263 13665 2304 263 13666 2305 263 13667 2284 1153 13668 2282 1153 13669 2304 1153 13670 2286 192 13671 2305 192 13672 2306 192 13673 2286 119 13674 2284 119 13675 2305 119 13676 2263 1154 13677 2286 1154 13678 2306 1154 13679 2263 122 13680 2306 122 13681 2307 122 13682 2262 1155 13683 2263 1155 13684 2307 1155 13685 2262 124 13686 2307 124 13687 2308 124 13688 2269 537 13689 2262 537 13690 2308 537 13691 2269 126 13692 2308 126 13693 2309 126 13694 2275 125 13695 2269 125 13696 2309 125 13697 2275 128 13698 2309 128 13699 2310 128 13700 2279 1156 13701 2275 1156 13702 2310 1156 13703 2279 197 13704 2310 197 13705 2311 197 13706 2281 342 13707 2279 342 13708 2311 342 13709 2281 269 13710 2311 269 13711 2312 269 13712 2280 132 13713 2281 132 13714 2312 132 13715 2280 200 13716 2312 200 13717 2313 200 13718 2277 969 13719 2280 969 13720 2313 969 13721 2277 136 13722 2313 136 13723 2288 136 13724 2273 536 13725 2277 536 13726 2288 536 13727 2314 1157 13728 2315 1157 13729 2316 1157 13730 2314 1044 13731 2317 1044 13732 2315 1044 13733 2318 3 13734 2316 3 13735 2319 3 13736 2318 203 13737 2314 203 13738 2316 203 13739 2320 1158 13740 2321 1158 13741 2322 1158 13742 2323 5 13743 2319 5 13744 2324 5 13745 2320 138 13746 2325 138 13747 2321 138 13748 2323 5 13749 2318 5 13750 2319 5 13751 2326 7 13752 2322 7 13753 2327 7 13754 2328 8 13755 2324 8 13756 2329 8 13757 2326 206 13758 2320 206 13759 2322 206 13760 2328 205 13761 2323 205 13762 2324 205 13763 2330 207 13764 2327 207 13765 2331 207 13766 2332 11 13767 2329 11 13768 2333 11 13769 2330 1159 13770 2326 1159 13771 2327 1159 13772 2332 1160 13773 2328 1160 13774 2329 1160 13775 2334 501 13776 2331 501 13777 2335 501 13778 2336 15 13779 2333 15 13780 2337 15 13781 2334 211 13782 2330 211 13783 2331 211 13784 2336 510 13785 2332 510 13786 2333 510 13787 2338 1161 13788 2335 1161 13789 2339 1161 13790 2340 215 13791 2337 215 13792 2341 215 13793 2338 20 13794 2334 20 13795 2335 20 13796 2340 217 13797 2336 217 13798 2337 217 13799 2342 218 13800 2341 218 13801 2343 218 13802 2342 22 13803 2340 22 13804 2341 22 13805 2344 24 13806 2339 24 13807 2345 24 13808 2325 25 13809 2343 25 13810 2321 25 13811 2344 24 13812 2338 24 13813 2339 24 13814 2325 220 13815 2342 220 13816 2343 220 13817 2346 27 13818 2345 27 13819 2347 27 13820 2346 27 13821 2344 27 13822 2345 27 13823 2348 28 13824 2347 28 13825 2349 28 13826 2348 28 13827 2346 28 13828 2347 28 13829 2350 30 13830 2349 30 13831 2351 30 13832 2350 1162 13833 2348 1162 13834 2349 1162 13835 2352 983 13836 2351 983 13837 2353 983 13838 2352 287 13839 2350 287 13840 2351 287 13841 2354 1163 13842 2352 1163 13843 2353 1163 13844 2354 227 13845 2353 227 13846 2355 227 13847 2356 37 13848 2354 37 13849 2355 37 13850 2356 37 13851 2355 37 13852 2357 37 13853 2358 145 13854 2356 145 13855 2357 145 13856 2358 39 13857 2357 39 13858 2359 39 13859 2360 40 13860 2359 40 13861 2361 40 13862 2360 147 13863 2358 147 13864 2359 147 13865 2362 42 13866 2361 42 13867 2363 42 13868 2362 42 13869 2360 42 13870 2361 42 13871 2364 230 13872 2363 230 13873 2365 230 13874 2364 231 13875 2362 231 13876 2363 231 13877 2317 46 13878 2365 46 13879 2315 46 13880 2317 640 13881 2364 640 13882 2365 640 13883 2290 48 13884 2323 48 13885 2328 48 13886 2354 1139 13887 2307 1139 13888 2306 1139 13889 2356 48 13890 2307 48 13891 2354 48 13892 2290 1140 13893 2289 1140 13894 2323 1140 13895 2296 48 13896 2330 48 13897 2298 48 13898 2289 48 13899 2318 48 13900 2323 48 13901 2298 48 13902 2334 48 13903 2300 48 13904 2330 48 13905 2334 48 13906 2298 48 13907 2294 48 13908 2326 48 13909 2296 48 13910 2356 50 13911 2308 50 13912 2307 50 13913 2296 48 13914 2326 48 13915 2330 48 13916 2358 48 13917 2308 48 13918 2356 48 13919 2300 48 13920 2338 48 13921 2301 48 13922 2334 152 13923 2338 152 13924 2300 152 13925 2292 48 13926 2320 48 13927 2294 48 13928 2294 48 13929 2320 48 13930 2326 48 13931 2318 48 13932 2288 48 13933 2314 48 13934 2289 48 13935 2288 48 13936 2318 48 13937 2338 48 13938 2344 48 13939 2301 48 13940 2344 48 13941 2302 48 13942 2301 48 13943 2291 48 13944 2325 48 13945 2292 48 13946 2360 48 13947 2309 48 13948 2358 48 13949 2358 48 13950 2309 48 13951 2308 48 13952 2292 48 13953 2325 48 13954 2320 48 13955 2314 1164 13956 2313 1164 13957 2317 1164 13958 2288 601 13959 2313 601 13960 2314 601 13961 2360 56 13962 2310 56 13963 2309 56 13964 2362 48 13965 2310 48 13966 2360 48 13967 2344 48 13968 2346 48 13969 2302 48 13970 2299 48 13971 2342 48 13972 2291 48 13973 2317 48 13974 2312 48 13975 2364 48 13976 2313 161 13977 2312 161 13978 2317 161 13979 2291 48 13980 2342 48 13981 2325 48 13982 2364 48 13983 2311 48 13984 2362 48 13985 2312 48 13986 2311 48 13987 2364 48 13988 2362 161 13989 2311 161 13990 2310 161 13991 2346 526 13992 2303 526 13993 2302 526 13994 2346 158 13995 2348 158 13996 2303 158 13997 2297 48 13998 2340 48 13999 2299 48 14000 2299 1165 14001 2340 1165 14002 2342 1165 14003 2348 159 14004 2304 159 14005 2303 159 14006 2348 48 14007 2350 48 14008 2304 48 14009 2295 48 14010 2336 48 14011 2297 48 14012 2297 48 14013 2336 48 14014 2340 48 14015 2352 162 14016 2305 162 14017 2350 162 14018 2350 48 14019 2305 48 14020 2304 48 14021 2295 48 14022 2332 48 14023 2336 48 14024 2295 48 14025 2293 48 14026 2332 48 14027 2352 48 14028 2306 48 14029 2305 48 14030 2354 48 14031 2306 48 14032 2352 48 14033 2293 48 14034 2328 48 14035 2332 48 14036 2293 530 14037 2290 530 14038 2328 530 14039 2357 165 14040 2355 165 14041 2366 165 14042 2367 66 14043 2357 66 14044 2366 66 14045 2368 66 14046 2369 66 14047 2329 66 14048 2368 314 14049 2329 314 14050 2324 314 14051 2331 72 14052 2370 72 14053 2371 72 14054 2319 66 14055 2368 66 14056 2324 66 14057 2335 83 14058 2371 83 14059 2372 83 14060 2335 1166 14061 2331 1166 14062 2371 1166 14063 2327 66 14064 2373 66 14065 2370 66 14066 2327 76 14067 2370 76 14068 2331 76 14069 2374 71 14070 2357 71 14071 2367 71 14072 2374 66 14073 2359 66 14074 2357 66 14075 2339 1167 14076 2335 1167 14077 2372 1167 14078 2322 67 14079 2375 67 14080 2373 67 14081 2322 592 14082 2373 592 14083 2327 592 14084 2345 518 14085 2372 518 14086 2376 518 14087 2377 66 14088 2368 66 14089 2319 66 14090 2377 250 14091 2319 250 14092 2316 250 14093 2345 1143 14094 2339 1143 14095 2372 1143 14096 2321 66 14097 2378 66 14098 2375 66 14099 2321 74 14100 2375 74 14101 2322 74 14102 2379 944 14103 2361 944 14104 2359 944 14105 2379 66 14106 2359 66 14107 2374 66 14108 2380 66 14109 2377 66 14110 2316 66 14111 2380 66 14112 2316 66 14113 2315 66 14114 2347 66 14115 2376 66 14116 2381 66 14117 2347 66 14118 2345 66 14119 2376 66 14120 2382 1168 14121 2363 1168 14122 2361 1168 14123 2382 248 14124 2361 248 14125 2379 248 14126 2343 69 14127 2383 69 14128 2378 69 14129 2384 66 14130 2380 66 14131 2315 66 14132 2343 66 14133 2378 66 14134 2321 66 14135 2385 595 14136 2363 595 14137 2382 595 14138 2385 66 14139 2315 66 14140 2365 66 14141 2385 66 14142 2365 66 14143 2363 66 14144 2385 66 14145 2384 66 14146 2315 66 14147 2349 80 14148 2381 80 14149 2386 80 14150 2349 66 14151 2347 66 14152 2381 66 14153 2387 922 14154 2383 922 14155 2343 922 14156 2341 66 14157 2387 66 14158 2343 66 14159 2351 75 14160 2386 75 14161 2388 75 14162 2351 1143 14163 2349 1143 14164 2386 1143 14165 2389 78 14166 2387 78 14167 2341 78 14168 2337 66 14169 2389 66 14170 2341 66 14171 2353 70 14172 2351 70 14173 2388 70 14174 2390 1169 14175 2353 1169 14176 2388 1169 14177 2391 944 14178 2337 944 14179 2333 944 14180 2391 69 14181 2389 69 14182 2337 69 14183 2355 963 14184 2353 963 14185 2390 963 14186 2366 66 14187 2355 66 14188 2390 66 14189 2369 66 14190 2391 66 14191 2333 66 14192 2369 66 14193 2333 66 14194 2329 66 14195 2368 5 14196 2377 5 14197 2392 5 14198 2368 176 14199 2392 176 14200 2393 176 14201 2378 1170 14202 2394 1170 14203 2395 1170 14204 2369 176 14205 2368 176 14206 2393 176 14207 2369 180 14208 2393 180 14209 2396 180 14210 2375 1171 14211 2395 1171 14212 2397 1171 14213 2375 795 14214 2378 795 14215 2395 795 14216 2391 180 14217 2369 180 14218 2396 180 14219 2391 1172 14220 2396 1172 14221 2398 1172 14222 2373 1173 14223 2397 1173 14224 2399 1173 14225 2389 98 14226 2391 98 14227 2398 98 14228 2373 1147 14229 2375 1147 14230 2397 1147 14231 2389 1174 14232 2398 1174 14233 2400 1174 14234 2370 1175 14235 2399 1175 14236 2401 1175 14237 2387 1176 14238 2400 1176 14239 2402 1176 14240 2370 103 14241 2373 103 14242 2399 103 14243 2387 104 14244 2389 104 14245 2400 104 14246 2383 105 14247 2387 105 14248 2402 105 14249 2371 846 14250 2401 846 14251 2403 846 14252 2371 107 14253 2370 107 14254 2401 107 14255 2378 440 14256 2402 440 14257 2394 440 14258 2378 109 14259 2383 109 14260 2402 109 14261 2372 187 14262 2403 187 14263 2404 187 14264 2372 111 14265 2371 111 14266 2403 111 14267 2376 27 14268 2404 27 14269 2405 27 14270 2376 112 14271 2372 112 14272 2404 112 14273 2381 189 14274 2405 189 14275 2406 189 14276 2381 27 14277 2376 27 14278 2405 27 14279 2386 843 14280 2406 843 14281 2407 843 14282 2386 115 14283 2381 115 14284 2406 115 14285 2388 1177 14286 2407 1177 14287 2408 1177 14288 2388 333 14289 2386 333 14290 2407 333 14291 2390 1178 14292 2408 1178 14293 2409 1178 14294 2390 263 14295 2388 263 14296 2408 263 14297 2366 120 14298 2390 120 14299 2409 120 14300 2366 1179 14301 2409 1179 14302 2410 1179 14303 2367 1180 14304 2366 1180 14305 2410 1180 14306 2367 1181 14307 2410 1181 14308 2411 1181 14309 2374 537 14310 2367 537 14311 2411 537 14312 2374 195 14313 2411 195 14314 2412 195 14315 2379 338 14316 2374 338 14317 2412 338 14318 2379 1182 14319 2412 1182 14320 2413 1182 14321 2382 128 14322 2379 128 14323 2413 128 14324 2382 1183 14325 2413 1183 14326 2414 1183 14327 2385 130 14328 2382 130 14329 2414 130 14330 2385 1184 14331 2414 1184 14332 2415 1184 14333 2384 269 14334 2385 269 14335 2415 269 14336 2384 839 14337 2415 839 14338 2416 839 14339 2380 134 14340 2384 134 14341 2416 134 14342 2380 136 14343 2416 136 14344 2417 136 14345 2377 136 14346 2380 136 14347 2417 136 14348 2377 5 14349 2417 5 14350 2392 5 14351 2418 1185 14352 2419 1185 14353 2420 1185 14354 2421 396 14355 2419 396 14356 2418 396 14357 2420 811 14358 2422 811 14359 2423 811 14360 2419 398 14361 2422 398 14362 2420 398 14363 2424 399 14364 2425 399 14365 2426 399 14366 2423 27 14367 2427 27 14368 2428 27 14369 2426 1186 14370 2425 1186 14371 2429 1186 14372 2422 27 14373 2427 27 14374 2423 27 14375 2429 829 14376 2430 829 14377 2431 829 14378 2428 1187 14379 2432 1187 14380 2433 1187 14381 2425 829 14382 2430 829 14383 2429 829 14384 2427 404 14385 2432 404 14386 2428 404 14387 2431 1188 14388 2434 1188 14389 2435 1188 14390 2433 1189 14391 2436 1189 14392 2437 1189 14393 2430 407 14394 2434 407 14395 2431 407 14396 2432 406 14397 2436 406 14398 2433 406 14399 2435 410 14400 2438 410 14401 2439 410 14402 2437 411 14403 2440 411 14404 2441 411 14405 2434 410 14406 2438 410 14407 2435 410 14408 2436 411 14409 2440 411 14410 2437 411 14411 2439 412 14412 2442 412 14413 2443 412 14414 2441 1190 14415 2444 1190 14416 2445 1190 14417 2438 412 14418 2442 412 14419 2439 412 14420 2440 414 14421 2444 414 14422 2441 414 14423 2445 833 14424 2446 833 14425 2447 833 14426 2444 834 14427 2446 834 14428 2445 834 14429 2443 824 14430 2448 824 14431 2449 824 14432 2447 832 14433 2424 832 14434 2426 832 14435 2442 419 14436 2448 419 14437 2443 419 14438 2446 1191 14439 2424 1191 14440 2447 1191 14441 2449 5 14442 2450 5 14443 2451 5 14444 2448 5 14445 2450 5 14446 2449 5 14447 2451 1192 14448 2452 1192 14449 2453 1192 14450 2450 422 14451 2452 422 14452 2451 422 14453 2453 423 14454 2454 423 14455 2455 423 14456 2452 424 14457 2454 424 14458 2453 424 14459 2455 426 14460 2456 426 14461 2457 426 14462 2454 426 14463 2456 426 14464 2455 426 14465 2456 427 14466 2458 427 14467 2457 427 14468 2457 1193 14469 2458 1193 14470 2459 1193 14471 2458 808 14472 2460 808 14473 2459 808 14474 2459 810 14475 2460 810 14476 2461 810 14477 2460 431 14478 2462 431 14479 2461 431 14480 2461 1194 14481 2462 1194 14482 2463 1194 14483 2463 823 14484 2464 823 14485 2465 823 14486 2462 823 14487 2464 823 14488 2463 823 14489 2464 819 14490 2466 819 14491 2465 819 14492 2465 820 14493 2466 820 14494 2467 820 14495 2467 1195 14496 2468 1195 14497 2469 1195 14498 2466 437 14499 2468 437 14500 2467 437 14501 2469 439 14502 2421 439 14503 2418 439 14504 2468 439 14505 2421 439 14506 2469 439 14507 2470 344 14508 2471 344 14509 1942 344 14510 2470 674 14511 1942 674 14512 1939 674 14513 2472 346 14514 2470 346 14515 1939 346 14516 2472 135 14517 1939 135 14518 1935 135 14519 2473 94 14520 2474 94 14521 1937 94 14522 2473 1196 14523 1937 1196 14524 1934 1196 14525 2475 5 14526 2472 5 14527 1935 5 14528 2475 5 14529 1935 5 14530 1927 5 14531 2476 326 14532 1934 326 14533 1931 326 14534 2477 322 14535 2475 322 14536 1927 322 14537 2476 384 14538 2473 384 14539 1934 384 14540 2477 89 14541 1927 89 14542 1924 89 14543 2478 254 14544 1931 254 14545 1928 254 14546 2479 323 14547 2477 323 14548 1924 323 14549 2479 177 14550 1924 177 14551 1949 177 14552 2478 1197 14553 2476 1197 14554 1931 1197 14555 2480 1198 14556 1928 1198 14557 1929 1198 14558 2481 325 14559 2479 325 14560 1949 325 14561 2481 1199 14562 1949 1199 14563 1947 1199 14564 2480 327 14565 2478 327 14566 1928 327 14567 2482 111 14568 1929 111 14569 1930 111 14570 2483 256 14571 1947 256 14572 1945 256 14573 2482 260 14574 2480 260 14575 1929 260 14576 2483 1200 14577 2481 1200 14578 1947 1200 14579 2484 328 14580 1945 328 14581 1941 328 14582 2485 112 14583 1930 112 14584 1933 112 14585 2484 385 14586 2483 385 14587 1945 385 14588 2474 1201 14589 1941 1201 14590 1937 1201 14591 2485 112 14592 2482 112 14593 1930 112 14594 2474 1202 14595 2484 1202 14596 1941 1202 14597 2486 27 14598 1933 27 14599 1936 27 14600 2486 27 14601 2485 27 14602 1933 27 14603 2487 115 14604 1936 115 14605 1944 115 14606 2487 115 14607 2486 115 14608 1936 115 14609 2488 333 14610 1944 333 14611 1946 333 14612 2488 728 14613 2487 728 14614 1944 728 14615 2489 1203 14616 1946 1203 14617 1948 1203 14618 2489 332 14619 2488 332 14620 1946 332 14621 2490 1204 14622 1948 1204 14623 1926 1204 14624 2490 414 14625 2489 414 14626 1948 414 14627 2491 390 14628 2490 390 14629 1926 390 14630 2491 336 14631 1926 336 14632 1925 336 14633 2492 1107 14634 2491 1107 14635 1925 1107 14636 2492 537 14637 1925 537 14638 1932 537 14639 2493 787 14640 2492 787 14641 1932 787 14642 2493 1205 14643 1932 1205 14644 1938 1205 14645 2494 1206 14646 2493 1206 14647 1938 1206 14648 2494 1207 14649 1938 1207 14650 1940 1207 14651 2495 1208 14652 2494 1208 14653 1940 1208 14654 2495 1085 14655 1940 1085 14656 1943 1085 14657 2471 343 14658 2495 343 14659 1943 343 14660 2471 1209 14661 1943 1209 14662 1942 1209 14663 2490 1210 14664 2458 1210 14665 2456 1210 14666 2477 66 14667 2479 66 14668 2432 66 14669 2477 1211 14670 2432 1211 14671 2427 1211 14672 2434 66 14673 2478 66 14674 2480 66 14675 2491 1212 14676 2458 1212 14677 2490 1212 14678 2438 1213 14679 2480 1213 14680 2482 1213 14681 2491 66 14682 2460 66 14683 2458 66 14684 2438 66 14685 2434 66 14686 2480 66 14687 2475 878 14688 2477 878 14689 2427 878 14690 2475 66 14691 2427 66 14692 2422 66 14693 2430 1212 14694 2476 1212 14695 2478 1212 14696 2430 66 14697 2478 66 14698 2434 66 14699 2442 871 14700 2482 871 14701 2485 871 14702 2442 66 14703 2438 66 14704 2482 66 14705 2492 66 14706 2462 66 14707 2460 66 14708 2492 66 14709 2460 66 14710 2491 66 14711 2425 874 14712 2473 874 14713 2476 874 14714 2472 1214 14715 2422 1214 14716 2419 1214 14717 2425 66 14718 2476 66 14719 2430 66 14720 2472 66 14721 2475 66 14722 2422 66 14723 2448 66 14724 2485 66 14725 2486 66 14726 2493 66 14727 2464 66 14728 2462 66 14729 2493 66 14730 2462 66 14731 2492 66 14732 2448 66 14733 2442 66 14734 2485 66 14735 2470 66 14736 2472 66 14737 2419 66 14738 2424 66 14739 2474 66 14740 2473 66 14741 2470 881 14742 2419 881 14743 2421 881 14744 2494 66 14745 2466 66 14746 2464 66 14747 2424 66 14748 2473 66 14749 2425 66 14750 2494 1215 14751 2464 1215 14752 2493 1215 14753 2450 1216 14754 2486 1216 14755 2487 1216 14756 2471 66 14757 2421 66 14758 2468 66 14759 2450 66 14760 2448 66 14761 2486 66 14762 2471 1217 14763 2470 1217 14764 2421 1217 14765 2495 1218 14766 2468 1218 14767 2466 1218 14768 2495 66 14769 2466 66 14770 2494 66 14771 2495 66 14772 2471 66 14773 2468 66 14774 2446 66 14775 2484 66 14776 2474 66 14777 2446 66 14778 2474 66 14779 2424 66 14780 2452 444 14781 2450 444 14782 2487 444 14783 2488 66 14784 2452 66 14785 2487 66 14786 2444 1219 14787 2483 1219 14788 2484 1219 14789 2444 1220 14790 2484 1220 14791 2446 1220 14792 2454 66 14793 2452 66 14794 2488 66 14795 2440 1221 14796 2481 1221 14797 2483 1221 14798 2440 1222 14799 2483 1222 14800 2444 1222 14801 2489 66 14802 2456 66 14803 2454 66 14804 2489 66 14805 2454 66 14806 2488 66 14807 2436 1223 14808 2481 1223 14809 2440 1223 14810 2479 1213 14811 2481 1213 14812 2436 1213 14813 2432 1224 14814 2479 1224 14815 2436 1224 14816 2490 66 14817 2456 66 14818 2489 66 14819 2457 1225 14820 2409 1225 14821 2408 1225 14822 2459 1226 14823 2409 1226 14824 2457 1226 14825 2396 1227 14826 2393 1227 14827 2433 1227 14828 2433 48 14829 2393 48 14830 2428 48 14831 2399 48 14832 2435 48 14833 2401 48 14834 2401 1228 14835 2439 1228 14836 2403 1228 14837 2459 1229 14838 2410 1229 14839 2409 1229 14840 2435 1230 14841 2439 1230 14842 2401 1230 14843 2461 1231 14844 2410 1231 14845 2459 1231 14846 2397 1232 14847 2431 1232 14848 2399 1232 14849 2393 48 14850 2392 48 14851 2428 48 14852 2428 48 14853 2392 48 14854 2423 48 14855 2399 48 14856 2431 48 14857 2435 48 14858 2403 1233 14859 2443 1233 14860 2404 1233 14861 2439 48 14862 2443 48 14863 2403 48 14864 2463 48 14865 2411 48 14866 2461 48 14867 2461 48 14868 2411 48 14869 2410 48 14870 2395 48 14871 2429 48 14872 2397 48 14873 2392 48 14874 2417 48 14875 2423 48 14876 2423 48 14877 2417 48 14878 2420 48 14879 2397 1234 14880 2429 1234 14881 2431 1234 14882 2404 48 14883 2449 48 14884 2405 48 14885 2465 1235 14886 2412 1235 14887 2463 1235 14888 2463 48 14889 2412 48 14890 2411 48 14891 2443 48 14892 2449 48 14893 2404 48 14894 2394 48 14895 2426 48 14896 2395 48 14897 2420 1236 14898 2416 1236 14899 2418 1236 14900 2417 48 14901 2416 48 14902 2420 48 14903 2465 48 14904 2413 48 14905 2412 48 14906 2467 48 14907 2413 48 14908 2465 48 14909 2395 48 14910 2426 48 14911 2429 48 14912 2405 48 14913 2451 48 14914 2406 48 14915 2418 48 14916 2415 48 14917 2469 48 14918 2449 48 14919 2451 48 14920 2405 48 14921 2416 48 14922 2415 48 14923 2418 48 14924 2467 48 14925 2414 48 14926 2413 48 14927 2469 48 14928 2414 48 14929 2467 48 14930 2415 48 14931 2414 48 14932 2469 48 14933 2402 1237 14934 2447 1237 14935 2394 1237 14936 2394 48 14937 2447 48 14938 2426 48 14939 2451 1238 14940 2453 1238 14941 2406 1238 14942 2453 48 14943 2407 48 14944 2406 48 14945 2400 1239 14946 2445 1239 14947 2402 1239 14948 2402 48 14949 2445 48 14950 2447 48 14951 2453 1230 14952 2455 1230 14953 2407 1230 14954 2398 48 14955 2441 48 14956 2400 48 14957 2400 48 14958 2441 48 14959 2445 48 14960 2457 48 14961 2408 48 14962 2455 48 14963 2455 1240 14964 2408 1240 14965 2407 1240 14966 2398 1241 14967 2437 1241 14968 2441 1241 14969 2398 48 14970 2396 48 14971 2437 48 14972 2396 1242 14973 2433 1242 14974 2437 1242 14975</p>
        </triangles>
      </mesh>
    </geometry>
    </library_geometries>
  <library_visual_scenes>
    <visual_scene id="Scene" name="Scene">
      <node id="LandingFoam" name="LandingFoam" type="NODE">
        <matrix sid="transform">1 0 0 0 0 1 0 0 0 0 1 0 0 0 0 1</matrix>
        <instance_geometry url="#LandingFoam-mesh" name="LandingFoam">
          <bind_material>
            <technique_common>
              <instance_material symbol="LandingFoam-material" target="#LandingFoam-material">
                <bind_vertex_input semantic="UVMap" input_semantic="TEXCOORD" input_set="0" />
              </instance_material>
            </technique_common>
          </bind_material>
        </instance_geometry>
      </node>
      </visual_scene>
  </library_visual_scenes>
  <scene>
    <instance_visual_scene url="#Scene" />
  </scene>
</COLLADA>