<?xml version='1.0' encoding='utf-8'?>
<COLLADA xmlns="http://www.collada.org/2005/11/COLLADASchema" version="1.4.1">
  <asset>
    <contributor>
      <author>Blender User</author>
      <authoring_tool>Blender 2.82.7</authoring_tool>
    </contributor>
    <created>2021-04-21T20:42:04</created>
    <modified>2021-04-21T20:42:04</modified>
    <unit name="meter" meter="1" />
    <up_axis>Z_UP</up_axis>
  </asset>
  <library_lights>
    <light id="Sun-light" name="Sun">
      <technique_common>
        <directional>
          <color sid="color">1 1 1</color>
        </directional>
      </technique_common>
      <extra>
        <technique profile="blender">
          <type sid="type" type="int">1</type>
          <flag sid="flag" type="int">0</flag>
          <mode sid="mode" type="int">1</mode>
          <gamma sid="blender_gamma" type="float">1</gamma>
          <red sid="red" type="float">1</red>
          <green sid="green" type="float">1</green>
          <blue sid="blue" type="float">1</blue>
          <shadow_r sid="blender_shadow_r" type="float">0</shadow_r>
          <shadow_g sid="blender_shadow_g" type="float">0</shadow_g>
          <shadow_b sid="blender_shadow_b" type="float">0</shadow_b>
          <energy sid="blender_energy" type="float">1</energy>
          <dist sid="blender_dist" type="float">12.5</dist>
          <spotsize sid="spotsize" type="float">45</spotsize>
          <spotblend sid="spotblend" type="float">0.15</spotblend>
          <att1 sid="att1" type="float">0</att1>
          <att2 sid="att2" type="float">1</att2>
          <falloff_type sid="falloff_type" type="int">2</falloff_type>
          <clipsta sid="clipsta" type="float">0.04999995</clipsta>
          <clipend sid="clipend" type="float">40</clipend>
          <bias sid="bias" type="float">1</bias>
          <soft sid="soft" type="float">3</soft>
          <bufsize sid="bufsize" type="int">512</bufsize>
          <samp sid="samp" type="int">3</samp>
          <buffers sid="buffers" type="int">1</buffers>
          <area_shape sid="area_shape" type="int">0</area_shape>
          <area_size sid="area_size" type="float">0.125</area_size>
          <area_sizey sid="area_sizey" type="float">0.125</area_sizey>
          <area_sizez sid="area_sizez" type="float">0.125</area_sizez>
        </technique>
      </extra>
    </light>
  </library_lights>
  <library_effects>
    <effect id="LandingFoam-effect">
      <profile_COMMON>
        <technique sid="common">
          <lambert>
            <emission>
              <color sid="emission">0 0 0 1</color>
            </emission>
            <ambient>
              <color sid="ambient">0.7019608 0.7019608 0.7019608 1</color>
            </ambient>
            <diffuse>
              <color sid="diffuse">0.7019608 0.7019608 0.7019608 1</color>
            </diffuse>
            <reflectivity>
              <float sid="specular">0.3</float>
            </reflectivity>
            <index_of_refraction>
              <float sid="ior">1.45</float>
            </index_of_refraction>
          </lambert>
        </technique>
      </profile_COMMON>
    </effect>
    <effect id="LandingRubber-effect">
      <profile_COMMON>
        <technique sid="common">
          <lambert>
            <emission>
              <color sid="emission">0 0 0 1</color>
            </emission>
            <ambient>
              <color sid="ambient">0.003921569 0.003921569 0.003921569 1</color>
            </ambient>
            <diffuse>
              <color sid="diffuse">0.003921569 0.003921569 0.003921569 1</color>
            </diffuse>
            <reflectivity>
              <float sid="specular">1</float>
            </reflectivity>
            <index_of_refraction>
              <float sid="ior">1.45</float>
            </index_of_refraction>
          </lambert>
        </technique>
      </profile_COMMON>
    </effect>
    <effect id="CarbonFiber-effect">
      <profile_COMMON>
        <newparam sid="CF_png-surface">
          <surface type="2D">
            <init_from>CF_png</init_from>
          </surface>
        </newparam>
        <newparam sid="CF_png-sampler">
          <sampler2D>
            <source>CF_png-surface</source>
          </sampler2D>
        </newparam>
        <technique sid="common">
          <lambert>
            <emission>
              <color sid="emission">0 0 0 1</color>
            </emission>
            <diffuse>
              <texture texture="CF_png-sampler" texcoord="UVMap" />
            </diffuse>
            <reflectivity>
              <float sid="specular">1</float>
            </reflectivity>
            <index_of_refraction>
              <float sid="ior">1.45</float>
            </index_of_refraction>
          </lambert>
        </technique>
      </profile_COMMON>
    </effect>
    <effect id="Metal-effect">
      <profile_COMMON>
        <technique sid="common">
          <lambert>
            <emission>
              <color sid="emission">0 0 0 1</color>
            </emission>
            <ambient>
              <color sid="ambient">0.3185468 0.3185468 0.3185468 1</color>
            </ambient>
            <diffuse>
              <color sid="diffuse">0.3185468 0.3185468 0.3185468 1</color>
            </diffuse>
            <reflectivity>
              <float sid="specular">1</float>
            </reflectivity>
            <index_of_refraction>
              <float sid="ior">1.45</float>
            </index_of_refraction>
          </lambert>
        </technique>
      </profile_COMMON>
    </effect>
    <effect id="RailsRubber-effect">
      <profile_COMMON>
        <technique sid="common">
          <lambert>
            <emission>
              <color sid="emission">0 0 0 1</color>
            </emission>
            <ambient>
              <color sid="ambient">0.1004815 0.1004815 0.1004815 1</color>
            </ambient>
            <diffuse>
              <color sid="diffuse">0.1004815 0.1004815 0.1004815 1</color>
            </diffuse>
            <reflectivity>
              <float sid="specular">0.5</float>
            </reflectivity>
            <index_of_refraction>
              <float sid="ior">1.45</float>
            </index_of_refraction>
          </lambert>
        </technique>
      </profile_COMMON>
    </effect>
    <effect id="FMUK66-effect">
      <profile_COMMON>
        <technique sid="common">
          <lambert>
            <emission>
              <color sid="emission">0 0 0 1</color>
            </emission>
            <ambient>
              <color sid="ambient">0.9960784 0.9960784 0.9960784 1</color>
            </ambient>
            <diffuse>
              <color sid="diffuse">0.9960784 0.9960784 0.9960784 1</color>
            </diffuse>
            <reflectivity>
              <float sid="specular">0.5</float>
            </reflectivity>
            <index_of_refraction>
              <float sid="ior">1.45</float>
            </index_of_refraction>
          </lambert>
        </technique>
      </profile_COMMON>
    </effect>
    <effect id="RailsAntennaHolder-effect">
      <profile_COMMON>
        <technique sid="common">
          <lambert>
            <emission>
              <color sid="emission">0 0 0 1</color>
            </emission>
            <ambient>
              <color sid="ambient">0.9568627 0.9568627 0 1</color>
            </ambient>
            <diffuse>
              <color sid="diffuse">0.9568627 0.9568627 0 1</color>
            </diffuse>
            <reflectivity>
              <float sid="specular">0.5</float>
            </reflectivity>
            <index_of_refraction>
              <float sid="ior">1.45</float>
            </index_of_refraction>
          </lambert>
        </technique>
      </profile_COMMON>
    </effect>
    <effect id="LandingPlastic-effect">
      <profile_COMMON>
        <technique sid="common">
          <lambert>
            <emission>
              <color sid="emission">0 0 0 1</color>
            </emission>
            <ambient>
              <color sid="ambient">0.5225216 0.5225216 0.5225216 1</color>
            </ambient>
            <diffuse>
              <color sid="diffuse">0.5225216 0.5225216 0.5225216 1</color>
            </diffuse>
            <reflectivity>
              <float sid="specular">0.5</float>
            </reflectivity>
            <index_of_refraction>
              <float sid="ior">1.45</float>
            </index_of_refraction>
          </lambert>
        </technique>
      </profile_COMMON>
    </effect>
    <effect id="FMURubber-effect">
      <profile_COMMON>
        <technique sid="common">
          <lambert>
            <emission>
              <color sid="emission">0 0 0 1</color>
            </emission>
            <ambient>
              <color sid="ambient">0.1882353 0.2313726 0.5882354 1</color>
            </ambient>
            <diffuse>
              <color sid="diffuse">0.1882353 0.2313726 0.5882354 1</color>
            </diffuse>
            <reflectivity>
              <float sid="specular">0.5</float>
            </reflectivity>
            <index_of_refraction>
              <float sid="ior">1.45</float>
            </index_of_refraction>
          </lambert>
        </technique>
      </profile_COMMON>
    </effect>
  </library_effects>
  <library_images>
    <image id="CF_png" name="CF_png">
      <init_from>CF.png</init_from>
    </image>
  </library_images>
  <library_materials>
    <material id="LandingFoam-material" name="LandingFoam">
      <instance_effect url="#LandingFoam-effect" />
    </material>
    <material id="LandingRubber-material" name="LandingRubber">
      <instance_effect url="#LandingRubber-effect" />
    </material>
    <material id="CarbonFiber-material" name="CarbonFiber">
      <instance_effect url="#CarbonFiber-effect" />
    </material>
    <material id="Metal-material" name="Metal">
      <instance_effect url="#Metal-effect" />
    </material>
    <material id="RailsRubber-material" name="RailsRubber">
      <instance_effect url="#RailsRubber-effect" />
    </material>
    <material id="FMUK66-material" name="FMUK66">
      <instance_effect url="#FMUK66-effect" />
    </material>
    <material id="RailsAntennaHolder-material" name="RailsAntennaHolder">
      <instance_effect url="#RailsAntennaHolder-effect" />
    </material>
    <material id="LandingPlastic-material" name="LandingPlastic">
      <instance_effect url="#LandingPlastic-effect" />
    </material>
    <material id="FMURubber-material" name="FMURubber">
      <instance_effect url="#FMURubber-effect" />
    </material>
  </library_materials>
  <library_geometries>
    <geometry id="LandingRubber-mesh" name="LandingRubber">
      <mesh>
        <source id="LandingRubber-mesh-positions">
          <float_array id="LandingRubber-mesh-positions-array" count="6240">-0.1126096 0.136682 -0.2389398 -0.1126096 0.1374378 -0.2400346 -0.1126144 0.1374404 -0.2400333 -0.1126144 0.1366842 -0.2389378 -0.1126055 0.1366789 -0.2389424 -0.1126055 0.1374342 -0.2400366 -0.1126025 0.1366754 -0.2389456 -0.1126025 0.1374299 -0.2400388 -0.1126006 0.1366713 -0.2389492 -0.1126 0.1366671 -0.2389529 -0.1126 0.1374202 -0.2400439 -0.1126006 0.1374252 -0.2400413 -0.1126198 0.1356889 -0.2380535 -0.1126254 0.1366861 -0.2389361 -0.1126254 0.1356893 -0.2380529 -0.1126198 0.1366856 -0.2389365 -0.1126144 0.1356878 -0.238055 -0.1126096 0.135686 -0.2380575 -0.1126055 0.1356838 -0.2380608 -0.1126025 0.1356811 -0.2380648 -0.1126006 0.1356779 -0.2380692 -0.1126 0.1356748 -0.2380739 -0.1126198 0.1345098 -0.2374346 -0.1126254 0.13451 -0.237434 -0.1126144 0.1345091 -0.2374364 -0.1126096 0.134508 -0.2374392 -0.1126055 0.1345066 -0.237443 -0.1126025 0.1345049 -0.2374475 -0.1126006 0.134503 -0.2374525 -0.1126 0.134501 -0.2374578 -0.1126198 0.1332167 -0.2371159 -0.1126254 0.1332169 -0.2371153 -0.1126144 0.1332166 -0.2371178 -0.1126096 0.1332162 -0.2371208 -0.1126055 0.1332157 -0.2371248 -0.1126025 0.1332151 -0.2371296 -0.1126006 0.1332145 -0.2371349 -0.1126 0.1332138 -0.2371405 -0.1126198 0.1318851 -0.2371159 -0.1126254 0.1318851 -0.2371153 -0.1126144 0.1318854 -0.2371178 -0.1126096 0.1318857 -0.2371208 -0.1126055 0.1318862 -0.2371248 -0.1126025 0.1318868 -0.2371296 -0.1126006 0.1318874 -0.2371349 -0.1126 0.1318881 -0.2371405 -0.1126198 0.1305922 -0.2374346 -0.1126254 0.130592 -0.237434 -0.1126144 0.1305928 -0.2374364 -0.1126096 0.1305938 -0.2374392 -0.1126055 0.1305954 -0.237443 -0.1126025 0.1305971 -0.2374475 -0.1126006 0.130599 -0.2374525 -0.1126 0.130601 -0.2374578 -0.1126198 0.1294131 -0.2380535 -0.1126254 0.1294127 -0.2380529 -0.1126144 0.1294141 -0.238055 -0.1126096 0.1294158 -0.2380575 -0.1126055 0.1294181 -0.2380608 -0.1126198 0.127027 -0.2425995 -0.1126254 0.127187 -0.2412773 -0.1126254 0.1270264 -0.2425995 -0.1126025 0.1294209 -0.2380648 -0.1126006 0.1294239 -0.2380692 -0.1126 0.1294271 -0.2380739 -0.1126198 0.1284162 -0.2389365 -0.1126254 0.1284158 -0.2389361 -0.1126144 0.1284177 -0.2389378 -0.1126096 0.1284199 -0.2389398 -0.1126198 0.1271876 -0.2439215 -0.1126254 0.127187 -0.2439216 -0.1126055 0.128423 -0.2389424 -0.1126144 0.1271893 -0.243921 -0.1126144 0.127029 -0.2425995 -0.1126025 0.1284266 -0.2389456 -0.1126096 0.1271924 -0.2439203 -0.1126096 0.127032 -0.2425995 -0.1126006 0.1284306 -0.2389492 -0.1126 0.1284348 -0.2389529 -0.1126055 0.1271963 -0.2439193 -0.1126055 0.127036 -0.2425995 -0.1126198 0.1276597 -0.2400325 -0.1126025 0.127201 -0.2439182 -0.1126025 0.1270409 -0.2425995 -0.1126254 0.1276593 -0.2400321 -0.1126144 0.1276615 -0.2400333 -0.1126006 0.1272062 -0.2439169 -0.1126 0.1272117 -0.2439154 -0.1126 0.1270519 -0.2425995 -0.1126006 0.1270462 -0.2425995 -0.1126198 0.1276597 -0.2451665 -0.1126096 0.1276642 -0.2400346 -0.1126254 0.1276593 -0.2451668 -0.1126144 0.1276615 -0.2451657 -0.1126055 0.1276677 -0.2400366 -0.1126025 0.127672 -0.2400388 -0.1126096 0.1276642 -0.2451643 -0.1126006 0.1276768 -0.2400413 -0.1126 0.1276818 -0.2400439 -0.1126055 0.1276677 -0.2451624 -0.1126198 0.1271876 -0.2412776 -0.1126025 0.127672 -0.2451602 -0.1126006 0.1276768 -0.2451577 -0.1126 0.1276818 -0.245155 -0.1126144 0.1271893 -0.2412779 -0.1126198 0.1284162 -0.2462625 -0.1126254 0.1284158 -0.246263 -0.1126096 0.1271924 -0.2412787 -0.1126144 0.1284177 -0.2462612 -0.1126055 0.1271963 -0.2412797 -0.1126096 0.1284199 -0.2462593 -0.1126025 0.127201 -0.2412809 -0.1126055 0.128423 -0.2462566 -0.1126006 0.1272062 -0.2412822 -0.1126 0.1272117 -0.2412835 -0.1126025 0.1284266 -0.2462534 -0.1126006 0.1284306 -0.2462498 -0.1126 0.1284348 -0.246246 -0.1126198 0.1294131 -0.2471456 -0.1126254 0.1294127 -0.2471461 -0.1126144 0.1294141 -0.247144 -0.1126096 0.1294158 -0.2471415 -0.1126055 0.1294181 -0.2471382 -0.1126025 0.1294209 -0.2471343 -0.1126006 0.1294239 -0.2471299 -0.1126 0.1294271 -0.2471252 -0.1126198 0.1305922 -0.2477644 -0.1126254 0.130592 -0.247765 -0.1126144 0.1305928 -0.2477627 -0.1126096 0.1305938 -0.2477598 -0.1126055 0.1305954 -0.2477561 -0.1126025 0.1305971 -0.2477516 -0.1126006 0.130599 -0.2477466 -0.1126 0.130601 -0.2477413 -0.1126198 0.1318851 -0.2480831 -0.1126254 0.1318851 -0.2480838 -0.1126144 0.1318854 -0.2480813 -0.1126096 0.1318857 -0.2480782 -0.1126055 0.1318862 -0.2480742 -0.1126025 0.1318868 -0.2480695 -0.1126006 0.1318874 -0.2480641 -0.1126 0.1318881 -0.2480584 -0.1126198 0.1332167 -0.2480831 -0.1126254 0.1332169 -0.2480838 -0.1126144 0.1332166 -0.2480813 -0.1126096 0.1332162 -0.2480782 -0.1126055 0.1332157 -0.2480742 -0.1126025 0.1332151 -0.2480695 -0.1126006 0.1332145 -0.2480641 -0.1126 0.1332138 -0.2480584 -0.1126198 0.1345098 -0.2477644 -0.1126254 0.13451 -0.247765 -0.1126144 0.1345091 -0.2477627 -0.1126096 0.134508 -0.2477598 -0.1126055 0.1345066 -0.2477561 -0.1126025 0.1345049 -0.2477516 -0.1126006 0.134503 -0.2477466 -0.1126 0.134501 -0.2477413 -0.1126198 0.1356889 -0.2471456 -0.1126254 0.1356893 -0.2471461 -0.1126144 0.1356878 -0.247144 -0.1126096 0.135686 -0.2471415 -0.1126055 0.1356838 -0.2471382 -0.1126025 0.1356811 -0.2471343 -0.1126006 0.1356779 -0.2471299 -0.1126 0.1356748 -0.2471252 -0.1126198 0.1366856 -0.2462625 -0.1126254 0.1366861 -0.246263 -0.1126144 0.1366842 -0.2462612 -0.1126096 0.136682 -0.2462593 -0.1126055 0.1366789 -0.2462566 -0.1126025 0.1366754 -0.2462534 -0.1126006 0.1366713 -0.2462498 -0.1126 0.1366671 -0.246246 -0.1126198 0.1374421 -0.2451665 -0.1126254 0.1374427 -0.2451668 -0.1126144 0.1374404 -0.2451657 -0.1126096 0.1374378 -0.2451643 -0.1126055 0.1374342 -0.2451624 -0.1126025 0.1374299 -0.2451602 -0.1126006 0.1374252 -0.2451577 -0.1126 0.1374202 -0.245155 -0.1126198 0.1379142 -0.2439215 -0.1126254 0.1379148 -0.2439216 -0.1126144 0.1379125 -0.243921 -0.1126096 0.1379096 -0.2439203 -0.1126055 0.1379057 -0.2439193 -0.1126025 0.137901 -0.2439182 -0.1126006 0.1378958 -0.2439169 -0.1126 0.1378903 -0.2439154 -0.1126198 0.1380748 -0.2425995 -0.1126254 0.1380755 -0.2425995 -0.1126144 0.138073 -0.2425995 -0.1126096 0.1380699 -0.2425995 -0.1126055 0.1380659 -0.2425995 -0.1126025 0.1380611 -0.2425995 -0.1126006 0.1380557 -0.2425995 -0.1126 0.1380501 -0.2425995 -0.1126198 0.1379142 -0.2412776 -0.1126254 0.1379148 -0.2412773 -0.1126144 0.1379125 -0.2412779 -0.1126096 0.1379096 -0.2412787 -0.1126055 0.1379057 -0.2412797 -0.1126025 0.137901 -0.2412809 -0.1126006 0.1378958 -0.2412822 -0.1126 0.1378903 -0.2412835 -0.1126198 0.1374421 -0.2400325 -0.1126254 0.1374427 -0.2400321 -0.1259154 0.1331831 -0.2373932 -0.1259154 0.1319188 -0.2373932 -0.1258138 0.1319047 -0.2372772 -0.1258138 0.1344521 -0.2375864 -0.125687 0.1332079 -0.2371891 -0.125687 0.1344836 -0.2375035 -0.1258138 0.1331972 -0.2372772 -0.1253889 0.1379148 -0.2439216 -0.1255425 0.1380566 -0.2425995 -0.1253889 0.1380755 -0.2425995 -0.125687 0.1356469 -0.2381141 -0.1255425 0.1345033 -0.2374517 -0.1255425 0.1356785 -0.2380685 -0.1255425 0.136672 -0.2389486 -0.1253889 0.1356893 -0.2380529 -0.1253889 0.1366861 -0.2389361 -0.1259154 0.1344107 -0.2376958 -0.1259856 0.1343618 -0.2378247 -0.1259856 0.1331665 -0.2375301 -0.1258138 0.1355966 -0.2381872 -0.125687 0.1366305 -0.2389854 -0.1255425 0.137426 -0.2400408 -0.1253889 0.1374427 -0.2400321 -0.1259154 0.1355302 -0.2382833 -0.1259856 0.1354519 -0.2383968 -0.1258138 0.136564 -0.2390443 -0.125687 0.1373769 -0.2400667 -0.1255425 0.1378965 -0.2412819 -0.1253889 0.1379148 -0.2412773 -0.1259154 0.1364766 -0.2391217 -0.1259856 0.1363734 -0.2392132 -0.1258138 0.1372982 -0.240108 -0.125687 0.1378428 -0.2412952 -0.125687 0.1380011 -0.2425995 -0.1259154 0.1371948 -0.2401622 -0.1259856 0.1370727 -0.2402263 -0.1258138 0.1377566 -0.2413164 -0.1258138 0.1379124 -0.2425995 -0.1259154 0.1376432 -0.2413444 -0.1259856 0.1375093 -0.2413774 -0.1259856 0.1376577 -0.2425995 -0.1259154 0.1377956 -0.2425995 -0.1255425 0.1378965 -0.2439171 -0.125687 0.1378428 -0.2439038 -0.1255425 0.137426 -0.2451581 -0.1253889 0.1374427 -0.2451668 -0.1258138 0.1377566 -0.2438825 -0.125687 0.1373769 -0.2451324 -0.1255425 0.136672 -0.2462504 -0.1253889 0.1366861 -0.246263 -0.1259154 0.1376432 -0.2438546 -0.1259856 0.1375093 -0.2438216 -0.1258138 0.1372982 -0.2450911 -0.125687 0.1366305 -0.2462137 -0.1255425 0.1356785 -0.2471306 -0.1253889 0.1356893 -0.2471461 -0.1259154 0.1371948 -0.2450368 -0.1259856 0.1370727 -0.2449727 -0.1258138 0.136564 -0.2461548 -0.125687 0.1356469 -0.2470849 -0.1255425 0.1345033 -0.2477474 -0.1253889 0.13451 -0.247765 -0.1259154 0.1364766 -0.2460772 -0.1259856 0.1363734 -0.2459859 -0.1258138 0.1355966 -0.2470118 -0.125687 0.1344836 -0.2476955 -0.1255425 0.1332146 -0.2480649 -0.1253889 0.1332169 -0.2480838 -0.1259154 0.1355302 -0.2469156 -0.1259856 0.1354519 -0.2468022 -0.1258138 0.1344521 -0.2476125 -0.125687 0.1332079 -0.24801 -0.1255425 0.1318873 -0.2480649 -0.1253889 0.1318851 -0.2480838 -0.1259154 0.1344107 -0.2475033 -0.1259856 0.1343618 -0.2473744 -0.1258138 0.1331972 -0.2479218 -0.125687 0.1318939 -0.24801 -0.1255425 0.1305986 -0.2477474 -0.1253889 0.130592 -0.247765 -0.1259154 0.1331831 -0.2478059 -0.1259856 0.1331665 -0.247669 -0.1258138 0.1319047 -0.2479218 -0.125687 0.1306183 -0.2476955 -0.1255425 0.1294234 -0.2471306 -0.1253889 0.1294127 -0.2471461 -0.1259154 0.1319188 -0.2478059 -0.1259856 0.1319354 -0.247669 -0.1258138 0.1306498 -0.2476125 -0.125687 0.1294549 -0.2470849 -0.1255425 0.1284299 -0.2462504 -0.1253889 0.1284158 -0.246263 -0.1259154 0.1306912 -0.2475033 -0.1259856 0.1307401 -0.2473744 -0.1258138 0.1295053 -0.2470118 -0.125687 0.1284715 -0.2462137 -0.1255425 0.127676 -0.2451581 -0.1253889 0.1276593 -0.2451668 -0.1259154 0.1295717 -0.2469156 -0.1259856 0.1296499 -0.2468022 -0.1258138 0.1285379 -0.2461548 -0.125687 0.1277251 -0.2451324 -0.1255425 0.1272053 -0.2439171 -0.1253889 0.127187 -0.2439216 -0.1259154 0.1286254 -0.2460772 -0.1259856 0.1287286 -0.2459859 -0.1258138 0.1278037 -0.2450911 -0.125687 0.1272591 -0.2439038 -0.1255425 0.1270453 -0.2425995 -0.1253889 0.1270264 -0.2425995 -0.1259154 0.127907 -0.2450368 -0.1259856 0.1280292 -0.2449727 -0.1258138 0.1273454 -0.2438825 -0.125687 0.1271008 -0.2425995 -0.1255425 0.1272053 -0.2412819 -0.1253889 0.127187 -0.2412773 -0.1259154 0.1274588 -0.2438546 -0.1259856 0.1275927 -0.2438216 -0.1258138 0.1271896 -0.2425995 -0.125687 0.1272591 -0.2412952 -0.1255425 0.127676 -0.2400408 -0.1253889 0.1276593 -0.2400321 -0.1259154 0.1273064 -0.2425995 -0.1259856 0.1274443 -0.2425995 -0.1258138 0.1273454 -0.2413164 -0.125687 0.1277251 -0.2400667 -0.1255425 0.1284299 -0.2389486 -0.1253889 0.1284158 -0.2389361 -0.1259154 0.1274588 -0.2413444 -0.1259856 0.1275927 -0.2413774 -0.1258138 0.1278037 -0.240108 -0.125687 0.1284715 -0.2389854 -0.1255425 0.1294234 -0.2380685 -0.1253889 0.1294127 -0.2380529 -0.1259154 0.127907 -0.2401622 -0.1259856 0.1280292 -0.2402263 -0.1258138 0.1285379 -0.2390443 -0.125687 0.1294549 -0.2381141 -0.1255425 0.1305986 -0.2374517 -0.1253889 0.130592 -0.237434 -0.1259154 0.1286254 -0.2391217 -0.1259856 0.1287286 -0.2392132 -0.1258138 0.1295053 -0.2381872 -0.125687 0.1306183 -0.2375035 -0.1255425 0.1318873 -0.237134 -0.1253889 0.1318851 -0.2371153 -0.1259154 0.1295717 -0.2382833 -0.1259856 0.1296499 -0.2383968 -0.1258138 0.1306498 -0.2375864 -0.125687 0.1318939 -0.2371891 -0.1255425 0.1332146 -0.237134 -0.1253889 0.1332169 -0.2371153 -0.1259154 0.1306912 -0.2376958 -0.1259856 0.1307401 -0.2378247 -0.1253889 0.13451 -0.237434 -0.1259856 0.1319354 -0.2375301 -0.1274444 0.1316225 -0.2421122 -0.1274487 0.1316877 -0.2421465 -0.1274487 0.1316044 -0.2423662 -0.1274444 0.1333359 -0.2432949 -0.1274444 0.1334795 -0.2430868 -0.1274316 0.1335439 -0.2431206 -0.1274487 0.1334142 -0.2430526 -0.1274316 0.1333903 -0.2433431 -0.1274444 0.1315328 -0.2423486 -0.1274316 0.1314622 -0.2423312 -0.1274316 0.1315581 -0.2420784 -0.1274316 0.1329486 -0.2436479 -0.1274316 0.133188 -0.2435224 -0.1274104 0.1332281 -0.2435806 -0.1274104 0.1329737 -0.2437141 -0.1274316 0.131914 -0.2416767 -0.1274316 0.1317116 -0.2418559 -0.1274104 0.1316587 -0.241809 -0.1274444 0.1331467 -0.2434625 -0.1274487 0.1331048 -0.2434019 -0.1274487 0.1332806 -0.243246 -0.1274104 0.1318738 -0.2416185 -0.1274444 0.1317661 -0.2419041 -0.1274487 0.1318213 -0.241953 -0.1274316 0.1321533 -0.2415511 -0.1274316 0.1326861 -0.2437127 -0.1274104 0.1326947 -0.2437829 -0.1274444 0.1329228 -0.24358 -0.1274487 0.1328967 -0.2435111 -0.1274104 0.1321282 -0.2414849 -0.1274444 0.1319553 -0.2417365 -0.1274487 0.1319972 -0.2417972 -0.1274316 0.1324158 -0.2414864 -0.1274316 0.1324158 -0.2437127 -0.1274104 0.1324073 -0.2437829 -0.1274444 0.1326774 -0.2436405 -0.1274487 0.1326684 -0.2435673 -0.1274104 0.1324073 -0.241416 -0.1274444 0.1321791 -0.2416191 -0.1274487 0.1322053 -0.241688 -0.1274316 0.1326861 -0.2414864 -0.1274316 0.1321533 -0.2436479 -0.1274104 0.1321282 -0.2437141 -0.1274444 0.1324246 -0.2436405 -0.1274104 0.1326947 -0.241416 -0.1274487 0.1324335 -0.2435673 -0.1274444 0.1324246 -0.2415586 -0.1274487 0.1324335 -0.2416317 -0.1274316 0.131914 -0.2435224 -0.1274104 0.1318738 -0.2435806 -0.1274316 0.1329486 -0.2415511 -0.1274444 0.1321791 -0.24358 -0.1274487 0.1322053 -0.2435111 -0.1274104 0.1329737 -0.2414849 -0.1274444 0.1326774 -0.2415586 -0.1274487 0.1326684 -0.2416317 -0.1274316 0.133188 -0.2416767 -0.1274316 0.1317116 -0.2433431 -0.1274104 0.1316587 -0.24339 -0.1274444 0.1319553 -0.2434625 -0.1274487 0.1319972 -0.2434019 -0.1274104 0.1332281 -0.2416185 -0.1274444 0.1329228 -0.2416191 -0.1274487 0.1328967 -0.241688 -0.1274316 0.1315581 -0.2431206 -0.1274104 0.1314954 -0.2431535 -0.1274316 0.1333903 -0.2418559 -0.1274444 0.1317661 -0.2432949 -0.1274104 0.1334432 -0.241809 -0.1274487 0.1318213 -0.243246 -0.1274444 0.1331467 -0.2417365 -0.1274487 0.1331048 -0.2417972 -0.1274316 0.1314622 -0.2428679 -0.1274104 0.1313935 -0.2428848 -0.1274316 0.1335439 -0.2420784 -0.1274444 0.1316225 -0.2430868 -0.1274487 0.1316877 -0.2430526 -0.1274104 0.1336065 -0.2420455 -0.1274444 0.1333359 -0.2419041 -0.1274487 0.1332806 -0.241953 -0.1274316 0.1314296 -0.2425995 -0.1274104 0.1313589 -0.2425995 -0.1274316 0.1336397 -0.2423312 -0.1274104 0.1337084 -0.2423142 -0.1274104 0.1337431 -0.2425995 -0.1274316 0.1336397 -0.2428679 -0.1274316 0.1336722 -0.2425995 -0.1274444 0.1315328 -0.2428505 -0.1274487 0.1316044 -0.2428328 -0.1274104 0.1337084 -0.2428848 -0.1274444 0.1334795 -0.2421122 -0.1274487 0.1334142 -0.2421465 -0.1274104 0.1336065 -0.2431535 -0.1274444 0.1335691 -0.2423486 -0.1274487 0.1334975 -0.2423662 -0.1274487 0.1335259 -0.2425995 -0.1274444 0.1335691 -0.2428505 -0.1274487 0.1334975 -0.2428328 -0.1274104 0.1313935 -0.2423142 -0.1274444 0.1335996 -0.2425995 -0.1274444 0.1315024 -0.2425995 -0.1274487 0.1315761 -0.2425995 -0.1274104 0.1334432 -0.24339 -0.1274104 0.1314954 -0.2420455 -0.1126 0.1352564 -0.2386801 -0.1126 0.1342398 -0.2381465 -0.1252999 0.1352564 -0.2386801 -0.1252999 0.1342398 -0.2381465 -0.1126 0.133125 -0.2378717 -0.1252999 0.133125 -0.2378717 -0.1252999 0.1277885 -0.2425995 -0.1126 0.1277885 -0.2425995 -0.1252999 0.1279269 -0.2437393 -0.1126 0.1319769 -0.2378717 -0.1252999 0.1319769 -0.2378717 -0.1126 0.1279269 -0.2437393 -0.1126 0.1308622 -0.2381465 -0.1252999 0.1308622 -0.2381465 -0.1126 0.128334 -0.2448128 -0.1252999 0.128334 -0.2448128 -0.1252999 0.1289862 -0.2457576 -0.1126 0.1298456 -0.2386801 -0.1252999 0.1298456 -0.2386801 -0.1126 0.1289862 -0.2457576 -0.1126 0.1289862 -0.2394414 -0.1252999 0.1289862 -0.2394414 -0.1126 0.1298456 -0.246519 -0.1252999 0.1298456 -0.246519 -0.1252999 0.1308622 -0.2470525 -0.1126 0.128334 -0.2403863 -0.1252999 0.128334 -0.2403863 -0.1126 0.1308622 -0.2470525 -0.1252999 0.1319769 -0.2473273 -0.1126 0.1279269 -0.2414598 -0.1252999 0.1279269 -0.2414598 -0.1126 0.1319769 -0.2473273 -0.1126 0.133125 -0.2473273 -0.1252999 0.133125 -0.2473273 -0.1252999 0.1342398 -0.2470525 -0.1126 0.1342398 -0.2470525 -0.1252999 0.1352564 -0.246519 -0.1126 0.1352564 -0.246519 -0.1252999 0.1361158 -0.2457576 -0.1126 0.1361158 -0.2457576 -0.1126 0.136768 -0.2448128 -0.1252999 0.136768 -0.2448128 -0.1126 0.1371751 -0.2437393 -0.1252999 0.1371751 -0.2437393 -0.1126 0.1373135 -0.2425995 -0.1252999 0.1373135 -0.2425995 -0.1126 0.1371751 -0.2414598 -0.1252999 0.1371751 -0.2414598 -0.1126 0.136768 -0.2403863 -0.1252999 0.136768 -0.2403863 -0.1126 0.1361158 -0.2394414 -0.1252999 0.1361158 -0.2394414 0.1120096 -0.136182 -0.2389398 0.1120096 -0.1369377 -0.2400346 0.1120144 -0.1369404 -0.2400333 0.1120144 -0.1361842 -0.2389378 0.1120055 -0.136179 -0.2389424 0.1120055 -0.1369342 -0.2400366 0.1120025 -0.1361754 -0.2389456 0.1120025 -0.1369299 -0.2400388 0.1120006 -0.1361713 -0.2389492 0.112 -0.1361671 -0.2389529 0.112 -0.1369202 -0.2400439 0.1120006 -0.1369252 -0.2400413 0.1120197 -0.1351889 -0.2380535 0.1120254 -0.1361861 -0.2389361 0.1120254 -0.1351892 -0.2380529 0.1120197 -0.1361856 -0.2389365 0.1120144 -0.1351878 -0.238055 0.1120096 -0.1351861 -0.2380575 0.1120055 -0.1351838 -0.2380608 0.1120025 -0.1351811 -0.2380648 0.1120006 -0.135178 -0.2380692 0.112 -0.1351748 -0.2380739 0.1120197 -0.1340098 -0.2374346 0.1120254 -0.13401 -0.237434 0.1120144 -0.1340091 -0.2374364 0.1120096 -0.134008 -0.2374392 0.1120055 -0.1340066 -0.237443 0.1120025 -0.1340049 -0.2374475 0.1120006 -0.134003 -0.2374525 0.112 -0.134001 -0.2374578 0.1120197 -0.1327168 -0.2371159 0.1120254 -0.1327168 -0.2371153 0.1120144 -0.1327165 -0.2371178 0.1120096 -0.1327162 -0.2371208 0.1120055 -0.1327157 -0.2371248 0.1120025 -0.1327151 -0.2371296 0.1120006 -0.1327145 -0.2371349 0.112 -0.1327137 -0.2371405 0.1120197 -0.1313851 -0.2371159 0.1120254 -0.1313851 -0.2371153 0.1120144 -0.1313854 -0.2371178 0.1120096 -0.1313857 -0.2371208 0.1120055 -0.1313862 -0.2371248 0.1120025 -0.1313868 -0.2371296 0.1120006 -0.1313875 -0.2371349 0.112 -0.1313881 -0.2371405 0.1120197 -0.1300922 -0.2374346 0.1120254 -0.130092 -0.237434 0.1120144 -0.1300927 -0.2374364 0.1120096 -0.1300939 -0.2374392 0.1120055 -0.1300954 -0.237443 0.1120025 -0.1300971 -0.2374475 0.1120006 -0.1300989 -0.2374525 0.112 -0.130101 -0.2374578 0.1120197 -0.1289131 -0.2380535 0.1120254 -0.1289127 -0.2380529 0.1120144 -0.1289141 -0.238055 0.1120096 -0.1289158 -0.2380575 0.1120055 -0.1289181 -0.2380608 0.1120197 -0.1265271 -0.2425995 0.1120254 -0.126687 -0.2412773 0.1120254 -0.1265265 -0.2425995 0.1120025 -0.1289209 -0.2380648 0.1120006 -0.1289239 -0.2380692 0.112 -0.1289271 -0.2380739 0.1120197 -0.1279163 -0.2389365 0.1120254 -0.1279157 -0.2389361 0.1120144 -0.1279177 -0.2389378 0.1120096 -0.12792 -0.2389398 0.1120197 -0.1266876 -0.2439215 0.1120254 -0.126687 -0.2439216 0.1120055 -0.127923 -0.2389424 0.1120144 -0.1266894 -0.243921 0.1120144 -0.126529 -0.2425995 0.1120025 -0.1279266 -0.2389456 0.1120096 -0.1266924 -0.2439203 0.1120096 -0.126532 -0.2425995 0.1120006 -0.1279306 -0.2389492 0.112 -0.1279348 -0.2389529 0.1120055 -0.1266963 -0.2439193 0.1120055 -0.126536 -0.2425995 0.1120197 -0.1271598 -0.2400325 0.1120025 -0.1267009 -0.2439182 0.1120025 -0.1265408 -0.2425995 0.1120254 -0.1271592 -0.2400321 0.1120144 -0.1271615 -0.2400333 0.1120006 -0.1267062 -0.2439169 0.112 -0.1267117 -0.2439154 0.112 -0.1265519 -0.2425995 0.1120006 -0.1265462 -0.2425995 0.1120197 -0.1271598 -0.2451665 0.1120096 -0.1271642 -0.2400346 0.1120254 -0.1271592 -0.2451668 0.1120144 -0.1271615 -0.2451657 0.1120055 -0.1271677 -0.2400366 0.1120025 -0.1271719 -0.2400388 0.1120096 -0.1271642 -0.2451643 0.1120006 -0.1271768 -0.2400413 0.112 -0.1271818 -0.2400439 0.1120055 -0.1271677 -0.2451624 0.1120197 -0.1266876 -0.2412776 0.1120025 -0.1271719 -0.2451602 0.1120006 -0.1271768 -0.2451577 0.112 -0.1271818 -0.245155 0.1120144 -0.1266894 -0.2412779 0.1120197 -0.1279163 -0.2462625 0.1120254 -0.1279157 -0.246263 0.1120096 -0.1266924 -0.2412787 0.1120144 -0.1279177 -0.2462612 0.1120055 -0.1266963 -0.2412797 0.1120096 -0.12792 -0.2462593 0.1120025 -0.1267009 -0.2412809 0.1120055 -0.127923 -0.2462566 0.1120006 -0.1267062 -0.2412822 0.112 -0.1267117 -0.2412835 0.1120025 -0.1279266 -0.2462534 0.1120006 -0.1279306 -0.2462498 0.112 -0.1279348 -0.246246 0.1120197 -0.1289131 -0.2471456 0.1120254 -0.1289127 -0.2471461 0.1120144 -0.1289141 -0.247144 0.1120096 -0.1289158 -0.2471415 0.1120055 -0.1289181 -0.2471382 0.1120025 -0.1289209 -0.2471343 0.1120006 -0.1289239 -0.2471299 0.112 -0.1289271 -0.2471252 0.1120197 -0.1300922 -0.2477644 0.1120254 -0.130092 -0.247765 0.1120144 -0.1300927 -0.2477627 0.1120096 -0.1300939 -0.2477598 0.1120055 -0.1300954 -0.2477561 0.1120025 -0.1300971 -0.2477516 0.1120006 -0.1300989 -0.2477466 0.112 -0.130101 -0.2477413 0.1120197 -0.1313851 -0.2480831 0.1120254 -0.1313851 -0.2480838 0.1120144 -0.1313854 -0.2480813 0.1120096 -0.1313857 -0.2480782 0.1120055 -0.1313862 -0.2480742 0.1120025 -0.1313868 -0.2480695 0.1120006 -0.1313875 -0.2480641 0.112 -0.1313881 -0.2480584 0.1120197 -0.1327168 -0.2480831 0.1120254 -0.1327168 -0.2480838 0.1120144 -0.1327165 -0.2480813 0.1120096 -0.1327162 -0.2480782 0.1120055 -0.1327157 -0.2480742 0.1120025 -0.1327151 -0.2480695 0.1120006 -0.1327145 -0.2480641 0.112 -0.1327137 -0.2480584 0.1120197 -0.1340098 -0.2477644 0.1120254 -0.13401 -0.247765 0.1120144 -0.1340091 -0.2477627 0.1120096 -0.134008 -0.2477598 0.1120055 -0.1340066 -0.2477561 0.1120025 -0.1340049 -0.2477516 0.1120006 -0.134003 -0.2477466 0.112 -0.134001 -0.2477413 0.1120197 -0.1351889 -0.2471456 0.1120254 -0.1351892 -0.2471461 0.1120144 -0.1351878 -0.247144 0.1120096 -0.1351861 -0.2471415 0.1120055 -0.1351838 -0.2471382 0.1120025 -0.1351811 -0.2471343 0.1120006 -0.135178 -0.2471299 0.112 -0.1351748 -0.2471252 0.1120197 -0.1361856 -0.2462625 0.1120254 -0.1361861 -0.246263 0.1120144 -0.1361842 -0.2462612 0.1120096 -0.136182 -0.2462593 0.1120055 -0.136179 -0.2462566 0.1120025 -0.1361754 -0.2462534 0.1120006 -0.1361713 -0.2462498 0.112 -0.1361671 -0.246246 0.1120197 -0.1369421 -0.2451665 0.1120254 -0.1369427 -0.2451668 0.1120144 -0.1369404 -0.2451657 0.1120096 -0.1369377 -0.2451643 0.1120055 -0.1369342 -0.2451624 0.1120025 -0.1369299 -0.2451602 0.1120006 -0.1369252 -0.2451577 0.112 -0.1369202 -0.245155 0.1120197 -0.1374143 -0.2439215 0.1120254 -0.1374149 -0.2439216 0.1120144 -0.1374125 -0.243921 0.1120096 -0.1374096 -0.2439203 0.1120055 -0.1374057 -0.2439193 0.1120025 -0.137401 -0.2439182 0.1120006 -0.1373957 -0.2439169 0.112 -0.1373903 -0.2439154 0.1120197 -0.1375748 -0.2425995 0.1120254 -0.1375755 -0.2425995 0.1120144 -0.137573 -0.2425995 0.1120096 -0.1375699 -0.2425995 0.1120055 -0.1375659 -0.2425995 0.1120025 -0.1375611 -0.2425995 0.1120006 -0.1375557 -0.2425995 0.112 -0.1375501 -0.2425995 0.1120197 -0.1374143 -0.2412776 0.1120254 -0.1374149 -0.2412773 0.1120144 -0.1374125 -0.2412779 0.1120096 -0.1374096 -0.2412787 0.1120055 -0.1374057 -0.2412797 0.1120025 -0.137401 -0.2412809 0.1120006 -0.1373957 -0.2412822 0.112 -0.1373903 -0.2412835 0.1120197 -0.1369421 -0.2400325 0.1120254 -0.1369427 -0.2400321 0.1253154 -0.132683 -0.2373932 0.1253154 -0.1314188 -0.2373932 0.1252138 -0.1314046 -0.2372772 0.1252138 -0.1339521 -0.2375864 0.125087 -0.1327079 -0.2371891 0.125087 -0.1339836 -0.2375035 0.1252138 -0.1326972 -0.2372772 0.1247889 -0.1374149 -0.2439216 0.1249425 -0.1375566 -0.2425995 0.1247889 -0.1375755 -0.2425995 0.125087 -0.135147 -0.2381141 0.1249425 -0.1340033 -0.2374517 0.1249425 -0.1351785 -0.2380685 0.1249425 -0.1361719 -0.2389486 0.1247889 -0.1351892 -0.2380529 0.1247889 -0.1361861 -0.2389361 0.1253154 -0.1339107 -0.2376958 0.1253856 -0.1338618 -0.2378247 0.1253856 -0.1326665 -0.2375301 0.1252138 -0.1350966 -0.2381872 0.125087 -0.1361305 -0.2389854 0.1249425 -0.1369259 -0.2400408 0.1247889 -0.1369427 -0.2400321 0.1253154 -0.1350302 -0.2382833 0.1253856 -0.1349519 -0.2383968 0.1252138 -0.1360639 -0.2390443 0.125087 -0.1368769 -0.2400667 0.1249425 -0.1373966 -0.2412819 0.1247889 -0.1374149 -0.2412773 0.1253154 -0.1359766 -0.2391217 0.1253856 -0.1358734 -0.2392132 0.1252138 -0.1367982 -0.240108 0.125087 -0.1373428 -0.2412952 0.125087 -0.1375011 -0.2425995 0.1253154 -0.1366948 -0.2401622 0.1253856 -0.1365727 -0.2402263 0.1252138 -0.1372566 -0.2413164 0.1252138 -0.1374124 -0.2425995 0.1253154 -0.1371431 -0.2413444 0.1253856 -0.1370093 -0.2413774 0.1253856 -0.1371577 -0.2425995 0.1253154 -0.1372956 -0.2425995 0.1249425 -0.1373966 -0.2439171 0.125087 -0.1373428 -0.2439038 0.1249425 -0.1369259 -0.2451581 0.1247889 -0.1369427 -0.2451668 0.1252138 -0.1372566 -0.2438825 0.125087 -0.1368769 -0.2451324 0.1249425 -0.1361719 -0.2462504 0.1247889 -0.1361861 -0.246263 0.1253154 -0.1371431 -0.2438546 0.1253856 -0.1370093 -0.2438216 0.1252138 -0.1367982 -0.2450911 0.125087 -0.1361305 -0.2462137 0.1249425 -0.1351785 -0.2471306 0.1247889 -0.1351892 -0.2471461 0.1253154 -0.1366948 -0.2450368 0.1253856 -0.1365727 -0.2449727 0.1252138 -0.1360639 -0.2461548 0.125087 -0.135147 -0.2470849 0.1249425 -0.1340033 -0.2477474 0.1247889 -0.13401 -0.247765 0.1253154 -0.1359766 -0.2460772 0.1253856 -0.1358734 -0.2459859 0.1252138 -0.1350966 -0.2470118 0.125087 -0.1339836 -0.2476955 0.1249425 -0.1327146 -0.2480649 0.1247889 -0.1327168 -0.2480838 0.1253154 -0.1350302 -0.2469156 0.1253856 -0.1349519 -0.2468022 0.1252138 -0.1339521 -0.2476125 0.125087 -0.1327079 -0.24801 0.1249425 -0.1313873 -0.2480649 0.1247889 -0.1313851 -0.2480838 0.1253154 -0.1339107 -0.2475033 0.1253856 -0.1338618 -0.2473744 0.1252138 -0.1326972 -0.2479218 0.125087 -0.131394 -0.24801 0.1249425 -0.1300986 -0.2477474 0.1247889 -0.130092 -0.247765 0.1253154 -0.132683 -0.2478059 0.1253856 -0.1326665 -0.247669 0.1252138 -0.1314046 -0.2479218 0.125087 -0.1301183 -0.2476955 0.1249425 -0.1289234 -0.2471306 0.1247889 -0.1289127 -0.2471461 0.1253154 -0.1314188 -0.2478059 0.1253856 -0.1314353 -0.247669 0.1252138 -0.1301498 -0.2476125 0.125087 -0.1289549 -0.2470849 0.1249425 -0.1279299 -0.2462504 0.1247889 -0.1279157 -0.246263 0.1253154 -0.1301912 -0.2475033 0.1253856 -0.1302401 -0.2473744 0.1252138 -0.1290054 -0.2470118 0.125087 -0.1279715 -0.2462137 0.1249425 -0.127176 -0.2451581 0.1247889 -0.1271592 -0.2451668 0.1253154 -0.1290717 -0.2469156 0.1253856 -0.12915 -0.2468022 0.1252138 -0.1280379 -0.2461548 0.125087 -0.1272251 -0.2451324 0.1249425 -0.1267053 -0.2439171 0.1247889 -0.126687 -0.2439216 0.1253154 -0.1281254 -0.2460772 0.1253856 -0.1282286 -0.2459859 0.1252138 -0.1273037 -0.2450911 0.125087 -0.1267592 -0.2439038 0.1249425 -0.1265453 -0.2425995 0.1247889 -0.1265265 -0.2425995 0.1253154 -0.1274071 -0.2450368 0.1253856 -0.1275292 -0.2449727 0.1252138 -0.1268454 -0.2438825 0.125087 -0.1266008 -0.2425995 0.1249425 -0.1267053 -0.2412819 0.1247889 -0.126687 -0.2412773 0.1253154 -0.1269588 -0.2438546 0.1253856 -0.1270927 -0.2438216 0.1252138 -0.1266896 -0.2425995 0.125087 -0.1267592 -0.2412952 0.1249425 -0.127176 -0.2400408 0.1247889 -0.1271592 -0.2400321 0.1253154 -0.1268064 -0.2425995 0.1253856 -0.1269443 -0.2425995 0.1252138 -0.1268454 -0.2413164 0.125087 -0.1272251 -0.2400667 0.1249425 -0.1279299 -0.2389486 0.1247889 -0.1279157 -0.2389361 0.1253154 -0.1269588 -0.2413444 0.1253856 -0.1270927 -0.2413774 0.1252138 -0.1273037 -0.240108 0.125087 -0.1279715 -0.2389854 0.1249425 -0.1289234 -0.2380685 0.1247889 -0.1289127 -0.2380529 0.1253154 -0.1274071 -0.2401622 0.1253856 -0.1275292 -0.2402263 0.1252138 -0.1280379 -0.2390443 0.125087 -0.1289549 -0.2381141 0.1249425 -0.1300986 -0.2374517 0.1247889 -0.130092 -0.237434 0.1253154 -0.1281254 -0.2391217 0.1253856 -0.1282286 -0.2392132 0.1252138 -0.1290054 -0.2381872 0.125087 -0.1301183 -0.2375035 0.1249425 -0.1313873 -0.237134 0.1247889 -0.1313851 -0.2371153 0.1253154 -0.1290717 -0.2382833 0.1253856 -0.12915 -0.2383968 0.1252138 -0.1301498 -0.2375864 0.125087 -0.131394 -0.2371891 0.1249425 -0.1327146 -0.237134 0.1247889 -0.1327168 -0.2371153 0.1253154 -0.1301912 -0.2376958 0.1253856 -0.1302401 -0.2378247 0.1247889 -0.13401 -0.237434 0.1253856 -0.1314353 -0.2375301 0.1268444 -0.1311225 -0.2421122 0.1268486 -0.1311877 -0.2421465 0.1268486 -0.1311044 -0.2423662 0.1268444 -0.1328359 -0.2432949 0.1268444 -0.1329795 -0.2430868 0.1268316 -0.1330439 -0.2431206 0.1268486 -0.1329142 -0.2430526 0.1268316 -0.1328903 -0.2433431 0.1268444 -0.1310328 -0.2423486 0.1268316 -0.1309622 -0.2423312 0.1268316 -0.131058 -0.2420784 0.1268316 -0.1324486 -0.2436479 0.1268316 -0.132688 -0.2435224 0.1268104 -0.132728 -0.2435806 0.1268104 -0.1324737 -0.2437141 0.1268316 -0.1314139 -0.2416767 0.1268316 -0.1312116 -0.2418559 0.1268104 -0.1311587 -0.241809 0.1268444 -0.1326467 -0.2434625 0.1268486 -0.1326048 -0.2434019 0.1268486 -0.1327807 -0.243246 0.1268104 -0.1313738 -0.2416185 0.1268444 -0.1312661 -0.2419041 0.1268486 -0.1313213 -0.241953 0.1268316 -0.1316533 -0.2415511 0.1268316 -0.1321861 -0.2437127 0.1268104 -0.1321946 -0.2437829 0.1268444 -0.1324228 -0.24358 0.1268486 -0.1323966 -0.2435111 0.1268104 -0.1316283 -0.2414849 0.1268444 -0.1314553 -0.2417365 0.1268486 -0.1314972 -0.2417972 0.1268316 -0.1319158 -0.2414864 0.1268316 -0.1319158 -0.2437127 0.1268104 -0.1319073 -0.2437829 0.1268444 -0.1321774 -0.2436405 0.1268486 -0.1321685 -0.2435673 0.1268104 -0.1319073 -0.241416 0.1268444 -0.1316791 -0.2416191 0.1268486 -0.1317053 -0.241688 0.1268316 -0.1321861 -0.2414864 0.1268316 -0.1316533 -0.2436479 0.1268104 -0.1316283 -0.2437141 0.1268444 -0.1319246 -0.2436405 0.1268104 -0.1321946 -0.241416 0.1268486 -0.1319335 -0.2435673 0.1268444 -0.1319246 -0.2415586 0.1268486 -0.1319335 -0.2416317 0.1268316 -0.1314139 -0.2435224 0.1268104 -0.1313738 -0.2435806 0.1268316 -0.1324486 -0.2415511 0.1268444 -0.1316791 -0.24358 0.1268486 -0.1317053 -0.2435111 0.1268104 -0.1324737 -0.2414849 0.1268444 -0.1321774 -0.2415586 0.1268486 -0.1321685 -0.2416317 0.1268316 -0.132688 -0.2416767 0.1268316 -0.1312116 -0.2433431 0.1268104 -0.1311587 -0.24339 0.1268444 -0.1314553 -0.2434625 0.1268486 -0.1314972 -0.2434019 0.1268104 -0.132728 -0.2416185 0.1268444 -0.1324228 -0.2416191 0.1268486 -0.1323966 -0.241688 0.1268316 -0.131058 -0.2431206 0.1268104 -0.1309954 -0.2431535 0.1268316 -0.1328903 -0.2418559 0.1268444 -0.1312661 -0.2432949 0.1268104 -0.1329433 -0.241809 0.1268486 -0.1313213 -0.243246 0.1268444 -0.1326467 -0.2417365 0.1268486 -0.1326048 -0.2417972 0.1268316 -0.1309622 -0.2428679 0.1268104 -0.1308935 -0.2428848 0.1268316 -0.1330439 -0.2420784 0.1268444 -0.1311225 -0.2430868 0.1268486 -0.1311877 -0.2430526 0.1268104 -0.1331065 -0.2420455 0.1268444 -0.1328359 -0.2419041 0.1268486 -0.1327807 -0.241953 0.1268316 -0.1309296 -0.2425995 0.1268104 -0.1308588 -0.2425995 0.1268316 -0.1331397 -0.2423312 0.1268104 -0.1332084 -0.2423142 0.1268104 -0.1332431 -0.2425995 0.1268316 -0.1331397 -0.2428679 0.1268316 -0.1331723 -0.2425995 0.1268444 -0.1310328 -0.2428505 0.1268486 -0.1311044 -0.2428328 0.1268104 -0.1332084 -0.2428848 0.1268444 -0.1329795 -0.2421122 0.1268486 -0.1329142 -0.2421465 0.1268104 -0.1331065 -0.2431535 0.1268444 -0.133069 -0.2423486 0.1268486 -0.1329975 -0.2423662 0.1268486 -0.1330259 -0.2425995 0.1268444 -0.133069 -0.2428505 0.1268486 -0.1329975 -0.2428328 0.1268104 -0.1308935 -0.2423142 0.1268444 -0.1330996 -0.2425995 0.1268444 -0.1310024 -0.2425995 0.1268486 -0.131076 -0.2425995 0.1268104 -0.1329433 -0.24339 0.1268104 -0.1309954 -0.2420455 0.112 -0.1347564 -0.2386801 0.112 -0.1337398 -0.2381465 0.1247 -0.1347564 -0.2386801 0.1247 -0.1337398 -0.2381465 0.112 -0.132625 -0.2378717 0.1247 -0.132625 -0.2378717 0.1247 -0.1272885 -0.2425995 0.112 -0.1272885 -0.2425995 0.1247 -0.1274269 -0.2437393 0.112 -0.1314769 -0.2378717 0.1247 -0.1314769 -0.2378717 0.112 -0.1274269 -0.2437393 0.112 -0.1303622 -0.2381465 0.1247 -0.1303622 -0.2381465 0.112 -0.127834 -0.2448128 0.1247 -0.127834 -0.2448128 0.1247 -0.1284862 -0.2457576 0.112 -0.1293455 -0.2386801 0.1247 -0.1293455 -0.2386801 0.112 -0.1284862 -0.2457576 0.112 -0.1284862 -0.2394414 0.1247 -0.1284862 -0.2394414 0.112 -0.1293455 -0.246519 0.1247 -0.1293455 -0.246519 0.1247 -0.1303622 -0.2470525 0.112 -0.127834 -0.2403863 0.1247 -0.127834 -0.2403863 0.112 -0.1303622 -0.2470525 0.1247 -0.1314769 -0.2473273 0.112 -0.1274269 -0.2414598 0.1247 -0.1274269 -0.2414598 0.112 -0.1314769 -0.2473273 0.112 -0.132625 -0.2473273 0.1247 -0.132625 -0.2473273 0.1247 -0.1337398 -0.2470525 0.112 -0.1337398 -0.2470525 0.1247 -0.1347564 -0.246519 0.112 -0.1347564 -0.246519 0.1247 -0.1356158 -0.2457576 0.112 -0.1356158 -0.2457576 0.112 -0.136268 -0.2448128 0.1247 -0.136268 -0.2448128 0.112 -0.1366751 -0.2437393 0.1247 -0.1366751 -0.2437393 0.112 -0.1368135 -0.2425995 0.1247 -0.1368135 -0.2425995 0.112 -0.1366751 -0.2414598 0.1247 -0.1366751 -0.2414598 0.112 -0.136268 -0.2403863 0.1247 -0.136268 -0.2403863 0.112 -0.1356158 -0.2394414 0.1247 -0.1356158 -0.2394414 -0.1126096 -0.12792 -0.2389398 -0.1126096 -0.1271642 -0.2400346 -0.1126144 -0.1271615 -0.2400333 -0.1126144 -0.1279177 -0.2389378 -0.1126055 -0.127923 -0.2389424 -0.1126055 -0.1271677 -0.2400366 -0.1126025 -0.1279266 -0.2389456 -0.1126025 -0.1271719 -0.2400388 -0.1126006 -0.1279306 -0.2389492 -0.1126 -0.1279348 -0.2389529 -0.1126 -0.1271818 -0.2400439 -0.1126006 -0.1271768 -0.2400413 -0.1126198 -0.1289131 -0.2380535 -0.1126254 -0.1279157 -0.2389361 -0.1126254 -0.1289127 -0.2380529 -0.1126198 -0.1279163 -0.2389365 -0.1126144 -0.1289141 -0.238055 -0.1126096 -0.1289158 -0.2380575 -0.1126055 -0.1289181 -0.2380608 -0.1126025 -0.1289209 -0.2380648 -0.1126006 -0.1289239 -0.2380692 -0.1126 -0.1289271 -0.2380739 -0.1126198 -0.1300922 -0.2374346 -0.1126254 -0.130092 -0.237434 -0.1126144 -0.1300927 -0.2374364 -0.1126096 -0.1300939 -0.2374392 -0.1126055 -0.1300954 -0.237443 -0.1126025 -0.1300971 -0.2374475 -0.1126006 -0.1300989 -0.2374525 -0.1126 -0.130101 -0.2374578 -0.1126198 -0.1313851 -0.2371159 -0.1126254 -0.1313851 -0.2371153 -0.1126144 -0.1313854 -0.2371178 -0.1126096 -0.1313857 -0.2371208 -0.1126055 -0.1313862 -0.2371248 -0.1126025 -0.1313868 -0.2371296 -0.1126006 -0.1313875 -0.2371349 -0.1126 -0.1313881 -0.2371405 -0.1126198 -0.1327168 -0.2371159 -0.1126254 -0.1327168 -0.2371153 -0.1126144 -0.1327165 -0.2371178 -0.1126096 -0.1327162 -0.2371208 -0.1126055 -0.1327157 -0.2371248 -0.1126025 -0.1327151 -0.2371296 -0.1126006 -0.1327145 -0.2371349 -0.1126 -0.1327137 -0.2371405 -0.1126198 -0.1340098 -0.2374346 -0.1126254 -0.13401 -0.237434 -0.1126144 -0.1340091 -0.2374364 -0.1126096 -0.134008 -0.2374392 -0.1126055 -0.1340066 -0.237443 -0.1126025 -0.1340049 -0.2374475 -0.1126006 -0.134003 -0.2374525 -0.1126 -0.134001 -0.2374578 -0.1126198 -0.1351889 -0.2380535 -0.1126254 -0.1351892 -0.2380529 -0.1126144 -0.1351878 -0.238055 -0.1126096 -0.1351861 -0.2380575 -0.1126055 -0.1351838 -0.2380608 -0.1126198 -0.1375748 -0.2425995 -0.1126254 -0.1374149 -0.2412773 -0.1126254 -0.1375755 -0.2425995 -0.1126025 -0.1351811 -0.2380648 -0.1126006 -0.135178 -0.2380692 -0.1126 -0.1351748 -0.2380739 -0.1126198 -0.1361856 -0.2389365 -0.1126254 -0.1361861 -0.2389361 -0.1126144 -0.1361842 -0.2389378 -0.1126096 -0.136182 -0.2389398 -0.1126198 -0.1374143 -0.2439215 -0.1126254 -0.1374149 -0.2439216 -0.1126055 -0.136179 -0.2389424 -0.1126144 -0.1374125 -0.243921 -0.1126144 -0.137573 -0.2425995 -0.1126025 -0.1361754 -0.2389456 -0.1126096 -0.1374096 -0.2439203 -0.1126096 -0.1375699 -0.2425995 -0.1126006 -0.1361713 -0.2389492 -0.1126 -0.1361671 -0.2389529 -0.1126055 -0.1374057 -0.2439193 -0.1126055 -0.1375659 -0.2425995 -0.1126198 -0.1369421 -0.2400325 -0.1126025 -0.137401 -0.2439182 -0.1126025 -0.1375611 -0.2425995 -0.1126254 -0.1369427 -0.2400321 -0.1126144 -0.1369404 -0.2400333 -0.1126006 -0.1373957 -0.2439169 -0.1126 -0.1373903 -0.2439154 -0.1126 -0.1375501 -0.2425995 -0.1126006 -0.1375557 -0.2425995 -0.1126198 -0.1369421 -0.2451665 -0.1126096 -0.1369377 -0.2400346 -0.1126254 -0.1369427 -0.2451668 -0.1126144 -0.1369404 -0.2451657 -0.1126055 -0.1369342 -0.2400366 -0.1126025 -0.1369299 -0.2400388 -0.1126096 -0.1369377 -0.2451643 -0.1126006 -0.1369252 -0.2400413 -0.1126 -0.1369202 -0.2400439 -0.1126055 -0.1369342 -0.2451624 -0.1126198 -0.1374143 -0.2412776 -0.1126025 -0.1369299 -0.2451602 -0.1126006 -0.1369252 -0.2451577 -0.1126 -0.1369202 -0.245155 -0.1126144 -0.1374125 -0.2412779 -0.1126198 -0.1361856 -0.2462625 -0.1126254 -0.1361861 -0.246263 -0.1126096 -0.1374096 -0.2412787 -0.1126144 -0.1361842 -0.2462612 -0.1126055 -0.1374057 -0.2412797 -0.1126096 -0.136182 -0.2462593 -0.1126025 -0.137401 -0.2412809 -0.1126055 -0.136179 -0.2462566 -0.1126006 -0.1373957 -0.2412822 -0.1126 -0.1373903 -0.2412835 -0.1126025 -0.1361754 -0.2462534 -0.1126006 -0.1361713 -0.2462498 -0.1126 -0.1361671 -0.246246 -0.1126198 -0.1351889 -0.2471456 -0.1126254 -0.1351892 -0.2471461 -0.1126144 -0.1351878 -0.247144 -0.1126096 -0.1351861 -0.2471415 -0.1126055 -0.1351838 -0.2471382 -0.1126025 -0.1351811 -0.2471343 -0.1126006 -0.135178 -0.2471299 -0.1126 -0.1351748 -0.2471252 -0.1126198 -0.1340098 -0.2477644 -0.1126254 -0.13401 -0.247765 -0.1126144 -0.1340091 -0.2477627 -0.1126096 -0.134008 -0.2477598 -0.1126055 -0.1340066 -0.2477561 -0.1126025 -0.1340049 -0.2477516 -0.1126006 -0.134003 -0.2477466 -0.1126 -0.134001 -0.2477413 -0.1126198 -0.1327168 -0.2480831 -0.1126254 -0.1327168 -0.2480838 -0.1126144 -0.1327165 -0.2480813 -0.1126096 -0.1327162 -0.2480782 -0.1126055 -0.1327157 -0.2480742 -0.1126025 -0.1327151 -0.2480695 -0.1126006 -0.1327145 -0.2480641 -0.1126 -0.1327137 -0.2480584 -0.1126198 -0.1313851 -0.2480831 -0.1126254 -0.1313851 -0.2480838 -0.1126144 -0.1313854 -0.2480813 -0.1126096 -0.1313857 -0.2480782 -0.1126055 -0.1313862 -0.2480742 -0.1126025 -0.1313868 -0.2480695 -0.1126006 -0.1313875 -0.2480641 -0.1126 -0.1313881 -0.2480584 -0.1126198 -0.1300922 -0.2477644 -0.1126254 -0.130092 -0.247765 -0.1126144 -0.1300927 -0.2477627 -0.1126096 -0.1300939 -0.2477598 -0.1126055 -0.1300954 -0.2477561 -0.1126025 -0.1300971 -0.2477516 -0.1126006 -0.1300989 -0.2477466 -0.1126 -0.130101 -0.2477413 -0.1126198 -0.1289131 -0.2471456 -0.1126254 -0.1289127 -0.2471461 -0.1126144 -0.1289141 -0.247144 -0.1126096 -0.1289158 -0.2471415 -0.1126055 -0.1289181 -0.2471382 -0.1126025 -0.1289209 -0.2471343 -0.1126006 -0.1289239 -0.2471299 -0.1126 -0.1289271 -0.2471252 -0.1126198 -0.1279163 -0.2462625 -0.1126254 -0.1279157 -0.246263 -0.1126144 -0.1279177 -0.2462612 -0.1126096 -0.12792 -0.2462593 -0.1126055 -0.127923 -0.2462566 -0.1126025 -0.1279266 -0.2462534 -0.1126006 -0.1279306 -0.2462498 -0.1126 -0.1279348 -0.246246 -0.1126198 -0.1271598 -0.2451665 -0.1126254 -0.1271592 -0.2451668 -0.1126144 -0.1271615 -0.2451657 -0.1126096 -0.1271642 -0.2451643 -0.1126055 -0.1271677 -0.2451624 -0.1126025 -0.1271719 -0.2451602 -0.1126006 -0.1271768 -0.2451577 -0.1126 -0.1271818 -0.245155 -0.1126198 -0.1266876 -0.2439215 -0.1126254 -0.126687 -0.2439216 -0.1126144 -0.1266894 -0.243921 -0.1126096 -0.1266924 -0.2439203 -0.1126055 -0.1266963 -0.2439193 -0.1126025 -0.1267009 -0.2439182 -0.1126006 -0.1267062 -0.2439169 -0.1126 -0.1267117 -0.2439154 -0.1126198 -0.1265271 -0.2425995 -0.1126254 -0.1265265 -0.2425995 -0.1126144 -0.126529 -0.2425995 -0.1126096 -0.126532 -0.2425995 -0.1126055 -0.126536 -0.2425995 -0.1126025 -0.1265408 -0.2425995 -0.1126006 -0.1265462 -0.2425995 -0.1126 -0.1265519 -0.2425995 -0.1126198 -0.1266876 -0.2412776 -0.1126254 -0.126687 -0.2412773 -0.1126144 -0.1266894 -0.2412779 -0.1126096 -0.1266924 -0.2412787 -0.1126055 -0.1266963 -0.2412797 -0.1126025 -0.1267009 -0.2412809 -0.1126006 -0.1267062 -0.2412822 -0.1126 -0.1267117 -0.2412835 -0.1126198 -0.1271598 -0.2400325 -0.1126254 -0.1271592 -0.2400321 -0.1259154 -0.1314188 -0.2373932 -0.1259154 -0.132683 -0.2373932 -0.1258138 -0.1326972 -0.2372772 -0.1258138 -0.1301498 -0.2375864 -0.125687 -0.131394 -0.2371891 -0.125687 -0.1301183 -0.2375035 -0.1258138 -0.1314046 -0.2372772 -0.1253889 -0.126687 -0.2439216 -0.1255425 -0.1265453 -0.2425995 -0.1253889 -0.1265265 -0.2425995 -0.125687 -0.1289549 -0.2381141 -0.1255425 -0.1300986 -0.2374517 -0.1255425 -0.1289234 -0.2380685 -0.1255425 -0.1279299 -0.2389486 -0.1253889 -0.1289127 -0.2380529 -0.1253889 -0.1279157 -0.2389361 -0.1259154 -0.1301912 -0.2376958 -0.1259856 -0.1302401 -0.2378247 -0.1259856 -0.1314353 -0.2375301 -0.1258138 -0.1290054 -0.2381872 -0.125687 -0.1279715 -0.2389854 -0.1255425 -0.127176 -0.2400408 -0.1253889 -0.1271592 -0.2400321 -0.1259154 -0.1290717 -0.2382833 -0.1259856 -0.12915 -0.2383968 -0.1258138 -0.1280379 -0.2390443 -0.125687 -0.1272251 -0.2400667 -0.1255425 -0.1267053 -0.2412819 -0.1253889 -0.126687 -0.2412773 -0.1259154 -0.1281254 -0.2391217 -0.1259856 -0.1282286 -0.2392132 -0.1258138 -0.1273037 -0.240108 -0.125687 -0.1267592 -0.2412952 -0.125687 -0.1266008 -0.2425995 -0.1259154 -0.1274071 -0.2401622 -0.1259856 -0.1275292 -0.2402263 -0.1258138 -0.1268454 -0.2413164 -0.1258138 -0.1266896 -0.2425995 -0.1259154 -0.1269588 -0.2413444 -0.1259856 -0.1270927 -0.2413774 -0.1259856 -0.1269443 -0.2425995 -0.1259154 -0.1268064 -0.2425995 -0.1255425 -0.1267053 -0.2439171 -0.125687 -0.1267592 -0.2439038 -0.1255425 -0.127176 -0.2451581 -0.1253889 -0.1271592 -0.2451668 -0.1258138 -0.1268454 -0.2438825 -0.125687 -0.1272251 -0.2451324 -0.1255425 -0.1279299 -0.2462504 -0.1253889 -0.1279157 -0.246263 -0.1259154 -0.1269588 -0.2438546 -0.1259856 -0.1270927 -0.2438216 -0.1258138 -0.1273037 -0.2450911 -0.125687 -0.1279715 -0.2462137 -0.1255425 -0.1289234 -0.2471306 -0.1253889 -0.1289127 -0.2471461 -0.1259154 -0.1274071 -0.2450368 -0.1259856 -0.1275292 -0.2449727 -0.1258138 -0.1280379 -0.2461548 -0.125687 -0.1289549 -0.2470849 -0.1255425 -0.1300986 -0.2477474 -0.1253889 -0.130092 -0.247765 -0.1259154 -0.1281254 -0.2460772 -0.1259856 -0.1282286 -0.2459859 -0.1258138 -0.1290054 -0.2470118 -0.125687 -0.1301183 -0.2476955 -0.1255425 -0.1313873 -0.2480649 -0.1253889 -0.1313851 -0.2480838 -0.1259154 -0.1290717 -0.2469156 -0.1259856 -0.12915 -0.2468022 -0.1258138 -0.1301498 -0.2476125 -0.125687 -0.131394 -0.24801 -0.1255425 -0.1327146 -0.2480649 -0.1253889 -0.1327168 -0.2480838 -0.1259154 -0.1301912 -0.2475033 -0.1259856 -0.1302401 -0.2473744 -0.1258138 -0.1314046 -0.2479218 -0.125687 -0.1327079 -0.24801 -0.1255425 -0.1340033 -0.2477474 -0.1253889 -0.13401 -0.247765 -0.1259154 -0.1314188 -0.2478059 -0.1259856 -0.1314353 -0.247669 -0.1258138 -0.1326972 -0.2479218 -0.125687 -0.1339836 -0.2476955 -0.1255425 -0.1351785 -0.2471306 -0.1253889 -0.1351892 -0.2471461 -0.1259154 -0.132683 -0.2478059 -0.1259856 -0.1326665 -0.247669 -0.1258138 -0.1339521 -0.2476125 -0.125687 -0.135147 -0.2470849 -0.1255425 -0.1361719 -0.2462504 -0.1253889 -0.1361861 -0.246263 -0.1259154 -0.1339107 -0.2475033 -0.1259856 -0.1338618 -0.2473744 -0.1258138 -0.1350966 -0.2470118 -0.125687 -0.1361305 -0.2462137 -0.1255425 -0.1369259 -0.2451581 -0.1253889 -0.1369427 -0.2451668 -0.1259154 -0.1350302 -0.2469156 -0.1259856 -0.1349519 -0.2468022 -0.1258138 -0.1360639 -0.2461548 -0.125687 -0.1368769 -0.2451324 -0.1255425 -0.1373966 -0.2439171 -0.1253889 -0.1374149 -0.2439216 -0.1259154 -0.1359766 -0.2460772 -0.1259856 -0.1358734 -0.2459859 -0.1258138 -0.1367982 -0.2450911 -0.125687 -0.1373428 -0.2439038 -0.1255425 -0.1375566 -0.2425995 -0.1253889 -0.1375755 -0.2425995 -0.1259154 -0.1366948 -0.2450368 -0.1259856 -0.1365727 -0.2449727 -0.1258138 -0.1372566 -0.2438825 -0.125687 -0.1375011 -0.2425995 -0.1255425 -0.1373966 -0.2412819 -0.1253889 -0.1374149 -0.2412773 -0.1259154 -0.1371431 -0.2438546 -0.1259856 -0.1370093 -0.2438216 -0.1258138 -0.1374124 -0.2425995 -0.125687 -0.1373428 -0.2412952 -0.1255425 -0.1369259 -0.2400408 -0.1253889 -0.1369427 -0.2400321 -0.1259154 -0.1372956 -0.2425995 -0.1259856 -0.1371577 -0.2425995 -0.1258138 -0.1372566 -0.2413164 -0.125687 -0.1368769 -0.2400667 -0.1255425 -0.1361719 -0.2389486 -0.1253889 -0.1361861 -0.2389361 -0.1259154 -0.1371431 -0.2413444 -0.1259856 -0.1370093 -0.2413774 -0.1258138 -0.1367982 -0.240108 -0.125687 -0.1361305 -0.2389854 -0.1255425 -0.1351785 -0.2380685 -0.1253889 -0.1351892 -0.2380529 -0.1259154 -0.1366948 -0.2401622 -0.1259856 -0.1365727 -0.2402263 -0.1258138 -0.1360639 -0.2390443 -0.125687 -0.135147 -0.2381141 -0.1255425 -0.1340033 -0.2374517 -0.1253889 -0.13401 -0.237434 -0.1259154 -0.1359766 -0.2391217 -0.1259856 -0.1358734 -0.2392132 -0.1258138 -0.1350966 -0.2381872 -0.125687 -0.1339836 -0.2375035 -0.1255425 -0.1327146 -0.237134 -0.1253889 -0.1327168 -0.2371153 -0.1259154 -0.1350302 -0.2382833 -0.1259856 -0.1349519 -0.2383968 -0.1258138 -0.1339521 -0.2375864 -0.125687 -0.1327079 -0.2371891 -0.1255425 -0.1313873 -0.237134 -0.1253889 -0.1313851 -0.2371153 -0.1259154 -0.1339107 -0.2376958 -0.1259856 -0.1338618 -0.2378247 -0.1253889 -0.130092 -0.237434 -0.1259856 -0.1326665 -0.2375301 -0.1274444 -0.1329795 -0.2421122 -0.1274487 -0.1329142 -0.2421465 -0.1274487 -0.1329975 -0.2423662 -0.1274444 -0.1312661 -0.2432949 -0.1274444 -0.1311225 -0.2430868 -0.1274316 -0.131058 -0.2431206 -0.1274487 -0.1311877 -0.2430526 -0.1274316 -0.1312116 -0.2433431 -0.1274444 -0.133069 -0.2423486 -0.1274316 -0.1331397 -0.2423312 -0.1274316 -0.1330439 -0.2420784 -0.1274316 -0.1316533 -0.2436479 -0.1274316 -0.1314139 -0.2435224 -0.1274104 -0.1313738 -0.2435806 -0.1274104 -0.1316283 -0.2437141 -0.1274316 -0.132688 -0.2416767 -0.1274316 -0.1328903 -0.2418559 -0.1274104 -0.1329433 -0.241809 -0.1274444 -0.1314553 -0.2434625 -0.1274487 -0.1314972 -0.2434019 -0.1274487 -0.1313213 -0.243246 -0.1274104 -0.132728 -0.2416185 -0.1274444 -0.1328359 -0.2419041 -0.1274487 -0.1327807 -0.241953 -0.1274316 -0.1324486 -0.2415511 -0.1274316 -0.1319158 -0.2437127 -0.1274104 -0.1319073 -0.2437829 -0.1274444 -0.1316791 -0.24358 -0.1274487 -0.1317053 -0.2435111 -0.1274104 -0.1324737 -0.2414849 -0.1274444 -0.1326467 -0.2417365 -0.1274487 -0.1326048 -0.2417972 -0.1274316 -0.1321861 -0.2414864 -0.1274316 -0.1321861 -0.2437127 -0.1274104 -0.1321946 -0.2437829 -0.1274444 -0.1319246 -0.2436405 -0.1274487 -0.1319335 -0.2435673 -0.1274104 -0.1321946 -0.241416 -0.1274444 -0.1324228 -0.2416191 -0.1274487 -0.1323966 -0.241688 -0.1274316 -0.1319158 -0.2414864 -0.1274316 -0.1324486 -0.2436479 -0.1274104 -0.1324737 -0.2437141 -0.1274444 -0.1321774 -0.2436405 -0.1274104 -0.1319073 -0.241416 -0.1274487 -0.1321685 -0.2435673 -0.1274444 -0.1321774 -0.2415586 -0.1274487 -0.1321685 -0.2416317 -0.1274316 -0.132688 -0.2435224 -0.1274104 -0.132728 -0.2435806 -0.1274316 -0.1316533 -0.2415511 -0.1274444 -0.1324228 -0.24358 -0.1274487 -0.1323966 -0.2435111 -0.1274104 -0.1316283 -0.2414849 -0.1274444 -0.1319246 -0.2415586 -0.1274487 -0.1319335 -0.2416317 -0.1274316 -0.1314139 -0.2416767 -0.1274316 -0.1328903 -0.2433431 -0.1274104 -0.1329433 -0.24339 -0.1274444 -0.1326467 -0.2434625 -0.1274487 -0.1326048 -0.2434019 -0.1274104 -0.1313738 -0.2416185 -0.1274444 -0.1316791 -0.2416191 -0.1274487 -0.1317053 -0.241688 -0.1274316 -0.1330439 -0.2431206 -0.1274104 -0.1331065 -0.2431535 -0.1274316 -0.1312116 -0.2418559 -0.1274444 -0.1328359 -0.2432949 -0.1274104 -0.1311587 -0.241809 -0.1274487 -0.1327807 -0.243246 -0.1274444 -0.1314553 -0.2417365 -0.1274487 -0.1314972 -0.2417972 -0.1274316 -0.1331397 -0.2428679 -0.1274104 -0.1332084 -0.2428848 -0.1274316 -0.131058 -0.2420784 -0.1274444 -0.1329795 -0.2430868 -0.1274487 -0.1329142 -0.2430526 -0.1274104 -0.1309954 -0.2420455 -0.1274444 -0.1312661 -0.2419041 -0.1274487 -0.1313213 -0.241953 -0.1274316 -0.1331723 -0.2425995 -0.1274104 -0.1332431 -0.2425995 -0.1274316 -0.1309622 -0.2423312 -0.1274104 -0.1308935 -0.2423142 -0.1274104 -0.1308588 -0.2425995 -0.1274316 -0.1309622 -0.2428679 -0.1274316 -0.1309296 -0.2425995 -0.1274444 -0.133069 -0.2428505 -0.1274487 -0.1329975 -0.2428328 -0.1274104 -0.1308935 -0.2428848 -0.1274444 -0.1311225 -0.2421122 -0.1274487 -0.1311877 -0.2421465 -0.1274104 -0.1309954 -0.2431535 -0.1274444 -0.1310328 -0.2423486 -0.1274487 -0.1311044 -0.2423662 -0.1274487 -0.131076 -0.2425995 -0.1274444 -0.1310328 -0.2428505 -0.1274487 -0.1311044 -0.2428328 -0.1274104 -0.1332084 -0.2423142 -0.1274444 -0.1310024 -0.2425995 -0.1274444 -0.1330996 -0.2425995 -0.1274487 -0.1330259 -0.2425995 -0.1274104 -0.1311587 -0.24339 -0.1274104 -0.1331065 -0.2420455 -0.1126 -0.1293455 -0.2386801 -0.1126 -0.1303622 -0.2381465 -0.1252999 -0.1293455 -0.2386801 -0.1252999 -0.1303622 -0.2381465 -0.1126 -0.1314769 -0.2378717 -0.1252999 -0.1314769 -0.2378717 -0.1252999 -0.1368135 -0.2425995 -0.1126 -0.1368135 -0.2425995 -0.1252999 -0.1366751 -0.2437393 -0.1126 -0.132625 -0.2378717 -0.1252999 -0.132625 -0.2378717 -0.1126 -0.1366751 -0.2437393 -0.1126 -0.1337398 -0.2381465 -0.1252999 -0.1337398 -0.2381465 -0.1126 -0.136268 -0.2448128 -0.1252999 -0.136268 -0.2448128 -0.1252999 -0.1356158 -0.2457576 -0.1126 -0.1347564 -0.2386801 -0.1252999 -0.1347564 -0.2386801 -0.1126 -0.1356158 -0.2457576 -0.1126 -0.1356158 -0.2394414 -0.1252999 -0.1356158 -0.2394414 -0.1126 -0.1347564 -0.246519 -0.1252999 -0.1347564 -0.246519 -0.1252999 -0.1337398 -0.2470525 -0.1126 -0.136268 -0.2403863 -0.1252999 -0.136268 -0.2403863 -0.1126 -0.1337398 -0.2470525 -0.1252999 -0.132625 -0.2473273 -0.1126 -0.1366751 -0.2414598 -0.1252999 -0.1366751 -0.2414598 -0.1126 -0.132625 -0.2473273 -0.1126 -0.1314769 -0.2473273 -0.1252999 -0.1314769 -0.2473273 -0.1252999 -0.1303622 -0.2470525 -0.1126 -0.1303622 -0.2470525 -0.1252999 -0.1293455 -0.246519 -0.1126 -0.1293455 -0.246519 -0.1252999 -0.1284862 -0.2457576 -0.1126 -0.1284862 -0.2457576 -0.1126 -0.127834 -0.2448128 -0.1252999 -0.127834 -0.2448128 -0.1126 -0.1274269 -0.2437393 -0.1252999 -0.1274269 -0.2437393 -0.1126 -0.1272885 -0.2425995 -0.1252999 -0.1272885 -0.2425995 -0.1126 -0.1274269 -0.2414598 -0.1252999 -0.1274269 -0.2414598 -0.1126 -0.127834 -0.2403863 -0.1252999 -0.127834 -0.2403863 -0.1126 -0.1284862 -0.2394414 -0.1252999 -0.1284862 -0.2394414 0.1120096 0.1284199 -0.2389398 0.1120096 0.1276642 -0.2400346 0.1120144 0.1276615 -0.2400333 0.1120144 0.1284177 -0.2389378 0.1120055 0.128423 -0.2389424 0.1120055 0.1276677 -0.2400366 0.1120025 0.1284266 -0.2389456 0.1120025 0.127672 -0.2400388 0.1120006 0.1284306 -0.2389492 0.112 0.1284348 -0.2389529 0.112 0.1276818 -0.2400439 0.1120006 0.1276768 -0.2400413 0.1120197 0.1294131 -0.2380535 0.1120254 0.1284158 -0.2389361 0.1120254 0.1294127 -0.2380529 0.1120197 0.1284162 -0.2389365 0.1120144 0.1294141 -0.238055 0.1120096 0.1294158 -0.2380575 0.1120055 0.1294181 -0.2380608 0.1120025 0.1294209 -0.2380648 0.1120006 0.1294239 -0.2380692 0.112 0.1294271 -0.2380739 0.1120197 0.1305922 -0.2374346 0.1120254 0.130592 -0.237434 0.1120144 0.1305928 -0.2374364 0.1120096 0.1305938 -0.2374392 0.1120055 0.1305954 -0.237443 0.1120025 0.1305971 -0.2374475 0.1120006 0.130599 -0.2374525 0.112 0.130601 -0.2374578 0.1120197 0.1318851 -0.2371159 0.1120254 0.1318851 -0.2371153 0.1120144 0.1318854 -0.2371178 0.1120096 0.1318857 -0.2371208 0.1120055 0.1318862 -0.2371248 0.1120025 0.1318868 -0.2371296 0.1120006 0.1318874 -0.2371349 0.112 0.1318881 -0.2371405 0.1120197 0.1332167 -0.2371159 0.1120254 0.1332169 -0.2371153 0.1120144 0.1332166 -0.2371178 0.1120096 0.1332162 -0.2371208 0.1120055 0.1332157 -0.2371248 0.1120025 0.1332151 -0.2371296 0.1120006 0.1332145 -0.2371349 0.112 0.1332138 -0.2371405 0.1120197 0.1345098 -0.2374346 0.1120254 0.13451 -0.237434 0.1120144 0.1345091 -0.2374364 0.1120096 0.134508 -0.2374392 0.1120055 0.1345066 -0.237443 0.1120025 0.1345049 -0.2374475 0.1120006 0.134503 -0.2374525 0.112 0.134501 -0.2374578 0.1120197 0.1356889 -0.2380535 0.1120254 0.1356893 -0.2380529 0.1120144 0.1356878 -0.238055 0.1120096 0.135686 -0.2380575 0.1120055 0.1356838 -0.2380608 0.1120197 0.1380748 -0.2425995 0.1120254 0.1379148 -0.2412773 0.1120254 0.1380755 -0.2425995 0.1120025 0.1356811 -0.2380648 0.1120006 0.1356779 -0.2380692 0.112 0.1356748 -0.2380739 0.1120197 0.1366856 -0.2389365 0.1120254 0.1366861 -0.2389361 0.1120144 0.1366842 -0.2389378 0.1120096 0.136682 -0.2389398 0.1120197 0.1379142 -0.2439215 0.1120254 0.1379148 -0.2439216 0.1120055 0.1366789 -0.2389424 0.1120144 0.1379125 -0.243921 0.1120144 0.138073 -0.2425995 0.1120025 0.1366754 -0.2389456 0.1120096 0.1379096 -0.2439203 0.1120096 0.1380699 -0.2425995 0.1120006 0.1366713 -0.2389492 0.112 0.1366671 -0.2389529 0.1120055 0.1379057 -0.2439193 0.1120055 0.1380659 -0.2425995 0.1120197 0.1374421 -0.2400325 0.1120025 0.137901 -0.2439182 0.1120025 0.1380611 -0.2425995 0.1120254 0.1374427 -0.2400321 0.1120144 0.1374404 -0.2400333 0.1120006 0.1378958 -0.2439169 0.112 0.1378903 -0.2439154 0.112 0.1380501 -0.2425995 0.1120006 0.1380557 -0.2425995 0.1120197 0.1374421 -0.2451665 0.1120096 0.1374378 -0.2400346 0.1120254 0.1374427 -0.2451668 0.1120144 0.1374404 -0.2451657 0.1120055 0.1374342 -0.2400366 0.1120025 0.1374299 -0.2400388 0.1120096 0.1374378 -0.2451643 0.1120006 0.1374252 -0.2400413 0.112 0.1374202 -0.2400439 0.1120055 0.1374342 -0.2451624 0.1120197 0.1379142 -0.2412776 0.1120025 0.1374299 -0.2451602 0.1120006 0.1374252 -0.2451577 0.112 0.1374202 -0.245155 0.1120144 0.1379125 -0.2412779 0.1120197 0.1366856 -0.2462625 0.1120254 0.1366861 -0.246263 0.1120096 0.1379096 -0.2412787 0.1120144 0.1366842 -0.2462612 0.1120055 0.1379057 -0.2412797 0.1120096 0.136682 -0.2462593 0.1120025 0.137901 -0.2412809 0.1120055 0.1366789 -0.2462566 0.1120006 0.1378958 -0.2412822 0.112 0.1378903 -0.2412835 0.1120025 0.1366754 -0.2462534 0.1120006 0.1366713 -0.2462498 0.112 0.1366671 -0.246246 0.1120197 0.1356889 -0.2471456 0.1120254 0.1356893 -0.2471461 0.1120144 0.1356878 -0.247144 0.1120096 0.135686 -0.2471415 0.1120055 0.1356838 -0.2471382 0.1120025 0.1356811 -0.2471343 0.1120006 0.1356779 -0.2471299 0.112 0.1356748 -0.2471252 0.1120197 0.1345098 -0.2477644 0.1120254 0.13451 -0.247765 0.1120144 0.1345091 -0.2477627 0.1120096 0.134508 -0.2477598 0.1120055 0.1345066 -0.2477561 0.1120025 0.1345049 -0.2477516 0.1120006 0.134503 -0.2477466 0.112 0.134501 -0.2477413 0.1120197 0.1332167 -0.2480831 0.1120254 0.1332169 -0.2480838 0.1120144 0.1332166 -0.2480813 0.1120096 0.1332162 -0.2480782 0.1120055 0.1332157 -0.2480742 0.1120025 0.1332151 -0.2480695 0.1120006 0.1332145 -0.2480641 0.112 0.1332138 -0.2480584 0.1120197 0.1318851 -0.2480831 0.1120254 0.1318851 -0.2480838 0.1120144 0.1318854 -0.2480813 0.1120096 0.1318857 -0.2480782 0.1120055 0.1318862 -0.2480742 0.1120025 0.1318868 -0.2480695 0.1120006 0.1318874 -0.2480641 0.112 0.1318881 -0.2480584 0.1120197 0.1305922 -0.2477644 0.1120254 0.130592 -0.247765 0.1120144 0.1305928 -0.2477627 0.1120096 0.1305938 -0.2477598 0.1120055 0.1305954 -0.2477561 0.1120025 0.1305971 -0.2477516 0.1120006 0.130599 -0.2477466 0.112 0.130601 -0.2477413 0.1120197 0.1294131 -0.2471456 0.1120254 0.1294127 -0.2471461 0.1120144 0.1294141 -0.247144 0.1120096 0.1294158 -0.2471415 0.1120055 0.1294181 -0.2471382 0.1120025 0.1294209 -0.2471343 0.1120006 0.1294239 -0.2471299 0.112 0.1294271 -0.2471252 0.1120197 0.1284162 -0.2462625 0.1120254 0.1284158 -0.246263 0.1120144 0.1284177 -0.2462612 0.1120096 0.1284199 -0.2462593 0.1120055 0.128423 -0.2462566 0.1120025 0.1284266 -0.2462534 0.1120006 0.1284306 -0.2462498 0.112 0.1284348 -0.246246 0.1120197 0.1276597 -0.2451665 0.1120254 0.1276593 -0.2451668 0.1120144 0.1276615 -0.2451657 0.1120096 0.1276642 -0.2451643 0.1120055 0.1276677 -0.2451624 0.1120025 0.127672 -0.2451602 0.1120006 0.1276768 -0.2451577 0.112 0.1276818 -0.245155 0.1120197 0.1271876 -0.2439215 0.1120254 0.127187 -0.2439216 0.1120144 0.1271893 -0.243921 0.1120096 0.1271924 -0.2439203 0.1120055 0.1271963 -0.2439193 0.1120025 0.127201 -0.2439182 0.1120006 0.1272062 -0.2439169 0.112 0.1272117 -0.2439154 0.1120197 0.127027 -0.2425995 0.1120254 0.1270264 -0.2425995 0.1120144 0.127029 -0.2425995 0.1120096 0.127032 -0.2425995 0.1120055 0.127036 -0.2425995 0.1120025 0.1270409 -0.2425995 0.1120006 0.1270462 -0.2425995 0.112 0.1270519 -0.2425995 0.1120197 0.1271876 -0.2412776 0.1120254 0.127187 -0.2412773 0.1120144 0.1271893 -0.2412779 0.1120096 0.1271924 -0.2412787 0.1120055 0.1271963 -0.2412797 0.1120025 0.127201 -0.2412809 0.1120006 0.1272062 -0.2412822 0.112 0.1272117 -0.2412835 0.1120197 0.1276597 -0.2400325 0.1120254 0.1276593 -0.2400321 0.1253154 0.1319188 -0.2373932 0.1253154 0.1331831 -0.2373932 0.1252138 0.1331972 -0.2372772 0.1252138 0.1306498 -0.2375864 0.125087 0.1318939 -0.2371891 0.125087 0.1306183 -0.2375035 0.1252138 0.1319047 -0.2372772 0.1247889 0.127187 -0.2439216 0.1249425 0.1270453 -0.2425995 0.1247889 0.1270264 -0.2425995 0.125087 0.1294549 -0.2381141 0.1249425 0.1305986 -0.2374517 0.1249425 0.1294234 -0.2380685 0.1249425 0.1284299 -0.2389486 0.1247889 0.1294127 -0.2380529 0.1247889 0.1284158 -0.2389361 0.1253154 0.1306912 -0.2376958 0.1253856 0.1307401 -0.2378247 0.1253856 0.1319354 -0.2375301 0.1252138 0.1295053 -0.2381872 0.125087 0.1284715 -0.2389854 0.1249425 0.127676 -0.2400408 0.1247889 0.1276593 -0.2400321 0.1253154 0.1295717 -0.2382833 0.1253856 0.1296499 -0.2383968 0.1252138 0.1285379 -0.2390443 0.125087 0.1277251 -0.2400667 0.1249425 0.1272053 -0.2412819 0.1247889 0.127187 -0.2412773 0.1253154 0.1286254 -0.2391217 0.1253856 0.1287286 -0.2392132 0.1252138 0.1278037 -0.240108 0.125087 0.1272591 -0.2412952 0.125087 0.1271008 -0.2425995 0.1253154 0.127907 -0.2401622 0.1253856 0.1280292 -0.2402263 0.1252138 0.1273454 -0.2413164 0.1252138 0.1271896 -0.2425995 0.1253154 0.1274588 -0.2413444 0.1253856 0.1275927 -0.2413774 0.1253856 0.1274443 -0.2425995 0.1253154 0.1273064 -0.2425995 0.1249425 0.1272053 -0.2439171 0.125087 0.1272591 -0.2439038 0.1249425 0.127676 -0.2451581 0.1247889 0.1276593 -0.2451668 0.1252138 0.1273454 -0.2438825 0.125087 0.1277251 -0.2451324 0.1249425 0.1284299 -0.2462504 0.1247889 0.1284158 -0.246263 0.1253154 0.1274588 -0.2438546 0.1253856 0.1275927 -0.2438216 0.1252138 0.1278037 -0.2450911 0.125087 0.1284715 -0.2462137 0.1249425 0.1294234 -0.2471306 0.1247889 0.1294127 -0.2471461 0.1253154 0.127907 -0.2450368 0.1253856 0.1280292 -0.2449727 0.1252138 0.1285379 -0.2461548 0.125087 0.1294549 -0.2470849 0.1249425 0.1305986 -0.2477474 0.1247889 0.130592 -0.247765 0.1253154 0.1286254 -0.2460772 0.1253856 0.1287286 -0.2459859 0.1252138 0.1295053 -0.2470118 0.125087 0.1306183 -0.2476955 0.1249425 0.1318873 -0.2480649 0.1247889 0.1318851 -0.2480838 0.1253154 0.1295717 -0.2469156 0.1253856 0.1296499 -0.2468022 0.1252138 0.1306498 -0.2476125 0.125087 0.1318939 -0.24801 0.1249425 0.1332146 -0.2480649 0.1247889 0.1332169 -0.2480838 0.1253154 0.1306912 -0.2475033 0.1253856 0.1307401 -0.2473744 0.1252138 0.1319047 -0.2479218 0.125087 0.1332079 -0.24801 0.1249425 0.1345033 -0.2477474 0.1247889 0.13451 -0.247765 0.1253154 0.1319188 -0.2478059 0.1253856 0.1319354 -0.247669 0.1252138 0.1331972 -0.2479218 0.125087 0.1344836 -0.2476955 0.1249425 0.1356785 -0.2471306 0.1247889 0.1356893 -0.2471461 0.1253154 0.1331831 -0.2478059 0.1253856 0.1331665 -0.247669 0.1252138 0.1344521 -0.2476125 0.125087 0.1356469 -0.2470849 0.1249425 0.136672 -0.2462504 0.1247889 0.1366861 -0.246263 0.1253154 0.1344107 -0.2475033 0.1253856 0.1343618 -0.2473744 0.1252138 0.1355966 -0.2470118 0.125087 0.1366305 -0.2462137 0.1249425 0.137426 -0.2451581 0.1247889 0.1374427 -0.2451668 0.1253154 0.1355302 -0.2469156 0.1253856 0.1354519 -0.2468022 0.1252138 0.136564 -0.2461548 0.125087 0.1373769 -0.2451324 0.1249425 0.1378965 -0.2439171 0.1247889 0.1379148 -0.2439216 0.1253154 0.1364766 -0.2460772 0.1253856 0.1363734 -0.2459859 0.1252138 0.1372982 -0.2450911 0.125087 0.1378428 -0.2439038 0.1249425 0.1380566 -0.2425995 0.1247889 0.1380755 -0.2425995 0.1253154 0.1371948 -0.2450368 0.1253856 0.1370727 -0.2449727 0.1252138 0.1377566 -0.2438825 0.125087 0.1380011 -0.2425995 0.1249425 0.1378965 -0.2412819 0.1247889 0.1379148 -0.2412773 0.1253154 0.1376432 -0.2438546 0.1253856 0.1375093 -0.2438216 0.1252138 0.1379124 -0.2425995 0.125087 0.1378428 -0.2412952 0.1249425 0.137426 -0.2400408 0.1247889 0.1374427 -0.2400321 0.1253154 0.1377956 -0.2425995 0.1253856 0.1376577 -0.2425995 0.1252138 0.1377566 -0.2413164 0.125087 0.1373769 -0.2400667 0.1249425 0.136672 -0.2389486 0.1247889 0.1366861 -0.2389361 0.1253154 0.1376432 -0.2413444 0.1253856 0.1375093 -0.2413774 0.1252138 0.1372982 -0.240108 0.125087 0.1366305 -0.2389854 0.1249425 0.1356785 -0.2380685 0.1247889 0.1356893 -0.2380529 0.1253154 0.1371948 -0.2401622 0.1253856 0.1370727 -0.2402263 0.1252138 0.136564 -0.2390443 0.125087 0.1356469 -0.2381141 0.1249425 0.1345033 -0.2374517 0.1247889 0.13451 -0.237434 0.1253154 0.1364766 -0.2391217 0.1253856 0.1363734 -0.2392132 0.1252138 0.1355966 -0.2381872 0.125087 0.1344836 -0.2375035 0.1249425 0.1332146 -0.237134 0.1247889 0.1332169 -0.2371153 0.1253154 0.1355302 -0.2382833 0.1253856 0.1354519 -0.2383968 0.1252138 0.1344521 -0.2375864 0.125087 0.1332079 -0.2371891 0.1249425 0.1318873 -0.237134 0.1247889 0.1318851 -0.2371153 0.1253154 0.1344107 -0.2376958 0.1253856 0.1343618 -0.2378247 0.1247889 0.130592 -0.237434 0.1253856 0.1331665 -0.2375301 0.1268444 0.1334795 -0.2421122 0.1268486 0.1334142 -0.2421465 0.1268486 0.1334975 -0.2423662 0.1268444 0.1317661 -0.2432949 0.1268444 0.1316225 -0.2430868 0.1268316 0.1315581 -0.2431206 0.1268486 0.1316877 -0.2430526 0.1268316 0.1317116 -0.2433431 0.1268444 0.1335691 -0.2423486 0.1268316 0.1336397 -0.2423312 0.1268316 0.1335439 -0.2420784 0.1268316 0.1321533 -0.2436479 0.1268316 0.131914 -0.2435224 0.1268104 0.1318738 -0.2435806 0.1268104 0.1321282 -0.2437141 0.1268316 0.133188 -0.2416767 0.1268316 0.1333903 -0.2418559 0.1268104 0.1334432 -0.241809 0.1268444 0.1319553 -0.2434625 0.1268486 0.1319972 -0.2434019 0.1268486 0.1318213 -0.243246 0.1268104 0.1332281 -0.2416185 0.1268444 0.1333359 -0.2419041 0.1268486 0.1332806 -0.241953 0.1268316 0.1329486 -0.2415511 0.1268316 0.1324158 -0.2437127 0.1268104 0.1324073 -0.2437829 0.1268444 0.1321791 -0.24358 0.1268486 0.1322053 -0.2435111 0.1268104 0.1329737 -0.2414849 0.1268444 0.1331467 -0.2417365 0.1268486 0.1331048 -0.2417972 0.1268316 0.1326861 -0.2414864 0.1268316 0.1326861 -0.2437127 0.1268104 0.1326947 -0.2437829 0.1268444 0.1324246 -0.2436405 0.1268486 0.1324335 -0.2435673 0.1268104 0.1326947 -0.241416 0.1268444 0.1329228 -0.2416191 0.1268486 0.1328967 -0.241688 0.1268316 0.1324158 -0.2414864 0.1268316 0.1329486 -0.2436479 0.1268104 0.1329737 -0.2437141 0.1268444 0.1326774 -0.2436405 0.1268104 0.1324073 -0.241416 0.1268486 0.1326684 -0.2435673 0.1268444 0.1326774 -0.2415586 0.1268486 0.1326684 -0.2416317 0.1268316 0.133188 -0.2435224 0.1268104 0.1332281 -0.2435806 0.1268316 0.1321533 -0.2415511 0.1268444 0.1329228 -0.24358 0.1268486 0.1328967 -0.2435111 0.1268104 0.1321282 -0.2414849 0.1268444 0.1324246 -0.2415586 0.1268486 0.1324335 -0.2416317 0.1268316 0.131914 -0.2416767 0.1268316 0.1333903 -0.2433431 0.1268104 0.1334432 -0.24339 0.1268444 0.1331467 -0.2434625 0.1268486 0.1331048 -0.2434019 0.1268104 0.1318738 -0.2416185 0.1268444 0.1321791 -0.2416191 0.1268486 0.1322053 -0.241688 0.1268316 0.1335439 -0.2431206 0.1268104 0.1336065 -0.2431535 0.1268316 0.1317116 -0.2418559 0.1268444 0.1333359 -0.2432949 0.1268104 0.1316587 -0.241809 0.1268486 0.1332806 -0.243246 0.1268444 0.1319553 -0.2417365 0.1268486 0.1319972 -0.2417972 0.1268316 0.1336397 -0.2428679 0.1268104 0.1337084 -0.2428848 0.1268316 0.1315581 -0.2420784 0.1268444 0.1334795 -0.2430868 0.1268486 0.1334142 -0.2430526 0.1268104 0.1314954 -0.2420455 0.1268444 0.1317661 -0.2419041 0.1268486 0.1318213 -0.241953 0.1268316 0.1336722 -0.2425995 0.1268104 0.1337431 -0.2425995 0.1268316 0.1314622 -0.2423312 0.1268104 0.1313935 -0.2423142 0.1268104 0.1313589 -0.2425995 0.1268316 0.1314622 -0.2428679 0.1268316 0.1314296 -0.2425995 0.1268444 0.1335691 -0.2428505 0.1268486 0.1334975 -0.2428328 0.1268104 0.1313935 -0.2428848 0.1268444 0.1316225 -0.2421122 0.1268486 0.1316877 -0.2421465 0.1268104 0.1314954 -0.2431535 0.1268444 0.1315328 -0.2423486 0.1268486 0.1316044 -0.2423662 0.1268486 0.1315761 -0.2425995 0.1268444 0.1315328 -0.2428505 0.1268486 0.1316044 -0.2428328 0.1268104 0.1337084 -0.2423142 0.1268444 0.1315024 -0.2425995 0.1268444 0.1335996 -0.2425995 0.1268486 0.1335259 -0.2425995 0.1268104 0.1316587 -0.24339 0.1268104 0.1336065 -0.2420455 0.112 0.1298456 -0.2386801 0.112 0.1308622 -0.2381465 0.1247 0.1298456 -0.2386801 0.1247 0.1308622 -0.2381465 0.112 0.1319769 -0.2378717 0.1247 0.1319769 -0.2378717 0.1247 0.1373135 -0.2425995 0.112 0.1373135 -0.2425995 0.1247 0.1371751 -0.2437393 0.112 0.133125 -0.2378717 0.1247 0.133125 -0.2378717 0.112 0.1371751 -0.2437393 0.112 0.1342398 -0.2381465 0.1247 0.1342398 -0.2381465 0.112 0.136768 -0.2448128 0.1247 0.136768 -0.2448128 0.1247 0.1361158 -0.2457576 0.112 0.1352564 -0.2386801 0.1247 0.1352564 -0.2386801 0.112 0.1361158 -0.2457576 0.112 0.1361158 -0.2394414 0.1247 0.1361158 -0.2394414 0.112 0.1352564 -0.246519 0.1247 0.1352564 -0.246519 0.1247 0.1342398 -0.2470525 0.112 0.136768 -0.2403863 0.1247 0.136768 -0.2403863 0.112 0.1342398 -0.2470525 0.1247 0.133125 -0.2473273 0.112 0.1371751 -0.2414598 0.1247 0.1371751 -0.2414598 0.112 0.133125 -0.2473273 0.112 0.1319769 -0.2473273 0.1247 0.1319769 -0.2473273 0.1247 0.1308622 -0.2470525 0.112 0.1308622 -0.2470525 0.1247 0.1298456 -0.246519 0.112 0.1298456 -0.246519 0.1247 0.1289862 -0.2457576 0.112 0.1289862 -0.2457576 0.112 0.128334 -0.2448128 0.1247 0.128334 -0.2448128 0.112 0.1279269 -0.2437393 0.1247 0.1279269 -0.2437393 0.112 0.1277885 -0.2425995 0.1247 0.1277885 -0.2425995 0.112 0.1279269 -0.2414598 0.1247 0.1279269 -0.2414598 0.112 0.128334 -0.2403863 0.1247 0.128334 -0.2403863 0.112 0.1289862 -0.2394414 0.1247 0.1289862 -0.2394414</float_array>
          <technique_common>
            <accessor source="#LandingRubber-mesh-positions-array" count="2080" stride="3">
              <param name="X" type="float" />
              <param name="Y" type="float" />
              <param name="Z" type="float" />
            </accessor>
          </technique_common>
        </source>
        <source id="LandingRubber-mesh-normals">
          <float_array id="LandingRubber-mesh-normals-array" count="10638">0.5220751 0.7020035 0.4843848 0.5205697 0.7031575 0.4843313 0.7033842 0.5857837 0.4026269 0.6931202 0.5930028 0.4097953 0.8476763 0.4355034 0.3029553 0.8462281 0.438861 0.3021572 0.9434866 0.2723071 0.1888965 0.9941552 0.08931863 0.06064426 0.9942784 0.08808571 0.06042677 0.9417707 0.2764444 0.1914325 0.1241104 0.6573972 0.7432534 0.1118108 0.6590262 0.7437627 0.325538 0.6261819 0.708464 0.3323458 0.6261031 0.705366 0.5295787 0.5624358 0.6349901 0.5244095 0.5639887 0.6378962 0.6964718 0.4764326 0.5365996 0.6943052 0.4768624 0.5390201 0.8463501 0.353293 0.3985919 0.8460896 0.3535121 0.3989506 0.943772 0.2184059 0.24818 0.9942534 0.07129073 0.07986128 0.9943462 0.06991493 0.07992309 0.9422916 0.2230731 0.2496501 0.1163617 0.4615682 0.8794401 0.1228536 0.4613463 0.8786733 0.3177587 0.4406145 0.8395763 0.3353509 0.4382427 0.8339563 0.5323073 0.3934445 0.7495667 0.5318301 0.393337 0.7499618 0.6964304 0.3348223 0.6347274 0.6989616 0.332485 0.6331719 0.8466055 0.246603 0.4716419 0.8460999 0.2475636 0.472046 0.9943364 0.04855155 0.09454089 0.9942631 0.04990351 0.09460812 0.9423106 0.1562376 0.2960419 0.9421531 0.1563819 0.2964666 0.1087132 0.2378101 0.9652087 0.1114701 0.238739 0.9646648 0.3263127 0.2265195 0.9177194 0.3355305 0.2240048 0.9150089 0.5377203 0.2026053 0.818418 0.5272283 0.2030566 0.8251051 0.699273 0.1711974 0.6940524 0.696759 0.1722756 0.6963104 0.8508458 0.1245607 0.5104371 0.8447275 0.1290561 0.5194036 0.9942913 0.02524566 0.10367 0.9942513 0.02608418 0.1038471 0.9414702 0.08033341 0.3273846 0.9422647 0.08013111 0.3251404 0.1087069 0 0.9940739 0.09966349 0 0.9950212 0.3372105 0 0.9414293 0.3286225 0 0.9444614 0.5323116 0 0.8465484 0.5321616 0 0.8466429 0.6964327 0 0.7176221 0.6968258 0 0.7172405 0.8474223 0 0.5309196 0.8463996 0 0.5325486 0.9941942 0 0.1076009 0.9942267 0 0.1073004 0.9419069 0 0.3358739 0.9413935 0 0.3373104 0.1087132 -0.2378101 0.9652087 0.1010193 -0.238864 0.9657843 0.3281968 -0.226022 0.9171701 0.3354771 -0.2249221 0.9148034 0.5266368 -0.2042654 0.8251844 0.5352541 -0.2019284 0.8202 0.6993193 -0.1713867 0.6939591 0.7007668 -0.170431 0.6927332 0.8479017 -0.1278204 0.5145142 0.8465495 -0.1262058 0.5171327 0.9942031 -0.02544218 0.1044656 0.9942634 -0.02595692 0.1037632 0.941241 -0.08008676 0.328103 0.9421983 -0.0810908 0.3250949 0.1317406 -0.459155 0.8785335 0.1058399 -0.4636371 0.879681 0.3148226 -0.4415195 0.8402068 0.3270821 -0.4390866 0.8367916 0.5323014 -0.3934401 0.7495734 0.5299453 -0.3937904 0.7510573 0.6928983 -0.3349009 0.6385401 0.1059014 -0.9871181 0.1199285 0.7061554 -0.3302929 0.6262997 0.8512952 -0.2415837 0.4657617 0.8459597 -0.248578 0.4717637 0.9409658 -0.1576107 0.2995702 0.9412716 -0.1575268 0.2986522 0.9944224 -0.04817932 0.09382367 0.9941943 -0.05076628 0.09487128 0.1087858 -0.6585425 0.7446392 0.1251243 -0.6583586 0.7422318 0.3132547 -0.6305033 0.710167 0.3357344 -0.6237792 0.7058201 0.528081 -0.5624448 0.6362283 0.1050144 -0.9872676 -0.1194763 0.1068621 -0.9870178 -0.1199011 0.5351075 -0.5601305 0.6323875 0.6997609 -0.4733589 0.5350385 0.3247748 -0.9388769 -0.1141561 0.6925272 -0.478998 0.5394138 0.3307501 -0.9368279 -0.1138324 0.8499381 -0.3493397 0.3944199 0.8463578 -0.3532962 0.3985728 0.5263757 -0.8440644 -0.1023924 0.9942584 -0.07182008 0.07932329 0.5389372 -0.8362157 -0.1014403 0.9942578 -0.07045918 0.08054333 0.9418598 -0.2238847 0.2505509 0.9414448 -0.2226514 0.253196 0.6962872 -0.7125384 -0.08644855 0.1122056 -0.8171615 0.5653823 0.6986632 -0.7101796 -0.0866881 0.8495069 -0.5237845 -0.0631507 0.1047778 -0.8188191 0.5644085 0.8483209 -0.5256111 -0.06391239 0.3321586 -0.7756567 0.5366817 0.9940127 -0.1085082 -0.01284068 0.3212151 -0.7800939 0.536912 0.9945048 -0.1039093 -0.01276689 0.9403599 -0.3376988 -0.04102355 0.9418203 -0.3336624 -0.04054838 0.1048171 -0.929816 -0.3527829 0.5356622 -0.6953455 0.479125 0.1011723 -0.9300069 -0.353343 0.531761 -0.6974546 0.4804032 0.3304397 -0.8824459 -0.3348119 0.6921638 -0.5939384 0.4100568 0.3295037 -0.8827274 -0.3349923 0.691542 -0.5954945 0.4088472 0.8466435 -0.4383555 0.3017271 0.8498319 -0.4326417 0.3010098 0.5382395 -0.7883601 -0.2979711 0.9941385 -0.08955752 0.06056517 0.5326367 -0.7912356 -0.3004072 0.9942007 -0.08897513 0.06040352 0.9425818 -0.2737784 0.1912721 0.9420602 -0.2768504 0.1894109 0.6949397 -0.6717751 -0.2564702 0.1107861 -0.9290491 0.3529791 0.6967754 -0.6710425 -0.2533891 0.1020052 -0.9305199 0.3517494 0.8471 -0.4970202 -0.1881293 0.8479069 -0.4955803 -0.1882926 0.1097419 -0.9867064 0.1198633 0.9945304 -0.09731215 -0.03794413 0.325949 -0.8844341 0.3339666 0.9420955 -0.3134291 -0.1192402 0.9940262 -0.1023972 -0.03777378 0.9430001 -0.3111324 -0.1181001 0.3212652 -0.8849222 0.3371962 0.102021 -0.8196924 -0.5636455 0.3222002 -0.9397507 0.1142624 0.1242991 -0.8157128 -0.5649448 0.3295825 -0.9372887 0.1134254 0.5329362 -0.7913272 0.2996336 0.5394952 -0.7871639 0.2988613 0.3187316 -0.7795484 -0.5391796 0.5396171 -0.8357836 0.1013879 0.52596 -0.8443197 0.1024234 0.3332365 -0.7757729 -0.5358451 0.6928693 -0.6743492 0.2553143 0.531761 -0.6974546 -0.4804032 0.6980886 -0.6694 0.254118 0.5326778 -0.6965865 -0.4806471 0.6967493 -0.7120931 0.08639448 0.6986632 -0.7101796 0.0866881 0.84607 -0.4988274 0.1879811 0.6990551 -0.5882759 -0.4065138 0.8510584 -0.5212407 0.06330609 0.8495272 -0.4931495 0.1873691 0.8488613 -0.5247507 0.06380778 0.6939685 -0.5933266 -0.4078863 0.9944877 -0.09769034 0.03809159 0.9939779 -0.1088226 0.01287788 0.9941512 -0.10121 0.03768223 0.9429114 -0.3113681 0.118187 0.8472554 -0.4374967 -0.3012556 0.9418203 -0.3336624 0.04054838 0.8487536 -0.4340658 -0.3020006 0.9945017 -0.1039404 0.01277071 0.994064 -0.09001362 -0.06111043 0.9403812 -0.3376404 0.04101645 0.9419211 -0.3139737 0.1191861 0.994139 -0.08938282 -0.06081521 0.9431193 -0.27333 -0.1892533 0.9407408 -0.2798898 -0.1914904 0.1164556 -0.6579741 -0.7439814 0.124977 -0.658937 -0.7417432 0.3211981 -0.6281563 -0.7086971 0.3289347 -0.6253584 -0.707622 0.5321266 -0.5608457 -0.634266 0.5262137 -0.5649059 -0.6355947 0.7010723 -0.4728849 -0.5337393 0.701035 -0.4724366 -0.534185 0.8462232 -0.3544563 -0.3978279 0.8447188 -0.3539215 -0.4014843 0.994564 -0.06746071 -0.07931905 0.9409787 -0.2255238 -0.2523853 0.9422794 -0.2205365 -0.2519388 0.9939815 -0.07400864 -0.08076769 0.1086977 -0.4619653 -0.8802118 0.1122621 -0.4610795 -0.8802289 0.3078839 -0.4425832 -0.842216 0.328231 -0.4396765 -0.8360317 0.5436218 -0.3885747 -0.7439658 0.5311498 -0.3940971 -0.7500449 0.6929116 -0.3349073 -0.6385223 0.6971178 -0.332733 -0.6350713 0.8483638 -0.2467967 -0.46837 0.8435094 -0.2499706 -0.4754018 0.9943357 -0.04855149 -0.09454846 0.9412716 -0.1575268 -0.2986522 0.9943647 -0.04945588 -0.0937708 0.9416626 -0.1561467 -0.2981438 0.1077653 -0.2388619 -0.9650554 0.1163733 -0.2375955 -0.9643681 0.3145864 -0.2274881 -0.9215664 0.3218411 -0.226055 -0.9194114 0.5377916 -0.2016718 -0.8186017 0.541741 -0.2006939 -0.8162345 0.6967517 -0.1722738 -0.696318 0.6929593 -0.1720604 -0.7001448 0.846732 -0.128297 -0.5163185 0.8442251 -0.1280017 -0.5204803 0.9942031 -0.02544218 -0.1044656 0.9942356 -0.02630525 -0.1039407 0.9419718 -0.08000218 -0.3260197 0.9431283 -0.07955247 -0.3227701 0.116377 0 -0.9932052 0.1316327 0 -0.9912986 0.319402 0 -0.9476193 0.3217753 0 -0.9468161 0.5432265 0 -0.8395862 0.541527 0 -0.8406835 0.6990656 0 -0.7150575 0.6968258 0 -0.7172405 0.8419137 0 -0.5396122 0.8409494 0 -0.5411138 0.9942842 0 -0.1067661 0.9942456 0 -0.1071254 0.9444895 0 -0.3285419 0.9431258 0 -0.3324363 0.1250019 0.2380897 -0.9631655 0.1087116 0.2378066 -0.9652097 0.3218234 0.2260426 -0.9194208 0.3165839 0.2276006 -0.9208543 0.5404718 0.2015421 -0.8168666 0.5433492 0.1999295 -0.8153527 0.6991615 0.1705095 -0.6943341 0.6927804 0.1731951 -0.700042 0.8432154 0.1292258 -0.5218129 0.8442016 0.1279981 -0.5205193 0.9943792 0.02505218 -0.1028717 0.9942039 0.02608948 -0.1042971 0.9436597 0.07800477 -0.3215925 0.9413101 0.08168393 -0.3275106 0.1087965 0.4604426 -0.8809971 0.1096556 0.4619306 -0.8801113 0.3161416 0.4415209 -0.8397107 0.3353509 0.4382427 -0.8339563 0.544228 0.3904634 -0.7425323 0.5327107 0.3918126 -0.7501348 0.6893919 0.3369242 -0.6412652 0.696869 0.3331187 -0.6351422 0.8461811 0.2484112 -0.4714547 0.8439635 0.2500633 -0.4745463 0.994329 0.05010181 -0.09380733 0.9943755 0.04907166 -0.09385848 0.9411183 0.1574257 -0.299188 0.9424359 0.1544976 -0.2965556 0.1127587 0.6599767 -0.742776 0.1242672 0.6562865 -0.744208 0.3342391 0.6252328 -0.7052434 0.3289521 0.6253915 -0.7075847 0.5337758 0.5607243 -0.6329863 0.515457 0.5681742 -0.6414688 0.7028301 0.4717471 -0.5324327 0.6971063 0.4749515 -0.5370884 0.8441178 0.3556237 -0.4012444 0.8431406 0.3572601 -0.4018449 0.9435641 0.2206722 -0.2469632 0.9942578 0.07045918 -0.08054333 0.9941862 0.07226753 -0.07982128 0.9429628 0.2194027 -0.2503668 0.1200836 0.8173437 -0.5634974 0.1271702 0.8169863 -0.5624599 0.3290243 0.7766505 -0.5371752 0.3227655 0.7786307 -0.5381048 0.517729 0.7045785 -0.4853101 0.5238993 0.7013961 -0.483294 0.7029347 0.5851456 -0.4043358 0.6977158 0.5905611 -0.4055001 0.8459413 0.4392959 -0.3023288 0.8487634 0.4340707 -0.3019662 0.943539 0.2719304 -0.1891778 0.9941676 0.08872938 -0.06130254 0.9941551 0.08931857 -0.06064617 0.9407449 0.279891 -0.1914684 0.1204714 0.9282692 -0.3518567 0.1050248 0.929664 -0.3531216 0.3270303 0.8835554 -0.3352329 0.3331039 0.8815057 -0.334648 0.5194293 0.7991386 -0.3026066 0.5212392 0.7983292 -0.3016291 0.7023211 0.6657179 -0.2521206 0.6990698 0.6685094 -0.2537649 0.8463984 0.4983268 -0.1878302 0.8489837 0.4934597 -0.1890087 0.9417002 0.3145473 -0.119419 0.9946143 0.09656447 -0.03765261 0.9941092 0.1014854 -0.03804749 0.9411369 0.3160206 -0.1199682 0.1076256 0.9869731 -0.1195865 0.1231424 0.9851395 -0.1197336 0.3240092 0.9391462 -0.1141167 0.3153004 0.9420559 -0.1145277 0.5234991 0.8458482 -0.1024194 0.539613 0.8357771 -0.101462 0.6997251 0.7091718 -0.08637195 0.6952829 0.7135041 -0.08656567 0.847196 0.5274391 -0.06377339 0.8461349 0.5290774 -0.06428831 0.9942806 0.1060042 -0.01300895 0.9942441 0.1063715 -0.01280289 0.9410791 0.3357374 -0.0406295 0.9427944 0.3309401 -0.04021757 0.1229755 0.9852234 0.1192138 0.110163 0.9865924 0.1204146 0.3134672 0.9427142 0.1141418 0.3222007 0.9397522 0.1142476 0.5389519 0.8362153 0.1013653 0.524411 0.8452613 0.1025982 0.7006239 0.708281 0.08639651 0.6949284 0.713848 0.08657741 0.845972 0.5293368 0.06429702 0.8488637 0.5247521 0.06376272 0.9940127 0.1085082 0.01284068 0.9942976 0.1058461 0.01299721 0.9427532 0.3310629 0.04017233 0.9414899 0.3345791 0.04066735 0.11335 0.9290814 0.3520789 0.1203736 0.9280414 0.3524901 0.3190951 0.8862611 0.3357375 0.3270335 0.8835643 0.3352064 0.5200222 0.798536 0.3031789 0.5238162 0.7964773 0.3020605 0.6983252 0.6696115 0.2529083 0.7047228 0.6628203 0.2530514 0.8473542 0.4963905 0.188646 0.8481069 0.4955738 0.1874071 0.9945728 0.09693688 0.03779399 0.9940245 0.1023561 0.03792947 0.9418518 0.3140658 0.11949 0.9414798 0.3151234 0.1196377 0.112796 0.8167991 0.5657883 0.1221284 0.8169765 0.5635905 0.3314462 0.7771843 0.5349094 0.3239115 0.7781458 0.5381177 -0.7522432 0 0.6588857 -0.5708799 0.1964372 0.7971879 -0.5706269 0.1965334 0.7973453 -0.1212174 0.9853808 -0.1197124 -0.3558604 0.4342619 0.8275144 -0.3557061 0.4343501 0.8275344 -0.120751 0.6583403 0.7429719 -0.1218194 0.6581411 0.742974 -0.889812 0.1091902 0.4430714 -0.8898226 0.1092464 0.4430363 -0.7521668 0.1577203 0.6398199 -0.7522626 0.1576583 0.6397225 -0.5705023 0.3817417 0.7271868 -0.5710738 0.3814808 0.726875 -0.355895 0.6196622 0.699541 -0.3560616 0.6196693 0.6994499 -0.1207563 0.8169057 0.5639884 -0.1208162 0.8169546 0.5639048 -0.8898213 0.2120049 0.4040696 -0.752114 0.3062492 0.5835547 -0.8897961 0.2121078 0.404071 -0.7522266 0.3062194 0.5834252 -0.5710749 0.5443282 0.6144756 -0.5706775 0.5445735 0.6146276 -0.3561791 0.7689654 0.5308755 -0.3561644 0.769043 0.5307729 -0.1209347 0.9854151 0.1197165 -0.120894 0.9281727 0.3519663 -0.1211856 0.9853903 0.1196666 -0.120898 0.9281767 0.3519546 -0.8898571 0.3024838 0.3415524 -0.889788 0.3026716 0.3415658 -0.7520373 0.4371036 0.4933361 -0.7520254 0.4370746 0.4933797 -0.571206 0.6754658 0.4663367 -0.571053 0.675613 0.4663107 -0.3563441 0.9275459 0.1125947 -0.3557323 0.9277753 0.1126397 -0.3561315 0.8737028 0.3313817 -0.3557635 0.8738822 0.3313038 -0.751955 0.5425113 0.3744933 -0.8898188 0.37551 0.2592583 -0.8898044 0.3756092 0.259164 -0.7518592 0.542636 0.3745051 -0.5711716 0.7675011 0.2910419 -0.5703632 0.8154036 0.09900808 -0.5708451 0.7676783 0.2912149 -0.5708459 0.8150739 0.09894299 -0.7520061 0.6163002 0.2337967 -0.7519227 0.6164075 0.2337824 -0.8899206 0.4264427 0.1618273 -0.8898149 0.4529938 0.05501073 -0.8897804 0.4530634 0.05499637 -0.7521046 0.6542377 0.07944685 -0.8897763 0.4267474 0.1618174 -0.7520719 0.6542741 0.07945615 -0.1209106 0.9854235 -0.1196707 -0.3563598 0.92754 -0.112594 -0.3557013 0.927787 -0.1126411 -0.121034 0.9281625 -0.3519448 -0.1209273 0.9281581 -0.3519932 -0.5703632 0.8154036 -0.09900808 -0.5708459 0.8150739 -0.09894299 -0.3559335 0.8738098 -0.3313124 -0.3557569 0.8738576 -0.331376 -0.1210168 0.8169135 -0.5639215 -0.1212989 0.8168969 -0.5638848 -0.8898229 0.4529784 -0.05500888 -0.8897804 0.4530634 -0.05499637 -0.7520721 0.6542744 -0.07945132 -0.7520476 0.6543037 -0.07944202 -0.5712684 0.7674269 -0.2910472 -0.570672 0.7678072 -0.2912142 -0.3556691 0.7691982 -0.53088 -0.3557814 0.769098 -0.53095 -0.1214509 0.6582353 -0.7429509 -0.121311 0.6582496 -0.7429611 -0.8899046 0.4264718 -0.1618384 -0.8897944 0.4267097 -0.1618173 -0.7521372 0.6161419 -0.2337921 -0.7520136 0.6163212 -0.2337177 -0.5712995 0.6754654 -0.4662227 -0.5710445 0.6755878 -0.4663578 -0.356433 0.6195754 -0.6993439 -0.3557015 0.619686 -0.6996183 -0.1208885 0.4612405 -0.8790013 -0.1210888 0.461343 -0.8789198 -0.7520444 0.5424535 -0.3743973 -0.8897846 0.3755604 -0.2593027 -0.8897668 0.3756708 -0.2592036 -0.7520953 0.5424033 -0.374368 -0.5709797 0.5444636 -0.6144442 -0.5704138 0.5445838 -0.614863 -0.3562015 0.4342624 -0.8273674 -0.3562414 0.434205 -0.8273804 -0.1214463 0.2375617 -0.9637507 -0.1206911 0.2375582 -0.9638465 -0.7523819 0.4368457 -0.493039 -0.8898364 0.3025536 -0.3415445 -0.7520658 0.4370611 -0.4933303 -0.8897085 0.3027535 -0.3417004 -0.5710738 0.3814808 -0.726875 -0.5703425 0.3816931 -0.7273375 -0.356431 0.2236394 -0.9071617 -0.3557043 0.223627 -0.9074501 -0.121725 0 -0.9925639 -0.1215258 0 -0.9925883 -0.7523861 0.3061605 -0.5832503 -0.8898143 0.2120032 -0.4040856 -0.7519999 0.3062486 -0.583702 -0.8897956 0.2121379 -0.4040563 -0.5708051 0.1965295 -0.7972188 -0.570876 0.1964716 -0.7971824 -0.3557004 0 -0.9346001 -0.3556491 0 -0.9346196 -0.1206083 -0.2376153 -0.9638427 -0.1213247 -0.2375105 -0.9637786 -0.7518818 0.1577257 -0.6401534 -0.7521031 0.1577663 -0.6398834 -0.8898722 0.1091599 -0.442958 -0.8897618 0.1092593 -0.443155 -0.5709074 0 -0.8210146 -0.5710645 0 -0.8209053 -0.355815 -0.2236704 -0.9073959 -0.3562025 -0.2236192 -0.9072565 -0.1208864 -0.4613032 -0.8789687 -0.120486 -0.4613389 -0.8790049 -0.7519928 0 -0.6591714 -0.8898046 0 -0.4563418 -0.7519656 0 -0.6592025 -0.8898275 0 -0.4562971 -0.5709909 -0.1964772 -0.7970987 -0.5706866 -0.1965411 -0.7973007 -0.3563094 -0.4341793 -0.8273646 -0.3564329 -0.4342697 -0.8272639 -0.1208778 -0.6582784 -0.7430062 -0.1214461 -0.6582095 -0.7429746 -0.8898199 -0.1092256 -0.4430466 -0.889812 -0.1091902 -0.4430714 -0.7520176 -0.1576929 -0.640002 -0.7519132 -0.1578117 -0.6400954 -0.5706952 -0.3815395 -0.7271414 -0.570716 -0.3816379 -0.7270734 -0.3561742 -0.6196893 -0.6993748 -0.3562834 -0.619552 -0.6994408 -0.1211402 -0.8169409 -0.5638552 -0.1210279 -0.8169736 -0.5638319 -0.7520661 -0.3063303 -0.5835738 -0.7522777 -0.3061239 -0.5834094 -0.8898783 -0.2119452 -0.4039751 -0.8897372 -0.2121981 -0.404153 -0.5707263 -0.544534 -0.6146171 -0.5707293 -0.5444741 -0.6146674 -0.3562887 -0.7689584 -0.5308119 -0.3557179 -0.769162 -0.5308998 -0.1209606 -0.9281417 -0.3520251 -0.1209481 -0.9281331 -0.3520519 -0.7523016 -0.4368839 -0.4931277 -0.7521803 -0.4369976 -0.4932119 -0.8897786 -0.3026139 -0.3416416 -0.889742 -0.302745 -0.3416206 -0.5706401 -0.6758577 -0.4664614 -0.5708193 -0.6756871 -0.4664894 -0.3558548 -0.873812 -0.3313909 -0.3563742 -0.8736411 -0.3312833 -0.1206228 -0.9854633 -0.1196341 -0.1209452 -0.9854194 -0.1196699 -0.7520444 -0.5424535 -0.3743973 -0.7523223 -0.5421448 -0.3742863 -0.8898226 -0.3755356 -0.2592083 -0.8897023 -0.3757404 -0.2593242 -0.5707545 -0.7677857 -0.291109 -0.5707338 -0.7677686 -0.2911947 -0.3563573 -0.9275326 -0.112662 -0.3561354 -0.927625 -0.1126037 -0.1206226 -0.9854583 0.1196749 -0.120936 -0.9854254 0.1196295 -0.8899261 -0.4264453 -0.1617898 -0.7519693 -0.6163853 -0.2336909 -0.8897765 -0.4267565 -0.1617928 -0.7521802 -0.6161173 -0.2337188 -0.5709637 -0.8149861 -0.09898614 -0.5707148 -0.8151623 -0.098971 -0.356256 -0.9275729 0.1126517 -0.3562894 -0.9275645 0.1126141 -0.1208207 -0.9281517 0.3520466 -0.1208763 -0.9281405 0.3520573 -0.8897994 -0.4530251 -0.05500495 -0.8898071 -0.4530105 -0.05500042 -0.7520071 -0.6543505 -0.07944101 -0.7521201 -0.6542207 -0.07944053 -0.5708673 -0.815056 0.09896588 -0.570867 -0.8150528 0.09899425 -0.3564446 -0.8736004 0.3313149 -0.355985 -0.873762 0.3313829 -0.1209015 -0.8169325 0.5639186 -0.1207522 -0.8170123 0.5638349 -0.8898149 -0.4529938 0.05501073 -0.8897804 -0.4530634 0.05499637 -0.7520561 -0.6542921 0.07945835 -0.7520733 -0.6542754 0.07943278 -0.5708451 -0.7676783 0.2912149 -0.5707698 -0.7677749 0.2911075 -0.3561102 -0.7689762 0.5309061 -0.3565458 -0.7689481 0.5306543 -0.1211606 -0.6582634 0.7429735 -0.1209402 -0.6582381 0.7430317 -0.8898913 -0.4265024 0.1618307 -0.8897933 -0.4267271 0.1617771 -0.7519996 -0.6163448 0.2337003 -0.7519538 -0.6163771 0.233762 -0.5706672 -0.6758203 0.4664824 -0.5708666 -0.6756929 0.4664231 -0.3558184 -0.6197395 0.6995114 -0.3565762 -0.6195482 0.6992951 -0.1212816 -0.4612866 0.8789229 -0.1211666 -0.4612946 0.8789346 -0.8898739 -0.3754035 0.2592232 -0.7518823 -0.5425791 0.3745411 -0.7521674 -0.5422908 0.3743858 -0.8897833 -0.3756225 0.259217 -0.5710875 -0.5443402 0.6144533 -0.5705796 -0.5446209 0.6146764 -0.3559646 -0.4342361 0.8274832 -0.3557114 -0.4343565 0.8275288 -0.1215264 -0.2376153 0.9637274 -0.1208938 -0.2375153 0.9638315 -0.889819 -0.3025999 0.3415487 -0.8898214 -0.3026418 0.3415053 -0.7520576 -0.4371061 0.4933028 -0.752072 -0.4370167 0.4933601 -0.570873 -0.3815383 0.7270025 -0.570831 -0.3816294 0.7269877 -0.3559378 -0.2237019 0.90734 -0.3558788 -0.2236096 0.9073859 -0.120556 0 0.9927066 -0.1208902 0 0.992666 -0.8897504 -0.2120612 0.4041962 -0.8898719 -0.21201 0.4039551 -0.7519086 -0.3063846 0.5837484 -0.7522609 -0.30619 0.5833964 -0.5706784 -0.1964666 0.7973251 -0.570796 -0.1965009 0.7972323 -0.356263 0 0.9343857 -0.3564375 0 0.9343193 -0.1210691 0.2376015 0.9637883 -0.1214514 0.2375364 0.9637563 -0.8898081 -0.1091897 0.4430791 -0.8897603 -0.1092557 0.443159 -0.7523409 -0.1576728 0.6396269 -0.7521314 -0.157692 0.6398684 -0.5706025 0 0.8212264 -0.5708628 0 0.8210456 -0.3561092 0.2236013 0.9072975 -0.3557043 0.223698 0.9074324 -0.1217271 0.4612073 0.8789029 -0.1212237 0.4613191 0.8789139 -0.8898648 0 0.4562247 -0.7521197 0 0.6590266 -0.8898343 0 0.456284 -0.9982822 -0.05475538 0.02084374 -0.9846448 0.1436635 -0.09917348 -0.9982759 0.04828464 -0.03337359 -0.9846209 0.1437818 -0.09924018 -0.9982597 -0.05516719 0.02083796 -0.9846355 -0.1632803 0.06190663 -0.9846733 -0.1630325 0.0619592 -0.9572594 0.1343981 -0.2561088 -0.9572894 0.1343382 -0.2560283 -0.9572227 -0.1919218 0.216543 -0.9846495 0.1156678 -0.1307154 -0.9982746 0.03888279 -0.04400068 -0.9573431 -0.1914341 0.2164422 -0.9846955 -0.1433069 0.09918606 -0.9982666 0.03914958 -0.04394519 -0.9846587 -0.1437029 0.09897905 -0.9846292 0.1159682 -0.1306019 -0.9982718 -0.0483511 0.03339976 -0.9982645 -0.04849803 0.03340691 -0.9572623 -0.1345031 0.2560424 -0.957329 0.06910783 -0.2806158 -0.9572648 0.06928056 -0.2807928 -0.9982674 0.02740496 -0.05207186 -0.9982734 0.02724868 -0.05203521 -0.9574056 -0.1339884 0.2557766 -0.9847093 -0.1154592 0.1304487 -0.9846484 0.08125913 -0.1544818 -0.9982616 -0.03923314 0.04398387 -0.9982872 -0.03862291 0.04394543 -0.984655 0.08101654 -0.1545665 -0.9846091 -0.115912 0.1308028 -0.9573414 -0.06921976 0.2805463 -0.9573214 0 -0.2890255 -0.9572343 0 -0.2893142 -0.9982764 0.01392942 -0.05701041 -0.957329 -0.06910783 0.2806158 -0.9846579 0.04182225 -0.16941 -0.98462 -0.0813477 0.1546158 -0.9846376 0.04172813 -0.1695513 -0.9982708 0.0141431 -0.05705749 -0.9982716 -0.02738082 0.05200147 -0.9982753 -0.02723717 0.05200666 -0.9846392 -0.08105498 0.1546477 -0.9574391 0 0.2886355 -0.9572657 -0.06923943 -0.2807996 -0.9572363 -0.0692166 -0.2809056 -0.984664 0 -0.1744616 -0.9573791 0 0.2888346 -0.9982728 0 -0.0587483 -0.984656 -0.04182219 0.1694211 -0.9982731 -0.01394116 0.05706506 -0.9982728 0 -0.05874967 -0.9982703 -0.01413756 0.05706572 -0.9846651 0 -0.1744557 -0.9846463 -0.0416994 0.1695082 -0.9573206 -0.1342457 -0.2559599 -0.9572473 -0.1344278 -0.2561383 -0.9573952 0.0690906 0.2803943 -0.984656 -0.04182219 -0.1694211 -0.9982731 -0.01394116 -0.05706506 -0.957381 0.069148 0.2804288 -0.9846424 0 0.1745838 -0.9846567 -0.04168534 -0.1694509 -0.9846427 0 0.1745818 -0.9982692 0 0.05881106 -0.9982739 -0.01412338 -0.05700844 -0.9982705 0 0.05878788 -0.9573399 0.1342476 0.2558867 -0.9573204 -0.1916021 -0.2163939 -0.9572815 -0.1917956 -0.2163947 -0.9982749 -0.02715456 -0.05205726 -0.957284 0.1343374 0.2560485 -0.9846406 -0.08128881 -0.1545152 -0.9982714 0.01399987 0.05708253 -0.9846568 -0.08097505 -0.1545765 -0.9982713 -0.02738618 -0.05200552 -0.984656 0.04182219 0.1694211 -0.998268 0.01415455 0.05710369 -0.957163 -0.2384416 -0.16427 -0.9846471 0.04171812 0.1694985 -0.9574313 -0.2374609 -0.1641274 -0.9572575 0.1917911 0.216505 -0.9846301 -0.1159251 -0.1306336 -0.9846644 -0.1156119 -0.1306523 -0.9573917 0.1913058 0.2163403 -0.9982792 -0.03883367 -0.04393851 -0.9982782 0.02721422 0.05196285 -0.9982632 -0.03918415 -0.04399007 -0.9846655 0.08092737 0.1545467 -0.9846095 0.08134686 0.154683 -0.9573901 -0.2699888 -0.1025189 -0.9982666 0.02740758 0.05208307 -0.9572896 0.2380391 0.1641159 -0.9573006 -0.2703263 -0.1024664 -0.9982777 -0.04820144 -0.03344237 -0.9573585 0.2376997 0.1642061 -0.9982723 -0.0483731 -0.03335464 -0.9846128 -0.1439106 -0.09913355 -0.9982827 0.03867179 0.04400104 -0.9846929 -0.1433885 -0.09909451 -0.9846439 0.1157162 0.1307147 -0.9982673 0.03914195 0.04393661 -0.9572947 -0.2870071 -0.03483974 -0.9846501 0.1157872 0.1306046 -0.9572259 -0.2872365 -0.03484153 -0.9573718 0.2867457 0.03487271 -0.9574456 0.2698099 0.1024726 -0.9572899 0.287022 -0.03484678 -0.9572899 0.287022 0.03484678 -0.9982881 -0.05466312 -0.02080863 -0.9573791 0.286722 -0.03486984 -0.9572198 0.2706144 0.1024609 -0.9982771 0.04829007 0.03333121 -0.9846131 -0.1633984 -0.06195139 -0.9847072 0.143231 0.09917974 -0.9982556 -0.0552293 -0.02087068 -0.9982613 0.04857224 0.03339648 -0.984695 -0.1629055 -0.06194823 -0.9846173 0.1438576 0.09916585 -0.9573593 0.2700775 -0.1025742 -0.9572656 0.2704468 -0.1024757 -0.998286 0.05469769 0.02081519 -0.9571517 -0.287476 0.03490185 -0.9983004 0.05784493 0.007105231 -0.9982595 0.0551809 0.02080929 -0.9982886 0.05804616 -0.007104039 -0.984623 0.1633695 0.06187158 -0.9845726 0.1737049 0.02105891 -0.9573675 -0.2867703 0.03478944 -0.9982602 0.05853629 0.007083773 -0.9982615 0.05851334 -0.007080972 -0.9846988 0.1629061 0.06188714 -0.9982746 -0.0582903 -0.007081687 -0.9846721 0.1731421 -0.02104157 -0.9846602 0.173209 0.02104967 -0.9845866 0.1736264 -0.02104943 -0.9982738 -0.05830782 -0.007058501 -0.9846857 -0.173067 -0.02102607 -0.9846289 -0.1733943 -0.02098739 -0.9573481 0.237784 -0.1641451 -0.9572311 0.238184 -0.1642474 -0.9982873 0.05467462 -0.02081304 -0.9574764 -0.2697214 0.1024174 -0.9573023 -0.2703238 0.1024568 -0.9846223 0.1633694 -0.06188303 -0.9982609 -0.05852478 0.007070064 -0.998263 0.05511832 -0.02080732 -0.9983002 -0.05785101 0.007072985 -0.9846718 0.1630648 -0.06189781 -0.9845726 -0.1737049 0.02105891 -0.9847089 -0.1729417 0.02096819 -0.9572041 0.1918898 -0.2166533 -0.9573268 0.1917129 -0.2162674 -0.9573056 -0.2378591 0.1642833 -0.9982832 0.04814052 -0.03336715 -0.9573221 -0.2379786 0.1640141 -0.9388823 0.3218756 0.1220507 -0.9388853 0.3417196 0.04150098 -0.9388862 0.3218547 0.1220755 -0.9388821 0.2833114 0.1955382 -0.9388846 0.2832967 0.1955476 -0.9388757 0.2281995 0.2577548 -0.9388859 -0.3417183 -0.04149532 -0.9388844 0.2282729 0.257658 -0.9388712 -0.3417642 -0.04145115 -0.9388888 -0.3218589 -0.1220443 -0.9388871 0.159969 0.3047967 -0.9388666 -0.2832964 -0.1956341 -0.9388645 0.1600452 0.304826 -0.938898 0.08242273 0.3341811 -0.938884 -0.3218696 -0.1220526 -0.9388809 0.08237642 0.3342408 -0.9388821 -0.2283015 -0.2576412 -0.9388721 0 0.3442661 -0.9388853 -0.2832911 -0.1955525 -0.9388862 0 0.344228 -0.9388776 -0.1598948 -0.3048645 -0.938885 -0.08237373 0.3342298 -0.9388878 -0.2282673 -0.2576503 -0.9388822 -0.08238631 0.3342346 -0.9388895 -0.08240544 -0.3342096 -0.9388714 -0.1599963 0.3048307 -0.9388858 -0.1599838 -0.3047929 -0.9388865 -0.159965 0.3048006 -0.9388908 -0.2282329 0.2576702 -0.9388908 0 -0.3442151 -0.9388946 -0.2832377 0.1955851 -0.9388827 -0.08238595 -0.3342333 -0.9388777 -0.2282991 0.257659 -0.9388924 -0.3218545 0.1220275 -0.9388778 0.08241301 -0.3342403 -0.9388847 -0.283283 0.1955667 -0.9388816 -0.3218745 0.122058 -0.9388807 -0.3417387 0.04144805 -0.9388852 0 -0.3442307 -0.9388859 -0.3417183 0.04149532 -0.9388797 0.1599327 -0.3048388 -0.938887 0.08238583 -0.3342214 -0.9388823 0.2282525 -0.2576837 -0.9388864 0.1599878 -0.3047891 -0.938885 0.2282555 -0.2576713 -0.9388732 0.283339 -0.1955412 -0.9388825 0.2833097 -0.1955386 -0.9388846 0.3218666 -0.1220565 -0.9388844 0.3218598 -0.1220753 -0.9388858 0.3417183 -0.04150104 -0.938881 0.341726 -0.04154515 -0.9388844 0.3417167 0.04154402 0 0 1 0 -0.2392957 0.9709468 0 -0.992711 -0.1205204 0 -0.4646989 0.8854688 0 -0.9350101 -0.3546211 0 -0.9927126 -0.1205066 0 -0.4646996 0.8854685 0 -0.6631349 0.7484999 0 -0.8230093 -0.5680279 0 -0.6631291 0.7485051 0 -0.8230158 0.5680186 0 -0.6630908 -0.7485391 0 -0.9350015 0.3546439 0 -0.8230164 -0.5680178 0 -0.8230099 0.5680271 0 -0.9927125 0.1205068 0 -0.9350017 0.3546433 0 -0.4646989 -0.8854688 0 -0.663098 -0.7485326 0 -0.992711 0.1205201 0 -0.2393695 -0.9709286 0 -0.4646996 -0.8854685 0 0 -1 0 0.2393695 -0.9709286 0 0.4646989 -0.8854688 0 0.6631315 -0.748503 0 0.4646939 -0.8854714 0 0.8229774 -0.5680743 0 0.663132 -0.7485026 0 0.8229715 -0.5680828 0 0.9350374 -0.3545493 0 0.9350419 -0.3545373 0 0.9927011 -0.1206013 0 0.9927028 -0.1205876 0 0.9927027 0.1205878 0 0.9927011 0.1206011 0 0.9350333 0.35456 0 0.9350289 0.3545714 0 0.8229709 0.5680835 0 0.8229779 0.5680735 0 0.6631689 0.7484698 0 0.6631699 0.7484689 0 0.4646933 0.8854718 0 0.4646996 0.8854685 0 0.2392957 0.9709468 0 -0.4647655 -0.8854338 0 -0.4647663 -0.8854334 0 -0.2393273 -0.970939 0 0.992709 0.1205364 0 0.9927071 0.1205519 0 0.2393532 -0.9709326 0 0.2393495 -0.9709335 0 0.9350212 0.3545919 0 0.8229648 0.5680926 0 0.9350265 0.3545779 0 0.4647589 -0.8854373 0 0.4647663 -0.8854334 0 0.8229722 0.5680817 0 0.6630917 -0.7485382 0 0.6630838 -0.7485452 0 0.6631348 0.7485001 0 0.4646951 0.8854708 0 0.6631274 0.7485066 0 0.8229895 -0.5680567 0 0.8229973 -0.5680453 0 0.2393495 0.9709335 0 0.4646882 0.8854745 0 0.9350265 -0.3545779 0 0.9350212 -0.3545919 0 0.9927057 -0.1205629 0 0.9927076 -0.1205471 0 0.2393532 0.9709326 0 -0.2393273 0.970939 0 -0.4646951 0.8854708 0 -0.6631348 0.7485001 0 -0.4646947 0.8854711 0 -0.6631353 0.7484996 0 -0.8229648 0.5680926 0 -0.9350265 0.3545779 0 -0.9350212 0.3545919 0 -0.9927089 0.1205362 0 -0.9927071 0.1205521 0 -0.9927057 -0.1205629 0 -0.9927076 -0.1205471 0 -0.9350212 -0.3545919 0 -0.9350265 -0.3545779 0 -0.8229898 -0.5680562 0 -0.8229895 -0.5680567 0 -0.6630917 -0.7485382 1 0 0 1 -1.73355e-5 0 1 -1.50105e-5 0 1 -7.50616e-6 0 1 -8.66671e-6 0 1 -1.50119e-5 0 1 -1.73346e-5 0 1 -7.50661e-6 0 1 1.73322e-5 0 1 -3.46672e-5 0 1 3.00235e-5 0 1 1.50111e-5 0 1 8.66671e-6 0 1 7.50525e-6 0 1 -1.50114e-5 0 1 -1.73328e-5 0 1 -1.50132e-5 0 1 -4.33351e-6 0 1 -1.50123e-5 0 1 8.66701e-6 0 1 7.5057e-6 0 1 -1.73322e-5 0 1 1.7334e-5 0 -1 -8.42389e-5 0 -1 6.01486e-5 0 -1 4.81875e-5 0 -1 -1.86999e-4 0 -1 2.74801e-4 0 -1 0 0 -1 -9.35979e-5 0 -1 9.017e-5 0 -1 -4.21594e-5 0 -1 -6.39775e-5 0 -1 7.73335e-5 0 -1 1.31176e-5 0 -1 -1.37817e-4 0 -1 5.19792e-5 0 -1 1.37893e-4 0 -1 1.63388e-5 0 -1 -1.93289e-5 0 -1 3.19918e-5 0 1 -6.27195e-5 0 1 9.22765e-5 0 1 -2.8261e-5 0 1 3.71842e-7 0 1 -4.61127e-5 0 -0.5239646 -0.7013428 0.4833006 -0.5205697 -0.7031575 0.4843313 -0.7028524 -0.5854172 0.4040856 -0.6911157 -0.5945912 0.4108778 -0.8462399 -0.4386473 0.3024343 -0.8489927 -0.4335756 0.3020327 -0.9429202 -0.2748593 0.1880263 -0.9944949 -0.08579951 0.06015259 -0.9944268 -0.08703374 0.05950218 -0.9411333 -0.2782664 0.191927 -0.1217674 -0.6583049 0.7428374 -0.1098593 -0.6586205 0.7444126 -0.3304921 -0.625991 0.7063358 -0.3382421 -0.6233442 0.7050066 -0.529008 -0.5637603 0.6342908 -0.5261176 -0.5636698 0.6367707 -0.6971063 -0.4749515 0.5370884 -0.6928355 -0.4780026 0.5399006 -0.84634 -0.3532887 0.3986175 -0.8462032 -0.3531798 0.3990042 -0.9438112 -0.2190154 0.2474929 -0.9943168 -0.07126671 0.07909005 -0.9945573 -0.06798732 0.07895368 -0.9426943 -0.2212445 0.2497568 -0.1142052 -0.4625312 0.8792168 -0.1215786 -0.4605302 0.8792785 -0.3229603 -0.43979 0.8380224 -0.3407304 -0.4375288 0.8321487 -0.5323134 -0.393449 0.7495601 -0.5320007 -0.3926183 0.7502176 -0.6968756 -0.3331218 0.6351332 -0.6983324 -0.3334259 0.6333712 -0.8461958 -0.2484244 0.4714212 -0.8484311 -0.2453573 0.4690037 -0.9944455 -0.04855686 0.09338289 -0.9944558 -0.04943197 0.09281307 -0.941456 -0.1577742 0.2979395 -0.9415583 -0.1556295 0.2987432 -0.1067578 -0.2373454 0.9655413 -0.1094777 -0.2379835 0.9650796 -0.3385204 -0.2253457 0.9135771 -0.3339154 -0.2261694 0.9150671 -0.5324271 -0.2015892 0.8221212 -0.5271211 -0.2039534 0.8249525 -0.6992372 -0.1714869 0.6940169 -0.6968736 -0.1713466 0.6964249 -0.8506413 -0.1264467 0.5103144 -0.84496 -0.1269411 0.5195466 -0.9944227 -0.025249 0.1024015 -0.994368 -0.02478688 0.1030431 -0.9418876 -0.0812003 0.325967 -0.9413868 -0.08071804 0.3275297 -0.09919679 0 0.9950678 -0.102365 0 0.994747 -0.338575 0 0.9409394 -0.3339561 0 0.9425886 -0.5323184 0 0.8465442 -0.529908 0 0.8480552 -0.6964327 0 0.7176221 -0.7007336 0 0.7134231 -0.8474223 0 0.5309196 -0.846403 0 0.5325432 -0.9944233 0 0.1054629 -0.9943671 0 0.1059921 -0.9413914 0 0.3373164 -0.9413911 0 0.3373171 -0.1067336 0.2382446 0.9653225 -0.09921646 0.2377632 0.9662427 -0.3403726 0.2253322 0.9128921 -0.3408859 0.2246748 0.9128625 -0.5267277 0.2033324 0.825357 -0.5319414 0.2028332 0.8221296 -0.6977609 0.1714168 0.6955186 -0.7045062 0.170445 0.6889265 -0.8480725 0.1262598 0.5146179 -0.8464453 0.1271609 0.5170691 -0.9943603 0.02446752 0.1031937 -0.994367 0.0251491 0.1029667 -0.9419848 0.08132123 0.3256555 -0.9413915 0.08071845 0.3275161 -0.1291931 0.4616757 0.8775904 -0.1073147 0.4616315 0.8805566 -0.3199545 0.440913 0.8385851 -0.3291689 0.439992 0.8354969 -0.5327168 0.391817 0.7501282 -0.5323387 0.3931174 0.7497162 -0.6924574 0.3366113 0.6381188 -0.1034913 0.9874401 0.1193799 -0.706431 0.3291816 0.6265738 -0.8483608 0.2467958 0.4683759 -0.8463199 0.2469366 0.4719798 -0.9415145 0.1567115 0.2983154 -0.9424316 0.154497 0.2965694 -0.9943492 0.05049425 0.0933814 -0.9943792 0.04926979 0.09371572 -0.1104921 0.6591423 0.7438569 -0.1230504 0.6572682 0.7435436 -0.318787 0.6281972 0.7097487 -0.3408004 0.6235097 0.7036269 -0.5278242 0.5630185 0.6359339 -0.1037964 0.9872979 -0.120288 -0.1044306 0.9873445 -0.1193535 -0.5345356 0.5614547 0.6316965 -0.698966 0.474488 0.5350773 -0.3295905 0.9372426 -0.1137828 -0.6931536 0.4775058 0.5399318 -0.3336403 0.9358403 -0.1135216 -0.8503285 0.3482004 0.3945861 -0.8457764 0.3549933 0.398299 -0.5297178 0.8419467 -0.102591 -0.9944521 0.07010179 0.07842779 -0.5368912 0.8375118 -0.1015975 -0.9943369 0.07046478 0.0795558 -0.9422653 0.2220502 0.2506588 -0.9412422 0.2238187 0.2529197 -0.6951417 0.7136361 -0.08661168 -0.1115323 0.8168181 0.5660113 -0.698234 0.7106513 -0.08627927 -0.8512074 0.521002 -0.06326961 -0.1066256 0.8187327 0.5641878 -0.8475056 0.5269064 -0.06406229 -0.3378323 0.7736302 0.5360652 -0.9944254 0.1046763 -0.01268887 -0.3267967 0.7780876 0.5364549 -0.9944717 0.1042399 -0.01265102 -0.9407351 0.3366693 -0.04088324 -0.9430347 0.3302078 -0.04060065 -0.102832 0.9301202 -0.3525649 -0.5351834 0.6959882 0.4787266 -0.1010359 0.9302932 -0.3526279 -0.5289888 0.698883 0.481387 -0.3356362 0.8808026 -0.3339689 -0.6916647 0.5942222 0.4104874 -0.334566 0.8811815 -0.3340429 -0.6951172 0.5914257 0.4086904 -0.8482862 0.435064 0.3018774 -0.847323 0.4372032 0.3014916 -0.5376803 0.7882614 -0.2992389 -0.9943349 0.08785694 0.0598278 -0.531257 0.7920559 -0.3006885 -0.994538 0.08546811 0.05991262 -0.9417577 0.2765502 0.1913439 -0.9424905 0.2758509 0.188727 -0.6923456 0.675085 -0.25479 -0.1081907 0.9300606 0.3511157 -0.7002756 0.667289 -0.2536523 -0.1033946 0.9296324 0.353685 -0.8460614 0.4986368 -0.1885247 -0.8473603 0.4963941 -0.1886094 -0.1080561 0.9868493 0.1202185 -0.9945268 0.09750258 -0.037548 -0.3326992 0.8816111 0.3347736 -0.9410206 0.3166873 -0.1191193 -0.9943363 0.09951376 -0.03731483 -0.9443304 0.3070993 -0.1180263 -0.3252484 0.8842083 0.3352451 -0.1041455 0.8179911 -0.5657247 -0.3269869 0.9381409 0.1138919 -0.1216474 0.8173186 -0.5631984 -0.3333302 0.9359492 0.1135348 -0.5313839 0.7921255 0.3002805 -0.5381296 0.7879754 0.2991844 -0.3233152 0.7790727 -0.5371341 -0.5382562 0.8366479 0.1014927 -0.529565 0.8420413 0.1026026 -0.3388557 0.7738409 -0.5351144 -0.6949114 0.6723369 0.2550711 -0.531761 0.6974546 -0.4804032 -0.6982632 0.6697239 0.2527815 -0.5324475 0.6969975 -0.4803063 -0.6954205 0.7133685 0.0865792 -0.698234 0.7106513 0.08627927 -0.8469598 0.497174 0.1883537 -0.6970983 0.5898524 -0.4075883 -0.8527579 0.5184413 0.063425 -0.8484485 0.4947672 0.1879913 -0.8463234 0.5288316 0.06382709 -0.6948919 0.5917978 -0.4085348 -0.9945054 0.09769207 0.03762096 -0.994393 0.1049799 0.01272565 -0.9944432 0.09843522 0.03732448 -0.9429591 0.3113422 0.1178736 -0.8481037 0.4347204 -0.3028833 -0.9418203 0.3336624 0.04054838 -0.8484089 0.4357736 -0.3005058 -0.9944751 0.1042087 0.01264727 -0.9941098 0.09001779 -0.06035459 -0.9406858 0.336805 0.04089969 -0.9419211 0.3139737 0.1191861 -0.9943192 0.0877071 -0.06030625 -0.9437435 0.2716048 -0.1886244 -0.9407394 0.2798894 -0.1914976 -0.1142545 0.6588675 -0.7435318 -0.1223678 0.657123 -0.7437846 -0.3267108 0.6261888 -0.7079179 -0.3335152 0.6263105 -0.7046296 -0.5319347 0.5613034 -0.6340221 -0.5267837 0.5635811 -0.6362982 -0.7016587 0.4720603 -0.5336987 -0.6964885 0.4764441 -0.5365676 -0.846742 0.3526195 -0.3983561 -0.8441333 0.3556302 -0.4012061 -0.9944242 0.06992042 -0.07894122 -0.9417977 0.2218284 -0.252605 -0.9415924 0.2238415 -0.2515925 -0.9943376 0.07017362 -0.07980251 -0.1066827 0.4629266 -0.8799534 -0.1102293 0.4612064 -0.8804193 -0.3129235 0.4420045 -0.8406611 -0.3337353 0.4378744 -0.8347975 -0.543223 0.3902025 -0.7434049 -0.5312411 0.3937575 -0.7501587 -0.692905 0.3349041 -0.6385312 -0.6991325 0.3321315 -0.6331686 -0.8461778 0.2484191 -0.4714566 -0.8461329 0.2465847 -0.472499 -0.9944448 0.04855686 -0.0933904 -0.9412737 0.1575272 -0.2986453 -0.9944387 0.04950463 -0.09295701 -0.9419286 0.1565721 -0.2970785 -0.1069216 0.2380639 -0.9653462 -0.114287 0.2371455 -0.9647282 -0.3188005 0.2262845 -0.9204139 -0.3270027 0.2267608 -0.9174143 -0.537785 0.2016693 -0.8186066 -0.5424603 0.2012777 -0.8156127 -0.700774 0.1704328 -0.6927254 -0.6929009 0.172535 -0.7000858 -0.8469657 0.1261946 -0.5164535 -0.8441157 0.1289621 -0.5204205 -0.9943359 0.02544558 -0.1031931 -0.9943897 0.02544295 -0.1026744 -0.941744 0.08129572 -0.3263576 -0.9431283 0.07955247 -0.3227701 -0.1142768 0 -0.993449 -0.1292662 0 -0.9916099 -0.3246282 0 -0.9458417 -0.3270291 0 -0.9450142 -0.5432401 0 -0.8395774 -0.5416045 0 -0.8406334 -0.699014 0 -0.715108 -0.6968182 0 -0.7172478 -0.8419137 0 -0.5396122 -0.8409529 0 -0.5411084 -0.9944229 0 -0.1054666 -0.9943869 0 -0.1058056 -0.9444917 0 -0.3285353 -0.9431235 0 -0.3324429 -0.122637 -0.2372036 -0.9636881 -0.1067336 -0.2382446 -0.9653225 -0.3269891 -0.2267513 -0.9174214 -0.3219878 -0.2259191 -0.9193936 -0.5403615 -0.2017216 -0.8168953 -0.5432319 -0.2008427 -0.8152064 -0.6990893 -0.1710962 -0.6942625 -0.6928955 -0.1722615 -0.7001584 -0.8434111 -0.1274478 -0.5219339 -0.8440957 -0.128959 -0.5204539 -0.994508 -0.0250554 -0.1016183 -0.9943609 -0.02516335 -0.1030211 -0.9435202 -0.08000254 -0.3215108 -0.9422602 -0.08013069 -0.325154 -0.1066812 -0.4629205 -0.8799567 -0.1076985 -0.4616123 -0.8805198 -0.3212606 -0.4410558 -0.8380103 -0.3410187 -0.4359614 -0.8328529 -0.5443895 -0.3898473 -0.7427377 -0.5323014 -0.3934401 -0.7495734 -0.6895058 -0.3364886 -0.6413713 -0.6968756 -0.3331218 -0.6351332 -0.8443253 -0.248406 -0.474773 -0.8439695 -0.250065 -0.4745344 -0.9943499 -0.05049431 -0.09337389 -0.9944627 -0.0483241 -0.09332126 -0.9419007 -0.1562149 -0.2973551 -0.9421531 -0.1563819 -0.2964666 -0.1069067 -0.6584869 -0.7449605 -0.121766 -0.6582976 -0.7428442 -0.3398107 -0.6234861 -0.7041262 -0.3339418 -0.6251701 -0.7054399 -0.5286874 -0.5619905 -0.636126 -0.5205888 -0.5672087 -0.6381705 -0.7011685 -0.4726049 -0.5338608 -0.6964774 -0.4764364 -0.5365889 -0.8457586 -0.3549858 -0.3983437 -0.8437493 -0.355466 -0.402158 -0.944352 -0.2170487 -0.2471621 -0.9943369 -0.07046478 -0.0795558 -0.9944375 -0.0701943 -0.07852941 -0.9419019 -0.2230036 -0.2511779 -0.114498 -0.8167529 -0.5655131 -0.1251363 -0.8163899 -0.5637806 -0.33372 -0.7760932 -0.5350798 -0.3286136 -0.776229 -0.538035 -0.5205697 -0.7031575 -0.4843313 -0.5239061 -0.7017886 -0.4827163 -0.7029305 -0.5851421 -0.4043483 -0.6966692 -0.5904249 -0.4074931 -0.8483337 -0.4350262 -0.3017982 -0.8473365 -0.4372102 -0.3014435 -0.9439586 -0.2710289 -0.188376 -0.994166 -0.08907419 -0.0608254 -0.9945377 -0.08546805 -0.05991828 -0.9407463 -0.2798914 -0.1914611 -0.116301 -0.9286414 -0.3522773 -0.1029244 -0.9301319 -0.3525072 -0.3321864 -0.8819453 -0.3344022 -0.3384875 -0.8797132 -0.3339622 -0.521394 -0.7979089 -0.3024729 -0.5256692 -0.7952929 -0.3019627 -0.7018981 -0.6659474 -0.2526916 -0.6963029 -0.6715031 -0.253468 -0.848101 -0.4954524 -0.1877543 -0.8457226 -0.4993053 -0.1882752 -0.9419193 -0.3139731 -0.119201 -0.994611 -0.09675204 -0.03725898 -0.9943379 -0.09942466 -0.03751033 -0.9406404 -0.3174176 -0.1201737 -0.1062558 -0.9870396 -0.1202611 -0.1203507 -0.9855497 -0.1191958 -0.3289439 -0.9374691 -0.1137883 -0.3200085 -0.9405129 -0.1141493 -0.5276166 -0.8432598 -0.1026343 -0.539613 -0.8357771 -0.101462 -0.6959975 -0.7128458 -0.08624708 -0.6962699 -0.7125514 -0.08648002 -0.8471784 -0.5274598 -0.06383728 -0.8464108 -0.5286423 -0.06423544 -0.9942827 -0.1060044 -0.01284986 -0.9943127 -0.1057423 -0.01268345 -0.9413391 -0.3350208 -0.04051876 -0.94378 -0.3281035 -0.04034191 -0.1210994 -0.9854115 0.1195798 -0.1076486 -0.9869381 0.1198544 -0.3193036 -0.9407491 0.114178 -0.3269875 -0.9381425 0.1138769 -0.5406842 -0.8350548 0.1017062 -0.5265153 -0.8439731 0.1024267 -0.6972566 -0.7116035 0.08633512 -0.6962581 -0.7125699 0.08642244 -0.8477146 -0.5265271 0.0644142 -0.8471435 -0.5275394 0.06364101 -0.994393 -0.1049799 0.01272565 -0.9942997 -0.1058462 0.01283645 -0.9424639 -0.3318718 0.04028552 -0.9418203 -0.3336624 0.04054838 -0.1113285 -0.9292637 0.3522427 -0.1160962 -0.92877 0.3520059 -0.3241226 -0.8847519 0.3349009 -0.3321881 -0.8819498 0.3343887 -0.5228603 -0.7969246 0.3025367 -0.5262153 -0.7948483 0.3021816 -0.6992893 -0.6681723 0.2540478 -0.700208 -0.6679491 0.2520968 -0.8478973 -0.4955747 0.188351 -0.8483566 -0.4951283 0.1874547 -0.9949762 -0.09291601 0.03727263 -0.9941933 -0.1008439 0.03755199 -0.9410301 -0.3166701 0.1190901 -0.9421907 -0.3127604 0.1202402 -0.1103853 -0.8183739 0.5639851 -0.1172545 -0.8164333 0.5654097 -0.3371616 -0.7750843 0.5343843 -0.3291166 -0.7767567 0.536965 0.7522941 0 0.6588276 0.5706377 -0.1965243 0.79734 0.5706972 -0.1965134 0.7973001 0.1212829 -0.9853728 -0.1197119 0.3558587 -0.4343047 0.8274926 0.3557218 -0.4343692 0.8275176 0.120887 -0.6583118 0.7429751 0.1216535 -0.6581499 0.7429934 0.8897442 -0.1092196 0.4432004 0.8898207 -0.1092275 0.4430447 0.7522106 -0.1577015 0.6397731 0.7524332 -0.1575963 0.6395372 0.570478 -0.381698 0.7272288 0.5710135 -0.3815122 0.7269058 0.3559069 -0.6196695 0.6995285 0.3562099 -0.6196097 0.6994272 0.120746 -0.8169772 0.5638872 0.1208688 -0.8169272 0.5639333 0.8898143 -0.2120032 0.4040856 0.7521669 -0.3061977 0.5835136 0.8898203 -0.2120935 0.4040251 0.7522505 -0.3061832 0.5834135 0.5709989 -0.5443992 0.6144835 0.57065 -0.5445755 0.6146513 0.3561767 -0.7690184 0.5308002 0.3562066 -0.7689923 0.5308181 0.1209347 -0.9854151 0.1197165 0.120894 -0.9281727 0.3519663 0.1212774 -0.9853813 0.1196479 0.1208928 -0.9281629 0.3519924 0.8898921 -0.3024435 0.3414972 0.8897434 -0.3026927 0.3416635 0.7520987 -0.4370366 0.4933017 0.7520698 -0.4370273 0.4933541 0.5710445 -0.6755878 0.4663578 0.5710275 -0.6756238 0.4663263 0.3562589 -0.9275803 0.112581 0.3558878 -0.9277124 0.1126665 0.356137 -0.8736918 0.3314048 0.3558737 -0.8738369 0.331305 0.7520497 -0.5424439 0.3744008 0.8898188 -0.37551 0.2592583 0.8897922 -0.3756002 0.2592188 0.7519317 -0.5425422 0.3744955 0.57113 -0.7674947 0.29114 0.5704247 -0.8153613 0.09900295 0.5707193 -0.767796 0.2911508 0.5706378 -0.8152173 0.09896147 0.7520443 -0.6162717 0.2337494 0.7520092 -0.6163058 0.2337719 0.8898303 -0.4266268 0.1618388 0.8898613 -0.4529029 0.05500876 0.8897798 -0.4530631 0.05500572 0.7521305 -0.6542083 0.07944273 0.8898274 -0.4266425 0.1618131 0.7521048 -0.6542391 0.07943367 0.1209629 -0.9854195 -0.119652 0.3562589 -0.9275803 -0.112581 0.3558568 -0.9277241 -0.1126679 0.1210862 -0.9281627 -0.3519266 0.120848 -0.9281711 -0.3519862 0.5703569 -0.8154102 -0.09899115 0.5706378 -0.8152173 -0.09896147 0.3559136 -0.8737932 -0.3313776 0.3559325 -0.8738009 -0.3313369 0.1210239 -0.8168895 -0.5639547 0.1212885 -0.8169683 -0.5637837 0.8898613 -0.4529029 -0.05500876 0.8897798 -0.4530631 -0.05500572 0.7521143 -0.6542267 -0.079445 0.7521841 -0.6541493 -0.07942277 0.5711 -0.7675366 -0.2910882 0.5706264 -0.7678359 -0.2912278 0.3557146 -0.7691548 -0.5309125 0.3557971 -0.7691118 -0.5309197 0.1211782 -0.6582179 -0.7430108 0.121285 -0.6582652 -0.7429514 0.8898463 -0.4265975 -0.1618278 0.889755 -0.4267867 -0.1618306 0.7521421 -0.6161459 -0.2337662 0.7521774 -0.6161327 -0.2336872 0.5711766 -0.6755061 -0.4663142 0.5709891 -0.6756657 -0.4663126 0.3564463 -0.6195984 -0.6993167 0.3557129 -0.6196745 -0.6996228 0.1208922 -0.4612548 -0.8789933 0.1209566 -0.4613325 -0.8789437 0.752183 -0.542302 -0.3743388 0.8897846 -0.3755604 -0.2593027 0.8897835 -0.3756217 -0.2592178 0.7520557 -0.5424591 -0.3743666 0.5709378 -0.5444555 -0.6144902 0.5704409 -0.5446161 -0.6148093 0.3564705 -0.4341737 -0.827298 0.3562436 -0.4342615 -0.8273497 0.1214473 -0.237599 -0.9637414 0.120729 -0.2375301 -0.9638486 0.7524262 -0.4367984 -0.4930132 0.889828 -0.3025261 -0.3415906 0.752118 -0.4370168 -0.4932899 0.8896971 -0.302784 -0.3417032 0.5708202 -0.3815746 -0.7270249 0.5703987 -0.3816878 -0.7272962 0.3564516 -0.223612 -0.9071605 0.3557214 -0.2236378 -0.9074407 0.1217271 0 -0.9925636 0.1215258 0 -0.9925883 0.7523126 -0.3061867 -0.5833315 0.8897358 -0.2121346 -0.4041895 0.7521669 -0.3061977 -0.5835136 0.8898206 -0.2121078 -0.4040167 0.5707544 -0.1965212 -0.7972573 0.5708434 -0.1965321 -0.7971907 0.3557181 0 -0.9345934 0.3556591 0 -0.9346159 0.1206104 0.2376194 -0.9638414 0.1213222 0.2375231 -0.9637758 0.7519302 -0.1577358 -0.6400941 0.7521088 -0.1577271 -0.6398864 0.889876 -0.1091604 -0.4429503 0.8897684 -0.1092673 -0.4431398 0.5708553 0 -0.8210508 0.5710225 0 -0.8209344 0.3558385 0.2236806 -0.9073842 0.3562111 0.2235891 -0.9072605 0.1206139 0.4612705 -0.8790233 0.1207604 0.4613596 -0.8789564 0.7520425 0 -0.6591146 0.8898007 0 -0.4563494 0.7520164 0 -0.6591444 0.8898314 0 -0.4562897 0.5709643 0.1964733 -0.7971187 0.5706215 0.1965904 -0.7973352 0.3563082 0.4342538 -0.8273258 0.3562281 0.434224 -0.827376 0.1208774 0.6582809 -0.743004 0.1214485 0.6581522 -0.743025 0.8898255 0.109245 -0.4430307 0.8897442 0.1092196 -0.4432004 0.7521753 0.1577012 -0.6398146 0.751976 0.1577501 -0.6400368 0.5706573 0.3815858 -0.7271469 0.5706759 0.3816566 -0.7270952 0.3559511 0.6197236 -0.6994581 0.3564046 0.6195313 -0.6993974 0.1211438 0.816941 -0.5638543 0.1210266 0.8169655 -0.5638439 0.7522172 0.3062446 -0.5834239 0.7521869 0.3062058 -0.5834835 0.8898638 0.2120186 -0.4039685 0.8896979 0.2122191 -0.4042286 0.570787 0.544471 -0.6146166 0.5705566 0.5445896 -0.6147255 0.3561815 0.7689958 -0.5308297 0.3558485 0.7691376 -0.5308476 0.1208759 0.9281749 -0.3519665 0.1210891 0.9281319 -0.3520065 0.7523459 0.4368366 -0.493102 0.7521824 0.4369906 -0.4932149 0.889755 0.3026827 -0.3416422 0.8897858 0.3026562 -0.341585 0.570708 0.6758066 -0.4664525 0.5707544 0.6757537 -0.4664723 0.3558528 0.8738272 -0.3313532 0.3564203 0.8736127 -0.3313086 0.1205362 0.9854736 -0.1196359 0.1209196 0.9854214 -0.1196796 0.7519964 0.5425242 -0.3743913 0.7523738 0.5421072 -0.3742372 0.8898739 0.3754035 -0.2592232 0.8897411 0.3756735 -0.259288 0.5707545 0.767772 -0.2911455 0.570665 0.7678195 -0.2911955 0.3563888 0.9275194 -0.112672 0.356306 0.9275583 -0.1126128 0.1205263 0.9854679 0.1196938 0.120936 0.9854254 0.1196295 0.8898679 0.4265711 -0.1617793 0.7520343 0.6163125 -0.2336738 0.8898119 0.4266799 -0.1617993 0.7521867 0.6161226 -0.2336843 0.5707818 0.8151158 -0.09896707 0.5706772 0.8151875 -0.09897959 0.3563427 0.9275422 0.1126301 0.3563824 0.9275231 0.1126612 0.1208918 0.9281554 0.3520126 0.1208676 0.9281513 0.3520318 0.8898613 0.4529029 -0.05500876 0.8898239 0.452977 -0.05500149 0.7521139 0.6542264 -0.07945227 0.7521517 0.6541847 -0.07943618 0.5707926 0.8151055 0.09899008 0.5707335 0.8151491 0.09897112 0.3564617 0.8735942 0.3313129 0.3560333 0.8737388 0.3313925 0.1208748 0.8170346 0.5637764 0.1208767 0.8169373 0.563917 0.8898768 0.4528717 0.05501461 0.8897804 0.4530634 0.05499637 0.7520719 0.6542741 0.07945615 0.7521792 0.6541532 0.07943606 0.5707134 0.767788 0.2911835 0.5707657 0.7677649 0.2911419 0.3561068 0.7689936 0.5308831 0.3565948 0.7689118 0.5306739 0.1211662 0.6582234 0.743008 0.1210768 0.6582083 0.7430359 0.8898331 0.4266281 0.1618201 0.8897773 0.4267615 0.1617743 0.7520917 0.6162359 0.2336916 0.7519603 0.6163824 0.2337275 0.5705009 0.6759366 0.4665175 0.5708288 0.675721 0.4664286 0.3557146 0.6197348 0.6995684 0.3565935 0.6195201 0.6993111 0.1212813 0.4613252 0.8789027 0.1211687 0.4612318 0.8789673 0.8899037 0.3753513 0.2591967 0.7520197 0.5424444 0.3744604 0.7521195 0.5423616 0.3743799 0.8897752 0.3756261 0.2592395 0.5710178 0.5444171 0.61445 0.5706296 0.5445614 0.6146826 0.3557333 0.4343171 0.8275401 0.3559695 0.4343253 0.8274341 0.1212475 0.2376109 0.9637635 0.1208938 0.2375153 0.9638315 0.8898426 0.3025311 0.3415482 0.8898459 0.3026056 0.3414738 0.7521287 0.437026 0.4932653 0.7520288 0.4370766 0.4933728 0.5708276 0.3815796 0.7270164 0.5709989 0.381574 0.7268849 0.3562054 0.2236564 0.9072461 0.3556408 0.2236311 0.9074739 0.1208353 0 0.9926726 0.1206139 0 0.9926996 0.8897538 0.2120621 0.4041881 0.8898562 0.2120717 0.4039574 0.7519692 0.306288 0.5837209 0.7523049 0.3062079 0.5833302 0.5706377 0.1965243 0.79734 0.5707349 0.1965072 0.7972746 0.3562749 0 0.9343812 0.3564552 0 0.9343125 0.1210731 -0.2376138 0.9637848 0.1214452 -0.2375243 0.96376 0.8898157 0.1091907 0.4430637 0.8897742 0.109247 0.4431333 0.7523397 0.1576641 0.6396305 0.7521884 0.1576674 0.6398075 0.5706558 0 0.8211894 0.5706189 0 0.821215 0.3562453 -0.2236012 0.9072441 0.35571 -0.2237016 0.9074293 0.1217231 -0.461263 0.8788744 0.1213469 -0.4612669 0.8789243 0.8898686 0 0.4562171 0.7521695 0 0.6589698 0.8898305 0 0.4562914 0.9982842 0.05474388 0.02077996 0.9845916 -0.1440483 -0.09914356 0.9982826 -0.04823589 -0.03324496 0.9846468 -0.143602 -0.0992428 0.9982841 0.05475157 0.02076482 0.9846848 0.1629823 0.06190985 0.9846063 0.1634385 0.06195497 0.9573116 -0.1341832 -0.2560263 0.9572671 -0.1345077 -0.2560223 0.9573127 0.1914442 0.2165678 0.9846239 -0.1158612 -0.1307366 0.9982815 -0.03888309 -0.04384255 0.9572526 0.1919338 0.2164002 0.9846111 0.1438835 0.09918981 0.9982816 -0.03891634 -0.04381161 0.9847105 0.1433439 0.0989843 0.9846598 -0.1157452 -0.1305688 0.9982863 0.0481407 0.03327488 0.9982792 0.04828321 0.03327757 0.9572748 0.1342682 0.2561194 0.9573234 -0.06919366 -0.2806141 0.957267 -0.06919229 -0.2808068 0.9982846 -0.02711075 -0.05189472 0.998283 -0.02724891 -0.05185085 0.9573339 0.1344957 0.255779 0.9846759 0.1157491 0.1304443 0.9846665 -0.08092391 -0.1545422 0.998278 0.03895455 0.04386067 0.9982952 0.03860688 0.04377561 0.9846401 -0.08121955 -0.154555 0.9846286 0.1157306 0.1308169 0.9573475 0.06912851 0.2805481 0.9572517 0 -0.2892561 0.9572957 0 -0.2891109 0.9982851 -0.01408779 -0.05681967 0.9573869 0.06923466 0.2803874 0.9846598 -0.04173064 -0.1694218 0.9846587 0.08095347 0.1545757 0.9846419 -0.04181194 -0.1695052 0.9982835 -0.01395028 -0.05688196 0.9982861 0.0271849 0.05182433 0.998282 0.02734291 0.0518223 0.9846293 0.08120143 0.1546338 0.9574086 0 0.2887368 0.9572772 0.06924027 -0.2807599 0.9572477 0.06920748 -0.2808685 0.9846619 0 -0.1744734 0.9573672 0 0.2888742 0.9982838 0 -0.05856412 0.9846598 0.04173064 0.1694218 0.9982822 0.01415252 0.05685436 0.9982851 0 -0.05854147 0.9982833 0.01394551 0.05688691 0.9846467 0 -0.1745595 0.9846583 0.04178136 0.1694182 0.9572984 0.1344152 -0.2559539 0.9572653 0.1342467 -0.256166 0.9574013 -0.0689994 0.2803961 0.9846579 0.04182225 -0.16941 0.9982848 0.014041 -0.05683708 0.9573696 -0.0693196 0.2804254 0.9846493 0 0.1745451 0.9846573 0.04168742 -0.1694471 0.9846467 0 0.1745595 0.9982811 0 0.05860698 0.9982841 0.01403647 -0.05685144 0.998282 0 0.05859208 0.9573746 -0.1341223 0.2558224 0.9572482 0.1919329 -0.2164207 0.9573306 0.1914936 -0.2164451 0.9982859 0.02714335 -0.05185103 0.9572671 -0.1345077 0.2560223 0.9846717 0.08092433 -0.1545087 0.9982838 -0.01399409 0.05686765 0.9846315 0.08126741 -0.1545848 0.9982852 0.02719557 -0.05183857 0.9846337 -0.04185241 0.1695436 0.9982782 -0.01415717 0.05692368 0.9573501 0.2377312 -0.164209 0.984655 -0.04170185 0.1694568 0.9573101 0.2379481 -0.1641281 0.957267 -0.1917013 0.2165421 0.9846719 0.1155632 -0.1306391 0.9846266 0.1159394 -0.1306465 0.9573107 -0.1916346 0.2164083 0.9982853 0.03883391 -0.04380029 0.9982836 -0.02731984 0.0518049 0.9982815 0.03889024 -0.04383742 0.984655 -0.08103668 0.1545559 0.984626 -0.08116459 0.1546741 0.9572405 0.2705395 -0.1024659 0.99828 -0.0273084 0.05187863 0.9574093 -0.2375651 0.164105 0.9575085 0.2695857 -0.1024756 0.9982719 0.04841256 -0.03331005 0.9572798 -0.2380254 0.1641926 0.9982935 0.04801654 -0.03323513 0.9846636 0.1435509 -0.09915012 0.9982813 -0.03888309 0.04384911 0.9846037 0.1439926 -0.09910529 0.9845958 -0.1161034 0.1307328 0.9982883 -0.03876179 0.04379713 0.9572207 0.2872526 -0.03484922 0.9846807 -0.1155642 0.1305715 0.9573078 0.2869631 -0.03484451 0.957196 -0.2873312 0.03488159 0.9573709 -0.2700852 0.1024461 0.9573914 -0.2866858 -0.03482753 0.9574615 -0.2864499 0.03484344 0.9982886 0.05467468 -0.02074706 0.9572836 -0.2870385 -0.0348879 0.9573408 -0.2701898 0.102451 0.9982781 -0.04833096 0.03324073 0.9846033 0.1634577 -0.06195092 0.9846126 -0.1439041 0.09914565 0.9982773 0.05486494 -0.02079534 0.998289 -0.04808247 0.03327465 0.9846636 0.1630965 -0.06194627 0.9846692 -0.1434982 0.0991711 0.9572865 -0.2703536 -0.1025263 0.9573936 -0.2699953 -0.1024697 0.9982872 -0.05469775 0.02075582 0.9573698 0.2867519 0.03488016 0.9982885 -0.05805534 0.007065594 0.9982827 -0.05478978 0.02073621 0.9982767 -0.0582565 -0.007064342 0.9846813 -0.1630121 0.06188672 0.9846351 -0.1733486 0.02107173 0.9571909 0.2873556 0.03481984 0.9982838 -0.05813336 0.007070243 0.9982852 -0.05811059 -0.007067501 0.9846372 -0.1632884 0.06185871 0.9982872 0.05807983 -0.007048726 0.9846109 -0.1734893 -0.0210483 0.9845928 -0.17359 0.02106052 0.9847089 -0.1729298 -0.02106547 0.9982782 0.05823451 -0.007034003 0.9847453 0.1727269 -0.02102929 0.984589 0.1736182 -0.02100294 0.9573122 -0.2379476 -0.1641174 0.9573319 -0.2377504 -0.1642877 0.9982773 -0.05488514 -0.02074027 0.9573564 0.2701297 0.102463 0.957417 0.2699379 0.1024037 0.9846237 -0.1633697 -0.0618602 0.9982841 0.05813336 0.007039546 0.9982925 -0.05460482 -0.02074664 0.9982882 0.05806148 0.00704652 0.9846395 -0.1632558 -0.06190806 0.9846351 0.1733486 0.02107173 0.9846301 0.173389 0.02097487 0.9571679 -0.1920553 -0.2166667 0.9573765 -0.1914753 -0.2162579 0.9572731 0.2380237 0.1642346 0.9982869 -0.0481407 -0.0332551 0.9574075 0.237587 0.1640831 0.9388794 -0.3417357 0.04150176 0.9388953 -0.3416872 0.04154044 0.9388747 -0.3218791 0.1220986 0.9388828 -0.2833434 0.1954882 0.9388855 -0.3218545 0.1220811 0.938883 -0.283302 0.1955473 0.9388709 -0.2281891 0.2577813 0.9388794 0.3417357 -0.04150176 0.9388867 0.341728 -0.04139858 0.9388788 0.321869 -0.1220948 0.938883 -0.2282726 0.2576634 0.9388848 -0.1600758 0.3047479 0.9388585 0.283311 -0.1956518 0.9388828 -0.1599608 0.3048142 0.938878 -0.08243459 0.3342344 0.9388846 0.3218699 -0.122047 0.9388791 0.2282776 -0.2576732 0.9388818 -0.08238786 0.3342354 0.9388879 0 0.344223 0.9388822 0.2833015 -0.1955519 0.9388791 0.1598859 -0.304865 0.9388788 0 0.3442481 0.9388818 0.08244347 0.3342216 0.9388853 0.2282781 -0.2576497 0.9388846 0.08238613 0.3342282 0.9388911 0.08239567 -0.3342075 0.9388719 0.1599934 0.3048309 0.9388813 0.1599984 -0.3047989 0.9388852 0.1599667 0.3048039 0.9388859 0.2282105 0.2577077 0.938883 0 -0.3442367 0.9388805 0.2282969 0.2576509 0.9388812 0.2832705 0.1956015 0.9388846 0.08238613 -0.3342282 0.9388878 0.3218591 0.1220514 0.9388772 -0.08249121 -0.3342227 0.9388806 0.2832932 0.1955716 0.9388816 0.3218745 0.122058 0.9388845 0.3417339 0.0413993 0.9388834 0 -0.3442357 0.938882 0.3417283 0.04150086 0.9388803 -0.159983 -0.30481 0.9388855 -0.08236259 -0.3342312 0.9388738 -0.2282539 -0.2577135 0.9388845 -0.1599856 -0.3047962 0.938885 -0.2282555 -0.2576713 0.9388702 -0.2833533 -0.1955342 0.9388819 -0.2833164 -0.1955318 0.9388855 -0.3218545 -0.1220811 0.9388788 -0.321869 -0.1220948 0.9388822 -0.3417285 -0.04149514 0.9388818 -0.3417207 -0.04156893 0 0.9927093 -0.1205338 0 0.2392893 0.9709483 0 0.4647102 0.8854629 0 0.9350144 -0.3546097 0 0.9927141 -0.1204933 0 0.6631286 0.7485055 0 0.8230093 -0.5680279 0 0.6631281 0.748506 0 0.9350101 -0.3546211 0 0.8230158 0.5680186 0 0.6630912 -0.7485387 0 0.9350017 0.3546433 0 0.8230158 -0.5680186 0 0.8230093 0.5680279 0 0.9927141 0.1204933 0 0.935006 0.3546319 0 0.4646933 -0.8854718 0 0.6630908 -0.7485391 0 0.9927093 0.1205338 0 0.2393631 -0.9709302 0 0.4647102 -0.8854629 0 -0.2393663 -0.9709294 0 -0.4646933 -0.8854718 0 -0.6631184 -0.7485145 0 -0.4647102 -0.8854629 0 -0.8229774 -0.5680743 0 -0.6631315 -0.748503 0 -0.8229838 -0.5680651 0 -0.935028 -0.3545738 0 -0.9350374 -0.3545493 0 -0.9927027 -0.1205878 0 -0.9927027 0.1205878 0 -0.9350289 0.3545714 0 -0.9350196 0.354596 0 -0.8229838 0.5680651 0 -0.8229774 0.5680743 0 -0.6631694 0.7484694 0 -0.6631553 0.7484818 0 -0.4647102 0.8854629 0 -0.4646933 0.8854718 0 -0.2392925 0.9709476 0 0.4647655 -0.8854338 0 0.4647597 -0.8854369 0 0.2393347 -0.9709371 0 0.2393268 -0.9709392 0 -0.2393458 -0.9709345 0 -0.2393491 -0.9709336 0 -0.8229644 0.568093 0 -0.935032 0.3545636 0 -0.4647721 -0.8854303 0 -0.4647532 -0.8854404 0 -0.8229573 0.5681034 0 -0.6630997 -0.7485312 0 -0.6631432 0.7484925 0 -0.4646812 0.8854781 0 -0.8229824 -0.568067 0 -0.2393491 0.9709336 0 -0.4647017 0.8854674 0 -0.9350318 -0.3545639 0 -0.9350214 -0.3545915 0 -0.9927077 -0.1205469 0 -0.2393458 0.9709345 0 0.2393268 0.9709392 0 0.4646877 0.8854746 0 0.2393347 0.9709371 0 0.6631512 0.7484855 0 0.8229569 0.5681039 0 0.9350214 0.3545915 0 0.9927089 0.1205362 0 0.9927077 -0.1205469 0 0.9350214 -0.3545915 0 0.8229824 -0.568067 0 0.8229898 -0.5680562 0 0.6631076 -0.7485241 -1 -7.5057e-6 0 -1 8.66581e-6 0 -1 -8.66641e-6 0 -1 -1.50096e-5 0 -1 1.7334e-5 0 -1 8.66731e-6 0 -1 -7.50661e-6 0 -1 1.73316e-5 0 -1 -1.50114e-5 0 -1 3.00237e-5 0 -1 -8.66671e-6 0 -1 2.25171e-5 0 -1 -1.73322e-5 0 -1 -7.50616e-6 0 1 1.20482e-5 0 1 -6.88326e-5 0 1 -1.37893e-4 0 1 2.40732e-5 0 -1 9.22297e-5 0 -1 9.22892e-5 0 -1 9.2302e-5 0 -1 -3.35119e-6 0 -1 1.72567e-6 0 -1 -6.27244e-5 0 -1 3.21451e-6 0 -1 -7.06469e-6 0 0.534802 0.6954689 0.4799061 0.5289888 0.698883 0.481387 0.6944496 0.5929443 0.4076234 0.69112 0.5945948 0.4108653 0.8498319 0.4326417 0.3010098 0.8462165 0.438855 0.3021985 0.9417575 0.2763007 0.1917049 0.9941557 0.08931863 0.06063669 0.994279 0.08808577 0.06041741 0.9433339 0.2728359 0.1888962 0.1241034 0.6573602 0.7432873 0.1118044 0.658989 0.7437966 0.3186407 0.6276839 0.7102683 0.3323493 0.6261097 0.7053586 0.5295736 0.5624303 0.6349991 0.5320235 0.5608962 0.6343079 0.6964885 0.4764441 0.5365676 0.6949672 0.4764612 0.5385215 0.8496136 0.3498409 0.3946747 0.8468433 0.352725 0.3980472 0.9425942 0.2206147 0.2506899 0.9943463 0.06991493 0.07992124 0.9405307 0.2263517 0.2533119 0.1163648 0.4615805 0.8794332 0.122852 0.4613401 0.8786767 0.3095437 0.4418879 0.8419727 0.3285606 0.4393543 0.8360716 0.5323014 0.3934401 0.7495734 0.5318361 0.3933415 0.7499552 0.7041881 0.3312713 0.6279957 0.6950027 0.3342553 0.6365883 0.8465844 0.2465968 0.4716832 0.8487634 0.245595 0.4682775 0.9943361 0.04855155 0.09454464 0.994262 0.04990345 0.09461939 0.9412214 0.1576486 0.2987459 0.9421509 0.1563816 0.2964735 0.1010273 0.2379969 0.9659975 0.1081528 0.2388446 0.9650163 0.3264995 0.2264832 0.917662 0.3422902 0.2234395 0.9126403 0.5321862 0.2034262 0.8218246 0.5272349 0.2030591 0.8251004 0.703132 0.1703022 0.690364 0.6967517 0.1722738 0.696318 0.8487286 0.1253803 0.5137506 0.8469583 0.128212 0.5159686 0.9942029 0.02544218 0.1044674 0.994199 0.026201 0.1043162 0.9414724 0.08033359 0.3273777 0.9422716 0.0801317 0.3251202 0.1010259 0 0.9948839 0.1010305 0 0.9948834 0.3292593 0 0.9442396 0.3354138 0 0.9420709 0.5378131 0 0.8430641 0.5275068 0 0.849551 0.6964402 0 0.7176148 0.7007262 0 0.7134304 0.8474189 0 0.530925 0.8464062 0 0.5325377 0.9942357 0 0.107217 0.9409192 0 0.3386313 0.9422667 0 0.3348634 0.10871 -0.2378031 0.9652108 0.1054777 -0.2387388 0.9653385 0.3310952 -0.2257937 0.9161841 0.3354588 -0.2249099 0.9148132 0.5266434 -0.2042679 0.8251796 0.5351278 -0.2019546 0.820276 0.6976971 -0.1717524 0.6954998 0.700774 -0.1704328 0.6927254 0.8478852 -0.1278179 0.514542 0.8465296 -0.1262028 0.517166 0.9942019 -0.02544212 0.1044769 0.9942197 -0.02605497 0.1041552 0.9416596 -0.07981133 0.326967 0.9421867 -0.08108979 0.3251286 0.1317424 -0.4591611 0.8785301 0.1058413 -0.4636433 0.8796775 0.3217189 -0.4404486 0.8381539 0.3311511 -0.4384154 0.8355424 0.5323571 -0.3931007 0.7497118 0.692905 -0.3349041 0.6385312 0.1231424 -0.9851395 0.1197336 0.7023081 -0.3320853 0.6296688 0.849181 -0.2431746 0.4687835 0.9409722 -0.1576117 0.2995494 0.9421531 -0.1563819 0.2964666 0.9944233 -0.04817938 0.09381437 0.9941954 -0.05076634 0.09485995 0.1126276 -0.6582891 0.744292 0.124238 -0.6584625 0.7422885 0.3257365 -0.6277166 0.7070133 0.3323568 -0.6246016 0.7066909 0.5308467 -0.5612714 0.6349616 0.1223735 -0.9852973 -0.1192228 0.1078212 -0.9869042 -0.1199784 0.5267938 -0.5635919 0.6362802 0.6997441 -0.4733475 0.5350704 0.3247753 -0.9388785 -0.1141414 0.6904944 -0.4802601 0.5408954 0.314265 -0.9423968 -0.1145691 0.8460639 -0.3534498 0.3990604 0.847436 -0.3521309 0.3973112 0.5396097 -0.8357954 -0.1013294 0.9942582 -0.07182002 0.07932698 0.5258153 -0.8444032 -0.1024789 0.9435657 -0.2206726 0.2469562 0.9425528 -0.2205939 0.2508638 0.696289 -0.7125402 -0.0864188 0.1134675 -0.8170366 0.565311 0.6986668 -0.7101833 -0.08662855 0.8442812 -0.5320485 -0.06413948 0.1200867 -0.8173645 0.5634664 0.8483229 -0.5256124 -0.06387478 0.9942969 -0.1058525 -0.01299798 0.9424842 -0.3318152 -0.04027867 0.1048182 -0.9298259 -0.3527563 0.5246605 -0.700996 0.4830487 0.1184576 -0.9282419 -0.3526117 0.5205697 -0.7031575 0.4843313 0.330443 -0.8824546 -0.3347854 0.6915246 -0.5944636 0.4103741 0.3294987 -0.882714 -0.3350321 0.7013678 -0.5876325 0.4034494 0.8466551 -0.4383615 0.3016858 0.8487672 -0.4340727 0.3019524 0.5256001 -0.7957772 -0.3008047 0.9941236 -0.08966535 0.06064951 0.520027 -0.7985433 -0.3031513 0.9942004 -0.08897513 0.06040912 0.9443686 -0.2695985 0.1883743 0.9402968 -0.2809185 0.1921637 0.7037648 -0.6637132 -0.2533774 0.1107903 -0.929084 0.3528861 0.6967649 -0.6710323 -0.253445 0.1190127 -0.928746 0.351094 0.8470951 -0.4970173 -0.1881585 0.8478973 -0.4955747 -0.188351 0.1097415 -0.9867029 0.1198932 0.9420965 -0.3134295 -0.1192327 0.9940263 -0.1023972 -0.03777188 0.9410336 -0.316281 -0.1200925 0.3212636 -0.8849177 0.3372095 0.1197813 -0.8180593 -0.5625225 0.3222007 -0.9397522 0.1142476 0.1242938 -0.8156778 -0.5649964 0.3134672 -0.9427142 0.1141418 0.5205313 -0.7985213 0.3023424 0.5270707 -0.7944816 0.3016547 0.5265153 -0.8439731 0.1024267 0.5389511 -0.8362141 0.1013801 0.7015584 -0.6664307 0.2523608 0.5233932 -0.7017345 -0.4833511 0.5224428 -0.7018039 -0.4842775 0.6962581 -0.7125699 0.08642244 0.6991575 -0.7097072 0.0865705 0.8460616 -0.4988224 0.1880321 0.697094 -0.5898488 -0.4076007 0.8459728 -0.5293374 0.06428188 0.8495212 -0.4931461 0.1874054 0.8488634 -0.5247519 0.06377023 0.7011759 -0.587565 -0.4038809 0.9941513 -0.10121 0.03768038 0.9409868 -0.3164113 0.1201165 0.8472671 -0.4375027 -0.3012144 0.8487672 -0.4340727 -0.3019524 0.9942976 -0.1058461 0.01299721 0.9939699 -0.09071946 -0.06159538 0.9424639 -0.3318718 0.04028552 0.9419193 -0.3139731 0.119201 0.9941383 -0.08938276 -0.06082653 0.9415102 -0.2770473 -0.1918424 0.9429202 -0.2748593 -0.1880263 0.1087919 -0.6585797 -0.7446054 0.1243239 -0.6590215 -0.7417778 0.3211947 -0.6281496 -0.7087046 0.3424964 -0.6222019 -0.703961 0.523787 -0.5642499 -0.6381765 0.5262187 -0.5649113 -0.6355857 0.6974805 -0.4751926 -0.5363889 0.7010127 -0.4724217 -0.5342276 0.8447007 -0.353914 -0.4015292 0.9945638 -0.06746071 -0.07932281 0.9427203 -0.2222673 -0.2487484 0.943509 -0.2182441 -0.2493199 0.9939889 -0.07396358 -0.08071851 0.1087006 -0.4619777 -0.8802051 0.1087236 -0.4612621 -0.8805775 0.3148265 -0.441525 -0.8402023 0.336599 -0.4382975 -0.8334245 0.54364 -0.3885877 -0.7439457 0.5311439 -0.3940927 -0.7500515 0.6888702 -0.336695 -0.6419458 0.6971443 -0.3327456 -0.6350356 0.8483787 -0.246801 -0.4683406 0.8406198 -0.2520733 -0.479393 0.9942478 -0.04892951 -0.09527492 0.9943658 -0.04945594 -0.09375965 0.9427822 -0.1547011 -0.2953462 0.1154185 -0.2386306 -0.9642271 0.116375 -0.237599 -0.964367 0.3206161 -0.2270215 -0.9196014 0.3149249 -0.2265923 -0.9216715 0.5378181 -0.2016817 -0.8185819 0.5425269 -0.2005693 -0.8157429 0.7006672 -0.1713588 -0.692605 0.6927893 -0.1720855 -0.7003069 0.8467189 -0.1282951 -0.5163407 0.8419333 -0.1288473 -0.5239722 0.9942917 -0.02524566 -0.1036662 0.9942352 -0.02630519 -0.1039445 0.9431192 -0.07955169 -0.322797 0.1155173 0 -0.9933055 0.1316347 0 -0.9912983 0.3201529 0 -0.9473659 0.3217799 0 -0.9468146 0.5432401 0 -0.8395774 0.5410581 0 -0.8409853 0.6990065 0 -0.7151153 0.8419103 0 -0.5396177 0.8409565 0 -0.541103 0.9942418 0 -0.1071603 0.9437156 0 -0.3307582 0.9439617 0 -0.330055 0.1163672 0.2383558 -0.9641812 0.10871 0.2378031 -0.9652108 0.3218456 0.2260582 -0.9194092 0.3174265 0.2275086 -0.9205869 0.5398323 0.2016405 -0.817265 0.5433161 0.1999173 -0.8153777 0.6991832 0.1705148 -0.6943109 0.8432322 0.1292284 -0.521785 0.8464453 0.1271609 -0.5170691 0.9942923 0.02524566 -0.1036606 0.9941993 0.02609997 -0.104339 0.943722 0.0779646 -0.3214194 0.941317 0.08168452 -0.3274903 0.108798 0.4604488 -0.8809937 0.1085475 0.4619871 -0.8802189 0.3093236 0.442578 -0.841691 0.3285606 0.4393543 -0.8360716 0.544222 0.3904591 -0.742539 0.5327168 0.391817 -0.7501282 0.6972191 0.333397 -0.6346118 0.6968756 0.3331218 -0.6351332 0.8461781 0.2484103 -0.4714606 0.8461778 0.2484191 -0.4714566 0.9943283 0.05010181 -0.09381479 0.994301 0.04939168 -0.09447807 0.9419939 0.1562767 -0.2970271 0.9415583 0.1556295 -0.2987432 0.1127536 0.659947 -0.7428032 0.1242588 0.6562421 -0.7442487 0.3290231 0.6264343 -0.7066286 0.3220905 0.6269262 -0.709381 0.5282484 0.5630512 -0.6355525 0.5323567 0.5612891 -0.6336805 0.7028468 0.4717583 -0.5324007 0.6971231 0.474963 -0.5370565 0.8463578 0.3532962 -0.3985728 0.8447939 0.3555279 -0.3999042 0.9418598 0.2238847 -0.2505509 0.9941863 0.07226753 -0.07981938 0.9414605 0.2221876 -0.2535448 0.1009374 0.819146 -0.5646339 0.531761 0.6974546 -0.4804032 0.5327963 0.6968228 -0.480173 0.6951172 0.5914257 -0.4086904 0.6954109 0.5923918 -0.406787 0.8472062 0.4376139 -0.3012241 0.8487536 0.4340658 -0.3020006 0.9421986 0.2750548 -0.1913285 0.9941681 0.08872944 -0.06129491 0.9941101 0.08966481 -0.06087172 0.9424905 0.2758509 -0.188727 0.1037843 0.9300149 -0.3525639 0.1050225 0.929644 -0.3531748 0.3270319 0.8835599 -0.3352196 0.5316114 0.7921112 -0.2999154 0.5351365 0.7902373 -0.2985867 0.6938517 0.6734651 -0.2549796 0.8464044 0.4983303 -0.1877938 0.8478996 0.4950954 -0.1895972 0.9419211 0.3139737 -0.1191861 0.9945936 0.09675031 -0.03772503 0.9941092 0.1014854 -0.03804939 0.9430096 0.3111031 -0.1181014 0.107626 0.9869767 -0.1195567 0.1039795 0.9873194 -0.119953 0.3248677 0.9388592 -0.114037 0.3290502 0.9374105 -0.1139629 0.5364654 0.8377923 -0.101534 0.5279155 0.8431178 -0.1022624 0.6992334 0.7096442 -0.08647435 0.6957733 0.7130239 -0.0865823 0.8463508 0.5287765 -0.06392002 0.851261 0.5209066 -0.06333285 0.9944556 0.1043743 -0.01280891 0.9942095 0.1066883 -0.01285046 0.9415313 0.3344828 -0.0405004 0.9407092 0.3367367 -0.04092198 0.1040645 0.9873667 0.1194883 0.1111271 0.9864968 0.1203115 0.3272978 0.9380774 0.1135208 0.3222002 0.9397507 0.1142624 0.5278393 0.8431649 0.1022682 0.5382562 0.8366479 0.1014927 0.7001324 0.7087524 0.08651387 0.6954205 0.7133685 0.0865792 0.8510588 0.521241 0.06329864 0.8480501 0.5260425 0.06395727 0.9939779 0.1088226 0.01287788 0.9944731 0.1042084 0.01280552 0.9406858 0.336805 0.04089969 0.9418203 0.3336624 0.04054838 0.1133494 0.9290765 0.3520922 0.103098 0.9298272 0.3532595 0.3190999 0.8862745 0.3356977 0.3270303 0.8835554 0.3352329 0.5326415 0.7912428 0.3003798 0.5362775 0.7891889 0.2993114 0.6983357 0.6696215 0.2528526 0.6969307 0.6699776 0.2557689 0.8473603 0.4963941 0.1886094 0.8474939 0.4965029 0.1877208 0.9945726 0.09693688 0.0377978 0.9939978 0.1025853 0.0380125 0.9421007 0.3134107 0.1192483 0.9434232 0.3100093 0.1176737 0.1128019 0.8168412 0.5657263 0.1085388 0.8182824 0.5644762 -0.7522478 0 0.6588804 -0.5708718 0.1964344 0.7971944 -0.5706352 0.1965363 0.7973387 -0.120553 0.9854696 -0.1196525 -0.3557114 0.4343565 0.8275288 -0.1207415 0.6582885 0.7430194 -0.121459 0.6581793 0.7429993 -0.8898081 0.1091897 0.4430791 -0.7522582 0.1576573 0.6397279 -0.5707216 0.3816933 0.72704 -0.5710813 0.3814858 0.7268666 -0.3557788 0.6197093 0.6995583 -0.3565613 0.6195517 0.6992995 -0.1209015 0.8169325 0.5639186 -0.120821 0.8169872 0.5638565 -0.8898143 0.2120032 0.4040856 -0.7518801 0.3063919 0.583781 -0.8898028 0.2121094 0.4040554 -0.7522307 0.3062211 0.5834191 -0.5707975 0.544474 0.6146042 -0.5710452 0.5443767 0.6144602 -0.3566905 0.7688132 0.5307525 -0.3560507 0.7691035 0.5307615 -0.120936 0.9854254 0.1196295 -0.1208918 0.9281554 0.3520126 -0.1205263 0.9854679 0.1196938 -0.1208943 0.9281477 0.3520322 -0.8899037 0.3024474 0.3414633 -0.8897683 0.3027157 0.3415782 -0.751839 0.4372813 0.4934807 -0.7521954 0.4369188 0.4932586 -0.5708241 0.6756927 0.4664755 -0.5706844 0.6758239 0.4664563 -0.3563427 0.9275422 0.1126301 -0.356288 0.9275608 0.1126491 -0.3561336 0.873708 0.3313658 -0.3563122 0.8736632 0.3312917 -0.7522175 0.542243 0.3743547 -0.8898419 0.3754549 0.2592586 -0.889798 0.3756065 0.2591902 -0.751854 0.5426323 0.3745207 -0.5707386 0.7678008 0.2911009 -0.5707926 0.8151055 0.09899008 -0.570868 0.8150543 0.09897649 -0.7519856 0.6163433 0.2337492 -0.7519342 0.6164169 0.2337206 -0.8899102 0.4264745 0.1618009 -0.8897648 0.4267777 0.1618009 -0.7520714 0.6542736 0.07946521 -0.3563271 0.9275481 -0.1126308 -0.356288 0.9275608 -0.1126491 -0.1211005 0.9281316 -0.3520036 -0.1208545 0.9281429 -0.3520583 -0.5708171 0.8150885 -0.09898805 -0.570868 0.8150543 -0.09897649 -0.3559252 0.8737892 -0.3313755 -0.3563453 0.8736538 -0.3312808 -0.1210204 0.816938 -0.5638853 -0.121167 0.8169597 -0.5638222 -0.7520471 0.6543033 -0.07945108 -0.5707822 0.7677372 -0.2911828 -0.5707333 0.7677915 -0.2911354 -0.3561812 0.7690791 -0.5307093 -0.355778 0.7690907 -0.5309629 -0.1208879 0.6582459 -0.7430334 -0.1213094 0.6582409 -0.742969 -0.8899073 0.4264732 -0.1618196 -0.8898012 0.4267129 -0.1617718 -0.7521168 0.616185 -0.2337445 -0.752025 0.6163306 -0.233656 -0.5709017 0.6756846 -0.4663922 -0.5706672 0.6758203 -0.4664824 -0.3560903 0.6196145 -0.6994839 -0.1203336 0.461279 -0.8790572 -0.1210168 0.4613472 -0.8789277 -0.7522982 0.5422153 -0.3742329 -0.8897757 0.3755567 -0.2593386 -0.8897915 0.3756181 -0.2591952 -0.752012 0.542451 -0.3744661 -0.5707207 0.5445469 -0.614611 -0.5707231 0.5444681 -0.6146786 -0.3562467 0.4342114 -0.8273747 -0.1211701 0.2375739 -0.9637824 -0.1207165 0.2375492 -0.9638454 -0.7521681 0.4369759 -0.4932498 -0.889822 0.3026009 -0.3415402 -0.7522764 0.4369341 -0.4931216 -0.8897171 0.3027564 -0.3416756 -0.5704835 0.3816776 -0.7272351 -0.3564252 0.2236357 -0.9071649 -0.1217271 0 -0.9925636 -0.1215493 0 -0.9925855 -0.752139 0.3062877 -0.5835021 -0.8898178 0.2120041 -0.4040775 -0.7521549 0.3061928 -0.5835316 -0.8897922 0.2121372 -0.4040641 -0.5707969 0.1965267 -0.7972254 -0.5708841 0.1964745 -0.7971758 -0.3556945 0 -0.9346023 -0.3556472 0 -0.9346203 -0.1208866 -0.2376072 -0.9638097 -0.1213482 -0.2375098 -0.9637758 -0.7518906 0.1577275 -0.6401426 -0.7520896 0.1577635 -0.6399 -0.8898798 0.1091608 -0.4429426 -0.8897507 0.1092579 -0.4431776 -0.5710561 0 -0.8209111 -0.3558323 -0.2236813 -0.9073864 -0.3561968 -0.2236155 -0.9072596 -0.1208883 -0.4613104 -0.8789647 -0.1210289 -0.4612937 -0.8789541 -0.7519973 0 -0.6591662 -0.5709991 -0.19648 -0.797092 -0.3562989 -0.4341664 -0.8273759 -0.3564434 -0.4342824 -0.8272527 -0.1212153 -0.6582599 -0.7429676 -0.1211709 -0.6582493 -0.7429842 -0.8898236 -0.1092261 -0.4430391 -0.8898081 -0.1091897 -0.4430791 -0.7520088 -0.157691 -0.6400128 -0.7519177 -0.1578126 -0.6400899 -0.5705018 -0.3816019 -0.7272605 -0.5706933 -0.3816227 -0.7270992 -0.3556789 -0.6198145 -0.699516 -0.3562611 -0.6195132 -0.6994866 -0.1211606 -0.816914 -0.5638898 -0.1211634 -0.8169353 -0.5638583 -0.7520703 -0.3063319 -0.5835676 -0.7522537 -0.3061141 -0.5834456 -0.5704628 -0.5446826 -0.6147302 -0.5709943 -0.5443164 -0.6145611 -0.35567 -0.7691692 -0.5309216 -0.3558318 -0.7691015 -0.5309112 -0.1208245 -0.9281805 -0.3519693 -0.1210987 -0.9281336 -0.3519989 -0.7521216 -0.4370337 -0.4932695 -0.7523169 -0.436871 -0.4931157 -0.889764 -0.3026089 -0.3416841 -0.8897647 -0.3027018 -0.3415999 -0.5709964 -0.6756539 -0.4663207 -0.5712108 -0.6754714 -0.4663226 -0.3558484 -0.8737965 -0.3314387 -0.3558915 -0.8738484 -0.3312556 -0.1213172 -0.9853667 -0.1197283 -0.1209457 -0.9854236 -0.1196349 -0.7520787 -0.542413 -0.3743875 -0.8898315 -0.3755393 -0.2591724 -0.8897088 -0.3757432 -0.259298 -0.5711324 -0.7675098 -0.2910955 -0.5706884 -0.7678041 -0.2911903 -0.355852 -0.9277324 -0.1126146 -0.3561339 -0.9276213 -0.1126387 -0.1212774 -0.9853813 0.1196479 -0.1209347 -0.9854151 0.1197165 -0.8898727 -0.4265302 -0.1618605 -0.7519919 -0.6163426 -0.2337307 -0.889788 -0.4267261 -0.1618093 -0.7522007 -0.6160743 -0.2337664 -0.5705314 -0.8152908 -0.09896934 -0.5706543 -0.8152061 -0.09895813 -0.3562582 -0.9275785 0.1125987 -0.3557935 -0.9277501 0.1126543 -0.1208933 -0.9281669 0.3519817 -0.1208786 -0.9281577 0.3520108 -0.8897836 -0.4530557 -0.0550059 -0.7520552 -0.6542949 -0.07944363 -0.5704258 -0.8153629 0.09898489 -0.5707733 -0.8151239 0.09894907 -0.3558838 -0.8738063 0.331375 -0.3560511 -0.8737502 0.331343 -0.1208991 -0.8169163 0.5639427 -0.1207168 -0.8169828 0.5638853 -0.8897994 -0.4530251 0.05500495 -0.8897798 -0.4530631 0.05500572 -0.7521042 -0.6542386 0.07944273 -0.7520559 -0.6542928 0.07945352 -0.5712317 -0.7674268 0.2911195 -0.5707085 -0.7677906 0.2911863 -0.3561169 -0.7689908 0.5308803 -0.3561644 -0.769043 0.5307729 -0.1214452 -0.6582754 0.7429163 -0.1210324 -0.6582219 0.7430311 -0.8899046 -0.4264718 0.1618384 -0.8897788 -0.4267381 0.1618281 -0.7520627 -0.6162589 0.2337237 -0.7519109 -0.6164019 0.2338353 -0.5709621 -0.67566 0.4663538 -0.5711737 -0.6755171 0.4663018 -0.355814 -0.6197319 0.6995205 -0.356191 -0.61961 0.6994365 -0.1216484 -0.4612585 0.8788871 -0.1214449 -0.4612788 0.8789045 -0.8898485 -0.3754577 0.2592318 -0.7519709 -0.5425353 0.3744268 -0.7519136 -0.5425292 0.3745504 -0.8897609 -0.3756762 0.2592167 -0.5707786 -0.544456 0.6146377 -0.5709119 -0.5444858 0.6144875 -0.3559699 -0.4342426 0.8274775 -0.3557061 -0.4343501 0.8275344 -0.1215253 -0.2376153 0.9637274 -0.8898073 -0.3025959 0.3415827 -0.88981 -0.3026379 0.3415383 -0.7518619 -0.4372311 0.4934905 -0.752209 -0.4369267 0.493231 -0.5708656 -0.3815333 0.7270109 -0.5706991 -0.381657 0.7270767 -0.3559492 -0.2237091 0.9073337 -0.1206809 0 0.9926913 -0.1206139 0 0.9926996 -0.752014 -0.3063287 0.5836419 -0.7522409 -0.3061819 0.5834265 -0.5706947 -0.1964722 0.797312 -0.5707877 -0.196498 0.797239 -0.3562511 0 0.9343904 -0.3564434 0 0.9343169 -0.1209168 0.2376101 0.9638053 -0.121169 0.2375365 0.9637918 -0.889812 -0.1091902 0.4430714 -0.8897566 -0.1092552 0.4431665 -0.7523319 -0.1576709 0.639638 -0.7521358 -0.1576929 0.6398631 -0.5705854 0 0.8212383 -0.5708712 0 0.8210397 -0.3562156 0.2235916 0.9072581 -0.3556986 0.2236944 0.9074355 -0.1214488 0.4612232 0.8789331 -0.1210653 0.4613354 0.8789272 -0.9982864 -0.05468612 0.02082401 -0.998273 0.04833203 -0.03339403 -0.9846511 0.143679 -0.09908896 -0.9982603 -0.05516725 0.0208134 -0.9846349 -0.1633107 0.06183785 -0.9846711 -0.1630647 0.06191009 -0.9573202 0.1343422 -0.2559107 -0.9572629 0.1343345 -0.2561291 -0.9572954 -0.1918076 0.2163225 -0.9846702 0.1155781 -0.1306385 -0.9982764 0.0388664 -0.04397559 -0.9572919 -0.1914929 0.2166166 -0.9846968 -0.1433071 0.0991739 -0.998265 0.03916108 -0.04397034 -0.9846173 -0.1438576 0.09916585 -0.9846315 0.1159253 -0.1306223 -0.9982715 -0.04837155 0.03338086 -0.9982693 -0.04843151 0.03336107 -0.9571993 -0.1345717 0.2562418 -0.9573407 0.06910866 -0.2805761 -0.9572263 0.06931096 -0.2809161 -0.9982683 0.02740496 -0.05205351 -0.9982753 0.02723717 -0.05200666 -0.9574267 -0.1339914 0.255696 -0.9846826 -0.1155595 0.1305621 -0.9846183 0.08134758 -0.154627 -0.99826 -0.03924858 0.04400724 -0.9982874 -0.03862291 0.04393887 -0.9846789 0.0809943 -0.154426 -0.984615 -0.1159127 0.1307577 -0.9573643 -0.06920152 0.2804725 -0.9572517 0 -0.2892561 -0.9573071 0 -0.2890728 -0.9982768 0.01392942 -0.05700385 -0.9573867 -0.06906217 0.2804305 -0.984656 0.04182219 -0.1694211 -0.984626 -0.0813179 0.1545935 -0.9846519 0.04169756 -0.1694762 -0.9982707 0.01413756 -0.05705964 -0.9982714 -0.02737271 0.05201065 -0.9982734 -0.02724868 0.05203521 -0.9846418 -0.08102291 0.1546477 -0.9574048 0 0.2887495 -0.9573234 -0.06919366 -0.2806141 -0.9572593 -0.06919836 -0.2808315 -0.9846544 0 -0.1745156 -0.9573672 0 0.2888742 -0.9982725 0 -0.05875492 -0.9846337 -0.04185241 0.1695436 -0.9982728 -0.01394116 0.05707168 -0.9982725 0 -0.05875545 -0.9982686 -0.01415216 0.05709391 -0.9846467 0 -0.1745595 -0.9846565 -0.04169982 0.1694486 -0.9572894 -0.1343382 -0.2560283 -0.9573131 -0.1342889 -0.2559654 -0.9573915 0.06909364 0.2804065 -0.9982736 -0.01394116 -0.05705851 -0.9573349 0.06919449 0.2805744 -0.984653 0 0.174524 -0.9846461 -0.04171395 -0.1695059 -0.9846243 0 0.1746858 -0.9982689 0 0.05881768 -0.9982709 -0.01414 -0.0570572 -0.9572802 0.134368 0.2560472 -0.9573711 -0.1914052 -0.2163439 -0.9571842 -0.1920889 -0.216565 -0.9982742 -0.02715456 -0.05207043 -0.9573206 0.1342457 0.2559599 -0.9846337 -0.08128821 -0.15456 -0.9982743 0.01398807 0.05703443 -0.9846614 -0.08094316 -0.1545646 -0.9982691 -0.02739554 -0.05204176 -0.9846355 0.04185247 0.1695325 -0.9982677 0.01415145 0.05710947 -0.9572638 -0.2381241 -0.1641429 -0.9846625 0.04168039 0.1694185 -0.9573297 -0.2377783 -0.1642604 -0.9573046 0.1916535 0.2164185 -0.9846165 -0.11601 -0.1306604 -0.9846642 -0.1156004 -0.1306638 -0.9573143 0.1914973 0.2165138 -0.9982789 -0.03883367 -0.04394507 -0.9982621 -0.03919953 -0.04400122 -0.9846565 0.080971 0.154581 -0.98462 0.0813477 0.1546158 -0.9574168 -0.269899 -0.1025064 -0.9982683 0.02740496 0.05205351 -0.9572115 0.2383164 0.1641694 -0.9571912 -0.2707101 -0.1024742 -0.9982817 -0.04816085 -0.03338122 -0.9574279 0.23746 0.1641483 -0.9982734 -0.04835891 -0.0333448 -0.9846173 -0.1438576 -0.09916585 -0.9982825 0.03867179 0.04400765 -0.9846511 -0.1435827 -0.09922868 -0.9846423 0.115716 0.1307268 -0.9574151 -0.2866037 -0.03485542 -0.9846733 0.1156606 0.130542 -0.9572252 -0.2872363 -0.03486442 -0.9573805 0.2867225 0.03482675 -0.9574621 0.2697659 0.1024343 -0.9571987 0.2873247 -0.03486055 -0.9571679 0.2874257 0.03487282 -0.998288 -0.05466312 -0.02081525 -0.9573661 0.2867698 -0.03483247 -0.9573181 0.2702795 0.1024258 -0.9982723 0.04835116 0.03338658 -0.9846167 -0.163399 -0.06189423 -0.9847423 0.1430792 0.09905016 -0.9982602 -0.05516439 -0.02082163 -0.9846943 -0.1629378 -0.06187462 -0.9846228 0.1438584 0.09910905 -0.9574744 0.2697208 -0.1024387 -0.9572895 0.2703499 -0.1025077 -0.9982864 0.05468612 0.02082401 -0.9572601 -0.287123 0.03483611 -0.9983003 0.05785101 0.007066428 -0.998255 0.05524575 0.02085834 -0.9982888 0.0580492 -0.007064819 -0.9846146 0.1633986 0.06192851 -0.9845724 0.1737048 0.02107042 -0.9573855 -0.2866982 0.0348885 -0.9982609 0.05852478 0.007070064 -0.9982623 0.05850189 -0.007067322 -0.984701 0.162874 0.06193625 -0.9982751 -0.05828106 -0.007100343 -0.9847148 0.1729083 -0.02096414 -0.9846969 0.1730085 0.0209763 -0.9845836 0.173642 -0.02106279 -0.9982736 -0.05830782 -0.007082998 -0.9846463 -0.173286 -0.02106416 -0.9846276 -0.1733941 -0.02104866 -0.9572835 0.2379395 -0.1642957 -0.9573262 0.2379568 -0.164022 -0.9982829 0.05474382 -0.02084594 -0.9573614 -0.2700781 0.1025528 -0.9573136 -0.270327 0.1023434 -0.9846257 0.1633396 -0.06190615 -0.9982608 -0.05852478 0.007094621 -0.9982624 0.05511832 -0.02083802 -0.9983005 -0.05784493 0.007092058 -0.9846554 0.1631271 -0.06199514 -0.9845724 -0.1737048 0.02107042 -0.98466 -0.173209 0.02106195 -0.9572843 0.1917675 -0.2164073 -0.9572753 0.1917577 -0.2164555 -0.957409 -0.2376278 0.1640158 -0.9982837 0.0481202 -0.03337943 -0.9572274 -0.2381831 0.1642698 -0.938883 0.3417256 -0.04150193 -0.938883 0.3417256 0.04150193 -0.9388825 0.3417394 0.04139918 -0.9388766 0.3218736 0.1220988 -0.9388846 0.3218699 0.122047 -0.9388837 0.2832621 0.195602 -0.9388837 0.2832827 0.1955722 -0.9388775 0.2282326 0.2577189 -0.9388799 -0.3417261 -0.04156887 -0.9388833 0.2282949 0.2576428 -0.9388834 -0.3218644 -0.1220709 -0.9388899 0.1599829 0.3047806 -0.9388813 -0.2833322 -0.1955121 -0.9388811 0.1599719 0.3048136 -0.9388904 0.08242207 0.3342029 -0.9388855 -0.3218545 -0.1220811 -0.9388859 0.08237582 0.334227 -0.9388896 -0.2282394 -0.2576689 -0.9388707 0 0.3442701 -0.9388824 -0.2833108 -0.1955376 -0.9388831 0 0.3442362 -0.9388806 -0.1599516 -0.304826 -0.9388836 -0.2282551 -0.2576766 -0.938885 -0.08238714 0.3342267 -0.9388837 -0.0824092 -0.3342249 -0.9388743 -0.1600531 0.3047921 -0.9388739 -0.2281664 0.2577908 -0.9388923 0 -0.3442112 -0.9388872 -0.2833111 0.1955136 -0.9388877 -0.08238542 -0.3342196 -0.9388818 -0.2282834 0.2576584 -0.938884 -0.3218517 0.1220998 -0.9388947 0.08241343 -0.334193 -0.9388856 -0.283297 0.1955421 -0.9388818 -0.3218667 0.1220779 -0.9388923 -0.3416923 0.04156476 -0.9388815 0 -0.3442407 -0.9388836 0.1598875 -0.3048506 -0.9388861 0.08238512 -0.3342242 -0.9388784 0.228308 -0.2576486 -0.9388847 0.1599876 -0.3047943 -0.9388878 0.2282673 -0.2576503 -0.9388766 0.2832625 -0.1956352 -0.938881 0.2833024 -0.1955564 -0.9388846 0.3218699 -0.122047 -0.9388806 0.3218635 -0.122095 -0.9388847 0.3417335 -0.04139846 0 -0.2392893 0.9709483 0 -0.9927011 -0.1206013 0 -0.9927028 -0.1205876 0 -0.4647052 0.8854655 0 -0.6631699 0.7484689 0 -0.9350329 -0.3545613 0 -0.9350242 0.354584 0 -0.8229779 -0.5680735 0 -0.8229843 0.5680642 0 -0.4647045 -0.8854659 0 -0.9927011 0.1206011 0 -0.2393631 -0.9709302 0 0.4647045 -0.8854659 0 0.2393663 -0.9709294 0 0.663084 -0.7485451 0 0.4646996 -0.8854685 0 0.663098 -0.7485326 0 0.8230099 -0.5680271 0 0.9350147 -0.3546092 0 0.9927093 -0.1205336 0 0.9927142 0.1204931 0 0.8230099 0.5680271 0 0.6631349 0.7484999 0 0.6631223 0.7485111 0 0.4646989 0.8854688 0 0.4647052 0.8854655 0 0.2392925 0.9709476 0 -0.4647524 -0.8854408 0 -0.4647729 -0.88543 0 -0.2393495 -0.9709335 0 0.2393273 -0.970939 0 0.8229573 0.5681034 0 0.6631268 0.7485071 0 0.822982 -0.5680674 0 0.2393273 0.970939 0 -0.2393495 0.9709335 0 -0.6631427 0.748493 0 -0.4646816 0.8854779 0 -0.9350318 0.3545639 0 -0.992709 0.1205364 0 -0.822982 -0.5680674 1 -1.73343e-5 0 1 -7.50525e-6 0 1 -8.66761e-6 0 1 -3.4666e-5 0 1 1.5012e-5 0 1 8.66791e-6 0 1 -1.73334e-5 0 1 -8.66641e-6 0 1 7.50638e-6 0 1 -7.5057e-6 0 -1 -8.43028e-5 0 -1 6.01594e-5 0 -1 4.81452e-5 0 -1 -1.87332e-4 0 -1 2.75255e-4 0 -1 9.02303e-5 0 -1 -4.21532e-5 0 -1 -6.39448e-5 0 -1 7.73276e-5 0 -1 -1.37893e-4 0 -1 5.19817e-5 0 1 -3.53247e-6 0 1 6.42872e-6 0 1 -7.70359e-7 0 1 -1.84502e-4 0 1 1.56779e-5 0 -0.5366321 -0.6948322 0.4787842 -0.5289888 -0.698883 0.481387 -0.693881 -0.5926005 0.409089 -0.6931244 -0.5930064 0.4097827 -0.847323 -0.4372032 0.3014916 -0.848981 -0.4335696 0.302074 -0.9411855 -0.2788698 0.1907925 -0.994538 -0.08546811 0.05991262 -0.9944274 -0.0870338 0.05949282 -0.9427098 -0.2746338 0.1894065 -0.121762 -0.6582758 0.7428641 -0.1073269 -0.6587817 0.7446393 -0.3235107 -0.6275328 0.7081974 -0.3382493 -0.6233575 0.7049914 -0.529003 -0.563755 0.6342998 -0.5318214 -0.5613431 0.634082 -0.6971287 -0.4749668 0.5370458 -0.6961874 -0.4758802 0.5374583 -0.8496136 -0.3498409 0.3946747 -0.9426375 -0.2212243 0.249989 -0.9943468 -0.07107776 0.07888233 -0.9945574 -0.06798732 0.07895177 -0.9409447 -0.2244992 0.2534233 -0.1142037 -0.4625251 0.8792201 -0.1207011 -0.4605799 0.8793734 -0.3146407 -0.4411029 0.8404937 -0.5322954 -0.3934357 0.74958 -0.5320066 -0.3926227 0.7502109 -0.7046354 -0.3295875 0.6283798 -0.6943588 -0.3351971 0.6367958 -0.8461807 -0.24842 0.4714507 -0.8510322 -0.243411 0.4652907 -0.9944448 -0.04855686 0.0933904 -0.9944551 -0.04943197 0.09282052 -0.940342 -0.1592066 0.3006829 -0.1019462 -0.2381959 0.9658518 -0.3288226 -0.2261537 0.9169135 -0.3476209 -0.224988 0.9102418 -0.5324007 -0.2015792 0.8221407 -0.5295414 -0.2035954 0.8234895 -0.7030965 -0.1705904 0.6903291 -0.6968663 -0.1713448 0.6964325 -0.8485251 -0.1272788 0.5136198 -0.847185 -0.1261099 0.5161142 -0.994336 -0.02544558 0.1031911 -0.9944547 -0.02459591 0.102249 -0.9410033 -0.08179718 0.328363 -0.9422716 -0.0801317 0.3251202 -0.1067402 0 0.994287 -0.09919971 0 0.9950675 -0.3414689 0 0.9398931 -0.5323049 0 0.8465529 -0.5297804 0 0.8481349 -0.6987631 0 0.7153531 -0.6968258 0 0.7172405 -0.8474155 0 0.5309305 -0.8464062 0 0.5325377 -0.9943361 0 0.1062821 -0.9943239 0 0.1063961 -0.9418035 0 0.336164 -0.9413935 0 0.3373104 -0.1067351 0.238248 0.9653216 -0.1080976 0.2375283 0.9653473 -0.3323287 0.2260454 0.9156753 -0.3408624 0.2246593 0.9128751 -0.5323233 0.2025143 0.821961 -0.5328501 0.2026963 0.8215748 -0.6977391 0.1714115 0.6955417 -0.70066 0.171357 0.6926128 -0.848056 0.1262573 0.5146456 -0.8464255 0.1271579 0.5171024 -0.994447 0.02427846 0.1024002 -0.9943751 0.02512997 0.1028921 -0.9409949 0.0819894 0.3283388 -0.9422602 0.08013069 0.325154 -0.1291915 0.4616696 0.8775938 -0.1040442 0.461793 0.8808645 -0.3269331 0.4398028 0.8364737 -0.3362839 0.4388098 0.8332822 -0.5327107 0.3918126 0.7501348 -0.5323447 0.3931218 0.7497096 -0.6924508 0.336608 0.6381277 -0.1203505 0.9855479 0.1192104 -0.7025984 0.3309755 0.6299291 -0.8461897 0.2484226 0.471433 -0.846323 0.2469375 0.4719739 -0.9415209 0.1567125 0.2982946 -0.9432903 0.1533805 0.2944113 -0.9944365 0.05010724 0.09265816 -0.9943291 0.04949104 0.0941289 -0.1067321 0.6594517 0.7441316 -0.1268061 0.656992 0.7431567 -0.3314406 0.625329 0.7064778 -0.3373851 0.6243563 0.7045216 -0.5305896 0.5618451 0.6346691 -0.1209598 0.9853729 -0.1200386 -0.1053684 0.9872357 -0.1194294 -0.5234073 0.5660553 0.636888 -0.6989492 0.4744766 0.5351092 -0.329591 0.9372442 -0.1137678 -0.691128 0.4787702 0.5414067 -0.3189612 0.9408634 -0.1141919 -0.8475622 0.3511444 0.3979146 -0.8457611 0.3549869 0.3983373 -0.541344 0.8346352 -0.10164 -0.5237077 0.845691 -0.1026504 -0.9439586 0.2188614 0.2470665 -0.9423545 0.2217535 0.250586 -0.6951453 0.7136397 -0.0865522 -0.6982376 0.710655 -0.08622002 -0.8460239 0.5292552 -0.06428706 -0.1216413 0.8172775 0.5632592 -0.8483233 0.5256126 -0.06386727 -0.9944577 0.1043745 -0.01265043 -0.994299 0.1058527 -0.01283723 -0.9427331 0.3311192 -0.04017913 -0.9427106 0.3311173 -0.0407201 -0.1028331 0.93013 -0.3525388 -0.5232876 0.702116 0.4829112 -0.1179732 0.9285631 -0.3519275 -0.517729 0.7045785 0.4853101 -0.3356379 0.8808071 -0.3339555 -0.6923252 0.5937154 0.4101072 -0.3345627 0.8811727 -0.3340698 -0.7048491 0.5835848 0.4032573 -0.8479509 0.4355298 0.3021475 -0.8462361 0.4386453 0.3024481 -0.5249953 0.7957048 -0.3020494 -0.9943343 0.08785688 0.05983722 -0.518599 0.7993444 -0.3034858 -0.9945377 0.08546805 0.05991828 -0.9435701 0.2723298 0.1884462 -0.9407449 0.279891 0.1914684 -0.7011707 0.6670597 -0.2517759 -0.1081935 0.9300848 0.3510506 -0.700265 0.6672789 -0.2537081 -0.1201788 0.9278678 0.3530136 -0.8468536 0.4974463 -0.1881124 -0.8473542 0.4963905 -0.188646 -0.108056 0.9868475 0.1202332 -0.9406977 0.3175292 -0.1194283 -0.9943678 0.09923619 -0.03721445 -0.9424113 0.312186 -0.1200041 -0.3252468 0.8842038 0.3352586 -0.1178808 0.8167362 -0.5648419 -0.3269875 0.9381425 0.1138769 -0.1253837 0.816894 -0.5629949 -0.3193036 0.9407491 0.114178 -0.5189271 0.7993037 0.3030321 -0.5256716 0.7952964 0.3019489 -0.524411 0.8452613 0.1025982 -0.540685 0.8350562 0.1016913 -0.7035393 0.664422 0.2521425 -0.5205697 0.7031575 -0.4843313 -0.5222434 0.7022268 -0.4838795 -0.6949284 0.713848 0.08657741 -0.6987266 0.7101811 0.08616256 -0.8464046 0.4979876 0.1886999 -0.6990509 0.5882723 -0.4065263 -0.8477139 0.5265266 0.0644294 -0.84952 0.4931454 0.1874127 -0.847144 0.5275396 0.06363356 -0.7020936 0.5860475 -0.404491 -0.994548 0.09731388 0.03747725 -0.9944255 0.1046764 0.01268696 -0.9944432 0.09843522 0.03732639 -0.9410467 0.3163625 0.1197742 -0.8481154 0.4347264 -0.3028419 -0.9414899 0.3345791 0.04066735 -0.8473346 0.4372091 -0.3014503 -0.9942997 0.1058462 0.01283645 -0.9941092 0.09001773 -0.06036406 -0.9427532 0.3310629 0.04017233 -0.9417002 0.3145473 0.119419 -0.9943628 0.08736771 -0.06007862 -0.9417138 0.276299 -0.1919225 -0.9424959 0.2758525 -0.1886982 -0.1142621 0.6589112 -0.743492 -0.1223732 0.6571521 -0.743758 -0.3267038 0.6261753 -0.7079331 -0.3472236 0.6230736 -0.7008674 -0.5240701 0.5644996 -0.6377233 -0.5267888 0.5635865 -0.6362892 -0.701317 0.472261 -0.5339702 -0.6964718 0.4764326 -0.5365996 -0.846917 0.3524273 -0.3981541 -0.8418563 0.3579856 -0.4038863 -0.9435173 0.2186198 -0.2489587 -0.9428344 0.2215195 -0.2489827 -0.1066799 0.4629145 -0.8799601 -0.1102307 0.4612125 -0.880416 -0.3199545 0.440913 -0.8385851 -0.3422032 0.4364494 -0.8321111 -0.5432291 0.3902068 -0.7433983 -0.531235 0.393753 -0.7501652 -0.6888702 0.336695 -0.6419458 -0.6952155 0.3339195 -0.6365321 -0.8483816 0.2468019 -0.4683347 -0.843296 0.2486498 -0.4764715 -0.9944454 0.04855686 -0.09338474 -0.9412759 0.1575275 -0.2986384 -0.9945243 0.04912728 -0.09223902 -0.9421787 0.1562573 -0.296451 -0.1133574 0.2378793 -0.9646572 -0.1142886 0.237149 -0.9647272 -0.3259296 0.2257261 -0.9180511 -0.3200051 0.2273207 -0.9197403 -0.5378246 0.2016842 -0.8185769 -0.5424537 0.2012752 -0.8156177 -0.7007812 0.1704345 -0.6927177 -0.6927309 0.17256 -0.7002479 -0.8469492 0.1261922 -0.5164812 -0.8418262 0.1298143 -0.5239056 -0.9944225 0.025249 -0.1024034 -0.994403 0.02541261 -0.1025519 -0.9417417 0.08129554 -0.3263643 -0.9431214 0.07955187 -0.3227902 -0.1132896 0 -0.9935621 -0.1292642 0 -0.9916102 -0.3255051 0 -0.9455403 -0.5432333 0 -0.8395819 -0.5409736 0 -0.8410397 -0.6990065 0 -0.7151153 -0.7007336 0 -0.7134231 -0.8419067 0 -0.5396232 -0.8409565 0 -0.541103 -0.9943824 0 -0.105848 -0.9437219 0 -0.3307403 -0.9439641 0 -0.3300484 -0.1142936 -0.2374588 -0.9646504 -0.1067351 -0.238248 -0.9653216 -0.3270073 -0.226764 -0.9174118 -0.3227233 -0.2258417 -0.9191547 -0.5398919 -0.2017868 -0.8171896 -0.5432252 -0.2008403 -0.8152114 -0.6951211 -0.1720334 -0.6980053 -0.6968591 -0.1713431 -0.6964403 -0.8434279 -0.1274504 -0.521906 -0.8463405 -0.1281157 -0.517005 -0.9944232 -0.025249 -0.1023958 -0.9943569 -0.02517205 -0.1030566 -0.9443987 -0.07939416 -0.3190733 -0.9413961 -0.08071887 -0.3275026 -0.1066799 -0.4629145 -0.8799601 -0.3133342 -0.4423037 -0.8403506 -0.3341426 -0.4371051 -0.8350377 -0.545165 -0.3896008 -0.742298 -0.6933795 -0.3347538 -0.6380947 -0.696869 -0.3331187 -0.6351422 -0.8483608 -0.2467958 -0.4683759 -0.9944358 -0.05010718 -0.09266561 -0.9944619 -0.0483241 -0.09332877 -0.9418944 -0.1562139 -0.2973757 -0.9412716 -0.1575268 -0.2986522 -0.1109648 -0.6581627 -0.7446534 -0.121762 -0.6582758 -0.7428641 -0.3345296 -0.6247249 -0.7055556 -0.3270009 -0.6267517 -0.7072855 -0.5287078 -0.5620121 -0.63609 -0.5317752 -0.5626028 -0.6330034 -0.7050279 -0.4700976 -0.5309841 -0.6964997 -0.4764517 -0.5365464 -0.8435457 -0.3573353 -0.4009267 -0.8476047 -0.35142 -0.3975806 -0.9426679 -0.2202134 -0.2507659 -0.9403691 -0.2258406 -0.2543656 -0.09939813 -0.8181232 -0.5663872 -0.1207384 -0.8168312 -0.5641003 -0.531761 -0.6974546 -0.4804032 -0.5323334 -0.6974844 -0.4797257 -0.6951172 -0.5914257 -0.4086904 -0.6989492 -0.5885758 -0.4062617 -0.8483222 -0.4350203 -0.3018395 -0.847323 -0.4372032 -0.3014916 -0.9422 -0.2751346 -0.1912069 -0.9942193 -0.08867269 -0.06053978 -0.994538 -0.08546811 -0.05991262 -0.9420602 -0.2768504 -0.1894109 -0.09988862 -0.93031 -0.3529102 -0.1029207 -0.9300978 -0.3525985 -0.3321881 -0.8819498 -0.3343887 -0.5348959 -0.7900511 -0.2995092 -0.5367645 -0.7887938 -0.2994801 -0.6934009 -0.6736989 -0.2555878 -0.8481094 -0.4954573 -0.1877034 -0.8457287 -0.4993089 -0.1882387 -0.9419211 -0.3139737 -0.1191861 -0.9946109 -0.09675198 -0.03726083 -0.9943379 -0.09942466 -0.03750848 -0.9425332 -0.312473 -0.1182867 -0.1062562 -0.9870431 -0.1202316 -0.1016122 -0.9876325 -0.1194032 -0.3289467 -0.9374772 -0.1137133 -0.3364968 -0.934821 -0.1134889 -0.5405193 -0.8351559 -0.1017531 -0.5265185 -0.8439782 -0.1023668 -0.6955004 -0.7133166 -0.08636385 -0.6967611 -0.7120745 -0.08645206 -0.8471788 -0.52746 -0.06382977 -0.8515236 -0.5204818 -0.06329613 -0.9945001 -0.1039748 -0.01260197 -0.9943127 -0.1057423 -0.01269102 -0.941338 -0.3350204 -0.04054898 -0.9417232 -0.3338747 -0.0410515 -0.1024701 -0.9874901 0.1198469 -0.1085913 -0.9868471 0.119754 -0.3356466 -0.935133 0.1134358 -0.3269869 -0.9381409 0.1138919 -0.5276844 -0.8432021 0.1027592 -0.5396171 -0.8357836 0.1013879 -0.6967611 -0.7120745 0.08645206 -0.6967493 -0.7120931 0.08639448 -0.8527575 -0.518441 0.06343251 -0.8471415 -0.5275381 0.0636785 -0.994393 -0.1049799 0.0127238 -0.9945036 -0.1039406 0.01261287 -0.9403812 -0.3376404 0.04101645 -0.1113274 -0.9292541 0.3522688 -0.09914743 -0.930461 0.3527213 -0.324126 -0.884761 0.3348739 -0.3321864 -0.8819453 0.3344022 -0.5353928 -0.7896082 0.2997893 -0.5386442 -0.7875506 0.2993771 -0.6992999 -0.6681824 0.2539919 -0.6913424 -0.6759793 0.2551425 -0.8479069 -0.4955803 0.1882926 -0.8483614 -0.4951311 0.1874257 -0.9410293 -0.3166698 0.1190976 -0.9441221 -0.3076569 0.1182405 -0.1103881 -0.8183946 0.5639547 -0.1038564 -0.8176656 0.5662481 0.5706889 -0.1965105 0.7973067 0.1206147 -0.9854663 -0.1196174 0.3558692 -0.4343175 0.8274813 0.3557165 -0.4343628 0.8275232 0.1207447 -0.6583058 0.7430036 0.1213225 -0.658168 0.7430315 0.8897479 -0.10922 0.4431926 0.8898169 -0.109227 0.4430522 0.752206 -0.1577005 0.6397786 0.752442 -0.1575981 0.6395264 0.5704931 -0.3817081 0.7272115 0.571021 -0.3815171 0.7268974 0.3559247 -0.6197006 0.6994919 0.3565813 -0.6195157 0.6993212 0.1207495 -0.8170015 0.5638511 0.1208266 -0.8169562 0.5639002 0.75206 -0.3062731 0.5836116 0.570734 -0.5445569 0.6145898 0.5709073 -0.5444297 0.6145415 0.3566813 -0.7688516 0.530703 0.3560928 -0.7690528 0.5308067 0.120936 -0.9854254 0.1196295 0.120891 -0.9281497 0.3520281 0.1206226 -0.9854583 0.1196749 0.1207901 -0.928157 0.3520433 0.8898746 -0.3024897 0.3415015 0.889783 -0.3026553 0.3415933 0.7519586 -0.4371613 0.4934051 0.7522499 -0.4368774 0.4932122 0.5708416 -0.6756871 0.4664622 0.5705605 -0.6758909 0.4665107 0.356256 -0.9275729 0.1126517 0.3563832 -0.927525 0.1126437 0.3561413 -0.8737022 0.3313729 0.3563585 -0.8736348 0.331317 0.7522395 -0.5422308 0.3743284 0.8898419 -0.3754549 0.2592586 0.8898169 -0.3755475 0.2592105 0.5707644 -0.7677626 0.2911505 0.5708663 -0.8150546 0.09898394 0.5707163 -0.7677921 0.2911671 0.5707325 -0.8151478 0.09898889 0.7519921 -0.6163486 0.2337146 0.7520191 -0.6163139 0.233719 0.8898519 -0.4266002 0.1617903 0.8898768 -0.4528717 0.05501461 0.8897804 -0.4530634 0.05499637 0.7521473 -0.6541905 0.07943123 0.8898003 -0.4267012 0.1618073 0.7520566 -0.6542925 0.07944923 0.1209625 -0.9854153 -0.1196869 0.356256 -0.9275729 -0.1126517 0.3563522 -0.9275367 -0.1126451 0.1210136 -0.9281475 -0.3519914 0.1208457 -0.9281537 -0.3520328 0.5707985 -0.8151036 -0.09897214 0.5707325 -0.8151478 -0.09898889 0.3559693 -0.8737557 -0.3314166 0.3563624 -0.8736476 -0.3312788 0.1210375 -0.8169212 -0.5639057 0.1211519 -0.8169986 -0.5637692 0.8898848 -0.4528562 -0.0550127 0.8897804 -0.4530634 -0.05499637 0.7521149 -0.6542272 -0.0794357 0.7521201 -0.6542207 -0.07944053 0.5707163 -0.7677921 -0.2911671 0.5707093 -0.7678002 -0.2911596 0.3562234 -0.7690284 -0.5307545 0.3557903 -0.7690972 -0.5309454 0.1208935 -0.6582059 -0.7430679 0.1213107 -0.658272 -0.7429413 0.889849 -0.4265989 -0.161809 0.8897851 -0.4267473 -0.1617689 0.7521216 -0.616189 -0.2337186 0.7521386 -0.6161927 -0.233654 0.5707787 -0.6757253 -0.4664838 0.5705976 -0.6758813 -0.4664793 0.3561061 -0.6196107 -0.6994792 0.1206139 -0.4612705 -0.8790233 0.1207359 -0.4613523 -0.8789637 0.7524364 -0.5420637 -0.3741743 0.889778 -0.3755576 -0.2593296 0.8897749 -0.3756181 -0.2592527 0.7520347 -0.542444 -0.3744308 0.5706916 -0.544551 -0.6146344 0.5706533 -0.544545 -0.6146752 0.3564758 -0.4341802 -0.8272925 0.121169 -0.2376072 -0.9637743 0.1207171 -0.2375304 -0.96385 0.7522893 -0.4368885 -0.4931423 0.8898077 -0.3025715 -0.3416033 0.7523183 -0.4368838 -0.4931024 0.8897083 -0.3027878 -0.3416702 0.5708276 -0.3815796 -0.7270164 0.5704262 -0.381694 -0.7272714 0.3564458 -0.2236084 -0.9071636 0.121725 0 -0.9925639 0.1215493 0 -0.9925855 0.7521424 -0.306277 -0.5835034 0.7523137 -0.3061385 -0.5833553 0.5707626 -0.196524 -0.7972505 0.5708271 -0.1965265 -0.7972037 0.3557063 0 -0.9345979 0.355665 0 -0.9346136 0.1208928 0.2376194 -0.963806 0.1213436 0.2375184 -0.9637743 0.7519258 -0.1577349 -0.6400995 0.7521177 -0.157729 -0.6398754 0.8898722 -0.1091599 -0.442958 0.8897721 -0.1092678 -0.4431323 0.5708723 0 -0.8210389 0.5710141 0 -0.8209403 0.3558365 0.2236808 -0.9073849 0.3562168 0.2235926 -0.9072573 0.1208922 0.4612548 -0.8789933 0.1210672 0.4613349 -0.8789271 0.570956 0.1964704 -0.7971253 0.5706378 0.196596 -0.7973221 0.1213623 0.6582329 -0.7429676 0.1214581 0.658204 -0.7429775 0.8897479 0.10922 -0.4431926 0.752184 0.1577031 -0.6398038 0.7519716 0.1577492 -0.6400423 0.5706499 0.3815808 -0.7271553 0.5706456 0.3816363 -0.7271295 0.3557034 0.6197862 -0.6995286 0.3563911 0.6195081 -0.6994248 0.121139 0.8169083 -0.5639027 0.1211598 0.8169108 -0.5638945 0.7522091 0.3062413 -0.5834363 0.7522937 0.3061304 -0.5833854 0.8898708 0.2120203 -0.4039525 0.8896911 0.2122175 -0.4042443 0.5704315 0.544671 -0.6147695 0.5708342 0.5444439 -0.6145969 0.3556776 0.7691454 -0.5309509 0.3558384 0.769116 -0.5308858 0.1208782 0.9281921 -0.3519201 0.1210929 0.9281609 -0.3519289 0.7521761 0.4369924 -0.493223 0.7523722 0.4368191 -0.4930773 0.8897404 0.3026778 -0.3416846 0.8898057 0.3026121 -0.3415725 0.5710594 0.675597 -0.466326 0.5711363 0.6755267 -0.4663336 0.3558506 0.873822 -0.3313691 0.3558716 0.8738318 -0.3313208 0.1211962 0.9853855 -0.1196958 0.7520017 0.542528 -0.3743757 0.7521844 0.542307 -0.3743285 0.8898829 0.3754073 -0.2591874 0.8897164 0.3757262 -0.2592964 0.5711874 0.7674722 -0.2910864 0.3558216 0.9277446 -0.1126098 0.3563046 0.9275546 -0.1126478 0.1211856 0.9853903 0.1196666 0.1209347 0.9854151 0.1197165 0.8898623 0.4265684 -0.1618167 0.7520553 0.6162685 -0.2337224 0.8898078 0.426678 -0.1618266 0.7521755 0.6161134 -0.2337448 0.5703253 0.8154371 -0.09895223 0.3563441 0.9275459 0.1125947 0.3558259 0.9277358 0.1126693 0.1208948 0.9281784 0.3519508 0.1208706 0.9281744 0.3519698 0.7521144 0.6542268 -0.07944303 0.5703622 0.8154022 0.09902614 0.5707123 0.8151701 0.09891986 0.3558889 0.8737925 0.3314059 0.3560417 0.8737593 0.3313294 0.1208676 0.8169859 0.5638487 0.1207334 0.8169267 0.5639628 0.7520724 0.6542745 0.07944709 0.571103 0.7675407 0.2910718 0.5708028 0.7677167 0.2911965 0.3561102 0.7690009 0.5308703 0.3562066 0.7689923 0.5308181 0.12159 0.6582241 0.7429381 0.1210784 0.6582169 0.743028 0.8898463 0.4265975 0.1618278 0.8897862 0.4267299 0.161809 0.7521125 0.6161918 0.2337402 0.7519173 0.616407 0.2338007 0.5708782 0.675704 0.4663928 0.5712218 0.6754961 0.4662734 0.3562128 0.6195896 0.6994434 0.1216173 0.461306 0.8788663 0.1214451 0.4612089 0.8789412 0.8898805 0.3754063 0.2591964 0.7519705 0.5425168 0.3744543 0.7519317 0.5425422 0.3744955 0.8897817 0.3756289 0.2592134 0.5707089 0.5445328 0.6146344 0.5708828 0.54449 0.6145109 0.1216498 0.2376074 0.9637137 0.1208917 0.2375113 0.9638328 0.8898251 0.3025251 0.3415991 0.8898374 0.3026027 0.3414986 0.751926 0.437147 0.4934672 0.7522429 0.4369463 0.4931619 0.5708202 0.3815746 0.7270249 0.5706676 0.3816511 0.7271046 0.3562111 0.22366 0.907243 0.1206809 0 0.9926913 0.1206119 0 0.9926998 0.8897504 0.2120612 0.4041962 0.8898596 0.2120726 0.4039496 0.7520828 0.3062354 0.583602 0.7523956 0.306126 0.5832563 0.5706295 0.1965215 0.7973465 0.5707514 0.1965129 0.7972612 0.3563755 0 0.9343429 0.1209188 -0.2376183 0.9638031 0.8898081 0.1091897 0.4430791 0.8897852 0.1092483 0.4431108 0.7523531 0.1576669 0.6396139 0.7521796 0.1576656 0.6398183 0.5706273 0 0.8212092 0.3562337 -0.223594 0.9072505 0.3557158 -0.2237052 0.9074262 0.121443 -0.4612717 0.8789085 0.1210703 -0.4612972 0.8789465 0.998288 0.05468624 0.02075147 0.9846025 -0.1439924 -0.09911739 0.9982779 -0.04830217 -0.03329062 0.9846771 -0.1434993 -0.09909158 0.9982847 0.05475157 0.02073419 0.9846925 0.1629531 0.06186437 0.9846047 0.1634709 0.06189364 0.9573514 -0.1341502 -0.2558945 0.957246 -0.1345047 -0.256103 0.9573948 0.1913322 0.2163035 0.9846479 -0.1157717 -0.1306356 0.9982813 -0.03888309 -0.04384911 0.9572013 0.1919927 0.2165746 0.9982829 -0.03890496 -0.0437926 0.9846692 0.1434982 0.0991711 0.9846428 -0.1157863 -0.130661 0.9982869 0.0481407 0.0332551 0.9982824 0.04823589 0.0332511 0.9572215 0.1343122 0.2562953 0.9572657 -0.06923943 -0.2807996 0.9572324 -0.06921964 -0.2809179 0.9982858 -0.02711075 -0.05187022 0.9982834 -0.02724891 -0.05184429 0.9573602 0.1344994 0.2556782 0.9846521 0.11585 0.1305335 0.9846494 -0.08098292 -0.1546204 0.9982798 0.03893929 0.04383122 0.9982938 0.03862315 0.04379403 0.9846525 -0.08121246 -0.1544803 0.9846263 0.1157735 0.1307965 0.9573321 0.06914061 0.2805973 0.9572637 0 -0.2892166 0.9572573 0 -0.2892379 0.9982847 -0.01408779 -0.05682623 0.9574328 0.06918811 0.2802421 0.9846665 0.08092391 0.1545422 0.9846438 -0.04179531 -0.1694993 0.998285 -0.01393866 -0.05685901 0.9982866 0.02717423 0.05182236 0.9982784 0.02736598 0.05187916 0.9846264 0.08116883 0.1546698 0.9574048 0 0.2887495 0.9573234 0.06919366 -0.2806141 0.9572593 0.06919836 -0.2808315 0.984655 0 -0.1745121 0.9574365 0 0.288644 0.998286 0 -0.05852627 0.9846394 0.04176086 0.1695331 0.9982804 0.01415848 0.05688494 0.9982823 0.01395511 0.05690145 0.9846651 0 -0.1744557 0.98465 0.04180395 0.1694605 0.9572618 0.134507 -0.2560425 0.9573022 0.1341618 -0.2560728 0.9573669 -0.06902664 0.2805067 0.984656 0.04182219 -0.1694211 0.9573119 -0.06936538 0.2806107 0.984655 0 0.1745121 0.9846382 0.04173022 -0.1695476 0.9846203 0 0.1747081 0.9982819 0 0.0585938 0.9982848 0.01403784 -0.05683869 0.9982814 0 0.05860215 0.9573283 -0.1342315 0.255939 0.9572969 0.1918043 -0.2163189 0.9572604 0.1916816 -0.2165887 0.9572984 -0.1344152 0.2559539 0.9846724 0.08089429 -0.15452 0.9982848 -0.01398819 0.05685025 0.9846464 0.08120793 -0.1545206 0.9982823 0.02720624 -0.05188947 0.9982795 -0.01414602 0.05690348 0.9574127 0.2374963 -0.1641842 0.9846575 -0.04168432 0.1694468 0.9572405 0.2381882 -0.1641859 0.9573411 -0.191459 0.2164289 0.9846598 0.1156479 -0.1306546 0.9846252 0.1159508 -0.1306471 0.9572309 -0.1918953 0.2165299 0.9982856 0.03883391 -0.04379367 0.9982842 -0.0273199 0.05179178 0.9982817 0.03889024 -0.04383128 0.9846506 -0.08106863 0.1545678 0.9846218 -0.08119451 0.1546853 0.9572095 0.2706283 -0.1025211 0.9982815 -0.02730441 0.05185264 0.9572935 -0.2379235 0.1642609 0.9574028 0.2699437 -0.1025198 0.9982753 0.04837173 -0.03326874 0.9573816 -0.2377078 0.1640597 0.9982938 0.04801183 -0.03323191 0.9846692 0.1434982 -0.0991711 0.9845652 0.1441593 -0.09924459 0.984599 -0.1161037 0.1307087 0.9982892 -0.03875041 0.04378426 0.957334 0.2868726 -0.03486776 0.9846942 -0.1154798 0.1305448 0.9571778 -0.2874035 0.03478252 0.9573585 -0.2701303 0.1024417 0.9572681 -0.2870886 -0.03489941 0.9573536 -0.2868021 0.03490924 0.9982897 0.05466318 -0.02072954 0.9572728 -0.2870869 -0.03478598 0.9574496 -0.2698067 0.1024432 0.9982741 -0.04837167 0.03330177 0.9846174 0.1633991 -0.06188279 0.9846514 -0.1437236 0.09902131 0.9982805 0.05482196 -0.02075451 0.9846614 0.1631287 -0.06189709 0.984676 -0.1434991 0.09910297 0.9573873 -0.2700412 -0.1024078 0.9573671 -0.2700396 -0.1026012 0.9982875 -0.05469775 0.02074265 0.9574912 0.2863491 0.03485411 0.9982882 -0.05806148 0.007053136 0.9982781 -0.05485421 0.02078515 0.9982766 -0.0582596 -0.007051527 0.9846833 -0.1629821 0.06193268 0.9846354 -0.1733487 0.02106028 0.9571822 0.2873789 0.03486579 0.9982841 -0.05813336 0.007045686 0.9982854 -0.05811059 -0.007042944 0.984638 -0.163256 0.06193226 0.998286 0.05809515 -0.007077038 0.984648 -0.1732886 -0.02096271 0.9846421 -0.1733221 0.02096676 0.9847092 -0.1729299 -0.02105402 0.9982786 0.05822306 -0.007063269 0.9847093 0.1729299 -0.02104252 0.9845941 0.1735845 -0.02104794 0.9572085 -0.2381794 -0.1643852 0.9574418 -0.2375046 -0.1640032 0.9982723 -0.05496627 -0.02076429 0.9572699 0.2703977 0.1025646 0.9573931 0.2700345 0.1023715 0.9846187 -0.1633688 -0.06194019 0.9982832 0.05814474 0.007059335 0.9982922 -0.05460482 -0.020765 0.9982883 0.05805534 0.007085382 0.9846417 -0.1632236 -0.06195724 0.9846354 0.1733487 0.02106028 0.9845931 0.17359 0.02104824 0.957277 -0.1918695 -0.2163493 0.9573193 -0.1915556 -0.2164403 0.9573664 0.2377896 0.16403 0.9982872 -0.04812037 -0.03327399 0.9573355 0.2377513 0.1642653 0.9388827 -0.3417333 0.04144811 0.9388804 -0.3218811 0.1220504 0.938874 -0.2832946 0.1956012 0.938884 -0.3218696 0.1220526 0.9388821 -0.2832879 0.1955718 0.9388926 0.3416946 -0.04154127 0.9388777 -0.2282991 0.257659 0.938887 0.3218644 -0.1220441 0.9388934 -0.2282212 0.2576709 0.9388762 -0.1600264 0.3048005 0.9388855 -0.1599573 0.3048077 0.9388737 0.2833341 -0.1955454 0.9388828 0.3218614 -0.1220837 0.9388813 -0.08238685 0.3342369 0.9388948 0.2282249 -0.2576627 0.9388865 0 0.344227 0.9388793 0.2833213 -0.195537 0.9388813 0 0.3442413 0.9388751 0.1599311 -0.3048533 0.9388728 0.08244377 0.3342472 0.9388811 0.228266 -0.257676 0.9388837 0.08238667 0.3342304 0.938893 0.08240014 -0.3342011 0.938865 0.1600422 0.3048262 0.938883 0.1599987 -0.3047937 0.9388854 0.1599687 0.3048019 0.9388898 0.228155 0.2577428 0.9388765 0 -0.3442543 0.9388803 0.2282831 0.2576637 0.9388841 0.2833212 0.1955142 0.9388822 0.08238494 -0.3342347 0.938885 0.3218581 0.1220754 0.9388805 0.2833069 0.1955525 0.9388787 -0.08249032 -0.3342188 0.9388818 0.3218667 0.1220779 0.938896 0.3416852 0.04154014 0.938887 0 -0.3442256 0.9388846 -0.1599274 -0.3048264 0.9388844 -0.08236199 -0.3342345 0.9388899 -0.2283217 -0.2575944 0.9388828 -0.1599853 -0.3048014 0.938885 -0.2282665 -0.257661 0.9388673 -0.2832915 -0.1956384 0.938881 -0.2833024 -0.1955564 0.9388971 -0.3218435 -0.122021 0.9388816 -0.3218745 -0.122058 0.9388731 -0.3417587 -0.04145121 0.938882 -0.3417283 -0.04150086 0 0.9927027 -0.1205878 0 0.2392988 0.970946 0 0.9350371 -0.3545499 0 0.6631694 0.7484694 0 0.8229709 -0.5680835 0 0.6631621 0.7484758 0 0.8229838 0.5680651 0 0.6631252 -0.7485085 0 0.8229838 -0.5680651 0 0.9350288 0.354572 0 0.2393727 -0.9709278 0 -0.6630912 -0.7485387 0 -0.8230158 -0.5680186 0 -0.6630975 -0.7485331 0 -0.9350099 -0.3546217 0 -0.9350056 -0.3546331 0 -0.9927141 -0.1204933 0 -0.9927093 -0.1205338 0 -0.9927093 0.1205338 0 -0.9927141 0.1204933 0 -0.9349972 0.3546553 0 -0.8230093 0.5680279 0 -0.6631354 0.7484995 0 -0.6631281 0.748506 0 0.2393528 -0.9709327 0 -0.9927071 0.1205519 0 -0.2393268 -0.9709392 0 -0.9350214 0.3545915 0 -0.4646943 0.8854713 0 -0.2393268 0.9709392 0 -0.9350267 -0.3545776 0 -0.9927058 -0.1205626 0 0.2393528 0.9709327 0 0.6631353 0.7484996 0 0.8229644 0.568093 0 0.9927058 -0.1205626 0 0.9350267 -0.3545776 -1 8.66611e-6 0 -1 -8.66761e-6 0 -1 -1.50105e-5 0 -1 1.73361e-5 0 -1 8.66701e-6 0 -1 1.7331e-5 0 -1 8.66791e-6 0 -1 3.00233e-5 0 -1 -8.66701e-6 0 -1 2.25198e-5 0 -1 -1.73334e-5 0 -1 -1.50119e-5 0 -1 1.73346e-5 0 1 -2.1073e-5 0 1 -6.01594e-5 0 1 9.62811e-5 0 1 -9.36658e-5 0 1 6.01535e-5 0 1 -4.21594e-5 0 1 1.59847e-5 0 1 2.57778e-5 0 1 2.75179e-4 0 1 2.62334e-5 0 1 1.37893e-4 0 1 -4.15679e-5 0 1 -2.19923e-5 0 1 -1.37817e-4 0 1 -5.71846e-5 0 1 6.4433e-5 0 1 -3.19918e-5 0 -1 9.22382e-5 0 -1 9.22765e-5 0 -1 9.2285e-5 0 -1 -3.35088e-6 0 -1 1.72575e-6 0 -1 -7.06449e-6 0</float_array>
          <technique_common>
            <accessor source="#LandingRubber-mesh-normals-array" count="3546" stride="3">
              <param name="X" type="float" />
              <param name="Y" type="float" />
              <param name="Z" type="float" />
            </accessor>
          </technique_common>
        </source>
        <source id="LandingRubber-mesh-map">
          <float_array id="LandingRubber-mesh-map-array" count="24864">0 0 1 0 1 1 0 0 1 0 1 1 0 0 1 0 1 1 0 0 1 0 1 1 0 0 1 0 1 1 0 0 1 0 1 1 0 0 1 0 1 1 0 0 1 0 1 1 0 0 1 0 1 1 0 0 1 0 1 1 0 0 1 0 1 1 0 0 1 0 1 1 0 0 1 0 1 1 0 0 1 0 1 1 0 0 1 0 1 1 0 0 1 0 1 1 0 0 1 0 1 1 0 0 1 0 1 1 0 0 1 0 1 1 0 0 1 0 1 1 0 0 1 0 1 1 0 0 1 0 1 1 0 0 1 0 1 1 0 0 1 0 1 1 0 0 1 0 1 1 0 0 1 0 1 1 0 0 1 0 1 1 0 0 1 0 1 1 0 0 1 0 1 1 0 0 1 0 1 1 0 0 1 0 1 1 0 0 1 0 1 1 0 0 1 0 1 1 0 0 1 0 1 1 0 0 1 0 1 1 0 0 1 0 1 1 0 0 1 0 1 1 0 0 1 0 1 1 0 0 1 0 1 1 0 0 1 0 1 1 0 0 1 0 1 1 0 0 1 0 1 1 0 0 1 0 1 1 0 0 1 0 1 1 0 0 1 0 1 1 0 0 1 0 1 1 0 0 1 0 1 1 0 0 1 0 1 1 0 0 1 0 1 1 0 0 1 0 1 1 0 0 1 0 1 1 0 0 1 0 1 1 0 0 1 0 1 1 0 0 1 0 1 1 0 0 1 0 1 1 0 0 1 0 1 1 0 0 1 0 1 1 0 0 1 0 1 1 0 0 1 0 1 1 0 0 1 0 1 1 0 0 1 0 1 1 0 0 1 0 1 1 0 0 1 0 1 1 0 0 1 0 1 1 0 0 1 0 1 1 0 0 1 0 1 1 0 0 1 0 1 1 0 0 1 0 1 1 0 0 1 0 1 1 0 0 1 0 1 1 0 0 1 0 1 1 0 0 1 0 1 1 0 0 1 0 1 1 0 0 1 0 1 1 0 0 1 0 1 1 0 0 1 0 1 1 0 0 1 0 1 1 0 0 1 0 1 1 0 0 1 0 1 1 0 0 1 0 1 1 0 0 1 0 1 1 0 0 1 0 1 1 0 0 1 0 1 1 0 0 1 0 1 1 0 0 1 0 1 1 0 0 1 0 1 1 0 0 1 0 1 1 0 0 1 0 1 1 0 0 1 0 1 1 0 0 1 0 1 1 0 0 1 0 1 1 0 0 1 0 1 1 0 0 1 0 1 1 0 0 1 0 1 1 0 0 1 0 1 1 0 0 1 0 1 1 0 0 1 0 1 1 0 0 1 0 1 1 0 0 1 0 1 1 0 0 1 0 1 1 0 0 1 0 1 1 0 0 1 0 1 1 0 0 1 0 1 1 0 0 1 0 1 1 0 0 1 0 1 1 0 0 1 0 1 1 0 0 1 0 1 1 0 0 1 0 1 1 0 0 1 0 1 1 0 0 1 0 1 1 0 0 1 0 1 1 0 0 1 0 1 1 0 0 1 0 1 1 0 0 1 0 1 1 0 0 1 0 1 1 0 0 1 0 1 1 0 0 1 0 1 1 0 0 1 0 1 1 0 0 1 0 1 1 0 0 1 0 1 1 0 0 1 0 1 1 0 0 1 0 1 1 0 0 1 0 1 1 0 0 1 0 1 1 0 0 1 0 1 1 0 0 1 0 1 1 0 0 1 0 1 1 0 0 1 0 1 1 0 0 1 0 1 1 0 0 1 0 1 1 0 0 1 0 1 1 0 0 1 0 1 1 0 0 1 0 1 1 0 0 1 0 1 1 0 0 1 0 1 1 0 0 1 0 1 1 0 0 1 0 1 1 0 0 1 0 1 1 0 0 1 0 1 1 0 0 1 0 1 1 0 0 1 0 1 1 0 0 1 0 1 1 0 0 1 0 1 1 0 0 1 0 1 1 0 0 1 0 1 1 0 0 1 0 1 1 0 0 1 0 1 1 0 0 1 0 1 1 0 0 1 0 1 1 0 0 1 0 1 1 0 0 1 0 1 1 0 0 1 0 1 1 0 0 1 0 1 1 0 0 1 0 1 1 0 0 1 0 1 1 0 0 1 0 1 1 0 0 1 0 1 1 0 0 1 0 1 1 0 0 1 0 1 1 0 0 1 0 1 1 0 0 1 0 1 1 0 0 1 0 1 1 0 0 1 0 1 1 0 0 1 0 1 1 0 0 1 0 1 1 0 0 1 0 1 1 0 0 1 0 1 1 0 0 1 0 1 1 0 0 1 0 1 1 0 0 1 0 1 1 0 0 1 0 1 1 0 0 1 0 1 1 0 0 1 0 1 1 0 0 1 0 1 1 0 0 1 0 1 1 0 0 1 0 1 1 0 0 1 0 1 1 0 0 1 0 1 1 0 0 1 0 1 1 0 0 1 0 1 1 0 0 1 0 1 1 0 0 1 0 1 1 0 0 1 0 1 1 0 0 1 0 1 1 0 0 1 0 1 1 0 0 1 0 1 1 0 0 1 0 1 1 0 0 1 0 1 1 0 0 1 0 1 1 0 0 1 0 1 1 0 0 1 0 1 1 0 0 1 0 1 1 0 0 1 0 1 1 0 0 1 0 1 1 0 0 1 0 1 1 0 0 1 0 1 1 0 0 1 0 1 1 0 0 1 0 1 1 0 0 1 0 1 1 0 0 1 0 1 1 0 0 1 0 1 1 0 0 1 0 1 1 0 0 1 0 1 1 0 0 1 0 1 1 0 0 1 0 1 1 0 0 1 0 1 1 0 0 1 0 1 1 0 0 1 0 1 1 0 0 1 0 1 1 0 0 1 0 1 1 0 0 1 0 1 1 0 0 1 0 1 1 0 0 1 0 1 1 0 0 1 0 1 1 0 0 1 0 1 1 0 0 1 0 1 1 0 0 1 0 1 1 0 0 1 0 1 1 0 0 1 0 1 1 0 0 1 0 1 1 0 0 1 0 1 1 0 0 1 0 1 1 0 0 1 0 1 1 0 0 1 0 1 1 0 0 1 0 1 1 0 0 1 0 1 1 0 0 1 0 1 1 0 0 1 0 1 1 0 0 1 0 1 1 0 0 1 0 1 1 0 0 1 0 1 1 0 0 1 0 1 1 0 0 1 0 1 1 0 0 1 0 1 1 0 0 1 0 1 1 0 0 1 0 1 1 0 0 1 0 1 1 0 0 1 0 1 1 0 0 1 0 1 1 0 0 1 0 1 1 0 0 1 0 1 1 0 0 1 0 1 1 0 0 1 0 1 1 0 0 1 0 1 1 0 0 1 0 1 1 0 0 1 0 1 1 0 0 1 0 1 1 0 0 1 0 1 1 0 0 1 0 1 1 0 0 1 0 1 1 0 0 1 0 1 1 0 0 1 0 1 1 0 0 1 0 1 1 0 0 1 0 1 1 0 0 1 0 1 1 0 0 1 0 1 1 0 0 1 0 1 1 0 0 1 0 1 1 0 0 1 0 1 1 0 0 1 0 1 1 0 0 1 0 1 1 0 0 1 0 1 1 0 0 1 0 1 1 0 0 1 0 1 1 0 0 1 0 1 1 0 0 1 0 1 1 0 0 1 0 1 1 0 0 1 0 1 1 0 0 1 0 1 1 0 0 1 0 1 1 0 0 1 0 1 1 0 0 1 0 1 1 0 0 1 0 1 1 0 0 1 0 1 1 0 0 1 0 1 1 0 0 1 0 1 1 0 0 1 0 1 1 0 0 1 0 1 1 0 0 1 0 1 1 0 0 1 0 1 1 0 0 1 0 1 1 0 0 1 0 1 1 0 0 1 0 1 1 0 0 1 0 1 1 0 0 1 0 1 1 0 0 1 0 1 1 0 0 1 0 1 1 0 0 1 0 1 1 0 0 1 0 1 1 0 0 1 0 1 1 0 0 1 0 1 1 0 0 1 0 1 1 0 0 1 0 1 1 0 0 1 0 1 1 0 0 1 0 1 1 0 0 1 0 1 1 0 0 1 0 1 1 0 0 1 0 1 1 0 0 1 0 1 1 0 0 1 0 1 1 0 0 1 0 1 1 0 0 1 0 1 1 0 0 1 0 1 1 0 0 1 0 1 1 0 0 1 0 1 1 0 0 1 0 1 1 0 0 1 0 1 1 0 0 1 0 1 1 0 0 1 0 1 1 0 0 1 0 1 1 0 0 1 0 1 1 0 0 1 0 1 1 0 0 1 0 1 1 0 0 1 0 1 1 0 0 1 0 1 1 0 0 1 0 1 1 0 0 1 0 1 1 0 0 1 0 1 1 0 0 1 0 1 1 0 0 1 0 1 1 0 0 1 0 1 1 0 0 1 0 1 1 0 0 1 0 1 1 0 0 1 0 1 1 0 0 1 0 1 1 0 0 1 0 1 1 0 0 1 0 1 1 0 0 1 0 1 1 0 0 1 0 1 1 0 0 1 0 1 1 0 0 1 0 1 1 0 0 1 0 1 1 0 0 1 0 1 1 0 0 1 0 1 1 0 0 1 0 1 1 0 0 1 0 1 1 0 0 1 0 1 1 0 0 1 0 1 1 0 0 1 0 1 1 0 0 1 0 1 1 0 0 1 0 1 1 0 0 1 0 1 1 0 0 1 0 1 1 0 0 1 0 1 1 0 0 1 0 1 1 0 0 1 0 1 1 0 0 1 0 1 1 0 0 1 0 1 1 0 0 1 0 1 1 0 0 1 0 1 1 0 0 1 0 1 1 0 0 1 0 1 1 0 0 1 0 1 1 0 0 1 0 1 1 0 0 1 0 1 1 0 0 1 0 1 1 0 0 1 0 1 1 0 0 1 0 1 1 0 0 1 0 1 1 0 0 1 0 1 1 0 0 1 0 1 1 0 0 1 0 1 1 0 0 1 0 1 1 0 0 1 0 1 1 0 0 1 0 1 1 0 0 1 0 1 1 0 0 1 0 1 1 0 0 1 0 1 1 0 0 1 0 1 1 0 0 1 0 1 1 0 0 1 0 1 1 0 0 1 0 1 1 0 0 1 0 1 1 0 0 1 0 1 1 0 0 1 0 1 1 0 0 1 0 1 1 0 0 1 0 1 1 0 0 1 0 1 1 0 0 1 0 1 1 0 0 1 0 1 1 0 0 1 0 1 1 0 0 1 0 1 1 0 0 1 0 1 1 0 0 1 0 1 1 0 0 1 0 1 1 0 0 1 0 1 1 0 0 1 0 1 1 0 0 1 0 1 1 0 0 1 0 1 1 0 0 1 0 1 1 0 0 1 0 1 1 0 0 1 0 1 1 0 0 1 0 1 1 0 0 1 0 1 1 0 0 1 0 1 1 0 0 1 0 1 1 0 0 1 0 1 1 0 0 1 0 1 1 0 0 1 0 1 1 0 0 1 0 1 1 0 0 1 0 1 1 0 0 1 0 1 1 0 0 1 0 1 1 0 0 1 0 1 1 0 0 1 0 1 1 0 0 1 0 1 1 0 0 1 0 1 1 0 0 1 0 1 1 0 0 1 0 1 1 0 0 1 0 1 1 0 0 1 0 1 1 0 0 1 0 1 1 0 0 1 0 1 1 0 0 1 0 1 1 0 0 1 0 1 1 0 0 1 0 1 1 0 0 1 0 1 1 0 0 1 0 1 1 0 0 1 0 1 1 0 0 1 0 1 1 0 0 1 0 1 1 0 0 1 0 1 1 0 0 1 0 1 1 0 0 1 0 1 1 0 0 1 0 1 1 0 0 1 0 1 1 0 0 1 0 1 1 0 0 1 0 1 1 0 0 1 0 1 1 0 0 1 0 1 1 0 0 1 0 1 1 0 0 1 0 1 1 0 0 1 0 1 1 0 0 1 0 1 1 0 0 1 0 1 1 0 0 1 0 1 1 0 0 1 0 1 1 0 0 1 0 1 1 0 0 1 0 1 1 0 0 1 0 1 1 0 0 1 0 1 1 0 0 1 0 1 1 0 0 1 0 1 1 0 0 1 0 1 1 0 0 1 0 1 1 0 0 1 0 1 1 0 0 1 0 1 1 0 0 1 0 1 1 0 0 1 0 1 1 0 0 1 0 1 1 0 0 1 0 1 1 0 0 1 0 1 1 0 0 1 0 1 1 0 0 1 0 1 1 0 0 1 0 1 1 0 0 1 0 1 1 0 0 1 0 1 1 0 0 1 0 1 1 0 0 1 0 1 1 0 0 1 0 1 1 0 0 1 0 1 1 0 0 1 0 1 1 0 0 1 0 1 1 0 0 1 0 1 1 0 0 1 0 1 1 0 0 1 0 1 1 0 0 1 0 1 1 0 0 1 0 1 1 0 0 1 0 1 1 0 0 1 0 1 1 0 0 1 0 1 1 0 0 1 0 1 1 0 0 1 0 1 1 0 0 1 0 1 1 0 0 1 0 1 1 0 0 1 0 1 1 0 0 1 0 1 1 0 0 1 0 1 1 0 0 1 0 1 1 0 0 1 0 1 1 0 0 1 0 1 1 0 0 1 0 1 1 0 0 1 0 1 1 0 0 1 0 1 1 0 0 1 0 1 1 0 0 1 0 1 1 0 0 1 0 1 1 0 0 1 0 1 1 0 0 1 0 1 1 0 0 1 0 1 1 0 0 1 0 1 1 0 0 1 0 1 1 0 0 1 0 1 1 0 0 1 0 1 1 0 0 1 0 1 1 0 0 1 0 1 1 0 0 1 0 1 1 0 0 1 0 1 1 0 0 1 0 1 1 0 0 1 0 1 1 0 0 1 0 1 1 0 0 1 0 1 1 0 0 1 0 1 1 0 0 1 0 1 1 0 0 1 0 1 1 0 0 1 0 1 1 0 0 1 0 1 1 0 0 1 0 1 1 0 0 1 0 1 1 0 0 1 0 1 1 0 0 1 0 1 1 0 0 1 0 1 1 0 0 1 0 1 1 0 0 1 0 1 1 0 0 1 0 1 1 0 0 1 0 1 1 0 0 1 0 1 1 0 0 1 0 1 1 0 0 1 0 1 1 0 0 1 0 1 1 0 0 1 0 1 1 0 0 1 0 1 1 0 0 1 0 1 1 0 0 1 0 1 1 0 0 1 0 1 1 0 0 1 0 1 1 0 0 1 0 1 1 0 0 1 0 1 1 0 0 1 0 1 1 0 0 1 0 1 1 0 0 1 0 1 1 0 0 1 0 1 1 0 0 1 0 1 1 0 0 1 0 1 1 0 0 1 0 1 1 0 0 1 0 1 1 0 0 1 0 1 1 0 0 1 0 1 1 0 0 1 0 1 1 0 0 1 0 1 1 0 0 1 0 1 1 0 0 1 0 1 1 0 0 1 0 1 1 0 0 1 0 1 1 0 0 1 0 1 1 0 0 1 0 1 1 0 0 1 0 1 1 0 0 1 0 1 1 0 0 1 0 1 1 0 0 1 0 1 1 0 0 1 0 1 1 0 0 1 0 1 1 0 0 1 0 1 1 0 0 1 0 1 1 0 0 1 0 1 1 0 0 1 0 1 1 0 0 1 0 1 1 0 0 1 0 1 1 0 0 1 0 1 1 0 0 1 0 1 1 0 0 1 0 1 1 0 0 1 0 1 1 0 0 1 0 1 1 0 0 1 0 1 1 0 0 1 0 1 1 0 0 1 0 1 1 0 0 1 0 1 1 0 0 1 0 1 1 0 0 1 0 1 1 0 0 1 0 1 1 0 0 1 0 1 1 0 0 1 0 1 1 0 0 1 0 1 1 0 0 1 0 1 1 0 0 1 0 1 1 0 0 1 0 1 1 0 0 1 0 1 1 0 0 1 0 1 1 0 0 1 0 1 1 0 0 1 0 1 1 0 0 1 0 1 1 0 0 1 0 1 1 0 0 1 0 1 1 0 0 1 0 1 1 0 0 1 0 1 1 0 0 1 0 1 1 0 0 1 0 1 1 0 0 1 0 1 1 0 0 1 0 1 1 0 0 1 0 1 1 0 0 1 0 1 1 0 0 1 0 1 1 0 0 1 0 1 1 0 0 1 0 1 1 0 0 1 0 1 1 0 0 1 0 1 1 0 0 1 0 1 1 0 0 1 0 1 1 0 0 1 0 1 1 0 0 1 0 1 1 0 0 1 0 1 1 0 0 1 0 1 1 0 0 1 0 1 1 0 0 1 0 1 1 0 0 1 0 1 1 0 0 1 0 1 1 0 0 1 0 1 1 0 0 1 0 1 1 0 0 1 0 1 1 0 0 1 0 1 1 0 0 1 0 1 1 0 0 1 0 1 1 0 0 1 0 1 1 0 0 1 0 1 1 0 0 1 0 1 1 0 0 1 0 1 1 0 0 1 0 1 1 0 0 1 0 1 1 0 0 1 0 1 1 0 0 1 0 1 1 0 0 1 0 1 1 0 0 1 0 1 1 0 0 1 0 1 1 0 0 1 0 1 1 0 0 1 0 1 1 0 0 1 0 1 1 0 0 1 0 1 1 0 0 1 0 1 1 0 0 1 0 1 1 0 0 1 0 1 1 0 0 1 0 1 1 0 0 1 0 1 1 0 0 1 0 1 1 0 0 1 0 1 1 0 0 1 0 1 1 0 0 1 0 1 1 0 0 1 0 1 1 0 0 1 0 1 1 0 0 1 0 1 1 0 0 1 0 1 1 0 0 1 0 1 1 0 0 1 0 1 1 0 0 1 0 1 1 0 0 1 0 1 1 0 0 1 0 1 1 0 0 1 0 1 1 0 0 1 0 1 1 0 0 1 0 1 1 0 0 1 0 1 1 0 0 1 0 1 1 0 0 1 0 1 1 0 0 1 0 1 1 0 0 1 0 1 1 0 0 1 0 1 1 0 0 1 0 1 1 0 0 1 0 1 1 0 0 1 0 1 1 0 0 1 0 1 1 0 0 1 0 1 1 0 0 1 0 1 1 0 0 1 0 1 1 0 0 1 0 1 1 0 0 1 0 1 1 0 0 1 0 1 1 0 0 1 0 1 1 0 0 1 0 1 1 0 0 1 0 1 1 0 0 1 0 1 1 0 0 1 0 1 1 0 0 1 0 1 1 0 0 1 0 1 1 0 0 1 0 1 1 0 0 1 0 1 1 0 0 1 0 1 1 0 0 1 0 1 1 0 0 1 0 1 1 0 0 1 0 1 1 0 0 1 0 1 1 0 0 1 0 1 1 0 0 1 0 1 1 0 0 1 0 1 1 0 0 1 0 1 1 0 0 1 0 1 1 0 0 1 0 1 1 0 0 1 0 1 1 0 0 1 0 1 1 0 0 1 0 1 1 0 0 1 0 1 1 0 0 1 0 1 1 0 0 1 0 1 1 0 0 1 0 1 1 0 0 1 0 1 1 0 0 1 0 1 1 0 0 1 0 1 1 0 0 1 0 1 1 0 0 1 0 1 1 0 0 1 0 1 1 0 0 1 0 1 1 0 0 1 0 1 1 0 0 1 0 1 1 0 0 1 0 1 1 0 0 1 0 1 1 0 0 1 0 1 1 0 0 1 0 1 1 0 0 1 0 1 1 0 0 1 0 1 1 0 0 1 0 1 1 0 0 1 0 1 1 0 0 1 0 1 1 0 0 1 0 1 1 0 0 1 0 1 1 0 0 1 0 1 1 0 0 1 0 1 1 0 0 1 0 1 1 0 0 1 0 1 1 0 0 1 0 1 1 0 0 1 0 1 1 0 0 1 0 1 1 0 0 1 0 1 1 0 0 1 0 1 1 0 0 1 0 1 1 0 0 1 0 1 1 0 0 1 0 1 1 0 0 1 0 1 1 0 0 1 0 1 1 0 0 1 0 1 1 0 0 1 0 1 1 0 0 1 0 1 1 0 0 1 0 1 1 0 0 1 0 1 1 0 0 1 0 1 1 0 0 1 0 1 1 0 0 1 0 1 1 0 0 1 0 1 1 0 0 1 0 1 1 0 0 1 0 1 1 0 0 1 0 1 1 0 0 1 0 1 1 0 0 1 0 1 1 0 0 1 0 1 1 0 0 1 0 1 1 0 0 1 0 1 1 0 0 1 0 1 1 0 0 1 0 1 1 0 0 1 0 1 1 0 0 1 0 1 1 0 0 1 0 1 1 0 0 1 0 1 1 0 0 1 0 1 1 0 0 1 0 1 1 0 0 1 0 1 1 0 0 1 0 1 1 0 0 1 0 1 1 0 0 1 0 1 1 0 0 1 0 1 1 0 0 1 0 1 1 0 0 1 0 1 1 0 0 1 0 1 1 0 0 1 0 1 1 0 0 1 0 1 1 0 0 1 0 1 1 0 0 1 0 1 1 0 0 1 0 1 1 0 0 1 0 1 1 0 0 1 0 1 1 0 0 1 0 1 1 0 0 1 0 1 1 0 0 1 0 1 1 0 0 1 0 1 1 0 0 1 0 1 1 0 0 1 0 1 1 0 0 1 0 1 1 0 0 1 0 1 1 0 0 1 0 1 1 0 0 1 0 1 1 0 0 1 0 1 1 0 0 1 0 1 1 0 0 1 0 1 1 0 0 1 0 1 1 0 0 1 0 1 1 0 0 1 0 1 1 0 0 1 0 1 1 0 0 1 0 1 1 0 0 1 0 1 1 0 0 1 0 1 1 0 0 1 0 1 1 0 0 1 0 1 1 0 0 1 0 1 1 0 0 1 0 1 1 0 0 1 0 1 1 0 0 1 0 1 1 0 0 1 0 1 1 0 0 1 0 1 1 0 0 1 0 1 1 0 0 1 0 1 1 0 0 1 0 1 1 0 0 1 0 1 1 0 0 1 0 1 1 0 0 1 0 1 1 0 0 1 0 1 1 0 0 1 0 1 1 0 0 1 0 1 1 0 0 1 0 1 1 0 0 1 0 1 1 0 0 1 0 1 1 0 0 1 0 1 1 0 0 1 0 1 1 0 0 1 0 1 1 0 0 1 0 1 1 0 0 1 0 1 1 0 0 1 0 1 1 0 0 1 0 1 1 0 0 1 0 1 1 0 0 1 0 1 1 0 0 1 0 1 1 0 0 1 0 1 1 0 0 1 0 1 1 0 0 1 0 1 1 0 0 1 0 1 1 0 0 1 0 1 1 0 0 1 0 1 1 0 0 1 0 1 1 0 0 1 0 1 1 0 0 1 0 1 1 0 0 1 0 1 1 0 0 1 0 1 1 0 0 1 0 1 1 0 0 1 0 1 1 0 0 1 0 1 1 0 0 1 0 1 1 0 0 1 0 1 1 0 0 1 0 1 1 0 0 1 0 1 1 0 0 1 0 1 1 0 0 1 0 1 1 0 0 1 0 1 1 0 0 1 0 1 1 0 0 1 0 1 1 0 0 1 0 1 1 0 0 1 0 1 1 0 0 1 0 1 1 0 0 1 0 1 1 0 0 1 0 1 1 0 0 1 0 1 1 0 0 1 0 1 1 0 0 1 0 1 1 0 0 1 0 1 1 0 0 1 0 1 1 0 0 1 0 1 1 0 0 1 0 1 1 0 0 1 0 1 1 0 0 1 0 1 1 0 0 1 0 1 1 0 0 1 0 1 1 0 0 1 0 1 1 0 0 1 0 1 1 0 0 1 0 1 1 0 0 1 0 1 1 0 0 1 0 1 1 0 0 1 0 1 1 0 0 1 0 1 1 0 0 1 0 1 1 0 0 1 0 1 1 0 0 1 0 1 1 0 0 1 0 1 1 0 0 1 0 1 1 0 0 1 0 1 1 0 0 1 0 1 1 0 0 1 0 1 1 0 0 1 0 1 1 0 0 1 0 1 1 0 0 1 0 1 1 0 0 1 0 1 1 0 0 1 0 1 1 0 0 1 0 1 1 0 0 1 0 1 1 0 0 1 0 1 1 0 0 1 0 1 1 0 0 1 0 1 1 0 0 1 0 1 1 0 0 1 0 1 1 0 0 1 0 1 1 0 0 1 0 1 1 0 0 1 0 1 1 0 0 1 0 1 1 0 0 1 0 1 1 0 0 1 0 1 1 0 0 1 0 1 1 0 0 1 0 1 1 0 0 1 0 1 1 0 0 1 0 1 1 0 0 1 0 1 1 0 0 1 0 1 1 0 0 1 0 1 1 0 0 1 0 1 1 0 0 1 0 1 1 0 0 1 0 1 1 0 0 1 0 1 1 0 0 1 0 1 1 0 0 1 0 1 1 0 0 1 0 1 1 0 0 1 0 1 1 0 0 1 0 1 1 0 0 1 0 1 1 0 0 1 0 1 1 0 0 1 0 1 1 0 0 1 0 1 1 0 0 1 0 1 1 0 0 1 0 1 1 0 0 1 0 1 1 0 0 1 0 1 1 0 0 1 0 1 1 0 0 1 0 1 1 0 0 1 0 1 1 0 0 1 0 1 1 0 0 1 0 1 1 0 0 1 0 1 1 0 0 1 0 1 1 0 0 1 0 1 1 0 0 1 0 1 1 0 0 1 0 1 1 0 0 1 0 1 1 0 0 1 0 1 1 0 0 1 0 1 1 0 0 1 0 1 1 0 0 1 0 1 1 0 0 1 0 1 1 0 0 1 0 1 1 0 0 1 0 1 1 0 0 1 0 1 1 0 0 1 0 1 1 0 0 1 0 1 1 0 0 1 0 1 1 0 0 1 0 1 1 0 0 1 0 1 1 0 0 1 0 1 1 0 0 1 0 1 1 0 0 1 0 1 1 0 0 1 0 1 1 0 0 1 0 1 1 0 0 1 0 1 1 0 0 1 0 1 1 0 0 1 0 1 1 0 0 1 0 1 1 0 0 1 0 1 1 0 0 1 0 1 1 0 0 1 0 1 1 0 0 1 0 1 1 0 0 1 0 1 1 0 0 1 0 1 1 0 0 1 0 1 1 0 0 1 0 1 1 0 0 1 0 1 1 0 0 1 0 1 1 0 0 1 0 1 1 0 0 1 0 1 1 0 0 1 0 1 1 0 0 1 0 1 1 0 0 1 0 1 1 0 0 1 0 1 1 0 0 1 0 1 1 0 0 1 0 1 1 0 0 1 0 1 1 0 0 1 0 1 1 0 0 1 0 1 1 0 0 1 0 1 1 0 0 1 0 1 1 0 0 1 0 1 1 0 0 1 0 1 1 0 0 1 0 1 1 0 0 1 0 1 1 0 0 1 0 1 1 0 0 1 0 1 1 0 0 1 0 1 1 0 0 1 0 1 1 0 0 1 0 1 1 0 0 1 0 1 1 0 0 1 0 1 1 0 0 1 0 1 1 0 0 1 0 1 1 0 0 1 0 1 1 0 0 1 0 1 1 0 0 1 0 1 1 0 0 1 0 1 1 0 0 1 0 1 1 0 0 1 0 1 1 0 0 1 0 1 1 0 0 1 0 1 1 0 0 1 0 1 1 0 0 1 0 1 1 0 0 1 0 1 1 0 0 1 0 1 1 0 0 1 0 1 1 0 0 1 0 1 1 0 0 1 0 1 1 0 0 1 0 1 1 0 0 1 0 1 1 0 0 1 0 1 1 0 0 1 0 1 1 0 0 1 0 1 1 0 0 1 0 1 1 0 0 1 0 1 1 0 0 1 0 1 1 0 0 1 0 1 1 0 0 1 0 1 1 0 0 1 0 1 1 0 0 1 0 1 1 0 0 1 0 1 1 0 0 1 0 1 1 0 0 1 0 1 1 0 0 1 0 1 1 0 0 1 0 1 1 0 0 1 0 1 1 0 0 1 0 1 1 0 0 1 0 1 1 0 0 1 0 1 1 0 0 1 0 1 1 0 0 1 0 1 1 0 0 1 0 1 1 0 0 1 0 1 1 0 0 1 0 1 1 0 0 1 0 1 1 0 0 1 0 1 1 0 0 1 0 1 1 0 0 1 0 1 1 0 0 1 0 1 1 0 0 1 0 1 1 0 0 1 0 1 1 0 0 1 0 1 1 0 0 1 0 1 1 0 0 1 0 1 1 0 0 1 0 1 1 0 0 1 0 1 1 0 0 1 0 1 1 0 0 1 0 1 1 0 0 1 0 1 1 0 0 1 0 1 1 0 0 1 0 1 1 0 0 1 0 1 1 0 0 1 0 1 1 0 0 1 0 1 1 0 0 1 0 1 1 0 0 1 0 1 1 0 0 1 0 1 1 0 0 1 0 1 1 0 0 1 0 1 1 0 0 1 0 1 1 0 0 1 0 1 1 0 0 1 0 1 1 0 0 1 0 1 1 0 0 1 0 1 1 0 0 1 0 1 1 0 0 1 0 1 1 0 0 1 0 1 1 0 0 1 0 1 1 0 0 1 0 1 1 0 0 1 0 1 1 0 0 1 0 1 1 0 0 1 0 1 1 0 0 1 0 1 1 0 0 1 0 1 1 0 0 1 0 1 1 0 0 1 0 1 1 0 0 1 0 1 1 0 0 1 0 1 1 0 0 1 0 1 1 0 0 1 0 1 1 0 0 1 0 1 1 0 0 1 0 1 1 0 0 1 0 1 1 0 0 1 0 1 1 0 0 1 0 1 1 0 0 1 0 1 1 0 0 1 0 1 1 0 0 1 0 1 1 0 0 1 0 1 1 0 0 1 0 1 1 0 0 1 0 1 1 0 0 1 0 1 1 0 0 1 0 1 1 0 0 1 0 1 1 0 0 1 0 1 1 0 0 1 0 1 1 0 0 1 0 1 1 0 0 1 0 1 1 0 0 1 0 1 1 0 0 1 0 1 1 0 0 1 0 1 1 0 0 1 0 1 1 0 0 1 0 1 1 0 0 1 0 1 1 0 0 1 0 1 1 0 0 1 0 1 1 0 0 1 0 1 1 0 0 1 0 1 1 0 0 1 0 1 1 0 0 1 0 1 1 0 0 1 0 1 1 0 0 1 0 1 1 0 0 1 0 1 1 0 0 1 0 1 1 0 0 1 0 1 1 0 0 1 0 1 1 0 0 1 0 1 1 0 0 1 0 1 1 0 0 1 0 1 1 0 0 1 0 1 1 0 0 1 0 1 1 0 0 1 0 1 1 0 0 1 0 1 1 0 0 1 0 1 1 0 0 1 0 1 1 0 0 1 0 1 1 0 0 1 0 1 1 0 0 1 0 1 1 0 0 1 0 1 1 0 0 1 0 1 1 0 0 1 0 1 1 0 0 1 0 1 1 0 0 1 0 1 1 0 0 1 0 1 1 0 0 1 0 1 1 0 0 1 0 1 1 0 0 1 0 1 1 0 0 1 0 1 1 0 0 1 0 1 1 0 0 1 0 1 1 0 0 1 0 1 1 0 0 1 0 1 1 0 0 1 0 1 1 0 0 1 0 1 1 0 0 1 0 1 1 0 0 1 0 1 1 0 0 1 0 1 1 0 0 1 0 1 1 0 0 1 0 1 1 0 0 1 0 1 1 0 0 1 0 1 1 0 0 1 0 1 1 0 0 1 0 1 1 0 0 1 0 1 1 0 0 1 0 1 1 0 0 1 0 1 1 0 0 1 0 1 1 0 0 1 0 1 1 0 0 1 0 1 1 0 0 1 0 1 1 0 0 1 0 1 1 0 0 1 0 1 1 0 0 1 0 1 1 0 0 1 0 1 1 0 0 1 0 1 1 0 0 1 0 1 1 0 0 1 0 1 1 0 0 1 0 1 1 0 0 1 0 1 1 0 0 1 0 1 1 0 0 1 0 1 1 0 0 1 0 1 1 0 0 1 0 1 1 0 0 1 0 1 1 0 0 1 0 1 1 0 0 1 0 1 1 0 0 1 0 1 1 0 0 1 0 1 1 0 0 1 0 1 1 0 0 1 0 1 1 0 0 1 0 1 1 0 0 1 0 1 1 0 0 1 0 1 1 0 0 1 0 1 1 0 0 1 0 1 1 0 0 1 0 1 1 0 0 1 0 1 1 0 0 1 0 1 1 0 0 1 0 1 1 0 0 1 0 1 1 0 0 1 0 1 1 0 0 1 0 1 1 0 0 1 0 1 1 0 0 1 0 1 1 0 0 1 0 1 1 0 0 1 0 1 1 0 0 1 0 1 1 0 0 1 0 1 1 0 0 1 0 1 1 0 0 1 0 1 1 0 0 1 0 1 1 0 0 1 0 1 1 0 0 1 0 1 1 0 0 1 0 1 1 0 0 1 0 1 1 0 0 1 0 1 1 0 0 1 0 1 1 0 0 1 0 1 1 0 0 1 0 1 1 0 0 1 0 1 1 0 0 1 0 1 1 0 0 1 0 1 1 0 0 1 0 1 1 0 0 1 0 1 1 0 0 1 0 1 1 0 0 1 0 1 1 0 0 1 0 1 1 0 0 1 0 1 1 0 0 1 0 1 1 0 0 1 0 1 1 0 0 1 0 1 1 0 0 1 0 1 1 0 0 1 0 1 1 0 0 1 0 1 1 0 0 1 0 1 1 0 0 1 0 1 1 0 0 1 0 1 1 0 0 1 0 1 1 0 0 1 0 1 1 0 0 1 0 1 1 0 0 1 0 1 1 0 0 1 0 1 1 0 0 1 0 1 1 0 0 1 0 1 1 0 0 1 0 1 1 0 0 1 0 1 1 0 0 1 0 1 1 0 0 1 0 1 1 0 0 1 0 1 1 0 0 1 0 1 1 0 0 1 0 1 1 0 0 1 0 1 1 0 0 1 0 1 1 0 0 1 0 1 1 0 0 1 0 1 1 0 0 1 0 1 1 0 0 1 0 1 1 0 0 1 0 1 1 0 0 1 0 1 1 0 0 1 0 1 1 0 0 1 0 1 1 0 0 1 0 1 1 0 0 1 0 1 1 0 0 1 0 1 1 0 0 1 0 1 1 0 0 1 0 1 1 0 0 1 0 1 1 0 0 1 0 1 1 0 0 1 0 1 1 0 0 1 0 1 1 0 0 1 0 1 1 0 0 1 0 1 1 0 0 1 0 1 1 0 0 1 0 1 1 0 0 1 0 1 1 0 0 1 0 1 1 0 0 1 0 1 1 0 0 1 0 1 1 0 0 1 0 1 1 0 0 1 0 1 1 0 0 1 0 1 1 0 0 1 0 1 1 0 0 1 0 1 1 0 0 1 0 1 1 0 0 1 0 1 1 0 0 1 0 1 1 0 0 1 0 1 1 0 0 1 0 1 1 0 0 1 0 1 1 0 0 1 0 1 1 0 0 1 0 1 1 0 0 1 0 1 1 0 0 1 0 1 1 0 0 1 0 1 1 0 0 1 0 1 1 0 0 1 0 1 1 0 0 1 0 1 1 0 0 1 0 1 1 0 0 1 0 1 1 0 0 1 0 1 1 0 0 1 0 1 1 0 0 1 0 1 1 0 0 1 0 1 1 0 0 1 0 1 1 0 0 1 0 1 1 0 0 1 0 1 1 0 0 1 0 1 1 0 0 1 0 1 1 0 0 1 0 1 1 0 0 1 0 1 1 0 0 1 0 1 1 0 0 1 0 1 1 0 0 1 0 1 1 0 0 1 0 1 1 0 0 1 0 1 1 0 0 1 0 1 1 0 0 1 0 1 1 0 0 1 0 1 1 0 0 1 0 1 1 0 0 1 0 1 1 0 0 1 0 1 1 0 0 1 0 1 1 0 0 1 0 1 1 0 0 1 0 1 1 0 0 1 0 1 1 0 0 1 0 1 1 0 0 1 0 1 1 0 0 1 0 1 1 0 0 1 0 1 1 0 0 1 0 1 1 0 0 1 0 1 1 0 0 1 0 1 1 0 0 1 0 1 1 0 0 1 0 1 1 0 0 1 0 1 1 0 0 1 0 1 1 0 0 1 0 1 1 0 0 1 0 1 1 0 0 1 0 1 1 0 0 1 0 1 1 0 0 1 0 1 1 0 0 1 0 1 1 0 0 1 0 1 1 0 0 1 0 1 1 0 0 1 0 1 1 0 0 1 0 1 1 0 0 1 0 1 1 0 0 1 0 1 1 0 0 1 0 1 1 0 0 1 0 1 1 0 0 1 0 1 1 0 0 1 0 1 1 0 0 1 0 1 1 0 0 1 0 1 1 0 0 1 0 1 1 0 0 1 0 1 1 0 0 1 0 1 1 0 0 1 0 1 1 0 0 1 0 1 1 0 0 1 0 1 1 0 0 1 0 1 1 0 0 1 0 1 1 0 0 1 0 1 1 0 0 1 0 1 1 0 0 1 0 1 1 0 0 1 0 1 1 0 0 1 0 1 1 0 0 1 0 1 1 0 0 1 0 1 1 0 0 1 0 1 1 0 0 1 0 1 1 0 0 1 0 1 1 0 0 1 0 1 1 0 0 1 0 1 1 0 0 1 0 1 1 0 0 1 0 1 1 0 0 1 0 1 1 0 0 1 0 1 1 0 0 1 0 1 1 0 0 1 0 1 1 0 0 1 0 1 1 0 0 1 0 1 1 0 0 1 0 1 1 0 0 1 0 1 1 0 0 1 0 1 1 0 0 1 0 1 1 0 0 1 0 1 1 0 0 1 0 1 1 0 0 1 0 1 1 0 0 1 0 1 1 0 0 1 0 1 1 0 0 1 0 1 1 0 0 1 0 1 1 0 0 1 0 1 1 0 0 1 0 1 1 0 0 1 0 1 1 0 0 1 0 1 1 0 0 1 0 1 1 0 0 1 0 1 1 0 0 1 0 1 1 0 0 1 0 1 1 0 0 1 0 1 1 0 0 1 0 1 1 0 0 1 0 1 1 0 0 1 0 1 1 0 0 1 0 1 1 0 0 1 0 1 1 0 0 1 0 1 1 0 0 1 0 1 1 0 0 1 0 1 1 0 0 1 0 1 1 0 0 1 0 1 1 0 0 1 0 1 1 0 0 1 0 1 1 0 0 1 0 1 1 0 0 1 0 1 1 0 0 1 0 1 1 0 0 1 0 1 1 0 0 1 0 1 1 0 0 1 0 1 1 0 0 1 0 1 1 0 0 1 0 1 1 0 0 1 0 1 1 0 0 1 0 1 1 0 0 1 0 1 1 0 0 1 0 1 1 0 0 1 0 1 1 0 0 1 0 1 1 0 0 1 0 1 1 0 0 1 0 1 1 0 0 1 0 1 1 0 0 1 0 1 1 0 0 1 0 1 1 0 0 1 0 1 1 0 0 1 0 1 1 0 0 1 0 1 1 0 0 1 0 1 1 0 0 1 0 1 1 0 0 1 0 1 1 0 0 1 0 1 1 0 0 1 0 1 1 0 0 1 0 1 1 0 0 1 0 1 1 0 0 1 0 1 1 0 0 1 0 1 1 0 0 1 0 1 1 0 0 1 0 1 1 0 0 1 0 1 1 0 0 1 0 1 1 0 0 1 0 1 1 0 0 1 0 1 1 0 0 1 0 1 1 0 0 1 0 1 1 0 0 1 0 1 1 0 0 1 0 1 1 0 0 1 0 1 1 0 0 1 0 1 1 0 0 1 0 1 1 0 0 1 0 1 1 0 0 1 0 1 1 0 0 1 0 1 1 0 0 1 0 1 1 0 0 1 0 1 1 0 0 1 0 1 1 0 0 1 0 1 1 0 0 1 0 1 1 0 0 1 0 1 1 0 0 1 0 1 1 0 0 1 0 1 1 0 0 1 0 1 1 0 0 1 0 1 1 0 0 1 0 1 1 0 0 1 0 1 1 0 0 1 0 1 1 0 0 1 0 1 1 0 0 1 0 1 1 0 0 1 0 1 1 0 0 1 0 1 1 0 0 1 0 1 1 0 0 1 0 1 1 0 0 1 0 1 1 0 0 1 0 1 1 0 0 1 0 1 1 0 0 1 0 1 1 0 0 1 0 1 1 0 0 1 0 1 1 0 0 1 0 1 1 0 0 1 0 1 1 0 0 1 0 1 1 0 0 1 0 1 1 0 0 1 0 1 1 0 0 1 0 1 1 0 0 1 0 1 1 0 0 1 0 1 1 0 0 1 0 1 1 0 0 1 0 1 1 0 0 1 0 1 1 0 0 1 0 1 1 0 0 1 0 1 1 0 0 1 0 1 1 0 0 1 0 1 1 0 0 1 0 1 1 0 0 1 0 1 1 0 0 1 0 1 1 0 0 1 0 1 1 0 0 1 0 1 1 0 0 1 0 1 1 0 0 1 0 1 1 0 0 1 0 1 1 0 0 1 0 1 1 0 0 1 0 1 1 0 0 1 0 1 1 0 0 1 0 1 1 0 0 1 0 1 1 0 0 1 0 1 1 0 0 1 0 1 1 0 0 1 0 1 1 0 0 1 0 1 1 0 0 1 0 1 1 0 0 1 0 1 1 0 0 1 0 1 1 0 0 1 0 1 1 0 0 1 0 1 1 0 0 1 0 1 1 0 0 1 0 1 1 0 0 1 0 1 1 0 0 1 0 1 1 0 0 1 0 1 1 0 0 1 0 1 1 0 0 1 0 1 1 0 0 1 0 1 1 0 0 1 0 1 1 0 0 1 0 1 1 0 0 1 0 1 1 0 0 1 0 1 1 0 0 1 0 1 1 0 0 1 0 1 1 0 0 1 0 1 1 0 0 1 0 1 1 0 0 1 0 1 1 0 0 1 0 1 1 0 0 1 0 1 1 0 0 1 0 1 1 0 0 1 0 1 1 0 0 1 0 1 1 0 0 1 0 1 1 0 0 1 0 1 1 0 0 1 0 1 1 0 0 1 0 1 1 0 0 1 0 1 1 0 0 1 0 1 1 0 0 1 0 1 1 0 0 1 0 1 1 0 0 1 0 1 1 0 0 1 0 1 1 0 0 1 0 1 1 0 0 1 0 1 1 0 0 1 0 1 1 0 0 1 0 1 1 0 0 1 0 1 1 0 0 1 0 1 1 0 0 1 0 1 1 0 0 1 0 1 1 0 0 1 0 1 1 0 0 1 0 1 1 0 0 1 0 1 1 0 0 1 0 1 1 0 0 1 0 1 1 0 0 1 0 1 1 0 0 1 0 1 1 0 0 1 0 1 1 0 0 1 0 1 1 0 0 1 0 1 1 0 0 1 0 1 1 0 0 1 0 1 1 0 0 1 0 1 1 0 0 1 0 1 1 0 0 1 0 1 1 0 0 1 0 1 1 0 0 1 0 1 1 0 0 1 0 1 1 0 0 1 0 1 1 0 0 1 0 1 1 0 0 1 0 1 1 0 0 1 0 1 1 0 0 1 0 1 1 0 0 1 0 1 1 0 0 1 0 1 1 0 0 1 0 1 1 0 0 1 0 1 1 0 0 1 0 1 1 0 0 1 0 1 1 0 0 1 0 1 1 0 0 1 0 1 1 0 0 1 0 1 1 0 0 1 0 1 1 0 0 1 0 1 1 0 0 1 0 1 1 0 0 1 0 1 1 0 0 1 0 1 1 0 0 1 0 1 1 0 0 1 0 1 1 0 0 1 0 1 1 0 0 1 0 1 1 0 0 1 0 1 1 0 0 1 0 1 1 0 0 1 0 1 1 0 0 1 0 1 1 0 0 1 0 1 1 0 0 1 0 1 1 0 0 1 0 1 1 0 0 1 0 1 1 0 0 1 0 1 1 0 0 1 0 1 1 0 0 1 0 1 1 0 0 1 0 1 1 0 0 1 0 1 1 0 0 1 0 1 1 0 0 1 0 1 1 0 0 1 0 1 1 0 0 1 0 1 1 0 0 1 0 1 1 0 0 1 0 1 1 0 0 1 0 1 1 0 0 1 0 1 1 0 0 1 0 1 1 0 0 1 0 1 1 0 0 1 0 1 1 0 0 1 0 1 1 0 0 1 0 1 1 0 0 1 0 1 1 0 0 1 0 1 1 0 0 1 0 1 1 0 0 1 0 1 1 0 0 1 0 1 1 0 0 1 0 1 1 0 0 1 0 1 1 0 0 1 0 1 1 0 0 1 0 1 1 0 0 1 0 1 1 0 0 1 0 1 1 0 0 1 0 1 1 0 0 1 0 1 1 0 0 1 0 1 1 0 0 1 0 1 1 0 0 1 0 1 1 0 0 1 0 1 1 0 0 1 0 1 1 0 0 1 0 1 1 0 0 1 0 1 1 0 0 1 0 1 1 0 0 1 0 1 1 0 0 1 0 1 1 0 0 1 0 1 1 0 0 1 0 1 1 0 0 1 0 1 1 0 0 1 0 1 1 0 0 1 0 1 1 0 0 1 0 1 1 0 0 1 0 1 1 0 0 1 0 1 1 0 0 1 0 1 1 0 0 1 0 1 1 0 0 1 0 1 1 0 0 1 0 1 1 0 0 1 0 1 1 0 0 1 0 1 1 0 0 1 0 1 1 0 0 1 0 1 1 0 0 1 0 1 1 0 0 1 0 1 1 0 0 1 0 1 1 0 0 1 0 1 1 0 0 1 0 1 1 0 0 1 0 1 1 0 0 1 0 1 1 0 0 1 0 1 1 0 0 1 0 1 1 0 0 1 0 1 1 0 0 1 0 1 1 0 0 1 0 1 1 0 0 1 0 1 1 0 0 1 0 1 1 0 0 1 0 1 1 0 0 1 0 1 1 0 0 1 0 1 1 0 0 1 0 1 1 0 0 1 0 1 1 0 0 1 0 1 1 0 0 1 0 1 1 0 0 1 0 1 1 0 0 1 0 1 1 0 0 1 0 1 1 0 0 1 0 1 1 0 0 1 0 1 1 0 0 1 0 1 1 0 0 1 0 1 1 0 0 1 0 1 1 0 0 1 0 1 1 0 0 1 0 1 1 0 0 1 0 1 1 0 0 1 0 1 1 0 0 1 0 1 1 0 0 1 0 1 1 0 0 1 0 1 1 0 0 1 0 1 1 0 0 1 0 1 1 0 0 1 0 1 1 0 0 1 0 1 1 0 0 1 0 1 1 0 0 1 0 1 1 0 0 1 0 1 1 0 0 1 0 1 1 0 0 1 0 1 1 0 0 1 0 1 1 0 0 1 0 1 1 0 0 1 0 1 1 0 0 1 0 1 1 0 0 1 0 1 1 0 0 1 0 1 1 0 0 1 0 1 1 0 0 1 0 1 1 0 0 1 0 1 1 0 0 1 0 1 1 0 0 1 0 1 1 0 0 1 0 1 1 0 0 1 0 1 1 0 0 1 0 1 1 0 0 1 0 1 1 0 0 1 0 1 1 0 0 1 0 1 1 0 0 1 0 1 1 0 0 1 0 1 1 0 0 1 0 1 1 0 0 1 0 1 1 0 0 1 0 1 1 0 0 1 0 1 1 0 0 1 0 1 1 0 0 1 0 1 1 0 0 1 0 1 1 0 0 1 0 1 1 0 0 1 0 1 1 0 0 1 0 1 1 0 0 1 0 1 1 0 0 1 0 1 1 0 0 1 0 1 1 0 0 1 0 1 1 0 0 1 0 1 1 0 0 1 0 1 1 0 0 1 0 1 1 0 0 1 0 1 1 0 0 1 0 1 1 0 0 1 0 1 1 0 0 1 0 1 1 0 0 1 0 1 1 0 0 1 0 1 1 0 0 1 0 1 1 0 0 1 0 1 1 0 0 1 0 1 1 0 0 1 0 1 1 0 0 1 0 1 1 0 0 1 0 1 1 0 0 1 0 1 1 0 0 1 0 1 1 0 0 1 0 1 1 0 0 1 0 1 1 0 0 1 0 1 1 0 0 1 0 1 1 0 0 1 0 1 1 0 0 1 0 1 1 0 0 1 0 1 1 0 0 1 0 1 1 0 0 1 0 1 1 0 0 1 0 1 1 0 0 1 0 1 1 0 0 1 0 1 1 0 0 1 0 1 1 0 0 1 0 1 1 0 0 1 0 1 1 0 0 1 0 1 1 0 0 1 0 1 1 0 0 1 0 1 1 0 0 1 0 1 1 0 0 1 0 1 1 0 0 1 0 1 1 0 0 1 0 1 1 0 0 1 0 1 1 0 0 1 0 1 1 0 0 1 0 1 1 0 0 1 0 1 1 0 0 1 0 1 1 0 0 1 0 1 1 0 0 1 0 1 1 0 0 1 0 1 1 0 0 1 0 1 1 0 0 1 0 1 1 0 0 1 0 1 1 0 0 1 0 1 1 0 0 1 0 1 1 0 0 1 0 1 1 0 0 1 0 1 1 0 0 1 0 1 1 0 0 1 0 1 1 0 0 1 0 1 1 0 0 1 0 1 1 0 0 1 0 1 1 0 0 1 0 1 1 0 0 1 0 1 1 0 0 1 0 1 1 0 0 1 0 1 1 0 0 1 0 1 1 0 0 1 0 1 1 0 0 1 0 1 1 0 0 1 0 1 1 0 0 1 0 1 1 0 0 1 0 1 1 0 0 1 0 1 1 0 0 1 0 1 1 0 0 1 0 1 1 0 0 1 0 1 1 0 0 1 0 1 1 0 0 1 0 1 1 0 0 1 0 1 1 0 0 1 0 1 1 0 0 1 0 1 1 0 0 1 0 1 1 0 0 1 0 1 1 0 0 1 0 1 1 0 0 1 0 1 1 0 0 1 0 1 1 0 0 1 0 1 1 0 0 1 0 1 1 0 0 1 0 1 1 0 0 1 0 1 1 0 0 1 0 1 1 0 0 1 0 1 1 0 0 1 0 1 1 0 0 1 0 1 1 0 0 1 0 1 1 0 0 1 0 1 1 0 0 1 0 1 1 0 0 1 0 1 1 0 0 1 0 1 1 0 0 1 0 1 1 0 0 1 0 1 1 0 0 1 0 1 1 0 0 1 0 1 1 0 0 1 0 1 1 0 0 1 0 1 1 0 0 1 0 1 1 0 0 1 0 1 1 0 0 1 0 1 1 0 0 1 0 1 1 0 0 1 0 1 1 0 0 1 0 1 1 0 0 1 0 1 1 0 0 1 0 1 1 0 0 1 0 1 1 0 0 1 0 1 1 0 0 1 0 1 1 0 0 1 0 1 1 0 0 1 0 1 1 0 0 1 0 1 1 0 0 1 0 1 1 0 0 1 0 1 1 0 0 1 0 1 1 0 0 1 0 1 1 0 0 1 0 1 1 0 0 1 0 1 1 0 0 1 0 1 1 0 0 1 0 1 1 0 0 1 0 1 1 0 0 1 0 1 1 0 0 1 0 1 1 0 0 1 0 1 1 0 0 1 0 1 1 0 0 1 0 1 1 0 0 1 0 1 1 0 0 1 0 1 1 0 0 1 0 1 1 0 0 1 0 1 1 0 0 1 0 1 1 0 0 1 0 1 1 0 0 1 0 1 1 0 0 1 0 1 1 0 0 1 0 1 1 0 0 1 0 1 1 0 0 1 0 1 1 0 0 1 0 1 1 0 0 1 0 1 1 0 0 1 0 1 1 0 0 1 0 1 1 0 0 1 0 1 1 0 0 1 0 1 1 0 0 1 0 1 1 0 0 1 0 1 1 0 0 1 0 1 1 0 0 1 0 1 1 0 0 1 0 1 1 0 0 1 0 1 1 0 0 1 0 1 1 0 0 1 0 1 1 0 0 1 0 1 1 0 0 1 0 1 1 0 0 1 0 1 1 0 0 1 0 1 1 0 0 1 0 1 1 0 0 1 0 1 1 0 0 1 0 1 1 0 0 1 0 1 1 0 0 1 0 1 1 0 0 1 0 1 1 0 0 1 0 1 1 0 0 1 0 1 1 0 0 1 0 1 1 0 0 1 0 1 1 0 0 1 0 1 1 0 0 1 0 1 1 0 0 1 0 1 1 0 0 1 0 1 1 0 0 1 0 1 1 0 0 1 0 1 1 0 0 1 0 1 1 0 0 1 0 1 1 0 0 1 0 1 1 0 0 1 0 1 1 0 0 1 0 1 1 0 0 1 0 1 1 0 0 1 0 1 1 0 0 1 0 1 1 0 0 1 0 1 1 0 0 1 0 1 1 0 0 1 0 1 1 0 0 1 0 1 1 0 0 1 0 1 1 0 0 1 0 1 1 0 0 1 0 1 1 0 0 1 0 1 1 0 0 1 0 1 1 0 0 1 0 1 1 0 0 1 0 1 1 0 0 1 0 1 1 0 0 1 0 1 1 0 0 1 0 1 1 0 0 1 0 1 1 0 0 1 0 1 1 0 0 1 0 1 1 0 0 1 0 1 1 0 0 1 0 1 1 0 0 1 0 1 1 0 0 1 0 1 1 0 0 1 0 1 1 0 0 1 0 1 1 0 0 1 0 1 1 0 0 1 0 1 1 0 0 1 0 1 1 0 0 1 0 1 1 0 0 1 0 1 1 0 0 1 0 1 1 0 0 1 0 1 1 0 0 1 0 1 1 0 0 1 0 1 1 0 0 1 0 1 1 0 0 1 0 1 1 0 0 1 0 1 1 0 0 1 0 1 1 0 0 1 0 1 1 0 0 1 0 1 1 0 0 1 0 1 1 0 0 1 0 1 1 0 0 1 0 1 1 0 0 1 0 1 1 0 0 1 0 1 1 0 0 1 0 1 1 0 0 1 0 1 1 0 0 1 0 1 1 0 0 1 0 1 1 0 0 1 0 1 1 0 0 1 0 1 1 0 0 1 0 1 1 0 0 1 0 1 1 0 0 1 0 1 1 0 0 1 0 1 1 0 0 1 0 1 1 0 0 1 0 1 1 0 0 1 0 1 1 0 0 1 0 1 1 0 0 1 0 1 1 0 0 1 0 1 1 0 0 1 0 1 1 0 0 1 0 1 1 0 0 1 0 1 1 0 0 1 0 1 1 0 0 1 0 1 1 0 0 1 0 1 1 0 0 1 0 1 1 0 0 1 0 1 1 0 0 1 0 1 1 0 0 1 0 1 1 0 0 1 0 1 1 0 0 1 0 1 1 0 0 1 0 1 1 0 0 1 0 1 1 0 0 1 0 1 1 0 0 1 0 1 1 0 0 1 0 1 1 0 0 1 0 1 1 0 0 1 0 1 1 0 0 1 0 1 1 0 0 1 0 1 1 0 0 1 0 1 1 0 0 1 0 1 1 0 0 1 0 1 1 0 0 1 0 1 1 0 0 1 0 1 1 0 0 1 0 1 1 0 0 1 0 1 1 0 0 1 0 1 1 0 0 1 0 1 1 0 0 1 0 1 1 0 0 1 0 1 1 0 0 1 0 1 1 0 0 1 0 1 1 0 0 1 0 1 1 0 0 1 0 1 1 0 0 1 0 1 1 0 0 1 0 1 1 0 0 1 0 1 1 0 0 1 0 1 1 0 0 1 0 1 1 0 0 1 0 1 1 0 0 1 0 1 1 0 0 1 0 1 1 0 0 1 0 1 1 0 0 1 0 1 1 0 0 1 0 1 1 0 0 1 0 1 1 0 0 1 0 1 1 0 0 1 0 1 1 0 0 1 0 1 1 0 0 1 0 1 1 0 0 1 0 1 1 0 0 1 0 1 1 0 0 1 0 1 1 0 0 1 0 1 1 0 0 1 0 1 1 0 0 1 0 1 1 0 0 1 0 1 1 0 0 1 0 1 1 0 0 1 0 1 1 0 0 1 0 1 1 0 0 1 0 1 1 0 0 1 0 1 1 0 0 1 0 1 1 0 0 1 0 1 1 0 0 1 0 1 1 0 0 1 0 1 1 0 0 1 0 1 1 0 0 1 0 1 1 0 0 1 0 1 1 0 0 1 0 1 1 0 0 1 0 1 1 0 0 1 0 1 1 0 0 1 0 1 1 0 0 1 0 1 1 0 0 1 0 1 1 0 0 1 0 1 1 0 0 1 0 1 1 0 0 1 0 1 1 0 0 1 0 1 1 0 0 1 0 1 1 0 0 1 0 1 1 0 0 1 0 1 1 0 0 1 0 1 1 0 0 1 0 1 1 0 0 1 0 1 1 0 0 1 0 1 1 0 0 1 0 1 1 0 0 1 0 1 1 0 0 1 0 1 1 0 0 1 0 1 1 0 0 1 0 1 1 0 0 1 0 1 1 0 0 1 0 1 1 0 0 1 0 1 1 0 0 1 0 1 1 0 0 1 0 1 1 0 0 1 0 1 1 0 0 1 0 1 1 0 0 1 0 1 1 0 0 1 0 1 1 0 0 1 0 1 1 0 0 1 0 1 1 0 0 1 0 1 1 0 0 1 0 1 1 0 0 1 0 1 1 0 0 1 0 1 1 0 0 1 0 1 1 0 0 1 0 1 1 0 0 1 0 1 1 0 0 1 0 1 1 0 0 1 0 1 1 0 0 1 0 1 1 0 0 1 0 1 1 0 0 1 0 1 1 0 0 1 0 1 1 0 0 1 0 1 1 0 0 1 0 1 1 0 0 1 0 1 1 0 0 1 0 1 1 0 0 1 0 1 1 0 0 1 0 1 1 0 0 1 0 1 1 0 0 1 0 1 1 0 0 1 0 1 1 0 0 1 0 1 1 0 0 1 0 1 1 0 0 1 0 1 1 0 0 1 0 1 1 0 0 1 0 1 1 0 0 1 0 1 1 0 0 1 0 1 1 0 0 1 0 1 1 0 0 1 0 1 1 0 0 1 0 1 1 0 0 1 0 1 1 0 0 1 0 1 1 0 0 1 0 1 1 0 0 1 0 1 1 0 0 1 0 1 1 0 0 1 0 1 1 0 0 1 0 1 1 0 0 1 0 1 1 0 0 1 0 1 1 0 0 1 0 1 1 0 0 1 0 1 1 0 0 1 0 1 1 0 0 1 0 1 1 0 0 1 0 1 1 0 0 1 0 1 1 0 0 1 0 1 1 0 0 1 0 1 1 0 0 1 0 1 1 0 0 1 0 1 1 0 0 1 0 1 1 0 0 1 0 1 1 0 0 1 0 1 1 0 0 1 0 1 1 0 0 1 0 1 1 0 0 1 0 1 1 0 0 1 0 1 1 0 0 1 0 1 1 0 0 1 0 1 1 0 0 1 0 1 1 0 0 1 0 1 1 0 0 1 0 1 1 0 0 1 0 1 1 0 0 1 0 1 1 0 0 1 0 1 1 0 0 1 0 1 1 0 0 1 0 1 1 0 0 1 0 1 1 0 0 1 0 1 1 0 0 1 0 1 1 0 0 1 0 1 1 0 0 1 0 1 1 0 0 1 0 1 1 0 0 1 0 1 1 0 0 1 0 1 1 0 0 1 0 1 1 0 0 1 0 1 1 0 0 1 0 1 1 0 0 1 0 1 1 0 0 1 0 1 1 0 0 1 0 1 1 0 0 1 0 1 1 0 0 1 0 1 1 0 0 1 0 1 1 0 0 1 0 1 1 0 0 1 0 1 1 0 0 1 0 1 1 0 0 1 0 1 1 0 0 1 0 1 1 0 0 1 0 1 1 0 0 1 0 1 1 0 0 1 0 1 1 0 0 1 0 1 1 0 0 1 0 1 1 0 0 1 0 1 1 0 0 1 0 1 1 0 0 1 0 1 1 0 0 1 0 1 1 0 0 1 0 1 1 0 0 1 0 1 1 0 0 1 0 1 1 0 0 1 0 1 1 0 0 1 0 1 1 0 0 1 0 1 1 0 0 1 0 1 1 0 0 1 0 1 1 0 0 1 0 1 1 0 0 1 0 1 1 0 0 1 0 1 1 0 0 1 0 1 1 0 0 1 0 1 1 0 0 1 0 1 1 0 0 1 0 1 1 0 0 1 0 1 1 0 0 1 0 1 1 0 0 1 0 1 1 0 0 1 0 1 1 0 0 1 0 1 1 0 0 1 0 1 1 0 0 1 0 1 1 0 0 1 0 1 1 0 0 1 0 1 1 0 0 1 0 1 1 0 0 1 0 1 1 0 0 1 0 1 1 0 0 1 0 1 1 0 0 1 0 1 1 0 0 1 0 1 1 0 0 1 0 1 1 0 0 1 0 1 1 0 0 1 0 1 1 0 0 1 0 1 1 0 0 1 0 1 1 0 0 1 0 1 1 0 0 1 0 1 1 0 0 1 0 1 1 0 0 1 0 1 1 0 0 1 0 1 1 0 0 1 0 1 1 0 0 1 0 1 1 0 0 1 0 1 1 0 0 1 0 1 1 0 0 1 0 1 1 0 0 1 0 1 1 0 0 1 0 1 1 0 0 1 0 1 1 0 0 1 0 1 1 0 0 1 0 1 1 0 0 1 0 1 1 0 0 1 0 1 1 0 0 1 0 1 1 0 0 1 0 1 1 0 0 1 0 1 1 0 0 1 0 1 1 0 0 1 0 1 1 0 0 1 0 1 1 0 0 1 0 1 1 0 0 1 0 1 1 0 0 1 0 1 1 0 0 1 0 1 1 0 0 1 0 1 1 0 0 1 0 1 1 0 0 1 0 1 1 0 0 1 0 1 1 0 0 1 0 1 1 0 0 1 0 1 1 0 0 1 0 1 1 0 0 1 0 1 1 0 0 1 0 1 1 0 0 1 0 1 1 0 0 1 0 1 1 0 0 1 0 1 1 0 0 1 0 1 1 0 0 1 0 1 1 0 0 1 0 1 1 0 0 1 0 1 1 0 0 1 0 1 1 0 0 1 0 1 1 0 0 1 0 1 1 0 0 1 0 1 1 0 0 1 0 1 1 0 0 1 0 1 1 0 0 1 0 1 1 0 0 1 0 1 1 0 0 1 0 1 1 0 0 1 0 1 1 0 0 1 0 1 1 0 0 1 0 1 1 0 0 1 0 1 1 0 0 1 0 1 1 0 0 1 0 1 1 0 0 1 0 1 1 0 0 1 0 1 1 0 0 1 0 1 1 0 0 1 0 1 1 0 0 1 0 1 1 0 0 1 0 1 1 0 0 1 0 1 1 0 0 1 0 1 1 0 0 1 0 1 1 0 0 1 0 1 1 0 0 1 0 1 1 0 0 1 0 1 1 0 0 1 0 1 1 0 0 1 0 1 1 0 0 1 0 1 1 0 0 1 0 1 1 0 0 1 0 1 1 0 0 1 0 1 1 0 0 1 0 1 1 0 0 1 0 1 1 0 0 1 0 1 1 0 0 1 0 1 1 0 0 1 0 1 1 0 0 1 0 1 1 0 0 1 0 1 1 0 0 1 0 1 1 0 0 1 0 1 1 0 0 1 0 1 1 0 0 1 0 1 1 0 0 1 0 1 1 0 0 1 0 1 1 0 0 1 0 1 1 0 0 1 0 1 1 0 0 1 0 1 1 0 0 1 0 1 1 0 0 1 0 1 1 0 0 1 0 1 1 0 0 1 0 1 1 0 0 1 0 1 1 0 0 1 0 1 1 0 0 1 0 1 1 0 0 1 0 1 1 0 0 1 0 1 1 0 0 1 0 1 1 0 0 1 0 1 1 0 0 1 0 1 1 0 0 1 0 1 1 0 0 1 0 1 1 0 0 1 0 1 1 0 0 1 0 1 1 0 0 1 0 1 1 0 0 1 0 1 1 0 0 1 0 1 1 0 0 1 0 1 1 0 0 1 0 1 1 0 0 1 0 1 1 0 0 1 0 1 1 0 0 1 0 1 1 0 0 1 0 1 1 0 0 1 0 1 1 0 0 1 0 1 1 0 0 1 0 1 1 0 0 1 0 1 1 0 0 1 0 1 1 0 0 1 0 1 1 0 0 1 0 1 1 0 0 1 0 1 1 0 0 1 0 1 1 0 0 1 0 1 1 0 0 1 0 1 1 0 0 1 0 1 1 0 0 1 0 1 1 0 0 1 0 1 1 0 0 1 0 1 1 0 0 1 0 1 1 0 0 1 0 1 1 0 0 1 0 1 1 0 0 1 0 1 1 0 0 1 0 1 1 0 0 1 0 1 1 0 0 1 0 1 1 0 0 1 0 1 1 0 0 1 0 1 1 0 0 1 0 1 1 0 0 1 0 1 1 0 0 1 0 1 1 0 0 1 0 1 1 0 0 1 0 1 1 0 0 1 0 1 1 0 0 1 0 1 1 0 0 1 0 1 1 0 0 1 0 1 1 0 0 1 0 1 1 0 0 1 0 1 1 0 0 1 0 1 1 0 0 1 0 1 1 0 0 1 0 1 1 0 0 1 0 1 1 0 0 1 0 1 1 0 0 1 0 1 1 0 0 1 0 1 1 0 0 1 0 1 1 0 0 1 0 1 1 0 0 1 0 1 1 0 0 1 0 1 1 0 0 1 0 1 1 0 0 1 0 1 1 0 0 1 0 1 1 0 0 1 0 1 1 0 0 1 0 1 1 0 0 1 0 1 1 0 0 1 0 1 1 0 0 1 0 1 1 0 0 1 0 1 1 0 0 1 0 1 1 0 0 1 0 1 1 0 0 1 0 1 1 0 0 1 0 1 1 0 0 1 0 1 1 0 0 1 0 1 1 0 0 1 0 1 1 0 0 1 0 1 1 0 0 1 0 1 1 0 0 1 0 1 1 0 0 1 0 1 1 0 0 1 0 1 1 0 0 1 0 1 1 0 0 1 0 1 1 0 0 1 0 1 1 0 0 1 0 1 1 0 0 1 0 1 1 0 0 1 0 1 1 0 0 1 0 1 1 0 0 1 0 1 1 0 0 1 0 1 1 0 0 1 0 1 1 0 0 1 0 1 1 0 0 1 0 1 1 0 0 1 0 1 1 0 0 1 0 1 1 0 0 1 0 1 1 0 0 1 0 1 1 0 0 1 0 1 1 0 0 1 0 1 1 0 0 1 0 1 1 0 0 1 0 1 1 0 0 1 0 1 1 0 0 1 0 1 1 0 0 1 0 1 1 0 0 1 0 1 1 0 0 1 0 1 1 0 0 1 0 1 1 0 0 1 0 1 1 0 0 1 0 1 1 0 0 1 0 1 1 0 0 1 0 1 1 0 0 1 0 1 1 0 0 1 0 1 1 0 0 1 0 1 1 0 0 1 0 1 1 0 0 1 0 1 1 0 0 1 0 1 1 0 0 1 0 1 1 0 0 1 0 1 1 0 0 1 0 1 1 0 0 1 0 1 1 0 0 1 0 1 1 0 0 1 0 1 1 0 0 1 0 1 1 0 0 1 0 1 1 0 0 1 0 1 1 0 0 1 0 1 1 0 0 1 0 1 1 0 0 1 0 1 1 0 0 1 0 1 1 0 0 1 0 1 1 0 0 1 0 1 1 0 0 1 0 1 1 0 0 1 0 1 1 0 0 1 0 1 1 0 0 1 0 1 1 0 0 1 0 1 1 0 0 1 0 1 1 0 0 1 0 1 1 0 0 1 0 1 1 0 0 1 0 1 1 0 0 1 0 1 1 0 0 1 0 1 1 0 0 1 0 1 1 0 0 1 0 1 1 0 0 1 0 1 1 0 0 1 0 1 1 0 0 1 0 1 1 0 0 1 0 1 1 0 0 1 0 1 1 0 0 1 0 1 1 0 0 1 0 1 1 0 0 1 0 1 1 0 0 1 0 1 1 0 0 1 0 1 1 0 0 1 0 1 1 0 0 1 0 1 1 0 0 1 0 1 1 0 0 1 0 1 1 0 0 1 0 1 1 0 0 1 0 1 1 0 0 1 0 1 1 0 0 1 0 1 1 0 0 1 0 1 1 0 0 1 0 1 1 0 0 1 0 1 1 0 0 1 0 1 1 0 0 1 0 1 1 0 0 1 0 1 1 0 0 1 0 1 1 0 0 1 0 1 1 0 0 1 0 1 1 0 0 1 0 1 1 0 0 1 0 1 1 0 0 1 0 1 1 0 0 1 0 1 1 0 0 1 0 1 1 0 0 1 0 1 1 0 0 1 0 1 1 0 0 1 0 1 1 0 0 1 0 1 1 0 0 1 0 1 1 0 0 1 0 1 1 0 0 1 0 1 1 0 0 1 0 1 1 0 0 1 0 1 1 0 0 1 0 1 1 0 0 1 0 1 1 0 0 1 0 1 1 0 0 1 0 1 1 0 0 1 0 1 1 0 0 1 0 1 1 0 0 1 0 1 1 0 0 1 0 1 1 0 0 1 0 1 1 0 0 1 0 1 1 0 0 1 0 1 1 0 0 1 0 1 1 0 0 1 0 1 1 0 0 1 0 1 1 0 0 1 0 1 1 0 0 1 0 1 1 0 0 1 0 1 1 0 0 1 0 1 1 0 0 1 0 1 1 0 0 1 0 1 1 0 0 1 0 1 1 0 0 1 0 1 1 0 0 1 0 1 1 0 0 1 0 1 1 0 0 1 0 1 1 0 0 1 0 1 1 0 0 1 0 1 1 0 0 1 0 1 1 0 0 1 0 1 1 0 0 1 0 1 1 0 0 1 0 1 1 0 0 1 0 1 1 0 0 1 0 1 1 0 0 1 0 1 1 0 0 1 0 1 1 0 0 1 0 1 1 0 0 1 0 1 1 0 0 1 0 1 1 0 0 1 0 1 1 0 0 1 0 1 1 0 0 1 0 1 1 0 0 1 0 1 1 0 0 1 0 1 1 0 0 1 0 1 1 0 0 1 0 1 1 0 0 1 0 1 1 0 0 1 0 1 1 0 0 1 0 1 1 0 0 1 0 1 1 0 0 1 0 1 1 0 0 1 0 1 1 0 0 1 0 1 1 0 0 1 0 1 1 0 0 1 0 1 1 0 0 1 0 1 1 0 0 1 0 1 1 0 0 1 0 1 1 0 0 1 0 1 1 0 0 1 0 1 1 0 0 1 0 1 1 0 0 1 0 1 1 0 0 1 0 1 1 0 0 1 0 1 1 0 0 1 0 1 1 0 0 1 0 1 1 0 0 1 0 1 1 0 0 1 0 1 1 0 0 1 0 1 1 0 0 1 0 1 1 0 0 1 0 1 1 0 0 1 0 1 1 0 0 1 0 1 1 0 0 1 0 1 1 0 0 1 0 1 1 0 0 1 0 1 1 0 0 1 0 1 1 0 0 1 0 1 1 0 0 1 0 1 1 0 0 1 0 1 1 0 0 1 0 1 1 0 0 1 0 1 1 0 0 1 0 1 1 0 0 1 0 1 1 0 0 1 0 1 1 0 0 1 0 1 1 0 0 1 0 1 1 0 0 1 0 1 1 0 0 1 0 1 1 0 0 1 0 1 1 0 0 1 0 1 1 0 0 1 0 1 1 0 0 1 0 1 1 0 0 1 0 1 1 0 0 1 0 1 1 0 0 1 0 1 1 0 0 1 0 1 1 0 0 1 0 1 1 0 0 1 0 1 1 0 0 1 0 1 1 0 0 1 0 1 1 0 0 1 0 1 1 0 0 1 0 1 1 0 0 1 0 1 1 0 0 1 0 1 1 0 0 1 0 1 1 0 0 1 0 1 1 0 0 1 0 1 1 0 0 1 0 1 1 0 0 1 0 1 1 0 0 1 0 1 1 0 0 1 0 1 1 0 0 1 0 1 1 0 0 1 0 1 1 0 0 1 0 1 1 0 0 1 0 1 1 0 0 1 0 1 1 0 0 1 0 1 1 0 0 1 0 1 1 0 0 1 0 1 1 0 0 1 0 1 1 0 0 1 0 1 1 0 0 1 0 1 1 0 0 1 0 1 1 0 0 1 0 1 1 0 0 1 0 1 1 0 0 1 0 1 1 0 0 1 0 1 1 0 0 1 0 1 1 0 0 1 0 1 1 0 0 1 0 1 1 0 0 1 0 1 1 0 0 1 0 1 1 0 0 1 0 1 1 0 0 1 0 1 1 0 0 1 0 1 1 0 0 1 0 1 1 0 0 1 0 1 1 0 0 1 0 1 1 0 0 1 0 1 1 0 0 1 0 1 1 0 0 1 0 1 1 0 0 1 0 1 1 0 0 1 0 1 1 0 0 1 0 1 1 0 0 1 0 1 1 0 0 1 0 1 1 0 0 1 0 1 1 0 0 1 0 1 1 0 0 1 0 1 1 0 0 1 0 1 1 0 0 1 0 1 1 0 0 1 0 1 1 0 0 1 0 1 1 0 0 1 0 1 1 0 0 1 0 1 1 0 0 1 0 1 1 0 0 1 0 1 1 0 0 1 0 1 1 0 0 1 0 1 1 0 0 1 0 1 1 0 0 1 0 1 1 0 0 1 0 1 1 0 0 1 0 1 1 0 0 1 0 1 1 0 0 1 0 1 1 0 0 1 0 1 1 0 0 1 0 1 1 0 0 1 0 1 1 0 0 1 0 1 1 0 0 1 0 1 1 0 0 1 0 1 1 0 0 1 0 1 1 0 0 1 0 1 1 0 0 1 0 1 1 0 0 1 0 1 1 0 0 1 0 1 1 0 0 1 0 1 1 0 0 1 0 1 1 0 0 1 0 1 1 0 0 1 0 1 1 0 0 1 0 1 1 0 0 1 0 1 1 0 0 1 0 1 1 0 0 1 0 1 1 0 0 1 0 1 1 0 0 1 0 1 1 0 0 1 0 1 1 0 0 1 0 1 1 0 0 1 0 1 1 0 0 1 0 1 1 0 0 1 0 1 1 0 0 1 0 1 1 0 0 1 0 1 1 0 0 1 0 1 1 0 0 1 0 1 1 0 0 1 0 1 1 0 0 1 0 1 1 0 0 1 0 1 1 0 0 1 0 1 1 0 0 1 0 1 1 0 0 1 0 1 1 0 0 1 0 1 1 0 0 1 0 1 1 0 0 1 0 1 1 0 0 1 0 1 1 0 0 1 0 1 1 0 0 1 0 1 1 0 0 1 0 1 1 0 0 1 0 1 1 0 0 1 0 1 1 0 0 1 0 1 1 0 0 1 0 1 1 0 0 1 0 1 1 0 0 1 0 1 1 0 0 1 0 1 1 0 0 1 0 1 1 0 0 1 0 1 1 0 0 1 0 1 1 0 0 1 0 1 1 0 0 1 0 1 1 0 0 1 0 1 1 0 0 1 0 1 1 0 0 1 0 1 1 0 0 1 0 1 1 0 0 1 0 1 1 0 0 1 0 1 1 0 0 1 0 1 1 0 0 1 0 1 1 0 0 1 0 1 1 0 0 1 0 1 1 0 0 1 0 1 1 0 0 1 0 1 1 0 0 1 0 1 1 0 0 1 0 1 1 0 0 1 0 1 1 0 0 1 0 1 1 0 0 1 0 1 1 0 0 1 0 1 1 0 0 1 0 1 1 0 0 1 0 1 1 0 0 1 0 1 1 0 0 1 0 1 1 0 0 1 0 1 1 0 0 1 0 1 1 0 0 1 0 1 1 0 0 1 0 1 1 0 0 1 0 1 1 0 0 1 0 1 1 0 0 1 0 1 1 0 0 1 0 1 1 0 0 1 0 1 1 0 0 1 0 1 1 0 0 1 0 1 1 0 0 1 0 1 1 0 0 1 0 1 1 0 0 1 0 1 1 0 0 1 0 1 1 0 0 1 0 1 1 0 0 1 0 1 1 0 0 1 0 1 1 0 0 1 0 1 1 0 0 1 0 1 1 0 0 1 0 1 1 0 0 1 0 1 1 0 0 1 0 1 1 0 0 1 0 1 1 0 0 1 0 1 1 0 0 1 0 1 1 0 0 1 0 1 1 0 0 1 0 1 1 0 0 1 0 1 1 0 0 1 0 1 1 0 0 1 0 1 1 0 0 1 0 1 1 0 0 1 0 1 1 0 0 1 0 1 1 0 0 1 0 1 1 0 0 1 0 1 1 0 0 1 0 1 1 0 0 1 0 1 1 0 0 1 0 1 1 0 0 1 0 1 1 0 0 1 0 1 1 0 0 1 0 1 1 0 0 1 0 1 1 0 0 1 0 1 1 0 0 1 0 1 1 0 0 1 0 1 1 0 0 1 0 1 1 0 0 1 0 1 1 0 0 1 0 1 1 0 0 1 0 1 1 0 0 1 0 1 1 0 0 1 0 1 1 0 0 1 0 1 1 0 0 1 0 1 1 0 0 1 0 1 1 0 0 1 0 1 1 0 0 1 0 1 1 0 0 1 0 1 1 0 0 1 0 1 1 0 0 1 0 1 1 0 0 1 0 1 1 0 0 1 0 1 1 0 0 1 0 1 1 0 0 1 0 1 1 0 0 1 0 1 1 0 0 1 0 1 1 0 0 1 0 1 1 0 0 1 0 1 1 0 0 1 0 1 1 0 0 1 0 1 1 0 0 1 0 1 1 0 0 1 0 1 1 0 0 1 0 1 1 0 0 1 0 1 1 0 0 1 0 1 1 0 0 1 0 1 1 0 0 1 0 1 1 0 0 1 0 1 1 0 0 1 0 1 1 0 0 1 0 1 1 0 0 1 0 1 1 0 0 1 0 1 1 0 0 1 0 1 1 0 0 1 0 1 1 0 0 1 0 1 1 0 0 1 0 1 1 0 0 1 0 1 1 0 0 1 0 1 1 0 0 1 0 1 1 0 0 1 0 1 1 0 0 1 0 1 1 0 0 1 0 1 1 0 0 1 0 1 1 0 0 1 0 1 1 0 0 1 0 1 1 0 0 1 0 1 1 0 0 1 0 1 1 0 0 1 0 1 1 0 0 1 0 1 1 0 0 1 0 1 1 0 0 1 0 1 1 0 0 1 0 1 1 0 0 1 0 1 1 0 0 1 0 1 1 0 0 1 0 1 1 0 0 1 0 1 1 0 0 1 0 1 1 0 0 1 0 1 1 0 0 1 0 1 1 0 0 1 0 1 1 0 0 1 0 1 1 0 0 1 0 1 1 0 0 1 0 1 1 0 0 1 0 1 1 0 0 1 0 1 1 0 0 1 0 1 1 0 0 1 0 1 1 0 0 1 0 1 1 0 0 1 0 1 1 0 0 1 0 1 1 0 0 1 0 1 1 0 0 1 0 1 1 0 0 1 0 1 1 0 0 1 0 1 1 0 0 1 0 1 1 0 0 1 0 1 1 0 0 1 0 1 1 0 0 1 0 1 1 0 0 1 0 1 1 0 0 1 0 1 1 0 0 1 0 1 1 0 0 1 0 1 1 0 0 1 0 1 1 0 0 1 0 1 1 0 0 1 0 1 1 0 0 1 0 1 1 0 0 1 0 1 1 0 0 1 0 1 1 0 0 1 0 1 1 0 0 1 0 1 1 0 0 1 0 1 1 0 0 1 0 1 1 0 0 1 0 1 1 0 0 1 0 1 1 0 0 1 0 1 1 0 0 1 0 1 1 0 0 1 0 1 1 0 0 1 0 1 1 0 0 1 0 1 1 0 0 1 0 1 1 0 0 1 0 1 1 0 0 1 0 1 1 0 0 1 0 1 1 0 0 1 0 1 1 0 0 1 0 1 1 0 0 1 0 1 1 0 0 1 0 1 1 0 0 1 0 1 1 0 0 1 0 1 1 0 0 1 0 1 1 0 0 1 0 1 1 0 0 1 0 1 1 0 0 1 0 1 1 0 0 1 0 1 1 0 0 1 0 1 1 0 0 1 0 1 1 0 0 1 0 1 1 0 0 1 0 1 1 0 0 1 0 1 1 0 0 1 0 1 1 0 0 1 0 1 1 0 0 1 0 1 1 0 0 1 0 1 1 0 0 1 0 1 1 0 0 1 0 1 1 0 0 1 0 1 1 0 0 1 0 1 1 0 0 1 0 1 1 0 0 1 0 1 1 0 0 1 0 1 1 0 0 1 0 1 1 0 0 1 0 1 1 0 0 1 0 1 1 0 0 1 0 1 1 0 0 1 0 1 1 0 0 1 0 1 1 0 0 1 0 1 1 0 0 1 0 1 1 0 0 1 0 1 1 0 0 1 0 1 1 0 0 1 0 1 1 0 0 1 0 1 1 0 0 1 0 1 1 0 0 1 0 1 1 0 0 1 0 1 1 0 0 1 0 1 1 0 0 1 0 1 1 0 0 1 0 1 1 0 0 1 0 1 1 0 0 1 0 1 1 0 0 1 0 1 1 0 0 1 0 1 1 0 0 1 0 1 1 0 0 1 0 1 1 0 0 1 0 1 1 0 0 1 0 1 1 0 0 1 0 1 1 0 0 1 0 1 1 0 0 1 0 1 1 0 0 1 0 1 1 0 0 1 0 1 1 0 0 1 0 1 1 0 0 1 0 1 1 0 0 1 0 1 1 0 0 1 0 1 1 0 0 1 0 1 1 0 0 1 0 1 1 0 0 1 0 1 1 0 0 1 0 1 1 0 0 1 0 1 1 0 0 1 0 1 1 0 0 1 0 1 1 0 0 1 0 1 1 0 0 1 0 1 1 0 0 1 0 1 1 0 0 1 0 1 1 0 0 1 0 1 1 0 0 1 0 1 1 0 0 1 0 1 1 0 0 1 0 1 1 0 0 1 0 1 1 0 0 1 0 1 1 0 0 1 0 1 1 0 0 1 0 1 1 0 0 1 0 1 1 0 0 1 0 1 1 0 0 1 0 1 1 0 0 1 0 1 1 0 0 1 0 1 1 0 0 1 0 1 1 0 0 1 0 1 1 0 0 1 0 1 1 0 0 1 0 1 1 0 0 1 0 1 1 0 0 1 0 1 1 0 0 1 0 1 1 0 0 1 0 1 1 0 0 1 0 1 1 0 0 1 0 1 1 0 0 1 0 1 1 0 0 1 0 1 1 0 0 1 0 1 1 0 0 1 0 1 1 0 0 1 0 1 1 0 0 1 0 1 1 0 0 1 0 1 1 0 0 1 0 1 1 0 0 1 0 1 1 0 0 1 0 1 1 0 0 1 0 1 1 0 0 1 0 1 1 0 0 1 0 1 1 0 0 1 0 1 1 0 0 1 0 1 1 0 0 1 0 1 1 0 0 1 0 1 1 0 0 1 0 1 1 0 0 1 0 1 1 0 0 1 0 1 1 0 0 1 0 1 1 0 0 1 0 1 1 0 0 1 0 1 1 0 0 1 0 1 1 0 0 1 0 1 1 0 0 1 0 1 1 0 0 1 0 1 1 0 0 1 0 1 1 0 0 1 0 1 1 0 0 1 0 1 1 0 0 1 0 1 1 0 0 1 0 1 1 0 0 1 0 1 1 0 0 1 0 1 1 0 0 1 0 1 1 0 0 1 0 1 1 0 0 1 0 1 1 0 0 1 0 1 1 0 0 1 0 1 1 0 0 1 0 1 1 0 0 1 0 1 1 0 0 1 0 1 1 0 0 1 0 1 1 0 0 1 0 1 1 0 0 1 0 1 1 0 0 1 0 1 1 0 0 1 0 1 1 0 0 1 0 1 1 0 0 1 0 1 1 0 0 1 0 1 1 0 0 1 0 1 1 0 0 1 0 1 1 0 0 1 0 1 1 0 0 1 0 1 1 0 0 1 0 1 1 0 0 1 0 1 1 0 0 1 0 1 1 0 0 1 0 1 1 0 0 1 0 1 1 0 0 1 0 1 1 0 0 1 0 1 1 0 0 1 0 1 1 0 0 1 0 1 1 0 0 1 0 1 1 0 0 1 0 1 1 0 0 1 0 1 1 0 0 1 0 1 1 0 0 1 0 1 1 0 0 1 0 1 1 0 0 1 0 1 1 0 0 1 0 1 1 0 0 1 0 1 1 0 0 1 0 1 1 0 0 1 0 1 1 0 0 1 0 1 1 0 0 1 0 1 1 0 0 1 0 1 1 0 0 1 0 1 1 0 0 1 0 1 1 0 0 1 0 1 1 0 0 1 0 1 1 0 0 1 0 1 1 0 0 1 0 1 1 0 0 1 0 1 1 0 0 1 0 1 1 0 0 1 0 1 1 0 0 1 0 1 1 0 0 1 0 1 1 0 0 1 0 1 1 0 0 1 0 1 1 0 0 1 0 1 1 0 0 1 0 1 1 0 0 1 0 1 1 0 0 1 0 1 1 0 0 1 0 1 1 0 0 1 0 1 1 0 0 1 0 1 1 0 0 1 0 1 1 0 0 1 0 1 1 0 0 1 0 1 1 0 0 1 0 1 1 0 0 1 0 1 1 0 0 1 0 1 1 0 0 1 0 1 1 0 0 1 0 1 1 0 0 1 0 1 1 0 0 1 0 1 1 0 0 1 0 1 1 0 0 1 0 1 1 0 0 1 0 1 1 0 0 1 0 1 1 0 0 1 0 1 1 0 0 1 0 1 1 0 0 1 0 1 1 0 0 1 0 1 1 0 0 1 0 1 1 0 0 1 0 1 1 0 0 1 0 1 1 0 0 1 0 1 1 0 0 1 0 1 1 0 0 1 0 1 1 0 0 1 0 1 1 0 0 1 0 1 1 0 0 1 0 1 1 0 0 0 0 0 0 0 0 0 0 0 0 0 0 0 0 0 0 0 0 0 0 0 0 0 0 0 0 0 0 0 0 0 0 0 0 0 0 0 0 0 0 0 0 0 0 0 0 0 0 0 0 0 0 0 0 0 0 0 0 0 0 0 0 0 0 0 0 0 0 0 0 0 0 0 0 0 0 0 0 0 0 0 0 0 0 0 0 0 0 0 0 0 0 0 0 0 0 0 0 0 0 0 0 0 0 0 0 0 0 0 0 0 0 0 0 0 0 0 0 0 0 0 0 0 0 0 0 0 0 0 0 0 0 0 0 0 0 0 0 0 0 0 0 0 0 0 0 0 0 0 0 0 0 0 0 0 0 0 0 0 0 0 0 0 0 0 0 0 0 0 0 0 0 0 0 0 0 0 0 0 0 0 0 0 0 0 0 0 0 0 0 0 0 0 0 0 0 0 0 0 0 0 0 0 0 0 0 0 0 0 0 0 0 0 0 0 0 0 0 0 0 0 0 0 0 0 0 0 0 0 0 0 0 0 0 0 0 0 0 0 0 0 0 0 0 0 0 0 0 0 0 0 0 0 0 0 0 0 0 0 0 0 0 0 0 0 0 0 0 0 0 0 0 0 0 0 0 0 0 0 0 0 0 0 0 0 0 0 0 0 0 0 0 0 0 0 0 0 0 0 0 0 0 0 0 0 0 0 0 0 0 0 0 0 0 0 0 0 0 0 0 0 0 0 0 0 0 0 0 0 0 0 0 0 0 0 0 0 0 0 0 0 0 0 0 0 0 0 0 0 0 0 0 0 0 0 0 0 0 0 0 0 0 0 0 0 0 0 0 0 0 0 0 0 0 0 0 0 0 0 0 0 0 0 0 0 0 0 0 0 0 0 0 0 0 0 0 0 0 0 0 0 0 0 0 0 0 0 0 0 0 0 0 0 0 0 0 0 0 0 0 0 0 0 0 0 0 0 0 0 0 0 0 0 0 0 0 0 0 0 0 0 0 0 0 0 0 0 0 0 0 0 0 0 0 0 0 0 0 0 0 0 0 0 0 0 0 0 0 0 0 0 0 0 0 0 0 0 0 0 0 0 0 0 0 0 0 0 0 0 0 0 0 0 0 0 0 0 0 0 0 0 0 0 0 0 0 0 0 0 0 0 0 0 0 0 0 0 0 0 0 0 0 0 0 0 0 0 0 0 0 0 0 0 0 0 0 0 0 0 0 0 0 0 0 0 0 0 0 0 0 0 0 0 0 0 0 0 0 0 0 0 0 0 0 0 0 0 0 0 0 0 0 0 0 0 0 0 0 0 0 0 0 0 0 0 0 0 0 0 0 0 0 0 0 0 0 0 0 0 0 0 0 0 0 0 0 0 0 0 0 0 0 0 0 0 0 0 0 0 0 0 0 0 0 0 0 0 0 0 0 0 0 0 0 0 0 0 0 0 0 0 0 0 0 0 0 0 0 0 0 0 0 0 0 0 0 0 0 0 0 0 0 0 0 0 0 0 0 0 0 0 0 0 0 0 0 0 0 0 0 0 0 0 0 0 0 0 0 0 0 0 0 0 0 0 0 0 0 0 0 0 0 0 0 0 0 0 0 0 0 0 0 0 0 0 0 0 0 0 0 0 0 0 0 0 0 0 0 0 0 0 0 0 0 0 0 0 0 0 0 0 0 0 0 0 0 0 0 0 0 0 0 0 0 0 0 0 0 0 0 0 0 0 0 0 0 0 0 0 0 0 0 0 0 0 0 0 0 0 0 0 0 0 0 0 0 0 0 0 0 0 0 0 0 0 0 0 0 0 0 0 0 0 0 0 0 0 0 0 0 0 0 0 0 0 0 0 0 0 0 0 0 0 0 0 0 0 0 0 0 0 0 0 0 0 0 0 0 0 0 0 0 0 0 0 0 0 0 0 0 0 0 0 0 0 0 0 0 0 0 0 0 0 0 0 0 0 0 0 0 0 0 0 0 0 0 0 0 0 0 0 0 0 0 0 0 0 0 0 0 0 0 0 0 0 0 0 0 0 0 0 0 0 0 0 0 0 0 0 0 0 0 0 0 0 0 0 0 0 0 0 0 0 0 0 0 0 0 0 0 0 0 0 0 0 0 0 0 0 0 0 0 0 0 0 0 0 0 0 0 0 0 0 0 0 0 0 0 0 0 0 0 0 0 0 0 0 0 0 0 0 0 0 0 0 0 0 0 0 0 0 0 0 0 0 0 0 0 0 0 0 0 0 0 0 0 0 0 0 0 0 0 0 0 0 0 0 0 0 0 0 0 0 0 0 0 0 0 0 0 0 0 0 0 0 0 0 0 0 0 0 0 0 0 0 0 0 0 0 0 0 0 0 0 0 0 0 0 0 0 0 0 0 0 0 0 0 0 0 0 0 0 0 0 0 0 0 0 0 0 0 0 0 0 0 0 0 0 0 0 0 0 0 0 0 0 0 0 0 0 0 0 0 0 0 0 0 0 0 0 0 0 0 0 0 0 0 0 0 0 0 0 0 0 0 0 0 0 0 0 0 0 0 0 0 0 0 0 0 0 0 0 0 0 0 0 0 0 0 0 0 0 0 0 0 0 0 0 0 0 0 0 0 0 0 0 0 0 0 0 0 0 0 0 0 0 0 0 0 0 0 0 0 0 0 0 0 0 0 0 0 0 0 0 0 0 0 0 0 0 0 0 0 0 0 0 0 0 0 0 0 0 0 0 0 0 0 0 0 0 0 0 0 0 0 0 0 0 0 0 0 0 0 0 0 0 0 0 0 0 0 0 0 0 0 0 0 0 0 0 0 0 0 0 0 0 0 0 0 0 0 0 0 0 0 0 0 0 0 0 0 0 0 0 0 0 0 0 0 0 0 0 0 0 0 0 0 0 0 0 0 0 0 0 0 0 0 0 0 0 0 0 0 0 0 0 0 0 0 0 0 0 0 0 0 0 0 0 0 0 0 0 0 0 0 0 0 0 0 0 0 0 0 0 0 0 0 0 0 0 0 0 0 0 0 0 0 0 0 0 0 0 0 0 0 0 0 0 0 0 0 0 0 0 0 0 0 0 0 0 0 0 0 0 0 0 0 0 0 0 0 0 0 0 0 0 0 0 0 0 0 0 0 0 0 0 0 0 0 0 0 0 0 0 0 0 0 0 0 0 0 0 0 0 0 0 0 0 0 0 0 0 0 0 0 0 0 0 0 0 0 0 0 0 0 0 0 0 0 0 0 0 0 0 0 0 0 0 0 0 0 0 0 0 0 0 0 0 0 0 0 0 0 0 0 0 0 0 0 0 0 0 0 0 0 0 0 0 0 0 0 0 0 0 0 0 0 0 0 0 0 0 0 0 0 0 0 0 0 0 0 0 0 0 0 0 0 0 0 0 0 0 0 0 0 0 0 0 0 0 0 0 0 0 0 0 0 0 0 0 0 0 0 0 0 0 0 0 0 0 0 0 0 0 0 0 0 0 0 0 0 0 0 0 0 0 0 0 0 0 0 0 0 0 0 0 0 0 0 0 0 0 0 0 0 0 0 0 0 0 0 0 0 0 0 0 0 0 0 0 0 0 0 0 0 0 0 0 0 0 0 0 0 0 0 0 0 0 0 0 0 0 0 0 0 0 0 0 0 0 0 0 0 0 0 0 0 0 0 0 0 0 0 0 0 0 0 0 0 0 0 0 0 0 0 0 0 0 0 0 0 0 0 0 0 0 0 0 0 0 0 0 0 0 0 0 0 0 0 0 0 0 0 0 0 0 0 0 0 0 0 0 0 0 0 0 0 0 0 0 0 0 0 0 0 0 0 0 0 0 0 0 0 0 0 0 0 0 0 0 0 0 0 0 0 0 0 0 0 0 0 0 0 0 0 0 0 0 0 0 0 0 0 0 0 0 0 0 0 0 0 0 0 0 0 0 0 0 0 0 0 0 0 0 0 0 0 0 0 0 0 0 0 0 0 0 0 0 0 0 0 0 0 0 0 0 0 0 0 0 0 0 0 0 0 0 0 0 0 0 0 0 0 0 0 0 0 0 0 0 0 0 0 0 0 0 0 0 0 0 0 0 0 0 0 0 0 0 0 0 0 0 0 0 0 0 0 0 0 0 0 0 0 0 0 0 0 0 0 0 0 0 0 0 0 0 0 0 0 0 0 0 0 0 0 0 0 0 0 0 0 0 0 0 0 0 0 0 0 0 0 0 0 0 0 0 0 0 0 0 0 0 0 0 0 0 0 0 0 0 0 0 0 0 0 0 0 0 0 0 0 0 0 0 0 0 0 0 0 0 0 0 0 0 0 0 0 0 0 0 0 0 0 0 0 0 0 0 0 0 0 0 0 0 0 0 0 0 0 0 0 0 0 0 0 0 0 0 0 0 0 0 0 0 0 0 0 0 0 0 0 0 0 0 0 0 0 0 0 0 0 0 0 0 0 0 0 0 0 0 0 0 0 0 0 0 0 0 0 0 0 0 0 0 0 0 0 0 0 0 0 0 0 0 0 0 0 0 0 0 0 0 0 0 0 0 0 0 0 0 0 0 0 0 0 0 0 0 0 0 0 0 0 0 0 0 0 0 0 0 0 0 0 0 0 0 0 0 0 0 0 0 0 0 0 0 0 0 0 0 0 0 0 0 0 0 0 0 0 0 0 0 0 0 0 0 0 0 0 0 0 0 0 0 0 0 0 0 0 0 0 0 0 0 0 0 0 0 0 0 0 0 0 0 0 0 0 0 0 0 0 0 0 0 0 0 0 0 0 0 0 0 0 0 0 0 0 0 0 0 0 0 0 0 0 0 0 0 0 0 0 0 0 0 0 0 0 0 0 0 0 0 0 0 0 0 0 0 0 0 0 0 0 0 0 0 0 0 0 0 0 0 0 0 0 0 0 0 0 0 0 0 0 0 0 0 0 0 0 0 0 0 0 0 0 0 0 0 0 0 0 0 0 0 0 0 0 0 0 0 0 0 0 0 0 0 0 0 0 0 0 0 0 0 0 0 0 0 0 0 0 0 0 0 0 0 0 0 0 0 0 0 0 0 0 0 0 0 0 0 0 0 0 0 0 0 0 0 0 0 0 0 0 0 0 0 0 0 0 0 0 0 0 0 0 0 0 0 0 0 0 0 0 0 0 0 0 0 0 0 0 0 0 0 0 0 0 0 0 0 0 0 0 0 0 0 0 0 0 0 0 0 0 0 0 0 0 0 0 0 0 0 0 0 0 0 0 0 0 0 0 0 0 0 0 0 0 0 0 0 0 0 0 0 0 0 0 0 0 0 0 0 0 0 0 0 0 0 0 0 0 0 0 0 0 0 0 0 0 0 0 0 0 0 0 0 0 0 0 0 0 0 0 0 0 0 0 0 0 0 0 0 0 0 0 0 0 0 0 0 0 0 0 0 0 0 0 0 0 0 0 0 0 0 0 0 0 0 0 0 0 0 0 0 0 0 0 0 0 0 0 0 0 0 0 0 0 0 0 0 0 0 0 0 0 0 0 0 0 0 0 0 0 0 0 0 0 0 0 0 0 0 0 0 0 0 0 0 0 0 0 0 0 0 0 0 0 0 0 0 0 0 0 0 0 0 0 0 0 0 0 0 0 0 0 0 0 0 0 0 0 0 0 0 0 0 0 0 0 0 0 0 0 0 0 0 0 0 0 0 0 0 0 0 0 0 0 0 0 0 0 0 0 0 0 0 0 0 0 0 0 0 0 0 0 0 0 0 0 0 0 0 0 0 0 0 0 0 0 0 0 0 0 0 0 0 0 0 0 0 0 0 0 0 0 0 0 0 0 0 0 0 0 0 0 0 0 0 0 0 0 0 0 0 0 0 0 0 0 0 0 0 0 0 0 0 0 0 0 0 0 0 0 0 0 0 0 0 0 0 0 0 0 0 0 0 0 0 0 0 0 0 0 0 0 0 0 0 0 0 0 0 0 0 0 0 0 0 0 0 0 0 0 0 0 0 0 0 0 0 0 0 0 0 0 0 0 0 0 0 0 0 0 0 0 0 0 0 0 0 0 0 0 0 0 0 0 0 0 0 0 0 0 0 0 0 0 0 0 0 0 0 0 0 0 0 0 0 0 0 0 0 0 0 0 0 0 0 0 0 0 0 0 0 0 0 0 0 0 0 0 0 0 0 0 0 0 0 0 0 0 0 0 0 0 0 0 0 0 0 0 0 0 0 0 0 0 0 0 0 0 0 0 0 0 0 0 0 0 0 0 0 0 0 0 0 0 0 0 0 0 0 0 0 0 0 0 0 0 0 0 0 0 0 0 0 0 0 0 0 0 0 0 0 0 0 0 0 0 0 0 0 0 0 0 0 0 0 0 0 0 0 0 0 0 0 0 0 0 0 0 0 0 0 0 0 0 0 0 0 0 0 0 0 0 0 0 0 0 0 0 0 0 0 0 0 0 0 0 0 0 0 0 0 0 0 0 0 0 0 0 0 0 0 0 0 0 0 0 0 0 0 0 0 0 0 0 0 0 0 0 0 0 0 0 0 0 0 0 0 0 0 0 0 0 0 0 0 0 0 0 0 0 0 0 0 0 0 0 0 0 0 0 0 0 0 0 0 0 0 0 0 0 0 0 0 0 0 0 0 0 0 0 0 0 0 0 0 0 0 0 0 0 0 0 0 0 0 0 0 0 0 0 0 0 0 0 0 0 0 0 0 0 0 0 0 0 0 0 0 0 0 0 0 0 0 0 0 0 0 0 0 0 0 0 0 0 0 0 0 0 0 0 0 0 0 0 0 0 0 0 0 0 0 0 0 0 0 0 0 0 0 0 0 0 0 0 0 0 0 0 0 0 0 0 0 0 0 0 0 0 0 0 0 0 0 0 0 0 0 0 0 0 0 0 0 0 0 0 0 0 0 0 0 0 0 0 0 0 0 0 0 0 0 0 0 0 0 0 0 0 0 0 0 0 0 0 0 0 0 0 0 0 0 0 0 0 0 0 0 0 0 0 0 0 0 0 0 0 0 0 0 0 0 0 0 0 0 0 0 0 0 0 0 0 0 0 0 0 0 0 0 0 0 0 0 0 0 0 0 0 0 0 0 0 0 0 0 0 0 0 0 0 0 0 0 0 0 0 0 0 0 0 0 0 0 0 0 0 0 0 0 0 0 0 0 0 0 0 0 0 0 0 0 0 0 0 0 0 0 0 0 0 0 0 0 0 0 0 0 0 0 0 0 0 0 0 0 0 0 0 0 0 0 0 0 0 0 0 0 0 0 0 0 0 0 0 0 0 0 0 0 0 0 0 0 0 0 0 0 0 0 0 0 0 0 0 0 0 0 0 0 0 0 0 0 0 0 0 0 0 0 0 0 0 0 0 0 0 0 0 0 0 0 0 0 0 0 0 0 0 0 0 0 0 0 0 0 0 0 0 0 0 0 0 0 0 0 0 0 0 0 0 0 0 0 0 0 0 0 0 0 0 0 0 0 0 0 0 0 0 0 0 0 0 0 0 0 0 0 0 0 0 0 0 0 0 0 0 0 0 0 0 0 0 0 0 0 0 0 0 0 0 0 0 0 0 0 0 0 0 0 0 0 0 0 0 0 0 0 0 0 0 0 0 0 0 0 0 0 0 0 0 0 0 0 0 0 0 0 0 0 0 0 0 0 0 0 0 0 0 0 0 0 0 0 0 0 0 0 0 0 0 0 0 0 0 0 0 0 0 0 0 0 0 0 0 0 0 0 0 0 0 0 0 0 0 0 0 0 0 0 0 0 0 0 0 0 0 0 0 0 0 0 0 0 0 0 0 0 0 0 0 0 0 0 0 0 0 0 0 0 0 0 0 0 0 0 0 0 0 0 0 0 0 0 0 0 0 0 0 0 0 0 0 0 0 0 0 0 0 0 0 0 0 0 0 0 0 0 0 0 0 0 0 0 0 0 0 0 0 0 0 0 0 0 0 0 0 0 0 0 0 0 0 0 0 0 0 0 0 0 0 0 0 0 0 0 0 0 0 0 0 0 0 0 0 0 0 0 0 0 0 0 0 0 0 0 0 0 0 0 0 0 0 0 0 0 0 0 0 0 0 0 0 0 0 0 0 0 0 0 0 0 0 0 0 0 0 0 0 0 0 0 0 0 0 0 0 0 0 0 0 0 0 0 0 0 0 0 0 0 0 0 0 0 0 0 0 0 0 0 0 0 0 0 0 0 0 0 0 0 0 0 0 0 0 0 0 0 0 0 0 0 0 0 0 0 0 0 0 0 0 0 0 0 0 0 0 0 0 0 0 0 0 0 0 0 0 0 0 0 0 0 0 0 0 0 0 0 0 0 0 0 0 0 0 0 0 0 0 0 0 0 0 0 0 0 0 0 0 0 0 0 0 0 0 0 0 0 0 0 0 0 0 0 0 0 0 0 0 0 0 0 0 0 0 0 0 0 0 0 0 0 0 0 0 0 0 0 0 0 0 0 0 0 0 0 0 0 0 0 0 0 0 0 0 0 0 0 0 0 0 0 0 0 0 0 0 0 0 0 0 0 0 0 0 0 0 0 0 0 0 0 0 0 0 0 0 0 0 0 0 0 0 0 0 0 0 0 0 0 0 0 0 0 0 0 0 0 0 0 0 0 0 0 0 0 0 0 0 0 0 0 0 0 0 0 0 0 0 0 0 0 0 0 0 0 0 0 0 0 0 0 0 0 0 0 0 0 0 0 0 0 0 0 0 0 0 0 0 0 0 0 0 0 0 0 0 0 0 0 0 0 0 0 0 0 0 0 0 0 0 0 0 0 0 0 0 0 0 0 0 0 0 0 0 0 0 0 0 0 0 0 0 0 0 0 0 0 0 0 0 0 0 0 0 0 0 0 0 0 0 0 0 0 0 0 0 0 0 0 0 0 0 0 0 0 0 0 0 0 0 0 0 0 0 0 0 0 0 0 0 0 0 0 0 0 0 0 0 0 0 0 0 0 0 0 0 0 0 0 0 0 0 0 0 0 0 0 0 0 0 0 0 0 0 0 0 0 0 0 0 0 0 0 0 0 0 0 0 0 0 0 0 0 0 0 0 0 0 0 0 0 0 0 0 0 0 0 0 0 0 0 0 0 0 0 0 0 0 0 0 0 0 0 0 0 0 0 0 0 0 0 0 0 0 0 0 0 0 0 0 0 0 0 0 0 0 0 0 0 0 0 0 0 0 0 0 0 0 0 0 0 0 0 0 0 0 0 0 0 0 0 0 0 0 0 0 0 0 0 0 0 0 0 0 0 0 0 0 0 0 0 0 0 0 0 0 0 0 0 0 0 0 0 0 0 0 0 0 0 0 0 0 0 0 0 0 0 0 0 0 0 0 0 0 0 0 0 0 0 0 0 0 0 0 0 0 0 0 0 0 0 0 0 0 0 0 0 0 0 0 0 0 0 0 0 0 0 0 0 0 0 0 0 0 0 0 0 0 0 0 0 0 0 0 0 0 0 0 0 0 0 0 0 0 0 0 0 0 0 0 0 0 0 0 0 0 0 0 0 0 0 0 0 0 0 0 0 0 0 0 0 0 0 0 0 0 0 0 0 0 0 0 0 0 0 0 0 0 0 0 0 0 0 0 0 0 0 0 0 0 0 0 0 0 0 0 0 0 0 0 0 0 0 0 0 0 0 0 0 0 0 0 0 0 0 0 0 0 0 0 0 0 0 0 0 0 0 0 0 0 0 0 0 0 0 0 0 0 0 0 0 0 0 0 0 0 0 0 0 0 0 0 0 0 0 0 0 0 0 0 0 0 0 0 0 0 0 0 0 0 0 0 0 0 0 0 0 0 0 0 0 0 0 0 0 0 0 0 0 0 0 0 0 0 0 0 0 0 0 0 0 0 0 0 0 0 0 0 0 0 0 0 0 0 0 0 0 0 0 0 0 0 0 0 0 0 0 0 0 0 0 0 0 0 0 0 0 0 0 0 0 0 0 0 0 0 0 0 0 0 0 0 0 0 0 0 0 0 0 0 0 0 0 0 0 0 0 0 0 0 0 0 0 0 0 0 0 0 0 0 0 0 0 0 0 0 0 0 0 0 0 0 0 0 0 0 0 0 0 0 0 0 0 0 0 0 0 0 0 0 0 0 0 0 0 0 0 0 0 0 0 0 0 0 0 0 0 0 0 0 0 0 0 0 0 0 0 0 0 0 0 0 0 0 0 0 0 0 0 0 0 0 0 0 0 0 0 0 0 0 0 0 0 0 0 0 0 0 0 0 0 0 0 0 0 0 0 0 0 0 0 0 0 0 0 0 0 0 0 0 0 0 0 0 0 0 0 0 0 0 0 0 0 0 0 0 0 0 0 0 0 0 0 0 0 0 0 0 0 0 0 0 0 0 0 0 0 0 0 0 0 0 0 0 0 0 0 0 0 0 0 0 0 0 0 0 0 0 0 0 0 0 0 0 0 0 0 0 0 0 0 0 0 0 0 0 0 0 0 0 0 0 0 0 0 0 0 0 0 0 0 0 0 0 0 0 0 0 0 0 0 0 0 0 0 0 0 0 0 0 0 0 0 0 0 0 0 0 0 0 0 0 0 0 0 0 0 0 0 0 0 0 0 0 0 0 0 0 0 0 0 0 0 0 0 0 0 0 0 0 0 0 0 0 0 0 0 0 0 0 0 0 0 0 0 0 0 0 0 0 0 0 0 0 0 0 0 0 0 0 0 0 0 0 0 0 0 0 0 0 0 0 0 0 0 0 0 0 0 0 0 0 0 0 0 0 0 0 0 0 0 0 0 0 0 0 0 0 0 0 0 0 0 0 0 0 0 0 0 0 0 0 0 0 0 0 0 0 0 0 0 0 0 0 0 0 0 0 0 0 0 0 0 0 0 0 0 0 0 0 0 0 0 0 0 0 0 0 0 0 0 0 0 0 0 0 0 0 0 0 0 0 0 0 0 0 0 0 0 0 0 0 0 0 0 0 0 0 0 0 0 0 0 0 0 0 0 0 0 0 0 0 0 0 0 0 0 0 0 0 0 0 0 0 0 0 0 0 0 0 0 0 0 0 0 0 0 0 0 0 0 0 0 0 0 0 0 0 0 0 0 0 0 0 0 0 0 0 0 0 0 0 0 0 0 0 0 0 0 0 0 0 0 0 0 0 0 0 0 0 0 0 0 0 0 0 0 0 0 0 0 0 0 0 0 0 0 0 0 0 0 0 0 0 0 0 0 0 0 0 0 0 0 0 0 0 0 0 0 0 0 0 0 0 0 0 0 0 0 0 0 0 0 0 0 0 0 0 0 0 0 0 0 0 0 0 0 0 0 0 0 0 0 0 0 0 0 0 0 0 0 0 0 0 0 0 0 0 0 0 0 0 0 0 0 0 0 0 0 0 0 0 0 0 0 0 0 0 0 0 0 0 0 0 0 0 0 0 0 0 0 0 0 0 0 0 0 0 0 0 0 0 0 0 0 0 0 0 0 0 0 0 0 0 0 0 0 0 0 0 0 0 0 0 0 0 0 0 0 0 0 0 0 0 0 0 0 0 0 0 0 0 0 0 0 0 0 0 0 0 0 0 0 0 0 0 0 0 0 0 0 0 0 0 0 0 0 0 0 0 0 0 0 0 0 0 0 0 0 0 0 0 0 0 0 0 0 0 0 0 0 0 0 0 0 0 0 0 0 0 0 0 0 0 0 0 0 0 0 0 0 0 0 0 0 0 0 0 0 0 0 0 0 0 0 0 0 0 0 0 0 0 0 0 0 0 0 0 0 0 0 0 0 0 0 0 0 0 0 0 0 0 0 0 0 0 0 0 0 0 0 0 0 0 0 0 0 0 0 0 0 0 0 0 0 0 0 0 0 0 0 0 0 0 0 0 0 0 0 0 0 0 0 0 0 0 0 0 0 0 0 0 0 0 0 0 0 0 0 0 0 0 0 0 0 0 0 0 0 0 0 0 0 0 0 0 0 0 0 0 0 0 0 0 0 0 0 0 0 0 0 0 0 0 0 0 0 0 0 0 0 0 0 0 0 0 0 0 0 0 0 0 0 0 0 0 0 0 0 0 0 0 0 0 0 0 0 0 0 0 0 0 0 0 0 0 0 0 0 0 0 0 0 0 0 0 0 0 0 0 0 0 0 0 0 0 0 0 0 0 0 0 0 0 0 0 0 0 0 0 0 0 0 0 0 0 0 0 0 0 0 0 0 0 0 0 0 0 0 0 0 0 0 0 0 0 0 0 0 0 0 0 0 0 0 0 0 0 0 0 0 0 0 0 0 0 0 0 0 0 0 0 0 0 0 0 0 0 0 0 0 0 0 0 0 0 0 0 0 0 0 0 0 0 0 0 0 0 0 0 0 0 0 0 0 0 0 0 0 0 0 0 0 0 0 0 0 0 0 0 0 0 0 0 0 0 0 0 0 0 0 0 0 0 0 0 0 0 0 0 0 0 0 0 0 0 0 0 0 0 0 0 0 0 0 0 0 0 0 0 0 0 0 0 0 0 0 0 0 0 0 0 0 0 0 0 0 0 0 0 0 0 0 0 0 0 0 0 0 0 0 0 0 0 0 0 0 0 0 0 0 0 0 0 0 0 0 0 0 0 0 0 0 0 0 0 0 0 0 0 0 0 0 0 0 0 0 0 0 0 0 0 0 0 0 0 0 0 0 0 0 0 0 0 0 0 0 0 0 0 0 0 0 0 0 0 0 0 0 0 0 0 0 0 0 0 0 0 0 0 0 0 0 0 0 0 0 0 0 0 0 0 0 0 0 0 0 0 0 0 0 0 0 0 0 0 0 0 0 0 0 0 0 0 0 0 0 0 0 0 0 0 0 0 0 0 0 0 0 0 0 0 0 0 0 0 0 0 0 0 0 0 0 0 0 0 0 0 0 0 0 0 0 0 0 0 0 0 0 0 0 0 0 0 0 0 0 0 0 0 0 0 0 0 0 0 0 0 0 0 0 0 0 0 0 0 0 0 0 0 0 0 0 0 0 0 0 0 0 0 0 0 0 0 0 0 0 0 0 0 0 0 0 0 0 0 0 0 0 0 0 0 0 0 0 0 0 0 0 0 0 0 0 0 0 0 0 0 0 0 0 0 0 0 0 0 0 0 0 0 0 0 0 0 0 0 0 0 0 0 0 0 0 0 0 0 0 0 0 0 0 0 0 0 0 0 0 0 0 0 0 0 0 0 0 0 0 0 0 0 0 0 0 0 0 0 0 0 0 0 0 0 0 0 0 0 0 0 0 0 0 0 0 0 0 0 0 0 0 0 0 0 0 0 0 0 0 0 0 0 0 0 0 0 0 0 0 0 0 0 0 0 0 0 0 0 0 0 0 0 0 0 0 0 0 0 0 0 0 0 0 0 0 0 0 0 0 0 0 0 0 0 0 0 0 0 0 0 0 0 0 0 0 0 0 0 0 0 0 0 0 0 0 0 0 0 0 0 0 0 0 0 0 0 0 0 0 0 0 0 0 0 0 0 0 0 0 0 0 0 0 0 0 0 0 0 0 0 0 0 0 0 0 0 0 0 0 0 0 0 0 0 0 0 0 0 0 0 0 0 0 0 0 0 0 0 0 0 0 0 0 0 0 0 0 0 0 0 0 0 0 0 0 0 0 0 0 0 0 0 0 0 0 0 0 0 0 0 0 0 0 0 0 0 0 0 0 0 0 0 0 0 0 0 0 0 0 0 0 0 0 0 0 0 0 0 0 0 0 0 0 0 0 0 0 0 0 0 0 0 0 0 0 0 0 0 0 0 0 0 0 0 0 0 0 0 0 0 0 0 0 0 0 0 0 0 0 0 0 0 0 0 0 0 0 0 0 0 0 0 0 0 0 0 0 0 0 0 0 0 0 0 0 0 0 0 0 0 0 0 0 0 0 0 0 0 0 0 0 0 0 0 0 0 0 0 0 0 0 0 0 0 0 0 0 0 0 0 0 0 0 0 0 0 0 0 0 0 0 0 0 0 0 0 0 0 0 0 0 0 0 0 0 0 0 0 0 0 0 0 0 0 0 0 0 0 0 0 0 0 0</float_array>
          <technique_common>
            <accessor source="#LandingRubber-mesh-map-array" count="12432" stride="2">
              <param name="S" type="float" />
              <param name="T" type="float" />
            </accessor>
          </technique_common>
        </source>
        <vertices id="LandingRubber-mesh-vertices">
          <input semantic="POSITION" source="#LandingRubber-mesh-positions" />
        </vertices>
        <triangles material="LandingRubber-material" count="4144">
          <input semantic="VERTEX" source="#LandingRubber-mesh-vertices" offset="0" />
          <input semantic="NORMAL" source="#LandingRubber-mesh-normals" offset="1" />
          <input semantic="TEXCOORD" source="#LandingRubber-mesh-map" offset="2" set="0" />
          <p>0 0 0 1 0 1 2 0 2 0 1 3 2 1 4 3 1 5 4 2 6 5 2 7 1 2 8 4 3 9 1 3 10 0 3 11 6 4 12 5 4 13 4 4 14 6 5 15 7 5 16 5 5 17 8 6 18 7 6 19 6 6 20 8 7 21 9 7 22 10 7 23 8 8 24 10 8 25 11 8 26 8 9 27 11 9 28 7 9 29 12 10 30 13 10 31 14 10 32 12 11 33 15 11 34 13 11 35 16 12 36 15 12 37 12 12 38 16 13 39 3 13 40 15 13 41 17 14 42 3 14 43 16 14 44 17 15 45 0 15 46 3 15 47 18 16 48 0 16 49 17 16 50 18 17 51 4 17 52 0 17 53 19 18 54 4 18 55 18 18 56 19 19 57 6 19 58 4 19 59 20 20 60 8 20 61 6 20 62 20 21 63 9 21 64 8 21 65 20 22 66 21 22 67 9 22 68 20 23 69 6 23 70 19 23 71 22 24 72 14 24 73 23 24 74 22 25 75 12 25 76 14 25 77 24 26 78 16 26 79 12 26 80 24 27 81 12 27 82 22 27 83 25 28 84 16 28 85 24 28 86 25 29 87 17 29 88 16 29 89 26 30 90 17 30 91 25 30 92 26 31 93 18 31 94 17 31 95 27 32 96 18 32 97 26 32 98 27 33 99 19 33 100 18 33 101 28 34 102 29 34 103 21 34 104 28 35 105 21 35 106 20 35 107 28 36 108 20 36 109 19 36 110 28 37 111 19 37 112 27 37 113 30 38 114 23 38 115 31 38 116 30 39 117 22 39 118 23 39 119 32 40 120 24 40 121 22 40 122 32 41 123 22 41 124 30 41 125 33 42 126 24 42 127 32 42 128 33 43 129 25 43 130 24 43 131 34 44 132 26 44 133 25 44 134 34 45 135 25 45 136 33 45 137 35 46 138 26 46 139 34 46 140 35 47 141 27 47 142 26 47 143 36 48 144 37 48 145 29 48 146 36 49 147 29 49 148 28 49 149 36 50 150 28 50 151 27 50 152 36 51 153 27 51 154 35 51 155 38 52 156 31 52 157 39 52 158 38 53 159 30 53 160 31 53 161 40 54 162 32 54 163 30 54 164 40 55 165 30 55 166 38 55 167 41 56 168 32 56 169 40 56 170 41 57 171 33 57 172 32 57 173 42 58 174 34 58 175 33 58 176 42 59 177 33 59 178 41 59 179 43 60 180 35 60 181 34 60 182 43 61 183 34 61 184 42 61 185 44 62 186 45 62 187 37 62 188 44 63 189 37 63 190 36 63 191 44 64 192 36 64 193 35 64 194 44 65 195 35 65 196 43 65 197 46 66 198 39 66 199 47 66 200 46 67 201 38 67 202 39 67 203 48 68 204 40 68 205 38 68 206 48 69 207 38 69 208 46 69 209 49 70 210 40 70 211 48 70 212 49 71 213 41 71 214 40 71 215 50 72 216 42 72 217 41 72 218 50 73 219 41 73 220 49 73 221 51 74 222 43 74 223 42 74 224 51 75 225 42 75 226 50 75 227 52 76 228 53 76 229 45 76 230 52 77 231 45 77 232 44 77 233 52 78 234 44 78 235 43 78 236 52 79 237 43 79 238 51 79 239 54 80 240 47 80 241 55 80 242 54 81 243 46 81 244 47 81 245 56 82 246 46 82 247 54 82 248 56 83 249 48 83 250 46 83 251 57 84 252 48 84 253 56 84 254 57 85 255 49 85 256 48 85 257 58 86 258 49 86 259 57 86 260 59 87 261 60 87 262 61 87 263 58 88 264 50 88 265 49 88 266 62 89 267 50 89 268 58 89 269 62 90 270 51 90 271 50 90 272 63 91 273 52 91 274 51 91 275 63 92 276 51 92 277 62 92 278 63 93 279 64 93 280 53 93 281 63 94 282 53 94 283 52 94 284 65 95 285 55 95 286 66 95 287 65 96 288 54 96 289 55 96 290 67 97 291 56 97 292 54 97 293 67 98 294 54 98 295 65 98 296 68 99 297 57 99 298 56 99 299 69 100 300 59 100 301 61 100 302 69 101 303 61 101 304 70 101 305 68 102 306 56 102 307 67 102 308 71 103 309 58 103 310 57 103 311 72 104 312 59 104 313 69 104 314 71 105 315 57 105 316 68 105 317 72 106 318 73 106 319 59 106 320 74 107 321 62 107 322 58 107 323 74 108 324 58 108 325 71 108 326 75 109 327 76 109 328 73 109 329 77 110 330 64 110 331 63 110 332 75 111 333 73 111 334 72 111 335 77 112 336 78 112 337 64 112 338 77 113 339 62 113 340 74 113 341 77 114 342 63 114 343 62 114 344 79 115 345 80 115 346 76 115 347 81 116 348 65 116 349 66 116 350 79 117 351 76 117 352 75 117 353 82 118 354 83 118 355 80 118 356 81 119 357 66 119 358 84 119 359 82 120 360 80 120 361 79 120 362 85 121 363 67 121 364 65 121 365 86 122 366 87 122 367 88 122 368 85 123 369 65 123 370 81 123 371 86 124 372 88 124 373 89 124 374 86 125 375 89 125 376 83 125 377 86 126 378 83 126 379 82 126 380 90 127 381 69 127 382 70 127 383 91 128 384 68 128 385 67 128 386 90 129 387 70 129 388 92 129 389 91 130 390 67 130 391 85 130 392 93 131 393 69 131 394 90 131 395 94 132 396 71 132 397 68 132 398 93 133 399 72 133 400 69 133 401 94 134 402 68 134 403 91 134 404 95 135 405 74 135 406 71 135 407 95 136 408 71 136 409 94 136 410 96 137 411 75 137 412 72 137 413 97 138 414 78 138 415 77 138 416 96 139 417 72 139 418 93 139 419 97 140 420 98 140 421 78 140 422 97 141 423 77 141 424 74 141 425 97 142 426 74 142 427 95 142 428 99 143 429 75 143 430 96 143 431 100 144 432 84 144 433 60 144 434 99 145 435 79 145 436 75 145 437 100 146 438 81 146 439 84 146 440 101 147 441 82 147 442 79 147 443 101 148 444 79 148 445 99 148 446 100 149 447 60 149 448 59 149 449 102 150 450 103 150 451 87 150 452 104 151 453 85 151 454 81 151 455 102 152 456 86 152 457 82 152 458 102 153 459 87 153 460 86 153 461 102 154 462 82 154 463 101 154 464 104 155 465 81 155 466 100 155 467 105 156 468 90 156 469 92 156 470 104 157 471 100 157 472 59 157 473 105 158 474 92 158 475 106 158 476 104 159 477 59 159 478 73 159 479 107 160 480 91 160 481 85 160 482 107 161 483 85 161 484 104 161 485 108 162 486 90 162 487 105 162 488 107 163 489 104 163 490 73 163 491 107 164 492 73 164 493 76 164 494 108 165 495 93 165 496 90 165 497 109 166 498 94 166 499 91 166 500 110 167 501 93 167 502 108 167 503 109 168 504 91 168 505 107 168 506 110 169 507 96 169 508 93 169 509 109 170 510 76 170 511 80 170 512 109 171 513 107 171 514 76 171 515 111 172 516 95 172 517 94 172 518 112 173 519 96 173 520 110 173 521 111 174 522 80 174 523 83 174 524 111 175 525 94 175 526 109 175 527 111 176 528 109 176 529 80 176 530 112 177 531 99 177 532 96 177 533 113 178 534 114 178 535 98 178 536 113 179 537 88 179 538 114 179 539 113 180 540 98 180 541 97 180 542 113 181 543 97 181 544 95 181 545 115 182 546 101 182 547 99 182 548 113 183 549 111 183 550 83 183 551 115 184 552 99 184 553 112 184 554 113 185 555 89 185 556 88 185 557 116 186 558 117 186 559 103 186 560 113 187 561 83 187 562 89 187 563 113 188 564 95 188 565 111 188 566 116 189 567 103 189 568 102 189 569 116 190 570 102 190 571 101 190 572 116 191 573 101 191 574 115 191 575 118 192 576 106 192 577 119 192 578 118 193 579 105 193 580 106 193 581 120 194 582 108 194 583 105 194 584 120 195 585 105 195 586 118 195 587 121 196 588 110 196 589 108 196 590 121 197 591 108 197 592 120 197 593 122 198 594 112 198 595 110 198 596 122 199 597 110 199 598 121 199 599 123 200 600 115 200 601 112 200 602 123 201 603 112 201 604 122 201 605 124 202 606 125 202 607 117 202 608 124 203 609 115 203 610 123 203 611 124 204 612 116 204 613 115 204 614 124 205 615 117 205 616 116 205 617 126 206 618 119 206 619 127 206 620 126 207 621 118 207 622 119 207 623 128 208 624 118 208 625 126 208 626 128 209 627 120 209 628 118 209 629 129 210 630 120 210 631 128 210 632 129 211 633 121 211 634 120 211 635 130 212 636 121 212 637 129 212 638 130 213 639 122 213 640 121 213 641 131 214 642 122 214 643 130 214 644 131 215 645 123 215 646 122 215 647 132 216 648 133 216 649 125 216 650 132 217 651 123 217 652 131 217 653 132 218 654 125 218 655 124 218 656 132 219 657 124 219 658 123 219 659 134 220 660 126 220 661 127 220 662 134 221 663 127 221 664 135 221 665 136 222 666 128 222 667 126 222 668 136 223 669 126 223 670 134 223 671 137 224 672 128 224 673 136 224 674 137 225 675 129 225 676 128 225 677 138 226 678 129 226 679 137 226 680 138 227 681 130 227 682 129 227 683 139 228 684 131 228 685 130 228 686 139 229 687 130 229 688 138 229 689 140 230 690 141 230 691 133 230 692 140 231 693 133 231 694 132 231 695 140 232 696 132 232 697 131 232 698 140 233 699 131 233 700 139 233 701 142 234 702 134 234 703 135 234 704 142 235 705 135 235 706 143 235 707 144 236 708 136 236 709 134 236 710 144 237 711 134 237 712 142 237 713 145 238 714 136 238 715 144 238 716 145 239 717 137 239 718 136 239 719 146 240 720 138 240 721 137 240 722 146 241 723 137 241 724 145 241 725 147 242 726 138 242 727 146 242 728 147 243 729 139 243 730 138 243 731 148 244 732 149 244 733 141 244 734 148 245 735 141 245 736 140 245 737 148 246 738 140 246 739 139 246 740 148 247 741 139 247 742 147 247 743 150 248 744 142 248 745 143 248 746 150 249 747 143 249 748 151 249 749 152 250 750 142 250 751 150 250 752 152 251 753 144 251 754 142 251 755 153 252 756 145 252 757 144 252 758 153 253 759 144 253 760 152 253 761 154 254 762 146 254 763 145 254 764 154 255 765 145 255 766 153 255 767 155 256 768 147 256 769 146 256 770 155 257 771 146 257 772 154 257 773 156 258 774 157 258 775 149 258 776 156 259 777 149 259 778 148 259 779 156 260 780 148 260 781 147 260 782 156 261 783 147 261 784 155 261 785 158 262 786 151 262 787 159 262 788 158 263 789 150 263 790 151 263 791 160 264 792 152 264 793 150 264 794 160 265 795 150 265 796 158 265 797 161 266 798 153 266 799 152 266 800 161 267 801 152 267 802 160 267 803 162 268 804 154 268 805 153 268 806 162 269 807 153 269 808 161 269 809 163 270 810 155 270 811 154 270 812 163 271 813 154 271 814 162 271 815 164 272 816 165 272 817 157 272 818 164 273 819 157 273 820 156 273 821 164 274 822 156 274 823 155 274 824 164 275 825 155 275 826 163 275 827 166 276 828 158 276 829 159 276 830 166 277 831 159 277 832 167 277 833 168 278 834 160 278 835 158 278 836 168 279 837 158 279 838 166 279 839 169 280 840 161 280 841 160 280 842 169 281 843 160 281 844 168 281 845 170 282 846 162 282 847 161 282 848 170 283 849 161 283 850 169 283 851 171 284 852 162 284 853 170 284 854 171 285 855 163 285 856 162 285 857 172 286 858 163 286 859 171 286 860 172 287 861 173 287 862 165 287 863 172 288 864 165 288 865 164 288 866 172 289 867 164 289 868 163 289 869 174 290 870 167 290 871 175 290 872 174 291 873 166 291 874 167 291 875 176 292 876 166 292 877 174 292 878 176 293 879 168 293 880 166 293 881 177 294 882 168 294 883 176 294 884 177 295 885 169 295 886 168 295 887 178 296 888 169 296 889 177 296 890 178 297 891 170 297 892 169 297 893 179 298 894 171 298 895 170 298 896 179 299 897 170 299 898 178 299 899 180 300 900 172 300 901 171 300 902 180 301 903 173 301 904 172 301 905 180 302 906 181 302 907 173 302 908 180 303 909 171 303 910 179 303 911 182 304 912 174 304 913 175 304 914 182 305 915 175 305 916 183 305 917 184 306 918 174 306 919 182 306 920 184 307 921 176 307 922 174 307 923 185 308 924 177 308 925 176 308 926 185 309 927 176 309 928 184 309 929 186 310 930 178 310 931 177 310 932 186 311 933 177 311 934 185 311 935 187 312 936 179 312 937 178 312 938 187 313 939 178 313 940 186 313 941 188 314 942 179 314 943 187 314 944 188 315 945 189 315 946 181 315 947 188 316 948 181 316 949 180 316 950 188 317 951 180 317 952 179 317 953 190 318 954 182 318 955 183 318 956 190 319 957 183 319 958 191 319 959 192 320 960 184 320 961 182 320 962 192 321 963 182 321 964 190 321 965 193 322 966 185 322 967 184 322 968 193 323 969 184 323 970 192 323 971 194 324 972 186 324 973 185 324 974 194 325 975 185 325 976 193 325 977 195 326 978 187 326 979 186 326 980 195 327 981 186 327 982 194 327 983 196 328 984 197 328 985 189 328 986 196 329 987 189 329 988 188 329 989 196 330 990 188 330 991 187 330 992 196 331 993 187 331 994 195 331 995 198 332 996 190 332 997 191 332 998 198 333 999 191 333 1000 199 333 1001 200 334 1002 192 334 1003 190 334 1004 200 335 1005 190 335 1006 198 335 1007 201 336 1008 193 336 1009 192 336 1010 201 337 1011 192 337 1012 200 337 1013 202 338 1014 193 338 1015 201 338 1016 202 339 1017 194 339 1018 193 339 1019 203 340 1020 195 340 1021 194 340 1022 203 341 1023 194 341 1024 202 341 1025 204 342 1026 205 342 1027 197 342 1028 204 343 1029 197 343 1030 196 343 1031 204 344 1032 196 344 1033 195 344 1034 204 345 1035 195 345 1036 203 345 1037 206 346 1038 198 346 1039 199 346 1040 206 347 1041 199 347 1042 207 347 1043 2 348 1044 200 348 1045 198 348 1046 2 349 1047 198 349 1048 206 349 1049 1 350 1050 200 350 1051 2 350 1052 1 351 1053 201 351 1054 200 351 1055 5 352 1056 202 352 1057 201 352 1058 5 353 1059 201 353 1060 1 353 1061 7 354 1062 202 354 1063 5 354 1064 7 355 1065 203 355 1066 202 355 1067 11 356 1068 10 356 1069 205 356 1070 11 357 1071 205 357 1072 204 357 1073 11 358 1074 204 358 1075 203 358 1076 11 359 1077 203 359 1078 7 359 1079 15 360 1080 207 360 1081 13 360 1082 15 361 1083 206 361 1084 207 361 1085 3 362 1086 206 362 1087 15 362 1088 3 363 1089 2 363 1090 206 363 1091 208 364 1092 209 364 1093 210 364 1094 211 365 1095 212 365 1096 213 365 1097 211 366 1098 214 366 1099 212 366 1100 215 367 1101 216 367 1102 217 367 1103 218 368 1104 213 368 1105 219 368 1106 218 369 1107 219 369 1108 220 369 1109 221 370 1110 222 370 1111 223 370 1112 221 371 1113 220 371 1114 222 371 1115 224 372 1116 225 372 1117 226 372 1118 224 373 1119 226 373 1120 208 373 1121 224 374 1122 208 374 1123 214 374 1124 224 375 1125 214 375 1126 211 375 1127 227 376 1128 211 376 1129 213 376 1130 227 377 1131 213 377 1132 218 377 1133 228 378 1134 218 378 1135 220 378 1136 228 379 1137 220 379 1138 221 379 1139 229 380 1140 223 380 1141 230 380 1142 229 381 1143 221 381 1144 223 381 1145 231 382 1146 232 382 1147 225 382 1148 231 383 1149 211 383 1150 227 383 1151 231 384 1152 225 384 1153 224 384 1154 231 385 1155 224 385 1156 211 385 1157 233 386 1158 218 386 1159 228 386 1160 233 387 1161 227 387 1162 218 387 1163 234 388 1164 228 388 1165 221 388 1166 234 389 1167 221 389 1168 229 389 1169 235 390 1170 236 390 1171 217 390 1172 235 391 1173 230 391 1174 236 391 1175 235 392 1176 217 392 1177 216 392 1178 235 393 1179 229 393 1180 230 393 1181 237 394 1182 238 394 1183 232 394 1184 237 395 1185 232 395 1186 231 395 1187 237 396 1188 231 396 1189 227 396 1190 237 397 1191 227 397 1192 233 397 1193 239 398 1194 228 398 1195 234 398 1196 239 399 1197 233 399 1198 228 399 1199 240 400 1200 216 400 1201 241 400 1202 240 401 1203 235 401 1204 216 401 1205 240 402 1206 234 402 1207 229 402 1208 240 403 1209 229 403 1210 235 403 1211 242 404 1212 237 404 1213 233 404 1214 242 405 1215 243 405 1216 238 405 1217 242 406 1218 238 406 1219 237 406 1220 242 407 1221 233 407 1222 239 407 1223 244 408 1224 239 408 1225 234 408 1226 244 409 1227 241 409 1228 245 409 1229 244 410 1230 234 410 1231 240 410 1232 244 411 1233 240 411 1234 241 411 1235 246 412 1236 239 412 1237 244 412 1238 246 413 1239 242 413 1240 239 413 1241 246 414 1242 247 414 1243 243 414 1244 246 415 1245 248 415 1246 247 415 1247 246 416 1248 249 416 1249 248 416 1250 246 417 1251 245 417 1252 249 417 1253 246 418 1254 243 418 1255 242 418 1256 246 419 1257 244 419 1258 245 419 1259 250 420 1260 216 420 1261 215 420 1262 251 421 1263 241 421 1264 216 421 1265 251 422 1266 216 422 1267 250 422 1268 252 423 1269 215 423 1270 253 423 1271 252 424 1272 250 424 1273 215 424 1274 254 425 1275 245 425 1276 241 425 1277 254 426 1278 241 426 1279 251 426 1280 255 427 1281 250 427 1282 252 427 1283 255 428 1284 251 428 1285 250 428 1286 256 429 1287 252 429 1288 253 429 1289 256 430 1290 253 430 1291 257 430 1292 258 431 1293 259 431 1294 248 431 1295 258 432 1296 248 432 1297 249 432 1298 258 433 1299 249 433 1300 245 433 1301 258 434 1302 245 434 1303 254 434 1304 260 435 1305 251 435 1306 255 435 1307 260 436 1308 254 436 1309 251 436 1310 261 437 1311 252 437 1312 256 437 1313 261 438 1314 255 438 1315 252 438 1316 262 439 1317 257 439 1318 263 439 1319 262 440 1320 256 440 1321 257 440 1322 264 441 1323 265 441 1324 259 441 1325 264 442 1326 259 442 1327 258 442 1328 264 443 1329 254 443 1330 260 443 1331 264 444 1332 258 444 1333 254 444 1334 266 445 1335 260 445 1336 255 445 1337 266 446 1338 255 446 1339 261 446 1340 267 447 1341 256 447 1342 262 447 1343 267 448 1344 261 448 1345 256 448 1346 268 449 1347 263 449 1348 269 449 1349 268 450 1350 262 450 1351 263 450 1352 270 451 1353 260 451 1354 266 451 1355 270 452 1356 271 452 1357 265 452 1358 270 453 1359 265 453 1360 264 453 1361 270 454 1362 264 454 1363 260 454 1364 272 455 1365 266 455 1366 261 455 1367 272 456 1368 261 456 1369 267 456 1370 273 457 1371 262 457 1372 268 457 1373 273 458 1374 267 458 1375 262 458 1376 274 459 1377 269 459 1378 275 459 1379 274 460 1380 268 460 1381 269 460 1382 276 461 1383 266 461 1384 272 461 1385 276 462 1386 277 462 1387 271 462 1388 276 463 1389 270 463 1390 266 463 1391 276 464 1392 271 464 1393 270 464 1394 278 465 1395 267 465 1396 273 465 1397 278 466 1398 272 466 1399 267 466 1400 279 467 1401 273 467 1402 268 467 1403 279 468 1404 268 468 1405 274 468 1406 280 469 1407 275 469 1408 281 469 1409 280 470 1410 274 470 1411 275 470 1412 282 471 1413 276 471 1414 272 471 1415 282 472 1416 283 472 1417 277 472 1418 282 473 1419 272 473 1420 278 473 1421 282 474 1422 277 474 1423 276 474 1424 284 475 1425 278 475 1426 273 475 1427 284 476 1428 273 476 1429 279 476 1430 285 477 1431 274 477 1432 280 477 1433 285 478 1434 279 478 1435 274 478 1436 286 479 1437 281 479 1438 287 479 1439 286 480 1440 280 480 1441 281 480 1442 288 481 1443 278 481 1444 284 481 1445 288 482 1446 282 482 1447 278 482 1448 288 483 1449 289 483 1450 283 483 1451 288 484 1452 283 484 1453 282 484 1454 290 485 1455 284 485 1456 279 485 1457 290 486 1458 279 486 1459 285 486 1460 291 487 1461 285 487 1462 280 487 1463 291 488 1464 280 488 1465 286 488 1466 292 489 1467 287 489 1468 293 489 1469 292 490 1470 286 490 1471 287 490 1472 294 491 1473 284 491 1474 290 491 1475 294 492 1476 295 492 1477 289 492 1478 294 493 1479 288 493 1480 284 493 1481 294 494 1482 289 494 1483 288 494 1484 296 495 1485 290 495 1486 285 495 1487 296 496 1488 285 496 1489 291 496 1490 297 497 1491 291 497 1492 286 497 1493 297 498 1494 286 498 1495 292 498 1496 298 499 1497 292 499 1498 293 499 1499 298 500 1500 293 500 1501 299 500 1502 300 501 1503 295 501 1504 294 501 1505 300 502 1506 301 502 1507 295 502 1508 300 503 1509 290 503 1510 296 503 1511 300 504 1512 294 504 1513 290 504 1514 302 505 1515 291 505 1516 297 505 1517 302 506 1518 296 506 1519 291 506 1520 303 507 1521 292 507 1522 298 507 1523 303 508 1524 297 508 1525 292 508 1526 304 509 1527 298 509 1528 299 509 1529 304 510 1530 299 510 1531 305 510 1532 306 511 1533 300 511 1534 296 511 1535 306 512 1536 296 512 1537 302 512 1538 306 513 1539 307 513 1540 301 513 1541 306 514 1542 301 514 1543 300 514 1544 308 515 1545 302 515 1546 297 515 1547 308 516 1548 297 516 1549 303 516 1550 309 517 1551 303 517 1552 298 517 1553 309 518 1554 298 518 1555 304 518 1556 310 519 1557 305 519 1558 311 519 1559 310 520 1560 304 520 1561 305 520 1562 312 521 1563 302 521 1564 308 521 1565 312 522 1566 306 522 1567 302 522 1568 312 523 1569 313 523 1570 307 523 1571 312 524 1572 307 524 1573 306 524 1574 314 525 1575 308 525 1576 303 525 1577 314 526 1578 303 526 1579 309 526 1580 315 527 1581 309 527 1582 304 527 1583 315 528 1584 304 528 1585 310 528 1586 316 529 1587 311 529 1588 317 529 1589 316 530 1590 310 530 1591 311 530 1592 318 531 1593 308 531 1594 314 531 1595 318 532 1596 312 532 1597 308 532 1598 318 533 1599 319 533 1600 313 533 1601 318 534 1602 313 534 1603 312 534 1604 320 535 1605 314 535 1606 309 535 1607 320 536 1608 309 536 1609 315 536 1610 321 537 1611 315 537 1612 310 537 1613 321 538 1614 310 538 1615 316 538 1616 322 539 1617 316 539 1618 317 539 1619 322 540 1620 317 540 1621 323 540 1622 324 541 1623 325 541 1624 319 541 1625 324 542 1626 318 542 1627 314 542 1628 324 543 1629 319 543 1630 318 543 1631 324 544 1632 314 544 1633 320 544 1634 326 545 1635 315 545 1636 321 545 1637 326 546 1638 320 546 1639 315 546 1640 327 547 1641 321 547 1642 316 547 1643 327 548 1644 316 548 1645 322 548 1646 328 549 1647 323 549 1648 329 549 1649 328 550 1650 322 550 1651 323 550 1652 330 551 1653 331 551 1654 325 551 1655 330 552 1656 325 552 1657 324 552 1658 330 553 1659 324 553 1660 320 553 1661 330 554 1662 320 554 1663 326 554 1664 332 555 1665 326 555 1666 321 555 1667 332 556 1668 321 556 1669 327 556 1670 333 557 1671 327 557 1672 322 557 1673 333 558 1674 322 558 1675 328 558 1676 334 559 1677 329 559 1678 335 559 1679 334 560 1680 328 560 1681 329 560 1682 336 561 1683 337 561 1684 331 561 1685 336 562 1686 331 562 1687 330 562 1688 336 563 1689 326 563 1690 332 563 1691 336 564 1692 330 564 1693 326 564 1694 338 565 1695 327 565 1696 333 565 1697 338 566 1698 332 566 1699 327 566 1700 339 567 1701 333 567 1702 328 567 1703 339 568 1704 328 568 1705 334 568 1706 340 569 1707 335 569 1708 341 569 1709 340 570 1710 334 570 1711 335 570 1712 342 571 1713 343 571 1714 337 571 1715 342 572 1716 337 572 1717 336 572 1718 342 573 1719 336 573 1720 332 573 1721 342 574 1722 332 574 1723 338 574 1724 344 575 1725 333 575 1726 339 575 1727 344 576 1728 338 576 1729 333 576 1730 345 577 1731 334 577 1732 340 577 1733 345 578 1734 339 578 1735 334 578 1736 346 579 1737 340 579 1738 341 579 1739 346 580 1740 341 580 1741 347 580 1742 348 581 1743 349 581 1744 343 581 1745 348 582 1746 342 582 1747 338 582 1748 348 583 1749 338 583 1750 344 583 1751 348 584 1752 343 584 1753 342 584 1754 350 585 1755 339 585 1756 345 585 1757 350 586 1758 344 586 1759 339 586 1760 351 587 1761 345 587 1762 340 587 1763 351 588 1764 340 588 1765 346 588 1766 352 589 1767 346 589 1768 347 589 1769 352 590 1770 347 590 1771 353 590 1772 354 591 1773 355 591 1774 349 591 1775 354 592 1776 349 592 1777 348 592 1778 354 593 1779 348 593 1780 344 593 1781 354 594 1782 344 594 1783 350 594 1784 356 595 1785 345 595 1786 351 595 1787 356 596 1788 350 596 1789 345 596 1790 357 597 1791 346 597 1792 352 597 1793 357 598 1794 351 598 1795 346 598 1796 358 599 1797 352 599 1798 353 599 1799 358 600 1800 353 600 1801 359 600 1802 360 601 1803 361 601 1804 355 601 1805 360 602 1806 355 602 1807 354 602 1808 360 603 1809 354 603 1810 350 603 1811 360 604 1812 350 604 1813 356 604 1814 210 605 1815 351 605 1816 357 605 1817 210 606 1818 356 606 1819 351 606 1820 212 607 1821 357 607 1822 352 607 1823 212 608 1824 352 608 1825 358 608 1826 219 609 1827 358 609 1828 359 609 1829 219 610 1830 359 610 1831 362 610 1832 209 611 1833 363 611 1834 361 611 1835 209 612 1836 361 612 1837 360 612 1838 209 613 1839 360 613 1840 356 613 1841 209 614 1842 356 614 1843 210 614 1844 214 615 1845 210 615 1846 357 615 1847 214 616 1848 357 616 1849 212 616 1850 213 617 1851 212 617 1852 358 617 1853 213 618 1854 358 618 1855 219 618 1856 220 619 1857 362 619 1858 222 619 1859 220 620 1860 219 620 1861 362 620 1862 208 621 1863 226 621 1864 363 621 1865 208 622 1866 210 622 1867 214 622 1868 208 623 1869 363 623 1870 209 623 1871 364 624 1872 365 624 1873 366 624 1874 367 625 1875 368 625 1876 369 625 1877 367 626 1878 370 626 1879 368 626 1880 367 627 1881 369 627 1882 371 627 1883 364 628 1884 366 628 1885 372 628 1886 364 629 1887 373 629 1888 374 629 1889 364 630 1890 372 630 1891 373 630 1892 375 631 1893 376 631 1894 377 631 1895 375 632 1896 377 632 1897 378 632 1898 379 633 1899 380 633 1900 381 633 1901 382 634 1902 367 634 1903 371 634 1904 382 635 1905 383 635 1906 384 635 1907 379 636 1908 381 636 1909 385 636 1910 386 637 1911 364 637 1912 374 637 1913 382 638 1914 384 638 1915 367 638 1916 386 639 1917 374 639 1918 380 639 1919 382 640 1920 371 640 1921 376 640 1922 386 641 1923 387 641 1924 365 641 1925 386 642 1926 365 642 1927 364 642 1928 388 643 1929 379 643 1930 385 643 1931 389 644 1932 378 644 1933 390 644 1934 389 645 1935 375 645 1936 378 645 1937 391 646 1938 383 646 1939 382 646 1940 391 647 1941 392 647 1942 383 647 1943 388 648 1944 385 648 1945 393 648 1946 394 649 1947 386 649 1948 380 649 1949 391 650 1950 376 650 1951 375 650 1952 394 651 1953 387 651 1954 386 651 1955 394 652 1956 395 652 1957 387 652 1958 391 653 1959 382 653 1960 376 653 1961 394 654 1962 380 654 1963 379 654 1964 396 655 1965 388 655 1966 393 655 1967 397 656 1968 390 656 1969 398 656 1970 397 657 1971 389 657 1972 390 657 1973 399 658 1974 400 658 1975 392 658 1976 396 659 1977 393 659 1978 401 659 1979 399 660 1980 375 660 1981 389 660 1982 402 661 1983 379 661 1984 388 661 1985 399 662 1986 391 662 1987 375 662 1988 399 663 1989 392 663 1990 391 663 1991 402 664 1992 395 664 1993 394 664 1994 402 665 1995 403 665 1996 395 665 1997 402 666 1998 394 666 1999 379 666 2000 404 667 2001 396 667 2002 401 667 2003 405 668 2004 398 668 2005 406 668 2006 405 669 2007 397 669 2008 398 669 2009 407 670 2010 399 670 2011 389 670 2012 404 671 2013 401 671 2014 408 671 2015 407 672 2016 409 672 2017 400 672 2018 410 673 2019 388 673 2020 396 673 2021 410 674 2022 411 674 2023 403 674 2024 407 675 2025 400 675 2026 399 675 2027 410 676 2028 403 676 2029 402 676 2030 407 677 2031 389 677 2032 397 677 2033 410 678 2034 402 678 2035 388 678 2036 412 679 2037 406 679 2038 413 679 2039 412 680 2040 405 680 2041 406 680 2042 414 681 2043 404 681 2044 408 681 2045 415 682 2046 397 682 2047 405 682 2048 415 683 2049 416 683 2050 409 683 2051 414 684 2052 408 684 2053 417 684 2054 418 685 2055 410 685 2056 396 685 2057 415 686 2058 407 686 2059 397 686 2060 418 687 2061 396 687 2062 404 687 2063 418 688 2064 419 688 2065 411 688 2066 415 689 2067 409 689 2068 407 689 2069 418 690 2070 411 690 2071 410 690 2072 420 691 2073 414 691 2074 417 691 2075 421 692 2076 413 692 2077 422 692 2078 421 693 2079 412 693 2080 413 693 2081 423 694 2082 424 694 2083 416 694 2084 420 695 2085 417 695 2086 425 695 2087 423 696 2088 405 696 2089 412 696 2090 426 697 2091 427 697 2092 419 697 2093 423 698 2094 415 698 2095 405 698 2096 423 699 2097 416 699 2098 415 699 2099 426 700 2100 404 700 2101 414 700 2102 426 701 2103 419 701 2104 418 701 2105 428 702 2106 421 702 2107 422 702 2108 426 703 2109 418 703 2110 404 703 2111 428 704 2112 422 704 2113 429 704 2114 430 705 2115 420 705 2116 425 705 2117 431 706 2118 412 706 2119 421 706 2120 431 707 2121 423 707 2122 412 707 2123 430 708 2124 425 708 2125 432 708 2126 431 709 2127 433 709 2128 424 709 2129 434 710 2130 435 710 2131 427 710 2132 431 711 2133 424 711 2134 423 711 2135 434 712 2136 426 712 2137 414 712 2138 434 713 2139 414 713 2140 420 713 2141 436 714 2142 429 714 2143 437 714 2144 434 715 2145 427 715 2146 426 715 2147 438 716 2148 430 716 2149 432 716 2150 436 717 2151 428 717 2152 429 717 2153 439 718 2154 440 718 2155 433 718 2156 438 719 2157 432 719 2158 441 719 2159 439 720 2160 433 720 2161 431 720 2162 439 721 2163 421 721 2164 428 721 2165 442 722 2166 443 722 2167 435 722 2168 439 723 2169 431 723 2170 421 723 2171 442 724 2172 434 724 2173 420 724 2174 442 725 2175 435 725 2176 434 725 2177 444 726 2178 437 726 2179 445 726 2180 442 727 2181 420 727 2182 430 727 2183 444 728 2184 436 728 2185 437 728 2186 446 729 2187 447 729 2188 448 729 2189 446 730 2190 441 730 2191 447 730 2192 449 731 2193 450 731 2194 448 731 2195 446 732 2196 448 732 2197 450 732 2198 451 733 2199 452 733 2200 440 733 2201 449 734 2202 448 734 2203 453 734 2204 446 735 2205 438 735 2206 441 735 2207 454 736 2208 455 736 2209 443 736 2210 451 737 2211 428 737 2212 436 737 2213 454 738 2214 442 738 2215 430 738 2216 451 739 2217 440 739 2218 439 739 2219 454 740 2220 443 740 2221 442 740 2222 451 741 2223 439 741 2224 428 741 2225 454 742 2226 430 742 2227 438 742 2228 369 743 2229 453 743 2230 456 743 2231 369 744 2232 449 744 2233 453 744 2234 457 745 2235 458 745 2236 455 745 2237 373 746 2238 444 746 2239 445 746 2240 457 747 2241 459 747 2242 458 747 2243 457 748 2244 455 748 2245 454 748 2246 460 749 2247 461 749 2248 459 749 2249 457 750 2250 438 750 2251 446 750 2252 457 751 2253 446 751 2254 450 751 2255 373 752 2256 445 752 2257 462 752 2258 457 753 2259 463 753 2260 459 753 2261 460 754 2262 459 754 2263 463 754 2264 457 755 2265 454 755 2266 438 755 2267 464 756 2268 465 756 2269 452 756 2270 460 757 2271 463 757 2272 450 757 2273 457 758 2274 450 758 2275 463 758 2276 460 759 2277 450 759 2278 449 759 2279 464 760 2280 452 760 2281 451 760 2282 464 761 2283 436 761 2284 444 761 2285 464 762 2286 451 762 2287 436 762 2288 371 763 2289 456 763 2290 466 763 2291 371 764 2292 369 764 2293 456 764 2294 368 765 2295 370 765 2296 461 765 2297 374 766 2298 462 766 2299 467 766 2300 374 767 2301 373 767 2302 462 767 2303 368 768 2304 449 768 2305 369 768 2306 372 769 2307 465 769 2308 464 769 2309 368 770 2310 461 770 2311 460 770 2312 372 771 2313 366 771 2314 465 771 2315 368 772 2316 460 772 2317 449 772 2318 372 773 2319 444 773 2320 373 773 2321 372 774 2322 464 774 2323 444 774 2324 376 775 2325 466 775 2326 377 775 2327 376 776 2328 371 776 2329 466 776 2330 380 777 2331 467 777 2332 381 777 2333 367 778 2334 384 778 2335 370 778 2336 380 779 2337 374 779 2338 467 779 2339 247 780 2340 447 780 2341 441 780 2342 247 781 2343 248 781 2344 447 781 2345 243 782 2346 247 782 2347 441 782 2348 243 783 2349 441 783 2350 432 783 2351 238 784 2352 243 784 2353 432 784 2354 238 785 2355 432 785 2356 425 785 2357 325 786 2358 331 786 2359 445 786 2360 232 787 2361 238 787 2362 425 787 2363 325 788 2364 445 788 2365 437 788 2366 325 789 2367 437 789 2368 429 789 2369 225 790 2370 232 790 2371 425 790 2372 319 791 2373 429 791 2374 422 791 2375 225 792 2376 425 792 2377 417 792 2378 225 793 2379 417 793 2380 408 793 2381 319 794 2382 325 794 2383 429 794 2384 226 795 2385 225 795 2386 408 795 2387 313 796 2388 422 796 2389 413 796 2390 226 797 2391 408 797 2392 401 797 2393 313 798 2394 319 798 2395 422 798 2396 363 799 2397 226 799 2398 401 799 2399 307 800 2400 413 800 2401 406 800 2402 363 801 2403 401 801 2404 393 801 2405 307 802 2406 313 802 2407 413 802 2408 361 803 2409 363 803 2410 393 803 2411 301 804 2412 406 804 2413 398 804 2414 361 805 2415 393 805 2416 385 805 2417 301 806 2418 307 806 2419 406 806 2420 355 807 2421 361 807 2422 385 807 2423 355 808 2424 385 808 2425 381 808 2426 295 809 2427 398 809 2428 390 809 2429 349 810 2430 381 810 2431 467 810 2432 295 811 2433 301 811 2434 398 811 2435 349 812 2436 355 812 2437 381 812 2438 343 813 2439 467 813 2440 462 813 2441 289 814 2442 390 814 2443 378 814 2444 343 815 2445 349 815 2446 467 815 2447 337 816 2448 343 816 2449 462 816 2450 337 817 2451 462 817 2452 445 817 2453 289 818 2454 295 818 2455 390 818 2456 331 819 2457 337 819 2458 445 819 2459 283 820 2460 378 820 2461 377 820 2462 283 821 2463 289 821 2464 378 821 2465 277 822 2466 377 822 2467 466 822 2468 277 823 2469 283 823 2470 377 823 2471 271 824 2472 277 824 2473 466 824 2474 271 825 2475 466 825 2476 456 825 2477 265 826 2478 271 826 2479 456 826 2480 265 827 2481 456 827 2482 453 827 2483 259 828 2484 265 828 2485 453 828 2486 248 829 2487 259 829 2488 453 829 2489 248 830 2490 453 830 2491 448 830 2492 248 831 2493 448 831 2494 447 831 2495 31 832 2496 359 832 2497 353 832 2498 39 832 2499 31 832 2500 353 832 2501 39 833 2502 353 833 2503 347 833 2504 61 834 2505 317 834 2506 311 834 2507 47 833 2508 39 833 2509 347 833 2510 47 835 2511 347 835 2512 341 835 2513 70 836 2514 311 836 2515 305 836 2516 70 837 2517 61 837 2518 311 837 2519 55 838 2520 47 838 2521 341 838 2522 55 839 2523 341 839 2524 335 839 2525 92 840 2526 305 840 2527 299 840 2528 66 841 2529 55 841 2530 335 841 2531 92 836 2532 70 836 2533 305 836 2534 66 842 2535 335 842 2536 329 842 2537 106 843 2538 299 843 2539 293 843 2540 84 844 2541 329 844 2542 323 844 2543 106 845 2544 92 845 2545 299 845 2546 84 846 2547 66 846 2548 329 846 2549 60 847 2550 323 847 2551 317 847 2552 60 848 2553 84 848 2554 323 848 2555 119 849 2556 293 849 2557 287 849 2558 119 850 2559 106 850 2560 293 850 2561 61 851 2562 60 851 2563 317 851 2564 127 852 2565 287 852 2566 281 852 2567 127 853 2568 119 853 2569 287 853 2570 135 854 2571 281 854 2572 275 854 2573 135 852 2574 127 852 2575 281 852 2576 143 855 2577 275 855 2578 269 855 2579 143 854 2580 135 854 2581 275 854 2582 151 856 2583 269 856 2584 263 856 2585 151 855 2586 143 855 2587 269 855 2588 159 857 2589 263 857 2590 257 857 2591 159 858 2592 151 858 2593 263 858 2594 167 859 2595 257 859 2596 253 859 2597 167 860 2598 159 860 2599 257 860 2600 175 861 2601 167 861 2602 253 861 2603 175 862 2604 253 862 2605 215 862 2606 183 863 2607 175 863 2608 215 863 2609 183 864 2610 215 864 2611 217 864 2612 191 865 2613 183 865 2614 217 865 2615 191 866 2616 217 866 2617 236 866 2618 199 867 2619 191 867 2620 236 867 2621 199 868 2622 236 868 2623 230 868 2624 207 869 2625 199 869 2626 230 869 2627 207 870 2628 230 870 2629 223 870 2630 13 871 2631 207 871 2632 223 871 2633 13 872 2634 223 872 2635 222 872 2636 14 873 2637 13 873 2638 222 873 2639 14 874 2640 222 874 2641 362 874 2642 23 875 2643 14 875 2644 362 875 2645 23 876 2646 362 876 2647 359 876 2648 31 876 2649 23 876 2650 359 876 2651 468 877 2652 469 877 2653 470 877 2654 470 878 2655 469 878 2656 471 878 2657 469 879 2658 472 879 2659 471 879 2660 471 879 2661 472 879 2662 473 879 2663 474 880 2664 475 880 2665 476 880 2666 472 854 2667 477 854 2668 473 854 2669 473 854 2670 477 854 2671 478 854 2672 475 881 2673 479 881 2674 476 881 2675 477 882 2676 480 882 2677 478 882 2678 478 883 2679 480 883 2680 481 883 2681 476 884 2682 482 884 2683 483 884 2684 483 885 2685 482 885 2686 484 885 2687 479 886 2688 482 886 2689 476 886 2690 480 887 2691 485 887 2692 481 887 2693 481 888 2694 485 888 2695 486 888 2696 482 889 2697 487 889 2698 484 889 2699 485 890 2700 488 890 2701 486 890 2702 486 891 2703 488 891 2704 489 891 2705 484 892 2706 490 892 2707 491 892 2708 491 893 2709 490 893 2710 492 893 2711 487 894 2712 490 894 2713 484 894 2714 489 895 2715 493 895 2716 494 895 2717 488 896 2718 493 896 2719 489 896 2720 492 897 2721 495 897 2722 496 897 2723 490 898 2724 495 898 2725 492 898 2726 494 899 2727 497 899 2728 498 899 2729 493 900 2730 497 900 2731 494 900 2732 497 901 2733 475 901 2734 498 901 2735 498 902 2736 475 902 2737 474 902 2738 495 903 2739 499 903 2740 496 903 2741 496 832 2742 500 832 2743 501 832 2744 501 904 2745 500 904 2746 502 904 2747 499 832 2748 500 832 2749 496 832 2750 502 905 2751 503 905 2752 504 905 2753 500 904 2754 503 904 2755 502 904 2756 504 906 2757 505 906 2758 506 906 2759 503 907 2760 505 907 2761 504 907 2762 505 908 2763 507 908 2764 506 908 2765 507 909 2766 508 909 2767 506 909 2768 506 909 2769 508 909 2770 509 909 2771 508 910 2772 510 910 2773 509 910 2774 509 911 2775 510 911 2776 511 911 2777 510 912 2778 512 912 2779 511 912 2780 511 913 2781 512 913 2782 513 913 2783 512 914 2784 514 914 2785 513 914 2786 513 915 2787 514 915 2788 515 915 2789 514 916 2790 516 916 2791 515 916 2792 515 917 2793 516 917 2794 517 917 2795 516 918 2796 518 918 2797 517 918 2798 517 919 2799 518 919 2800 519 919 2801 518 920 2802 468 920 2803 519 920 2804 519 920 2805 468 920 2806 470 920 2807 189 921 2808 510 921 2809 508 921 2810 189 921 2811 508 921 2812 181 921 2813 477 922 2814 53 922 2815 480 922 2816 490 923 2817 117 923 2818 125 923 2819 490 921 2820 487 921 2821 117 921 2822 45 924 2823 53 924 2824 477 924 2825 482 921 2826 103 921 2827 117 921 2828 472 921 2829 45 921 2830 477 921 2831 482 925 2832 117 925 2833 487 925 2834 495 921 2835 125 921 2836 133 921 2837 197 926 2838 510 926 2839 189 926 2840 495 921 2841 490 921 2842 125 921 2843 197 921 2844 512 921 2845 510 921 2846 479 921 2847 87 921 2848 103 921 2849 479 927 2850 103 927 2851 482 927 2852 37 921 2853 45 921 2854 472 921 2855 499 928 2856 133 928 2857 141 928 2858 499 921 2859 495 921 2860 133 921 2861 149 921 2862 499 921 2863 141 921 2864 475 921 2865 88 921 2866 87 921 2867 475 929 2868 87 929 2869 479 929 2870 205 921 2871 512 921 2872 197 921 2873 205 930 2874 514 930 2875 512 930 2876 500 921 2877 499 921 2878 149 921 2879 205 921 2880 516 921 2881 514 921 2882 497 931 2883 114 931 2884 88 931 2885 497 921 2886 88 921 2887 475 921 2888 29 932 2889 37 932 2890 472 932 2891 29 933 2892 472 933 2893 469 933 2894 503 934 2895 149 934 2896 157 934 2897 10 935 2898 516 935 2899 205 935 2900 10 936 2901 518 936 2902 516 936 2903 503 921 2904 500 921 2905 149 921 2906 21 925 2907 469 925 2908 468 925 2909 21 921 2910 29 921 2911 469 921 2912 9 921 2913 468 921 2914 518 921 2915 9 921 2916 21 921 2917 468 921 2918 493 921 2919 98 921 2920 114 921 2921 9 937 2922 518 937 2923 10 937 2924 493 938 2925 114 938 2926 497 938 2927 505 939 2928 157 939 2929 165 939 2930 505 921 2931 503 921 2932 157 921 2933 488 921 2934 78 921 2935 98 921 2936 488 940 2937 98 940 2938 493 940 2939 173 921 2940 507 921 2941 505 921 2942 173 921 2943 505 921 2944 165 921 2945 64 941 2946 78 941 2947 488 941 2948 64 942 2949 488 942 2950 485 942 2951 181 924 2952 507 924 2953 173 924 2954 181 921 2955 508 921 2956 507 921 2957 53 921 2958 64 921 2959 485 921 2960 53 943 2961 485 943 2962 480 943 2963 387 944 2964 433 944 2965 440 944 2966 387 945 2967 440 945 2968 452 945 2969 387 946 2970 452 946 2971 465 946 2972 387 947 2973 465 947 2974 366 947 2975 387 948 2976 366 948 2977 365 948 2978 387 949 2979 411 949 2980 409 949 2981 387 950 2982 395 950 2983 411 950 2984 455 949 2985 458 949 2986 459 949 2987 435 951 2988 459 951 2989 461 951 2990 435 952 2991 461 952 2992 370 952 2993 435 953 2994 370 953 2995 384 953 2996 435 954 2997 384 954 2998 383 954 2999 435 949 3000 443 949 3001 455 949 3002 435 949 3003 455 949 3004 459 949 3005 419 955 3006 383 955 3007 392 955 3008 419 956 3009 427 956 3010 435 956 3011 419 949 3012 435 949 3013 383 949 3014 411 957 3015 392 957 3016 400 957 3017 411 949 3018 400 949 3019 409 949 3020 411 949 3021 419 949 3022 392 949 3023 395 958 3024 403 958 3025 411 958 3026 387 959 3027 409 959 3028 416 959 3029 387 960 3030 416 960 3031 424 960 3032 387 961 3033 424 961 3034 433 961 3035 484 921 3036 476 921 3037 483 921 3038 491 921 3039 476 921 3040 484 921 3041 476 962 3042 494 962 3043 474 962 3044 474 963 3045 494 963 3046 498 963 3047 502 921 3048 506 921 3049 501 921 3050 504 921 3051 506 921 3052 502 921 3053 496 921 3054 509 921 3055 492 921 3056 501 921 3057 509 921 3058 496 921 3059 506 921 3060 509 921 3061 501 921 3062 492 921 3063 481 921 3064 491 921 3065 489 921 3066 481 921 3067 486 921 3068 494 921 3069 481 921 3070 489 921 3071 476 921 3072 481 921 3073 494 921 3074 491 921 3075 481 921 3076 476 921 3077 513 921 3078 515 921 3079 511 921 3080 478 921 3081 471 921 3082 473 921 3083 511 964 3084 470 964 3085 509 964 3086 517 921 3087 470 921 3088 515 921 3089 481 921 3090 470 921 3091 478 921 3092 492 965 3093 470 965 3094 481 965 3095 509 921 3096 470 921 3097 492 921 3098 478 921 3099 470 921 3100 471 921 3101 515 921 3102 470 921 3103 511 921 3104 517 966 3105 519 966 3106 470 966 3107 520 967 3108 521 967 3109 522 967 3110 520 968 3111 522 968 3112 523 968 3113 524 969 3114 525 969 3115 521 969 3116 524 970 3117 521 970 3118 520 970 3119 526 971 3120 525 971 3121 524 971 3122 526 972 3123 527 972 3124 525 972 3125 528 973 3126 527 973 3127 526 973 3128 528 974 3129 529 974 3130 530 974 3131 528 975 3132 530 975 3133 531 975 3134 528 976 3135 531 976 3136 527 976 3137 532 977 3138 533 977 3139 534 977 3140 532 978 3141 535 978 3142 533 978 3143 536 979 3144 535 979 3145 532 979 3146 536 980 3147 523 980 3148 535 980 3149 537 981 3150 523 981 3151 536 981 3152 537 982 3153 520 982 3154 523 982 3155 538 983 3156 520 983 3157 537 983 3158 538 984 3159 524 984 3160 520 984 3161 539 985 3162 524 985 3163 538 985 3164 539 986 3165 526 986 3166 524 986 3167 540 987 3168 528 987 3169 526 987 3170 540 988 3171 529 988 3172 528 988 3173 540 989 3174 541 989 3175 529 989 3176 540 990 3177 526 990 3178 539 990 3179 542 991 3180 534 991 3181 543 991 3182 542 992 3183 532 992 3184 534 992 3185 544 993 3186 536 993 3187 532 993 3188 544 994 3189 532 994 3190 542 994 3191 545 995 3192 536 995 3193 544 995 3194 545 996 3195 537 996 3196 536 996 3197 546 997 3198 537 997 3199 545 997 3200 546 998 3201 538 998 3202 537 998 3203 547 999 3204 538 999 3205 546 999 3206 547 1000 3207 539 1000 3208 538 1000 3209 548 1001 3210 549 1001 3211 541 1001 3212 548 1002 3213 541 1002 3214 540 1002 3215 548 1003 3216 540 1003 3217 539 1003 3218 548 1004 3219 539 1004 3220 547 1004 3221 550 1005 3222 543 1005 3223 551 1005 3224 550 1006 3225 542 1006 3226 543 1006 3227 552 1007 3228 544 1007 3229 542 1007 3230 552 1008 3231 542 1008 3232 550 1008 3233 553 1009 3234 544 1009 3235 552 1009 3236 553 1010 3237 545 1010 3238 544 1010 3239 554 1011 3240 546 1011 3241 545 1011 3242 554 1012 3243 545 1012 3244 553 1012 3245 555 1013 3246 546 1013 3247 554 1013 3248 555 1014 3249 547 1014 3250 546 1014 3251 556 1015 3252 557 1015 3253 549 1015 3254 556 1016 3255 549 1016 3256 548 1016 3257 556 1017 3258 548 1017 3259 547 1017 3260 556 1018 3261 547 1018 3262 555 1018 3263 558 1019 3264 551 1019 3265 559 1019 3266 558 1020 3267 550 1020 3268 551 1020 3269 560 1021 3270 552 1021 3271 550 1021 3272 560 1022 3273 550 1022 3274 558 1022 3275 561 1023 3276 552 1023 3277 560 1023 3278 561 1024 3279 553 1024 3280 552 1024 3281 562 1025 3282 554 1025 3283 553 1025 3284 562 1026 3285 553 1026 3286 561 1026 3287 563 1027 3288 555 1027 3289 554 1027 3290 563 1028 3291 554 1028 3292 562 1028 3293 564 1029 3294 565 1029 3295 557 1029 3296 564 1030 3297 557 1030 3298 556 1030 3299 564 1031 3300 556 1031 3301 555 1031 3302 564 1032 3303 555 1032 3304 563 1032 3305 566 1033 3306 559 1033 3307 567 1033 3308 566 1034 3309 558 1034 3310 559 1034 3311 568 1035 3312 560 1035 3313 558 1035 3314 568 1036 3315 558 1036 3316 566 1036 3317 569 1037 3318 560 1037 3319 568 1037 3320 569 1038 3321 561 1038 3322 560 1038 3323 570 1039 3324 562 1039 3325 561 1039 3326 570 1040 3327 561 1040 3328 569 1040 3329 571 1041 3330 563 1041 3331 562 1041 3332 571 1042 3333 562 1042 3334 570 1042 3335 572 1043 3336 573 1043 3337 565 1043 3338 572 1044 3339 565 1044 3340 564 1044 3341 572 1045 3342 564 1045 3343 563 1045 3344 572 1046 3345 563 1046 3346 571 1046 3347 574 1047 3348 567 1047 3349 575 1047 3350 574 1048 3351 566 1048 3352 567 1048 3353 576 1049 3354 566 1049 3355 574 1049 3356 576 1050 3357 568 1050 3358 566 1050 3359 577 1051 3360 568 1051 3361 576 1051 3362 577 1052 3363 569 1052 3364 568 1052 3365 578 1053 3366 569 1053 3367 577 1053 3368 579 1054 3369 580 1054 3370 581 1054 3371 578 1055 3372 570 1055 3373 569 1055 3374 582 1056 3375 570 1056 3376 578 1056 3377 582 1057 3378 571 1057 3379 570 1057 3380 583 1058 3381 572 1058 3382 571 1058 3383 583 1059 3384 571 1059 3385 582 1059 3386 583 1060 3387 584 1060 3388 573 1060 3389 583 1061 3390 573 1061 3391 572 1061 3392 585 1062 3393 575 1062 3394 586 1062 3395 585 1063 3396 574 1063 3397 575 1063 3398 587 1064 3399 576 1064 3400 574 1064 3401 587 1065 3402 574 1065 3403 585 1065 3404 588 1066 3405 577 1066 3406 576 1066 3407 589 1067 3408 579 1067 3409 581 1067 3410 589 1068 3411 581 1068 3412 590 1068 3413 588 1069 3414 576 1069 3415 587 1069 3416 591 1070 3417 578 1070 3418 577 1070 3419 592 1071 3420 579 1071 3421 589 1071 3422 591 1072 3423 577 1072 3424 588 1072 3425 592 1073 3426 593 1073 3427 579 1073 3428 594 1074 3429 582 1074 3430 578 1074 3431 594 1075 3432 578 1075 3433 591 1075 3434 595 1076 3435 596 1076 3436 593 1076 3437 597 1077 3438 584 1077 3439 583 1077 3440 595 1078 3441 593 1078 3442 592 1078 3443 597 1079 3444 598 1079 3445 584 1079 3446 597 1080 3447 582 1080 3448 594 1080 3449 597 1081 3450 583 1081 3451 582 1081 3452 599 1082 3453 600 1082 3454 596 1082 3455 601 1083 3456 585 1083 3457 586 1083 3458 599 1084 3459 596 1084 3460 595 1084 3461 602 1085 3462 603 1085 3463 600 1085 3464 601 1086 3465 586 1086 3466 604 1086 3467 602 1087 3468 600 1087 3469 599 1087 3470 605 1088 3471 587 1088 3472 585 1088 3473 606 1089 3474 607 1089 3475 608 1089 3476 605 1090 3477 585 1090 3478 601 1090 3479 606 1091 3480 608 1091 3481 609 1091 3482 606 1092 3483 609 1092 3484 603 1092 3485 606 1093 3486 603 1093 3487 602 1093 3488 610 1094 3489 589 1094 3490 590 1094 3491 611 1095 3492 588 1095 3493 587 1095 3494 610 1096 3495 590 1096 3496 612 1096 3497 611 1097 3498 587 1097 3499 605 1097 3500 613 1098 3501 589 1098 3502 610 1098 3503 614 1099 3504 591 1099 3505 588 1099 3506 613 1100 3507 592 1100 3508 589 1100 3509 614 1101 3510 588 1101 3511 611 1101 3512 615 1102 3513 594 1102 3514 591 1102 3515 615 1103 3516 591 1103 3517 614 1103 3518 616 1104 3519 595 1104 3520 592 1104 3521 617 1105 3522 598 1105 3523 597 1105 3524 616 1106 3525 592 1106 3526 613 1106 3527 617 1107 3528 618 1107 3529 598 1107 3530 617 1108 3531 597 1108 3532 594 1108 3533 617 1109 3534 594 1109 3535 615 1109 3536 619 1110 3537 595 1110 3538 616 1110 3539 620 1111 3540 604 1111 3541 580 1111 3542 619 1112 3543 599 1112 3544 595 1112 3545 620 1113 3546 601 1113 3547 604 1113 3548 621 1114 3549 602 1114 3550 599 1114 3551 621 1115 3552 599 1115 3553 619 1115 3554 620 1116 3555 580 1116 3556 579 1116 3557 622 1117 3558 623 1117 3559 607 1117 3560 624 1118 3561 605 1118 3562 601 1118 3563 622 1119 3564 606 1119 3565 602 1119 3566 622 1120 3567 607 1120 3568 606 1120 3569 622 1121 3570 602 1121 3571 621 1121 3572 624 1122 3573 601 1122 3574 620 1122 3575 625 1123 3576 610 1123 3577 612 1123 3578 624 1124 3579 620 1124 3580 579 1124 3581 625 1125 3582 612 1125 3583 626 1125 3584 624 1126 3585 579 1126 3586 593 1126 3587 627 1127 3588 611 1127 3589 605 1127 3590 627 1128 3591 605 1128 3592 624 1128 3593 628 1129 3594 610 1129 3595 625 1129 3596 627 1130 3597 624 1130 3598 593 1130 3599 627 1131 3600 593 1131 3601 596 1131 3602 628 1132 3603 613 1132 3604 610 1132 3605 629 1133 3606 614 1133 3607 611 1133 3608 630 1134 3609 613 1134 3610 628 1134 3611 629 1135 3612 611 1135 3613 627 1135 3614 630 1136 3615 616 1136 3616 613 1136 3617 629 1137 3618 596 1137 3619 600 1137 3620 629 1138 3621 627 1138 3622 596 1138 3623 631 1139 3624 615 1139 3625 614 1139 3626 632 1140 3627 616 1140 3628 630 1140 3629 631 1141 3630 600 1141 3631 603 1141 3632 631 1142 3633 614 1142 3634 629 1142 3635 631 1143 3636 629 1143 3637 600 1143 3638 632 1144 3639 619 1144 3640 616 1144 3641 633 1145 3642 634 1145 3643 618 1145 3644 633 1146 3645 608 1146 3646 634 1146 3647 633 1147 3648 618 1147 3649 617 1147 3650 633 1148 3651 617 1148 3652 615 1148 3653 635 1149 3654 621 1149 3655 619 1149 3656 633 1150 3657 631 1150 3658 603 1150 3659 635 1151 3660 619 1151 3661 632 1151 3662 633 1152 3663 609 1152 3664 608 1152 3665 636 1153 3666 637 1153 3667 623 1153 3668 633 1154 3669 603 1154 3670 609 1154 3671 633 1155 3672 615 1155 3673 631 1155 3674 636 1156 3675 623 1156 3676 622 1156 3677 636 1157 3678 622 1157 3679 621 1157 3680 636 1158 3681 621 1158 3682 635 1158 3683 638 1159 3684 626 1159 3685 639 1159 3686 638 1160 3687 625 1160 3688 626 1160 3689 640 1161 3690 628 1161 3691 625 1161 3692 640 1162 3693 625 1162 3694 638 1162 3695 641 1163 3696 630 1163 3697 628 1163 3698 641 1164 3699 628 1164 3700 640 1164 3701 642 1165 3702 632 1165 3703 630 1165 3704 642 1166 3705 630 1166 3706 641 1166 3707 643 1167 3708 635 1167 3709 632 1167 3710 643 1168 3711 632 1168 3712 642 1168 3713 644 1169 3714 645 1169 3715 637 1169 3716 644 1170 3717 635 1170 3718 643 1170 3719 644 1171 3720 636 1171 3721 635 1171 3722 644 1172 3723 637 1172 3724 636 1172 3725 646 1173 3726 639 1173 3727 647 1173 3728 646 1174 3729 638 1174 3730 639 1174 3731 648 1175 3732 638 1175 3733 646 1175 3734 648 1176 3735 640 1176 3736 638 1176 3737 649 1177 3738 640 1177 3739 648 1177 3740 649 1178 3741 641 1178 3742 640 1178 3743 650 1179 3744 641 1179 3745 649 1179 3746 650 1180 3747 642 1180 3748 641 1180 3749 651 1181 3750 642 1181 3751 650 1181 3752 651 1182 3753 643 1182 3754 642 1182 3755 652 1183 3756 653 1183 3757 645 1183 3758 652 1184 3759 643 1184 3760 651 1184 3761 652 1185 3762 645 1185 3763 644 1185 3764 652 1186 3765 644 1186 3766 643 1186 3767 654 1187 3768 646 1187 3769 647 1187 3770 654 1188 3771 647 1188 3772 655 1188 3773 656 1189 3774 648 1189 3775 646 1189 3776 656 1190 3777 646 1190 3778 654 1190 3779 657 1191 3780 648 1191 3781 656 1191 3782 657 1192 3783 649 1192 3784 648 1192 3785 658 1193 3786 649 1193 3787 657 1193 3788 658 1194 3789 650 1194 3790 649 1194 3791 659 1195 3792 651 1195 3793 650 1195 3794 659 1196 3795 650 1196 3796 658 1196 3797 660 1197 3798 661 1197 3799 653 1197 3800 660 1198 3801 653 1198 3802 652 1198 3803 660 1199 3804 652 1199 3805 651 1199 3806 660 1200 3807 651 1200 3808 659 1200 3809 662 1201 3810 654 1201 3811 655 1201 3812 662 1202 3813 655 1202 3814 663 1202 3815 664 1203 3816 656 1203 3817 654 1203 3818 664 1204 3819 654 1204 3820 662 1204 3821 665 1205 3822 656 1205 3823 664 1205 3824 665 1206 3825 657 1206 3826 656 1206 3827 666 1207 3828 658 1207 3829 657 1207 3830 666 1208 3831 657 1208 3832 665 1208 3833 667 1209 3834 658 1209 3835 666 1209 3836 667 1210 3837 659 1210 3838 658 1210 3839 668 1211 3840 669 1211 3841 661 1211 3842 668 1212 3843 661 1212 3844 660 1212 3845 668 1213 3846 660 1213 3847 659 1213 3848 668 1214 3849 659 1214 3850 667 1214 3851 670 1215 3852 662 1215 3853 663 1215 3854 670 1216 3855 663 1216 3856 671 1216 3857 672 1217 3858 662 1217 3859 670 1217 3860 672 1218 3861 664 1218 3862 662 1218 3863 673 1219 3864 665 1219 3865 664 1219 3866 673 1220 3867 664 1220 3868 672 1220 3869 674 1221 3870 666 1221 3871 665 1221 3872 674 1222 3873 665 1222 3874 673 1222 3875 675 1223 3876 667 1223 3877 666 1223 3878 675 1224 3879 666 1224 3880 674 1224 3881 676 1225 3882 677 1225 3883 669 1225 3884 676 1226 3885 669 1226 3886 668 1226 3887 676 1227 3888 668 1227 3889 667 1227 3890 676 1228 3891 667 1228 3892 675 1228 3893 678 1229 3894 671 1229 3895 679 1229 3896 678 1230 3897 670 1230 3898 671 1230 3899 680 1231 3900 672 1231 3901 670 1231 3902 680 1232 3903 670 1232 3904 678 1232 3905 681 1233 3906 673 1233 3907 672 1233 3908 681 1234 3909 672 1234 3910 680 1234 3911 682 1235 3912 674 1235 3913 673 1235 3914 682 1236 3915 673 1236 3916 681 1236 3917 683 1237 3918 675 1237 3919 674 1237 3920 683 1238 3921 674 1238 3922 682 1238 3923 684 1239 3924 685 1239 3925 677 1239 3926 684 1240 3927 677 1240 3928 676 1240 3929 684 1241 3930 676 1241 3931 675 1241 3932 684 1242 3933 675 1242 3934 683 1242 3935 686 1243 3936 678 1243 3937 679 1243 3938 686 1244 3939 679 1244 3940 687 1244 3941 688 1245 3942 680 1245 3943 678 1245 3944 688 1246 3945 678 1246 3946 686 1246 3947 689 1247 3948 681 1247 3949 680 1247 3950 689 1248 3951 680 1248 3952 688 1248 3953 690 1249 3954 682 1249 3955 681 1249 3956 690 1250 3957 681 1250 3958 689 1250 3959 691 1251 3960 682 1251 3961 690 1251 3962 691 1252 3963 683 1252 3964 682 1252 3965 692 1253 3966 683 1253 3967 691 1253 3968 692 1254 3969 693 1254 3970 685 1254 3971 692 1255 3972 685 1255 3973 684 1255 3974 692 1256 3975 684 1256 3976 683 1256 3977 694 1257 3978 687 1257 3979 695 1257 3980 694 1258 3981 686 1258 3982 687 1258 3983 696 1259 3984 686 1259 3985 694 1259 3986 696 1260 3987 688 1260 3988 686 1260 3989 697 1261 3990 688 1261 3991 696 1261 3992 697 1262 3993 689 1262 3994 688 1262 3995 698 1263 3996 689 1263 3997 697 1263 3998 698 1264 3999 690 1264 4000 689 1264 4001 699 1265 4002 691 1265 4003 690 1265 4004 699 1266 4005 690 1266 4006 698 1266 4007 700 1267 4008 692 1267 4009 691 1267 4010 700 1268 4011 693 1268 4012 692 1268 4013 700 1269 4014 701 1269 4015 693 1269 4016 700 1270 4017 691 1270 4018 699 1270 4019 702 1271 4020 694 1271 4021 695 1271 4022 702 1272 4023 695 1272 4024 703 1272 4025 704 1273 4026 694 1273 4027 702 1273 4028 704 1274 4029 696 1274 4030 694 1274 4031 705 1275 4032 697 1275 4033 696 1275 4034 705 1276 4035 696 1276 4036 704 1276 4037 706 1277 4038 698 1277 4039 697 1277 4040 706 1278 4041 697 1278 4042 705 1278 4043 707 1279 4044 699 1279 4045 698 1279 4046 707 1280 4047 698 1280 4048 706 1280 4049 708 1281 4050 699 1281 4051 707 1281 4052 708 1282 4053 709 1282 4054 701 1282 4055 708 1283 4056 701 1283 4057 700 1283 4058 708 1284 4059 700 1284 4060 699 1284 4061 710 1285 4062 702 1285 4063 703 1285 4064 710 1286 4065 703 1286 4066 711 1286 4067 712 1287 4068 704 1287 4069 702 1287 4070 712 1288 4071 702 1288 4072 710 1288 4073 713 1289 4074 705 1289 4075 704 1289 4076 713 1290 4077 704 1290 4078 712 1290 4079 714 1291 4080 706 1291 4081 705 1291 4082 714 1292 4083 705 1292 4084 713 1292 4085 715 1293 4086 707 1293 4087 706 1293 4088 715 1294 4089 706 1294 4090 714 1294 4091 716 1295 4092 717 1295 4093 709 1295 4094 716 1296 4095 709 1296 4096 708 1296 4097 716 1297 4098 708 1297 4099 707 1297 4100 716 1298 4101 707 1298 4102 715 1298 4103 718 1299 4104 710 1299 4105 711 1299 4106 718 1300 4107 711 1300 4108 719 1300 4109 720 1301 4110 712 1301 4111 710 1301 4112 720 1302 4113 710 1302 4114 718 1302 4115 721 1303 4116 713 1303 4117 712 1303 4118 721 1304 4119 712 1304 4120 720 1304 4121 722 1305 4122 713 1305 4123 721 1305 4124 722 1306 4125 714 1306 4126 713 1306 4127 723 1307 4128 715 1307 4129 714 1307 4130 723 1308 4131 714 1308 4132 722 1308 4133 724 1309 4134 725 1309 4135 717 1309 4136 724 1310 4137 717 1310 4138 716 1310 4139 724 1311 4140 716 1311 4141 715 1311 4142 724 1312 4143 715 1312 4144 723 1312 4145 726 1313 4146 718 1313 4147 719 1313 4148 726 1314 4149 719 1314 4150 727 1314 4151 522 1315 4152 720 1315 4153 718 1315 4154 522 1316 4155 718 1316 4156 726 1316 4157 521 1317 4158 720 1317 4159 522 1317 4160 521 1318 4161 721 1318 4162 720 1318 4163 525 1319 4164 722 1319 4165 721 1319 4166 525 1320 4167 721 1320 4168 521 1320 4169 527 1321 4170 722 1321 4171 525 1321 4172 527 1322 4173 723 1322 4174 722 1322 4175 531 1323 4176 530 1323 4177 725 1323 4178 531 1324 4179 725 1324 4180 724 1324 4181 531 1325 4182 724 1325 4183 723 1325 4184 531 1326 4185 723 1326 4186 527 1326 4187 535 1327 4188 727 1327 4189 533 1327 4190 535 1328 4191 726 1328 4192 727 1328 4193 523 1329 4194 726 1329 4195 535 1329 4196 523 1330 4197 522 1330 4198 726 1330 4199 728 1331 4200 729 1331 4201 730 1331 4202 731 1332 4203 732 1332 4204 733 1332 4205 731 1333 4206 734 1333 4207 732 1333 4208 735 1334 4209 736 1334 4210 737 1334 4211 738 1335 4212 733 1335 4213 739 1335 4214 738 1336 4215 739 1336 4216 740 1336 4217 741 1337 4218 742 1337 4219 743 1337 4220 741 1338 4221 740 1338 4222 742 1338 4223 744 1339 4224 745 1339 4225 746 1339 4226 744 1340 4227 746 1340 4228 728 1340 4229 744 1341 4230 728 1341 4231 734 1341 4232 744 1342 4233 734 1342 4234 731 1342 4235 747 1343 4236 731 1343 4237 733 1343 4238 747 1344 4239 733 1344 4240 738 1344 4241 748 1345 4242 738 1345 4243 740 1345 4244 748 1346 4245 740 1346 4246 741 1346 4247 749 1347 4248 743 1347 4249 750 1347 4250 749 1348 4251 741 1348 4252 743 1348 4253 751 1349 4254 752 1349 4255 745 1349 4256 751 1350 4257 731 1350 4258 747 1350 4259 751 1351 4260 745 1351 4261 744 1351 4262 751 1352 4263 744 1352 4264 731 1352 4265 753 1353 4266 738 1353 4267 748 1353 4268 753 1354 4269 747 1354 4270 738 1354 4271 754 1355 4272 748 1355 4273 741 1355 4274 754 1356 4275 741 1356 4276 749 1356 4277 755 1357 4278 756 1357 4279 737 1357 4280 755 1358 4281 750 1358 4282 756 1358 4283 755 1359 4284 737 1359 4285 736 1359 4286 755 1360 4287 749 1360 4288 750 1360 4289 757 1361 4290 758 1361 4291 752 1361 4292 757 1362 4293 752 1362 4294 751 1362 4295 757 1363 4296 751 1363 4297 747 1363 4298 757 1364 4299 747 1364 4300 753 1364 4301 759 1365 4302 748 1365 4303 754 1365 4304 759 1366 4305 753 1366 4306 748 1366 4307 760 1367 4308 736 1367 4309 761 1367 4310 760 1368 4311 755 1368 4312 736 1368 4313 760 1369 4314 754 1369 4315 749 1369 4316 760 1370 4317 749 1370 4318 755 1370 4319 762 1371 4320 757 1371 4321 753 1371 4322 762 1372 4323 763 1372 4324 758 1372 4325 762 1373 4326 758 1373 4327 757 1373 4328 762 1374 4329 753 1374 4330 759 1374 4331 764 1375 4332 759 1375 4333 754 1375 4334 764 1376 4335 761 1376 4336 765 1376 4337 764 1377 4338 754 1377 4339 760 1377 4340 764 1378 4341 760 1378 4342 761 1378 4343 766 1379 4344 759 1379 4345 764 1379 4346 766 1380 4347 762 1380 4348 759 1380 4349 766 1381 4350 767 1381 4351 763 1381 4352 766 1382 4353 768 1382 4354 767 1382 4355 766 1383 4356 769 1383 4357 768 1383 4358 766 1384 4359 765 1384 4360 769 1384 4361 766 1385 4362 763 1385 4363 762 1385 4364 766 1386 4365 764 1386 4366 765 1386 4367 770 1387 4368 736 1387 4369 735 1387 4370 771 1388 4371 761 1388 4372 736 1388 4373 771 1389 4374 736 1389 4375 770 1389 4376 772 1390 4377 735 1390 4378 773 1390 4379 772 1391 4380 770 1391 4381 735 1391 4382 774 1392 4383 765 1392 4384 761 1392 4385 774 1393 4386 761 1393 4387 771 1393 4388 775 1394 4389 770 1394 4390 772 1394 4391 775 1395 4392 771 1395 4393 770 1395 4394 776 1396 4395 772 1396 4396 773 1396 4397 776 1397 4398 773 1397 4399 777 1397 4400 778 1398 4401 779 1398 4402 768 1398 4403 778 1399 4404 768 1399 4405 769 1399 4406 778 1400 4407 769 1400 4408 765 1400 4409 778 1401 4410 765 1401 4411 774 1401 4412 780 1402 4413 771 1402 4414 775 1402 4415 780 1403 4416 774 1403 4417 771 1403 4418 781 1404 4419 772 1404 4420 776 1404 4421 781 1405 4422 775 1405 4423 772 1405 4424 782 1406 4425 777 1406 4426 783 1406 4427 782 1407 4428 776 1407 4429 777 1407 4430 784 1408 4431 785 1408 4432 779 1408 4433 784 1409 4434 779 1409 4435 778 1409 4436 784 1410 4437 774 1410 4438 780 1410 4439 784 1411 4440 778 1411 4441 774 1411 4442 786 1412 4443 780 1412 4444 775 1412 4445 786 1413 4446 775 1413 4447 781 1413 4448 787 1414 4449 776 1414 4450 782 1414 4451 787 1415 4452 781 1415 4453 776 1415 4454 788 1416 4455 783 1416 4456 789 1416 4457 788 1417 4458 782 1417 4459 783 1417 4460 790 1418 4461 780 1418 4462 786 1418 4463 790 1419 4464 791 1419 4465 785 1419 4466 790 1420 4467 785 1420 4468 784 1420 4469 790 1421 4470 784 1421 4471 780 1421 4472 792 1422 4473 786 1422 4474 781 1422 4475 792 1423 4476 781 1423 4477 787 1423 4478 793 1424 4479 782 1424 4480 788 1424 4481 793 1425 4482 787 1425 4483 782 1425 4484 794 1426 4485 789 1426 4486 795 1426 4487 794 1427 4488 788 1427 4489 789 1427 4490 796 1428 4491 786 1428 4492 792 1428 4493 796 1429 4494 797 1429 4495 791 1429 4496 796 1430 4497 790 1430 4498 786 1430 4499 796 1431 4500 791 1431 4501 790 1431 4502 798 1432 4503 787 1432 4504 793 1432 4505 798 1433 4506 792 1433 4507 787 1433 4508 799 1434 4509 793 1434 4510 788 1434 4511 799 1435 4512 788 1435 4513 794 1435 4514 800 1436 4515 795 1436 4516 801 1436 4517 800 1437 4518 794 1437 4519 795 1437 4520 802 1438 4521 796 1438 4522 792 1438 4523 802 1439 4524 803 1439 4525 797 1439 4526 802 1440 4527 792 1440 4528 798 1440 4529 802 1441 4530 797 1441 4531 796 1441 4532 804 1442 4533 798 1442 4534 793 1442 4535 804 1443 4536 793 1443 4537 799 1443 4538 805 1444 4539 794 1444 4540 800 1444 4541 805 1445 4542 799 1445 4543 794 1445 4544 806 1446 4545 801 1446 4546 807 1446 4547 806 1447 4548 800 1447 4549 801 1447 4550 808 1448 4551 798 1448 4552 804 1448 4553 808 1449 4554 802 1449 4555 798 1449 4556 808 1450 4557 809 1450 4558 803 1450 4559 808 1451 4560 803 1451 4561 802 1451 4562 810 1452 4563 804 1452 4564 799 1452 4565 810 1453 4566 799 1453 4567 805 1453 4568 811 1454 4569 805 1454 4570 800 1454 4571 811 1455 4572 800 1455 4573 806 1455 4574 812 1456 4575 807 1456 4576 813 1456 4577 812 1457 4578 806 1457 4579 807 1457 4580 814 1458 4581 804 1458 4582 810 1458 4583 814 1459 4584 815 1459 4585 809 1459 4586 814 1460 4587 808 1460 4588 804 1460 4589 814 1461 4590 809 1461 4591 808 1461 4592 816 1462 4593 810 1462 4594 805 1462 4595 816 1463 4596 805 1463 4597 811 1463 4598 817 1464 4599 811 1464 4600 806 1464 4601 817 1465 4602 806 1465 4603 812 1465 4604 818 1466 4605 812 1466 4606 813 1466 4607 818 1467 4608 813 1467 4609 819 1467 4610 820 1468 4611 815 1468 4612 814 1468 4613 820 1469 4614 821 1469 4615 815 1469 4616 820 1470 4617 810 1470 4618 816 1470 4619 820 1471 4620 814 1471 4621 810 1471 4622 822 1472 4623 811 1472 4624 817 1472 4625 822 1473 4626 816 1473 4627 811 1473 4628 823 1474 4629 812 1474 4630 818 1474 4631 823 1475 4632 817 1475 4633 812 1475 4634 824 1476 4635 818 1476 4636 819 1476 4637 824 1477 4638 819 1477 4639 825 1477 4640 826 1478 4641 820 1478 4642 816 1478 4643 826 1479 4644 816 1479 4645 822 1479 4646 826 1480 4647 827 1480 4648 821 1480 4649 826 1481 4650 821 1481 4651 820 1481 4652 828 1482 4653 822 1482 4654 817 1482 4655 828 1483 4656 817 1483 4657 823 1483 4658 829 1484 4659 823 1484 4660 818 1484 4661 829 1485 4662 818 1485 4663 824 1485 4664 830 1486 4665 825 1486 4666 831 1486 4667 830 1487 4668 824 1487 4669 825 1487 4670 832 1488 4671 822 1488 4672 828 1488 4673 832 1489 4674 826 1489 4675 822 1489 4676 832 1490 4677 833 1490 4678 827 1490 4679 832 1491 4680 827 1491 4681 826 1491 4682 834 1492 4683 828 1492 4684 823 1492 4685 834 1493 4686 823 1493 4687 829 1493 4688 835 1494 4689 829 1494 4690 824 1494 4691 835 1495 4692 824 1495 4693 830 1495 4694 836 1496 4695 831 1496 4696 837 1496 4697 836 1497 4698 830 1497 4699 831 1497 4700 838 1498 4701 828 1498 4702 834 1498 4703 838 1499 4704 832 1499 4705 828 1499 4706 838 1500 4707 839 1500 4708 833 1500 4709 838 1501 4710 833 1501 4711 832 1501 4712 840 1502 4713 834 1502 4714 829 1502 4715 840 1503 4716 829 1503 4717 835 1503 4718 841 1504 4719 835 1504 4720 830 1504 4721 841 1505 4722 830 1505 4723 836 1505 4724 842 1506 4725 836 1506 4726 837 1506 4727 842 1507 4728 837 1507 4729 843 1507 4730 844 1508 4731 845 1508 4732 839 1508 4733 844 1509 4734 838 1509 4735 834 1509 4736 844 1510 4737 839 1510 4738 838 1510 4739 844 1511 4740 834 1511 4741 840 1511 4742 846 1512 4743 835 1512 4744 841 1512 4745 846 1513 4746 840 1513 4747 835 1513 4748 847 1514 4749 841 1514 4750 836 1514 4751 847 1515 4752 836 1515 4753 842 1515 4754 848 1516 4755 843 1516 4756 849 1516 4757 848 1517 4758 842 1517 4759 843 1517 4760 850 1518 4761 851 1518 4762 845 1518 4763 850 1519 4764 845 1519 4765 844 1519 4766 850 1520 4767 844 1520 4768 840 1520 4769 850 1521 4770 840 1521 4771 846 1521 4772 852 1522 4773 846 1522 4774 841 1522 4775 852 1523 4776 841 1523 4777 847 1523 4778 853 1524 4779 847 1524 4780 842 1524 4781 853 1525 4782 842 1525 4783 848 1525 4784 854 1526 4785 849 1526 4786 855 1526 4787 854 1527 4788 848 1527 4789 849 1527 4790 856 1528 4791 857 1528 4792 851 1528 4793 856 1529 4794 851 1529 4795 850 1529 4796 856 1530 4797 846 1530 4798 852 1530 4799 856 1531 4800 850 1531 4801 846 1531 4802 858 1532 4803 847 1532 4804 853 1532 4805 858 1533 4806 852 1533 4807 847 1533 4808 859 1534 4809 853 1534 4810 848 1534 4811 859 1535 4812 848 1535 4813 854 1535 4814 860 1536 4815 855 1536 4816 861 1536 4817 860 1537 4818 854 1537 4819 855 1537 4820 862 1538 4821 863 1538 4822 857 1538 4823 862 1539 4824 857 1539 4825 856 1539 4826 862 1540 4827 856 1540 4828 852 1540 4829 862 1541 4830 852 1541 4831 858 1541 4832 864 1542 4833 853 1542 4834 859 1542 4835 864 1543 4836 858 1543 4837 853 1543 4838 865 1544 4839 854 1544 4840 860 1544 4841 865 1545 4842 859 1545 4843 854 1545 4844 866 1546 4845 860 1546 4846 861 1546 4847 866 1547 4848 861 1547 4849 867 1547 4850 868 1548 4851 869 1548 4852 863 1548 4853 868 1549 4854 862 1549 4855 858 1549 4856 868 1550 4857 858 1550 4858 864 1550 4859 868 1551 4860 863 1551 4861 862 1551 4862 870 1552 4863 859 1552 4864 865 1552 4865 870 1553 4866 864 1553 4867 859 1553 4868 871 1554 4869 865 1554 4870 860 1554 4871 871 1555 4872 860 1555 4873 866 1555 4874 872 1556 4875 866 1556 4876 867 1556 4877 872 1557 4878 867 1557 4879 873 1557 4880 874 1558 4881 875 1558 4882 869 1558 4883 874 1559 4884 869 1559 4885 868 1559 4886 874 1560 4887 868 1560 4888 864 1560 4889 874 1561 4890 864 1561 4891 870 1561 4892 876 1562 4893 865 1562 4894 871 1562 4895 876 1563 4896 870 1563 4897 865 1563 4898 877 1564 4899 866 1564 4900 872 1564 4901 877 1565 4902 871 1565 4903 866 1565 4904 878 1566 4905 872 1566 4906 873 1566 4907 878 1567 4908 873 1567 4909 879 1567 4910 880 1568 4911 881 1568 4912 875 1568 4913 880 1569 4914 875 1569 4915 874 1569 4916 880 1570 4917 874 1570 4918 870 1570 4919 880 1571 4920 870 1571 4921 876 1571 4922 730 1572 4923 871 1572 4924 877 1572 4925 730 1573 4926 876 1573 4927 871 1573 4928 732 1574 4929 877 1574 4930 872 1574 4931 732 1575 4932 872 1575 4933 878 1575 4934 739 1576 4935 878 1576 4936 879 1576 4937 739 1577 4938 879 1577 4939 882 1577 4940 729 1578 4941 883 1578 4942 881 1578 4943 729 1579 4944 881 1579 4945 880 1579 4946 729 1580 4947 880 1580 4948 876 1580 4949 729 1581 4950 876 1581 4951 730 1581 4952 734 1582 4953 730 1582 4954 877 1582 4955 734 1583 4956 877 1583 4957 732 1583 4958 733 1584 4959 732 1584 4960 878 1584 4961 733 1585 4962 878 1585 4963 739 1585 4964 740 1586 4965 882 1586 4966 742 1586 4967 740 1587 4968 739 1587 4969 882 1587 4970 728 1588 4971 746 1588 4972 883 1588 4973 728 1589 4974 730 1589 4975 734 1589 4976 728 1590 4977 883 1590 4978 729 1590 4979 884 1591 4980 885 1591 4981 886 1591 4982 887 1592 4983 888 1592 4984 889 1592 4985 887 1593 4986 890 1593 4987 888 1593 4988 887 1594 4989 889 1594 4990 891 1594 4991 884 1595 4992 886 1595 4993 892 1595 4994 884 1596 4995 893 1596 4996 894 1596 4997 884 1597 4998 892 1597 4999 893 1597 5000 895 1598 5001 896 1598 5002 897 1598 5003 895 1599 5004 897 1599 5005 898 1599 5006 899 1600 5007 900 1600 5008 901 1600 5009 902 1601 5010 887 1601 5011 891 1601 5012 902 1602 5013 903 1602 5014 904 1602 5015 899 1603 5016 901 1603 5017 905 1603 5018 906 1604 5019 884 1604 5020 894 1604 5021 902 1605 5022 904 1605 5023 887 1605 5024 906 1606 5025 894 1606 5026 900 1606 5027 902 1607 5028 891 1607 5029 896 1607 5030 906 1608 5031 907 1608 5032 885 1608 5033 906 1609 5034 885 1609 5035 884 1609 5036 908 1610 5037 899 1610 5038 905 1610 5039 909 1611 5040 898 1611 5041 910 1611 5042 909 1612 5043 895 1612 5044 898 1612 5045 911 1613 5046 903 1613 5047 902 1613 5048 911 1614 5049 912 1614 5050 903 1614 5051 908 1615 5052 905 1615 5053 913 1615 5054 914 1616 5055 906 1616 5056 900 1616 5057 911 1617 5058 896 1617 5059 895 1617 5060 914 1618 5061 907 1618 5062 906 1618 5063 914 1619 5064 915 1619 5065 907 1619 5066 911 1620 5067 902 1620 5068 896 1620 5069 914 1621 5070 900 1621 5071 899 1621 5072 916 1622 5073 908 1622 5074 913 1622 5075 917 1623 5076 910 1623 5077 918 1623 5078 917 1624 5079 909 1624 5080 910 1624 5081 919 1625 5082 920 1625 5083 912 1625 5084 916 1626 5085 913 1626 5086 921 1626 5087 919 1627 5088 895 1627 5089 909 1627 5090 922 1628 5091 899 1628 5092 908 1628 5093 919 1629 5094 911 1629 5095 895 1629 5096 919 1630 5097 912 1630 5098 911 1630 5099 922 1631 5100 915 1631 5101 914 1631 5102 922 1632 5103 923 1632 5104 915 1632 5105 922 1633 5106 914 1633 5107 899 1633 5108 924 1634 5109 916 1634 5110 921 1634 5111 925 1635 5112 918 1635 5113 926 1635 5114 925 1636 5115 917 1636 5116 918 1636 5117 927 1637 5118 919 1637 5119 909 1637 5120 924 1638 5121 921 1638 5122 928 1638 5123 927 1639 5124 929 1639 5125 920 1639 5126 930 1640 5127 908 1640 5128 916 1640 5129 930 1641 5130 931 1641 5131 923 1641 5132 927 1642 5133 920 1642 5134 919 1642 5135 930 1643 5136 923 1643 5137 922 1643 5138 927 1644 5139 909 1644 5140 917 1644 5141 930 1645 5142 922 1645 5143 908 1645 5144 932 1646 5145 926 1646 5146 933 1646 5147 932 1647 5148 925 1647 5149 926 1647 5150 934 1648 5151 924 1648 5152 928 1648 5153 935 1649 5154 917 1649 5155 925 1649 5156 935 1650 5157 936 1650 5158 929 1650 5159 934 1651 5160 928 1651 5161 937 1651 5162 938 1652 5163 930 1652 5164 916 1652 5165 935 1653 5166 927 1653 5167 917 1653 5168 938 1654 5169 916 1654 5170 924 1654 5171 938 1655 5172 939 1655 5173 931 1655 5174 935 1656 5175 929 1656 5176 927 1656 5177 938 1657 5178 931 1657 5179 930 1657 5180 940 1658 5181 934 1658 5182 937 1658 5183 941 1659 5184 933 1659 5185 942 1659 5186 941 1660 5187 932 1660 5188 933 1660 5189 943 1661 5190 944 1661 5191 936 1661 5192 940 1662 5193 937 1662 5194 945 1662 5195 943 1663 5196 925 1663 5197 932 1663 5198 946 1664 5199 947 1664 5200 939 1664 5201 943 1665 5202 935 1665 5203 925 1665 5204 943 1666 5205 936 1666 5206 935 1666 5207 946 1667 5208 924 1667 5209 934 1667 5210 946 1668 5211 939 1668 5212 938 1668 5213 948 1669 5214 941 1669 5215 942 1669 5216 946 1670 5217 938 1670 5218 924 1670 5219 948 1671 5220 942 1671 5221 949 1671 5222 950 1672 5223 940 1672 5224 945 1672 5225 951 1673 5226 932 1673 5227 941 1673 5228 951 1674 5229 943 1674 5230 932 1674 5231 950 1675 5232 945 1675 5233 952 1675 5234 951 1676 5235 953 1676 5236 944 1676 5237 954 1677 5238 955 1677 5239 947 1677 5240 951 1678 5241 944 1678 5242 943 1678 5243 954 1679 5244 946 1679 5245 934 1679 5246 954 1680 5247 934 1680 5248 940 1680 5249 956 1681 5250 949 1681 5251 957 1681 5252 954 1682 5253 947 1682 5254 946 1682 5255 958 1683 5256 950 1683 5257 952 1683 5258 956 1684 5259 948 1684 5260 949 1684 5261 959 1685 5262 960 1685 5263 953 1685 5264 958 1686 5265 952 1686 5266 961 1686 5267 959 1687 5268 953 1687 5269 951 1687 5270 959 1688 5271 941 1688 5272 948 1688 5273 962 1689 5274 963 1689 5275 955 1689 5276 959 1690 5277 951 1690 5278 941 1690 5279 962 1691 5280 954 1691 5281 940 1691 5282 962 1692 5283 955 1692 5284 954 1692 5285 964 1693 5286 957 1693 5287 965 1693 5288 962 1694 5289 940 1694 5290 950 1694 5291 964 1695 5292 956 1695 5293 957 1695 5294 966 1696 5295 967 1696 5296 968 1696 5297 966 1697 5298 961 1697 5299 967 1697 5300 969 1698 5301 970 1698 5302 968 1698 5303 966 1699 5304 968 1699 5305 970 1699 5306 971 1700 5307 972 1700 5308 960 1700 5309 969 1701 5310 968 1701 5311 973 1701 5312 966 1702 5313 958 1702 5314 961 1702 5315 974 1703 5316 975 1703 5317 963 1703 5318 971 1704 5319 948 1704 5320 956 1704 5321 974 1705 5322 962 1705 5323 950 1705 5324 971 1706 5325 960 1706 5326 959 1706 5327 974 1707 5328 963 1707 5329 962 1707 5330 971 1708 5331 959 1708 5332 948 1708 5333 974 1709 5334 950 1709 5335 958 1709 5336 889 1710 5337 973 1710 5338 976 1710 5339 889 1711 5340 969 1711 5341 973 1711 5342 977 1712 5343 978 1712 5344 975 1712 5345 893 1713 5346 964 1713 5347 965 1713 5348 977 1714 5349 979 1714 5350 978 1714 5351 977 1715 5352 975 1715 5353 974 1715 5354 980 1716 5355 981 1716 5356 979 1716 5357 977 1717 5358 958 1717 5359 966 1717 5360 977 1718 5361 966 1718 5362 970 1718 5363 893 1719 5364 965 1719 5365 982 1719 5366 977 1720 5367 983 1720 5368 979 1720 5369 980 1721 5370 979 1721 5371 983 1721 5372 977 1722 5373 974 1722 5374 958 1722 5375 984 1723 5376 985 1723 5377 972 1723 5378 980 1724 5379 983 1724 5380 970 1724 5381 977 1725 5382 970 1725 5383 983 1725 5384 980 1726 5385 970 1726 5386 969 1726 5387 984 1727 5388 972 1727 5389 971 1727 5390 984 1728 5391 956 1728 5392 964 1728 5393 984 1729 5394 971 1729 5395 956 1729 5396 891 1730 5397 976 1730 5398 986 1730 5399 891 1731 5400 889 1731 5401 976 1731 5402 888 1732 5403 890 1732 5404 981 1732 5405 894 1733 5406 982 1733 5407 987 1733 5408 894 1734 5409 893 1734 5410 982 1734 5411 888 1735 5412 969 1735 5413 889 1735 5414 892 1736 5415 985 1736 5416 984 1736 5417 888 1737 5418 981 1737 5419 980 1737 5420 892 1738 5421 886 1738 5422 985 1738 5423 888 1739 5424 980 1739 5425 969 1739 5426 892 1740 5427 964 1740 5428 893 1740 5429 892 1741 5430 984 1741 5431 964 1741 5432 896 1742 5433 986 1742 5434 897 1742 5435 896 1743 5436 891 1743 5437 986 1743 5438 900 1744 5439 987 1744 5440 901 1744 5441 887 1745 5442 904 1745 5443 890 1745 5444 900 1746 5445 894 1746 5446 987 1746 5447 767 1747 5448 768 1747 5449 968 1747 5450 767 1748 5451 968 1748 5452 967 1748 5453 767 1749 5454 967 1749 5455 961 1749 5456 763 1750 5457 961 1750 5458 952 1750 5459 763 1751 5460 767 1751 5461 961 1751 5462 758 1752 5463 763 1752 5464 952 1752 5465 758 1753 5466 952 1753 5467 945 1753 5468 845 1754 5469 851 1754 5470 965 1754 5471 845 1755 5472 965 1755 5473 957 1755 5474 845 1756 5475 957 1756 5476 949 1756 5477 752 1757 5478 758 1757 5479 945 1757 5480 752 1758 5481 945 1758 5482 937 1758 5483 839 1759 5484 949 1759 5485 942 1759 5486 745 1760 5487 752 1760 5488 937 1760 5489 745 1761 5490 937 1761 5491 928 1761 5492 839 1762 5493 845 1762 5494 949 1762 5495 833 1763 5496 942 1763 5497 933 1763 5498 746 1764 5499 745 1764 5500 928 1764 5501 746 1765 5502 928 1765 5503 921 1765 5504 833 1766 5505 839 1766 5506 942 1766 5507 827 1767 5508 933 1767 5509 926 1767 5510 883 1768 5511 746 1768 5512 921 1768 5513 883 1769 5514 921 1769 5515 913 1769 5516 827 1770 5517 833 1770 5518 933 1770 5519 881 1771 5520 883 1771 5521 913 1771 5522 821 1772 5523 926 1772 5524 918 1772 5525 881 1773 5526 913 1773 5527 905 1773 5528 821 1774 5529 827 1774 5530 926 1774 5531 875 1775 5532 881 1775 5533 905 1775 5534 875 1776 5535 905 1776 5536 901 1776 5537 815 1777 5538 918 1777 5539 910 1777 5540 869 1778 5541 875 1778 5542 901 1778 5543 869 1779 5544 901 1779 5545 987 1779 5546 815 1780 5547 821 1780 5548 918 1780 5549 863 1781 5550 987 1781 5551 982 1781 5552 809 1782 5553 910 1782 5554 898 1782 5555 863 1783 5556 869 1783 5557 987 1783 5558 857 1784 5559 863 1784 5560 982 1784 5561 857 1785 5562 982 1785 5563 965 1785 5564 809 1786 5565 815 1786 5566 910 1786 5567 851 1787 5568 857 1787 5569 965 1787 5570 803 1788 5571 898 1788 5572 897 1788 5573 803 1789 5574 809 1789 5575 898 1789 5576 797 1790 5577 897 1790 5578 986 1790 5579 797 1791 5580 803 1791 5581 897 1791 5582 791 1792 5583 797 1792 5584 986 1792 5585 791 1793 5586 986 1793 5587 976 1793 5588 785 1794 5589 791 1794 5590 976 1794 5591 779 1795 5592 785 1795 5593 976 1795 5594 779 1796 5595 976 1796 5596 973 1796 5597 768 1797 5598 779 1797 5599 973 1797 5600 768 1798 5601 973 1798 5602 968 1798 5603 551 832 5604 879 832 5605 873 832 5606 559 832 5607 551 832 5608 873 832 5609 559 876 5610 873 876 5611 867 876 5612 581 1799 5613 837 1799 5614 831 1799 5615 567 1800 5616 559 1800 5617 867 1800 5618 567 1801 5619 867 1801 5620 861 1801 5621 590 1802 5622 831 1802 5623 825 1802 5624 590 1803 5625 581 1803 5626 831 1803 5627 575 874 5628 567 874 5629 861 874 5630 575 1804 5631 861 1804 5632 855 1804 5633 612 1805 5634 825 1805 5635 819 1805 5636 586 1806 5637 575 1806 5638 855 1806 5639 612 1807 5640 590 1807 5641 825 1807 5642 586 1808 5643 855 1808 5644 849 1808 5645 626 1809 5646 819 1809 5647 813 1809 5648 604 1810 5649 849 1810 5650 843 1810 5651 626 1811 5652 612 1811 5653 819 1811 5654 604 1812 5655 586 1812 5656 849 1812 5657 580 1813 5658 843 1813 5659 837 1813 5660 580 1814 5661 604 1814 5662 843 1814 5663 639 1815 5664 813 1815 5665 807 1815 5666 639 1816 5667 626 1816 5668 813 1816 5669 581 1817 5670 580 1817 5671 837 1817 5672 647 1818 5673 807 1818 5674 801 1818 5675 647 1819 5676 639 1819 5677 807 1819 5678 655 854 5679 801 854 5680 795 854 5681 655 855 5682 647 855 5683 801 855 5684 663 1820 5685 795 1820 5686 789 1820 5687 663 854 5688 655 854 5689 795 854 5690 671 1821 5691 789 1821 5692 783 1821 5693 671 852 5694 663 852 5695 789 852 5696 679 1822 5697 783 1822 5698 777 1822 5699 679 1823 5700 671 1823 5701 783 1823 5702 687 1824 5703 777 1824 5704 773 1824 5705 687 1825 5706 679 1825 5707 777 1825 5708 695 1826 5709 687 1826 5710 773 1826 5711 695 1827 5712 773 1827 5713 735 1827 5714 703 1828 5715 695 1828 5716 735 1828 5717 703 1829 5718 735 1829 5719 737 1829 5720 711 1829 5721 703 1829 5722 737 1829 5723 711 1830 5724 737 1830 5725 756 1830 5726 719 1830 5727 711 1830 5728 756 1830 5729 719 1831 5730 756 1831 5731 750 1831 5732 727 1832 5733 719 1832 5734 750 1832 5735 727 1833 5736 750 1833 5737 743 1833 5738 533 1834 5739 727 1834 5740 743 1834 5741 533 1835 5742 743 1835 5743 742 1835 5744 534 1836 5745 533 1836 5746 742 1836 5747 534 1837 5748 742 1837 5749 882 1837 5750 543 1838 5751 534 1838 5752 882 1838 5753 543 833 5754 882 833 5755 879 833 5756 551 1839 5757 543 1839 5758 879 1839 5759 988 1840 5760 989 1840 5761 990 1840 5762 990 1841 5763 989 1841 5764 991 1841 5765 989 1842 5766 992 1842 5767 991 1842 5768 991 1843 5769 992 1843 5770 993 1843 5771 994 912 5772 995 912 5773 996 912 5774 992 854 5775 997 854 5776 993 854 5777 993 854 5778 997 854 5779 998 854 5780 995 912 5781 999 912 5782 996 912 5783 997 1844 5784 1000 1844 5785 998 1844 5786 998 1845 5787 1000 1845 5788 1001 1845 5789 996 911 5790 1002 911 5791 1003 911 5792 1003 1846 5793 1002 1846 5794 1004 1846 5795 999 1847 5796 1002 1847 5797 996 1847 5798 1000 1848 5799 1005 1848 5800 1001 1848 5801 1001 1849 5802 1005 1849 5803 1006 1849 5804 1002 1850 5805 1007 1850 5806 1004 1850 5807 1005 1851 5808 1008 1851 5809 1006 1851 5810 1006 920 5811 1008 920 5812 1009 920 5813 1004 1852 5814 1010 1852 5815 1011 1852 5816 1011 1853 5817 1010 1853 5818 1012 1853 5819 1007 908 5820 1010 908 5821 1004 908 5822 1009 918 5823 1013 918 5824 1014 918 5825 1008 1854 5826 1013 1854 5827 1009 1854 5828 1012 1855 5829 1015 1855 5830 1016 1855 5831 1010 1856 5832 1015 1856 5833 1012 1856 5834 1014 1857 5835 1017 1857 5836 1018 1857 5837 1013 1858 5838 1017 1858 5839 1014 1858 5840 1017 915 5841 995 915 5842 1018 915 5843 1018 1859 5844 995 1859 5845 994 1859 5846 1015 1860 5847 1019 1860 5848 1016 1860 5849 1016 832 5850 1020 832 5851 1021 832 5852 1021 1861 5853 1020 1861 5854 1022 1861 5855 1019 832 5856 1020 832 5857 1016 832 5858 1022 1862 5859 1023 1862 5860 1024 1862 5861 1020 1863 5862 1023 1863 5863 1022 1863 5864 1024 894 5865 1025 894 5866 1026 894 5867 1023 893 5868 1025 893 5869 1024 893 5870 1025 1864 5871 1027 1864 5872 1026 1864 5873 1027 885 5874 1028 885 5875 1026 885 5876 1026 1865 5877 1028 1865 5878 1029 1865 5879 1028 1866 5880 1030 1866 5881 1029 1866 5882 1029 884 5883 1030 884 5884 1031 884 5885 1030 1867 5886 1032 1867 5887 1031 1867 5888 1031 1867 5889 1032 1867 5890 1033 1867 5891 1032 902 5892 1034 902 5893 1033 902 5894 1033 1868 5895 1034 1868 5896 1035 1868 5897 1034 1869 5898 1036 1869 5899 1035 1869 5900 1035 900 5901 1036 900 5902 1037 900 5903 1036 1870 5904 1038 1870 5905 1037 1870 5906 1037 1871 5907 1038 1871 5908 1039 1871 5909 1038 1872 5910 988 1872 5911 1039 1872 5912 1039 891 5913 988 891 5914 990 891 5915 709 949 5916 1030 949 5917 1028 949 5918 709 1873 5919 1028 1873 5920 701 1873 5921 997 949 5922 573 949 5923 1000 949 5924 1010 949 5925 637 949 5926 645 949 5927 1010 1874 5928 1007 1874 5929 637 1874 5930 565 949 5931 573 949 5932 997 949 5933 1002 949 5934 623 949 5935 637 949 5936 992 949 5937 565 949 5938 997 949 5939 1002 1875 5940 637 1875 5941 1007 1875 5942 1015 1876 5943 645 1876 5944 653 1876 5945 717 949 5946 1030 949 5947 709 949 5948 1015 1877 5949 1010 1877 5950 645 1877 5951 717 949 5952 1032 949 5953 1030 949 5954 999 949 5955 607 949 5956 623 949 5957 999 1878 5958 623 1878 5959 1002 1878 5960 557 949 5961 565 949 5962 992 949 5963 1019 1879 5964 653 1879 5965 661 1879 5966 1019 1880 5967 1015 1880 5968 653 1880 5969 669 949 5970 1019 949 5971 661 949 5972 995 949 5973 608 949 5974 607 949 5975 995 949 5976 607 949 5977 999 949 5978 725 949 5979 1032 949 5980 717 949 5981 725 949 5982 1034 949 5983 1032 949 5984 1020 949 5985 1019 949 5986 669 949 5987 725 1877 5988 1036 1877 5989 1034 1877 5990 1017 949 5991 634 949 5992 608 949 5993 1017 949 5994 608 949 5995 995 949 5996 549 949 5997 557 949 5998 992 949 5999 549 1878 6000 992 1878 6001 989 1878 6002 1023 949 6003 669 949 6004 677 949 6005 530 1881 6006 1036 1881 6007 725 1881 6008 530 949 6009 1038 949 6010 1036 949 6011 1023 949 6012 1020 949 6013 669 949 6014 541 949 6015 989 949 6016 988 949 6017 541 949 6018 549 949 6019 989 949 6020 529 949 6021 988 949 6022 1038 949 6023 529 949 6024 541 949 6025 988 949 6026 1013 1882 6027 618 1882 6028 634 1882 6029 529 949 6030 1038 949 6031 530 949 6032 1013 1883 6033 634 1883 6034 1017 1883 6035 1025 949 6036 677 949 6037 685 949 6038 1025 949 6039 1023 949 6040 677 949 6041 1008 949 6042 598 949 6043 618 949 6044 1008 1883 6045 618 1883 6046 1013 1883 6047 693 949 6048 1027 949 6049 1025 949 6050 693 949 6051 1025 949 6052 685 949 6053 584 1884 6054 598 1884 6055 1008 1884 6056 584 1885 6057 1008 1885 6058 1005 1885 6059 701 1886 6060 1027 1886 6061 693 1886 6062 701 949 6063 1028 949 6064 1027 949 6065 573 1876 6066 584 1876 6067 1005 1876 6068 573 1877 6069 1005 1877 6070 1000 1877 6071 944 921 6072 903 921 6073 912 921 6074 944 1887 6075 912 1887 6076 920 1887 6077 944 921 6078 920 921 6079 929 921 6080 944 1888 6081 929 1888 6082 936 1888 6083 953 921 6084 904 921 6085 903 921 6086 953 921 6087 903 921 6088 944 921 6089 960 921 6090 890 921 6091 904 921 6092 960 921 6093 904 921 6094 953 921 6095 972 921 6096 981 921 6097 890 921 6098 972 921 6099 890 921 6100 960 921 6101 985 921 6102 979 921 6103 981 921 6104 985 921 6105 981 921 6106 972 921 6107 886 921 6108 978 921 6109 979 921 6110 886 921 6111 979 921 6112 985 921 6113 885 921 6114 975 921 6115 978 921 6116 885 921 6117 978 921 6118 886 921 6119 915 1889 6120 923 1889 6121 931 1889 6122 915 921 6123 931 921 6124 939 921 6125 915 1890 6126 939 1890 6127 947 1890 6128 915 921 6129 947 921 6130 955 921 6131 907 921 6132 955 921 6133 963 921 6134 907 921 6135 963 921 6136 975 921 6137 907 921 6138 915 921 6139 955 921 6140 907 921 6141 975 921 6142 885 921 6143 1004 1891 6144 996 1891 6145 1003 1891 6146 996 949 6147 1014 949 6148 994 949 6149 994 1892 6150 1014 1892 6151 1018 1892 6152 1004 949 6153 1014 949 6154 996 949 6155 1011 949 6156 1009 949 6157 1004 949 6158 1004 949 6159 1009 949 6160 1014 949 6161 1024 949 6162 1029 949 6163 1022 949 6164 1026 1893 6165 1029 1893 6166 1024 1893 6167 1012 949 6168 1001 949 6169 1011 949 6170 1016 949 6171 1001 949 6172 1012 949 6173 1021 949 6174 1001 949 6175 1016 949 6176 1009 949 6177 1001 949 6178 1006 949 6179 1011 949 6180 1001 949 6181 1009 949 6182 1021 1894 6183 998 1894 6184 1001 1894 6185 1033 949 6186 1035 949 6187 1031 949 6188 1022 949 6189 991 949 6190 1021 949 6191 998 949 6192 991 949 6193 993 949 6194 1021 1895 6195 991 1895 6196 998 1895 6197 1031 949 6198 1037 949 6199 1029 949 6200 1035 1896 6201 1037 1896 6202 1031 1896 6203 1029 949 6204 990 949 6205 1022 949 6206 1022 1897 6207 990 1897 6208 991 1897 6209 1029 1898 6210 1039 1898 6211 990 1898 6212 1037 949 6213 1039 949 6214 1029 949 6215 1040 1899 6216 1041 1899 6217 1042 1899 6218 1040 1900 6219 1042 1900 6220 1043 1900 6221 1044 1901 6222 1045 1901 6223 1041 1901 6224 1044 1902 6225 1041 1902 6226 1040 1902 6227 1046 1903 6228 1045 1903 6229 1044 1903 6230 1046 1904 6231 1047 1904 6232 1045 1904 6233 1048 1905 6234 1047 1905 6235 1046 1905 6236 1048 1906 6237 1049 1906 6238 1050 1906 6239 1048 1907 6240 1050 1907 6241 1051 1907 6242 1048 1908 6243 1051 1908 6244 1047 1908 6245 1052 1909 6246 1053 1909 6247 1054 1909 6248 1052 1910 6249 1055 1910 6250 1053 1910 6251 1056 1911 6252 1055 1911 6253 1052 1911 6254 1056 1912 6255 1043 1912 6256 1055 1912 6257 1057 1913 6258 1043 1913 6259 1056 1913 6260 1057 1914 6261 1040 1914 6262 1043 1914 6263 1058 1915 6264 1040 1915 6265 1057 1915 6266 1058 1916 6267 1044 1916 6268 1040 1916 6269 1059 1917 6270 1044 1917 6271 1058 1917 6272 1059 1918 6273 1046 1918 6274 1044 1918 6275 1060 1919 6276 1048 1919 6277 1046 1919 6278 1060 21 6279 1049 21 6280 1048 21 6281 1060 1920 6282 1061 1920 6283 1049 1920 6284 1060 1921 6285 1046 1921 6286 1059 1921 6287 1062 1922 6288 1054 1922 6289 1063 1922 6290 1062 1923 6291 1052 1923 6292 1054 1923 6293 1064 1924 6294 1056 1924 6295 1052 1924 6296 1064 1925 6297 1052 1925 6298 1062 1925 6299 1065 1926 6300 1056 1926 6301 1064 1926 6302 1065 1927 6303 1057 1927 6304 1056 1927 6305 1066 1928 6306 1057 1928 6307 1065 1928 6308 1066 1929 6309 1058 1929 6310 1057 1929 6311 1067 1930 6312 1058 1930 6313 1066 1930 6314 1067 1931 6315 1059 1931 6316 1058 1931 6317 1068 1932 6318 1069 1932 6319 1061 1932 6320 1068 1933 6321 1061 1933 6322 1060 1933 6323 1068 1934 6324 1060 1934 6325 1059 1934 6326 1068 1935 6327 1059 1935 6328 1067 1935 6329 1070 1936 6330 1063 1936 6331 1071 1936 6332 1070 1937 6333 1062 1937 6334 1063 1937 6335 1072 1938 6336 1064 1938 6337 1062 1938 6338 1072 1939 6339 1062 1939 6340 1070 1939 6341 1073 1940 6342 1064 1940 6343 1072 1940 6344 1073 1941 6345 1065 1941 6346 1064 1941 6347 1074 1942 6348 1066 1942 6349 1065 1942 6350 1074 1943 6351 1065 1943 6352 1073 1943 6353 1075 1944 6354 1066 1944 6355 1074 1944 6356 1075 1945 6357 1067 1945 6358 1066 1945 6359 1076 1946 6360 1077 1946 6361 1069 1946 6362 1076 1947 6363 1069 1947 6364 1068 1947 6365 1076 1948 6366 1068 1948 6367 1067 1948 6368 1076 1949 6369 1067 1949 6370 1075 1949 6371 1078 1950 6372 1071 1950 6373 1079 1950 6374 1078 1951 6375 1070 1951 6376 1071 1951 6377 1080 1952 6378 1072 1952 6379 1070 1952 6380 1080 1953 6381 1070 1953 6382 1078 1953 6383 1081 1954 6384 1072 1954 6385 1080 1954 6386 1081 1955 6387 1073 1955 6388 1072 1955 6389 1082 1956 6390 1074 1956 6391 1073 1956 6392 1082 1957 6393 1073 1957 6394 1081 1957 6395 1083 1958 6396 1075 1958 6397 1074 1958 6398 1083 1959 6399 1074 1959 6400 1082 1959 6401 1084 62 6402 1085 62 6403 1077 62 6404 1084 1960 6405 1077 1960 6406 1076 1960 6407 1084 1961 6408 1076 1961 6409 1075 1961 6410 1084 1962 6411 1075 1962 6412 1083 1962 6413 1086 1963 6414 1079 1963 6415 1087 1963 6416 1086 1964 6417 1078 1964 6418 1079 1964 6419 1088 1965 6420 1080 1965 6421 1078 1965 6422 1088 1966 6423 1078 1966 6424 1086 1966 6425 1089 1967 6426 1080 1967 6427 1088 1967 6428 1089 1968 6429 1081 1968 6430 1080 1968 6431 1090 1969 6432 1082 1969 6433 1081 1969 6434 1090 1970 6435 1081 1970 6436 1089 1970 6437 1091 1971 6438 1083 1971 6439 1082 1971 6440 1091 1972 6441 1082 1972 6442 1090 1972 6443 1092 1973 6444 1093 1973 6445 1085 1973 6446 1092 1974 6447 1085 1974 6448 1084 1974 6449 1092 1975 6450 1084 1975 6451 1083 1975 6452 1092 1976 6453 1083 1976 6454 1091 1976 6455 1094 1977 6456 1087 1977 6457 1095 1977 6458 1094 1978 6459 1086 1978 6460 1087 1978 6461 1096 1979 6462 1086 1979 6463 1094 1979 6464 1096 1980 6465 1088 1980 6466 1086 1980 6467 1097 84 6468 1088 84 6469 1096 84 6470 1097 1981 6471 1089 1981 6472 1088 1981 6473 1098 1982 6474 1089 1982 6475 1097 1982 6476 1099 1983 6477 1100 1983 6478 1101 1983 6479 1098 1984 6480 1090 1984 6481 1089 1984 6482 1102 1985 6483 1090 1985 6484 1098 1985 6485 1102 90 6486 1091 90 6487 1090 90 6488 1103 1986 6489 1092 1986 6490 1091 1986 6491 1103 1987 6492 1091 1987 6493 1102 1987 6494 1103 1988 6495 1104 1988 6496 1093 1988 6497 1103 1989 6498 1093 1989 6499 1092 1989 6500 1105 1990 6501 1095 1990 6502 1106 1990 6503 1105 1991 6504 1094 1991 6505 1095 1991 6506 1107 1992 6507 1096 1992 6508 1094 1992 6509 1107 1993 6510 1094 1993 6511 1105 1993 6512 1108 1994 6513 1097 1994 6514 1096 1994 6515 1109 1995 6516 1099 1995 6517 1101 1995 6518 1109 1996 6519 1101 1996 6520 1110 1996 6521 1108 1997 6522 1096 1997 6523 1107 1997 6524 1111 1998 6525 1098 1998 6526 1097 1998 6527 1112 1999 6528 1099 1999 6529 1109 1999 6530 1111 2000 6531 1097 2000 6532 1108 2000 6533 1112 2001 6534 1113 2001 6535 1099 2001 6536 1114 2002 6537 1102 2002 6538 1098 2002 6539 1114 2003 6540 1098 2003 6541 1111 2003 6542 1115 2004 6543 1116 2004 6544 1113 2004 6545 1117 2005 6546 1104 2005 6547 1103 2005 6548 1115 2006 6549 1113 2006 6550 1112 2006 6551 1117 112 6552 1118 112 6553 1104 112 6554 1117 2007 6555 1102 2007 6556 1114 2007 6557 1117 2008 6558 1103 2008 6559 1102 2008 6560 1119 2009 6561 1120 2009 6562 1116 2009 6563 1121 2010 6564 1105 2010 6565 1106 2010 6566 1119 2011 6567 1116 2011 6568 1115 2011 6569 1122 2012 6570 1123 2012 6571 1120 2012 6572 1121 2013 6573 1106 2013 6574 1124 2013 6575 1122 2014 6576 1120 2014 6577 1119 2014 6578 1125 121 6579 1107 121 6580 1105 121 6581 1126 122 6582 1127 122 6583 1128 122 6584 1125 123 6585 1105 123 6586 1121 123 6587 1126 2015 6588 1128 2015 6589 1129 2015 6590 1126 2016 6591 1129 2016 6592 1123 2016 6593 1126 126 6594 1123 126 6595 1122 126 6596 1130 2017 6597 1109 2017 6598 1110 2017 6599 1131 2018 6600 1108 2018 6601 1107 2018 6602 1130 2019 6603 1110 2019 6604 1132 2019 6605 1131 2020 6606 1107 2020 6607 1125 2020 6608 1133 2021 6609 1109 2021 6610 1130 2021 6611 1134 2022 6612 1111 2022 6613 1108 2022 6614 1133 2023 6615 1112 2023 6616 1109 2023 6617 1134 2024 6618 1108 2024 6619 1131 2024 6620 1135 2025 6621 1114 2025 6622 1111 2025 6623 1135 2026 6624 1111 2026 6625 1134 2026 6626 1136 2027 6627 1115 2027 6628 1112 2027 6629 1137 2028 6630 1118 2028 6631 1117 2028 6632 1136 2029 6633 1112 2029 6634 1133 2029 6635 1137 2030 6636 1138 2030 6637 1118 2030 6638 1137 2031 6639 1117 2031 6640 1114 2031 6641 1137 2032 6642 1114 2032 6643 1135 2032 6644 1139 2033 6645 1115 2033 6646 1136 2033 6647 1140 2034 6648 1124 2034 6649 1100 2034 6650 1139 2035 6651 1119 2035 6652 1115 2035 6653 1140 2036 6654 1121 2036 6655 1124 2036 6656 1141 2037 6657 1122 2037 6658 1119 2037 6659 1141 2038 6660 1119 2038 6661 1139 2038 6662 1140 2039 6663 1100 2039 6664 1099 2039 6665 1142 150 6666 1143 150 6667 1127 150 6668 1144 151 6669 1125 151 6670 1121 151 6671 1142 2040 6672 1126 2040 6673 1122 2040 6674 1142 2041 6675 1127 2041 6676 1126 2041 6677 1142 2042 6678 1122 2042 6679 1141 2042 6680 1144 2043 6681 1121 2043 6682 1140 2043 6683 1145 2044 6684 1130 2044 6685 1132 2044 6686 1144 2045 6687 1140 2045 6688 1099 2045 6689 1145 2046 6690 1132 2046 6691 1146 2046 6692 1144 2047 6693 1099 2047 6694 1113 2047 6695 1147 2048 6696 1131 2048 6697 1125 2048 6698 1147 2049 6699 1125 2049 6700 1144 2049 6701 1148 162 6702 1130 162 6703 1145 162 6704 1147 2050 6705 1144 2050 6706 1113 2050 6707 1147 2051 6708 1113 2051 6709 1116 2051 6710 1148 165 6711 1133 165 6712 1130 165 6713 1149 2052 6714 1134 2052 6715 1131 2052 6716 1150 2053 6717 1133 2053 6718 1148 2053 6719 1149 168 6720 1131 168 6721 1147 168 6722 1150 2054 6723 1136 2054 6724 1133 2054 6725 1149 2055 6726 1116 2055 6727 1120 2055 6728 1149 2056 6729 1147 2056 6730 1116 2056 6731 1151 2057 6732 1135 2057 6733 1134 2057 6734 1152 2058 6735 1136 2058 6736 1150 2058 6737 1151 2059 6738 1120 2059 6739 1123 2059 6740 1151 2060 6741 1134 2060 6742 1149 2060 6743 1151 2061 6744 1149 2061 6745 1120 2061 6746 1152 2062 6747 1139 2062 6748 1136 2062 6749 1153 178 6750 1154 178 6751 1138 178 6752 1153 179 6753 1128 179 6754 1154 179 6755 1153 2063 6756 1138 2063 6757 1137 2063 6758 1153 2064 6759 1137 2064 6760 1135 2064 6761 1155 2065 6762 1141 2065 6763 1139 2065 6764 1153 183 6765 1151 183 6766 1123 183 6767 1155 2066 6768 1139 2066 6769 1152 2066 6770 1153 2067 6771 1129 2067 6772 1128 2067 6773 1156 2068 6774 1157 2068 6775 1143 2068 6776 1153 2069 6777 1123 2069 6778 1129 2069 6779 1153 2070 6780 1135 2070 6781 1151 2070 6782 1156 2071 6783 1143 2071 6784 1142 2071 6785 1156 2072 6786 1142 2072 6787 1141 2072 6788 1156 2073 6789 1141 2073 6790 1155 2073 6791 1158 2074 6792 1146 2074 6793 1159 2074 6794 1158 2075 6795 1145 2075 6796 1146 2075 6797 1160 2076 6798 1148 2076 6799 1145 2076 6800 1160 2077 6801 1145 2077 6802 1158 2077 6803 1161 2078 6804 1150 2078 6805 1148 2078 6806 1161 2079 6807 1148 2079 6808 1160 2079 6809 1162 2080 6810 1152 2080 6811 1150 2080 6812 1162 2081 6813 1150 2081 6814 1161 2081 6815 1163 200 6816 1155 200 6817 1152 200 6818 1163 2082 6819 1152 2082 6820 1162 2082 6821 1164 2083 6822 1165 2083 6823 1157 2083 6824 1164 2084 6825 1155 2084 6826 1163 2084 6827 1164 2085 6828 1156 2085 6829 1155 2085 6830 1164 2086 6831 1157 2086 6832 1156 2086 6833 1166 2087 6834 1159 2087 6835 1167 2087 6836 1166 2088 6837 1158 2088 6838 1159 2088 6839 1168 2089 6840 1158 2089 6841 1166 2089 6842 1168 2090 6843 1160 2090 6844 1158 2090 6845 1169 2091 6846 1160 2091 6847 1168 2091 6848 1169 2092 6849 1161 2092 6850 1160 2092 6851 1170 2093 6852 1161 2093 6853 1169 2093 6854 1170 2094 6855 1162 2094 6856 1161 2094 6857 1171 2095 6858 1162 2095 6859 1170 2095 6860 1171 2096 6861 1163 2096 6862 1162 2096 6863 1172 2097 6864 1173 2097 6865 1165 2097 6866 1172 217 6867 1163 217 6868 1171 217 6869 1172 2098 6870 1165 2098 6871 1164 2098 6872 1172 2099 6873 1164 2099 6874 1163 2099 6875 1174 2100 6876 1166 2100 6877 1167 2100 6878 1174 2101 6879 1167 2101 6880 1175 2101 6881 1176 2102 6882 1168 2102 6883 1166 2102 6884 1176 2103 6885 1166 2103 6886 1174 2103 6887 1177 2104 6888 1168 2104 6889 1176 2104 6890 1177 2105 6891 1169 2105 6892 1168 2105 6893 1178 2106 6894 1169 2106 6895 1177 2106 6896 1178 2107 6897 1170 2107 6898 1169 2107 6899 1179 2108 6900 1171 2108 6901 1170 2108 6902 1179 2109 6903 1170 2109 6904 1178 2109 6905 1180 2110 6906 1181 2110 6907 1173 2110 6908 1180 2111 6909 1173 2111 6910 1172 2111 6911 1180 232 6912 1172 232 6913 1171 232 6914 1180 2112 6915 1171 2112 6916 1179 2112 6917 1182 2113 6918 1174 2113 6919 1175 2113 6920 1182 2114 6921 1175 2114 6922 1183 2114 6923 1184 2115 6924 1176 2115 6925 1174 2115 6926 1184 2116 6927 1174 2116 6928 1182 2116 6929 1185 2117 6930 1176 2117 6931 1184 2117 6932 1185 2118 6933 1177 2118 6934 1176 2118 6935 1186 2119 6936 1178 2119 6937 1177 2119 6938 1186 241 6939 1177 241 6940 1185 241 6941 1187 2120 6942 1178 2120 6943 1186 2120 6944 1187 2121 6945 1179 2121 6946 1178 2121 6947 1188 244 6948 1189 244 6949 1181 244 6950 1188 2122 6951 1181 2122 6952 1180 2122 6953 1188 2123 6954 1180 2123 6955 1179 2123 6956 1188 2124 6957 1179 2124 6958 1187 2124 6959 1190 2125 6960 1182 2125 6961 1183 2125 6962 1190 2126 6963 1183 2126 6964 1191 2126 6965 1192 2127 6966 1182 2127 6967 1190 2127 6968 1192 2128 6969 1184 2128 6970 1182 2128 6971 1193 2129 6972 1185 2129 6973 1184 2129 6974 1193 2130 6975 1184 2130 6976 1192 2130 6977 1194 2131 6978 1186 2131 6979 1185 2131 6980 1194 255 6981 1185 255 6982 1193 255 6983 1195 2132 6984 1187 2132 6985 1186 2132 6986 1195 2133 6987 1186 2133 6988 1194 2133 6989 1196 2134 6990 1197 2134 6991 1189 2134 6992 1196 2135 6993 1189 2135 6994 1188 2135 6995 1196 2136 6996 1188 2136 6997 1187 2136 6998 1196 2137 6999 1187 2137 7000 1195 2137 7001 1198 2138 7002 1191 2138 7003 1199 2138 7004 1198 2139 7005 1190 2139 7006 1191 2139 7007 1200 2140 7008 1192 2140 7009 1190 2140 7010 1200 2141 7011 1190 2141 7012 1198 2141 7013 1201 2142 7014 1193 2142 7015 1192 2142 7016 1201 2143 7017 1192 2143 7018 1200 2143 7019 1202 2144 7020 1194 2144 7021 1193 2144 7022 1202 2145 7023 1193 2145 7024 1201 2145 7025 1203 2146 7026 1195 2146 7027 1194 2146 7028 1203 2147 7029 1194 2147 7030 1202 2147 7031 1204 2148 7032 1205 2148 7033 1197 2148 7034 1204 2149 7035 1197 2149 7036 1196 2149 7037 1204 2150 7038 1196 2150 7039 1195 2150 7040 1204 2151 7041 1195 2151 7042 1203 2151 7043 1206 2152 7044 1198 2152 7045 1199 2152 7046 1206 2153 7047 1199 2153 7048 1207 2153 7049 1208 2154 7050 1200 2154 7051 1198 2154 7052 1208 2155 7053 1198 2155 7054 1206 2155 7055 1209 2156 7056 1201 2156 7057 1200 2156 7058 1209 2157 7059 1200 2157 7060 1208 2157 7061 1210 2158 7062 1202 2158 7063 1201 2158 7064 1210 2159 7065 1201 2159 7066 1209 2159 7067 1211 2160 7068 1202 2160 7069 1210 2160 7070 1211 2161 7071 1203 2161 7072 1202 2161 7073 1212 2162 7074 1203 2162 7075 1211 2162 7076 1212 287 7077 1213 287 7078 1205 287 7079 1212 2163 7080 1205 2163 7081 1204 2163 7082 1212 2164 7083 1204 2164 7084 1203 2164 7085 1214 2165 7086 1207 2165 7087 1215 2165 7088 1214 291 7089 1206 291 7090 1207 291 7091 1216 292 7092 1206 292 7093 1214 292 7094 1216 293 7095 1208 293 7096 1206 293 7097 1217 2166 7098 1208 2166 7099 1216 2166 7100 1217 2167 7101 1209 2167 7102 1208 2167 7103 1218 2168 7104 1209 2168 7105 1217 2168 7106 1218 2169 7107 1210 2169 7108 1209 2169 7109 1219 2170 7110 1211 2170 7111 1210 2170 7112 1219 2171 7113 1210 2171 7114 1218 2171 7115 1220 2172 7116 1212 2172 7117 1211 2172 7118 1220 2173 7119 1213 2173 7120 1212 2173 7121 1220 2174 7122 1221 2174 7123 1213 2174 7124 1220 2175 7125 1211 2175 7126 1219 2175 7127 1222 2176 7128 1214 2176 7129 1215 2176 7130 1222 2177 7131 1215 2177 7132 1223 2177 7133 1224 2178 7134 1214 2178 7135 1222 2178 7136 1224 307 7137 1216 307 7138 1214 307 7139 1225 2179 7140 1217 2179 7141 1216 2179 7142 1225 2180 7143 1216 2180 7144 1224 2180 7145 1226 2181 7146 1218 2181 7147 1217 2181 7148 1226 311 7149 1217 311 7150 1225 311 7151 1227 2182 7152 1219 2182 7153 1218 2182 7154 1227 2183 7155 1218 2183 7156 1226 2183 7157 1228 2184 7158 1219 2184 7159 1227 2184 7160 1228 2185 7161 1229 2185 7162 1221 2185 7163 1228 2186 7164 1221 2186 7165 1220 2186 7166 1228 2187 7167 1220 2187 7168 1219 2187 7169 1230 2188 7170 1222 2188 7171 1223 2188 7172 1230 2189 7173 1223 2189 7174 1231 2189 7175 1232 2190 7176 1224 2190 7177 1222 2190 7178 1232 2191 7179 1222 2191 7180 1230 2191 7181 1233 2192 7182 1225 2192 7183 1224 2192 7184 1233 2193 7185 1224 2193 7186 1232 2193 7187 1234 2194 7188 1226 2194 7189 1225 2194 7190 1234 2195 7191 1225 2195 7192 1233 2195 7193 1235 2196 7194 1227 2196 7195 1226 2196 7196 1235 2197 7197 1226 2197 7198 1234 2197 7199 1236 2198 7200 1237 2198 7201 1229 2198 7202 1236 2199 7203 1229 2199 7204 1228 2199 7205 1236 2200 7206 1228 2200 7207 1227 2200 7208 1236 2201 7209 1227 2201 7210 1235 2201 7211 1238 2202 7212 1230 2202 7213 1231 2202 7214 1238 2203 7215 1231 2203 7216 1239 2203 7217 1240 2204 7218 1232 2204 7219 1230 2204 7220 1240 2205 7221 1230 2205 7222 1238 2205 7223 1241 2206 7224 1233 2206 7225 1232 2206 7226 1241 2207 7227 1232 2207 7228 1240 2207 7229 1242 2208 7230 1233 2208 7231 1241 2208 7232 1242 2209 7233 1234 2209 7234 1233 2209 7235 1243 2210 7236 1235 2210 7237 1234 2210 7238 1243 2211 7239 1234 2211 7240 1242 2211 7241 1244 2212 7242 1245 2212 7243 1237 2212 7244 1244 2213 7245 1237 2213 7246 1236 2213 7247 1244 2214 7248 1236 2214 7249 1235 2214 7250 1244 2215 7251 1235 2215 7252 1243 2215 7253 1246 2216 7254 1238 2216 7255 1239 2216 7256 1246 2217 7257 1239 2217 7258 1247 2217 7259 1042 2218 7260 1240 2218 7261 1238 2218 7262 1042 2219 7263 1238 2219 7264 1246 2219 7265 1041 2220 7266 1240 2220 7267 1042 2220 7268 1041 2221 7269 1241 2221 7270 1240 2221 7271 1045 2222 7272 1242 2222 7273 1241 2222 7274 1045 2223 7275 1241 2223 7276 1041 2223 7277 1047 2224 7278 1242 2224 7279 1045 2224 7280 1047 2225 7281 1243 2225 7282 1242 2225 7283 1051 2226 7284 1050 2226 7285 1245 2226 7286 1051 2227 7287 1245 2227 7288 1244 2227 7289 1051 2228 7290 1244 2228 7291 1243 2228 7292 1051 2229 7293 1243 2229 7294 1047 2229 7295 1055 2230 7296 1247 2230 7297 1053 2230 7298 1055 2231 7299 1246 2231 7300 1247 2231 7301 1043 362 7302 1246 362 7303 1055 362 7304 1043 363 7305 1042 363 7306 1246 363 7307 1248 2232 7308 1249 2232 7309 1250 2232 7310 1251 2233 7311 1252 2233 7312 1253 2233 7313 1251 2234 7314 1254 2234 7315 1252 2234 7316 1255 2235 7317 1256 2235 7318 1257 2235 7319 1258 368 7320 1253 368 7321 1259 368 7322 1258 2236 7323 1259 2236 7324 1260 2236 7325 1261 2237 7326 1262 2237 7327 1263 2237 7328 1261 2238 7329 1260 2238 7330 1262 2238 7331 1264 2239 7332 1265 2239 7333 1266 2239 7334 1264 373 7335 1266 373 7336 1248 373 7337 1264 374 7338 1248 374 7339 1254 374 7340 1264 2240 7341 1254 2240 7342 1251 2240 7343 1267 2241 7344 1251 2241 7345 1253 2241 7346 1267 2242 7347 1253 2242 7348 1258 2242 7349 1268 2243 7350 1258 2243 7351 1260 2243 7352 1268 2244 7353 1260 2244 7354 1261 2244 7355 1269 2245 7356 1263 2245 7357 1270 2245 7358 1269 2246 7359 1261 2246 7360 1263 2246 7361 1271 2247 7362 1272 2247 7363 1265 2247 7364 1271 2248 7365 1251 2248 7366 1267 2248 7367 1271 2249 7368 1265 2249 7369 1264 2249 7370 1271 2250 7371 1264 2250 7372 1251 2250 7373 1273 2251 7374 1258 2251 7375 1268 2251 7376 1273 2252 7377 1267 2252 7378 1258 2252 7379 1274 2253 7380 1268 2253 7381 1261 2253 7382 1274 2254 7383 1261 2254 7384 1269 2254 7385 1275 2255 7386 1276 2255 7387 1257 2255 7388 1275 2256 7389 1270 2256 7390 1276 2256 7391 1275 2257 7392 1257 2257 7393 1256 2257 7394 1275 2258 7395 1269 2258 7396 1270 2258 7397 1277 2259 7398 1278 2259 7399 1272 2259 7400 1277 2260 7401 1272 2260 7402 1271 2260 7403 1277 2261 7404 1271 2261 7405 1267 2261 7406 1277 2262 7407 1267 2262 7408 1273 2262 7409 1279 2263 7410 1268 2263 7411 1274 2263 7412 1279 2264 7413 1273 2264 7414 1268 2264 7415 1280 2265 7416 1256 2265 7417 1281 2265 7418 1280 2266 7419 1275 2266 7420 1256 2266 7421 1280 2267 7422 1274 2267 7423 1269 2267 7424 1280 2268 7425 1269 2268 7426 1275 2268 7427 1282 2269 7428 1277 2269 7429 1273 2269 7430 1282 2270 7431 1283 2270 7432 1278 2270 7433 1282 2271 7434 1278 2271 7435 1277 2271 7436 1282 2272 7437 1273 2272 7438 1279 2272 7439 1284 2273 7440 1279 2273 7441 1274 2273 7442 1284 2274 7443 1281 2274 7444 1285 2274 7445 1284 410 7446 1274 410 7447 1280 410 7448 1284 2275 7449 1280 2275 7450 1281 2275 7451 1286 2276 7452 1279 2276 7453 1284 2276 7454 1286 2277 7455 1282 2277 7456 1279 2277 7457 1286 2278 7458 1287 2278 7459 1283 2278 7460 1286 415 7461 1288 415 7462 1287 415 7463 1286 416 7464 1289 416 7465 1288 416 7466 1286 417 7467 1285 417 7468 1289 417 7469 1286 2279 7470 1283 2279 7471 1282 2279 7472 1286 2280 7473 1284 2280 7474 1285 2280 7475 1290 420 7476 1256 420 7477 1255 420 7478 1291 2281 7479 1281 2281 7480 1256 2281 7481 1291 2282 7482 1256 2282 7483 1290 2282 7484 1292 2283 7485 1255 2283 7486 1293 2283 7487 1292 2284 7488 1290 2284 7489 1255 2284 7490 1294 2285 7491 1285 2285 7492 1281 2285 7493 1294 2286 7494 1281 2286 7495 1291 2286 7496 1295 2287 7497 1290 2287 7498 1292 2287 7499 1295 2288 7500 1291 2288 7501 1290 2288 7502 1296 2289 7503 1292 2289 7504 1293 2289 7505 1296 2290 7506 1293 2290 7507 1297 2290 7508 1298 431 7509 1299 431 7510 1288 431 7511 1298 432 7512 1288 432 7513 1289 432 7514 1298 433 7515 1289 433 7516 1285 433 7517 1298 2291 7518 1285 2291 7519 1294 2291 7520 1300 2292 7521 1291 2292 7522 1295 2292 7523 1300 2293 7524 1294 2293 7525 1291 2293 7526 1301 2294 7527 1292 2294 7528 1296 2294 7529 1301 2295 7530 1295 2295 7531 1292 2295 7532 1302 2296 7533 1297 2296 7534 1303 2296 7535 1302 2297 7536 1296 2297 7537 1297 2297 7538 1304 2298 7539 1305 2298 7540 1299 2298 7541 1304 2299 7542 1299 2299 7543 1298 2299 7544 1304 2300 7545 1294 2300 7546 1300 2300 7547 1304 2301 7548 1298 2301 7549 1294 2301 7550 1306 2302 7551 1300 2302 7552 1295 2302 7553 1306 2303 7554 1295 2303 7555 1301 2303 7556 1307 447 7557 1296 447 7558 1302 447 7559 1307 2304 7560 1301 2304 7561 1296 2304 7562 1308 2305 7563 1303 2305 7564 1309 2305 7565 1308 2306 7566 1302 2306 7567 1303 2306 7568 1310 2307 7569 1300 2307 7570 1306 2307 7571 1310 2308 7572 1311 2308 7573 1305 2308 7574 1310 2309 7575 1305 2309 7576 1304 2309 7577 1310 2310 7578 1304 2310 7579 1300 2310 7580 1312 2311 7581 1306 2311 7582 1301 2311 7583 1312 2312 7584 1301 2312 7585 1307 2312 7586 1313 457 7587 1302 457 7588 1308 457 7589 1313 2313 7590 1307 2313 7591 1302 2313 7592 1314 2314 7593 1309 2314 7594 1315 2314 7595 1314 2315 7596 1308 2315 7597 1309 2315 7598 1316 2316 7599 1306 2316 7600 1312 2316 7601 1316 2317 7602 1317 2317 7603 1311 2317 7604 1316 2318 7605 1310 2318 7606 1306 2318 7607 1316 2319 7608 1311 2319 7609 1310 2319 7610 1318 465 7611 1307 465 7612 1313 465 7613 1318 2320 7614 1312 2320 7615 1307 2320 7616 1319 2321 7617 1313 2321 7618 1308 2321 7619 1319 468 7620 1308 468 7621 1314 468 7622 1320 2322 7623 1315 2322 7624 1321 2322 7625 1320 2323 7626 1314 2323 7627 1315 2323 7628 1322 2324 7629 1316 2324 7630 1312 2324 7631 1322 2325 7632 1323 2325 7633 1317 2325 7634 1322 2326 7635 1312 2326 7636 1318 2326 7637 1322 2327 7638 1317 2327 7639 1316 2327 7640 1324 2328 7641 1318 2328 7642 1313 2328 7643 1324 2329 7644 1313 2329 7645 1319 2329 7646 1325 2330 7647 1314 2330 7648 1320 2330 7649 1325 2331 7650 1319 2331 7651 1314 2331 7652 1326 2332 7653 1321 2332 7654 1327 2332 7655 1326 2333 7656 1320 2333 7657 1321 2333 7658 1328 2334 7659 1318 2334 7660 1324 2334 7661 1328 2335 7662 1322 2335 7663 1318 2335 7664 1328 2336 7665 1329 2336 7666 1323 2336 7667 1328 2337 7668 1323 2337 7669 1322 2337 7670 1330 485 7671 1324 485 7672 1319 485 7673 1330 2338 7674 1319 2338 7675 1325 2338 7676 1331 2339 7677 1325 2339 7678 1320 2339 7679 1331 2340 7680 1320 2340 7681 1326 2340 7682 1332 2341 7683 1327 2341 7684 1333 2341 7685 1332 2342 7686 1326 2342 7687 1327 2342 7688 1334 2343 7689 1324 2343 7690 1330 2343 7691 1334 492 7692 1335 492 7693 1329 492 7694 1334 493 7695 1328 493 7696 1324 493 7697 1334 494 7698 1329 494 7699 1328 494 7700 1336 2344 7701 1330 2344 7702 1325 2344 7703 1336 496 7704 1325 496 7705 1331 496 7706 1337 2345 7707 1331 2345 7708 1326 2345 7709 1337 2346 7710 1326 2346 7711 1332 2346 7712 1338 2347 7713 1332 2347 7714 1333 2347 7715 1338 2348 7716 1333 2348 7717 1339 2348 7718 1340 2349 7719 1335 2349 7720 1334 2349 7721 1340 2350 7722 1341 2350 7723 1335 2350 7724 1340 2351 7725 1330 2351 7726 1336 2351 7727 1340 2352 7728 1334 2352 7729 1330 2352 7730 1342 2353 7731 1331 2353 7732 1337 2353 7733 1342 2354 7734 1336 2354 7735 1331 2354 7736 1343 2355 7737 1332 2355 7738 1338 2355 7739 1343 2356 7740 1337 2356 7741 1332 2356 7742 1344 2357 7743 1338 2357 7744 1339 2357 7745 1344 2358 7746 1339 2358 7747 1345 2358 7748 1346 2359 7749 1340 2359 7750 1336 2359 7751 1346 2360 7752 1336 2360 7753 1342 2360 7754 1346 513 7755 1347 513 7756 1341 513 7757 1346 514 7758 1341 514 7759 1340 514 7760 1348 2361 7761 1342 2361 7762 1337 2361 7763 1348 2362 7764 1337 2362 7765 1343 2362 7766 1349 2363 7767 1343 2363 7768 1338 2363 7769 1349 2364 7770 1338 2364 7771 1344 2364 7772 1350 2365 7773 1345 2365 7774 1351 2365 7775 1350 2366 7776 1344 2366 7777 1345 2366 7778 1352 2367 7779 1342 2367 7780 1348 2367 7781 1352 2368 7782 1346 2368 7783 1342 2368 7784 1352 2369 7785 1353 2369 7786 1347 2369 7787 1352 2370 7788 1347 2370 7789 1346 2370 7790 1354 2371 7791 1348 2371 7792 1343 2371 7793 1354 2372 7794 1343 2372 7795 1349 2372 7796 1355 2373 7797 1349 2373 7798 1344 2373 7799 1355 2374 7800 1344 2374 7801 1350 2374 7802 1356 2375 7803 1351 2375 7804 1357 2375 7805 1356 2376 7806 1350 2376 7807 1351 2376 7808 1358 531 7809 1348 531 7810 1354 531 7811 1358 2377 7812 1352 2377 7813 1348 2377 7814 1358 2378 7815 1359 2378 7816 1353 2378 7817 1358 2379 7818 1353 2379 7819 1352 2379 7820 1360 2380 7821 1354 2380 7822 1349 2380 7823 1360 2381 7824 1349 2381 7825 1355 2381 7826 1361 2382 7827 1355 2382 7828 1350 2382 7829 1361 2383 7830 1350 2383 7831 1356 2383 7832 1362 2384 7833 1356 2384 7834 1357 2384 7835 1362 2385 7836 1357 2385 7837 1363 2385 7838 1364 2386 7839 1365 2386 7840 1359 2386 7841 1364 2387 7842 1358 2387 7843 1354 2387 7844 1364 2388 7845 1359 2388 7846 1358 2388 7847 1364 2389 7848 1354 2389 7849 1360 2389 7850 1366 2390 7851 1355 2390 7852 1361 2390 7853 1366 2391 7854 1360 2391 7855 1355 2391 7856 1367 2392 7857 1361 2392 7858 1356 2392 7859 1367 2393 7860 1356 2393 7861 1362 2393 7862 1368 2394 7863 1363 2394 7864 1369 2394 7865 1368 2395 7866 1362 2395 7867 1363 2395 7868 1370 551 7869 1371 551 7870 1365 551 7871 1370 2396 7872 1365 2396 7873 1364 2396 7874 1370 2397 7875 1364 2397 7876 1360 2397 7877 1370 554 7878 1360 554 7879 1366 554 7880 1372 2398 7881 1366 2398 7882 1361 2398 7883 1372 2399 7884 1361 2399 7885 1367 2399 7886 1373 2400 7887 1367 2400 7888 1362 2400 7889 1373 2401 7890 1362 2401 7891 1368 2401 7892 1374 2402 7893 1369 2402 7894 1375 2402 7895 1374 2403 7896 1368 2403 7897 1369 2403 7898 1376 2404 7899 1377 2404 7900 1371 2404 7901 1376 2405 7902 1371 2405 7903 1370 2405 7904 1376 2406 7905 1366 2406 7906 1372 2406 7907 1376 2407 7908 1370 2407 7909 1366 2407 7910 1378 2408 7911 1367 2408 7912 1373 2408 7913 1378 2409 7914 1372 2409 7915 1367 2409 7916 1379 2410 7917 1373 2410 7918 1368 2410 7919 1379 2411 7920 1368 2411 7921 1374 2411 7922 1380 2412 7923 1375 2412 7924 1381 2412 7925 1380 2413 7926 1374 2413 7927 1375 2413 7928 1382 2414 7929 1383 2414 7930 1377 2414 7931 1382 2415 7932 1377 2415 7933 1376 2415 7934 1382 2416 7935 1376 2416 7936 1372 2416 7937 1382 2417 7938 1372 2417 7939 1378 2417 7940 1384 2418 7941 1373 2418 7942 1379 2418 7943 1384 2419 7944 1378 2419 7945 1373 2419 7946 1385 2420 7947 1374 2420 7948 1380 2420 7949 1385 2421 7950 1379 2421 7951 1374 2421 7952 1386 2422 7953 1380 2422 7954 1381 2422 7955 1386 2423 7956 1381 2423 7957 1387 2423 7958 1388 2424 7959 1389 2424 7960 1383 2424 7961 1388 2425 7962 1382 2425 7963 1378 2425 7964 1388 2426 7965 1378 2426 7966 1384 2426 7967 1388 2427 7968 1383 2427 7969 1382 2427 7970 1390 2428 7971 1379 2428 7972 1385 2428 7973 1390 2429 7974 1384 2429 7975 1379 2429 7976 1391 2430 7977 1385 2430 7978 1380 2430 7979 1391 2431 7980 1380 2431 7981 1386 2431 7982 1392 2432 7983 1386 2432 7984 1387 2432 7985 1392 590 7986 1387 590 7987 1393 590 7988 1394 2433 7989 1395 2433 7990 1389 2433 7991 1394 2434 7992 1389 2434 7993 1388 2434 7994 1394 2435 7995 1388 2435 7996 1384 2435 7997 1394 2436 7998 1384 2436 7999 1390 2436 8000 1396 2437 8001 1385 2437 8002 1391 2437 8003 1396 2438 8004 1390 2438 8005 1385 2438 8006 1397 2439 8007 1386 2439 8008 1392 2439 8009 1397 598 8010 1391 598 8011 1386 598 8012 1398 2440 8013 1392 2440 8014 1393 2440 8015 1398 2441 8016 1393 2441 8017 1399 2441 8018 1400 601 8019 1401 601 8020 1395 601 8021 1400 602 8022 1395 602 8023 1394 602 8024 1400 2442 8025 1394 2442 8026 1390 2442 8027 1400 2443 8028 1390 2443 8029 1396 2443 8030 1250 2444 8031 1391 2444 8032 1397 2444 8033 1250 2445 8034 1396 2445 8035 1391 2445 8036 1252 2446 8037 1397 2446 8038 1392 2446 8039 1252 2447 8040 1392 2447 8041 1398 2447 8042 1259 2448 8043 1398 2448 8044 1399 2448 8045 1259 2449 8046 1399 2449 8047 1402 2449 8048 1249 2450 8049 1403 2450 8050 1401 2450 8051 1249 2451 8052 1401 2451 8053 1400 2451 8054 1249 2452 8055 1400 2452 8056 1396 2452 8057 1249 2453 8058 1396 2453 8059 1250 2453 8060 1254 2454 8061 1250 2454 8062 1397 2454 8063 1254 2455 8064 1397 2455 8065 1252 2455 8066 1253 2456 8067 1252 2456 8068 1398 2456 8069 1253 2457 8070 1398 2457 8071 1259 2457 8072 1260 2458 8073 1402 2458 8074 1262 2458 8075 1260 2459 8076 1259 2459 8077 1402 2459 8078 1248 621 8079 1266 621 8080 1403 621 8081 1248 622 8082 1250 622 8083 1254 622 8084 1248 623 8085 1403 623 8086 1249 623 8087 1404 2460 8088 1405 2460 8089 1406 2460 8090 1407 625 8091 1408 625 8092 1409 625 8093 1407 2461 8094 1410 2461 8095 1408 2461 8096 1407 2462 8097 1409 2462 8098 1411 2462 8099 1404 2463 8100 1406 2463 8101 1412 2463 8102 1404 2464 8103 1413 2464 8104 1414 2464 8105 1404 2465 8106 1412 2465 8107 1413 2465 8108 1415 2466 8109 1416 2466 8110 1417 2466 8111 1415 2467 8112 1417 2467 8113 1418 2467 8114 1419 2468 8115 1420 2468 8116 1421 2468 8117 1422 2469 8118 1407 2469 8119 1411 2469 8120 1422 2470 8121 1423 2470 8122 1424 2470 8123 1419 2471 8124 1421 2471 8125 1425 2471 8126 1426 2472 8127 1404 2472 8128 1414 2472 8129 1422 2473 8130 1424 2473 8131 1407 2473 8132 1426 2474 8133 1414 2474 8134 1420 2474 8135 1422 2475 8136 1411 2475 8137 1416 2475 8138 1426 2476 8139 1427 2476 8140 1405 2476 8141 1426 2477 8142 1405 2477 8143 1404 2477 8144 1428 2478 8145 1419 2478 8146 1425 2478 8147 1429 2479 8148 1418 2479 8149 1430 2479 8150 1429 2480 8151 1415 2480 8152 1418 2480 8153 1431 2481 8154 1423 2481 8155 1422 2481 8156 1431 2482 8157 1432 2482 8158 1423 2482 8159 1428 2483 8160 1425 2483 8161 1433 2483 8162 1434 2484 8163 1426 2484 8164 1420 2484 8165 1431 2485 8166 1416 2485 8167 1415 2485 8168 1434 2486 8169 1427 2486 8170 1426 2486 8171 1434 2487 8172 1435 2487 8173 1427 2487 8174 1431 2488 8175 1422 2488 8176 1416 2488 8177 1434 2489 8178 1420 2489 8179 1419 2489 8180 1436 2490 8181 1428 2490 8182 1433 2490 8183 1437 2491 8184 1430 2491 8185 1438 2491 8186 1437 2492 8187 1429 2492 8188 1430 2492 8189 1439 2493 8190 1440 2493 8191 1432 2493 8192 1436 2494 8193 1433 2494 8194 1441 2494 8195 1439 2495 8196 1415 2495 8197 1429 2495 8198 1442 2496 8199 1419 2496 8200 1428 2496 8201 1439 2497 8202 1431 2497 8203 1415 2497 8204 1439 2498 8205 1432 2498 8206 1431 2498 8207 1442 2499 8208 1435 2499 8209 1434 2499 8210 1442 2500 8211 1443 2500 8212 1435 2500 8213 1442 2501 8214 1434 2501 8215 1419 2501 8216 1444 2502 8217 1436 2502 8218 1441 2502 8219 1445 2503 8220 1438 2503 8221 1446 2503 8222 1445 2504 8223 1437 2504 8224 1438 2504 8225 1447 2505 8226 1439 2505 8227 1429 2505 8228 1444 2506 8229 1441 2506 8230 1448 2506 8231 1447 2507 8232 1449 2507 8233 1440 2507 8234 1450 2508 8235 1428 2508 8236 1436 2508 8237 1450 2509 8238 1451 2509 8239 1443 2509 8240 1447 2510 8241 1440 2510 8242 1439 2510 8243 1450 2511 8244 1443 2511 8245 1442 2511 8246 1447 2512 8247 1429 2512 8248 1437 2512 8249 1450 2513 8250 1442 2513 8251 1428 2513 8252 1452 2514 8253 1446 2514 8254 1453 2514 8255 1452 2515 8256 1445 2515 8257 1446 2515 8258 1454 2516 8259 1444 2516 8260 1448 2516 8261 1455 682 8262 1437 682 8263 1445 682 8264 1455 2517 8265 1456 2517 8266 1449 2517 8267 1454 2518 8268 1448 2518 8269 1457 2518 8270 1458 2519 8271 1450 2519 8272 1436 2519 8273 1455 2520 8274 1447 2520 8275 1437 2520 8276 1458 2521 8277 1436 2521 8278 1444 2521 8279 1458 2522 8280 1459 2522 8281 1451 2522 8282 1455 2523 8283 1449 2523 8284 1447 2523 8285 1458 690 8286 1451 690 8287 1450 690 8288 1460 2524 8289 1454 2524 8290 1457 2524 8291 1461 2525 8292 1453 2525 8293 1462 2525 8294 1461 2526 8295 1452 2526 8296 1453 2526 8297 1463 2527 8298 1464 2527 8299 1456 2527 8300 1460 2528 8301 1457 2528 8302 1465 2528 8303 1463 2529 8304 1445 2529 8305 1452 2529 8306 1466 2530 8307 1467 2530 8308 1459 2530 8309 1463 2531 8310 1455 2531 8311 1445 2531 8312 1463 2532 8313 1456 2532 8314 1455 2532 8315 1466 2533 8316 1444 2533 8317 1454 2533 8318 1466 2534 8319 1459 2534 8320 1458 2534 8321 1468 2535 8322 1461 2535 8323 1462 2535 8324 1466 2536 8325 1458 2536 8326 1444 2536 8327 1468 2537 8328 1462 2537 8329 1469 2537 8330 1470 2538 8331 1460 2538 8332 1465 2538 8333 1471 2539 8334 1452 2539 8335 1461 2539 8336 1471 2540 8337 1463 2540 8338 1452 2540 8339 1470 2541 8340 1465 2541 8341 1472 2541 8342 1471 2542 8343 1473 2542 8344 1464 2542 8345 1474 710 8346 1475 710 8347 1467 710 8348 1471 2543 8349 1464 2543 8350 1463 2543 8351 1474 2544 8352 1466 2544 8353 1454 2544 8354 1474 2545 8355 1454 2545 8356 1460 2545 8357 1476 2546 8358 1469 2546 8359 1477 2546 8360 1474 2547 8361 1467 2547 8362 1466 2547 8363 1478 2548 8364 1470 2548 8365 1472 2548 8366 1476 2549 8367 1468 2549 8368 1469 2549 8369 1479 2550 8370 1480 2550 8371 1473 2550 8372 1478 2551 8373 1472 2551 8374 1481 2551 8375 1479 2552 8376 1473 2552 8377 1471 2552 8378 1479 2553 8379 1461 2553 8380 1468 2553 8381 1482 2554 8382 1483 2554 8383 1475 2554 8384 1479 2555 8385 1471 2555 8386 1461 2555 8387 1482 2556 8388 1474 2556 8389 1460 2556 8390 1482 725 8391 1475 725 8392 1474 725 8393 1484 2557 8394 1477 2557 8395 1485 2557 8396 1482 2558 8397 1460 2558 8398 1470 2558 8399 1484 2559 8400 1476 2559 8401 1477 2559 8402 1486 2560 8403 1487 2560 8404 1488 2560 8405 1486 2561 8406 1481 2561 8407 1487 2561 8408 1489 2562 8409 1490 2562 8410 1488 2562 8411 1486 2563 8412 1488 2563 8413 1490 2563 8414 1491 2564 8415 1492 2564 8416 1480 2564 8417 1489 2565 8418 1488 2565 8419 1493 2565 8420 1486 2566 8421 1478 2566 8422 1481 2566 8423 1494 2567 8424 1495 2567 8425 1483 2567 8426 1491 2568 8427 1468 2568 8428 1476 2568 8429 1494 2569 8430 1482 2569 8431 1470 2569 8432 1491 2570 8433 1480 2570 8434 1479 2570 8435 1494 740 8436 1483 740 8437 1482 740 8438 1491 2571 8439 1479 2571 8440 1468 2571 8441 1494 2572 8442 1470 2572 8443 1478 2572 8444 1409 2573 8445 1493 2573 8446 1496 2573 8447 1409 2574 8448 1489 2574 8449 1493 2574 8450 1497 2575 8451 1498 2575 8452 1495 2575 8453 1413 2576 8454 1484 2576 8455 1485 2576 8456 1497 2577 8457 1499 2577 8458 1498 2577 8459 1497 2578 8460 1495 2578 8461 1494 2578 8462 1500 2579 8463 1501 2579 8464 1499 2579 8465 1497 2580 8466 1478 2580 8467 1486 2580 8468 1497 2581 8469 1486 2581 8470 1490 2581 8471 1413 2582 8472 1485 2582 8473 1502 2582 8474 1497 2583 8475 1503 2583 8476 1499 2583 8477 1500 2584 8478 1499 2584 8479 1503 2584 8480 1497 2585 8481 1494 2585 8482 1478 2585 8483 1504 2586 8484 1505 2586 8485 1492 2586 8486 1500 2587 8487 1503 2587 8488 1490 2587 8489 1497 2588 8490 1490 2588 8491 1503 2588 8492 1500 2589 8493 1490 2589 8494 1489 2589 8495 1504 2590 8496 1492 2590 8497 1491 2590 8498 1504 2591 8499 1476 2591 8500 1484 2591 8501 1504 2592 8502 1491 2592 8503 1476 2592 8504 1411 2593 8505 1496 2593 8506 1506 2593 8507 1411 2594 8508 1409 2594 8509 1496 2594 8510 1408 2595 8511 1410 2595 8512 1501 2595 8513 1414 2596 8514 1502 2596 8515 1507 2596 8516 1414 2597 8517 1413 2597 8518 1502 2597 8519 1408 2598 8520 1489 2598 8521 1409 2598 8522 1412 2599 8523 1505 2599 8524 1504 2599 8525 1408 2600 8526 1501 2600 8527 1500 2600 8528 1412 2601 8529 1406 2601 8530 1505 2601 8531 1408 2602 8532 1500 2602 8533 1489 2602 8534 1412 2603 8535 1484 2603 8536 1413 2603 8537 1412 2604 8538 1504 2604 8539 1484 2604 8540 1416 2605 8541 1506 2605 8542 1417 2605 8543 1416 2606 8544 1411 2606 8545 1506 2606 8546 1420 2607 8547 1507 2607 8548 1421 2607 8549 1407 2608 8550 1424 2608 8551 1410 2608 8552 1420 2609 8553 1414 2609 8554 1507 2609 8555 1288 2610 8556 1299 2610 8557 1488 2610 8558 1287 2611 8559 1288 2611 8560 1488 2611 8561 1287 2612 8562 1488 2612 8563 1487 2612 8564 1287 2613 8565 1487 2613 8566 1481 2613 8567 1283 2614 8568 1287 2614 8569 1481 2614 8570 1283 2615 8571 1481 2615 8572 1472 2615 8573 1278 2616 8574 1283 2616 8575 1472 2616 8576 1278 2617 8577 1472 2617 8578 1465 2617 8579 1365 786 8580 1371 786 8581 1485 786 8582 1365 2618 8583 1485 2618 8584 1477 2618 8585 1272 2619 8586 1278 2619 8587 1465 2619 8588 1365 2620 8589 1477 2620 8590 1469 2620 8591 1272 2621 8592 1465 2621 8593 1457 2621 8594 1359 2622 8595 1469 2622 8596 1462 2622 8597 1265 2623 8598 1272 2623 8599 1457 2623 8600 1265 2624 8601 1457 2624 8602 1448 2624 8603 1359 2625 8604 1365 2625 8605 1469 2625 8606 1266 2626 8607 1265 2626 8608 1448 2626 8609 1353 2627 8610 1462 2627 8611 1453 2627 8612 1266 2628 8613 1448 2628 8614 1441 2628 8615 1353 2629 8616 1359 2629 8617 1462 2629 8618 1403 2630 8619 1266 2630 8620 1441 2630 8621 1347 2631 8622 1453 2631 8623 1446 2631 8624 1403 801 8625 1441 801 8626 1433 801 8627 1347 2632 8628 1353 2632 8629 1453 2632 8630 1401 2633 8631 1403 2633 8632 1433 2633 8633 1341 2634 8634 1446 2634 8635 1438 2634 8636 1401 2635 8637 1433 2635 8638 1425 2635 8639 1341 806 8640 1347 806 8641 1446 806 8642 1395 807 8643 1401 807 8644 1425 807 8645 1395 2636 8646 1425 2636 8647 1421 2636 8648 1335 2637 8649 1438 2637 8650 1430 2637 8651 1389 2638 8652 1421 2638 8653 1507 2638 8654 1335 2639 8655 1341 2639 8656 1438 2639 8657 1389 2640 8658 1395 2640 8659 1421 2640 8660 1383 2641 8661 1507 2641 8662 1502 2641 8663 1329 2642 8664 1430 2642 8665 1418 2642 8666 1383 2643 8667 1389 2643 8668 1507 2643 8669 1377 2644 8670 1383 2644 8671 1502 2644 8672 1377 2645 8673 1502 2645 8674 1485 2645 8675 1329 2646 8676 1335 2646 8677 1430 2646 8678 1371 819 8679 1377 819 8680 1485 819 8681 1323 2647 8682 1418 2647 8683 1417 2647 8684 1323 2648 8685 1329 2648 8686 1418 2648 8687 1317 2649 8688 1417 2649 8689 1506 2649 8690 1317 2650 8691 1323 2650 8692 1417 2650 8693 1311 2651 8694 1317 2651 8695 1506 2651 8696 1311 2652 8697 1506 2652 8698 1496 2652 8699 1305 2653 8700 1311 2653 8701 1496 2653 8702 1299 2654 8703 1305 2654 8704 1496 2654 8705 1299 2655 8706 1496 2655 8707 1493 2655 8708 1299 2656 8709 1493 2656 8710 1488 2656 8711 1071 832 8712 1399 832 8713 1393 832 8714 1079 832 8715 1071 832 8716 1393 832 8717 1079 2657 8718 1393 2657 8719 1387 2657 8720 1101 2658 8721 1357 2658 8722 1351 2658 8723 1087 833 8724 1079 833 8725 1387 833 8726 1087 835 8727 1387 835 8728 1381 835 8729 1110 1828 8730 1351 1828 8731 1345 1828 8732 1110 2659 8733 1101 2659 8734 1351 2659 8735 1095 2660 8736 1087 2660 8737 1381 2660 8738 1095 1836 8739 1381 1836 8740 1375 1836 8741 1132 1826 8742 1345 1826 8743 1339 1826 8744 1106 2661 8745 1095 2661 8746 1375 2661 8747 1132 2662 8748 1110 2662 8749 1345 2662 8750 1106 1834 8751 1375 1834 8752 1369 1834 8753 1146 1825 8754 1339 1825 8755 1333 1825 8756 1124 2663 8757 1369 2663 8758 1363 2663 8759 1146 2664 8760 1132 2664 8761 1339 2664 8762 1124 2665 8763 1106 2665 8764 1369 2665 8765 1100 1830 8766 1363 1830 8767 1357 1830 8768 1100 1831 8769 1124 1831 8770 1363 1831 8771 1159 2666 8772 1333 2666 8773 1327 2666 8774 1159 1822 8775 1146 1822 8776 1333 1822 8777 1101 2667 8778 1100 2667 8779 1357 2667 8780 1167 852 8781 1327 852 8782 1321 852 8783 1167 853 8784 1159 853 8785 1327 853 8786 1175 854 8787 1321 854 8788 1315 854 8789 1175 2668 8790 1167 2668 8791 1321 2668 8792 1183 855 8793 1315 855 8794 1309 855 8795 1183 854 8796 1175 854 8797 1315 854 8798 1191 2669 8799 1309 2669 8800 1303 2669 8801 1191 2670 8802 1183 2670 8803 1309 2670 8804 1199 2671 8805 1303 2671 8806 1297 2671 8807 1199 2672 8808 1191 2672 8809 1303 2672 8810 1207 1805 8811 1297 1805 8812 1293 1805 8813 1207 2673 8814 1199 2673 8815 1297 2673 8816 1215 2674 8817 1207 2674 8818 1293 2674 8819 1215 1807 8820 1293 1807 8821 1255 1807 8822 1223 2675 8823 1215 2675 8824 1255 2675 8825 1223 1803 8826 1255 1803 8827 1257 1803 8828 1231 2676 8829 1223 2676 8830 1257 2676 8831 1231 1817 8832 1257 1817 8833 1276 1817 8834 1239 2677 8835 1231 2677 8836 1276 2677 8837 1239 1814 8838 1276 1814 8839 1270 1814 8840 1247 1810 8841 1239 1810 8842 1270 1810 8843 1247 1812 8844 1270 1812 8845 1263 1812 8846 1053 2678 8847 1247 2678 8848 1263 2678 8849 1053 2679 8850 1263 2679 8851 1262 2679 8852 1054 2680 8853 1053 2680 8854 1262 2680 8855 1054 2681 8856 1262 2681 8857 1402 2681 8858 1063 2682 8859 1054 2682 8860 1402 2682 8861 1063 2683 8862 1402 2683 8863 1399 2683 8864 1071 876 8865 1063 876 8866 1399 876 8867 1508 2684 8868 1509 2684 8869 1510 2684 8870 1510 2685 8871 1509 2685 8872 1511 2685 8873 1509 2686 8874 1512 2686 8875 1511 2686 8876 1511 1844 8877 1512 1844 8878 1513 1844 8879 1514 880 8880 1515 880 8881 1516 880 8882 1512 854 8883 1517 854 8884 1513 854 8885 1513 854 8886 1517 854 8887 1518 854 8888 1515 1867 8889 1519 1867 8890 1516 1867 8891 1517 2687 8892 1520 2687 8893 1518 2687 8894 1518 1842 8895 1520 1842 8896 1521 1842 8897 1516 884 8898 1522 884 8899 1523 884 8900 1523 2688 8901 1522 2688 8902 1524 2688 8903 1519 884 8904 1522 884 8905 1516 884 8906 1520 887 8907 1525 887 8908 1521 887 8909 1521 888 8910 1525 888 8911 1526 888 8912 1522 885 8913 1527 885 8914 1524 885 8915 1525 891 8916 1528 891 8917 1526 891 8918 1526 1872 8919 1528 1872 8920 1529 1872 8921 1524 2689 8922 1530 2689 8923 1531 2689 8924 1531 893 8925 1530 893 8926 1532 893 8927 1527 1864 8928 1530 1864 8929 1524 1864 8930 1529 2690 8931 1533 2690 8932 1534 2690 8933 1528 1871 8934 1533 1871 8935 1529 1871 8936 1532 1863 8937 1535 1863 8938 1536 1863 8939 1530 898 8940 1535 898 8941 1532 898 8942 1534 900 8943 1537 900 8944 1538 900 8945 1533 900 8946 1537 900 8947 1534 900 8948 1537 902 8949 1515 902 8950 1538 902 8951 1538 902 8952 1515 902 8953 1514 902 8954 1535 2691 8955 1539 2691 8956 1536 2691 8957 1536 832 8958 1540 832 8959 1541 832 8960 1541 1860 8961 1540 1860 8962 1542 1860 8963 1539 832 8964 1540 832 8965 1536 832 8966 1542 1856 8967 1543 1856 8968 1544 1856 8969 1540 2692 8970 1543 2692 8971 1542 2692 8972 1544 2693 8973 1545 2693 8974 1546 2693 8975 1543 2694 8976 1545 2694 8977 1544 2694 8978 1545 908 8979 1547 908 8980 1546 908 8981 1547 1850 8982 1548 1850 8983 1546 1850 8984 1546 909 8985 1548 909 8986 1549 909 8987 1548 911 8988 1550 911 8989 1549 911 8990 1549 2695 8991 1550 2695 8992 1551 2695 8993 1550 912 8994 1552 912 8995 1551 912 8996 1551 2696 8997 1552 2696 8998 1553 2696 8999 1552 915 9000 1554 915 9001 1553 915 9002 1553 915 9003 1554 915 9004 1555 915 9005 1554 1857 9006 1556 1857 9007 1555 1857 9008 1555 916 9009 1556 916 9010 1557 916 9011 1556 918 9012 1558 918 9013 1557 918 9014 1557 2697 9015 1558 2697 9016 1559 2697 9017 1558 920 9018 1508 920 9019 1559 920 9020 1559 1851 9021 1508 1851 9022 1510 1851 9023 1229 921 9024 1550 921 9025 1548 921 9026 1229 921 9027 1548 921 9028 1221 921 9029 1517 2698 9030 1093 2698 9031 1520 2698 9032 1530 939 9033 1157 939 9034 1165 939 9035 1530 921 9036 1527 921 9037 1157 921 9038 1085 2699 9039 1093 2699 9040 1517 2699 9041 1522 921 9042 1143 921 9043 1157 921 9044 1512 921 9045 1085 921 9046 1517 921 9047 1522 2700 9048 1157 2700 9049 1527 2700 9050 1535 921 9051 1165 921 9052 1173 921 9053 1237 926 9054 1550 926 9055 1229 926 9056 1535 921 9057 1530 921 9058 1165 921 9059 1237 921 9060 1552 921 9061 1550 921 9062 1519 921 9063 1127 921 9064 1143 921 9065 1519 927 9066 1143 927 9067 1522 927 9068 1077 921 9069 1085 921 9070 1512 921 9071 1539 924 9072 1173 924 9073 1181 924 9074 1539 921 9075 1535 921 9076 1173 921 9077 1189 921 9078 1539 921 9079 1181 921 9080 1515 921 9081 1128 921 9082 1127 921 9083 1515 929 9084 1127 929 9085 1519 929 9086 1245 921 9087 1552 921 9088 1237 921 9089 1245 2701 9090 1554 2701 9091 1552 2701 9092 1540 921 9093 1539 921 9094 1189 921 9095 1245 921 9096 1556 921 9097 1554 921 9098 1537 931 9099 1154 931 9100 1128 931 9101 1537 921 9102 1128 921 9103 1515 921 9104 1069 2702 9105 1077 2702 9106 1512 2702 9107 1069 2703 9108 1512 2703 9109 1509 2703 9110 1543 941 9111 1189 941 9112 1197 941 9113 1050 935 9114 1556 935 9115 1245 935 9116 1050 2704 9117 1558 2704 9118 1556 2704 9119 1543 921 9120 1540 921 9121 1189 921 9122 1061 2705 9123 1509 2705 9124 1508 2705 9125 1061 921 9126 1069 921 9127 1509 921 9128 1049 921 9129 1508 921 9130 1558 921 9131 1049 921 9132 1061 921 9133 1508 921 9134 1533 921 9135 1138 921 9136 1154 921 9137 1049 939 9138 1558 939 9139 1050 939 9140 1533 938 9141 1154 938 9142 1537 938 9143 1545 935 9144 1197 935 9145 1205 935 9146 1545 921 9147 1543 921 9148 1197 921 9149 1528 921 9150 1118 921 9151 1138 921 9152 1528 933 9153 1138 933 9154 1533 933 9155 1213 921 9156 1547 921 9157 1545 921 9158 1213 921 9159 1545 921 9160 1205 921 9161 1104 2706 9162 1118 2706 9163 1528 2706 9164 1104 2704 9165 1528 2704 9166 1525 2704 9167 1221 2707 9168 1547 2707 9169 1213 2707 9170 1221 921 9171 1548 921 9172 1547 921 9173 1093 921 9174 1104 921 9175 1525 921 9176 1093 943 9177 1525 943 9178 1520 943 9179 1427 2708 9180 1473 2708 9181 1480 2708 9182 1427 2709 9183 1480 2709 9184 1492 2709 9185 1427 2710 9186 1492 2710 9187 1505 2710 9188 1427 2711 9189 1505 2711 9190 1406 2711 9191 1427 2712 9192 1406 2712 9193 1405 2712 9194 1427 949 9195 1451 949 9196 1449 949 9197 1427 950 9198 1435 950 9199 1451 950 9200 1495 949 9201 1498 949 9202 1499 949 9203 1475 2713 9204 1499 2713 9205 1501 2713 9206 1475 2714 9207 1501 2714 9208 1410 2714 9209 1475 2715 9210 1410 2715 9211 1424 2715 9212 1475 2716 9213 1424 2716 9214 1423 2716 9215 1475 949 9216 1483 949 9217 1495 949 9218 1475 949 9219 1495 949 9220 1499 949 9221 1459 955 9222 1423 955 9223 1432 955 9224 1459 2717 9225 1467 2717 9226 1475 2717 9227 1459 949 9228 1475 949 9229 1423 949 9230 1451 2718 9231 1432 2718 9232 1440 2718 9233 1451 949 9234 1440 949 9235 1449 949 9236 1451 949 9237 1459 949 9238 1432 949 9239 1435 958 9240 1443 958 9241 1451 958 9242 1427 959 9243 1449 959 9244 1456 959 9245 1427 960 9246 1456 960 9247 1464 960 9248 1427 961 9249 1464 961 9250 1473 961 9251 1524 921 9252 1516 921 9253 1523 921 9254 1531 921 9255 1516 921 9256 1524 921 9257 1516 962 9258 1534 962 9259 1514 962 9260 1514 963 9261 1534 963 9262 1538 963 9263 1532 2719 9264 1546 2719 9265 1531 2719 9266 1536 921 9267 1546 921 9268 1532 921 9269 1541 921 9270 1546 921 9271 1536 921 9272 1542 921 9273 1546 921 9274 1541 921 9275 1544 921 9276 1546 921 9277 1542 921 9278 1529 921 9279 1521 921 9280 1526 921 9281 1549 921 9282 1551 921 9283 1546 921 9284 1531 921 9285 1551 921 9286 1516 921 9287 1516 921 9288 1551 921 9289 1534 921 9290 1546 921 9291 1551 921 9292 1531 921 9293 1553 921 9294 1555 921 9295 1551 921 9296 1534 2720 9297 1555 2720 9298 1529 2720 9299 1551 921 9300 1555 921 9301 1534 921 9302 1518 921 9303 1511 921 9304 1513 921 9305 1521 921 9306 1510 921 9307 1518 921 9308 1529 921 9309 1510 921 9310 1521 921 9311 1518 921 9312 1510 921 9313 1511 921 9314 1555 2721 9315 1510 2721 9316 1529 2721 9317 1557 2722 9318 1559 2722 9319 1555 2722 9320 1555 2723 9321 1559 2723 9322 1510 2723 9323 1560 2724 9324 1561 2724 9325 1562 2724 9326 1560 2725 9327 1562 2725 9328 1563 2725 9329 1564 2726 9330 1565 2726 9331 1561 2726 9332 1564 2727 9333 1561 2727 9334 1560 2727 9335 1566 2728 9336 1565 2728 9337 1564 2728 9338 1566 2729 9339 1567 2729 9340 1565 2729 9341 1568 2730 9342 1567 2730 9343 1566 2730 9344 1568 2731 9345 1569 2731 9346 1570 2731 9347 1568 2732 9348 1570 2732 9349 1571 2732 9350 1568 2733 9351 1571 2733 9352 1567 2733 9353 1572 2734 9354 1573 2734 9355 1574 2734 9356 1572 2735 9357 1575 2735 9358 1573 2735 9359 1576 2736 9360 1575 2736 9361 1572 2736 9362 1576 2737 9363 1563 2737 9364 1575 2737 9365 1577 2738 9366 1563 2738 9367 1576 2738 9368 1577 2739 9369 1560 2739 9370 1563 2739 9371 1578 2740 9372 1560 2740 9373 1577 2740 9374 1578 2741 9375 1564 2741 9376 1560 2741 9377 1579 2742 9378 1564 2742 9379 1578 2742 9380 1579 986 9381 1566 986 9382 1564 986 9383 1580 2743 9384 1568 2743 9385 1566 2743 9386 1580 2744 9387 1569 2744 9388 1568 2744 9389 1580 2745 9390 1581 2745 9391 1569 2745 9392 1580 2746 9393 1566 2746 9394 1579 2746 9395 1582 2747 9396 1574 2747 9397 1583 2747 9398 1582 2748 9399 1572 2748 9400 1574 2748 9401 1584 2749 9402 1576 2749 9403 1572 2749 9404 1584 994 9405 1572 994 9406 1582 994 9407 1585 2750 9408 1576 2750 9409 1584 2750 9410 1585 2751 9411 1577 2751 9412 1576 2751 9413 1586 2752 9414 1577 2752 9415 1585 2752 9416 1586 2753 9417 1578 2753 9418 1577 2753 9419 1587 2754 9420 1578 2754 9421 1586 2754 9422 1587 2755 9423 1579 2755 9424 1578 2755 9425 1588 2756 9426 1589 2756 9427 1581 2756 9428 1588 2757 9429 1581 2757 9430 1580 2757 9431 1588 2758 9432 1580 2758 9433 1579 2758 9434 1588 1004 9435 1579 1004 9436 1587 1004 9437 1590 1005 9438 1583 1005 9439 1591 1005 9440 1590 2759 9441 1582 2759 9442 1583 2759 9443 1592 2760 9444 1584 2760 9445 1582 2760 9446 1592 2761 9447 1582 2761 9448 1590 2761 9449 1593 2762 9450 1584 2762 9451 1592 2762 9452 1593 2763 9453 1585 2763 9454 1584 2763 9455 1594 2764 9456 1586 2764 9457 1585 2764 9458 1594 2765 9459 1585 2765 9460 1593 2765 9461 1595 2766 9462 1586 2766 9463 1594 2766 9464 1595 2767 9465 1587 2767 9466 1586 2767 9467 1596 2768 9468 1597 2768 9469 1589 2768 9470 1596 2769 9471 1589 2769 9472 1588 2769 9473 1596 2770 9474 1588 2770 9475 1587 2770 9476 1596 2771 9477 1587 2771 9478 1595 2771 9479 1598 2772 9480 1591 2772 9481 1599 2772 9482 1598 2773 9483 1590 2773 9484 1591 2773 9485 1600 2774 9486 1592 2774 9487 1590 2774 9488 1600 1022 9489 1590 1022 9490 1598 1022 9491 1601 2775 9492 1592 2775 9493 1600 2775 9494 1601 2776 9495 1593 2776 9496 1592 2776 9497 1602 2777 9498 1594 2777 9499 1593 2777 9500 1602 2778 9501 1593 2778 9502 1601 2778 9503 1603 2779 9504 1595 2779 9505 1594 2779 9506 1603 2780 9507 1594 2780 9508 1602 2780 9509 1604 2781 9510 1605 2781 9511 1597 2781 9512 1604 2782 9513 1597 2782 9514 1596 2782 9515 1604 2783 9516 1596 2783 9517 1595 2783 9518 1604 2784 9519 1595 2784 9520 1603 2784 9521 1606 2785 9522 1599 2785 9523 1607 2785 9524 1606 2786 9525 1598 2786 9526 1599 2786 9527 1608 2787 9528 1600 2787 9529 1598 2787 9530 1608 2788 9531 1598 2788 9532 1606 2788 9533 1609 2789 9534 1600 2789 9535 1608 2789 9536 1609 2790 9537 1601 2790 9538 1600 2790 9539 1610 2791 9540 1602 2791 9541 1601 2791 9542 1610 2792 9543 1601 2792 9544 1609 2792 9545 1611 2793 9546 1603 2793 9547 1602 2793 9548 1611 2794 9549 1602 2794 9550 1610 2794 9551 1612 2795 9552 1613 2795 9553 1605 2795 9554 1612 2796 9555 1605 2796 9556 1604 2796 9557 1612 2797 9558 1604 2797 9559 1603 2797 9560 1612 2798 9561 1603 2798 9562 1611 2798 9563 1614 2799 9564 1607 2799 9565 1615 2799 9566 1614 2800 9567 1606 2800 9568 1607 2800 9569 1616 2801 9570 1606 2801 9571 1614 2801 9572 1616 2802 9573 1608 2802 9574 1606 2802 9575 1617 2803 9576 1608 2803 9577 1616 2803 9578 1617 2804 9579 1609 2804 9580 1608 2804 9581 1618 2805 9582 1609 2805 9583 1617 2805 9584 1619 2806 9585 1620 2806 9586 1621 2806 9587 1618 2807 9588 1610 2807 9589 1609 2807 9590 1622 2808 9591 1610 2808 9592 1618 2808 9593 1622 2809 9594 1611 2809 9595 1610 2809 9596 1623 2810 9597 1612 2810 9598 1611 2810 9599 1623 2811 9600 1611 2811 9601 1622 2811 9602 1623 2812 9603 1624 2812 9604 1613 2812 9605 1623 2813 9606 1613 2813 9607 1612 2813 9608 1625 2814 9609 1615 2814 9610 1626 2814 9611 1625 2815 9612 1614 2815 9613 1615 2815 9614 1627 2816 9615 1616 2816 9616 1614 2816 9617 1627 2817 9618 1614 2817 9619 1625 2817 9620 1628 2818 9621 1617 2818 9622 1616 2818 9623 1629 2819 9624 1619 2819 9625 1621 2819 9626 1629 2820 9627 1621 2820 9628 1630 2820 9629 1628 2821 9630 1616 2821 9631 1627 2821 9632 1631 2822 9633 1618 2822 9634 1617 2822 9635 1632 2823 9636 1619 2823 9637 1629 2823 9638 1631 2824 9639 1617 2824 9640 1628 2824 9641 1632 2825 9642 1633 2825 9643 1619 2825 9644 1634 2826 9645 1622 2826 9646 1618 2826 9647 1634 2827 9648 1618 2827 9649 1631 2827 9650 1635 2828 9651 1636 2828 9652 1633 2828 9653 1637 1077 9654 1624 1077 9655 1623 1077 9656 1635 2829 9657 1633 2829 9658 1632 2829 9659 1637 1079 9660 1638 1079 9661 1624 1079 9662 1637 2830 9663 1622 2830 9664 1634 2830 9665 1637 2831 9666 1623 2831 9667 1622 2831 9668 1639 2832 9669 1640 2832 9670 1636 2832 9671 1641 1083 9672 1625 1083 9673 1626 1083 9674 1639 2833 9675 1636 2833 9676 1635 2833 9677 1642 2834 9678 1643 2834 9679 1640 2834 9680 1641 2835 9681 1626 2835 9682 1644 2835 9683 1642 2836 9684 1640 2836 9685 1639 2836 9686 1645 1088 9687 1627 1088 9688 1625 1088 9689 1646 2837 9690 1647 2837 9691 1648 2837 9692 1645 1090 9693 1625 1090 9694 1641 1090 9695 1646 2838 9696 1648 2838 9697 1649 2838 9698 1646 2839 9699 1649 2839 9700 1643 2839 9701 1646 2840 9702 1643 2840 9703 1642 2840 9704 1650 2841 9705 1629 2841 9706 1630 2841 9707 1651 2842 9708 1628 2842 9709 1627 2842 9710 1650 2843 9711 1630 2843 9712 1652 2843 9713 1651 2844 9714 1627 2844 9715 1645 2844 9716 1653 2845 9717 1629 2845 9718 1650 2845 9719 1654 2846 9720 1631 2846 9721 1628 2846 9722 1653 2847 9723 1632 2847 9724 1629 2847 9725 1654 2848 9726 1628 2848 9727 1651 2848 9728 1655 2849 9729 1634 2849 9730 1631 2849 9731 1655 2850 9732 1631 2850 9733 1654 2850 9734 1656 2851 9735 1635 2851 9736 1632 2851 9737 1657 2852 9738 1638 2852 9739 1637 2852 9740 1656 2853 9741 1632 2853 9742 1653 2853 9743 1657 2854 9744 1658 2854 9745 1638 2854 9746 1657 2855 9747 1637 2855 9748 1634 2855 9749 1657 2856 9750 1634 2856 9751 1655 2856 9752 1659 2857 9753 1635 2857 9754 1656 2857 9755 1660 2858 9756 1644 2858 9757 1620 2858 9758 1659 2859 9759 1639 2859 9760 1635 2859 9761 1660 2860 9762 1641 2860 9763 1644 2860 9764 1661 2861 9765 1642 2861 9766 1639 2861 9767 1661 2862 9768 1639 2862 9769 1659 2862 9770 1660 2863 9771 1620 2863 9772 1619 2863 9773 1662 1117 9774 1663 1117 9775 1647 1117 9776 1664 1118 9777 1645 1118 9778 1641 1118 9779 1662 2864 9780 1646 2864 9781 1642 2864 9782 1662 2865 9783 1647 2865 9784 1646 2865 9785 1662 2866 9786 1642 2866 9787 1661 2866 9788 1664 2867 9789 1641 2867 9790 1660 2867 9791 1665 2868 9792 1650 2868 9793 1652 2868 9794 1664 2869 9795 1660 2869 9796 1619 2869 9797 1665 2870 9798 1652 2870 9799 1666 2870 9800 1664 2871 9801 1619 2871 9802 1633 2871 9803 1667 2872 9804 1651 2872 9805 1645 2872 9806 1667 2873 9807 1645 2873 9808 1664 2873 9809 1668 1129 9810 1650 1129 9811 1665 1129 9812 1667 2874 9813 1664 2874 9814 1633 2874 9815 1667 2875 9816 1633 2875 9817 1636 2875 9818 1668 1132 9819 1653 1132 9820 1650 1132 9821 1669 2876 9822 1654 2876 9823 1651 2876 9824 1670 2877 9825 1653 2877 9826 1668 2877 9827 1669 1135 9828 1651 1135 9829 1667 1135 9830 1670 2878 9831 1656 2878 9832 1653 2878 9833 1669 2879 9834 1636 2879 9835 1640 2879 9836 1669 2880 9837 1667 2880 9838 1636 2880 9839 1671 2881 9840 1655 2881 9841 1654 2881 9842 1672 2882 9843 1656 2882 9844 1670 2882 9845 1671 2883 9846 1640 2883 9847 1643 2883 9848 1671 2884 9849 1654 2884 9850 1669 2884 9851 1671 2885 9852 1669 2885 9853 1640 2885 9854 1672 2886 9855 1659 2886 9856 1656 2886 9857 1673 2887 9858 1674 2887 9859 1658 2887 9860 1673 2888 9861 1648 2888 9862 1674 2888 9863 1673 2889 9864 1658 2889 9865 1657 2889 9866 1673 2890 9867 1657 2890 9868 1655 2890 9869 1675 2891 9870 1661 2891 9871 1659 2891 9872 1673 2892 9873 1671 2892 9874 1643 2892 9875 1675 2893 9876 1659 2893 9877 1672 2893 9878 1673 2894 9879 1649 2894 9880 1648 2894 9881 1676 2895 9882 1677 2895 9883 1663 2895 9884 1673 2896 9885 1643 2896 9886 1649 2896 9887 1673 2897 9888 1655 2897 9889 1671 2897 9890 1676 2898 9891 1663 2898 9892 1662 2898 9893 1676 2899 9894 1662 2899 9895 1661 2899 9896 1676 2900 9897 1661 2900 9898 1675 2900 9899 1678 2901 9900 1666 2901 9901 1679 2901 9902 1678 2902 9903 1665 2902 9904 1666 2902 9905 1680 2903 9906 1668 2903 9907 1665 2903 9908 1680 2904 9909 1665 2904 9910 1678 2904 9911 1681 2905 9912 1670 2905 9913 1668 2905 9914 1681 2906 9915 1668 2906 9916 1680 2906 9917 1682 2907 9918 1672 2907 9919 1670 2907 9920 1682 2908 9921 1670 2908 9922 1681 2908 9923 1683 2909 9924 1675 2909 9925 1672 2909 9926 1683 2910 9927 1672 2910 9928 1682 2910 9929 1684 1169 9930 1685 1169 9931 1677 1169 9932 1684 2911 9933 1675 2911 9934 1683 2911 9935 1684 2912 9936 1676 2912 9937 1675 2912 9938 1684 1172 9939 1677 1172 9940 1676 1172 9941 1686 2913 9942 1679 2913 9943 1687 2913 9944 1686 2914 9945 1678 2914 9946 1679 2914 9947 1688 2915 9948 1678 2915 9949 1686 2915 9950 1688 2916 9951 1680 2916 9952 1678 2916 9953 1689 2917 9954 1680 2917 9955 1688 2917 9956 1689 2918 9957 1681 2918 9958 1680 2918 9959 1690 2919 9960 1681 2919 9961 1689 2919 9962 1690 2920 9963 1682 2920 9964 1681 2920 9965 1691 2921 9966 1682 2921 9967 1690 2921 9968 1691 2922 9969 1683 2922 9970 1682 2922 9971 1692 2923 9972 1693 2923 9973 1685 2923 9974 1692 2924 9975 1683 2924 9976 1691 2924 9977 1692 2925 9978 1685 2925 9979 1684 2925 9980 1692 2926 9981 1684 2926 9982 1683 2926 9983 1694 2927 9984 1686 2927 9985 1687 2927 9986 1694 2928 9987 1687 2928 9988 1695 2928 9989 1696 2929 9990 1688 2929 9991 1686 2929 9992 1696 2930 9993 1686 2930 9994 1694 2930 9995 1697 2931 9996 1688 2931 9997 1696 2931 9998 1697 2932 9999 1689 2932 10000 1688 2932 10001 1698 2933 10002 1689 2933 10003 1697 2933 10004 1698 2934 10005 1690 2934 10006 1689 2934 10007 1699 2935 10008 1691 2935 10009 1690 2935 10010 1699 2936 10011 1690 2936 10012 1698 2936 10013 1700 2937 10014 1701 2937 10015 1693 2937 10016 1700 2938 10017 1693 2938 10018 1692 2938 10019 1700 2939 10020 1692 2939 10021 1691 2939 10022 1700 2940 10023 1691 2940 10024 1699 2940 10025 1702 2941 10026 1694 2941 10027 1695 2941 10028 1702 2942 10029 1695 2942 10030 1703 2942 10031 1704 2943 10032 1696 2943 10033 1694 2943 10034 1704 1204 10035 1694 1204 10036 1702 1204 10037 1705 2944 10038 1696 2944 10039 1704 2944 10040 1705 2945 10041 1697 2945 10042 1696 2945 10043 1706 2946 10044 1698 2946 10045 1697 2946 10046 1706 2947 10047 1697 2947 10048 1705 2947 10049 1707 2948 10050 1698 2948 10051 1706 2948 10052 1707 2949 10053 1699 2949 10054 1698 2949 10055 1708 1211 10056 1709 1211 10057 1701 1211 10058 1708 2950 10059 1701 2950 10060 1700 2950 10061 1708 2951 10062 1700 2951 10063 1699 2951 10064 1708 2952 10065 1699 2952 10066 1707 2952 10067 1710 2953 10068 1702 2953 10069 1703 2953 10070 1710 2954 10071 1703 2954 10072 1711 2954 10073 1712 2955 10074 1702 2955 10075 1710 2955 10076 1712 2956 10077 1704 2956 10078 1702 2956 10079 1713 2957 10080 1705 2957 10081 1704 2957 10082 1713 2958 10083 1704 2958 10084 1712 2958 10085 1714 2959 10086 1706 2959 10087 1705 2959 10088 1714 2960 10089 1705 2960 10090 1713 2960 10091 1715 2961 10092 1707 2961 10093 1706 2961 10094 1715 2962 10095 1706 2962 10096 1714 2962 10097 1716 2963 10098 1717 2963 10099 1709 2963 10100 1716 2964 10101 1709 2964 10102 1708 2964 10103 1716 2965 10104 1708 2965 10105 1707 2965 10106 1716 2966 10107 1707 2966 10108 1715 2966 10109 1718 2967 10110 1711 2967 10111 1719 2967 10112 1718 1230 10113 1710 1230 10114 1711 1230 10115 1720 2968 10116 1712 2968 10117 1710 2968 10118 1720 2969 10119 1710 2969 10120 1718 2969 10121 1721 2970 10122 1713 2970 10123 1712 2970 10124 1721 1234 10125 1712 1234 10126 1720 1234 10127 1722 2971 10128 1714 2971 10129 1713 2971 10130 1722 2972 10131 1713 2972 10132 1721 2972 10133 1723 1237 10134 1715 1237 10135 1714 1237 10136 1723 2973 10137 1714 2973 10138 1722 2973 10139 1724 2974 10140 1725 2974 10141 1717 2974 10142 1724 2975 10143 1717 2975 10144 1716 2975 10145 1724 2976 10146 1716 2976 10147 1715 2976 10148 1724 2977 10149 1715 2977 10150 1723 2977 10151 1726 2978 10152 1718 2978 10153 1719 2978 10154 1726 2979 10155 1719 2979 10156 1727 2979 10157 1728 2980 10158 1720 2980 10159 1718 2980 10160 1728 2981 10161 1718 2981 10162 1726 2981 10163 1729 2982 10164 1721 2982 10165 1720 2982 10166 1729 2983 10167 1720 2983 10168 1728 2983 10169 1730 2984 10170 1722 2984 10171 1721 2984 10172 1730 2985 10173 1721 2985 10174 1729 2985 10175 1731 2986 10176 1722 2986 10177 1730 2986 10178 1731 2987 10179 1723 2987 10180 1722 2987 10181 1732 2988 10182 1723 2988 10183 1731 2988 10184 1732 1254 10185 1733 1254 10186 1725 1254 10187 1732 1255 10188 1725 1255 10189 1724 1255 10190 1732 2989 10191 1724 2989 10192 1723 2989 10193 1734 2990 10194 1727 2990 10195 1735 2990 10196 1734 2991 10197 1726 2991 10198 1727 2991 10199 1736 1259 10200 1726 1259 10201 1734 1259 10202 1736 1260 10203 1728 1260 10204 1726 1260 10205 1737 2992 10206 1728 2992 10207 1736 2992 10208 1737 2993 10209 1729 2993 10210 1728 2993 10211 1738 2994 10212 1729 2994 10213 1737 2994 10214 1738 2995 10215 1730 2995 10216 1729 2995 10217 1739 2996 10218 1731 2996 10219 1730 2996 10220 1739 2997 10221 1730 2997 10222 1738 2997 10223 1740 2998 10224 1732 2998 10225 1731 2998 10226 1740 2999 10227 1733 2999 10228 1732 2999 10229 1740 3000 10230 1741 3000 10231 1733 3000 10232 1740 3001 10233 1731 3001 10234 1739 3001 10235 1742 3002 10236 1734 3002 10237 1735 3002 10238 1742 3003 10239 1735 3003 10240 1743 3003 10241 1744 3004 10242 1734 3004 10243 1742 3004 10244 1744 1274 10245 1736 1274 10246 1734 1274 10247 1745 3005 10248 1737 3005 10249 1736 3005 10250 1745 3006 10251 1736 3006 10252 1744 3006 10253 1746 3007 10254 1738 3007 10255 1737 3007 10256 1746 1278 10257 1737 1278 10258 1745 1278 10259 1747 3008 10260 1739 3008 10261 1738 3008 10262 1747 3009 10263 1738 3009 10264 1746 3009 10265 1748 3010 10266 1739 3010 10267 1747 3010 10268 1748 3011 10269 1749 3011 10270 1741 3011 10271 1748 3012 10272 1741 3012 10273 1740 3012 10274 1748 3013 10275 1740 3013 10276 1739 3013 10277 1750 3014 10278 1742 3014 10279 1743 3014 10280 1750 3015 10281 1743 3015 10282 1751 3015 10283 1752 3016 10284 1744 3016 10285 1742 3016 10286 1752 3017 10287 1742 3017 10288 1750 3017 10289 1753 3018 10290 1745 3018 10291 1744 3018 10292 1753 3019 10293 1744 3019 10294 1752 3019 10295 1754 3020 10296 1746 3020 10297 1745 3020 10298 1754 3021 10299 1745 3021 10300 1753 3021 10301 1755 3022 10302 1747 3022 10303 1746 3022 10304 1755 3023 10305 1746 3023 10306 1754 3023 10307 1756 3024 10308 1757 3024 10309 1749 3024 10310 1756 3025 10311 1749 3025 10312 1748 3025 10313 1756 3026 10314 1748 3026 10315 1747 3026 10316 1756 3027 10317 1747 3027 10318 1755 3027 10319 1758 3028 10320 1750 3028 10321 1751 3028 10322 1758 3029 10323 1751 3029 10324 1759 3029 10325 1760 3030 10326 1752 3030 10327 1750 3030 10328 1760 3031 10329 1750 3031 10330 1758 3031 10331 1761 3032 10332 1753 3032 10333 1752 3032 10334 1761 3033 10335 1752 3033 10336 1760 3033 10337 1762 3034 10338 1753 3034 10339 1761 3034 10340 1762 3035 10341 1754 3035 10342 1753 3035 10343 1763 3036 10344 1755 3036 10345 1754 3036 10346 1763 3037 10347 1754 3037 10348 1762 3037 10349 1764 3038 10350 1765 3038 10351 1757 3038 10352 1764 3039 10353 1757 3039 10354 1756 3039 10355 1764 3040 10356 1756 3040 10357 1755 3040 10358 1764 1312 10359 1755 1312 10360 1763 1312 10361 1766 3041 10362 1758 3041 10363 1759 3041 10364 1766 3042 10365 1759 3042 10366 1767 3042 10367 1562 3043 10368 1760 3043 10369 1758 3043 10370 1562 3044 10371 1758 3044 10372 1766 3044 10373 1561 3045 10374 1760 3045 10375 1562 3045 10376 1561 3046 10377 1761 3046 10378 1760 3046 10379 1565 3047 10380 1762 3047 10381 1761 3047 10382 1565 3048 10383 1761 3048 10384 1561 3048 10385 1567 3049 10386 1762 3049 10387 1565 3049 10388 1567 3050 10389 1763 3050 10390 1762 3050 10391 1571 1323 10392 1570 1323 10393 1765 1323 10394 1571 1324 10395 1765 1324 10396 1764 1324 10397 1571 3051 10398 1764 3051 10399 1763 3051 10400 1571 3052 10401 1763 3052 10402 1567 3052 10403 1575 3053 10404 1767 3053 10405 1573 3053 10406 1575 3054 10407 1766 3054 10408 1767 3054 10409 1563 1329 10410 1766 1329 10411 1575 1329 10412 1563 1330 10413 1562 1330 10414 1766 1330 10415 1768 1331 10416 1769 1331 10417 1770 1331 10418 1771 1332 10419 1772 1332 10420 1773 1332 10421 1771 3055 10422 1774 3055 10423 1772 3055 10424 1775 3056 10425 1776 3056 10426 1777 3056 10427 1778 3057 10428 1773 3057 10429 1779 3057 10430 1778 3058 10431 1779 3058 10432 1780 3058 10433 1781 3059 10434 1782 3059 10435 1783 3059 10436 1781 3060 10437 1780 3060 10438 1782 3060 10439 1784 3061 10440 1785 3061 10441 1786 3061 10442 1784 3062 10443 1786 3062 10444 1768 3062 10445 1784 3063 10446 1768 3063 10447 1774 3063 10448 1784 3064 10449 1774 3064 10450 1771 3064 10451 1787 3065 10452 1771 3065 10453 1773 3065 10454 1787 3066 10455 1773 3066 10456 1778 3066 10457 1788 3067 10458 1778 3067 10459 1780 3067 10460 1788 3068 10461 1780 3068 10462 1781 3068 10463 1789 3069 10464 1783 3069 10465 1790 3069 10466 1789 3070 10467 1781 3070 10468 1783 3070 10469 1791 1349 10470 1792 1349 10471 1785 1349 10472 1791 3071 10473 1771 3071 10474 1787 3071 10475 1791 1351 10476 1785 1351 10477 1784 1351 10478 1791 1352 10479 1784 1352 10480 1771 1352 10481 1793 3072 10482 1778 3072 10483 1788 3072 10484 1793 3073 10485 1787 3073 10486 1778 3073 10487 1794 3074 10488 1788 3074 10489 1781 3074 10490 1794 3075 10491 1781 3075 10492 1789 3075 10493 1795 3076 10494 1796 3076 10495 1777 3076 10496 1795 3077 10497 1790 3077 10498 1796 3077 10499 1795 3078 10500 1777 3078 10501 1776 3078 10502 1795 3079 10503 1789 3079 10504 1790 3079 10505 1797 3080 10506 1798 3080 10507 1792 3080 10508 1797 3081 10509 1792 3081 10510 1791 3081 10511 1797 3082 10512 1791 3082 10513 1787 3082 10514 1797 3083 10515 1787 3083 10516 1793 3083 10517 1799 3084 10518 1788 3084 10519 1794 3084 10520 1799 3085 10521 1793 3085 10522 1788 3085 10523 1800 3086 10524 1776 3086 10525 1801 3086 10526 1800 3087 10527 1795 3087 10528 1776 3087 10529 1800 3088 10530 1794 3088 10531 1789 3088 10532 1800 3089 10533 1789 3089 10534 1795 3089 10535 1802 3090 10536 1797 3090 10537 1793 3090 10538 1802 3091 10539 1803 3091 10540 1798 3091 10541 1802 3092 10542 1798 3092 10543 1797 3092 10544 1802 1374 10545 1793 1374 10546 1799 1374 10547 1804 3093 10548 1799 3093 10549 1794 3093 10550 1804 3094 10551 1801 3094 10552 1805 3094 10553 1804 3095 10554 1794 3095 10555 1800 3095 10556 1804 3096 10557 1800 3096 10558 1801 3096 10559 1806 3097 10560 1799 3097 10561 1804 3097 10562 1806 3098 10563 1802 3098 10564 1799 3098 10565 1806 3099 10566 1807 3099 10567 1803 3099 10568 1806 3100 10569 1808 3100 10570 1807 3100 10571 1806 3101 10572 1809 3101 10573 1808 3101 10574 1806 3102 10575 1805 3102 10576 1809 3102 10577 1806 3103 10578 1803 3103 10579 1802 3103 10580 1806 3104 10581 1804 3104 10582 1805 3104 10583 1810 3105 10584 1776 3105 10585 1775 3105 10586 1811 3106 10587 1801 3106 10588 1776 3106 10589 1811 3107 10590 1776 3107 10591 1810 3107 10592 1812 3108 10593 1775 3108 10594 1813 3108 10595 1812 3109 10596 1810 3109 10597 1775 3109 10598 1814 3110 10599 1805 3110 10600 1801 3110 10601 1814 3111 10602 1801 3111 10603 1811 3111 10604 1815 3112 10605 1810 3112 10606 1812 3112 10607 1815 3113 10608 1811 3113 10609 1810 3113 10610 1816 3114 10611 1812 3114 10612 1813 3114 10613 1816 3115 10614 1813 3115 10615 1817 3115 10616 1818 3116 10617 1819 3116 10618 1808 3116 10619 1818 3117 10620 1808 3117 10621 1809 3117 10622 1818 3118 10623 1809 3118 10624 1805 3118 10625 1818 3119 10626 1805 3119 10627 1814 3119 10628 1820 3120 10629 1811 3120 10630 1815 3120 10631 1820 3121 10632 1814 3121 10633 1811 3121 10634 1821 3122 10635 1812 3122 10636 1816 3122 10637 1821 3123 10638 1815 3123 10639 1812 3123 10640 1822 3124 10641 1817 3124 10642 1823 3124 10643 1822 3125 10644 1816 3125 10645 1817 3125 10646 1824 3126 10647 1825 3126 10648 1819 3126 10649 1824 3127 10650 1819 3127 10651 1818 3127 10652 1824 3128 10653 1814 3128 10654 1820 3128 10655 1824 3129 10656 1818 3129 10657 1814 3129 10658 1826 3130 10659 1820 3130 10660 1815 3130 10661 1826 3131 10662 1815 3131 10663 1821 3131 10664 1827 1414 10665 1816 1414 10666 1822 1414 10667 1827 3132 10668 1821 3132 10669 1816 3132 10670 1828 3133 10671 1823 3133 10672 1829 3133 10673 1828 3134 10674 1822 3134 10675 1823 3134 10676 1830 3135 10677 1820 3135 10678 1826 3135 10679 1830 3136 10680 1831 3136 10681 1825 3136 10682 1830 3137 10683 1825 3137 10684 1824 3137 10685 1830 3138 10686 1824 3138 10687 1820 3138 10688 1832 3139 10689 1826 3139 10690 1821 3139 10691 1832 3140 10692 1821 3140 10693 1827 3140 10694 1833 3141 10695 1822 3141 10696 1828 3141 10697 1833 1425 10698 1827 1425 10699 1822 1425 10700 1834 3142 10701 1829 3142 10702 1835 3142 10703 1834 3143 10704 1828 3143 10705 1829 3143 10706 1836 3144 10707 1826 3144 10708 1832 3144 10709 1836 3145 10710 1837 3145 10711 1831 3145 10712 1836 3146 10713 1830 3146 10714 1826 3146 10715 1836 3147 10716 1831 3147 10717 1830 3147 10718 1838 3148 10719 1827 3148 10720 1833 3148 10721 1838 3149 10722 1832 3149 10723 1827 3149 10724 1839 3150 10725 1833 3150 10726 1828 3150 10727 1839 1435 10728 1828 1435 10729 1834 1435 10730 1840 3151 10731 1835 3151 10732 1841 3151 10733 1840 3152 10734 1834 3152 10735 1835 3152 10736 1842 3153 10737 1836 3153 10738 1832 3153 10739 1842 1439 10740 1843 1439 10741 1837 1439 10742 1842 3154 10743 1832 3154 10744 1838 3154 10745 1842 1441 10746 1837 1441 10747 1836 1441 10748 1844 3155 10749 1838 3155 10750 1833 3155 10751 1844 3156 10752 1833 3156 10753 1839 3156 10754 1845 3157 10755 1834 3157 10756 1840 3157 10757 1845 3158 10758 1839 3158 10759 1834 3158 10760 1846 3159 10761 1841 3159 10762 1847 3159 10763 1846 3160 10764 1840 3160 10765 1841 3160 10766 1848 3161 10767 1838 3161 10768 1844 3161 10769 1848 3162 10770 1842 3162 10771 1838 3162 10772 1848 3163 10773 1849 3163 10774 1843 3163 10775 1848 3164 10776 1843 3164 10777 1842 3164 10778 1850 3165 10779 1844 3165 10780 1839 3165 10781 1850 3166 10782 1839 3166 10783 1845 3166 10784 1851 3167 10785 1845 3167 10786 1840 3167 10787 1851 3168 10788 1840 3168 10789 1846 3168 10790 1852 3169 10791 1847 3169 10792 1853 3169 10793 1852 3170 10794 1846 3170 10795 1847 3170 10796 1854 1458 10797 1844 1458 10798 1850 1458 10799 1854 1459 10800 1855 1459 10801 1849 1459 10802 1854 1460 10803 1848 1460 10804 1844 1460 10805 1854 1461 10806 1849 1461 10807 1848 1461 10808 1856 3171 10809 1850 3171 10810 1845 3171 10811 1856 3172 10812 1845 3172 10813 1851 3172 10814 1857 1464 10815 1851 1464 10816 1846 1464 10817 1857 1465 10818 1846 1465 10819 1852 1465 10820 1858 3173 10821 1852 3173 10822 1853 3173 10823 1858 3174 10824 1853 3174 10825 1859 3174 10826 1860 1468 10827 1855 1468 10828 1854 1468 10829 1860 3175 10830 1861 3175 10831 1855 3175 10832 1860 3176 10833 1850 3176 10834 1856 3176 10835 1860 3177 10836 1854 3177 10837 1850 3177 10838 1862 3178 10839 1851 3178 10840 1857 3178 10841 1862 3179 10842 1856 3179 10843 1851 3179 10844 1863 3180 10845 1852 3180 10846 1858 3180 10847 1863 3181 10848 1857 3181 10849 1852 3181 10850 1864 3182 10851 1858 3182 10852 1859 3182 10853 1864 3183 10854 1859 3183 10855 1865 3183 10856 1866 3184 10857 1860 3184 10858 1856 3184 10859 1866 3185 10860 1856 3185 10861 1862 3185 10862 1866 3186 10863 1867 3186 10864 1861 3186 10865 1866 3187 10866 1861 3187 10867 1860 3187 10868 1868 3188 10869 1862 3188 10870 1857 3188 10871 1868 3189 10872 1857 3189 10873 1863 3189 10874 1869 3190 10875 1863 3190 10876 1858 3190 10877 1869 3191 10878 1858 3191 10879 1864 3191 10880 1870 3192 10881 1865 3192 10882 1871 3192 10883 1870 3193 10884 1864 3193 10885 1865 3193 10886 1872 3194 10887 1862 3194 10888 1868 3194 10889 1872 3195 10890 1866 3195 10891 1862 3195 10892 1872 3196 10893 1873 3196 10894 1867 3196 10895 1872 3197 10896 1867 3197 10897 1866 3197 10898 1874 3198 10899 1868 3198 10900 1863 3198 10901 1874 3199 10902 1863 3199 10903 1869 3199 10904 1875 3200 10905 1869 3200 10906 1864 3200 10907 1875 3201 10908 1864 3201 10909 1870 3201 10910 1876 3202 10911 1871 3202 10912 1877 3202 10913 1876 1497 10914 1870 1497 10915 1871 1497 10916 1878 3203 10917 1868 3203 10918 1874 3203 10919 1878 3204 10920 1872 3204 10921 1868 3204 10922 1878 3205 10923 1879 3205 10924 1873 3205 10925 1878 3206 10926 1873 3206 10927 1872 3206 10928 1880 3207 10929 1874 3207 10930 1869 3207 10931 1880 1503 10932 1869 1503 10933 1875 1503 10934 1881 3208 10935 1875 3208 10936 1870 3208 10937 1881 3209 10938 1870 3209 10939 1876 3209 10940 1882 3210 10941 1876 3210 10942 1877 3210 10943 1882 3211 10944 1877 3211 10945 1883 3211 10946 1884 3212 10947 1885 3212 10948 1879 3212 10949 1884 3213 10950 1878 3213 10951 1874 3213 10952 1884 3214 10953 1879 3214 10954 1878 3214 10955 1884 3215 10956 1874 3215 10957 1880 3215 10958 1886 3216 10959 1875 3216 10960 1881 3216 10961 1886 1513 10962 1880 1513 10963 1875 1513 10964 1887 3217 10965 1881 3217 10966 1876 3217 10967 1887 3218 10968 1876 3218 10969 1882 3218 10970 1888 3219 10971 1883 3219 10972 1889 3219 10973 1888 3220 10974 1882 3220 10975 1883 3220 10976 1890 1518 10977 1891 1518 10978 1885 1518 10979 1890 1519 10980 1885 1519 10981 1884 1519 10982 1890 3221 10983 1884 3221 10984 1880 3221 10985 1890 1521 10986 1880 1521 10987 1886 1521 10988 1892 3222 10989 1886 3222 10990 1881 3222 10991 1892 3223 10992 1881 3223 10993 1887 3223 10994 1893 3224 10995 1887 3224 10996 1882 3224 10997 1893 3225 10998 1882 3225 10999 1888 3225 11000 1894 3226 11001 1889 3226 11002 1895 3226 11003 1894 3227 11004 1888 3227 11005 1889 3227 11006 1896 1528 11007 1897 1528 11008 1891 1528 11009 1896 1529 11010 1891 1529 11011 1890 1529 11012 1896 3228 11013 1886 3228 11014 1892 3228 11015 1896 1531 11016 1890 1531 11017 1886 1531 11018 1898 3229 11019 1887 3229 11020 1893 3229 11021 1898 3230 11022 1892 3230 11023 1887 3230 11024 1899 3231 11025 1893 3231 11026 1888 3231 11027 1899 3232 11028 1888 3232 11029 1894 3232 11030 1900 3233 11031 1895 3233 11032 1901 3233 11033 1900 3234 11034 1894 3234 11035 1895 3234 11036 1902 3235 11037 1903 3235 11038 1897 3235 11039 1902 3236 11040 1897 3236 11041 1896 3236 11042 1902 3237 11043 1896 3237 11044 1892 3237 11045 1902 3238 11046 1892 3238 11047 1898 3238 11048 1904 3239 11049 1893 3239 11050 1899 3239 11051 1904 3240 11052 1898 3240 11053 1893 3240 11054 1905 1544 11055 1894 1544 11056 1900 1544 11057 1905 3241 11058 1899 3241 11059 1894 3241 11060 1906 3242 11061 1900 3242 11062 1901 3242 11063 1906 3243 11064 1901 3243 11065 1907 3243 11066 1908 3244 11067 1909 3244 11068 1903 3244 11069 1908 3245 11070 1902 3245 11071 1898 3245 11072 1908 3246 11073 1898 3246 11074 1904 3246 11075 1908 3247 11076 1903 3247 11077 1902 3247 11078 1910 3248 11079 1899 3248 11080 1905 3248 11081 1910 3249 11082 1904 3249 11083 1899 3249 11084 1911 1554 11085 1905 1554 11086 1900 1554 11087 1911 1555 11088 1900 1555 11089 1906 1555 11090 1912 3250 11091 1906 3250 11092 1907 3250 11093 1912 3251 11094 1907 3251 11095 1913 3251 11096 1914 3252 11097 1915 3252 11098 1909 3252 11099 1914 3253 11100 1909 3253 11101 1908 3253 11102 1914 3254 11103 1908 3254 11104 1904 3254 11105 1914 3255 11106 1904 3255 11107 1910 3255 11108 1916 3256 11109 1905 3256 11110 1911 3256 11111 1916 3257 11112 1910 3257 11113 1905 3257 11114 1917 3258 11115 1906 3258 11116 1912 3258 11117 1917 1565 11118 1911 1565 11119 1906 1565 11120 1918 3259 11121 1912 3259 11122 1913 3259 11123 1918 3260 11124 1913 3260 11125 1919 3260 11126 1920 3261 11127 1921 3261 11128 1915 3261 11129 1920 3262 11130 1915 3262 11131 1914 3262 11132 1920 3263 11133 1914 3263 11134 1910 3263 11135 1920 3264 11136 1910 3264 11137 1916 3264 11138 1770 3265 11139 1911 3265 11140 1917 3265 11141 1770 3266 11142 1916 3266 11143 1911 3266 11144 1772 3267 11145 1917 3267 11146 1912 3267 11147 1772 1575 11148 1912 1575 11149 1918 1575 11150 1779 3268 11151 1918 3268 11152 1919 3268 11153 1779 1577 11154 1919 1577 11155 1922 1577 11156 1769 3269 11157 1923 3269 11158 1921 3269 11159 1769 3270 11160 1921 3270 11161 1920 3270 11162 1769 3271 11163 1920 3271 11164 1916 3271 11165 1769 3272 11166 1916 3272 11167 1770 3272 11168 1774 1582 11169 1770 1582 11170 1917 1582 11171 1774 3273 11172 1917 3273 11173 1772 3273 11174 1773 3274 11175 1772 3274 11176 1918 3274 11177 1773 3275 11178 1918 3275 11179 1779 3275 11180 1780 3276 11181 1922 3276 11182 1782 3276 11183 1780 3277 11184 1779 3277 11185 1922 3277 11186 1768 1588 11187 1786 1588 11188 1923 1588 11189 1768 1589 11190 1770 1589 11191 1774 1589 11192 1768 1590 11193 1923 1590 11194 1769 1590 11195 1924 3278 11196 1925 3278 11197 1926 3278 11198 1927 3279 11199 1928 3279 11200 1929 3279 11201 1927 3280 11202 1930 3280 11203 1928 3280 11204 1927 3281 11205 1929 3281 11206 1931 3281 11207 1924 3282 11208 1926 3282 11209 1932 3282 11210 1924 3283 11211 1933 3283 11212 1934 3283 11213 1924 3284 11214 1932 3284 11215 1933 3284 11216 1935 3285 11217 1936 3285 11218 1937 3285 11219 1935 3286 11220 1937 3286 11221 1938 3286 11222 1939 3287 11223 1940 3287 11224 1941 3287 11225 1942 3288 11226 1927 3288 11227 1931 3288 11228 1942 3289 11229 1943 3289 11230 1944 3289 11231 1939 3290 11232 1941 3290 11233 1945 3290 11234 1946 1604 11235 1924 1604 11236 1934 1604 11237 1942 3291 11238 1944 3291 11239 1927 3291 11240 1946 3292 11241 1934 3292 11242 1940 3292 11243 1942 3293 11244 1931 3293 11245 1936 3293 11246 1946 3294 11247 1947 3294 11248 1925 3294 11249 1946 3295 11250 1925 3295 11251 1924 3295 11252 1948 3296 11253 1939 3296 11254 1945 3296 11255 1949 3297 11256 1938 3297 11257 1950 3297 11258 1949 3298 11259 1935 3298 11260 1938 3298 11261 1951 3299 11262 1943 3299 11263 1942 3299 11264 1951 3300 11265 1952 3300 11266 1943 3300 11267 1948 3301 11268 1945 3301 11269 1953 3301 11270 1954 3302 11271 1946 3302 11272 1940 3302 11273 1951 3303 11274 1936 3303 11275 1935 3303 11276 1954 3304 11277 1947 3304 11278 1946 3304 11279 1954 3305 11280 1955 3305 11281 1947 3305 11282 1951 3306 11283 1942 3306 11284 1936 3306 11285 1954 3307 11286 1940 3307 11287 1939 3307 11288 1956 3308 11289 1948 3308 11290 1953 3308 11291 1957 3309 11292 1950 3309 11293 1958 3309 11294 1957 3310 11295 1949 3310 11296 1950 3310 11297 1959 3311 11298 1960 3311 11299 1952 3311 11300 1956 3312 11301 1953 3312 11302 1961 3312 11303 1959 1627 11304 1935 1627 11305 1949 1627 11306 1962 3313 11307 1939 3313 11308 1948 3313 11309 1959 3314 11310 1951 3314 11311 1935 3314 11312 1959 3315 11313 1952 3315 11314 1951 3315 11315 1962 3316 11316 1955 3316 11317 1954 3316 11318 1962 3317 11319 1963 3317 11320 1955 3317 11321 1962 3318 11322 1954 3318 11323 1939 3318 11324 1964 3319 11325 1956 3319 11326 1961 3319 11327 1965 3320 11328 1958 3320 11329 1966 3320 11330 1965 3321 11331 1957 3321 11332 1958 3321 11333 1967 3322 11334 1959 3322 11335 1949 3322 11336 1964 3323 11337 1961 3323 11338 1968 3323 11339 1967 3324 11340 1969 3324 11341 1960 3324 11342 1970 3325 11343 1948 3325 11344 1956 3325 11345 1970 3326 11346 1971 3326 11347 1963 3326 11348 1967 1642 11349 1960 1642 11350 1959 1642 11351 1970 3327 11352 1963 3327 11353 1962 3327 11354 1967 3328 11355 1949 3328 11356 1957 3328 11357 1970 3329 11358 1962 3329 11359 1948 3329 11360 1972 3330 11361 1966 3330 11362 1973 3330 11363 1972 3331 11364 1965 3331 11365 1966 3331 11366 1974 3332 11367 1964 3332 11368 1968 3332 11369 1975 3333 11370 1957 3333 11371 1965 3333 11372 1975 1650 11373 1976 1650 11374 1969 1650 11375 1974 3334 11376 1968 3334 11377 1977 3334 11378 1978 3335 11379 1970 3335 11380 1956 3335 11381 1975 3336 11382 1967 3336 11383 1957 3336 11384 1978 3337 11385 1956 3337 11386 1964 3337 11387 1978 3338 11388 1979 3338 11389 1971 3338 11390 1975 3339 11391 1969 3339 11392 1967 3339 11393 1978 3340 11394 1971 3340 11395 1970 3340 11396 1980 3341 11397 1974 3341 11398 1977 3341 11399 1981 3342 11400 1973 3342 11401 1982 3342 11402 1981 3343 11403 1972 3343 11404 1973 3343 11405 1983 1661 11406 1984 1661 11407 1976 1661 11408 1980 3344 11409 1977 3344 11410 1985 3344 11411 1983 3345 11412 1965 3345 11413 1972 3345 11414 1986 3346 11415 1987 3346 11416 1979 3346 11417 1983 3347 11418 1975 3347 11419 1965 3347 11420 1983 3348 11421 1976 3348 11422 1975 3348 11423 1986 1667 11424 1964 1667 11425 1974 1667 11426 1986 3349 11427 1979 3349 11428 1978 3349 11429 1988 3350 11430 1981 3350 11431 1982 3350 11432 1986 3351 11433 1978 3351 11434 1964 3351 11435 1988 3352 11436 1982 3352 11437 1989 3352 11438 1990 3353 11439 1980 3353 11440 1985 3353 11441 1991 3354 11442 1972 3354 11443 1981 3354 11444 1991 3355 11445 1983 3355 11446 1972 3355 11447 1990 3356 11448 1985 3356 11449 1992 3356 11450 1991 3357 11451 1993 3357 11452 1984 3357 11453 1994 3358 11454 1995 3358 11455 1987 3358 11456 1991 3359 11457 1984 3359 11458 1983 3359 11459 1994 3360 11460 1986 3360 11461 1974 3360 11462 1994 3361 11463 1974 3361 11464 1980 3361 11465 1996 3362 11466 1989 3362 11467 1997 3362 11468 1994 3363 11469 1987 3363 11470 1986 3363 11471 1998 3364 11472 1990 3364 11473 1992 3364 11474 1996 3365 11475 1988 3365 11476 1989 3365 11477 1999 3366 11478 2000 3366 11479 1993 3366 11480 1998 3367 11481 1992 3367 11482 2001 3367 11483 1999 3368 11484 1993 3368 11485 1991 3368 11486 1999 3369 11487 1981 3369 11488 1988 3369 11489 2002 1689 11490 2003 1689 11491 1995 1689 11492 1999 3370 11493 1991 3370 11494 1981 3370 11495 2002 3371 11496 1994 3371 11497 1980 3371 11498 2002 3372 11499 1995 3372 11500 1994 3372 11501 2004 3373 11502 1997 3373 11503 2005 3373 11504 2002 3374 11505 1980 3374 11506 1990 3374 11507 2004 1695 11508 1996 1695 11509 1997 1695 11510 2006 3375 11511 2007 3375 11512 2008 3375 11513 2006 3376 11514 2001 3376 11515 2007 3376 11516 2009 3377 11517 2010 3377 11518 2008 3377 11519 2006 3378 11520 2008 3378 11521 2010 3378 11522 2011 3379 11523 2012 3379 11524 2000 3379 11525 2009 3380 11526 2008 3380 11527 2013 3380 11528 2006 3381 11529 1998 3381 11530 2001 3381 11531 2014 3382 11532 2015 3382 11533 2003 3382 11534 2011 3383 11535 1988 3383 11536 1996 3383 11537 2014 3384 11538 2002 3384 11539 1990 3384 11540 2011 3385 11541 2000 3385 11542 1999 3385 11543 2014 1707 11544 2003 1707 11545 2002 1707 11546 2011 3386 11547 1999 3386 11548 1988 3386 11549 2014 3387 11550 1990 3387 11551 1998 3387 11552 1929 3388 11553 2013 3388 11554 2016 3388 11555 1929 3389 11556 2009 3389 11557 2013 3389 11558 2017 3390 11559 2018 3390 11560 2015 3390 11561 1933 3391 11562 2004 3391 11563 2005 3391 11564 2017 3392 11565 2019 3392 11566 2018 3392 11567 2017 3393 11568 2015 3393 11569 2014 3393 11570 2020 3394 11571 2021 3394 11572 2019 3394 11573 2017 3395 11574 1998 3395 11575 2006 3395 11576 2017 3396 11577 2006 3396 11578 2010 3396 11579 1933 3397 11580 2005 3397 11581 2022 3397 11582 2017 3398 11583 2023 3398 11584 2019 3398 11585 2020 3399 11586 2019 3399 11587 2023 3399 11588 2017 3400 11589 2014 3400 11590 1998 3400 11591 2024 3401 11592 2025 3401 11593 2012 3401 11594 2020 3402 11595 2023 3402 11596 2010 3402 11597 2017 3403 11598 2010 3403 11599 2023 3403 11600 2020 3404 11601 2010 3404 11602 2009 3404 11603 2024 3405 11604 2012 3405 11605 2011 3405 11606 2024 3406 11607 1996 3406 11608 2004 3406 11609 2024 3407 11610 2011 3407 11611 1996 3407 11612 1931 3408 11613 2016 3408 11614 2026 3408 11615 1931 3409 11616 1929 3409 11617 2016 3409 11618 1928 3410 11619 1930 3410 11620 2021 3410 11621 1934 3411 11622 2022 3411 11623 2027 3411 11624 1934 3412 11625 1933 3412 11626 2022 3412 11627 1928 3413 11628 2009 3413 11629 1929 3413 11630 1932 3414 11631 2025 3414 11632 2024 3414 11633 1928 3415 11634 2021 3415 11635 2020 3415 11636 1932 3416 11637 1926 3416 11638 2025 3416 11639 1928 3417 11640 2020 3417 11641 2009 3417 11642 1932 3418 11643 2004 3418 11644 1933 3418 11645 1932 3419 11646 2024 3419 11647 2004 3419 11648 1936 3420 11649 2026 3420 11650 1937 3420 11651 1936 3421 11652 1931 3421 11653 2026 3421 11654 1940 3422 11655 2027 3422 11656 1941 3422 11657 1927 3423 11658 1944 3423 11659 1930 3423 11660 1940 3424 11661 1934 3424 11662 2027 3424 11663 1807 1747 11664 1808 1747 11665 2008 1747 11666 1807 3425 11667 2008 3425 11668 2007 3425 11669 1807 3426 11670 2007 3426 11671 2001 3426 11672 1803 3427 11673 2001 3427 11674 1992 3427 11675 1803 3428 11676 1807 3428 11677 2001 3428 11678 1798 3429 11679 1803 3429 11680 1992 3429 11681 1885 1754 11682 1891 1754 11683 2005 1754 11684 1885 3430 11685 2005 3430 11686 1997 3430 11687 1792 3431 11688 1798 3431 11689 1992 3431 11690 1885 3432 11691 1997 3432 11692 1989 3432 11693 1792 3433 11694 1992 3433 11695 1985 3433 11696 1792 3434 11697 1985 3434 11698 1977 3434 11699 1785 3435 11700 1792 3435 11701 1977 3435 11702 1879 3436 11703 1989 3436 11704 1982 3436 11705 1785 1761 11706 1977 1761 11707 1968 1761 11708 1879 3437 11709 1885 3437 11710 1989 3437 11711 1786 3438 11712 1785 3438 11713 1968 3438 11714 1873 3439 11715 1982 3439 11716 1973 3439 11717 1786 3440 11718 1968 3440 11719 1961 3440 11720 1873 3441 11721 1879 3441 11722 1982 3441 11723 1923 3442 11724 1786 3442 11725 1961 3442 11726 1867 3443 11727 1973 3443 11728 1966 3443 11729 1923 3444 11730 1961 3444 11731 1953 3444 11732 1867 3445 11733 1873 3445 11734 1973 3445 11735 1921 3446 11736 1923 3446 11737 1953 3446 11738 1861 3447 11739 1966 3447 11740 1958 3447 11741 1921 3448 11742 1953 3448 11743 1945 3448 11744 1861 3449 11745 1867 3449 11746 1966 3449 11747 1915 3450 11748 1921 3450 11749 1945 3450 11750 1915 3451 11751 1945 3451 11752 1941 3451 11753 1855 3452 11754 1958 3452 11755 1950 3452 11756 1909 3453 11757 1915 3453 11758 1941 3453 11759 1909 3454 11760 1941 3454 11761 2027 3454 11762 1855 3455 11763 1861 3455 11764 1958 3455 11765 1903 3456 11766 2027 3456 11767 2022 3456 11768 1903 3457 11769 1909 3457 11770 2027 3457 11771 1849 3458 11772 1950 3458 11773 1938 3458 11774 1897 3459 11775 1903 3459 11776 2022 3459 11777 1897 3460 11778 2022 3460 11779 2005 3460 11780 1849 3461 11781 1855 3461 11782 1950 3461 11783 1891 1787 11784 1897 1787 11785 2005 1787 11786 1843 3462 11787 1938 3462 11788 1937 3462 11789 1843 3463 11790 1849 3463 11791 1938 3463 11792 1837 3464 11793 1937 3464 11794 2026 3464 11795 1837 3465 11796 1843 3465 11797 1937 3465 11798 1831 3466 11799 1837 3466 11800 2026 3466 11801 1831 3467 11802 2026 3467 11803 2016 3467 11804 1825 3468 11805 1831 3468 11806 2016 3468 11807 1825 3469 11808 2016 3469 11809 2013 3469 11810 1819 3470 11811 1825 3470 11812 2013 3470 11813 1819 3471 11814 2013 3471 11815 2008 3471 11816 1808 3472 11817 1819 3472 11818 2008 3472 11819 1591 832 11820 1919 832 11821 1913 832 11822 1599 832 11823 1591 832 11824 1913 832 11825 1599 876 11826 1913 876 11827 1907 876 11828 1621 3473 11829 1877 3473 11830 1871 3473 11831 1607 3474 11832 1599 3474 11833 1907 3474 11834 1607 874 11835 1907 874 11836 1901 874 11837 1630 3475 11838 1871 3475 11839 1865 3475 11840 1630 3473 11841 1621 3473 11842 1871 3473 11843 1615 2681 11844 1607 2681 11845 1901 2681 11846 1615 3476 11847 1901 3476 11848 1895 3476 11849 1652 3477 11850 1865 3477 11851 1859 3477 11852 1626 3478 11853 1615 3478 11854 1895 3478 11855 1652 862 11856 1630 862 11857 1865 862 11858 1626 3479 11859 1895 3479 11860 1889 3479 11861 1666 3480 11862 1859 3480 11863 1853 3480 11864 1644 869 11865 1889 869 11866 1883 869 11867 1666 3481 11868 1652 3481 11869 1859 3481 11870 1644 870 11871 1626 870 11872 1889 870 11873 1620 866 11874 1883 866 11875 1877 866 11876 1620 3482 11877 1644 3482 11878 1883 3482 11879 1679 856 11880 1853 856 11881 1847 856 11882 1679 857 11883 1666 857 11884 1853 857 11885 1621 866 11886 1620 866 11887 1877 866 11888 1687 3483 11889 1847 3483 11890 1841 3483 11891 1687 1815 11892 1679 1815 11893 1847 1815 11894 1695 854 11895 1841 854 11896 1835 854 11897 1695 855 11898 1687 855 11899 1841 855 11900 1703 852 11901 1835 852 11902 1829 852 11903 1703 854 11904 1695 854 11905 1835 854 11906 1711 849 11907 1829 849 11908 1823 849 11909 1711 852 11910 1703 852 11911 1829 852 11912 1719 3484 11913 1823 3484 11914 1817 3484 11915 1719 849 11916 1711 849 11917 1823 849 11918 1727 3485 11919 1817 3485 11920 1813 3485 11921 1727 3486 11922 1719 3486 11923 1817 3486 11924 1735 840 11925 1727 840 11926 1813 840 11927 1735 3487 11928 1813 3487 11929 1775 3487 11930 1743 3488 11931 1735 3488 11932 1775 3488 11933 1743 3489 11934 1775 3489 11935 1777 3489 11936 1751 3490 11937 1743 3490 11938 1777 3490 11939 1751 3491 11940 1777 3491 11941 1796 3491 11942 1759 3492 11943 1751 3492 11944 1796 3492 11945 1759 3493 11946 1796 3493 11947 1790 3493 11948 1767 844 11949 1759 844 11950 1790 844 11951 1767 3494 11952 1790 3494 11953 1783 3494 11954 1573 842 11955 1767 842 11956 1783 842 11957 1573 3495 11958 1783 3495 11959 1782 3495 11960 1574 3496 11961 1573 3496 11962 1782 3496 11963 1574 835 11964 1782 835 11965 1922 835 11966 1583 835 11967 1574 835 11968 1922 835 11969 1583 833 11970 1922 833 11971 1919 833 11972 1591 833 11973 1583 833 11974 1919 833 11975 2028 1840 11976 2029 1840 11977 2030 1840 11978 2030 1841 11979 2029 1841 11980 2031 1841 11981 2029 883 11982 2032 883 11983 2031 883 11984 2031 3497 11985 2032 3497 11986 2033 3497 11987 2034 3498 11988 2035 3498 11989 2036 3498 11990 2032 854 11991 2037 854 11992 2033 854 11993 2033 854 11994 2037 854 11995 2038 854 11996 2035 912 11997 2039 912 11998 2036 912 11999 2037 879 12000 2040 879 12001 2038 879 12002 2038 3499 12003 2040 3499 12004 2041 3499 12005 2036 910 12006 2042 910 12007 2043 910 12008 2043 1846 12009 2042 1846 12010 2044 1846 12011 2039 3500 12012 2042 3500 12013 2036 3500 12014 2040 877 12015 2045 877 12016 2041 877 12017 2041 878 12018 2045 878 12019 2046 878 12020 2042 909 12021 2047 909 12022 2044 909 12023 2045 920 12024 2048 920 12025 2046 920 12026 2046 920 12027 2048 920 12028 2049 920 12029 2044 908 12030 2050 908 12031 2051 908 12032 2051 3501 12033 2050 3501 12034 2052 3501 12035 2047 908 12036 2050 908 12037 2044 908 12038 2049 918 12039 2053 918 12040 2054 918 12041 2048 918 12042 2053 918 12043 2049 918 12044 2052 3502 12045 2055 3502 12046 2056 3502 12047 2050 905 12048 2055 905 12049 2052 905 12050 2054 916 12051 2057 916 12052 2058 916 12053 2053 3503 12054 2057 3503 12055 2054 3503 12056 2057 915 12057 2035 915 12058 2058 915 12059 2058 3504 12060 2035 3504 12061 2034 3504 12062 2055 904 12063 2059 904 12064 2056 904 12065 2056 832 12066 2060 832 12067 2061 832 12068 2061 3505 12069 2060 3505 12070 2062 3505 12071 2059 832 12072 2060 832 12073 2056 832 12074 2062 1862 12075 2063 1862 12076 2064 1862 12077 2060 897 12078 2063 897 12079 2062 897 12080 2064 3506 12081 2065 3506 12082 2066 3506 12083 2063 893 12084 2065 893 12085 2064 893 12086 2065 894 12087 2067 894 12088 2066 894 12089 2067 889 12090 2068 889 12091 2066 889 12092 2066 3507 12093 2068 3507 12094 2069 3507 12095 2068 1866 12096 2070 1866 12097 2069 1866 12098 2069 886 12099 2070 886 12100 2071 886 12101 2070 881 12102 2072 881 12103 2071 881 12104 2071 1867 12105 2072 1867 12106 2073 1867 12107 2072 902 12108 2074 902 12109 2073 902 12110 2073 3508 12111 2074 3508 12112 2075 3508 12113 2074 3509 12114 2076 3509 12115 2075 3509 12116 2075 900 12117 2076 900 12118 2077 900 12119 2076 1871 12120 2078 1871 12121 2077 1871 12122 2077 896 12123 2078 896 12124 2079 896 12125 2078 891 12126 2028 891 12127 2079 891 12128 2079 890 12129 2028 890 12130 2030 890 12131 1749 949 12132 2070 949 12133 2068 949 12134 1749 1873 12135 2068 1873 12136 1741 1873 12137 2037 949 12138 1613 949 12139 2040 949 12140 2050 949 12141 1677 949 12142 1685 949 12143 2050 3510 12144 2047 3510 12145 1677 3510 12146 1605 949 12147 1613 949 12148 2037 949 12149 2042 949 12150 1663 949 12151 1677 949 12152 2032 949 12153 1605 949 12154 2037 949 12155 2042 3511 12156 1677 3511 12157 2047 3511 12158 2055 3512 12159 1685 3512 12160 1693 3512 12161 1757 949 12162 2070 949 12163 1749 949 12164 2055 3513 12165 2050 3513 12166 1685 3513 12167 1757 949 12168 2072 949 12169 2070 949 12170 2039 949 12171 1647 949 12172 1663 949 12173 2039 3514 12174 1663 3514 12175 2042 3514 12176 1597 949 12177 1605 949 12178 2032 949 12179 2059 1886 12180 1693 1886 12181 1701 1886 12182 2059 3515 12183 2055 3515 12184 1693 3515 12185 1709 949 12186 2059 949 12187 1701 949 12188 2035 949 12189 1648 949 12190 1647 949 12191 2035 949 12192 1647 949 12193 2039 949 12194 1765 949 12195 2072 949 12196 1757 949 12197 1765 949 12198 2074 949 12199 2072 949 12200 2060 949 12201 2059 949 12202 1709 949 12203 1765 1877 12204 2076 1877 12205 2074 1877 12206 2057 949 12207 1674 949 12208 1648 949 12209 2057 949 12210 1648 949 12211 2035 949 12212 1589 949 12213 1597 949 12214 2032 949 12215 1589 3516 12216 2032 3516 12217 2029 3516 12218 2063 949 12219 1709 949 12220 1717 949 12221 1570 1881 12222 2076 1881 12223 1765 1881 12224 1570 949 12225 2078 949 12226 2076 949 12227 2063 949 12228 2060 949 12229 1709 949 12230 1581 949 12231 2029 949 12232 2028 949 12233 1581 949 12234 1589 949 12235 2029 949 12236 1569 949 12237 2028 949 12238 2078 949 12239 1569 949 12240 1581 949 12241 2028 949 12242 2053 3517 12243 1658 3517 12244 1674 3517 12245 1569 949 12246 2078 949 12247 1570 949 12248 2053 3518 12249 1674 3518 12250 2057 3518 12251 2065 949 12252 1717 949 12253 1725 949 12254 2065 949 12255 2063 949 12256 1717 949 12257 2048 949 12258 1638 949 12259 1658 949 12260 2048 1875 12261 1658 1875 12262 2053 1875 12263 1733 949 12264 2067 949 12265 2065 949 12266 1733 949 12267 2065 949 12268 1725 949 12269 1624 3519 12270 1638 3519 12271 2048 3519 12272 1624 3520 12273 2048 3520 12274 2045 3520 12275 1741 1873 12276 2067 1873 12277 1733 1873 12278 1741 949 12279 2068 949 12280 2067 949 12281 1613 3521 12282 1624 3521 12283 2045 3521 12284 1613 3522 12285 2045 3522 12286 2040 3522 12287 1947 3523 12288 1993 3523 12289 2000 3523 12290 1947 3524 12291 2000 3524 12292 2012 3524 12293 1947 3525 12294 2012 3525 12295 2025 3525 12296 1947 3526 12297 2025 3526 12298 1926 3526 12299 1947 921 12300 1926 921 12301 1925 921 12302 1947 921 12303 1971 921 12304 1969 921 12305 1947 921 12306 1955 921 12307 1971 921 12308 2015 921 12309 2018 921 12310 2019 921 12311 1995 3527 12312 2019 3527 12313 2021 3527 12314 1995 3528 12315 2021 3528 12316 1930 3528 12317 1995 3529 12318 1930 3529 12319 1944 3529 12320 1995 3530 12321 1944 3530 12322 1943 3530 12323 1995 3531 12324 2003 3531 12325 2015 3531 12326 1995 921 12327 2015 921 12328 2019 921 12329 1979 3532 12330 1943 3532 12331 1952 3532 12332 1979 3533 12333 1987 3533 12334 1995 3533 12335 1979 3534 12336 1995 3534 12337 1943 3534 12338 1971 3535 12339 1952 3535 12340 1960 3535 12341 1971 921 12342 1960 921 12343 1969 921 12344 1971 921 12345 1979 921 12346 1952 921 12347 1955 3536 12348 1963 3536 12349 1971 3536 12350 1947 3537 12351 1969 3537 12352 1976 3537 12353 1947 3538 12354 1976 3538 12355 1984 3538 12356 1947 3539 12357 1984 3539 12358 1993 3539 12359 2044 3540 12360 2036 3540 12361 2043 3540 12362 2036 949 12363 2054 949 12364 2034 949 12365 2034 3541 12366 2054 3541 12367 2058 3541 12368 2044 949 12369 2054 949 12370 2036 949 12371 2051 949 12372 2049 949 12373 2044 949 12374 2044 949 12375 2049 949 12376 2054 949 12377 2064 949 12378 2069 949 12379 2062 949 12380 2066 3542 12381 2069 3542 12382 2064 3542 12383 2052 949 12384 2041 949 12385 2051 949 12386 2056 949 12387 2041 949 12388 2052 949 12389 2061 949 12390 2041 949 12391 2056 949 12392 2049 949 12393 2041 949 12394 2046 949 12395 2051 949 12396 2041 949 12397 2049 949 12398 2061 3543 12399 2038 3543 12400 2041 3543 12401 2073 949 12402 2075 949 12403 2071 949 12404 2062 949 12405 2031 949 12406 2061 949 12407 2038 949 12408 2031 949 12409 2033 949 12410 2061 3544 12411 2031 3544 12412 2038 3544 12413 2071 949 12414 2077 949 12415 2069 949 12416 2075 1896 12417 2077 1896 12418 2071 1896 12419 2069 949 12420 2030 949 12421 2062 949 12422 2062 1897 12423 2030 1897 12424 2031 1897 12425 2069 3545 12426 2079 3545 12427 2030 3545 12428 2077 949 12429 2079 949 12430 2069 949 12431</p>
        </triangles>
      </mesh>
    </geometry>
    </library_geometries>
  <library_visual_scenes>
    <visual_scene id="Scene" name="Scene">
      <node id="LandingRubber" name="LandingRubber" type="NODE">
        <matrix sid="transform">1 0 0 0 0 1 0 0 0 0 1 0 0 0 0 1</matrix>
        <instance_geometry url="#LandingRubber-mesh" name="LandingRubber">
          <bind_material>
            <technique_common>
              <instance_material symbol="LandingRubber-material" target="#LandingRubber-material">
                <bind_vertex_input semantic="UVMap" input_semantic="TEXCOORD" input_set="0" />
              </instance_material>
            </technique_common>
          </bind_material>
        </instance_geometry>
      </node>
      </visual_scene>
  </library_visual_scenes>
  <scene>
    <instance_visual_scene url="#Scene" />
  </scene>
</COLLADA>