<?xml version='1.0' encoding='utf-8'?>
<COLLADA xmlns="http://www.collada.org/2005/11/COLLADASchema" version="1.4.1">
  <asset>
    <contributor>
      <author>Blender User</author>
      <authoring_tool>Blender 2.82.7</authoring_tool>
    </contributor>
    <created>2021-04-21T20:42:04</created>
    <modified>2021-04-21T20:42:04</modified>
    <unit name="meter" meter="1" />
    <up_axis>Z_UP</up_axis>
  </asset>
  <library_lights>
    <light id="Sun-light" name="Sun">
      <technique_common>
        <directional>
          <color sid="color">1 1 1</color>
        </directional>
      </technique_common>
      <extra>
        <technique profile="blender">
          <type sid="type" type="int">1</type>
          <flag sid="flag" type="int">0</flag>
          <mode sid="mode" type="int">1</mode>
          <gamma sid="blender_gamma" type="float">1</gamma>
          <red sid="red" type="float">1</red>
          <green sid="green" type="float">1</green>
          <blue sid="blue" type="float">1</blue>
          <shadow_r sid="blender_shadow_r" type="float">0</shadow_r>
          <shadow_g sid="blender_shadow_g" type="float">0</shadow_g>
          <shadow_b sid="blender_shadow_b" type="float">0</shadow_b>
          <energy sid="blender_energy" type="float">1</energy>
          <dist sid="blender_dist" type="float">12.5</dist>
          <spotsize sid="spotsize" type="float">45</spotsize>
          <spotblend sid="spotblend" type="float">0.15</spotblend>
          <att1 sid="att1" type="float">0</att1>
          <att2 sid="att2" type="float">1</att2>
          <falloff_type sid="falloff_type" type="int">2</falloff_type>
          <clipsta sid="clipsta" type="float">0.04999995</clipsta>
          <clipend sid="clipend" type="float">40</clipend>
          <bias sid="bias" type="float">1</bias>
          <soft sid="soft" type="float">3</soft>
          <bufsize sid="bufsize" type="int">512</bufsize>
          <samp sid="samp" type="int">3</samp>
          <buffers sid="buffers" type="int">1</buffers>
          <area_shape sid="area_shape" type="int">0</area_shape>
          <area_size sid="area_size" type="float">0.125</area_size>
          <area_sizey sid="area_sizey" type="float">0.125</area_sizey>
          <area_sizez sid="area_sizez" type="float">0.125</area_sizez>
        </technique>
      </extra>
    </light>
  </library_lights>
  <library_effects>
    <effect id="LandingFoam-effect">
      <profile_COMMON>
        <technique sid="common">
          <lambert>
            <emission>
              <color sid="emission">0 0 0 1</color>
            </emission>
            <ambient>
              <color sid="ambient">0.7019608 0.7019608 0.7019608 1</color>
            </ambient>
            <diffuse>
              <color sid="diffuse">0.7019608 0.7019608 0.7019608 1</color>
            </diffuse>
            <reflectivity>
              <float sid="specular">0.3</float>
            </reflectivity>
            <index_of_refraction>
              <float sid="ior">1.45</float>
            </index_of_refraction>
          </lambert>
        </technique>
      </profile_COMMON>
    </effect>
    <effect id="LandingRubber-effect">
      <profile_COMMON>
        <technique sid="common">
          <lambert>
            <emission>
              <color sid="emission">0 0 0 1</color>
            </emission>
            <ambient>
              <color sid="ambient">0.003921569 0.003921569 0.003921569 1</color>
            </ambient>
            <diffuse>
              <color sid="diffuse">0.003921569 0.003921569 0.003921569 1</color>
            </diffuse>
            <reflectivity>
              <float sid="specular">1</float>
            </reflectivity>
            <index_of_refraction>
              <float sid="ior">1.45</float>
            </index_of_refraction>
          </lambert>
        </technique>
      </profile_COMMON>
    </effect>
    <effect id="CarbonFiber-effect">
      <profile_COMMON>
        <newparam sid="CF_png-surface">
          <surface type="2D">
            <init_from>CF_png</init_from>
          </surface>
        </newparam>
        <newparam sid="CF_png-sampler">
          <sampler2D>
            <source>CF_png-surface</source>
          </sampler2D>
        </newparam>
        <technique sid="common">
          <lambert>
            <emission>
              <color sid="emission">0 0 0 1</color>
            </emission>
            <diffuse>
              <texture texture="CF_png-sampler" texcoord="UVMap" />
            </diffuse>
            <reflectivity>
              <float sid="specular">1</float>
            </reflectivity>
            <index_of_refraction>
              <float sid="ior">1.45</float>
            </index_of_refraction>
          </lambert>
        </technique>
      </profile_COMMON>
    </effect>
    <effect id="Metal-effect">
      <profile_COMMON>
        <technique sid="common">
          <lambert>
            <emission>
              <color sid="emission">0 0 0 1</color>
            </emission>
            <ambient>
              <color sid="ambient">0.3185468 0.3185468 0.3185468 1</color>
            </ambient>
            <diffuse>
              <color sid="diffuse">0.3185468 0.3185468 0.3185468 1</color>
            </diffuse>
            <reflectivity>
              <float sid="specular">1</float>
            </reflectivity>
            <index_of_refraction>
              <float sid="ior">1.45</float>
            </index_of_refraction>
          </lambert>
        </technique>
      </profile_COMMON>
    </effect>
    <effect id="RailsRubber-effect">
      <profile_COMMON>
        <technique sid="common">
          <lambert>
            <emission>
              <color sid="emission">0 0 0 1</color>
            </emission>
            <ambient>
              <color sid="ambient">0.1004815 0.1004815 0.1004815 1</color>
            </ambient>
            <diffuse>
              <color sid="diffuse">0.1004815 0.1004815 0.1004815 1</color>
            </diffuse>
            <reflectivity>
              <float sid="specular">0.5</float>
            </reflectivity>
            <index_of_refraction>
              <float sid="ior">1.45</float>
            </index_of_refraction>
          </lambert>
        </technique>
      </profile_COMMON>
    </effect>
    <effect id="FMUK66-effect">
      <profile_COMMON>
        <technique sid="common">
          <lambert>
            <emission>
              <color sid="emission">0 0 0 1</color>
            </emission>
            <ambient>
              <color sid="ambient">0.9960784 0.9960784 0.9960784 1</color>
            </ambient>
            <diffuse>
              <color sid="diffuse">0.9960784 0.9960784 0.9960784 1</color>
            </diffuse>
            <reflectivity>
              <float sid="specular">0.5</float>
            </reflectivity>
            <index_of_refraction>
              <float sid="ior">1.45</float>
            </index_of_refraction>
          </lambert>
        </technique>
      </profile_COMMON>
    </effect>
    <effect id="RailsAntennaHolder-effect">
      <profile_COMMON>
        <technique sid="common">
          <lambert>
            <emission>
              <color sid="emission">0 0 0 1</color>
            </emission>
            <ambient>
              <color sid="ambient">0.9568627 0.9568627 0 1</color>
            </ambient>
            <diffuse>
              <color sid="diffuse">0.9568627 0.9568627 0 1</color>
            </diffuse>
            <reflectivity>
              <float sid="specular">0.5</float>
            </reflectivity>
            <index_of_refraction>
              <float sid="ior">1.45</float>
            </index_of_refraction>
          </lambert>
        </technique>
      </profile_COMMON>
    </effect>
    <effect id="LandingPlastic-effect">
      <profile_COMMON>
        <technique sid="common">
          <lambert>
            <emission>
              <color sid="emission">0 0 0 1</color>
            </emission>
            <ambient>
              <color sid="ambient">0.5225216 0.5225216 0.5225216 1</color>
            </ambient>
            <diffuse>
              <color sid="diffuse">0.5225216 0.5225216 0.5225216 1</color>
            </diffuse>
            <reflectivity>
              <float sid="specular">0.5</float>
            </reflectivity>
            <index_of_refraction>
              <float sid="ior">1.45</float>
            </index_of_refraction>
          </lambert>
        </technique>
      </profile_COMMON>
    </effect>
    <effect id="FMURubber-effect">
      <profile_COMMON>
        <technique sid="common">
          <lambert>
            <emission>
              <color sid="emission">0 0 0 1</color>
            </emission>
            <ambient>
              <color sid="ambient">0.1882353 0.2313726 0.5882354 1</color>
            </ambient>
            <diffuse>
              <color sid="diffuse">0.1882353 0.2313726 0.5882354 1</color>
            </diffuse>
            <reflectivity>
              <float sid="specular">0.5</float>
            </reflectivity>
            <index_of_refraction>
              <float sid="ior">1.45</float>
            </index_of_refraction>
          </lambert>
        </technique>
      </profile_COMMON>
    </effect>
  </library_effects>
  <library_images>
    <image id="CF_png" name="CF_png">
      <init_from>CF.png</init_from>
    </image>
  </library_images>
  <library_materials>
    <material id="LandingFoam-material" name="LandingFoam">
      <instance_effect url="#LandingFoam-effect" />
    </material>
    <material id="LandingRubber-material" name="LandingRubber">
      <instance_effect url="#LandingRubber-effect" />
    </material>
    <material id="CarbonFiber-material" name="CarbonFiber">
      <instance_effect url="#CarbonFiber-effect" />
    </material>
    <material id="Metal-material" name="Metal">
      <instance_effect url="#Metal-effect" />
    </material>
    <material id="RailsRubber-material" name="RailsRubber">
      <instance_effect url="#RailsRubber-effect" />
    </material>
    <material id="FMUK66-material" name="FMUK66">
      <instance_effect url="#FMUK66-effect" />
    </material>
    <material id="RailsAntennaHolder-material" name="RailsAntennaHolder">
      <instance_effect url="#RailsAntennaHolder-effect" />
    </material>
    <material id="LandingPlastic-material" name="LandingPlastic">
      <instance_effect url="#LandingPlastic-effect" />
    </material>
    <material id="FMURubber-material" name="FMURubber">
      <instance_effect url="#FMURubber-effect" />
    </material>
  </library_materials>
  <library_geometries>
    <geometry id="RailsRubber-mesh" name="RailsRubber">
      <mesh>
        <source id="RailsRubber-mesh-positions">
          <float_array id="RailsRubber-mesh-positions-array" count="12480">-0.1146356 -0.03222924 -0.03056955 -0.1146356 -0.02999997 -0.03029888 -0.1148704 -0.02999997 -0.03096997 -0.1148704 -0.03206861 -0.03122115 -0.1148704 -0.03401702 -0.03196007 -0.11495 -0.03189957 -0.03190714 -0.11495 -0.03368872 -0.03258568 -0.1124815 -0.02487272 -0.02984482 -0.111775 -0.02483576 -0.02977436 -0.111775 -0.02263104 -0.03129613 -0.1124815 -0.02268379 -0.03135573 -0.1131526 -0.02283954 -0.03153151 -0.1131526 -0.02498185 -0.03005278 -0.1131526 -0.02741581 -0.02912968 -0.1137546 -0.02515763 -0.03038769 -0.1137546 -0.02750635 -0.02949696 -0.1137546 -0.02999997 -0.02919417 -0.1142573 -0.02762669 -0.02998507 -0.1142573 -0.02999997 -0.02969688 -0.1142573 -0.0323733 -0.02998507 -0.1146356 -0.03432887 -0.03136587 -0.1148704 -0.03573203 -0.03314381 -0.11495 -0.03526347 -0.03367269 -0.1124815 -0.02735966 -0.02890169 -0.111775 -0.02734059 -0.02882438 -0.1131526 -0.02999997 -0.02881592 -0.1137546 -0.03249359 -0.02949696 -0.1142573 -0.03460866 -0.03083282 -0.1146356 -0.03617703 -0.03264153 -0.1148704 -0.03711384 -0.03470361 -0.11495 -0.0365324 -0.03510493 -0.1124815 -0.02999997 -0.02858108 -0.111775 -0.02999997 -0.02850145 -0.1131526 -0.03258413 -0.02912968 -0.1137546 -0.03484231 -0.03038769 -0.1142573 -0.03657621 -0.03219091 -0.1146356 -0.03766614 -0.03432238 -0.1148704 -0.03808224 -0.03654879 -0.11495 -0.03742164 -0.03679931 -0.1124815 -0.03264033 -0.02890169 -0.111775 -0.03265935 -0.02882438 -0.1131526 -0.03501808 -0.03005278 -0.1137546 -0.03690958 -0.03181463 -0.1142573 -0.03816157 -0.03398042 -0.1146356 -0.0387097 -0.03631079 -0.1148704 -0.03858095 -0.03857207 -0.11495 -0.03787958 -0.03865718 -0.1124815 -0.03512722 -0.02984482 -0.111775 -0.03516423 -0.02977436 -0.1131526 -0.03716039 -0.03153151 -0.1137546 -0.03857529 -0.03369486 -0.1142573 -0.0392726 -0.03609734 -0.1146356 -0.03924715 -0.03849118 -0.1148704 -0.03858095 -0.04065591 -0.11495 -0.03787958 -0.04057073 -0.1124815 -0.03731614 -0.03135573 -0.111775 -0.03736895 -0.03129613 -0.1131526 -0.0388866 -0.03347998 -0.1137546 -0.03974264 -0.03591907 -0.1142573 -0.03984475 -0.03841859 -0.1146356 -0.03924715 -0.04073679 -0.1148704 -0.03808224 -0.04267919 -0.11495 -0.03742164 -0.04242867 -0.1124815 -0.0390799 -0.03334659 -0.111775 -0.03914541 -0.03330135 -0.1131526 -0.04009634 -0.0357849 -0.1137546 -0.04034382 -0.03835803 -0.1142573 -0.03984475 -0.04080933 -0.1146356 -0.0387097 -0.04291713 -0.1148704 -0.03711384 -0.04452431 -0.11495 -0.0365324 -0.04412299 -0.1124815 -0.04031592 -0.03570163 -0.111775 -0.04039037 -0.03567343 -0.1131526 -0.04071933 -0.03831243 -0.1137546 -0.04034382 -0.04086995 -0.1142573 -0.0392726 -0.04313063 -0.1146356 -0.03766614 -0.04490554 -0.1148704 -0.03573203 -0.0460841 -0.11495 -0.03526347 -0.04555529 -0.1148704 -0.02793133 -0.04800677 -0.1148704 -0.02999997 -0.04825794 -0.11495 -0.02999997 -0.04755145 -0.11495 -0.02810043 -0.04732084 -0.1124815 -0.04095244 -0.03828412 -0.111775 -0.04103147 -0.03827452 -0.1146356 -0.02777075 -0.04865837 -0.1131526 -0.04071933 -0.04091554 -0.1146356 -0.02999997 -0.04892903 -0.1148704 -0.02598291 -0.04726785 -0.1137546 -0.03974264 -0.04330891 -0.11495 -0.02631121 -0.0466423 -0.1142573 -0.02762669 -0.04924291 -0.1142573 -0.02999997 -0.04953104 -0.1142573 -0.03816157 -0.04524749 -0.1146356 -0.02567106 -0.04786205 -0.1146356 -0.03617703 -0.04658639 -0.1148704 -0.02426797 -0.0460841 -0.11495 -0.02473646 -0.04555529 -0.1148704 -0.03401702 -0.04726785 -0.11495 -0.03368872 -0.0466423 -0.1124815 -0.04095244 -0.04094386 -0.111775 -0.04103147 -0.04095345 -0.1137546 -0.02750635 -0.04973101 -0.1137546 -0.02999997 -0.0500338 -0.1142573 -0.02539128 -0.04839509 -0.1131526 -0.04009634 -0.04344302 -0.1137546 -0.03857529 -0.04553312 -0.1146356 -0.02382296 -0.04658639 -0.1142573 -0.03657621 -0.047037 -0.1148704 -0.02288609 -0.04452431 -0.11495 -0.02346754 -0.04412299 -0.1146356 -0.03432887 -0.04786205 -0.1131526 -0.02741581 -0.05009829 -0.1131526 -0.02999997 -0.05041205 -0.1148704 -0.03206861 -0.04800677 -0.11495 -0.03189957 -0.04732084 -0.1137546 -0.02515763 -0.04884028 -0.1124815 -0.04031592 -0.04352629 -0.111775 -0.04039037 -0.04355454 -0.1142573 -0.02342373 -0.047037 -0.1131526 -0.0388866 -0.04574799 -0.1146356 -0.0223338 -0.04490554 -0.1137546 -0.03690958 -0.04741334 -0.1148704 -0.0219177 -0.04267919 -0.11495 -0.02257829 -0.04242867 -0.1142573 -0.03460866 -0.04839509 -0.1124815 -0.02735966 -0.05032628 -0.111775 -0.02734059 -0.05040359 -0.111775 -0.02999997 -0.05072647 -0.1124815 -0.02999997 -0.0506469 -0.1146356 -0.03222924 -0.04865837 -0.1131526 -0.02498185 -0.0491752 -0.1124815 -0.0390799 -0.04588139 -0.111775 -0.03914541 -0.04592657 -0.1137546 -0.02309036 -0.04741334 -0.1131526 -0.03716039 -0.04769647 -0.1137546 -0.03484231 -0.04884028 -0.1142573 -0.02183836 -0.04524749 -0.1142573 -0.0323733 -0.04924291 -0.1146356 -0.02129024 -0.04291713 -0.1124815 -0.03731614 -0.04787218 -0.111775 -0.03736895 -0.04793179 -0.1148704 -0.02141898 -0.04065591 -0.11495 -0.02212035 -0.04057073 -0.1124815 -0.02487272 -0.0493831 -0.111775 -0.02483576 -0.04945361 -0.1131526 -0.03501808 -0.0491752 -0.1137546 -0.03249359 -0.04973101 -0.1131526 -0.02283954 -0.04769647 -0.1124815 -0.03512722 -0.0493831 -0.111775 -0.03516423 -0.04945361 -0.1137546 -0.02142465 -0.04553312 -0.1131526 -0.03258413 -0.05009829 -0.1142573 -0.02072733 -0.04313063 -0.1124815 -0.03264033 -0.05032628 -0.111775 -0.03265935 -0.05040359 -0.1146356 -0.02075278 -0.04073679 -0.1148704 -0.02141898 -0.03857207 -0.11495 -0.02212035 -0.03865718 -0.1124815 -0.02268379 -0.04787218 -0.111775 -0.02263104 -0.04793179 -0.1131526 -0.02111333 -0.04574799 -0.1137546 -0.02025729 -0.04330891 -0.1142573 -0.02015519 -0.04080933 -0.1146356 -0.02075278 -0.03849118 -0.1148704 -0.0219177 -0.03654879 -0.11495 -0.02257829 -0.03679931 -0.1124815 -0.02092009 -0.04588139 -0.111775 -0.02085459 -0.04592657 -0.1131526 -0.0199036 -0.04344302 -0.1137546 -0.01965612 -0.04086995 -0.1142573 -0.02015519 -0.03841859 -0.1146356 -0.02129024 -0.03631079 -0.1148704 -0.02288609 -0.03470361 -0.11495 -0.02346754 -0.03510493 -0.1124815 -0.01968401 -0.04352629 -0.111775 -0.01960963 -0.04355454 -0.1131526 -0.01928061 -0.04091554 -0.1137546 -0.01965612 -0.03835803 -0.1142573 -0.02072733 -0.03609734 -0.1146356 -0.0223338 -0.03432238 -0.1148704 -0.02426797 -0.03314381 -0.11495 -0.02473646 -0.03367269 -0.1124815 -0.01904749 -0.04094386 -0.111775 -0.01896852 -0.04095345 -0.1131526 -0.01928061 -0.03831243 -0.1137546 -0.02025729 -0.03591907 -0.1142573 -0.02183836 -0.03398042 -0.1146356 -0.02382296 -0.03264153 -0.1148704 -0.02598291 -0.03196007 -0.11495 -0.02631121 -0.03258568 -0.1124815 -0.01904749 -0.03828412 -0.111775 -0.01896852 -0.03827452 -0.1131526 -0.0199036 -0.0357849 -0.1137546 -0.02142465 -0.03369486 -0.1142573 -0.02342373 -0.03219091 -0.1146356 -0.02567106 -0.03136587 -0.1148704 -0.02793133 -0.03122115 -0.11495 -0.02810043 -0.03190714 -0.1124815 -0.01968401 -0.03570163 -0.111775 -0.01960963 -0.03567343 -0.1131526 -0.02111333 -0.03347998 -0.1137546 -0.02309036 -0.03181463 -0.1142573 -0.02539128 -0.03083282 -0.1146356 -0.02777075 -0.03056955 -0.11495 -0.02999997 -0.03167647 -0.1124815 -0.02092009 -0.03334659 -0.111775 -0.02085459 -0.03330135 -0.11495 -0.03391945 -0.03690856 -0.10225 -0.03445297 -0.03792518 -0.11495 -0.03445297 -0.03792518 -0.10225 -0.03472775 -0.0390399 -0.11495 -0.03472775 -0.0390399 -0.11495 -0.02999997 -0.04437649 -0.10225 -0.02999997 -0.04437649 -0.11495 -0.02886021 -0.04423809 -0.10225 -0.03472775 -0.04018801 -0.11495 -0.03472775 -0.04018801 -0.10225 -0.02886021 -0.04423809 -0.11495 -0.02778673 -0.04383099 -0.10225 -0.03445297 -0.0413028 -0.11495 -0.03445297 -0.0413028 -0.10225 -0.02778673 -0.04383099 -0.10225 -0.03391945 -0.04231935 -0.11495 -0.03391945 -0.04231935 -0.10225 -0.02684187 -0.04317873 -0.11495 -0.02684187 -0.04317873 -0.10225 -0.03315812 -0.04317873 -0.11495 -0.03315812 -0.04317873 -0.10225 -0.02608048 -0.04231935 -0.11495 -0.02608048 -0.04231935 -0.11495 -0.02554696 -0.0413028 -0.10225 -0.03221321 -0.04383099 -0.11495 -0.03221321 -0.04383099 -0.10225 -0.02554696 -0.0413028 -0.10225 -0.03113973 -0.04423809 -0.11495 -0.03113973 -0.04423809 -0.10225 -0.02527219 -0.04018801 -0.11495 -0.02527219 -0.04018801 -0.11495 -0.02527219 -0.0390399 -0.10225 -0.02527219 -0.0390399 -0.11495 -0.02554696 -0.03792518 -0.10225 -0.02554696 -0.03792518 -0.11495 -0.02608048 -0.03690856 -0.10225 -0.02608048 -0.03690856 -0.11495 -0.02684187 -0.03604918 -0.10225 -0.02684187 -0.03604918 -0.10225 -0.02778673 -0.03539699 -0.11495 -0.02778673 -0.03539699 -0.10225 -0.02886021 -0.03498989 -0.11495 -0.02886021 -0.03498989 -0.10225 -0.02999997 -0.03485149 -0.11495 -0.02999997 -0.03485149 -0.10225 -0.03113973 -0.03498989 -0.11495 -0.03113973 -0.03498989 -0.10225 -0.03221321 -0.03539699 -0.11495 -0.03221321 -0.03539699 -0.10225 -0.03315812 -0.03604918 -0.11495 -0.03315812 -0.03604918 -0.10225 -0.03391945 -0.03690856 -0.1040474 -0.03258413 -0.02912968 -0.1040474 -0.02999997 -0.02881592 -0.1047185 -0.02999997 -0.02858108 -0.1047185 -0.03264033 -0.02890169 -0.1047185 -0.03512722 -0.02984482 -0.105425 -0.03265935 -0.02882438 -0.105425 -0.03516423 -0.02977436 -0.1023296 -0.02598291 -0.03196007 -0.10225 -0.02631121 -0.03258568 -0.10225 -0.02473646 -0.03367269 -0.1023296 -0.02426797 -0.03314381 -0.1025644 -0.02382296 -0.03264153 -0.1025644 -0.02567106 -0.03136587 -0.1025644 -0.02777075 -0.03056955 -0.1029427 -0.02539128 -0.03083282 -0.1029427 -0.02762669 -0.02998507 -0.1029427 -0.02999997 -0.02969688 -0.1034454 -0.02750635 -0.02949696 -0.1034454 -0.02999997 -0.02919417 -0.1034454 -0.03249359 -0.02949696 -0.1040474 -0.03501808 -0.03005278 -0.1047185 -0.03731614 -0.03135573 -0.105425 -0.03736895 -0.03129613 -0.1023296 -0.02793133 -0.03122115 -0.10225 -0.02810043 -0.03190714 -0.1025644 -0.02999997 -0.03029888 -0.1029427 -0.0323733 -0.02998507 -0.1034454 -0.03484231 -0.03038769 -0.1040474 -0.03716039 -0.03153151 -0.1047185 -0.0390799 -0.03334659 -0.105425 -0.03914541 -0.03330135 -0.1023296 -0.02999997 -0.03096997 -0.10225 -0.02999997 -0.03167647 -0.1025644 -0.03222924 -0.03056955 -0.1029427 -0.03460866 -0.03083282 -0.1034454 -0.03690958 -0.03181463 -0.1040474 -0.0388866 -0.03347998 -0.1047185 -0.04031592 -0.03570163 -0.105425 -0.04039037 -0.03567343 -0.1023296 -0.03206861 -0.03122115 -0.10225 -0.03189957 -0.03190714 -0.1025644 -0.03432887 -0.03136587 -0.1029427 -0.03657621 -0.03219091 -0.1034454 -0.03857529 -0.03369486 -0.1040474 -0.04009634 -0.0357849 -0.1047185 -0.04095244 -0.03828412 -0.105425 -0.04103147 -0.03827452 -0.1023296 -0.03401702 -0.03196007 -0.10225 -0.03368872 -0.03258568 -0.1025644 -0.03617703 -0.03264153 -0.1029427 -0.03816157 -0.03398042 -0.1034454 -0.03974264 -0.03591907 -0.1040474 -0.04071933 -0.03831243 -0.1047185 -0.04095244 -0.04094386 -0.105425 -0.04103147 -0.04095345 -0.1023296 -0.03573203 -0.03314381 -0.10225 -0.03526347 -0.03367269 -0.1025644 -0.03766614 -0.03432238 -0.1029427 -0.0392726 -0.03609734 -0.1034454 -0.04034382 -0.03835803 -0.1040474 -0.04071933 -0.04091554 -0.1047185 -0.04031592 -0.04352629 -0.105425 -0.04039037 -0.04355454 -0.1023296 -0.03711384 -0.03470361 -0.10225 -0.0365324 -0.03510493 -0.1025644 -0.0387097 -0.03631079 -0.1029427 -0.03984475 -0.03841859 -0.1034454 -0.04034382 -0.04086995 -0.1040474 -0.04009634 -0.04344302 -0.1047185 -0.0390799 -0.04588139 -0.105425 -0.03914541 -0.04592657 -0.1023296 -0.03808224 -0.03654879 -0.10225 -0.03742164 -0.03679931 -0.1025644 -0.03924715 -0.03849118 -0.1029427 -0.03984475 -0.04080933 -0.1034454 -0.03974264 -0.04330891 -0.1040474 -0.0388866 -0.04574799 -0.1047185 -0.03731614 -0.04787218 -0.105425 -0.03736895 -0.04793179 -0.1047185 -0.02735966 -0.05032628 -0.1047185 -0.02999997 -0.0506469 -0.105425 -0.02999997 -0.05072647 -0.105425 -0.02734059 -0.05040359 -0.1023296 -0.03858095 -0.03857207 -0.10225 -0.03787958 -0.03865718 -0.1040474 -0.02741581 -0.05009829 -0.1025644 -0.03924715 -0.04073679 -0.1040474 -0.02999997 -0.05041205 -0.1047185 -0.02487272 -0.0493831 -0.1029427 -0.0392726 -0.04313063 -0.105425 -0.02483576 -0.04945361 -0.1034454 -0.02750635 -0.04973101 -0.1034454 -0.02999997 -0.0500338 -0.1034454 -0.03857529 -0.04553312 -0.1040474 -0.02498185 -0.0491752 -0.1040474 -0.03716039 -0.04769647 -0.1047185 -0.02268379 -0.04787218 -0.105425 -0.02263104 -0.04793179 -0.1047185 -0.03512722 -0.0493831 -0.105425 -0.03516423 -0.04945361 -0.1023296 -0.03858095 -0.04065591 -0.10225 -0.03787958 -0.04057073 -0.1029427 -0.02762669 -0.04924291 -0.1029427 -0.02999997 -0.04953104 -0.1034454 -0.02515763 -0.04884028 -0.1025644 -0.0387097 -0.04291713 -0.1029427 -0.03816157 -0.04524749 -0.1040474 -0.02283954 -0.04769647 -0.1034454 -0.03690958 -0.04741334 -0.1047185 -0.02092009 -0.04588139 -0.105425 -0.02085459 -0.04592657 -0.1040474 -0.03501808 -0.0491752 -0.1025644 -0.02777075 -0.04865837 -0.1025644 -0.02999997 -0.04892903 -0.1047185 -0.03264033 -0.05032628 -0.105425 -0.03265935 -0.05040359 -0.1029427 -0.02539128 -0.04839509 -0.1023296 -0.03808224 -0.04267919 -0.10225 -0.03742164 -0.04242867 -0.1034454 -0.02309036 -0.04741334 -0.1025644 -0.03766614 -0.04490554 -0.1040474 -0.02111333 -0.04574799 -0.1029427 -0.03657621 -0.047037 -0.1047185 -0.01968401 -0.04352629 -0.105425 -0.01960963 -0.04355454 -0.1034454 -0.03484231 -0.04884028 -0.1023296 -0.02793133 -0.04800677 -0.10225 -0.02810043 -0.04732084 -0.10225 -0.02999997 -0.04755145 -0.1023296 -0.02999997 -0.04825794 -0.1040474 -0.03258413 -0.05009829 -0.1025644 -0.02567106 -0.04786205 -0.1023296 -0.03711384 -0.04452431 -0.10225 -0.0365324 -0.04412299 -0.1029427 -0.02342373 -0.047037 -0.1025644 -0.03617703 -0.04658639 -0.1029427 -0.03460866 -0.04839509 -0.1034454 -0.02142465 -0.04553312 -0.1034454 -0.03249359 -0.04973101 -0.1040474 -0.0199036 -0.04344302 -0.1023296 -0.03573203 -0.0460841 -0.10225 -0.03526347 -0.04555529 -0.1047185 -0.01904749 -0.04094386 -0.105425 -0.01896852 -0.04095345 -0.1023296 -0.02598291 -0.04726785 -0.10225 -0.02631121 -0.0466423 -0.1025644 -0.03432887 -0.04786205 -0.1029427 -0.0323733 -0.04924291 -0.1025644 -0.02382296 -0.04658639 -0.1023296 -0.03401702 -0.04726785 -0.10225 -0.03368872 -0.0466423 -0.1029427 -0.02183836 -0.04524749 -0.1025644 -0.03222924 -0.04865837 -0.1034454 -0.02025729 -0.04330891 -0.1023296 -0.03206861 -0.04800677 -0.10225 -0.03189957 -0.04732084 -0.1040474 -0.01928061 -0.04091554 -0.1047185 -0.01904749 -0.03828412 -0.105425 -0.01896852 -0.03827452 -0.1023296 -0.02426797 -0.0460841 -0.10225 -0.02473646 -0.04555529 -0.1025644 -0.0223338 -0.04490554 -0.1029427 -0.02072733 -0.04313063 -0.1034454 -0.01965612 -0.04086995 -0.1040474 -0.01928061 -0.03831243 -0.1047185 -0.01968401 -0.03570163 -0.105425 -0.01960963 -0.03567343 -0.1023296 -0.02288609 -0.04452431 -0.10225 -0.02346754 -0.04412299 -0.1025644 -0.02129024 -0.04291713 -0.1029427 -0.02015519 -0.04080933 -0.1034454 -0.01965612 -0.03835803 -0.1040474 -0.0199036 -0.0357849 -0.1047185 -0.02092009 -0.03334659 -0.105425 -0.02085459 -0.03330135 -0.1023296 -0.0219177 -0.04267919 -0.10225 -0.02257829 -0.04242867 -0.1025644 -0.02075278 -0.04073679 -0.1029427 -0.02015519 -0.03841859 -0.1034454 -0.02025729 -0.03591907 -0.1040474 -0.02111333 -0.03347998 -0.1047185 -0.02268379 -0.03135573 -0.105425 -0.02263104 -0.03129613 -0.1023296 -0.02141898 -0.04065591 -0.10225 -0.02212035 -0.04057073 -0.1025644 -0.02075278 -0.03849118 -0.1029427 -0.02072733 -0.03609734 -0.1034454 -0.02142465 -0.03369486 -0.1040474 -0.02283954 -0.03153151 -0.1047185 -0.02487272 -0.02984482 -0.105425 -0.02483576 -0.02977436 -0.1023296 -0.02141898 -0.03857207 -0.10225 -0.02212035 -0.03865718 -0.1025644 -0.02129024 -0.03631079 -0.1029427 -0.02183836 -0.03398042 -0.1034454 -0.02309036 -0.03181463 -0.1040474 -0.02498185 -0.03005278 -0.1047185 -0.02735966 -0.02890169 -0.105425 -0.02734059 -0.02882438 -0.1023296 -0.0219177 -0.03654879 -0.10225 -0.02257829 -0.03679931 -0.1025644 -0.0223338 -0.03432238 -0.1029427 -0.02342373 -0.03219091 -0.1034454 -0.02515763 -0.03038769 -0.1040474 -0.02741581 -0.02912968 -0.105425 -0.02999997 -0.02850145 -0.1023296 -0.02288609 -0.03470361 -0.10225 -0.02346754 -0.03510493 -0.105425 -0.03742164 -0.03679931 -0.105425 -0.0365324 -0.03510493 -0.111775 -0.0365324 -0.03510493 -0.111775 -0.03742164 -0.03679931 -0.105425 -0.03787958 -0.03865718 -0.111775 -0.03787958 -0.03865718 -0.105425 -0.02810043 -0.04732084 -0.105425 -0.02999997 -0.04755145 -0.111775 -0.02999997 -0.04755145 -0.111775 -0.02810043 -0.04732084 -0.105425 -0.03787958 -0.04057073 -0.111775 -0.03787958 -0.04057073 -0.105425 -0.02631121 -0.0466423 -0.111775 -0.02631121 -0.0466423 -0.105425 -0.03742164 -0.04242867 -0.111775 -0.03742164 -0.04242867 -0.105425 -0.02473646 -0.04555529 -0.111775 -0.02473646 -0.04555529 -0.105425 -0.0365324 -0.04412299 -0.111775 -0.0365324 -0.04412299 -0.105425 -0.02346754 -0.04412299 -0.111775 -0.02346754 -0.04412299 -0.105425 -0.03526347 -0.04555529 -0.111775 -0.03526347 -0.04555529 -0.105425 -0.02257829 -0.04242867 -0.111775 -0.02257829 -0.04242867 -0.105425 -0.03368872 -0.0466423 -0.111775 -0.03368872 -0.0466423 -0.105425 -0.03189957 -0.04732084 -0.111775 -0.03189957 -0.04732084 -0.105425 -0.02212035 -0.04057073 -0.111775 -0.02212035 -0.04057073 -0.105425 -0.02212035 -0.03865718 -0.111775 -0.02212035 -0.03865718 -0.105425 -0.02257829 -0.03679931 -0.111775 -0.02257829 -0.03679931 -0.105425 -0.02346754 -0.03510493 -0.111775 -0.02346754 -0.03510493 -0.105425 -0.02473646 -0.03367269 -0.111775 -0.02473646 -0.03367269 -0.105425 -0.02631121 -0.03258568 -0.111775 -0.02631121 -0.03258568 -0.105425 -0.02810043 -0.03190714 -0.111775 -0.02810043 -0.03190714 -0.105425 -0.02999997 -0.03167647 -0.111775 -0.02999997 -0.03167647 -0.105425 -0.03189957 -0.03190714 -0.111775 -0.03189957 -0.03190714 -0.105425 -0.03368872 -0.03258568 -0.111775 -0.03368872 -0.03258568 -0.105425 -0.03526347 -0.03367269 -0.111775 -0.03526347 -0.03367269 -0.1486356 -0.03222924 -0.03056955 -0.1486356 -0.02999997 -0.03029888 -0.1488704 -0.02999997 -0.03096997 -0.1488704 -0.03206861 -0.03122115 -0.1488704 -0.03401702 -0.03196007 -0.14895 -0.03189957 -0.03190714 -0.14895 -0.03368872 -0.03258568 -0.1464815 -0.02487272 -0.02984482 -0.145775 -0.02483576 -0.02977436 -0.145775 -0.02263104 -0.03129613 -0.1464815 -0.02268379 -0.03135573 -0.1471526 -0.02283954 -0.03153151 -0.1471526 -0.02498185 -0.03005278 -0.1471526 -0.02741581 -0.02912968 -0.1477546 -0.02515763 -0.03038769 -0.1477546 -0.02750635 -0.02949696 -0.1477546 -0.02999997 -0.02919417 -0.1482573 -0.02762669 -0.02998507 -0.1482573 -0.02999997 -0.02969688 -0.1482573 -0.0323733 -0.02998507 -0.1486356 -0.03432887 -0.03136587 -0.1488704 -0.03573203 -0.03314381 -0.14895 -0.03526347 -0.03367269 -0.1464815 -0.02735966 -0.02890169 -0.145775 -0.02734059 -0.02882438 -0.1471526 -0.02999997 -0.02881592 -0.1477546 -0.03249359 -0.02949696 -0.1482573 -0.03460866 -0.03083282 -0.1486356 -0.03617703 -0.03264153 -0.1488704 -0.03711384 -0.03470361 -0.14895 -0.0365324 -0.03510493 -0.1464815 -0.02999997 -0.02858108 -0.145775 -0.02999997 -0.02850145 -0.1471526 -0.03258413 -0.02912968 -0.1477546 -0.03484231 -0.03038769 -0.1482573 -0.03657621 -0.03219091 -0.1486356 -0.03766614 -0.03432238 -0.1488704 -0.03808224 -0.03654879 -0.14895 -0.03742164 -0.03679931 -0.1464815 -0.03264033 -0.02890169 -0.145775 -0.03265935 -0.02882438 -0.1471526 -0.03501808 -0.03005278 -0.1477546 -0.03690958 -0.03181463 -0.1482573 -0.03816157 -0.03398042 -0.1486356 -0.0387097 -0.03631079 -0.1488704 -0.03858095 -0.03857207 -0.14895 -0.03787958 -0.03865718 -0.1464815 -0.03512722 -0.02984482 -0.145775 -0.03516423 -0.02977436 -0.1471526 -0.03716039 -0.03153151 -0.1477546 -0.03857529 -0.03369486 -0.1482573 -0.0392726 -0.03609734 -0.1486356 -0.03924715 -0.03849118 -0.1488704 -0.03858095 -0.04065591 -0.14895 -0.03787958 -0.04057073 -0.1464815 -0.03731614 -0.03135573 -0.145775 -0.03736895 -0.03129613 -0.1471526 -0.0388866 -0.03347998 -0.1477546 -0.03974264 -0.03591907 -0.1482573 -0.03984475 -0.03841859 -0.1486356 -0.03924715 -0.04073679 -0.1488704 -0.03808224 -0.04267919 -0.14895 -0.03742164 -0.04242867 -0.1464815 -0.0390799 -0.03334659 -0.145775 -0.03914541 -0.03330135 -0.1471526 -0.04009634 -0.0357849 -0.1477546 -0.04034382 -0.03835803 -0.1482573 -0.03984475 -0.04080933 -0.1486356 -0.0387097 -0.04291713 -0.1488704 -0.03711384 -0.04452431 -0.14895 -0.0365324 -0.04412299 -0.1464815 -0.04031592 -0.03570163 -0.145775 -0.04039037 -0.03567343 -0.1471526 -0.04071933 -0.03831243 -0.1477546 -0.04034382 -0.04086995 -0.1482573 -0.0392726 -0.04313063 -0.1486356 -0.03766614 -0.04490554 -0.1488704 -0.03573203 -0.0460841 -0.14895 -0.03526347 -0.04555529 -0.1488704 -0.02793133 -0.04800677 -0.1488704 -0.02999997 -0.04825794 -0.14895 -0.02999997 -0.04755145 -0.14895 -0.02810043 -0.04732084 -0.1464815 -0.04095244 -0.03828412 -0.145775 -0.04103147 -0.03827452 -0.1486356 -0.02777075 -0.04865837 -0.1471526 -0.04071933 -0.04091554 -0.1486356 -0.02999997 -0.04892903 -0.1488704 -0.02598291 -0.04726785 -0.1477546 -0.03974264 -0.04330891 -0.14895 -0.02631121 -0.0466423 -0.1482573 -0.02762669 -0.04924291 -0.1482573 -0.02999997 -0.04953104 -0.1482573 -0.03816157 -0.04524749 -0.1486356 -0.02567106 -0.04786205 -0.1486356 -0.03617703 -0.04658639 -0.1488704 -0.02426797 -0.0460841 -0.14895 -0.02473646 -0.04555529 -0.1488704 -0.03401702 -0.04726785 -0.14895 -0.03368872 -0.0466423 -0.1464815 -0.04095244 -0.04094386 -0.145775 -0.04103147 -0.04095345 -0.1477546 -0.02750635 -0.04973101 -0.1477546 -0.02999997 -0.0500338 -0.1482573 -0.02539128 -0.04839509 -0.1471526 -0.04009634 -0.04344302 -0.1477546 -0.03857529 -0.04553312 -0.1486356 -0.02382296 -0.04658639 -0.1482573 -0.03657621 -0.047037 -0.1488704 -0.02288609 -0.04452431 -0.14895 -0.02346754 -0.04412299 -0.1486356 -0.03432887 -0.04786205 -0.1471526 -0.02741581 -0.05009829 -0.1471526 -0.02999997 -0.05041205 -0.1488704 -0.03206861 -0.04800677 -0.14895 -0.03189957 -0.04732084 -0.1477546 -0.02515763 -0.04884028 -0.1464815 -0.04031592 -0.04352629 -0.145775 -0.04039037 -0.04355454 -0.1482573 -0.02342373 -0.047037 -0.1471526 -0.0388866 -0.04574799 -0.1486356 -0.0223338 -0.04490554 -0.1477546 -0.03690958 -0.04741334 -0.1488704 -0.0219177 -0.04267919 -0.14895 -0.02257829 -0.04242867 -0.1482573 -0.03460866 -0.04839509 -0.1464815 -0.02735966 -0.05032628 -0.145775 -0.02734059 -0.05040359 -0.145775 -0.02999997 -0.05072647 -0.1464815 -0.02999997 -0.0506469 -0.1486356 -0.03222924 -0.04865837 -0.1471526 -0.02498185 -0.0491752 -0.1464815 -0.0390799 -0.04588139 -0.145775 -0.03914541 -0.04592657 -0.1477546 -0.02309036 -0.04741334 -0.1471526 -0.03716039 -0.04769647 -0.1477546 -0.03484231 -0.04884028 -0.1482573 -0.02183836 -0.04524749 -0.1482573 -0.0323733 -0.04924291 -0.1486356 -0.02129024 -0.04291713 -0.1464815 -0.03731614 -0.04787218 -0.145775 -0.03736895 -0.04793179 -0.1488704 -0.02141898 -0.04065591 -0.14895 -0.02212035 -0.04057073 -0.1464815 -0.02487272 -0.0493831 -0.145775 -0.02483576 -0.04945361 -0.1471526 -0.03501808 -0.0491752 -0.1477546 -0.03249359 -0.04973101 -0.1471526 -0.02283954 -0.04769647 -0.1464815 -0.03512722 -0.0493831 -0.145775 -0.03516423 -0.04945361 -0.1477546 -0.02142465 -0.04553312 -0.1471526 -0.03258413 -0.05009829 -0.1482573 -0.02072733 -0.04313063 -0.1464815 -0.03264033 -0.05032628 -0.145775 -0.03265935 -0.05040359 -0.1486356 -0.02075278 -0.04073679 -0.1488704 -0.02141898 -0.03857207 -0.14895 -0.02212035 -0.03865718 -0.1464815 -0.02268379 -0.04787218 -0.145775 -0.02263104 -0.04793179 -0.1471526 -0.02111333 -0.04574799 -0.1477546 -0.02025729 -0.04330891 -0.1482573 -0.02015519 -0.04080933 -0.1486356 -0.02075278 -0.03849118 -0.1488704 -0.0219177 -0.03654879 -0.14895 -0.02257829 -0.03679931 -0.1464815 -0.02092009 -0.04588139 -0.145775 -0.02085459 -0.04592657 -0.1471526 -0.0199036 -0.04344302 -0.1477546 -0.01965612 -0.04086995 -0.1482573 -0.02015519 -0.03841859 -0.1486356 -0.02129024 -0.03631079 -0.1488704 -0.02288609 -0.03470361 -0.14895 -0.02346754 -0.03510493 -0.1464815 -0.01968401 -0.04352629 -0.145775 -0.01960963 -0.04355454 -0.1471526 -0.01928061 -0.04091554 -0.1477546 -0.01965612 -0.03835803 -0.1482573 -0.02072733 -0.03609734 -0.1486356 -0.0223338 -0.03432238 -0.1488704 -0.02426797 -0.03314381 -0.14895 -0.02473646 -0.03367269 -0.1464815 -0.01904749 -0.04094386 -0.145775 -0.01896852 -0.04095345 -0.1471526 -0.01928061 -0.03831243 -0.1477546 -0.02025729 -0.03591907 -0.1482573 -0.02183836 -0.03398042 -0.1486356 -0.02382296 -0.03264153 -0.1488704 -0.02598291 -0.03196007 -0.14895 -0.02631121 -0.03258568 -0.1464815 -0.01904749 -0.03828412 -0.145775 -0.01896852 -0.03827452 -0.1471526 -0.0199036 -0.0357849 -0.1477546 -0.02142465 -0.03369486 -0.1482573 -0.02342373 -0.03219091 -0.1486356 -0.02567106 -0.03136587 -0.1488704 -0.02793133 -0.03122115 -0.14895 -0.02810043 -0.03190714 -0.1464815 -0.01968401 -0.03570163 -0.145775 -0.01960963 -0.03567343 -0.1471526 -0.02111333 -0.03347998 -0.1477546 -0.02309036 -0.03181463 -0.1482573 -0.02539128 -0.03083282 -0.1486356 -0.02777075 -0.03056955 -0.14895 -0.02999997 -0.03167647 -0.1464815 -0.02092009 -0.03334659 -0.145775 -0.02085459 -0.03330135 -0.13625 -0.03391945 -0.03690856 -0.13625 -0.03445297 -0.03792518 -0.14895 -0.03391945 -0.03690856 -0.14895 -0.03445297 -0.03792518 -0.13625 -0.03472775 -0.0390399 -0.14895 -0.03472775 -0.0390399 -0.13625 -0.02999997 -0.04437649 -0.13625 -0.02886021 -0.04423809 -0.14895 -0.02999997 -0.04437649 -0.14895 -0.02886021 -0.04423809 -0.13625 -0.03472775 -0.04018801 -0.14895 -0.03472775 -0.04018801 -0.13625 -0.02778673 -0.04383099 -0.14895 -0.02778673 -0.04383099 -0.13625 -0.03445297 -0.0413028 -0.14895 -0.03445297 -0.0413028 -0.13625 -0.02684187 -0.04317873 -0.14895 -0.02684187 -0.04317873 -0.13625 -0.03391945 -0.04231935 -0.14895 -0.03391945 -0.04231935 -0.13625 -0.02608048 -0.04231935 -0.14895 -0.02608048 -0.04231935 -0.13625 -0.03315812 -0.04317873 -0.14895 -0.03315812 -0.04317873 -0.13625 -0.02554696 -0.0413028 -0.14895 -0.02554696 -0.0413028 -0.13625 -0.03221321 -0.04383099 -0.14895 -0.03221321 -0.04383099 -0.13625 -0.03113973 -0.04423809 -0.14895 -0.03113973 -0.04423809 -0.13625 -0.02527219 -0.04018801 -0.14895 -0.02527219 -0.04018801 -0.13625 -0.02527219 -0.0390399 -0.14895 -0.02527219 -0.0390399 -0.13625 -0.02554696 -0.03792518 -0.14895 -0.02554696 -0.03792518 -0.13625 -0.02608048 -0.03690856 -0.14895 -0.02608048 -0.03690856 -0.13625 -0.02684187 -0.03604918 -0.14895 -0.02684187 -0.03604918 -0.13625 -0.02778673 -0.03539699 -0.14895 -0.02778673 -0.03539699 -0.13625 -0.02886021 -0.03498989 -0.14895 -0.02886021 -0.03498989 -0.13625 -0.02999997 -0.03485149 -0.14895 -0.02999997 -0.03485149 -0.13625 -0.03113973 -0.03498989 -0.14895 -0.03113973 -0.03498989 -0.13625 -0.03221321 -0.03539699 -0.14895 -0.03221321 -0.03539699 -0.13625 -0.03315812 -0.03604918 -0.14895 -0.03315812 -0.03604918 -0.1380473 -0.03258413 -0.02912968 -0.1380473 -0.02999997 -0.02881592 -0.1387185 -0.02999997 -0.02858108 -0.1387185 -0.03264033 -0.02890169 -0.1387185 -0.03512722 -0.02984482 -0.139425 -0.03265935 -0.02882438 -0.139425 -0.03516423 -0.02977436 -0.1363296 -0.02598291 -0.03196007 -0.13625 -0.02631121 -0.03258568 -0.13625 -0.02473646 -0.03367269 -0.1363296 -0.02426797 -0.03314381 -0.1365644 -0.02382296 -0.03264153 -0.1365644 -0.02567106 -0.03136587 -0.1365644 -0.02777075 -0.03056955 -0.1369427 -0.02539128 -0.03083282 -0.1369427 -0.02762669 -0.02998507 -0.1369427 -0.02999997 -0.02969688 -0.1374454 -0.02750635 -0.02949696 -0.1374454 -0.02999997 -0.02919417 -0.1374454 -0.03249359 -0.02949696 -0.1380473 -0.03501808 -0.03005278 -0.1387185 -0.03731614 -0.03135573 -0.139425 -0.03736895 -0.03129613 -0.1363296 -0.02793133 -0.03122115 -0.13625 -0.02810043 -0.03190714 -0.1365644 -0.02999997 -0.03029888 -0.1369427 -0.0323733 -0.02998507 -0.1374454 -0.03484231 -0.03038769 -0.1380473 -0.03716039 -0.03153151 -0.1387185 -0.0390799 -0.03334659 -0.139425 -0.03914541 -0.03330135 -0.1363296 -0.02999997 -0.03096997 -0.13625 -0.02999997 -0.03167647 -0.1365644 -0.03222924 -0.03056955 -0.1369427 -0.03460866 -0.03083282 -0.1374454 -0.03690958 -0.03181463 -0.1380473 -0.0388866 -0.03347998 -0.1387185 -0.04031592 -0.03570163 -0.139425 -0.04039037 -0.03567343 -0.1363296 -0.03206861 -0.03122115 -0.13625 -0.03189957 -0.03190714 -0.1365644 -0.03432887 -0.03136587 -0.1369427 -0.03657621 -0.03219091 -0.1374454 -0.03857529 -0.03369486 -0.1380473 -0.04009634 -0.0357849 -0.1387185 -0.04095244 -0.03828412 -0.139425 -0.04103147 -0.03827452 -0.1363296 -0.03401702 -0.03196007 -0.13625 -0.03368872 -0.03258568 -0.1365644 -0.03617703 -0.03264153 -0.1369427 -0.03816157 -0.03398042 -0.1374454 -0.03974264 -0.03591907 -0.1380473 -0.04071933 -0.03831243 -0.1387185 -0.04095244 -0.04094386 -0.139425 -0.04103147 -0.04095345 -0.1363296 -0.03573203 -0.03314381 -0.13625 -0.03526347 -0.03367269 -0.1365644 -0.03766614 -0.03432238 -0.1369427 -0.0392726 -0.03609734 -0.1374454 -0.04034382 -0.03835803 -0.1380473 -0.04071933 -0.04091554 -0.1387185 -0.04031592 -0.04352629 -0.139425 -0.04039037 -0.04355454 -0.1363296 -0.03711384 -0.03470361 -0.13625 -0.0365324 -0.03510493 -0.1365644 -0.0387097 -0.03631079 -0.1369427 -0.03984475 -0.03841859 -0.1374454 -0.04034382 -0.04086995 -0.1380473 -0.04009634 -0.04344302 -0.1387185 -0.0390799 -0.04588139 -0.139425 -0.03914541 -0.04592657 -0.1363296 -0.03808224 -0.03654879 -0.13625 -0.03742164 -0.03679931 -0.1365644 -0.03924715 -0.03849118 -0.1369427 -0.03984475 -0.04080933 -0.1374454 -0.03974264 -0.04330891 -0.1380473 -0.0388866 -0.04574799 -0.1387185 -0.03731614 -0.04787218 -0.139425 -0.03736895 -0.04793179 -0.1387185 -0.02735966 -0.05032628 -0.1387185 -0.02999997 -0.0506469 -0.139425 -0.02999997 -0.05072647 -0.139425 -0.02734059 -0.05040359 -0.1363296 -0.03858095 -0.03857207 -0.13625 -0.03787958 -0.03865718 -0.1380473 -0.02741581 -0.05009829 -0.1365644 -0.03924715 -0.04073679 -0.1380473 -0.02999997 -0.05041205 -0.1387185 -0.02487272 -0.0493831 -0.1369427 -0.0392726 -0.04313063 -0.139425 -0.02483576 -0.04945361 -0.1374454 -0.02750635 -0.04973101 -0.1374454 -0.02999997 -0.0500338 -0.1374454 -0.03857529 -0.04553312 -0.1380473 -0.02498185 -0.0491752 -0.1380473 -0.03716039 -0.04769647 -0.1387185 -0.02268379 -0.04787218 -0.139425 -0.02263104 -0.04793179 -0.1387185 -0.03512722 -0.0493831 -0.139425 -0.03516423 -0.04945361 -0.1363296 -0.03858095 -0.04065591 -0.13625 -0.03787958 -0.04057073 -0.1369427 -0.02762669 -0.04924291 -0.1369427 -0.02999997 -0.04953104 -0.1374454 -0.02515763 -0.04884028 -0.1365644 -0.0387097 -0.04291713 -0.1369427 -0.03816157 -0.04524749 -0.1380473 -0.02283954 -0.04769647 -0.1374454 -0.03690958 -0.04741334 -0.1387185 -0.02092009 -0.04588139 -0.139425 -0.02085459 -0.04592657 -0.1380473 -0.03501808 -0.0491752 -0.1365644 -0.02777075 -0.04865837 -0.1365644 -0.02999997 -0.04892903 -0.1387185 -0.03264033 -0.05032628 -0.139425 -0.03265935 -0.05040359 -0.1369427 -0.02539128 -0.04839509 -0.1363296 -0.03808224 -0.04267919 -0.13625 -0.03742164 -0.04242867 -0.1374454 -0.02309036 -0.04741334 -0.1365644 -0.03766614 -0.04490554 -0.1380473 -0.02111333 -0.04574799 -0.1369427 -0.03657621 -0.047037 -0.1387185 -0.01968401 -0.04352629 -0.139425 -0.01960963 -0.04355454 -0.1374454 -0.03484231 -0.04884028 -0.1363296 -0.02793133 -0.04800677 -0.13625 -0.02810043 -0.04732084 -0.13625 -0.02999997 -0.04755145 -0.1363296 -0.02999997 -0.04825794 -0.1380473 -0.03258413 -0.05009829 -0.1365644 -0.02567106 -0.04786205 -0.1363296 -0.03711384 -0.04452431 -0.13625 -0.0365324 -0.04412299 -0.1369427 -0.02342373 -0.047037 -0.1365644 -0.03617703 -0.04658639 -0.1369427 -0.03460866 -0.04839509 -0.1374454 -0.02142465 -0.04553312 -0.1374454 -0.03249359 -0.04973101 -0.1380473 -0.0199036 -0.04344302 -0.1363296 -0.03573203 -0.0460841 -0.13625 -0.03526347 -0.04555529 -0.1387185 -0.01904749 -0.04094386 -0.139425 -0.01896852 -0.04095345 -0.1363296 -0.02598291 -0.04726785 -0.13625 -0.02631121 -0.0466423 -0.1365644 -0.03432887 -0.04786205 -0.1369427 -0.0323733 -0.04924291 -0.1365644 -0.02382296 -0.04658639 -0.1363296 -0.03401702 -0.04726785 -0.13625 -0.03368872 -0.0466423 -0.1369427 -0.02183836 -0.04524749 -0.1365644 -0.03222924 -0.04865837 -0.1374454 -0.02025729 -0.04330891 -0.1363296 -0.03206861 -0.04800677 -0.13625 -0.03189957 -0.04732084 -0.1380473 -0.01928061 -0.04091554 -0.1387185 -0.01904749 -0.03828412 -0.139425 -0.01896852 -0.03827452 -0.1363296 -0.02426797 -0.0460841 -0.13625 -0.02473646 -0.04555529 -0.1365644 -0.0223338 -0.04490554 -0.1369427 -0.02072733 -0.04313063 -0.1374454 -0.01965612 -0.04086995 -0.1380473 -0.01928061 -0.03831243 -0.1387185 -0.01968401 -0.03570163 -0.139425 -0.01960963 -0.03567343 -0.1363296 -0.02288609 -0.04452431 -0.13625 -0.02346754 -0.04412299 -0.1365644 -0.02129024 -0.04291713 -0.1369427 -0.02015519 -0.04080933 -0.1374454 -0.01965612 -0.03835803 -0.1380473 -0.0199036 -0.0357849 -0.1387185 -0.02092009 -0.03334659 -0.139425 -0.02085459 -0.03330135 -0.1363296 -0.0219177 -0.04267919 -0.13625 -0.02257829 -0.04242867 -0.1365644 -0.02075278 -0.04073679 -0.1369427 -0.02015519 -0.03841859 -0.1374454 -0.02025729 -0.03591907 -0.1380473 -0.02111333 -0.03347998 -0.1387185 -0.02268379 -0.03135573 -0.139425 -0.02263104 -0.03129613 -0.1363296 -0.02141898 -0.04065591 -0.13625 -0.02212035 -0.04057073 -0.1365644 -0.02075278 -0.03849118 -0.1369427 -0.02072733 -0.03609734 -0.1374454 -0.02142465 -0.03369486 -0.1380473 -0.02283954 -0.03153151 -0.1387185 -0.02487272 -0.02984482 -0.139425 -0.02483576 -0.02977436 -0.1363296 -0.02141898 -0.03857207 -0.13625 -0.02212035 -0.03865718 -0.1365644 -0.02129024 -0.03631079 -0.1369427 -0.02183836 -0.03398042 -0.1374454 -0.02309036 -0.03181463 -0.1380473 -0.02498185 -0.03005278 -0.1387185 -0.02735966 -0.02890169 -0.139425 -0.02734059 -0.02882438 -0.1363296 -0.0219177 -0.03654879 -0.13625 -0.02257829 -0.03679931 -0.1365644 -0.0223338 -0.03432238 -0.1369427 -0.02342373 -0.03219091 -0.1374454 -0.02515763 -0.03038769 -0.1380473 -0.02741581 -0.02912968 -0.139425 -0.02999997 -0.02850145 -0.1363296 -0.02288609 -0.03470361 -0.13625 -0.02346754 -0.03510493 -0.139425 -0.03742164 -0.03679931 -0.139425 -0.0365324 -0.03510493 -0.145775 -0.0365324 -0.03510493 -0.145775 -0.03742164 -0.03679931 -0.139425 -0.03787958 -0.03865718 -0.145775 -0.03787958 -0.03865718 -0.139425 -0.02810043 -0.04732084 -0.139425 -0.02999997 -0.04755145 -0.145775 -0.02999997 -0.04755145 -0.145775 -0.02810043 -0.04732084 -0.139425 -0.03787958 -0.04057073 -0.145775 -0.03787958 -0.04057073 -0.139425 -0.02631121 -0.0466423 -0.145775 -0.02631121 -0.0466423 -0.139425 -0.03742164 -0.04242867 -0.145775 -0.03742164 -0.04242867 -0.139425 -0.02473646 -0.04555529 -0.145775 -0.02473646 -0.04555529 -0.139425 -0.0365324 -0.04412299 -0.145775 -0.0365324 -0.04412299 -0.139425 -0.02346754 -0.04412299 -0.145775 -0.02346754 -0.04412299 -0.139425 -0.03526347 -0.04555529 -0.145775 -0.03526347 -0.04555529 -0.139425 -0.02257829 -0.04242867 -0.145775 -0.02257829 -0.04242867 -0.139425 -0.03368872 -0.0466423 -0.145775 -0.03368872 -0.0466423 -0.139425 -0.03189957 -0.04732084 -0.145775 -0.03189957 -0.04732084 -0.139425 -0.02212035 -0.04057073 -0.145775 -0.02212035 -0.04057073 -0.139425 -0.02212035 -0.03865718 -0.145775 -0.02212035 -0.03865718 -0.139425 -0.02257829 -0.03679931 -0.145775 -0.02257829 -0.03679931 -0.139425 -0.02346754 -0.03510493 -0.145775 -0.02346754 -0.03510493 -0.139425 -0.02473646 -0.03367269 -0.145775 -0.02473646 -0.03367269 -0.139425 -0.02631121 -0.03258568 -0.145775 -0.02631121 -0.03258568 -0.139425 -0.02810043 -0.03190714 -0.145775 -0.02810043 -0.03190714 -0.139425 -0.02999997 -0.03167647 -0.145775 -0.02999997 -0.03167647 -0.139425 -0.03189957 -0.03190714 -0.145775 -0.03189957 -0.03190714 -0.139425 -0.03368872 -0.03258568 -0.145775 -0.03368872 -0.03258568 -0.139425 -0.03526347 -0.03367269 -0.145775 -0.03526347 -0.03367269 -0.1146356 0.02777075 -0.03056955 -0.1146356 0.02999997 -0.03029888 -0.1148704 0.02999997 -0.03096997 -0.1148704 0.02793133 -0.03122115 -0.1148704 0.02598291 -0.03196007 -0.11495 0.02810043 -0.03190714 -0.11495 0.02631121 -0.03258568 -0.1124815 0.03512722 -0.02984482 -0.111775 0.03516423 -0.02977436 -0.111775 0.03736895 -0.03129613 -0.1124815 0.03731614 -0.03135573 -0.1131526 0.03716039 -0.03153151 -0.1131526 0.03501808 -0.03005278 -0.1131526 0.03258413 -0.02912968 -0.1137546 0.03484231 -0.03038769 -0.1137546 0.03249359 -0.02949696 -0.1137546 0.02999997 -0.02919417 -0.1142573 0.0323733 -0.02998507 -0.1142573 0.02999997 -0.02969688 -0.1142573 0.02762669 -0.02998507 -0.1146356 0.02567106 -0.03136587 -0.1148704 0.02426797 -0.03314381 -0.11495 0.02473646 -0.03367269 -0.1124815 0.03264033 -0.02890169 -0.111775 0.03265935 -0.02882438 -0.1131526 0.02999997 -0.02881592 -0.1137546 0.02750635 -0.02949696 -0.1142573 0.02539128 -0.03083282 -0.1146356 0.02382296 -0.03264153 -0.1148704 0.02288609 -0.03470361 -0.11495 0.02346754 -0.03510493 -0.1124815 0.02999997 -0.02858108 -0.111775 0.02999997 -0.02850145 -0.1131526 0.02741581 -0.02912968 -0.1137546 0.02515763 -0.03038769 -0.1142573 0.02342373 -0.03219091 -0.1146356 0.0223338 -0.03432238 -0.1148704 0.0219177 -0.03654879 -0.11495 0.02257829 -0.03679931 -0.1124815 0.02735966 -0.02890169 -0.111775 0.02734059 -0.02882438 -0.1131526 0.02498185 -0.03005278 -0.1137546 0.02309036 -0.03181463 -0.1142573 0.02183836 -0.03398042 -0.1146356 0.02129024 -0.03631079 -0.1148704 0.02141898 -0.03857207 -0.11495 0.02212035 -0.03865718 -0.1124815 0.02487272 -0.02984482 -0.111775 0.02483576 -0.02977436 -0.1131526 0.02283954 -0.03153151 -0.1137546 0.02142465 -0.03369486 -0.1142573 0.02072733 -0.03609734 -0.1146356 0.02075278 -0.03849118 -0.1148704 0.02141898 -0.04065591 -0.11495 0.02212035 -0.04057073 -0.1124815 0.02268379 -0.03135573 -0.111775 0.02263104 -0.03129613 -0.1131526 0.02111333 -0.03347998 -0.1137546 0.02025729 -0.03591907 -0.1142573 0.02015519 -0.03841859 -0.1146356 0.02075278 -0.04073679 -0.1148704 0.0219177 -0.04267919 -0.11495 0.02257829 -0.04242867 -0.1124815 0.02092009 -0.03334659 -0.111775 0.02085459 -0.03330135 -0.1131526 0.0199036 -0.0357849 -0.1137546 0.01965612 -0.03835803 -0.1142573 0.02015519 -0.04080933 -0.1146356 0.02129024 -0.04291713 -0.1148704 0.02288609 -0.04452431 -0.11495 0.02346754 -0.04412299 -0.1124815 0.01968401 -0.03570163 -0.111775 0.01960963 -0.03567343 -0.1131526 0.01928061 -0.03831243 -0.1137546 0.01965612 -0.04086995 -0.1142573 0.02072733 -0.04313063 -0.1146356 0.0223338 -0.04490554 -0.1148704 0.02426797 -0.0460841 -0.11495 0.02473646 -0.04555529 -0.1148704 0.03206861 -0.04800677 -0.1148704 0.02999997 -0.04825794 -0.11495 0.02999997 -0.04755145 -0.11495 0.03189957 -0.04732084 -0.1124815 0.01904749 -0.03828412 -0.111775 0.01896852 -0.03827452 -0.1146356 0.03222924 -0.04865837 -0.1131526 0.01928061 -0.04091554 -0.1146356 0.02999997 -0.04892903 -0.1148704 0.03401702 -0.04726785 -0.1137546 0.02025729 -0.04330891 -0.11495 0.03368872 -0.0466423 -0.1142573 0.0323733 -0.04924291 -0.1142573 0.02999997 -0.04953104 -0.1142573 0.02183836 -0.04524749 -0.1146356 0.03432887 -0.04786205 -0.1146356 0.02382296 -0.04658639 -0.1148704 0.03573203 -0.0460841 -0.11495 0.03526347 -0.04555529 -0.1148704 0.02598291 -0.04726785 -0.11495 0.02631121 -0.0466423 -0.1124815 0.01904749 -0.04094386 -0.111775 0.01896852 -0.04095345 -0.1137546 0.03249359 -0.04973101 -0.1137546 0.02999997 -0.0500338 -0.1142573 0.03460866 -0.04839509 -0.1131526 0.0199036 -0.04344302 -0.1137546 0.02142465 -0.04553312 -0.1146356 0.03617703 -0.04658639 -0.1142573 0.02342373 -0.047037 -0.1148704 0.03711384 -0.04452431 -0.11495 0.0365324 -0.04412299 -0.1146356 0.02567106 -0.04786205 -0.1131526 0.03258413 -0.05009829 -0.1131526 0.02999997 -0.05041205 -0.1148704 0.02793133 -0.04800677 -0.11495 0.02810043 -0.04732084 -0.1137546 0.03484231 -0.04884028 -0.1124815 0.01968401 -0.04352629 -0.111775 0.01960963 -0.04355454 -0.1142573 0.03657621 -0.047037 -0.1131526 0.02111333 -0.04574799 -0.1146356 0.03766614 -0.04490554 -0.1137546 0.02309036 -0.04741334 -0.1148704 0.03808224 -0.04267919 -0.11495 0.03742164 -0.04242867 -0.1142573 0.02539128 -0.04839509 -0.1124815 0.03264033 -0.05032628 -0.111775 0.03265935 -0.05040359 -0.111775 0.02999997 -0.05072647 -0.1124815 0.02999997 -0.0506469 -0.1146356 0.02777075 -0.04865837 -0.1131526 0.03501808 -0.0491752 -0.1124815 0.02092009 -0.04588139 -0.111775 0.02085459 -0.04592657 -0.1137546 0.03690958 -0.04741334 -0.1131526 0.02283954 -0.04769647 -0.1137546 0.02515763 -0.04884028 -0.1142573 0.03816157 -0.04524749 -0.1142573 0.02762669 -0.04924291 -0.1146356 0.0387097 -0.04291713 -0.1124815 0.02268379 -0.04787218 -0.111775 0.02263104 -0.04793179 -0.1148704 0.03858095 -0.04065591 -0.11495 0.03787958 -0.04057073 -0.1124815 0.03512722 -0.0493831 -0.111775 0.03516423 -0.04945361 -0.1131526 0.02498185 -0.0491752 -0.1137546 0.02750635 -0.04973101 -0.1131526 0.03716039 -0.04769647 -0.1124815 0.02487272 -0.0493831 -0.111775 0.02483576 -0.04945361 -0.1137546 0.03857529 -0.04553312 -0.1131526 0.02741581 -0.05009829 -0.1142573 0.0392726 -0.04313063 -0.1124815 0.02735966 -0.05032628 -0.111775 0.02734059 -0.05040359 -0.1146356 0.03924715 -0.04073679 -0.1148704 0.03858095 -0.03857207 -0.11495 0.03787958 -0.03865718 -0.1124815 0.03731614 -0.04787218 -0.111775 0.03736895 -0.04793179 -0.1131526 0.0388866 -0.04574799 -0.1137546 0.03974264 -0.04330891 -0.1142573 0.03984475 -0.04080933 -0.1146356 0.03924715 -0.03849118 -0.1148704 0.03808224 -0.03654879 -0.11495 0.03742164 -0.03679931 -0.1124815 0.0390799 -0.04588139 -0.111775 0.03914541 -0.04592657 -0.1131526 0.04009634 -0.04344302 -0.1137546 0.04034382 -0.04086995 -0.1142573 0.03984475 -0.03841859 -0.1146356 0.0387097 -0.03631079 -0.1148704 0.03711384 -0.03470361 -0.11495 0.0365324 -0.03510493 -0.1124815 0.04031592 -0.04352629 -0.111775 0.04039037 -0.04355454 -0.1131526 0.04071933 -0.04091554 -0.1137546 0.04034382 -0.03835803 -0.1142573 0.0392726 -0.03609734 -0.1146356 0.03766614 -0.03432238 -0.1148704 0.03573203 -0.03314381 -0.11495 0.03526347 -0.03367269 -0.1124815 0.04095244 -0.04094386 -0.111775 0.04103147 -0.04095345 -0.1131526 0.04071933 -0.03831243 -0.1137546 0.03974264 -0.03591907 -0.1142573 0.03816157 -0.03398042 -0.1146356 0.03617703 -0.03264153 -0.1148704 0.03401702 -0.03196007 -0.11495 0.03368872 -0.03258568 -0.1124815 0.04095244 -0.03828412 -0.111775 0.04103147 -0.03827452 -0.1131526 0.04009634 -0.0357849 -0.1137546 0.03857529 -0.03369486 -0.1142573 0.03657621 -0.03219091 -0.1146356 0.03432887 -0.03136587 -0.1148704 0.03206861 -0.03122115 -0.11495 0.03189957 -0.03190714 -0.1124815 0.04031592 -0.03570163 -0.111775 0.04039037 -0.03567343 -0.1131526 0.0388866 -0.03347998 -0.1137546 0.03690958 -0.03181463 -0.1142573 0.03460866 -0.03083282 -0.1146356 0.03222924 -0.03056955 -0.11495 0.02999997 -0.03167647 -0.1124815 0.0390799 -0.03334659 -0.111775 0.03914541 -0.03330135 -0.10225 0.02608048 -0.03690856 -0.10225 0.02554696 -0.03792518 -0.11495 0.02608048 -0.03690856 -0.11495 0.02554696 -0.03792518 -0.10225 0.02527219 -0.0390399 -0.11495 0.02527219 -0.0390399 -0.10225 0.02527219 -0.04018801 -0.11495 0.02527219 -0.04018801 -0.10225 0.02999997 -0.04437649 -0.10225 0.03113973 -0.04423809 -0.11495 0.02999997 -0.04437649 -0.11495 0.03113973 -0.04423809 -0.10225 0.02554696 -0.0413028 -0.11495 0.02554696 -0.0413028 -0.10225 0.03221321 -0.04383099 -0.11495 0.03221321 -0.04383099 -0.10225 0.02608048 -0.04231935 -0.11495 0.02608048 -0.04231935 -0.10225 0.03315812 -0.04317873 -0.11495 0.03315812 -0.04317873 -0.10225 0.02684187 -0.04317873 -0.11495 0.02684187 -0.04317873 -0.10225 0.03391945 -0.04231935 -0.11495 0.03391945 -0.04231935 -0.10225 0.02778673 -0.04383099 -0.11495 0.02778673 -0.04383099 -0.10225 0.03445297 -0.0413028 -0.11495 0.03445297 -0.0413028 -0.11495 0.03472775 -0.04018801 -0.10225 0.02886021 -0.04423809 -0.11495 0.02886021 -0.04423809 -0.10225 0.03472775 -0.04018801 -0.11495 0.03472775 -0.0390399 -0.10225 0.03472775 -0.0390399 -0.11495 0.03445297 -0.03792518 -0.10225 0.03445297 -0.03792518 -0.10225 0.03391945 -0.03690856 -0.11495 0.03391945 -0.03690856 -0.11495 0.03315812 -0.03604918 -0.10225 0.03315812 -0.03604918 -0.10225 0.03221321 -0.03539699 -0.11495 0.03221321 -0.03539699 -0.10225 0.03113973 -0.03498989 -0.11495 0.03113973 -0.03498989 -0.10225 0.02999997 -0.03485149 -0.11495 0.02999997 -0.03485149 -0.10225 0.02886021 -0.03498989 -0.11495 0.02886021 -0.03498989 -0.10225 0.02778673 -0.03539699 -0.11495 0.02778673 -0.03539699 -0.10225 0.02684187 -0.03604918 -0.11495 0.02684187 -0.03604918 -0.1040474 0.02741581 -0.02912968 -0.1040474 0.02999997 -0.02881592 -0.1047185 0.02999997 -0.02858108 -0.1047185 0.02735966 -0.02890169 -0.1047185 0.02487272 -0.02984482 -0.105425 0.02734059 -0.02882438 -0.105425 0.02483576 -0.02977436 -0.1023296 0.03401702 -0.03196007 -0.10225 0.03368872 -0.03258568 -0.10225 0.03526347 -0.03367269 -0.1023296 0.03573203 -0.03314381 -0.1025644 0.03617703 -0.03264153 -0.1025644 0.03432887 -0.03136587 -0.1025644 0.03222924 -0.03056955 -0.1029427 0.03460866 -0.03083282 -0.1029427 0.0323733 -0.02998507 -0.1029427 0.02999997 -0.02969688 -0.1034454 0.03249359 -0.02949696 -0.1034454 0.02999997 -0.02919417 -0.1034454 0.02750635 -0.02949696 -0.1040474 0.02498185 -0.03005278 -0.1047185 0.02268379 -0.03135573 -0.105425 0.02263104 -0.03129613 -0.1023296 0.03206861 -0.03122115 -0.10225 0.03189957 -0.03190714 -0.1025644 0.02999997 -0.03029888 -0.1029427 0.02762669 -0.02998507 -0.1034454 0.02515763 -0.03038769 -0.1040474 0.02283954 -0.03153151 -0.1047185 0.02092009 -0.03334659 -0.105425 0.02085459 -0.03330135 -0.1023296 0.02999997 -0.03096997 -0.10225 0.02999997 -0.03167647 -0.1025644 0.02777075 -0.03056955 -0.1029427 0.02539128 -0.03083282 -0.1034454 0.02309036 -0.03181463 -0.1040474 0.02111333 -0.03347998 -0.1047185 0.01968401 -0.03570163 -0.105425 0.01960963 -0.03567343 -0.1023296 0.02793133 -0.03122115 -0.10225 0.02810043 -0.03190714 -0.1025644 0.02567106 -0.03136587 -0.1029427 0.02342373 -0.03219091 -0.1034454 0.02142465 -0.03369486 -0.1040474 0.0199036 -0.0357849 -0.1047185 0.01904749 -0.03828412 -0.105425 0.01896852 -0.03827452 -0.1023296 0.02598291 -0.03196007 -0.10225 0.02631121 -0.03258568 -0.1025644 0.02382296 -0.03264153 -0.1029427 0.02183836 -0.03398042 -0.1034454 0.02025729 -0.03591907 -0.1040474 0.01928061 -0.03831243 -0.1047185 0.01904749 -0.04094386 -0.105425 0.01896852 -0.04095345 -0.1023296 0.02426797 -0.03314381 -0.10225 0.02473646 -0.03367269 -0.1025644 0.0223338 -0.03432238 -0.1029427 0.02072733 -0.03609734 -0.1034454 0.01965612 -0.03835803 -0.1040474 0.01928061 -0.04091554 -0.1047185 0.01968401 -0.04352629 -0.105425 0.01960963 -0.04355454 -0.1023296 0.02288609 -0.03470361 -0.10225 0.02346754 -0.03510493 -0.1025644 0.02129024 -0.03631079 -0.1029427 0.02015519 -0.03841859 -0.1034454 0.01965612 -0.04086995 -0.1040474 0.0199036 -0.04344302 -0.1047185 0.02092009 -0.04588139 -0.105425 0.02085459 -0.04592657 -0.1023296 0.0219177 -0.03654879 -0.10225 0.02257829 -0.03679931 -0.1025644 0.02075278 -0.03849118 -0.1029427 0.02015519 -0.04080933 -0.1034454 0.02025729 -0.04330891 -0.1040474 0.02111333 -0.04574799 -0.1047185 0.02268379 -0.04787218 -0.105425 0.02263104 -0.04793179 -0.1047185 0.03264033 -0.05032628 -0.1047185 0.02999997 -0.0506469 -0.105425 0.02999997 -0.05072647 -0.105425 0.03265935 -0.05040359 -0.1023296 0.02141898 -0.03857207 -0.10225 0.02212035 -0.03865718 -0.1040474 0.03258413 -0.05009829 -0.1025644 0.02075278 -0.04073679 -0.1040474 0.02999997 -0.05041205 -0.1047185 0.03512722 -0.0493831 -0.1029427 0.02072733 -0.04313063 -0.105425 0.03516423 -0.04945361 -0.1034454 0.03249359 -0.04973101 -0.1034454 0.02999997 -0.0500338 -0.1034454 0.02142465 -0.04553312 -0.1040474 0.03501808 -0.0491752 -0.1040474 0.02283954 -0.04769647 -0.1047185 0.03731614 -0.04787218 -0.105425 0.03736895 -0.04793179 -0.1047185 0.02487272 -0.0493831 -0.105425 0.02483576 -0.04945361 -0.1023296 0.02141898 -0.04065591 -0.10225 0.02212035 -0.04057073 -0.1029427 0.0323733 -0.04924291 -0.1029427 0.02999997 -0.04953104 -0.1034454 0.03484231 -0.04884028 -0.1025644 0.02129024 -0.04291713 -0.1029427 0.02183836 -0.04524749 -0.1040474 0.03716039 -0.04769647 -0.1034454 0.02309036 -0.04741334 -0.1047185 0.0390799 -0.04588139 -0.105425 0.03914541 -0.04592657 -0.1040474 0.02498185 -0.0491752 -0.1025644 0.03222924 -0.04865837 -0.1025644 0.02999997 -0.04892903 -0.1047185 0.02735966 -0.05032628 -0.105425 0.02734059 -0.05040359 -0.1029427 0.03460866 -0.04839509 -0.1023296 0.0219177 -0.04267919 -0.10225 0.02257829 -0.04242867 -0.1034454 0.03690958 -0.04741334 -0.1025644 0.0223338 -0.04490554 -0.1040474 0.0388866 -0.04574799 -0.1029427 0.02342373 -0.047037 -0.1047185 0.04031592 -0.04352629 -0.105425 0.04039037 -0.04355454 -0.1034454 0.02515763 -0.04884028 -0.1023296 0.03206861 -0.04800677 -0.10225 0.03189957 -0.04732084 -0.10225 0.02999997 -0.04755145 -0.1023296 0.02999997 -0.04825794 -0.1040474 0.02741581 -0.05009829 -0.1025644 0.03432887 -0.04786205 -0.1023296 0.02288609 -0.04452431 -0.10225 0.02346754 -0.04412299 -0.1029427 0.03657621 -0.047037 -0.1025644 0.02382296 -0.04658639 -0.1029427 0.02539128 -0.04839509 -0.1034454 0.03857529 -0.04553312 -0.1034454 0.02750635 -0.04973101 -0.1040474 0.04009634 -0.04344302 -0.1023296 0.02426797 -0.0460841 -0.10225 0.02473646 -0.04555529 -0.1047185 0.04095244 -0.04094386 -0.105425 0.04103147 -0.04095345 -0.1023296 0.03401702 -0.04726785 -0.10225 0.03368872 -0.0466423 -0.1025644 0.02567106 -0.04786205 -0.1029427 0.02762669 -0.04924291 -0.1025644 0.03617703 -0.04658639 -0.1023296 0.02598291 -0.04726785 -0.10225 0.02631121 -0.0466423 -0.1029427 0.03816157 -0.04524749 -0.1025644 0.02777075 -0.04865837 -0.1034454 0.03974264 -0.04330891 -0.1023296 0.02793133 -0.04800677 -0.10225 0.02810043 -0.04732084 -0.1040474 0.04071933 -0.04091554 -0.1047185 0.04095244 -0.03828412 -0.105425 0.04103147 -0.03827452 -0.1023296 0.03573203 -0.0460841 -0.10225 0.03526347 -0.04555529 -0.1025644 0.03766614 -0.04490554 -0.1029427 0.0392726 -0.04313063 -0.1034454 0.04034382 -0.04086995 -0.1040474 0.04071933 -0.03831243 -0.1047185 0.04031592 -0.03570163 -0.105425 0.04039037 -0.03567343 -0.1023296 0.03711384 -0.04452431 -0.10225 0.0365324 -0.04412299 -0.1025644 0.0387097 -0.04291713 -0.1029427 0.03984475 -0.04080933 -0.1034454 0.04034382 -0.03835803 -0.1040474 0.04009634 -0.0357849 -0.1047185 0.0390799 -0.03334659 -0.105425 0.03914541 -0.03330135 -0.1023296 0.03808224 -0.04267919 -0.10225 0.03742164 -0.04242867 -0.1025644 0.03924715 -0.04073679 -0.1029427 0.03984475 -0.03841859 -0.1034454 0.03974264 -0.03591907 -0.1040474 0.0388866 -0.03347998 -0.1047185 0.03731614 -0.03135573 -0.105425 0.03736895 -0.03129613 -0.1023296 0.03858095 -0.04065591 -0.10225 0.03787958 -0.04057073 -0.1025644 0.03924715 -0.03849118 -0.1029427 0.0392726 -0.03609734 -0.1034454 0.03857529 -0.03369486 -0.1040474 0.03716039 -0.03153151 -0.1047185 0.03512722 -0.02984482 -0.105425 0.03516423 -0.02977436 -0.1023296 0.03858095 -0.03857207 -0.10225 0.03787958 -0.03865718 -0.1025644 0.0387097 -0.03631079 -0.1029427 0.03816157 -0.03398042 -0.1034454 0.03690958 -0.03181463 -0.1040474 0.03501808 -0.03005278 -0.1047185 0.03264033 -0.02890169 -0.105425 0.03265935 -0.02882438 -0.1023296 0.03808224 -0.03654879 -0.10225 0.03742164 -0.03679931 -0.1025644 0.03766614 -0.03432238 -0.1029427 0.03657621 -0.03219091 -0.1034454 0.03484231 -0.03038769 -0.1040474 0.03258413 -0.02912968 -0.105425 0.02999997 -0.02850145 -0.1023296 0.03711384 -0.03470361 -0.10225 0.0365324 -0.03510493 -0.105425 0.02257829 -0.03679931 -0.105425 0.02346754 -0.03510493 -0.111775 0.02346754 -0.03510493 -0.111775 0.02257829 -0.03679931 -0.105425 0.02212035 -0.03865718 -0.111775 0.02212035 -0.03865718 -0.105425 0.03189957 -0.04732084 -0.105425 0.02999997 -0.04755145 -0.111775 0.02999997 -0.04755145 -0.111775 0.03189957 -0.04732084 -0.105425 0.02212035 -0.04057073 -0.111775 0.02212035 -0.04057073 -0.105425 0.03368872 -0.0466423 -0.111775 0.03368872 -0.0466423 -0.105425 0.02257829 -0.04242867 -0.111775 0.02257829 -0.04242867 -0.105425 0.03526347 -0.04555529 -0.111775 0.03526347 -0.04555529 -0.105425 0.02346754 -0.04412299 -0.111775 0.02346754 -0.04412299 -0.105425 0.0365324 -0.04412299 -0.111775 0.0365324 -0.04412299 -0.105425 0.02473646 -0.04555529 -0.111775 0.02473646 -0.04555529 -0.105425 0.03742164 -0.04242867 -0.111775 0.03742164 -0.04242867 -0.105425 0.02631121 -0.0466423 -0.111775 0.02631121 -0.0466423 -0.105425 0.02810043 -0.04732084 -0.111775 0.02810043 -0.04732084 -0.105425 0.03787958 -0.04057073 -0.111775 0.03787958 -0.04057073 -0.105425 0.03787958 -0.03865718 -0.111775 0.03787958 -0.03865718 -0.105425 0.03742164 -0.03679931 -0.111775 0.03742164 -0.03679931 -0.105425 0.0365324 -0.03510493 -0.111775 0.0365324 -0.03510493 -0.105425 0.03526347 -0.03367269 -0.111775 0.03526347 -0.03367269 -0.105425 0.03368872 -0.03258568 -0.111775 0.03368872 -0.03258568 -0.105425 0.03189957 -0.03190714 -0.111775 0.03189957 -0.03190714 -0.105425 0.02999997 -0.03167647 -0.111775 0.02999997 -0.03167647 -0.105425 0.02810043 -0.03190714 -0.111775 0.02810043 -0.03190714 -0.105425 0.02631121 -0.03258568 -0.111775 0.02631121 -0.03258568 -0.105425 0.02473646 -0.03367269 -0.111775 0.02473646 -0.03367269 -0.1486356 0.02777075 -0.03056955 -0.1486356 0.02999997 -0.03029888 -0.1488704 0.02999997 -0.03096997 -0.1488704 0.02793133 -0.03122115 -0.1488704 0.02598291 -0.03196007 -0.14895 0.02810043 -0.03190714 -0.14895 0.02631121 -0.03258568 -0.1464815 0.03512722 -0.02984482 -0.145775 0.03516423 -0.02977436 -0.145775 0.03736895 -0.03129613 -0.1464815 0.03731614 -0.03135573 -0.1471526 0.03716039 -0.03153151 -0.1471526 0.03501808 -0.03005278 -0.1471526 0.03258413 -0.02912968 -0.1477546 0.03484231 -0.03038769 -0.1477546 0.03249359 -0.02949696 -0.1477546 0.02999997 -0.02919417 -0.1482573 0.0323733 -0.02998507 -0.1482573 0.02999997 -0.02969688 -0.1482573 0.02762669 -0.02998507 -0.1486356 0.02567106 -0.03136587 -0.1488704 0.02426797 -0.03314381 -0.14895 0.02473646 -0.03367269 -0.1464815 0.03264033 -0.02890169 -0.145775 0.03265935 -0.02882438 -0.1471526 0.02999997 -0.02881592 -0.1477546 0.02750635 -0.02949696 -0.1482573 0.02539128 -0.03083282 -0.1486356 0.02382296 -0.03264153 -0.1488704 0.02288609 -0.03470361 -0.14895 0.02346754 -0.03510493 -0.1464815 0.02999997 -0.02858108 -0.145775 0.02999997 -0.02850145 -0.1471526 0.02741581 -0.02912968 -0.1477546 0.02515763 -0.03038769 -0.1482573 0.02342373 -0.03219091 -0.1486356 0.0223338 -0.03432238 -0.1488704 0.0219177 -0.03654879 -0.14895 0.02257829 -0.03679931 -0.1464815 0.02735966 -0.02890169 -0.145775 0.02734059 -0.02882438 -0.1471526 0.02498185 -0.03005278 -0.1477546 0.02309036 -0.03181463 -0.1482573 0.02183836 -0.03398042 -0.1486356 0.02129024 -0.03631079 -0.1488704 0.02141898 -0.03857207 -0.14895 0.02212035 -0.03865718 -0.1464815 0.02487272 -0.02984482 -0.145775 0.02483576 -0.02977436 -0.1471526 0.02283954 -0.03153151 -0.1477546 0.02142465 -0.03369486 -0.1482573 0.02072733 -0.03609734 -0.1486356 0.02075278 -0.03849118 -0.1488704 0.02141898 -0.04065591 -0.14895 0.02212035 -0.04057073 -0.1464815 0.02268379 -0.03135573 -0.145775 0.02263104 -0.03129613 -0.1471526 0.02111333 -0.03347998 -0.1477546 0.02025729 -0.03591907 -0.1482573 0.02015519 -0.03841859 -0.1486356 0.02075278 -0.04073679 -0.1488704 0.0219177 -0.04267919 -0.14895 0.02257829 -0.04242867 -0.1464815 0.02092009 -0.03334659 -0.145775 0.02085459 -0.03330135 -0.1471526 0.0199036 -0.0357849 -0.1477546 0.01965612 -0.03835803 -0.1482573 0.02015519 -0.04080933 -0.1486356 0.02129024 -0.04291713 -0.1488704 0.02288609 -0.04452431 -0.14895 0.02346754 -0.04412299 -0.1464815 0.01968401 -0.03570163 -0.145775 0.01960963 -0.03567343 -0.1471526 0.01928061 -0.03831243 -0.1477546 0.01965612 -0.04086995 -0.1482573 0.02072733 -0.04313063 -0.1486356 0.0223338 -0.04490554 -0.1488704 0.02426797 -0.0460841 -0.14895 0.02473646 -0.04555529 -0.1488704 0.03206861 -0.04800677 -0.1488704 0.02999997 -0.04825794 -0.14895 0.02999997 -0.04755145 -0.14895 0.03189957 -0.04732084 -0.1464815 0.01904749 -0.03828412 -0.145775 0.01896852 -0.03827452 -0.1486356 0.03222924 -0.04865837 -0.1471526 0.01928061 -0.04091554 -0.1486356 0.02999997 -0.04892903 -0.1488704 0.03401702 -0.04726785 -0.1477546 0.02025729 -0.04330891 -0.14895 0.03368872 -0.0466423 -0.1482573 0.0323733 -0.04924291 -0.1482573 0.02999997 -0.04953104 -0.1482573 0.02183836 -0.04524749 -0.1486356 0.03432887 -0.04786205 -0.1486356 0.02382296 -0.04658639 -0.1488704 0.03573203 -0.0460841 -0.14895 0.03526347 -0.04555529 -0.1488704 0.02598291 -0.04726785 -0.14895 0.02631121 -0.0466423 -0.1464815 0.01904749 -0.04094386 -0.145775 0.01896852 -0.04095345 -0.1477546 0.03249359 -0.04973101 -0.1477546 0.02999997 -0.0500338 -0.1482573 0.03460866 -0.04839509 -0.1471526 0.0199036 -0.04344302 -0.1477546 0.02142465 -0.04553312 -0.1486356 0.03617703 -0.04658639 -0.1482573 0.02342373 -0.047037 -0.1488704 0.03711384 -0.04452431 -0.14895 0.0365324 -0.04412299 -0.1486356 0.02567106 -0.04786205 -0.1471526 0.03258413 -0.05009829 -0.1471526 0.02999997 -0.05041205 -0.1488704 0.02793133 -0.04800677 -0.14895 0.02810043 -0.04732084 -0.1477546 0.03484231 -0.04884028 -0.1464815 0.01968401 -0.04352629 -0.145775 0.01960963 -0.04355454 -0.1482573 0.03657621 -0.047037 -0.1471526 0.02111333 -0.04574799 -0.1486356 0.03766614 -0.04490554 -0.1477546 0.02309036 -0.04741334 -0.1488704 0.03808224 -0.04267919 -0.14895 0.03742164 -0.04242867 -0.1482573 0.02539128 -0.04839509 -0.1464815 0.03264033 -0.05032628 -0.145775 0.03265935 -0.05040359 -0.145775 0.02999997 -0.05072647 -0.1464815 0.02999997 -0.0506469 -0.1486356 0.02777075 -0.04865837 -0.1471526 0.03501808 -0.0491752 -0.1464815 0.02092009 -0.04588139 -0.145775 0.02085459 -0.04592657 -0.1477546 0.03690958 -0.04741334 -0.1471526 0.02283954 -0.04769647 -0.1477546 0.02515763 -0.04884028 -0.1482573 0.03816157 -0.04524749 -0.1482573 0.02762669 -0.04924291 -0.1486356 0.0387097 -0.04291713 -0.1464815 0.02268379 -0.04787218 -0.145775 0.02263104 -0.04793179 -0.1488704 0.03858095 -0.04065591 -0.14895 0.03787958 -0.04057073 -0.1464815 0.03512722 -0.0493831 -0.145775 0.03516423 -0.04945361 -0.1471526 0.02498185 -0.0491752 -0.1477546 0.02750635 -0.04973101 -0.1471526 0.03716039 -0.04769647 -0.1464815 0.02487272 -0.0493831 -0.145775 0.02483576 -0.04945361 -0.1477546 0.03857529 -0.04553312 -0.1471526 0.02741581 -0.05009829 -0.1482573 0.0392726 -0.04313063 -0.1464815 0.02735966 -0.05032628 -0.145775 0.02734059 -0.05040359 -0.1486356 0.03924715 -0.04073679 -0.1488704 0.03858095 -0.03857207 -0.14895 0.03787958 -0.03865718 -0.1464815 0.03731614 -0.04787218 -0.145775 0.03736895 -0.04793179 -0.1471526 0.0388866 -0.04574799 -0.1477546 0.03974264 -0.04330891 -0.1482573 0.03984475 -0.04080933 -0.1486356 0.03924715 -0.03849118 -0.1488704 0.03808224 -0.03654879 -0.14895 0.03742164 -0.03679931 -0.1464815 0.0390799 -0.04588139 -0.145775 0.03914541 -0.04592657 -0.1471526 0.04009634 -0.04344302 -0.1477546 0.04034382 -0.04086995 -0.1482573 0.03984475 -0.03841859 -0.1486356 0.0387097 -0.03631079 -0.1488704 0.03711384 -0.03470361 -0.14895 0.0365324 -0.03510493 -0.1464815 0.04031592 -0.04352629 -0.145775 0.04039037 -0.04355454 -0.1471526 0.04071933 -0.04091554 -0.1477546 0.04034382 -0.03835803 -0.1482573 0.0392726 -0.03609734 -0.1486356 0.03766614 -0.03432238 -0.1488704 0.03573203 -0.03314381 -0.14895 0.03526347 -0.03367269 -0.1464815 0.04095244 -0.04094386 -0.145775 0.04103147 -0.04095345 -0.1471526 0.04071933 -0.03831243 -0.1477546 0.03974264 -0.03591907 -0.1482573 0.03816157 -0.03398042 -0.1486356 0.03617703 -0.03264153 -0.1488704 0.03401702 -0.03196007 -0.14895 0.03368872 -0.03258568 -0.1464815 0.04095244 -0.03828412 -0.145775 0.04103147 -0.03827452 -0.1471526 0.04009634 -0.0357849 -0.1477546 0.03857529 -0.03369486 -0.1482573 0.03657621 -0.03219091 -0.1486356 0.03432887 -0.03136587 -0.1488704 0.03206861 -0.03122115 -0.14895 0.03189957 -0.03190714 -0.1464815 0.04031592 -0.03570163 -0.145775 0.04039037 -0.03567343 -0.1471526 0.0388866 -0.03347998 -0.1477546 0.03690958 -0.03181463 -0.1482573 0.03460866 -0.03083282 -0.1486356 0.03222924 -0.03056955 -0.14895 0.02999997 -0.03167647 -0.1464815 0.0390799 -0.03334659 -0.145775 0.03914541 -0.03330135 -0.13625 0.02608048 -0.03690856 -0.13625 0.02554696 -0.03792518 -0.14895 0.02608048 -0.03690856 -0.14895 0.02554696 -0.03792518 -0.13625 0.02527219 -0.0390399 -0.14895 0.02527219 -0.0390399 -0.13625 0.02999997 -0.04437649 -0.13625 0.03113973 -0.04423809 -0.14895 0.02999997 -0.04437649 -0.14895 0.03113973 -0.04423809 -0.13625 0.02527219 -0.04018801 -0.14895 0.02527219 -0.04018801 -0.13625 0.03221321 -0.04383099 -0.14895 0.03221321 -0.04383099 -0.13625 0.02554696 -0.0413028 -0.14895 0.02554696 -0.0413028 -0.13625 0.03315812 -0.04317873 -0.14895 0.03315812 -0.04317873 -0.13625 0.02608048 -0.04231935 -0.14895 0.02608048 -0.04231935 -0.13625 0.03391945 -0.04231935 -0.14895 0.03391945 -0.04231935 -0.13625 0.02684187 -0.04317873 -0.14895 0.02684187 -0.04317873 -0.13625 0.03445297 -0.0413028 -0.14895 0.03445297 -0.0413028 -0.13625 0.02778673 -0.04383099 -0.14895 0.02778673 -0.04383099 -0.13625 0.02886021 -0.04423809 -0.14895 0.02886021 -0.04423809 -0.13625 0.03472775 -0.04018801 -0.14895 0.03472775 -0.04018801 -0.13625 0.03472775 -0.0390399 -0.14895 0.03472775 -0.0390399 -0.13625 0.03445297 -0.03792518 -0.14895 0.03445297 -0.03792518 -0.13625 0.03391945 -0.03690856 -0.14895 0.03391945 -0.03690856 -0.13625 0.03315812 -0.03604918 -0.14895 0.03315812 -0.03604918 -0.13625 0.03221321 -0.03539699 -0.14895 0.03221321 -0.03539699 -0.13625 0.03113973 -0.03498989 -0.14895 0.03113973 -0.03498989 -0.13625 0.02999997 -0.03485149 -0.14895 0.02999997 -0.03485149 -0.13625 0.02886021 -0.03498989 -0.14895 0.02886021 -0.03498989 -0.13625 0.02778673 -0.03539699 -0.14895 0.02778673 -0.03539699 -0.13625 0.02684187 -0.03604918 -0.14895 0.02684187 -0.03604918 -0.1380473 0.02741581 -0.02912968 -0.1380473 0.02999997 -0.02881592 -0.1387185 0.02999997 -0.02858108 -0.1387185 0.02735966 -0.02890169 -0.1387185 0.02487272 -0.02984482 -0.139425 0.02734059 -0.02882438 -0.139425 0.02483576 -0.02977436 -0.1363296 0.03401702 -0.03196007 -0.13625 0.03368872 -0.03258568 -0.13625 0.03526347 -0.03367269 -0.1363296 0.03573203 -0.03314381 -0.1365644 0.03617703 -0.03264153 -0.1365644 0.03432887 -0.03136587 -0.1365644 0.03222924 -0.03056955 -0.1369427 0.03460866 -0.03083282 -0.1369427 0.0323733 -0.02998507 -0.1369427 0.02999997 -0.02969688 -0.1374454 0.03249359 -0.02949696 -0.1374454 0.02999997 -0.02919417 -0.1374454 0.02750635 -0.02949696 -0.1380473 0.02498185 -0.03005278 -0.1387185 0.02268379 -0.03135573 -0.139425 0.02263104 -0.03129613 -0.1363296 0.03206861 -0.03122115 -0.13625 0.03189957 -0.03190714 -0.1365644 0.02999997 -0.03029888 -0.1369427 0.02762669 -0.02998507 -0.1374454 0.02515763 -0.03038769 -0.1380473 0.02283954 -0.03153151 -0.1387185 0.02092009 -0.03334659 -0.139425 0.02085459 -0.03330135 -0.1363296 0.02999997 -0.03096997 -0.13625 0.02999997 -0.03167647 -0.1365644 0.02777075 -0.03056955 -0.1369427 0.02539128 -0.03083282 -0.1374454 0.02309036 -0.03181463 -0.1380473 0.02111333 -0.03347998 -0.1387185 0.01968401 -0.03570163 -0.139425 0.01960963 -0.03567343 -0.1363296 0.02793133 -0.03122115 -0.13625 0.02810043 -0.03190714 -0.1365644 0.02567106 -0.03136587 -0.1369427 0.02342373 -0.03219091 -0.1374454 0.02142465 -0.03369486 -0.1380473 0.0199036 -0.0357849 -0.1387185 0.01904749 -0.03828412 -0.139425 0.01896852 -0.03827452 -0.1363296 0.02598291 -0.03196007 -0.13625 0.02631121 -0.03258568 -0.1365644 0.02382296 -0.03264153 -0.1369427 0.02183836 -0.03398042 -0.1374454 0.02025729 -0.03591907 -0.1380473 0.01928061 -0.03831243 -0.1387185 0.01904749 -0.04094386 -0.139425 0.01896852 -0.04095345 -0.1363296 0.02426797 -0.03314381 -0.13625 0.02473646 -0.03367269 -0.1365644 0.0223338 -0.03432238 -0.1369427 0.02072733 -0.03609734 -0.1374454 0.01965612 -0.03835803 -0.1380473 0.01928061 -0.04091554 -0.1387185 0.01968401 -0.04352629 -0.139425 0.01960963 -0.04355454 -0.1363296 0.02288609 -0.03470361 -0.13625 0.02346754 -0.03510493 -0.1365644 0.02129024 -0.03631079 -0.1369427 0.02015519 -0.03841859 -0.1374454 0.01965612 -0.04086995 -0.1380473 0.0199036 -0.04344302 -0.1387185 0.02092009 -0.04588139 -0.139425 0.02085459 -0.04592657 -0.1363296 0.0219177 -0.03654879 -0.13625 0.02257829 -0.03679931 -0.1365644 0.02075278 -0.03849118 -0.1369427 0.02015519 -0.04080933 -0.1374454 0.02025729 -0.04330891 -0.1380473 0.02111333 -0.04574799 -0.1387185 0.02268379 -0.04787218 -0.139425 0.02263104 -0.04793179 -0.1387185 0.03264033 -0.05032628 -0.1387185 0.02999997 -0.0506469 -0.139425 0.02999997 -0.05072647 -0.139425 0.03265935 -0.05040359 -0.1363296 0.02141898 -0.03857207 -0.13625 0.02212035 -0.03865718 -0.1380473 0.03258413 -0.05009829 -0.1365644 0.02075278 -0.04073679 -0.1380473 0.02999997 -0.05041205 -0.1387185 0.03512722 -0.0493831 -0.1369427 0.02072733 -0.04313063 -0.139425 0.03516423 -0.04945361 -0.1374454 0.03249359 -0.04973101 -0.1374454 0.02999997 -0.0500338 -0.1374454 0.02142465 -0.04553312 -0.1380473 0.03501808 -0.0491752 -0.1380473 0.02283954 -0.04769647 -0.1387185 0.03731614 -0.04787218 -0.139425 0.03736895 -0.04793179 -0.1387185 0.02487272 -0.0493831 -0.139425 0.02483576 -0.04945361 -0.1363296 0.02141898 -0.04065591 -0.13625 0.02212035 -0.04057073 -0.1369427 0.0323733 -0.04924291 -0.1369427 0.02999997 -0.04953104 -0.1374454 0.03484231 -0.04884028 -0.1365644 0.02129024 -0.04291713 -0.1369427 0.02183836 -0.04524749 -0.1380473 0.03716039 -0.04769647 -0.1374454 0.02309036 -0.04741334 -0.1387185 0.0390799 -0.04588139 -0.139425 0.03914541 -0.04592657 -0.1380473 0.02498185 -0.0491752 -0.1365644 0.03222924 -0.04865837 -0.1365644 0.02999997 -0.04892903 -0.1387185 0.02735966 -0.05032628 -0.139425 0.02734059 -0.05040359 -0.1369427 0.03460866 -0.04839509 -0.1363296 0.0219177 -0.04267919 -0.13625 0.02257829 -0.04242867 -0.1374454 0.03690958 -0.04741334 -0.1365644 0.0223338 -0.04490554 -0.1380473 0.0388866 -0.04574799 -0.1369427 0.02342373 -0.047037 -0.1387185 0.04031592 -0.04352629 -0.139425 0.04039037 -0.04355454 -0.1374454 0.02515763 -0.04884028 -0.1363296 0.03206861 -0.04800677 -0.13625 0.03189957 -0.04732084 -0.13625 0.02999997 -0.04755145 -0.1363296 0.02999997 -0.04825794 -0.1380473 0.02741581 -0.05009829 -0.1365644 0.03432887 -0.04786205 -0.1363296 0.02288609 -0.04452431 -0.13625 0.02346754 -0.04412299 -0.1369427 0.03657621 -0.047037 -0.1365644 0.02382296 -0.04658639 -0.1369427 0.02539128 -0.04839509 -0.1374454 0.03857529 -0.04553312 -0.1374454 0.02750635 -0.04973101 -0.1380473 0.04009634 -0.04344302 -0.1363296 0.02426797 -0.0460841 -0.13625 0.02473646 -0.04555529 -0.1387185 0.04095244 -0.04094386 -0.139425 0.04103147 -0.04095345 -0.1363296 0.03401702 -0.04726785 -0.13625 0.03368872 -0.0466423 -0.1365644 0.02567106 -0.04786205 -0.1369427 0.02762669 -0.04924291 -0.1365644 0.03617703 -0.04658639 -0.1363296 0.02598291 -0.04726785 -0.13625 0.02631121 -0.0466423 -0.1369427 0.03816157 -0.04524749 -0.1365644 0.02777075 -0.04865837 -0.1374454 0.03974264 -0.04330891 -0.1363296 0.02793133 -0.04800677 -0.13625 0.02810043 -0.04732084 -0.1380473 0.04071933 -0.04091554 -0.1387185 0.04095244 -0.03828412 -0.139425 0.04103147 -0.03827452 -0.1363296 0.03573203 -0.0460841 -0.13625 0.03526347 -0.04555529 -0.1365644 0.03766614 -0.04490554 -0.1369427 0.0392726 -0.04313063 -0.1374454 0.04034382 -0.04086995 -0.1380473 0.04071933 -0.03831243 -0.1387185 0.04031592 -0.03570163 -0.139425 0.04039037 -0.03567343 -0.1363296 0.03711384 -0.04452431 -0.13625 0.0365324 -0.04412299 -0.1365644 0.0387097 -0.04291713 -0.1369427 0.03984475 -0.04080933 -0.1374454 0.04034382 -0.03835803 -0.1380473 0.04009634 -0.0357849 -0.1387185 0.0390799 -0.03334659 -0.139425 0.03914541 -0.03330135 -0.1363296 0.03808224 -0.04267919 -0.13625 0.03742164 -0.04242867 -0.1365644 0.03924715 -0.04073679 -0.1369427 0.03984475 -0.03841859 -0.1374454 0.03974264 -0.03591907 -0.1380473 0.0388866 -0.03347998 -0.1387185 0.03731614 -0.03135573 -0.139425 0.03736895 -0.03129613 -0.1363296 0.03858095 -0.04065591 -0.13625 0.03787958 -0.04057073 -0.1365644 0.03924715 -0.03849118 -0.1369427 0.0392726 -0.03609734 -0.1374454 0.03857529 -0.03369486 -0.1380473 0.03716039 -0.03153151 -0.1387185 0.03512722 -0.02984482 -0.139425 0.03516423 -0.02977436 -0.1363296 0.03858095 -0.03857207 -0.13625 0.03787958 -0.03865718 -0.1365644 0.0387097 -0.03631079 -0.1369427 0.03816157 -0.03398042 -0.1374454 0.03690958 -0.03181463 -0.1380473 0.03501808 -0.03005278 -0.1387185 0.03264033 -0.02890169 -0.139425 0.03265935 -0.02882438 -0.1363296 0.03808224 -0.03654879 -0.13625 0.03742164 -0.03679931 -0.1365644 0.03766614 -0.03432238 -0.1369427 0.03657621 -0.03219091 -0.1374454 0.03484231 -0.03038769 -0.1380473 0.03258413 -0.02912968 -0.139425 0.02999997 -0.02850145 -0.1363296 0.03711384 -0.03470361 -0.13625 0.0365324 -0.03510493 -0.139425 0.02257829 -0.03679931 -0.139425 0.02346754 -0.03510493 -0.145775 0.02346754 -0.03510493 -0.145775 0.02257829 -0.03679931 -0.139425 0.02212035 -0.03865718 -0.145775 0.02212035 -0.03865718 -0.139425 0.03189957 -0.04732084 -0.139425 0.02999997 -0.04755145 -0.145775 0.02999997 -0.04755145 -0.145775 0.03189957 -0.04732084 -0.139425 0.02212035 -0.04057073 -0.145775 0.02212035 -0.04057073 -0.139425 0.03368872 -0.0466423 -0.145775 0.03368872 -0.0466423 -0.139425 0.02257829 -0.04242867 -0.145775 0.02257829 -0.04242867 -0.139425 0.03526347 -0.04555529 -0.145775 0.03526347 -0.04555529 -0.139425 0.02346754 -0.04412299 -0.145775 0.02346754 -0.04412299 -0.139425 0.0365324 -0.04412299 -0.145775 0.0365324 -0.04412299 -0.139425 0.02473646 -0.04555529 -0.145775 0.02473646 -0.04555529 -0.139425 0.03742164 -0.04242867 -0.145775 0.03742164 -0.04242867 -0.139425 0.02631121 -0.0466423 -0.145775 0.02631121 -0.0466423 -0.139425 0.02810043 -0.04732084 -0.145775 0.02810043 -0.04732084 -0.139425 0.03787958 -0.04057073 -0.145775 0.03787958 -0.04057073 -0.139425 0.03787958 -0.03865718 -0.145775 0.03787958 -0.03865718 -0.139425 0.03742164 -0.03679931 -0.145775 0.03742164 -0.03679931 -0.139425 0.0365324 -0.03510493 -0.145775 0.0365324 -0.03510493 -0.139425 0.03526347 -0.03367269 -0.145775 0.03526347 -0.03367269 -0.139425 0.03368872 -0.03258568 -0.145775 0.03368872 -0.03258568 -0.139425 0.03189957 -0.03190714 -0.145775 0.03189957 -0.03190714 -0.139425 0.02999997 -0.03167647 -0.145775 0.02999997 -0.03167647 -0.139425 0.02810043 -0.03190714 -0.145775 0.02810043 -0.03190714 -0.139425 0.02631121 -0.03258568 -0.145775 0.02631121 -0.03258568 -0.139425 0.02473646 -0.03367269 -0.145775 0.02473646 -0.03367269 0.04366439 -0.03222924 -0.03056955 0.04366439 -0.02999997 -0.03029888 0.04342955 -0.02999997 -0.03096997 0.04342955 -0.03206861 -0.03122115 0.04342955 -0.03401702 -0.03196007 0.04334998 -0.03189957 -0.03190714 0.04334998 -0.03368872 -0.03258568 0.04581844 -0.02487272 -0.02984482 0.046525 -0.02483576 -0.02977436 0.046525 -0.02263104 -0.03129613 0.04581844 -0.02268379 -0.03135573 0.04514741 -0.02283954 -0.03153151 0.04514741 -0.02498185 -0.03005278 0.04514741 -0.02741581 -0.02912968 0.04454541 -0.02515763 -0.03038769 0.04454541 -0.02750635 -0.02949696 0.04454541 -0.02999997 -0.02919417 0.04404264 -0.02762669 -0.02998507 0.04404264 -0.02999997 -0.02969688 0.04404264 -0.0323733 -0.02998507 0.04366439 -0.03432887 -0.03136587 0.04342955 -0.03573203 -0.03314381 0.04334998 -0.03526347 -0.03367269 0.04581844 -0.02735966 -0.02890169 0.046525 -0.02734059 -0.02882438 0.04514741 -0.02999997 -0.02881592 0.04454541 -0.03249359 -0.02949696 0.04404264 -0.03460866 -0.03083282 0.04366439 -0.03617703 -0.03264153 0.04342955 -0.03711384 -0.03470361 0.04334998 -0.0365324 -0.03510493 0.04581844 -0.02999997 -0.02858108 0.046525 -0.02999997 -0.02850145 0.04514741 -0.03258413 -0.02912968 0.04454541 -0.03484231 -0.03038769 0.04404264 -0.03657621 -0.03219091 0.04366439 -0.03766614 -0.03432238 0.04342955 -0.03808224 -0.03654879 0.04334998 -0.03742164 -0.03679931 0.04581844 -0.03264033 -0.02890169 0.046525 -0.03265935 -0.02882438 0.04514741 -0.03501808 -0.03005278 0.04454541 -0.03690958 -0.03181463 0.04404264 -0.03816157 -0.03398042 0.04366439 -0.0387097 -0.03631079 0.04342955 -0.03858095 -0.03857207 0.04334998 -0.03787958 -0.03865718 0.04581844 -0.03512722 -0.02984482 0.046525 -0.03516423 -0.02977436 0.04514741 -0.03716039 -0.03153151 0.04454541 -0.03857529 -0.03369486 0.04404264 -0.0392726 -0.03609734 0.04366439 -0.03924715 -0.03849118 0.04342955 -0.03858095 -0.04065591 0.04334998 -0.03787958 -0.04057073 0.04581844 -0.03731614 -0.03135573 0.046525 -0.03736895 -0.03129613 0.04514741 -0.0388866 -0.03347998 0.04454541 -0.03974264 -0.03591907 0.04404264 -0.03984475 -0.03841859 0.04366439 -0.03924715 -0.04073679 0.04342955 -0.03808224 -0.04267919 0.04334998 -0.03742164 -0.04242867 0.04581844 -0.0390799 -0.03334659 0.046525 -0.03914541 -0.03330135 0.04514741 -0.04009634 -0.0357849 0.04454541 -0.04034382 -0.03835803 0.04404264 -0.03984475 -0.04080933 0.04366439 -0.0387097 -0.04291713 0.04342955 -0.03711384 -0.04452431 0.04334998 -0.0365324 -0.04412299 0.04581844 -0.04031592 -0.03570163 0.046525 -0.04039037 -0.03567343 0.04514741 -0.04071933 -0.03831243 0.04454541 -0.04034382 -0.04086995 0.04404264 -0.0392726 -0.04313063 0.04366439 -0.03766614 -0.04490554 0.04342955 -0.03573203 -0.0460841 0.04334998 -0.03526347 -0.04555529 0.04342955 -0.02793133 -0.04800677 0.04342955 -0.02999997 -0.04825794 0.04334998 -0.02999997 -0.04755145 0.04334998 -0.02810043 -0.04732084 0.04581844 -0.04095244 -0.03828412 0.046525 -0.04103147 -0.03827452 0.04366439 -0.02777075 -0.04865837 0.04514741 -0.04071933 -0.04091554 0.04366439 -0.02999997 -0.04892903 0.04342955 -0.02598291 -0.04726785 0.04454541 -0.03974264 -0.04330891 0.04334998 -0.02631121 -0.0466423 0.04404264 -0.02762669 -0.04924291 0.04404264 -0.02999997 -0.04953104 0.04404264 -0.03816157 -0.04524749 0.04366439 -0.02567106 -0.04786205 0.04366439 -0.03617703 -0.04658639 0.04342955 -0.02426797 -0.0460841 0.04334998 -0.02473646 -0.04555529 0.04342955 -0.03401702 -0.04726785 0.04334998 -0.03368872 -0.0466423 0.04581844 -0.04095244 -0.04094386 0.046525 -0.04103147 -0.04095345 0.04454541 -0.02750635 -0.04973101 0.04454541 -0.02999997 -0.0500338 0.04404264 -0.02539128 -0.04839509 0.04514741 -0.04009634 -0.04344302 0.04454541 -0.03857529 -0.04553312 0.04366439 -0.02382296 -0.04658639 0.04404264 -0.03657621 -0.047037 0.04342955 -0.02288609 -0.04452431 0.04334998 -0.02346754 -0.04412299 0.04366439 -0.03432887 -0.04786205 0.04514741 -0.02741581 -0.05009829 0.04514741 -0.02999997 -0.05041205 0.04342955 -0.03206861 -0.04800677 0.04334998 -0.03189957 -0.04732084 0.04454541 -0.02515763 -0.04884028 0.04581844 -0.04031592 -0.04352629 0.046525 -0.04039037 -0.04355454 0.04404264 -0.02342373 -0.047037 0.04514741 -0.0388866 -0.04574799 0.04366439 -0.0223338 -0.04490554 0.04454541 -0.03690958 -0.04741334 0.04342955 -0.0219177 -0.04267919 0.04334998 -0.02257829 -0.04242867 0.04404264 -0.03460866 -0.04839509 0.04581844 -0.02735966 -0.05032628 0.046525 -0.02734059 -0.05040359 0.046525 -0.02999997 -0.05072647 0.04581844 -0.02999997 -0.0506469 0.04366439 -0.03222924 -0.04865837 0.04514741 -0.02498185 -0.0491752 0.04581844 -0.0390799 -0.04588139 0.046525 -0.03914541 -0.04592657 0.04454541 -0.02309036 -0.04741334 0.04514741 -0.03716039 -0.04769647 0.04454541 -0.03484231 -0.04884028 0.04404264 -0.02183836 -0.04524749 0.04404264 -0.0323733 -0.04924291 0.04366439 -0.02129024 -0.04291713 0.04581844 -0.03731614 -0.04787218 0.046525 -0.03736895 -0.04793179 0.04342955 -0.02141898 -0.04065591 0.04334998 -0.02212035 -0.04057073 0.04581844 -0.02487272 -0.0493831 0.046525 -0.02483576 -0.04945361 0.04514741 -0.03501808 -0.0491752 0.04454541 -0.03249359 -0.04973101 0.04514741 -0.02283954 -0.04769647 0.04581844 -0.03512722 -0.0493831 0.046525 -0.03516423 -0.04945361 0.04454541 -0.02142465 -0.04553312 0.04514741 -0.03258413 -0.05009829 0.04404264 -0.02072733 -0.04313063 0.04581844 -0.03264033 -0.05032628 0.046525 -0.03265935 -0.05040359 0.04366439 -0.02075278 -0.04073679 0.04342955 -0.02141898 -0.03857207 0.04334998 -0.02212035 -0.03865718 0.04581844 -0.02268379 -0.04787218 0.046525 -0.02263104 -0.04793179 0.04514741 -0.02111333 -0.04574799 0.04454541 -0.02025729 -0.04330891 0.04404264 -0.02015519 -0.04080933 0.04366439 -0.02075278 -0.03849118 0.04342955 -0.0219177 -0.03654879 0.04334998 -0.02257829 -0.03679931 0.04581844 -0.02092009 -0.04588139 0.046525 -0.02085459 -0.04592657 0.04514741 -0.0199036 -0.04344302 0.04454541 -0.01965612 -0.04086995 0.04404264 -0.02015519 -0.03841859 0.04366439 -0.02129024 -0.03631079 0.04342955 -0.02288609 -0.03470361 0.04334998 -0.02346754 -0.03510493 0.04581844 -0.01968401 -0.04352629 0.046525 -0.01960963 -0.04355454 0.04514741 -0.01928061 -0.04091554 0.04454541 -0.01965612 -0.03835803 0.04404264 -0.02072733 -0.03609734 0.04366439 -0.0223338 -0.03432238 0.04342955 -0.02426797 -0.03314381 0.04334998 -0.02473646 -0.03367269 0.04581844 -0.01904749 -0.04094386 0.046525 -0.01896852 -0.04095345 0.04514741 -0.01928061 -0.03831243 0.04454541 -0.02025729 -0.03591907 0.04404264 -0.02183836 -0.03398042 0.04366439 -0.02382296 -0.03264153 0.04342955 -0.02598291 -0.03196007 0.04334998 -0.02631121 -0.03258568 0.04581844 -0.01904749 -0.03828412 0.046525 -0.01896852 -0.03827452 0.04514741 -0.0199036 -0.0357849 0.04454541 -0.02142465 -0.03369486 0.04404264 -0.02342373 -0.03219091 0.04366439 -0.02567106 -0.03136587 0.04342955 -0.02793133 -0.03122115 0.04334998 -0.02810043 -0.03190714 0.04581844 -0.01968401 -0.03570163 0.046525 -0.01960963 -0.03567343 0.04514741 -0.02111333 -0.03347998 0.04454541 -0.02309036 -0.03181463 0.04404264 -0.02539128 -0.03083282 0.04366439 -0.02777075 -0.03056955 0.04334998 -0.02999997 -0.03167647 0.04581844 -0.02092009 -0.03334659 0.046525 -0.02085459 -0.03330135 0.04334998 -0.03391945 -0.03690856 0.05605 -0.03445297 -0.03792518 0.04334998 -0.03445297 -0.03792518 0.05605 -0.03472775 -0.0390399 0.04334998 -0.03472775 -0.0390399 0.04334998 -0.02999997 -0.04437649 0.05605 -0.02999997 -0.04437649 0.04334998 -0.02886021 -0.04423809 0.05605 -0.03472775 -0.04018801 0.04334998 -0.03472775 -0.04018801 0.05605 -0.02886021 -0.04423809 0.04334998 -0.02778673 -0.04383099 0.05605 -0.03445297 -0.0413028 0.04334998 -0.03445297 -0.0413028 0.05605 -0.02778673 -0.04383099 0.05605 -0.03391945 -0.04231935 0.04334998 -0.03391945 -0.04231935 0.05605 -0.02684187 -0.04317873 0.04334998 -0.02684187 -0.04317873 0.05605 -0.03315812 -0.04317873 0.04334998 -0.03315812 -0.04317873 0.05605 -0.02608048 -0.04231935 0.04334998 -0.02608048 -0.04231935 0.04334998 -0.02554696 -0.0413028 0.05605 -0.03221321 -0.04383099 0.04334998 -0.03221321 -0.04383099 0.05605 -0.02554696 -0.0413028 0.05605 -0.03113973 -0.04423809 0.04334998 -0.03113973 -0.04423809 0.05605 -0.02527219 -0.04018801 0.04334998 -0.02527219 -0.04018801 0.04334998 -0.02527219 -0.0390399 0.05605 -0.02527219 -0.0390399 0.04334998 -0.02554696 -0.03792518 0.05605 -0.02554696 -0.03792518 0.04334998 -0.02608048 -0.03690856 0.05605 -0.02608048 -0.03690856 0.04334998 -0.02684187 -0.03604918 0.05605 -0.02684187 -0.03604918 0.05605 -0.02778673 -0.03539699 0.04334998 -0.02778673 -0.03539699 0.05605 -0.02886021 -0.03498989 0.04334998 -0.02886021 -0.03498989 0.05605 -0.02999997 -0.03485149 0.04334998 -0.02999997 -0.03485149 0.05605 -0.03113973 -0.03498989 0.04334998 -0.03113973 -0.03498989 0.05605 -0.03221321 -0.03539699 0.04334998 -0.03221321 -0.03539699 0.05605 -0.03315812 -0.03604918 0.04334998 -0.03315812 -0.03604918 0.05605 -0.03391945 -0.03690856 0.05425256 -0.03258413 -0.02912968 0.05425256 -0.02999997 -0.02881592 0.05358147 -0.02999997 -0.02858108 0.05358147 -0.03264033 -0.02890169 0.05358147 -0.03512722 -0.02984482 0.05287498 -0.03265935 -0.02882438 0.05287498 -0.03516423 -0.02977436 0.05597037 -0.02598291 -0.03196007 0.05605 -0.02631121 -0.03258568 0.05605 -0.02473646 -0.03367269 0.05597037 -0.02426797 -0.03314381 0.05573552 -0.02382296 -0.03264153 0.05573552 -0.02567106 -0.03136587 0.05573552 -0.02777075 -0.03056955 0.05535727 -0.02539128 -0.03083282 0.05535727 -0.02762669 -0.02998507 0.05535727 -0.02999997 -0.02969688 0.05485457 -0.02750635 -0.02949696 0.05485457 -0.02999997 -0.02919417 0.05485457 -0.03249359 -0.02949696 0.05425256 -0.03501808 -0.03005278 0.05358147 -0.03731614 -0.03135573 0.05287498 -0.03736895 -0.03129613 0.05597037 -0.02793133 -0.03122115 0.05605 -0.02810043 -0.03190714 0.05573552 -0.02999997 -0.03029888 0.05535727 -0.0323733 -0.02998507 0.05485457 -0.03484231 -0.03038769 0.05425256 -0.03716039 -0.03153151 0.05358147 -0.0390799 -0.03334659 0.05287498 -0.03914541 -0.03330135 0.05597037 -0.02999997 -0.03096997 0.05605 -0.02999997 -0.03167647 0.05573552 -0.03222924 -0.03056955 0.05535727 -0.03460866 -0.03083282 0.05485457 -0.03690958 -0.03181463 0.05425256 -0.0388866 -0.03347998 0.05358147 -0.04031592 -0.03570163 0.05287498 -0.04039037 -0.03567343 0.05597037 -0.03206861 -0.03122115 0.05605 -0.03189957 -0.03190714 0.05573552 -0.03432887 -0.03136587 0.05535727 -0.03657621 -0.03219091 0.05485457 -0.03857529 -0.03369486 0.05425256 -0.04009634 -0.0357849 0.05358147 -0.04095244 -0.03828412 0.05287498 -0.04103147 -0.03827452 0.05597037 -0.03401702 -0.03196007 0.05605 -0.03368872 -0.03258568 0.05573552 -0.03617703 -0.03264153 0.05535727 -0.03816157 -0.03398042 0.05485457 -0.03974264 -0.03591907 0.05425256 -0.04071933 -0.03831243 0.05358147 -0.04095244 -0.04094386 0.05287498 -0.04103147 -0.04095345 0.05597037 -0.03573203 -0.03314381 0.05605 -0.03526347 -0.03367269 0.05573552 -0.03766614 -0.03432238 0.05535727 -0.0392726 -0.03609734 0.05485457 -0.04034382 -0.03835803 0.05425256 -0.04071933 -0.04091554 0.05358147 -0.04031592 -0.04352629 0.05287498 -0.04039037 -0.04355454 0.05597037 -0.03711384 -0.03470361 0.05605 -0.0365324 -0.03510493 0.05573552 -0.0387097 -0.03631079 0.05535727 -0.03984475 -0.03841859 0.05485457 -0.04034382 -0.04086995 0.05425256 -0.04009634 -0.04344302 0.05358147 -0.0390799 -0.04588139 0.05287498 -0.03914541 -0.04592657 0.05597037 -0.03808224 -0.03654879 0.05605 -0.03742164 -0.03679931 0.05573552 -0.03924715 -0.03849118 0.05535727 -0.03984475 -0.04080933 0.05485457 -0.03974264 -0.04330891 0.05425256 -0.0388866 -0.04574799 0.05358147 -0.03731614 -0.04787218 0.05287498 -0.03736895 -0.04793179 0.05358147 -0.02735966 -0.05032628 0.05358147 -0.02999997 -0.0506469 0.05287498 -0.02999997 -0.05072647 0.05287498 -0.02734059 -0.05040359 0.05597037 -0.03858095 -0.03857207 0.05605 -0.03787958 -0.03865718 0.05425256 -0.02741581 -0.05009829 0.05573552 -0.03924715 -0.04073679 0.05425256 -0.02999997 -0.05041205 0.05358147 -0.02487272 -0.0493831 0.05535727 -0.0392726 -0.04313063 0.05287498 -0.02483576 -0.04945361 0.05485457 -0.02750635 -0.04973101 0.05485457 -0.02999997 -0.0500338 0.05485457 -0.03857529 -0.04553312 0.05425256 -0.02498185 -0.0491752 0.05425256 -0.03716039 -0.04769647 0.05358147 -0.02268379 -0.04787218 0.05287498 -0.02263104 -0.04793179 0.05358147 -0.03512722 -0.0493831 0.05287498 -0.03516423 -0.04945361 0.05597037 -0.03858095 -0.04065591 0.05605 -0.03787958 -0.04057073 0.05535727 -0.02762669 -0.04924291 0.05535727 -0.02999997 -0.04953104 0.05485457 -0.02515763 -0.04884028 0.05573552 -0.0387097 -0.04291713 0.05535727 -0.03816157 -0.04524749 0.05425256 -0.02283954 -0.04769647 0.05485457 -0.03690958 -0.04741334 0.05358147 -0.02092009 -0.04588139 0.05287498 -0.02085459 -0.04592657 0.05425256 -0.03501808 -0.0491752 0.05573552 -0.02777075 -0.04865837 0.05573552 -0.02999997 -0.04892903 0.05358147 -0.03264033 -0.05032628 0.05287498 -0.03265935 -0.05040359 0.05535727 -0.02539128 -0.04839509 0.05597037 -0.03808224 -0.04267919 0.05605 -0.03742164 -0.04242867 0.05485457 -0.02309036 -0.04741334 0.05573552 -0.03766614 -0.04490554 0.05425256 -0.02111333 -0.04574799 0.05535727 -0.03657621 -0.047037 0.05358147 -0.01968401 -0.04352629 0.05287498 -0.01960963 -0.04355454 0.05485457 -0.03484231 -0.04884028 0.05597037 -0.02793133 -0.04800677 0.05605 -0.02810043 -0.04732084 0.05605 -0.02999997 -0.04755145 0.05597037 -0.02999997 -0.04825794 0.05425256 -0.03258413 -0.05009829 0.05573552 -0.02567106 -0.04786205 0.05597037 -0.03711384 -0.04452431 0.05605 -0.0365324 -0.04412299 0.05535727 -0.02342373 -0.047037 0.05573552 -0.03617703 -0.04658639 0.05535727 -0.03460866 -0.04839509 0.05485457 -0.02142465 -0.04553312 0.05485457 -0.03249359 -0.04973101 0.05425256 -0.0199036 -0.04344302 0.05597037 -0.03573203 -0.0460841 0.05605 -0.03526347 -0.04555529 0.05358147 -0.01904749 -0.04094386 0.05287498 -0.01896852 -0.04095345 0.05597037 -0.02598291 -0.04726785 0.05605 -0.02631121 -0.0466423 0.05573552 -0.03432887 -0.04786205 0.05535727 -0.0323733 -0.04924291 0.05573552 -0.02382296 -0.04658639 0.05597037 -0.03401702 -0.04726785 0.05605 -0.03368872 -0.0466423 0.05535727 -0.02183836 -0.04524749 0.05573552 -0.03222924 -0.04865837 0.05485457 -0.02025729 -0.04330891 0.05597037 -0.03206861 -0.04800677 0.05605 -0.03189957 -0.04732084 0.05425256 -0.01928061 -0.04091554 0.05358147 -0.01904749 -0.03828412 0.05287498 -0.01896852 -0.03827452 0.05597037 -0.02426797 -0.0460841 0.05605 -0.02473646 -0.04555529 0.05573552 -0.0223338 -0.04490554 0.05535727 -0.02072733 -0.04313063 0.05485457 -0.01965612 -0.04086995 0.05425256 -0.01928061 -0.03831243 0.05358147 -0.01968401 -0.03570163 0.05287498 -0.01960963 -0.03567343 0.05597037 -0.02288609 -0.04452431 0.05605 -0.02346754 -0.04412299 0.05573552 -0.02129024 -0.04291713 0.05535727 -0.02015519 -0.04080933 0.05485457 -0.01965612 -0.03835803 0.05425256 -0.0199036 -0.0357849 0.05358147 -0.02092009 -0.03334659 0.05287498 -0.02085459 -0.03330135 0.05597037 -0.0219177 -0.04267919 0.05605 -0.02257829 -0.04242867 0.05573552 -0.02075278 -0.04073679 0.05535727 -0.02015519 -0.03841859 0.05485457 -0.02025729 -0.03591907 0.05425256 -0.02111333 -0.03347998 0.05358147 -0.02268379 -0.03135573 0.05287498 -0.02263104 -0.03129613 0.05597037 -0.02141898 -0.04065591 0.05605 -0.02212035 -0.04057073 0.05573552 -0.02075278 -0.03849118 0.05535727 -0.02072733 -0.03609734 0.05485457 -0.02142465 -0.03369486 0.05425256 -0.02283954 -0.03153151 0.05358147 -0.02487272 -0.02984482 0.05287498 -0.02483576 -0.02977436 0.05597037 -0.02141898 -0.03857207 0.05605 -0.02212035 -0.03865718 0.05573552 -0.02129024 -0.03631079 0.05535727 -0.02183836 -0.03398042 0.05485457 -0.02309036 -0.03181463 0.05425256 -0.02498185 -0.03005278 0.05358147 -0.02735966 -0.02890169 0.05287498 -0.02734059 -0.02882438 0.05597037 -0.0219177 -0.03654879 0.05605 -0.02257829 -0.03679931 0.05573552 -0.0223338 -0.03432238 0.05535727 -0.02342373 -0.03219091 0.05485457 -0.02515763 -0.03038769 0.05425256 -0.02741581 -0.02912968 0.05287498 -0.02999997 -0.02850145 0.05597037 -0.02288609 -0.03470361 0.05605 -0.02346754 -0.03510493 0.05287498 -0.03742164 -0.03679931 0.05287498 -0.0365324 -0.03510493 0.046525 -0.0365324 -0.03510493 0.046525 -0.03742164 -0.03679931 0.05287498 -0.03787958 -0.03865718 0.046525 -0.03787958 -0.03865718 0.05287498 -0.02810043 -0.04732084 0.05287498 -0.02999997 -0.04755145 0.046525 -0.02999997 -0.04755145 0.046525 -0.02810043 -0.04732084 0.05287498 -0.03787958 -0.04057073 0.046525 -0.03787958 -0.04057073 0.05287498 -0.02631121 -0.0466423 0.046525 -0.02631121 -0.0466423 0.05287498 -0.03742164 -0.04242867 0.046525 -0.03742164 -0.04242867 0.05287498 -0.02473646 -0.04555529 0.046525 -0.02473646 -0.04555529 0.05287498 -0.0365324 -0.04412299 0.046525 -0.0365324 -0.04412299 0.05287498 -0.02346754 -0.04412299 0.046525 -0.02346754 -0.04412299 0.05287498 -0.03526347 -0.04555529 0.046525 -0.03526347 -0.04555529 0.05287498 -0.02257829 -0.04242867 0.046525 -0.02257829 -0.04242867 0.05287498 -0.03368872 -0.0466423 0.046525 -0.03368872 -0.0466423 0.05287498 -0.03189957 -0.04732084 0.046525 -0.03189957 -0.04732084 0.05287498 -0.02212035 -0.04057073 0.046525 -0.02212035 -0.04057073 0.05287498 -0.02212035 -0.03865718 0.046525 -0.02212035 -0.03865718 0.05287498 -0.02257829 -0.03679931 0.046525 -0.02257829 -0.03679931 0.05287498 -0.02346754 -0.03510493 0.046525 -0.02346754 -0.03510493 0.05287498 -0.02473646 -0.03367269 0.046525 -0.02473646 -0.03367269 0.05287498 -0.02631121 -0.03258568 0.046525 -0.02631121 -0.03258568 0.05287498 -0.02810043 -0.03190714 0.046525 -0.02810043 -0.03190714 0.05287498 -0.02999997 -0.03167647 0.046525 -0.02999997 -0.03167647 0.05287498 -0.03189957 -0.03190714 0.046525 -0.03189957 -0.03190714 0.05287498 -0.03368872 -0.03258568 0.046525 -0.03368872 -0.03258568 0.05287498 -0.03526347 -0.03367269 0.046525 -0.03526347 -0.03367269 -0.05633556 0.02777075 -0.03056955 -0.05633556 0.02999997 -0.03029888 -0.05657035 0.02999997 -0.03096997 -0.05657035 0.02793133 -0.03122115 -0.05657035 0.02598291 -0.03196007 -0.05664998 0.02810043 -0.03190714 -0.05664998 0.02631121 -0.03258568 -0.05418145 0.03512722 -0.02984482 -0.05347496 0.03516423 -0.02977436 -0.05347496 0.03736895 -0.03129613 -0.05418145 0.03731614 -0.03135573 -0.05485254 0.03716039 -0.03153151 -0.05485254 0.03501808 -0.03005278 -0.05485254 0.03258413 -0.02912968 -0.05545455 0.03484231 -0.03038769 -0.05545455 0.03249359 -0.02949696 -0.05545455 0.02999997 -0.02919417 -0.05595725 0.0323733 -0.02998507 -0.05595725 0.02999997 -0.02969688 -0.05595725 0.02762669 -0.02998507 -0.05633556 0.02567106 -0.03136587 -0.05657035 0.02426797 -0.03314381 -0.05664998 0.02473646 -0.03367269 -0.05418145 0.03264033 -0.02890169 -0.05347496 0.03265935 -0.02882438 -0.05485254 0.02999997 -0.02881592 -0.05545455 0.02750635 -0.02949696 -0.05595725 0.02539128 -0.03083282 -0.05633556 0.02382296 -0.03264153 -0.05657035 0.02288609 -0.03470361 -0.05664998 0.02346754 -0.03510493 -0.05418145 0.02999997 -0.02858108 -0.05347496 0.02999997 -0.02850145 -0.05485254 0.02741581 -0.02912968 -0.05545455 0.02515763 -0.03038769 -0.05595725 0.02342373 -0.03219091 -0.05633556 0.0223338 -0.03432238 -0.05657035 0.0219177 -0.03654879 -0.05664998 0.02257829 -0.03679931 -0.05418145 0.02735966 -0.02890169 -0.05347496 0.02734059 -0.02882438 -0.05485254 0.02498185 -0.03005278 -0.05545455 0.02309036 -0.03181463 -0.05595725 0.02183836 -0.03398042 -0.05633556 0.02129024 -0.03631079 -0.05657035 0.02141898 -0.03857207 -0.05664998 0.02212035 -0.03865718 -0.05418145 0.02487272 -0.02984482 -0.05347496 0.02483576 -0.02977436 -0.05485254 0.02283954 -0.03153151 -0.05545455 0.02142465 -0.03369486 -0.05595725 0.02072733 -0.03609734 -0.05633556 0.02075278 -0.03849118 -0.05657035 0.02141898 -0.04065591 -0.05664998 0.02212035 -0.04057073 -0.05418145 0.02268379 -0.03135573 -0.05347496 0.02263104 -0.03129613 -0.05485254 0.02111333 -0.03347998 -0.05545455 0.02025729 -0.03591907 -0.05595725 0.02015519 -0.03841859 -0.05633556 0.02075278 -0.04073679 -0.05657035 0.0219177 -0.04267919 -0.05664998 0.02257829 -0.04242867 -0.05418145 0.02092009 -0.03334659 -0.05347496 0.02085459 -0.03330135 -0.05485254 0.0199036 -0.0357849 -0.05545455 0.01965612 -0.03835803 -0.05595725 0.02015519 -0.04080933 -0.05633556 0.02129024 -0.04291713 -0.05657035 0.02288609 -0.04452431 -0.05664998 0.02346754 -0.04412299 -0.05418145 0.01968401 -0.03570163 -0.05347496 0.01960963 -0.03567343 -0.05485254 0.01928061 -0.03831243 -0.05545455 0.01965612 -0.04086995 -0.05595725 0.02072733 -0.04313063 -0.05633556 0.0223338 -0.04490554 -0.05657035 0.02426797 -0.0460841 -0.05664998 0.02473646 -0.04555529 -0.05657035 0.03206861 -0.04800677 -0.05657035 0.02999997 -0.04825794 -0.05664998 0.02999997 -0.04755145 -0.05664998 0.03189957 -0.04732084 -0.05418145 0.01904749 -0.03828412 -0.05347496 0.01896852 -0.03827452 -0.05633556 0.03222924 -0.04865837 -0.05485254 0.01928061 -0.04091554 -0.05633556 0.02999997 -0.04892903 -0.05657035 0.03401702 -0.04726785 -0.05545455 0.02025729 -0.04330891 -0.05664998 0.03368872 -0.0466423 -0.05595725 0.0323733 -0.04924291 -0.05595725 0.02999997 -0.04953104 -0.05595725 0.02183836 -0.04524749 -0.05633556 0.03432887 -0.04786205 -0.05633556 0.02382296 -0.04658639 -0.05657035 0.03573203 -0.0460841 -0.05664998 0.03526347 -0.04555529 -0.05657035 0.02598291 -0.04726785 -0.05664998 0.02631121 -0.0466423 -0.05418145 0.01904749 -0.04094386 -0.05347496 0.01896852 -0.04095345 -0.05545455 0.03249359 -0.04973101 -0.05545455 0.02999997 -0.0500338 -0.05595725 0.03460866 -0.04839509 -0.05485254 0.0199036 -0.04344302 -0.05545455 0.02142465 -0.04553312 -0.05633556 0.03617703 -0.04658639 -0.05595725 0.02342373 -0.047037 -0.05657035 0.03711384 -0.04452431 -0.05664998 0.0365324 -0.04412299 -0.05633556 0.02567106 -0.04786205 -0.05485254 0.03258413 -0.05009829 -0.05485254 0.02999997 -0.05041205 -0.05657035 0.02793133 -0.04800677 -0.05664998 0.02810043 -0.04732084 -0.05545455 0.03484231 -0.04884028 -0.05418145 0.01968401 -0.04352629 -0.05347496 0.01960963 -0.04355454 -0.05595725 0.03657621 -0.047037 -0.05485254 0.02111333 -0.04574799 -0.05633556 0.03766614 -0.04490554 -0.05545455 0.02309036 -0.04741334 -0.05657035 0.03808224 -0.04267919 -0.05664998 0.03742164 -0.04242867 -0.05595725 0.02539128 -0.04839509 -0.05418145 0.03264033 -0.05032628 -0.05347496 0.03265935 -0.05040359 -0.05347496 0.02999997 -0.05072647 -0.05418145 0.02999997 -0.0506469 -0.05633556 0.02777075 -0.04865837 -0.05485254 0.03501808 -0.0491752 -0.05418145 0.02092009 -0.04588139 -0.05347496 0.02085459 -0.04592657 -0.05545455 0.03690958 -0.04741334 -0.05485254 0.02283954 -0.04769647 -0.05545455 0.02515763 -0.04884028 -0.05595725 0.03816157 -0.04524749 -0.05595725 0.02762669 -0.04924291 -0.05633556 0.0387097 -0.04291713 -0.05418145 0.02268379 -0.04787218 -0.05347496 0.02263104 -0.04793179 -0.05657035 0.03858095 -0.04065591 -0.05664998 0.03787958 -0.04057073 -0.05418145 0.03512722 -0.0493831 -0.05347496 0.03516423 -0.04945361 -0.05485254 0.02498185 -0.0491752 -0.05545455 0.02750635 -0.04973101 -0.05485254 0.03716039 -0.04769647 -0.05418145 0.02487272 -0.0493831 -0.05347496 0.02483576 -0.04945361 -0.05545455 0.03857529 -0.04553312 -0.05485254 0.02741581 -0.05009829 -0.05595725 0.0392726 -0.04313063 -0.05418145 0.02735966 -0.05032628 -0.05347496 0.02734059 -0.05040359 -0.05633556 0.03924715 -0.04073679 -0.05657035 0.03858095 -0.03857207 -0.05664998 0.03787958 -0.03865718 -0.05418145 0.03731614 -0.04787218 -0.05347496 0.03736895 -0.04793179 -0.05485254 0.0388866 -0.04574799 -0.05545455 0.03974264 -0.04330891 -0.05595725 0.03984475 -0.04080933 -0.05633556 0.03924715 -0.03849118 -0.05657035 0.03808224 -0.03654879 -0.05664998 0.03742164 -0.03679931 -0.05418145 0.0390799 -0.04588139 -0.05347496 0.03914541 -0.04592657 -0.05485254 0.04009634 -0.04344302 -0.05545455 0.04034382 -0.04086995 -0.05595725 0.03984475 -0.03841859 -0.05633556 0.0387097 -0.03631079 -0.05657035 0.03711384 -0.03470361 -0.05664998 0.0365324 -0.03510493 -0.05418145 0.04031592 -0.04352629 -0.05347496 0.04039037 -0.04355454 -0.05485254 0.04071933 -0.04091554 -0.05545455 0.04034382 -0.03835803 -0.05595725 0.0392726 -0.03609734 -0.05633556 0.03766614 -0.03432238 -0.05657035 0.03573203 -0.03314381 -0.05664998 0.03526347 -0.03367269 -0.05418145 0.04095244 -0.04094386 -0.05347496 0.04103147 -0.04095345 -0.05485254 0.04071933 -0.03831243 -0.05545455 0.03974264 -0.03591907 -0.05595725 0.03816157 -0.03398042 -0.05633556 0.03617703 -0.03264153 -0.05657035 0.03401702 -0.03196007 -0.05664998 0.03368872 -0.03258568 -0.05418145 0.04095244 -0.03828412 -0.05347496 0.04103147 -0.03827452 -0.05485254 0.04009634 -0.0357849 -0.05545455 0.03857529 -0.03369486 -0.05595725 0.03657621 -0.03219091 -0.05633556 0.03432887 -0.03136587 -0.05657035 0.03206861 -0.03122115 -0.05664998 0.03189957 -0.03190714 -0.05418145 0.04031592 -0.03570163 -0.05347496 0.04039037 -0.03567343 -0.05485254 0.0388866 -0.03347998 -0.05545455 0.03690958 -0.03181463 -0.05595725 0.03460866 -0.03083282 -0.05633556 0.03222924 -0.03056955 -0.05664998 0.02999997 -0.03167647 -0.05418145 0.0390799 -0.03334659 -0.05347496 0.03914541 -0.03330135 -0.05664998 0.02608048 -0.03690856 -0.04394996 0.02554696 -0.03792518 -0.05664998 0.02554696 -0.03792518 -0.04394996 0.02527219 -0.0390399 -0.05664998 0.02527219 -0.0390399 -0.05664998 0.02999997 -0.04437649 -0.04394996 0.02999997 -0.04437649 -0.05664998 0.03113973 -0.04423809 -0.04394996 0.02527219 -0.04018801 -0.05664998 0.02527219 -0.04018801 -0.04394996 0.03113973 -0.04423809 -0.05664998 0.03221321 -0.04383099 -0.04394996 0.02554696 -0.0413028 -0.05664998 0.02554696 -0.0413028 -0.04394996 0.03221321 -0.04383099 -0.04394996 0.02608048 -0.04231935 -0.05664998 0.02608048 -0.04231935 -0.04394996 0.03315812 -0.04317873 -0.05664998 0.03315812 -0.04317873 -0.04394996 0.02684187 -0.04317873 -0.05664998 0.02684187 -0.04317873 -0.04394996 0.03391945 -0.04231935 -0.05664998 0.03391945 -0.04231935 -0.05664998 0.03445297 -0.0413028 -0.04394996 0.02778673 -0.04383099 -0.05664998 0.02778673 -0.04383099 -0.04394996 0.03445297 -0.0413028 -0.04394996 0.02886021 -0.04423809 -0.05664998 0.02886021 -0.04423809 -0.04394996 0.03472775 -0.04018801 -0.05664998 0.03472775 -0.04018801 -0.05664998 0.03472775 -0.0390399 -0.04394996 0.03472775 -0.0390399 -0.05664998 0.03445297 -0.03792518 -0.04394996 0.03445297 -0.03792518 -0.05664998 0.03391945 -0.03690856 -0.04394996 0.03391945 -0.03690856 -0.05664998 0.03315812 -0.03604918 -0.04394996 0.03315812 -0.03604918 -0.04394996 0.03221321 -0.03539699 -0.05664998 0.03221321 -0.03539699 -0.04394996 0.03113973 -0.03498989 -0.05664998 0.03113973 -0.03498989 -0.04394996 0.02999997 -0.03485149 -0.05664998 0.02999997 -0.03485149 -0.04394996 0.02886021 -0.03498989 -0.05664998 0.02886021 -0.03498989 -0.04394996 0.02778673 -0.03539699 -0.05664998 0.02778673 -0.03539699 -0.04394996 0.02684187 -0.03604918 -0.05664998 0.02684187 -0.03604918 -0.04394996 0.02608048 -0.03690856 -0.04574739 0.02741581 -0.02912968 -0.04574739 0.02999997 -0.02881592 -0.04641848 0.02999997 -0.02858108 -0.04641848 0.02735966 -0.02890169 -0.04641848 0.02487272 -0.02984482 -0.04712498 0.02734059 -0.02882438 -0.04712498 0.02483576 -0.02977436 -0.04402959 0.03401702 -0.03196007 -0.04394996 0.03368872 -0.03258568 -0.04394996 0.03526347 -0.03367269 -0.04402959 0.03573203 -0.03314381 -0.04426437 0.03617703 -0.03264153 -0.04426437 0.03432887 -0.03136587 -0.04426437 0.03222924 -0.03056955 -0.04464262 0.03460866 -0.03083282 -0.04464262 0.0323733 -0.02998507 -0.04464262 0.02999997 -0.02969688 -0.04514539 0.03249359 -0.02949696 -0.04514539 0.02999997 -0.02919417 -0.04514539 0.02750635 -0.02949696 -0.04574739 0.02498185 -0.03005278 -0.04641848 0.02268379 -0.03135573 -0.04712498 0.02263104 -0.03129613 -0.04402959 0.03206861 -0.03122115 -0.04394996 0.03189957 -0.03190714 -0.04426437 0.02999997 -0.03029888 -0.04464262 0.02762669 -0.02998507 -0.04514539 0.02515763 -0.03038769 -0.04574739 0.02283954 -0.03153151 -0.04641848 0.02092009 -0.03334659 -0.04712498 0.02085459 -0.03330135 -0.04402959 0.02999997 -0.03096997 -0.04394996 0.02999997 -0.03167647 -0.04426437 0.02777075 -0.03056955 -0.04464262 0.02539128 -0.03083282 -0.04514539 0.02309036 -0.03181463 -0.04574739 0.02111333 -0.03347998 -0.04641848 0.01968401 -0.03570163 -0.04712498 0.01960963 -0.03567343 -0.04402959 0.02793133 -0.03122115 -0.04394996 0.02810043 -0.03190714 -0.04426437 0.02567106 -0.03136587 -0.04464262 0.02342373 -0.03219091 -0.04514539 0.02142465 -0.03369486 -0.04574739 0.0199036 -0.0357849 -0.04641848 0.01904749 -0.03828412 -0.04712498 0.01896852 -0.03827452 -0.04402959 0.02598291 -0.03196007 -0.04394996 0.02631121 -0.03258568 -0.04426437 0.02382296 -0.03264153 -0.04464262 0.02183836 -0.03398042 -0.04514539 0.02025729 -0.03591907 -0.04574739 0.01928061 -0.03831243 -0.04641848 0.01904749 -0.04094386 -0.04712498 0.01896852 -0.04095345 -0.04402959 0.02426797 -0.03314381 -0.04394996 0.02473646 -0.03367269 -0.04426437 0.0223338 -0.03432238 -0.04464262 0.02072733 -0.03609734 -0.04514539 0.01965612 -0.03835803 -0.04574739 0.01928061 -0.04091554 -0.04641848 0.01968401 -0.04352629 -0.04712498 0.01960963 -0.04355454 -0.04402959 0.02288609 -0.03470361 -0.04394996 0.02346754 -0.03510493 -0.04426437 0.02129024 -0.03631079 -0.04464262 0.02015519 -0.03841859 -0.04514539 0.01965612 -0.04086995 -0.04574739 0.0199036 -0.04344302 -0.04641848 0.02092009 -0.04588139 -0.04712498 0.02085459 -0.04592657 -0.04402959 0.0219177 -0.03654879 -0.04394996 0.02257829 -0.03679931 -0.04426437 0.02075278 -0.03849118 -0.04464262 0.02015519 -0.04080933 -0.04514539 0.02025729 -0.04330891 -0.04574739 0.02111333 -0.04574799 -0.04641848 0.02268379 -0.04787218 -0.04712498 0.02263104 -0.04793179 -0.04641848 0.03264033 -0.05032628 -0.04641848 0.02999997 -0.0506469 -0.04712498 0.02999997 -0.05072647 -0.04712498 0.03265935 -0.05040359 -0.04402959 0.02141898 -0.03857207 -0.04394996 0.02212035 -0.03865718 -0.04574739 0.03258413 -0.05009829 -0.04426437 0.02075278 -0.04073679 -0.04574739 0.02999997 -0.05041205 -0.04641848 0.03512722 -0.0493831 -0.04464262 0.02072733 -0.04313063 -0.04712498 0.03516423 -0.04945361 -0.04514539 0.03249359 -0.04973101 -0.04514539 0.02999997 -0.0500338 -0.04514539 0.02142465 -0.04553312 -0.04574739 0.03501808 -0.0491752 -0.04574739 0.02283954 -0.04769647 -0.04641848 0.03731614 -0.04787218 -0.04712498 0.03736895 -0.04793179 -0.04641848 0.02487272 -0.0493831 -0.04712498 0.02483576 -0.04945361 -0.04402959 0.02141898 -0.04065591 -0.04394996 0.02212035 -0.04057073 -0.04464262 0.0323733 -0.04924291 -0.04464262 0.02999997 -0.04953104 -0.04514539 0.03484231 -0.04884028 -0.04426437 0.02129024 -0.04291713 -0.04464262 0.02183836 -0.04524749 -0.04574739 0.03716039 -0.04769647 -0.04514539 0.02309036 -0.04741334 -0.04641848 0.0390799 -0.04588139 -0.04712498 0.03914541 -0.04592657 -0.04574739 0.02498185 -0.0491752 -0.04426437 0.03222924 -0.04865837 -0.04426437 0.02999997 -0.04892903 -0.04641848 0.02735966 -0.05032628 -0.04712498 0.02734059 -0.05040359 -0.04464262 0.03460866 -0.04839509 -0.04402959 0.0219177 -0.04267919 -0.04394996 0.02257829 -0.04242867 -0.04514539 0.03690958 -0.04741334 -0.04426437 0.0223338 -0.04490554 -0.04574739 0.0388866 -0.04574799 -0.04464262 0.02342373 -0.047037 -0.04641848 0.04031592 -0.04352629 -0.04712498 0.04039037 -0.04355454 -0.04514539 0.02515763 -0.04884028 -0.04402959 0.03206861 -0.04800677 -0.04394996 0.03189957 -0.04732084 -0.04394996 0.02999997 -0.04755145 -0.04402959 0.02999997 -0.04825794 -0.04574739 0.02741581 -0.05009829 -0.04426437 0.03432887 -0.04786205 -0.04402959 0.02288609 -0.04452431 -0.04394996 0.02346754 -0.04412299 -0.04464262 0.03657621 -0.047037 -0.04426437 0.02382296 -0.04658639 -0.04464262 0.02539128 -0.04839509 -0.04514539 0.03857529 -0.04553312 -0.04514539 0.02750635 -0.04973101 -0.04574739 0.04009634 -0.04344302 -0.04402959 0.02426797 -0.0460841 -0.04394996 0.02473646 -0.04555529 -0.04641848 0.04095244 -0.04094386 -0.04712498 0.04103147 -0.04095345 -0.04402959 0.03401702 -0.04726785 -0.04394996 0.03368872 -0.0466423 -0.04426437 0.02567106 -0.04786205 -0.04464262 0.02762669 -0.04924291 -0.04426437 0.03617703 -0.04658639 -0.04402959 0.02598291 -0.04726785 -0.04394996 0.02631121 -0.0466423 -0.04464262 0.03816157 -0.04524749 -0.04426437 0.02777075 -0.04865837 -0.04514539 0.03974264 -0.04330891 -0.04402959 0.02793133 -0.04800677 -0.04394996 0.02810043 -0.04732084 -0.04574739 0.04071933 -0.04091554 -0.04641848 0.04095244 -0.03828412 -0.04712498 0.04103147 -0.03827452 -0.04402959 0.03573203 -0.0460841 -0.04394996 0.03526347 -0.04555529 -0.04426437 0.03766614 -0.04490554 -0.04464262 0.0392726 -0.04313063 -0.04514539 0.04034382 -0.04086995 -0.04574739 0.04071933 -0.03831243 -0.04641848 0.04031592 -0.03570163 -0.04712498 0.04039037 -0.03567343 -0.04402959 0.03711384 -0.04452431 -0.04394996 0.0365324 -0.04412299 -0.04426437 0.0387097 -0.04291713 -0.04464262 0.03984475 -0.04080933 -0.04514539 0.04034382 -0.03835803 -0.04574739 0.04009634 -0.0357849 -0.04641848 0.0390799 -0.03334659 -0.04712498 0.03914541 -0.03330135 -0.04402959 0.03808224 -0.04267919 -0.04394996 0.03742164 -0.04242867 -0.04426437 0.03924715 -0.04073679 -0.04464262 0.03984475 -0.03841859 -0.04514539 0.03974264 -0.03591907 -0.04574739 0.0388866 -0.03347998 -0.04641848 0.03731614 -0.03135573 -0.04712498 0.03736895 -0.03129613 -0.04402959 0.03858095 -0.04065591 -0.04394996 0.03787958 -0.04057073 -0.04426437 0.03924715 -0.03849118 -0.04464262 0.0392726 -0.03609734 -0.04514539 0.03857529 -0.03369486 -0.04574739 0.03716039 -0.03153151 -0.04641848 0.03512722 -0.02984482 -0.04712498 0.03516423 -0.02977436 -0.04402959 0.03858095 -0.03857207 -0.04394996 0.03787958 -0.03865718 -0.04426437 0.0387097 -0.03631079 -0.04464262 0.03816157 -0.03398042 -0.04514539 0.03690958 -0.03181463 -0.04574739 0.03501808 -0.03005278 -0.04641848 0.03264033 -0.02890169 -0.04712498 0.03265935 -0.02882438 -0.04402959 0.03808224 -0.03654879 -0.04394996 0.03742164 -0.03679931 -0.04426437 0.03766614 -0.03432238 -0.04464262 0.03657621 -0.03219091 -0.04514539 0.03484231 -0.03038769 -0.04574739 0.03258413 -0.02912968 -0.04712498 0.02999997 -0.02850145 -0.04402959 0.03711384 -0.03470361 -0.04394996 0.0365324 -0.03510493 -0.04712498 0.02257829 -0.03679931 -0.04712498 0.02346754 -0.03510493 -0.05347496 0.02346754 -0.03510493 -0.05347496 0.02257829 -0.03679931 -0.04712498 0.02212035 -0.03865718 -0.05347496 0.02212035 -0.03865718 -0.04712498 0.03189957 -0.04732084 -0.04712498 0.02999997 -0.04755145 -0.05347496 0.02999997 -0.04755145 -0.05347496 0.03189957 -0.04732084 -0.04712498 0.02212035 -0.04057073 -0.05347496 0.02212035 -0.04057073 -0.04712498 0.03368872 -0.0466423 -0.05347496 0.03368872 -0.0466423 -0.04712498 0.02257829 -0.04242867 -0.05347496 0.02257829 -0.04242867 -0.04712498 0.03526347 -0.04555529 -0.05347496 0.03526347 -0.04555529 -0.04712498 0.02346754 -0.04412299 -0.05347496 0.02346754 -0.04412299 -0.04712498 0.0365324 -0.04412299 -0.05347496 0.0365324 -0.04412299 -0.04712498 0.02473646 -0.04555529 -0.05347496 0.02473646 -0.04555529 -0.04712498 0.03742164 -0.04242867 -0.05347496 0.03742164 -0.04242867 -0.04712498 0.02631121 -0.0466423 -0.05347496 0.02631121 -0.0466423 -0.04712498 0.02810043 -0.04732084 -0.05347496 0.02810043 -0.04732084 -0.04712498 0.03787958 -0.04057073 -0.05347496 0.03787958 -0.04057073 -0.04712498 0.03787958 -0.03865718 -0.05347496 0.03787958 -0.03865718 -0.04712498 0.03742164 -0.03679931 -0.05347496 0.03742164 -0.03679931 -0.04712498 0.0365324 -0.03510493 -0.05347496 0.0365324 -0.03510493 -0.04712498 0.03526347 -0.03367269 -0.05347496 0.03526347 -0.03367269 -0.04712498 0.03368872 -0.03258568 -0.05347496 0.03368872 -0.03258568 -0.04712498 0.03189957 -0.03190714 -0.05347496 0.03189957 -0.03190714 -0.04712498 0.02999997 -0.03167647 -0.05347496 0.02999997 -0.03167647 -0.04712498 0.02810043 -0.03190714 -0.05347496 0.02810043 -0.03190714 -0.04712498 0.02631121 -0.03258568 -0.05347496 0.02631121 -0.03258568 -0.04712498 0.02473646 -0.03367269 -0.05347496 0.02473646 -0.03367269 -0.05633556 -0.03222924 -0.03056955 -0.05633556 -0.02999997 -0.03029888 -0.05657035 -0.02999997 -0.03096997 -0.05657035 -0.03206861 -0.03122115 -0.05657035 -0.03401702 -0.03196007 -0.05664998 -0.03189957 -0.03190714 -0.05664998 -0.03368872 -0.03258568 -0.05418145 -0.02487272 -0.02984482 -0.05347496 -0.02483576 -0.02977436 -0.05347496 -0.02263104 -0.03129613 -0.05418145 -0.02268379 -0.03135573 -0.05485254 -0.02283954 -0.03153151 -0.05485254 -0.02498185 -0.03005278 -0.05485254 -0.02741581 -0.02912968 -0.05545455 -0.02515763 -0.03038769 -0.05545455 -0.02750635 -0.02949696 -0.05545455 -0.02999997 -0.02919417 -0.05595725 -0.02762669 -0.02998507 -0.05595725 -0.02999997 -0.02969688 -0.05595725 -0.0323733 -0.02998507 -0.05633556 -0.03432887 -0.03136587 -0.05657035 -0.03573203 -0.03314381 -0.05664998 -0.03526347 -0.03367269 -0.05418145 -0.02735966 -0.02890169 -0.05347496 -0.02734059 -0.02882438 -0.05485254 -0.02999997 -0.02881592 -0.05545455 -0.03249359 -0.02949696 -0.05595725 -0.03460866 -0.03083282 -0.05633556 -0.03617703 -0.03264153 -0.05657035 -0.03711384 -0.03470361 -0.05664998 -0.0365324 -0.03510493 -0.05418145 -0.02999997 -0.02858108 -0.05347496 -0.02999997 -0.02850145 -0.05485254 -0.03258413 -0.02912968 -0.05545455 -0.03484231 -0.03038769 -0.05595725 -0.03657621 -0.03219091 -0.05633556 -0.03766614 -0.03432238 -0.05657035 -0.03808224 -0.03654879 -0.05664998 -0.03742164 -0.03679931 -0.05418145 -0.03264033 -0.02890169 -0.05347496 -0.03265935 -0.02882438 -0.05485254 -0.03501808 -0.03005278 -0.05545455 -0.03690958 -0.03181463 -0.05595725 -0.03816157 -0.03398042 -0.05633556 -0.0387097 -0.03631079 -0.05657035 -0.03858095 -0.03857207 -0.05664998 -0.03787958 -0.03865718 -0.05418145 -0.03512722 -0.02984482 -0.05347496 -0.03516423 -0.02977436 -0.05485254 -0.03716039 -0.03153151 -0.05545455 -0.03857529 -0.03369486 -0.05595725 -0.0392726 -0.03609734 -0.05633556 -0.03924715 -0.03849118 -0.05657035 -0.03858095 -0.04065591 -0.05664998 -0.03787958 -0.04057073 -0.05418145 -0.03731614 -0.03135573 -0.05347496 -0.03736895 -0.03129613 -0.05485254 -0.0388866 -0.03347998 -0.05545455 -0.03974264 -0.03591907 -0.05595725 -0.03984475 -0.03841859 -0.05633556 -0.03924715 -0.04073679 -0.05657035 -0.03808224 -0.04267919 -0.05664998 -0.03742164 -0.04242867 -0.05418145 -0.0390799 -0.03334659 -0.05347496 -0.03914541 -0.03330135 -0.05485254 -0.04009634 -0.0357849 -0.05545455 -0.04034382 -0.03835803 -0.05595725 -0.03984475 -0.04080933 -0.05633556 -0.0387097 -0.04291713 -0.05657035 -0.03711384 -0.04452431 -0.05664998 -0.0365324 -0.04412299 -0.05418145 -0.04031592 -0.03570163 -0.05347496 -0.04039037 -0.03567343 -0.05485254 -0.04071933 -0.03831243 -0.05545455 -0.04034382 -0.04086995 -0.05595725 -0.0392726 -0.04313063 -0.05633556 -0.03766614 -0.04490554 -0.05657035 -0.03573203 -0.0460841 -0.05664998 -0.03526347 -0.04555529 -0.05657035 -0.02793133 -0.04800677 -0.05657035 -0.02999997 -0.04825794 -0.05664998 -0.02999997 -0.04755145 -0.05664998 -0.02810043 -0.04732084 -0.05418145 -0.04095244 -0.03828412 -0.05347496 -0.04103147 -0.03827452 -0.05633556 -0.02777075 -0.04865837 -0.05485254 -0.04071933 -0.04091554 -0.05633556 -0.02999997 -0.04892903 -0.05657035 -0.02598291 -0.04726785 -0.05545455 -0.03974264 -0.04330891 -0.05664998 -0.02631121 -0.0466423 -0.05595725 -0.02762669 -0.04924291 -0.05595725 -0.02999997 -0.04953104 -0.05595725 -0.03816157 -0.04524749 -0.05633556 -0.02567106 -0.04786205 -0.05633556 -0.03617703 -0.04658639 -0.05657035 -0.02426797 -0.0460841 -0.05664998 -0.02473646 -0.04555529 -0.05657035 -0.03401702 -0.04726785 -0.05664998 -0.03368872 -0.0466423 -0.05418145 -0.04095244 -0.04094386 -0.05347496 -0.04103147 -0.04095345 -0.05545455 -0.02750635 -0.04973101 -0.05545455 -0.02999997 -0.0500338 -0.05595725 -0.02539128 -0.04839509 -0.05485254 -0.04009634 -0.04344302 -0.05545455 -0.03857529 -0.04553312 -0.05633556 -0.02382296 -0.04658639 -0.05595725 -0.03657621 -0.047037 -0.05657035 -0.02288609 -0.04452431 -0.05664998 -0.02346754 -0.04412299 -0.05633556 -0.03432887 -0.04786205 -0.05485254 -0.02741581 -0.05009829 -0.05485254 -0.02999997 -0.05041205 -0.05657035 -0.03206861 -0.04800677 -0.05664998 -0.03189957 -0.04732084 -0.05545455 -0.02515763 -0.04884028 -0.05418145 -0.04031592 -0.04352629 -0.05347496 -0.04039037 -0.04355454 -0.05595725 -0.02342373 -0.047037 -0.05485254 -0.0388866 -0.04574799 -0.05633556 -0.0223338 -0.04490554 -0.05545455 -0.03690958 -0.04741334 -0.05657035 -0.0219177 -0.04267919 -0.05664998 -0.02257829 -0.04242867 -0.05595725 -0.03460866 -0.04839509 -0.05418145 -0.02735966 -0.05032628 -0.05347496 -0.02734059 -0.05040359 -0.05347496 -0.02999997 -0.05072647 -0.05418145 -0.02999997 -0.0506469 -0.05633556 -0.03222924 -0.04865837 -0.05485254 -0.02498185 -0.0491752 -0.05418145 -0.0390799 -0.04588139 -0.05347496 -0.03914541 -0.04592657 -0.05545455 -0.02309036 -0.04741334 -0.05485254 -0.03716039 -0.04769647 -0.05545455 -0.03484231 -0.04884028 -0.05595725 -0.02183836 -0.04524749 -0.05595725 -0.0323733 -0.04924291 -0.05633556 -0.02129024 -0.04291713 -0.05418145 -0.03731614 -0.04787218 -0.05347496 -0.03736895 -0.04793179 -0.05657035 -0.02141898 -0.04065591 -0.05664998 -0.02212035 -0.04057073 -0.05418145 -0.02487272 -0.0493831 -0.05347496 -0.02483576 -0.04945361 -0.05485254 -0.03501808 -0.0491752 -0.05545455 -0.03249359 -0.04973101 -0.05485254 -0.02283954 -0.04769647 -0.05418145 -0.03512722 -0.0493831 -0.05347496 -0.03516423 -0.04945361 -0.05545455 -0.02142465 -0.04553312 -0.05485254 -0.03258413 -0.05009829 -0.05595725 -0.02072733 -0.04313063 -0.05418145 -0.03264033 -0.05032628 -0.05347496 -0.03265935 -0.05040359 -0.05633556 -0.02075278 -0.04073679 -0.05657035 -0.02141898 -0.03857207 -0.05664998 -0.02212035 -0.03865718 -0.05418145 -0.02268379 -0.04787218 -0.05347496 -0.02263104 -0.04793179 -0.05485254 -0.02111333 -0.04574799 -0.05545455 -0.02025729 -0.04330891 -0.05595725 -0.02015519 -0.04080933 -0.05633556 -0.02075278 -0.03849118 -0.05657035 -0.0219177 -0.03654879 -0.05664998 -0.02257829 -0.03679931 -0.05418145 -0.02092009 -0.04588139 -0.05347496 -0.02085459 -0.04592657 -0.05485254 -0.0199036 -0.04344302 -0.05545455 -0.01965612 -0.04086995 -0.05595725 -0.02015519 -0.03841859 -0.05633556 -0.02129024 -0.03631079 -0.05657035 -0.02288609 -0.03470361 -0.05664998 -0.02346754 -0.03510493 -0.05418145 -0.01968401 -0.04352629 -0.05347496 -0.01960963 -0.04355454 -0.05485254 -0.01928061 -0.04091554 -0.05545455 -0.01965612 -0.03835803 -0.05595725 -0.02072733 -0.03609734 -0.05633556 -0.0223338 -0.03432238 -0.05657035 -0.02426797 -0.03314381 -0.05664998 -0.02473646 -0.03367269 -0.05418145 -0.01904749 -0.04094386 -0.05347496 -0.01896852 -0.04095345 -0.05485254 -0.01928061 -0.03831243 -0.05545455 -0.02025729 -0.03591907 -0.05595725 -0.02183836 -0.03398042 -0.05633556 -0.02382296 -0.03264153 -0.05657035 -0.02598291 -0.03196007 -0.05664998 -0.02631121 -0.03258568 -0.05418145 -0.01904749 -0.03828412 -0.05347496 -0.01896852 -0.03827452 -0.05485254 -0.0199036 -0.0357849 -0.05545455 -0.02142465 -0.03369486 -0.05595725 -0.02342373 -0.03219091 -0.05633556 -0.02567106 -0.03136587 -0.05657035 -0.02793133 -0.03122115 -0.05664998 -0.02810043 -0.03190714 -0.05418145 -0.01968401 -0.03570163 -0.05347496 -0.01960963 -0.03567343 -0.05485254 -0.02111333 -0.03347998 -0.05545455 -0.02309036 -0.03181463 -0.05595725 -0.02539128 -0.03083282 -0.05633556 -0.02777075 -0.03056955 -0.05664998 -0.02999997 -0.03167647 -0.05418145 -0.02092009 -0.03334659 -0.05347496 -0.02085459 -0.03330135 -0.04394996 -0.03445297 -0.03792518 -0.04394996 -0.03472775 -0.0390399 -0.05664998 -0.03445297 -0.03792518 -0.05664998 -0.03472775 -0.0390399 -0.05664998 -0.02999997 -0.04437649 -0.04394996 -0.02999997 -0.04437649 -0.05664998 -0.02886021 -0.04423809 -0.04394996 -0.03472775 -0.04018801 -0.05664998 -0.03472775 -0.04018801 -0.04394996 -0.02886021 -0.04423809 -0.05664998 -0.02778673 -0.04383099 -0.04394996 -0.03445297 -0.0413028 -0.05664998 -0.03445297 -0.0413028 -0.04394996 -0.02778673 -0.04383099 -0.05664998 -0.02684187 -0.04317873 -0.04394996 -0.03391945 -0.04231935 -0.05664998 -0.03391945 -0.04231935 -0.04394996 -0.02684187 -0.04317873 -0.05664998 -0.02608048 -0.04231935 -0.04394996 -0.03315812 -0.04317873 -0.05664998 -0.03315812 -0.04317873 -0.04394996 -0.02608048 -0.04231935 -0.05664998 -0.02554696 -0.0413028 -0.04394996 -0.03221321 -0.04383099 -0.05664998 -0.03221321 -0.04383099 -0.04394996 -0.02554696 -0.0413028 -0.05664998 -0.02527219 -0.04018801 -0.04394996 -0.03113973 -0.04423809 -0.05664998 -0.03113973 -0.04423809 -0.04394996 -0.02527219 -0.04018801 -0.04394996 -0.02527219 -0.0390399 -0.05664998 -0.02527219 -0.0390399 -0.05664998 -0.02554696 -0.03792518 -0.04394996 -0.02554696 -0.03792518 -0.05664998 -0.02608048 -0.03690856 -0.04394996 -0.02608048 -0.03690856 -0.05664998 -0.02684187 -0.03604918 -0.04394996 -0.02684187 -0.03604918 -0.04394996 -0.02778673 -0.03539699 -0.05664998 -0.02778673 -0.03539699 -0.04394996 -0.02886021 -0.03498989 -0.05664998 -0.02886021 -0.03498989 -0.04394996 -0.02999997 -0.03485149 -0.05664998 -0.02999997 -0.03485149 -0.04394996 -0.03113973 -0.03498989 -0.05664998 -0.03113973 -0.03498989 -0.04394996 -0.03221321 -0.03539699 -0.05664998 -0.03221321 -0.03539699 -0.04394996 -0.03315812 -0.03604918 -0.05664998 -0.03315812 -0.03604918 -0.04394996 -0.03391945 -0.03690856 -0.05664998 -0.03391945 -0.03690856 -0.04574739 -0.03258413 -0.02912968 -0.04574739 -0.02999997 -0.02881592 -0.04641848 -0.02999997 -0.02858108 -0.04641848 -0.03264033 -0.02890169 -0.04641848 -0.03512722 -0.02984482 -0.04712498 -0.03265935 -0.02882438 -0.04712498 -0.03516423 -0.02977436 -0.04402959 -0.02598291 -0.03196007 -0.04394996 -0.02631121 -0.03258568 -0.04394996 -0.02473646 -0.03367269 -0.04402959 -0.02426797 -0.03314381 -0.04426437 -0.02382296 -0.03264153 -0.04426437 -0.02567106 -0.03136587 -0.04426437 -0.02777075 -0.03056955 -0.04464262 -0.02539128 -0.03083282 -0.04464262 -0.02762669 -0.02998507 -0.04464262 -0.02999997 -0.02969688 -0.04514539 -0.02750635 -0.02949696 -0.04514539 -0.02999997 -0.02919417 -0.04514539 -0.03249359 -0.02949696 -0.04574739 -0.03501808 -0.03005278 -0.04641848 -0.03731614 -0.03135573 -0.04712498 -0.03736895 -0.03129613 -0.04402959 -0.02793133 -0.03122115 -0.04394996 -0.02810043 -0.03190714 -0.04426437 -0.02999997 -0.03029888 -0.04464262 -0.0323733 -0.02998507 -0.04514539 -0.03484231 -0.03038769 -0.04574739 -0.03716039 -0.03153151 -0.04641848 -0.0390799 -0.03334659 -0.04712498 -0.03914541 -0.03330135 -0.04402959 -0.02999997 -0.03096997 -0.04394996 -0.02999997 -0.03167647 -0.04426437 -0.03222924 -0.03056955 -0.04464262 -0.03460866 -0.03083282 -0.04514539 -0.03690958 -0.03181463 -0.04574739 -0.0388866 -0.03347998 -0.04641848 -0.04031592 -0.03570163 -0.04712498 -0.04039037 -0.03567343 -0.04402959 -0.03206861 -0.03122115 -0.04394996 -0.03189957 -0.03190714 -0.04426437 -0.03432887 -0.03136587 -0.04464262 -0.03657621 -0.03219091 -0.04514539 -0.03857529 -0.03369486 -0.04574739 -0.04009634 -0.0357849 -0.04641848 -0.04095244 -0.03828412 -0.04712498 -0.04103147 -0.03827452 -0.04402959 -0.03401702 -0.03196007 -0.04394996 -0.03368872 -0.03258568 -0.04426437 -0.03617703 -0.03264153 -0.04464262 -0.03816157 -0.03398042 -0.04514539 -0.03974264 -0.03591907 -0.04574739 -0.04071933 -0.03831243 -0.04641848 -0.04095244 -0.04094386 -0.04712498 -0.04103147 -0.04095345 -0.04402959 -0.03573203 -0.03314381 -0.04394996 -0.03526347 -0.03367269 -0.04426437 -0.03766614 -0.03432238 -0.04464262 -0.0392726 -0.03609734 -0.04514539 -0.04034382 -0.03835803 -0.04574739 -0.04071933 -0.04091554 -0.04641848 -0.04031592 -0.04352629 -0.04712498 -0.04039037 -0.04355454 -0.04402959 -0.03711384 -0.03470361 -0.04394996 -0.0365324 -0.03510493 -0.04426437 -0.0387097 -0.03631079 -0.04464262 -0.03984475 -0.03841859 -0.04514539 -0.04034382 -0.04086995 -0.04574739 -0.04009634 -0.04344302 -0.04641848 -0.0390799 -0.04588139 -0.04712498 -0.03914541 -0.04592657 -0.04402959 -0.03808224 -0.03654879 -0.04394996 -0.03742164 -0.03679931 -0.04426437 -0.03924715 -0.03849118 -0.04464262 -0.03984475 -0.04080933 -0.04514539 -0.03974264 -0.04330891 -0.04574739 -0.0388866 -0.04574799 -0.04641848 -0.03731614 -0.04787218 -0.04712498 -0.03736895 -0.04793179 -0.04641848 -0.02735966 -0.05032628 -0.04641848 -0.02999997 -0.0506469 -0.04712498 -0.02999997 -0.05072647 -0.04712498 -0.02734059 -0.05040359 -0.04402959 -0.03858095 -0.03857207 -0.04394996 -0.03787958 -0.03865718 -0.04574739 -0.02741581 -0.05009829 -0.04426437 -0.03924715 -0.04073679 -0.04574739 -0.02999997 -0.05041205 -0.04641848 -0.02487272 -0.0493831 -0.04464262 -0.0392726 -0.04313063 -0.04712498 -0.02483576 -0.04945361 -0.04514539 -0.02750635 -0.04973101 -0.04514539 -0.02999997 -0.0500338 -0.04514539 -0.03857529 -0.04553312 -0.04574739 -0.02498185 -0.0491752 -0.04574739 -0.03716039 -0.04769647 -0.04641848 -0.02268379 -0.04787218 -0.04712498 -0.02263104 -0.04793179 -0.04641848 -0.03512722 -0.0493831 -0.04712498 -0.03516423 -0.04945361 -0.04402959 -0.03858095 -0.04065591 -0.04394996 -0.03787958 -0.04057073 -0.04464262 -0.02762669 -0.04924291 -0.04464262 -0.02999997 -0.04953104 -0.04514539 -0.02515763 -0.04884028 -0.04426437 -0.0387097 -0.04291713 -0.04464262 -0.03816157 -0.04524749 -0.04574739 -0.02283954 -0.04769647 -0.04514539 -0.03690958 -0.04741334 -0.04641848 -0.02092009 -0.04588139 -0.04712498 -0.02085459 -0.04592657 -0.04574739 -0.03501808 -0.0491752 -0.04426437 -0.02777075 -0.04865837 -0.04426437 -0.02999997 -0.04892903 -0.04641848 -0.03264033 -0.05032628 -0.04712498 -0.03265935 -0.05040359 -0.04464262 -0.02539128 -0.04839509 -0.04402959 -0.03808224 -0.04267919 -0.04394996 -0.03742164 -0.04242867 -0.04514539 -0.02309036 -0.04741334 -0.04426437 -0.03766614 -0.04490554 -0.04574739 -0.02111333 -0.04574799 -0.04464262 -0.03657621 -0.047037 -0.04641848 -0.01968401 -0.04352629 -0.04712498 -0.01960963 -0.04355454 -0.04514539 -0.03484231 -0.04884028 -0.04402959 -0.02793133 -0.04800677 -0.04394996 -0.02810043 -0.04732084 -0.04394996 -0.02999997 -0.04755145 -0.04402959 -0.02999997 -0.04825794 -0.04574739 -0.03258413 -0.05009829 -0.04426437 -0.02567106 -0.04786205 -0.04402959 -0.03711384 -0.04452431 -0.04394996 -0.0365324 -0.04412299 -0.04464262 -0.02342373 -0.047037 -0.04426437 -0.03617703 -0.04658639 -0.04464262 -0.03460866 -0.04839509 -0.04514539 -0.02142465 -0.04553312 -0.04514539 -0.03249359 -0.04973101 -0.04574739 -0.0199036 -0.04344302 -0.04402959 -0.03573203 -0.0460841 -0.04394996 -0.03526347 -0.04555529 -0.04641848 -0.01904749 -0.04094386 -0.04712498 -0.01896852 -0.04095345 -0.04402959 -0.02598291 -0.04726785 -0.04394996 -0.02631121 -0.0466423 -0.04426437 -0.03432887 -0.04786205 -0.04464262 -0.0323733 -0.04924291 -0.04426437 -0.02382296 -0.04658639 -0.04402959 -0.03401702 -0.04726785 -0.04394996 -0.03368872 -0.0466423 -0.04464262 -0.02183836 -0.04524749 -0.04426437 -0.03222924 -0.04865837 -0.04514539 -0.02025729 -0.04330891 -0.04402959 -0.03206861 -0.04800677 -0.04394996 -0.03189957 -0.04732084 -0.04574739 -0.01928061 -0.04091554 -0.04641848 -0.01904749 -0.03828412 -0.04712498 -0.01896852 -0.03827452 -0.04402959 -0.02426797 -0.0460841 -0.04394996 -0.02473646 -0.04555529 -0.04426437 -0.0223338 -0.04490554 -0.04464262 -0.02072733 -0.04313063 -0.04514539 -0.01965612 -0.04086995 -0.04574739 -0.01928061 -0.03831243 -0.04641848 -0.01968401 -0.03570163 -0.04712498 -0.01960963 -0.03567343 -0.04402959 -0.02288609 -0.04452431 -0.04394996 -0.02346754 -0.04412299 -0.04426437 -0.02129024 -0.04291713 -0.04464262 -0.02015519 -0.04080933 -0.04514539 -0.01965612 -0.03835803 -0.04574739 -0.0199036 -0.0357849 -0.04641848 -0.02092009 -0.03334659 -0.04712498 -0.02085459 -0.03330135 -0.04402959 -0.0219177 -0.04267919 -0.04394996 -0.02257829 -0.04242867 -0.04426437 -0.02075278 -0.04073679 -0.04464262 -0.02015519 -0.03841859 -0.04514539 -0.02025729 -0.03591907 -0.04574739 -0.02111333 -0.03347998 -0.04641848 -0.02268379 -0.03135573 -0.04712498 -0.02263104 -0.03129613 -0.04402959 -0.02141898 -0.04065591 -0.04394996 -0.02212035 -0.04057073 -0.04426437 -0.02075278 -0.03849118 -0.04464262 -0.02072733 -0.03609734 -0.04514539 -0.02142465 -0.03369486 -0.04574739 -0.02283954 -0.03153151 -0.04641848 -0.02487272 -0.02984482 -0.04712498 -0.02483576 -0.02977436 -0.04402959 -0.02141898 -0.03857207 -0.04394996 -0.02212035 -0.03865718 -0.04426437 -0.02129024 -0.03631079 -0.04464262 -0.02183836 -0.03398042 -0.04514539 -0.02309036 -0.03181463 -0.04574739 -0.02498185 -0.03005278 -0.04641848 -0.02735966 -0.02890169 -0.04712498 -0.02734059 -0.02882438 -0.04402959 -0.0219177 -0.03654879 -0.04394996 -0.02257829 -0.03679931 -0.04426437 -0.0223338 -0.03432238 -0.04464262 -0.02342373 -0.03219091 -0.04514539 -0.02515763 -0.03038769 -0.04574739 -0.02741581 -0.02912968 -0.04712498 -0.02999997 -0.02850145 -0.04402959 -0.02288609 -0.03470361 -0.04394996 -0.02346754 -0.03510493 -0.04712498 -0.03742164 -0.03679931 -0.04712498 -0.0365324 -0.03510493 -0.05347496 -0.0365324 -0.03510493 -0.05347496 -0.03742164 -0.03679931 -0.04712498 -0.03787958 -0.03865718 -0.05347496 -0.03787958 -0.03865718 -0.04712498 -0.02810043 -0.04732084 -0.04712498 -0.02999997 -0.04755145 -0.05347496 -0.02999997 -0.04755145 -0.05347496 -0.02810043 -0.04732084 -0.04712498 -0.03787958 -0.04057073 -0.05347496 -0.03787958 -0.04057073 -0.04712498 -0.02631121 -0.0466423 -0.05347496 -0.02631121 -0.0466423 -0.04712498 -0.03742164 -0.04242867 -0.05347496 -0.03742164 -0.04242867 -0.04712498 -0.02473646 -0.04555529 -0.05347496 -0.02473646 -0.04555529 -0.04712498 -0.0365324 -0.04412299 -0.05347496 -0.0365324 -0.04412299 -0.04712498 -0.02346754 -0.04412299 -0.05347496 -0.02346754 -0.04412299 -0.04712498 -0.03526347 -0.04555529 -0.05347496 -0.03526347 -0.04555529 -0.04712498 -0.02257829 -0.04242867 -0.05347496 -0.02257829 -0.04242867 -0.04712498 -0.03368872 -0.0466423 -0.05347496 -0.03368872 -0.0466423 -0.04712498 -0.03189957 -0.04732084 -0.05347496 -0.03189957 -0.04732084 -0.04712498 -0.02212035 -0.04057073 -0.05347496 -0.02212035 -0.04057073 -0.04712498 -0.02212035 -0.03865718 -0.05347496 -0.02212035 -0.03865718 -0.04712498 -0.02257829 -0.03679931 -0.05347496 -0.02257829 -0.03679931 -0.04712498 -0.02346754 -0.03510493 -0.05347496 -0.02346754 -0.03510493 -0.04712498 -0.02473646 -0.03367269 -0.05347496 -0.02473646 -0.03367269 -0.04712498 -0.02631121 -0.03258568 -0.05347496 -0.02631121 -0.03258568 -0.04712498 -0.02810043 -0.03190714 -0.05347496 -0.02810043 -0.03190714 -0.04712498 -0.02999997 -0.03167647 -0.05347496 -0.02999997 -0.03167647 -0.04712498 -0.03189957 -0.03190714 -0.05347496 -0.03189957 -0.03190714 -0.04712498 -0.03368872 -0.03258568 -0.05347496 -0.03368872 -0.03258568 -0.04712498 -0.03526347 -0.03367269 -0.05347496 -0.03526347 -0.03367269 0.04366439 0.02777075 -0.03056955 0.04366439 0.02999997 -0.03029888 0.04342955 0.02999997 -0.03096997 0.04342955 0.02793133 -0.03122115 0.04342955 0.02598291 -0.03196007 0.04334998 0.02810043 -0.03190714 0.04334998 0.02631121 -0.03258568 0.04581844 0.03512722 -0.02984482 0.046525 0.03516423 -0.02977436 0.046525 0.03736895 -0.03129613 0.04581844 0.03731614 -0.03135573 0.04514741 0.03716039 -0.03153151 0.04514741 0.03501808 -0.03005278 0.04514741 0.03258413 -0.02912968 0.04454541 0.03484231 -0.03038769 0.04454541 0.03249359 -0.02949696 0.04454541 0.02999997 -0.02919417 0.04404264 0.0323733 -0.02998507 0.04404264 0.02999997 -0.02969688 0.04404264 0.02762669 -0.02998507 0.04366439 0.02567106 -0.03136587 0.04342955 0.02426797 -0.03314381 0.04334998 0.02473646 -0.03367269 0.04581844 0.03264033 -0.02890169 0.046525 0.03265935 -0.02882438 0.04514741 0.02999997 -0.02881592 0.04454541 0.02750635 -0.02949696 0.04404264 0.02539128 -0.03083282 0.04366439 0.02382296 -0.03264153 0.04342955 0.02288609 -0.03470361 0.04334998 0.02346754 -0.03510493 0.04581844 0.02999997 -0.02858108 0.046525 0.02999997 -0.02850145 0.04514741 0.02741581 -0.02912968 0.04454541 0.02515763 -0.03038769 0.04404264 0.02342373 -0.03219091 0.04366439 0.0223338 -0.03432238 0.04342955 0.0219177 -0.03654879 0.04334998 0.02257829 -0.03679931 0.04581844 0.02735966 -0.02890169 0.046525 0.02734059 -0.02882438 0.04514741 0.02498185 -0.03005278 0.04454541 0.02309036 -0.03181463 0.04404264 0.02183836 -0.03398042 0.04366439 0.02129024 -0.03631079 0.04342955 0.02141898 -0.03857207 0.04334998 0.02212035 -0.03865718 0.04581844 0.02487272 -0.02984482 0.046525 0.02483576 -0.02977436 0.04514741 0.02283954 -0.03153151 0.04454541 0.02142465 -0.03369486 0.04404264 0.02072733 -0.03609734 0.04366439 0.02075278 -0.03849118 0.04342955 0.02141898 -0.04065591 0.04334998 0.02212035 -0.04057073 0.04581844 0.02268379 -0.03135573 0.046525 0.02263104 -0.03129613 0.04514741 0.02111333 -0.03347998 0.04454541 0.02025729 -0.03591907 0.04404264 0.02015519 -0.03841859 0.04366439 0.02075278 -0.04073679 0.04342955 0.0219177 -0.04267919 0.04334998 0.02257829 -0.04242867 0.04581844 0.02092009 -0.03334659 0.046525 0.02085459 -0.03330135 0.04514741 0.0199036 -0.0357849 0.04454541 0.01965612 -0.03835803 0.04404264 0.02015519 -0.04080933 0.04366439 0.02129024 -0.04291713 0.04342955 0.02288609 -0.04452431 0.04334998 0.02346754 -0.04412299 0.04581844 0.01968401 -0.03570163 0.046525 0.01960963 -0.03567343 0.04514741 0.01928061 -0.03831243 0.04454541 0.01965612 -0.04086995 0.04404264 0.02072733 -0.04313063 0.04366439 0.0223338 -0.04490554 0.04342955 0.02426797 -0.0460841 0.04334998 0.02473646 -0.04555529 0.04342955 0.03206861 -0.04800677 0.04342955 0.02999997 -0.04825794 0.04334998 0.02999997 -0.04755145 0.04334998 0.03189957 -0.04732084 0.04581844 0.01904749 -0.03828412 0.046525 0.01896852 -0.03827452 0.04366439 0.03222924 -0.04865837 0.04514741 0.01928061 -0.04091554 0.04366439 0.02999997 -0.04892903 0.04342955 0.03401702 -0.04726785 0.04454541 0.02025729 -0.04330891 0.04334998 0.03368872 -0.0466423 0.04404264 0.0323733 -0.04924291 0.04404264 0.02999997 -0.04953104 0.04404264 0.02183836 -0.04524749 0.04366439 0.03432887 -0.04786205 0.04366439 0.02382296 -0.04658639 0.04342955 0.03573203 -0.0460841 0.04334998 0.03526347 -0.04555529 0.04342955 0.02598291 -0.04726785 0.04334998 0.02631121 -0.0466423 0.04581844 0.01904749 -0.04094386 0.046525 0.01896852 -0.04095345 0.04454541 0.03249359 -0.04973101 0.04454541 0.02999997 -0.0500338 0.04404264 0.03460866 -0.04839509 0.04514741 0.0199036 -0.04344302 0.04454541 0.02142465 -0.04553312 0.04366439 0.03617703 -0.04658639 0.04404264 0.02342373 -0.047037 0.04342955 0.03711384 -0.04452431 0.04334998 0.0365324 -0.04412299 0.04366439 0.02567106 -0.04786205 0.04514741 0.03258413 -0.05009829 0.04514741 0.02999997 -0.05041205 0.04342955 0.02793133 -0.04800677 0.04334998 0.02810043 -0.04732084 0.04454541 0.03484231 -0.04884028 0.04581844 0.01968401 -0.04352629 0.046525 0.01960963 -0.04355454 0.04404264 0.03657621 -0.047037 0.04514741 0.02111333 -0.04574799 0.04366439 0.03766614 -0.04490554 0.04454541 0.02309036 -0.04741334 0.04342955 0.03808224 -0.04267919 0.04334998 0.03742164 -0.04242867 0.04404264 0.02539128 -0.04839509 0.04581844 0.03264033 -0.05032628 0.046525 0.03265935 -0.05040359 0.046525 0.02999997 -0.05072647 0.04581844 0.02999997 -0.0506469 0.04366439 0.02777075 -0.04865837 0.04514741 0.03501808 -0.0491752 0.04581844 0.02092009 -0.04588139 0.046525 0.02085459 -0.04592657 0.04454541 0.03690958 -0.04741334 0.04514741 0.02283954 -0.04769647 0.04454541 0.02515763 -0.04884028 0.04404264 0.03816157 -0.04524749 0.04404264 0.02762669 -0.04924291 0.04366439 0.0387097 -0.04291713 0.04581844 0.02268379 -0.04787218 0.046525 0.02263104 -0.04793179 0.04342955 0.03858095 -0.04065591 0.04334998 0.03787958 -0.04057073 0.04581844 0.03512722 -0.0493831 0.046525 0.03516423 -0.04945361 0.04514741 0.02498185 -0.0491752 0.04454541 0.02750635 -0.04973101 0.04514741 0.03716039 -0.04769647 0.04581844 0.02487272 -0.0493831 0.046525 0.02483576 -0.04945361 0.04454541 0.03857529 -0.04553312 0.04514741 0.02741581 -0.05009829 0.04404264 0.0392726 -0.04313063 0.04581844 0.02735966 -0.05032628 0.046525 0.02734059 -0.05040359 0.04366439 0.03924715 -0.04073679 0.04342955 0.03858095 -0.03857207 0.04334998 0.03787958 -0.03865718 0.04581844 0.03731614 -0.04787218 0.046525 0.03736895 -0.04793179 0.04514741 0.0388866 -0.04574799 0.04454541 0.03974264 -0.04330891 0.04404264 0.03984475 -0.04080933 0.04366439 0.03924715 -0.03849118 0.04342955 0.03808224 -0.03654879 0.04334998 0.03742164 -0.03679931 0.04581844 0.0390799 -0.04588139 0.046525 0.03914541 -0.04592657 0.04514741 0.04009634 -0.04344302 0.04454541 0.04034382 -0.04086995 0.04404264 0.03984475 -0.03841859 0.04366439 0.0387097 -0.03631079 0.04342955 0.03711384 -0.03470361 0.04334998 0.0365324 -0.03510493 0.04581844 0.04031592 -0.04352629 0.046525 0.04039037 -0.04355454 0.04514741 0.04071933 -0.04091554 0.04454541 0.04034382 -0.03835803 0.04404264 0.0392726 -0.03609734 0.04366439 0.03766614 -0.03432238 0.04342955 0.03573203 -0.03314381 0.04334998 0.03526347 -0.03367269 0.04581844 0.04095244 -0.04094386 0.046525 0.04103147 -0.04095345 0.04514741 0.04071933 -0.03831243 0.04454541 0.03974264 -0.03591907 0.04404264 0.03816157 -0.03398042 0.04366439 0.03617703 -0.03264153 0.04342955 0.03401702 -0.03196007 0.04334998 0.03368872 -0.03258568 0.04581844 0.04095244 -0.03828412 0.046525 0.04103147 -0.03827452 0.04514741 0.04009634 -0.0357849 0.04454541 0.03857529 -0.03369486 0.04404264 0.03657621 -0.03219091 0.04366439 0.03432887 -0.03136587 0.04342955 0.03206861 -0.03122115 0.04334998 0.03189957 -0.03190714 0.04581844 0.04031592 -0.03570163 0.046525 0.04039037 -0.03567343 0.04514741 0.0388866 -0.03347998 0.04454541 0.03690958 -0.03181463 0.04404264 0.03460866 -0.03083282 0.04366439 0.03222924 -0.03056955 0.04334998 0.02999997 -0.03167647 0.04581844 0.0390799 -0.03334659 0.046525 0.03914541 -0.03330135 0.05605 0.02554696 -0.03792518 0.05605 0.02527219 -0.0390399 0.04334998 0.02554696 -0.03792518 0.04334998 0.02527219 -0.0390399 0.04334998 0.02999997 -0.04437649 0.05605 0.02999997 -0.04437649 0.04334998 0.03113973 -0.04423809 0.05605 0.02527219 -0.04018801 0.04334998 0.02527219 -0.04018801 0.05605 0.03113973 -0.04423809 0.04334998 0.03221321 -0.04383099 0.05605 0.02554696 -0.0413028 0.04334998 0.02554696 -0.0413028 0.05605 0.03221321 -0.04383099 0.04334998 0.03315812 -0.04317873 0.05605 0.02608048 -0.04231935 0.04334998 0.02608048 -0.04231935 0.05605 0.03315812 -0.04317873 0.04334998 0.03391945 -0.04231935 0.05605 0.02684187 -0.04317873 0.04334998 0.02684187 -0.04317873 0.05605 0.03391945 -0.04231935 0.04334998 0.03445297 -0.0413028 0.05605 0.02778673 -0.04383099 0.04334998 0.02778673 -0.04383099 0.05605 0.03445297 -0.0413028 0.04334998 0.03472775 -0.04018801 0.05605 0.02886021 -0.04423809 0.04334998 0.02886021 -0.04423809 0.05605 0.03472775 -0.04018801 0.05605 0.03472775 -0.0390399 0.04334998 0.03472775 -0.0390399 0.04334998 0.03445297 -0.03792518 0.05605 0.03445297 -0.03792518 0.04334998 0.03391945 -0.03690856 0.05605 0.03391945 -0.03690856 0.04334998 0.03315812 -0.03604918 0.05605 0.03315812 -0.03604918 0.05605 0.03221321 -0.03539699 0.04334998 0.03221321 -0.03539699 0.05605 0.03113973 -0.03498989 0.04334998 0.03113973 -0.03498989 0.05605 0.02999997 -0.03485149 0.04334998 0.02999997 -0.03485149 0.05605 0.02886021 -0.03498989 0.04334998 0.02886021 -0.03498989 0.05605 0.02778673 -0.03539699 0.04334998 0.02778673 -0.03539699 0.05605 0.02684187 -0.03604918 0.04334998 0.02684187 -0.03604918 0.05605 0.02608048 -0.03690856 0.04334998 0.02608048 -0.03690856 0.05425256 0.02741581 -0.02912968 0.05425256 0.02999997 -0.02881592 0.05358147 0.02999997 -0.02858108 0.05358147 0.02735966 -0.02890169 0.05358147 0.02487272 -0.02984482 0.05287498 0.02734059 -0.02882438 0.05287498 0.02483576 -0.02977436 0.05597037 0.03401702 -0.03196007 0.05605 0.03368872 -0.03258568 0.05605 0.03526347 -0.03367269 0.05597037 0.03573203 -0.03314381 0.05573552 0.03617703 -0.03264153 0.05573552 0.03432887 -0.03136587 0.05573552 0.03222924 -0.03056955 0.05535727 0.03460866 -0.03083282 0.05535727 0.0323733 -0.02998507 0.05535727 0.02999997 -0.02969688 0.05485457 0.03249359 -0.02949696 0.05485457 0.02999997 -0.02919417 0.05485457 0.02750635 -0.02949696 0.05425256 0.02498185 -0.03005278 0.05358147 0.02268379 -0.03135573 0.05287498 0.02263104 -0.03129613 0.05597037 0.03206861 -0.03122115 0.05605 0.03189957 -0.03190714 0.05573552 0.02999997 -0.03029888 0.05535727 0.02762669 -0.02998507 0.05485457 0.02515763 -0.03038769 0.05425256 0.02283954 -0.03153151 0.05358147 0.02092009 -0.03334659 0.05287498 0.02085459 -0.03330135 0.05597037 0.02999997 -0.03096997 0.05605 0.02999997 -0.03167647 0.05573552 0.02777075 -0.03056955 0.05535727 0.02539128 -0.03083282 0.05485457 0.02309036 -0.03181463 0.05425256 0.02111333 -0.03347998 0.05358147 0.01968401 -0.03570163 0.05287498 0.01960963 -0.03567343 0.05597037 0.02793133 -0.03122115 0.05605 0.02810043 -0.03190714 0.05573552 0.02567106 -0.03136587 0.05535727 0.02342373 -0.03219091 0.05485457 0.02142465 -0.03369486 0.05425256 0.0199036 -0.0357849 0.05358147 0.01904749 -0.03828412 0.05287498 0.01896852 -0.03827452 0.05597037 0.02598291 -0.03196007 0.05605 0.02631121 -0.03258568 0.05573552 0.02382296 -0.03264153 0.05535727 0.02183836 -0.03398042 0.05485457 0.02025729 -0.03591907 0.05425256 0.01928061 -0.03831243 0.05358147 0.01904749 -0.04094386 0.05287498 0.01896852 -0.04095345 0.05597037 0.02426797 -0.03314381 0.05605 0.02473646 -0.03367269 0.05573552 0.0223338 -0.03432238 0.05535727 0.02072733 -0.03609734 0.05485457 0.01965612 -0.03835803 0.05425256 0.01928061 -0.04091554 0.05358147 0.01968401 -0.04352629 0.05287498 0.01960963 -0.04355454 0.05597037 0.02288609 -0.03470361 0.05605 0.02346754 -0.03510493 0.05573552 0.02129024 -0.03631079 0.05535727 0.02015519 -0.03841859 0.05485457 0.01965612 -0.04086995 0.05425256 0.0199036 -0.04344302 0.05358147 0.02092009 -0.04588139 0.05287498 0.02085459 -0.04592657 0.05597037 0.0219177 -0.03654879 0.05605 0.02257829 -0.03679931 0.05573552 0.02075278 -0.03849118 0.05535727 0.02015519 -0.04080933 0.05485457 0.02025729 -0.04330891 0.05425256 0.02111333 -0.04574799 0.05358147 0.02268379 -0.04787218 0.05287498 0.02263104 -0.04793179 0.05358147 0.03264033 -0.05032628 0.05358147 0.02999997 -0.0506469 0.05287498 0.02999997 -0.05072647 0.05287498 0.03265935 -0.05040359 0.05597037 0.02141898 -0.03857207 0.05605 0.02212035 -0.03865718 0.05425256 0.03258413 -0.05009829 0.05573552 0.02075278 -0.04073679 0.05425256 0.02999997 -0.05041205 0.05358147 0.03512722 -0.0493831 0.05535727 0.02072733 -0.04313063 0.05287498 0.03516423 -0.04945361 0.05485457 0.03249359 -0.04973101 0.05485457 0.02999997 -0.0500338 0.05485457 0.02142465 -0.04553312 0.05425256 0.03501808 -0.0491752 0.05425256 0.02283954 -0.04769647 0.05358147 0.03731614 -0.04787218 0.05287498 0.03736895 -0.04793179 0.05358147 0.02487272 -0.0493831 0.05287498 0.02483576 -0.04945361 0.05597037 0.02141898 -0.04065591 0.05605 0.02212035 -0.04057073 0.05535727 0.0323733 -0.04924291 0.05535727 0.02999997 -0.04953104 0.05485457 0.03484231 -0.04884028 0.05573552 0.02129024 -0.04291713 0.05535727 0.02183836 -0.04524749 0.05425256 0.03716039 -0.04769647 0.05485457 0.02309036 -0.04741334 0.05358147 0.0390799 -0.04588139 0.05287498 0.03914541 -0.04592657 0.05425256 0.02498185 -0.0491752 0.05573552 0.03222924 -0.04865837 0.05573552 0.02999997 -0.04892903 0.05358147 0.02735966 -0.05032628 0.05287498 0.02734059 -0.05040359 0.05535727 0.03460866 -0.04839509 0.05597037 0.0219177 -0.04267919 0.05605 0.02257829 -0.04242867 0.05485457 0.03690958 -0.04741334 0.05573552 0.0223338 -0.04490554 0.05425256 0.0388866 -0.04574799 0.05535727 0.02342373 -0.047037 0.05358147 0.04031592 -0.04352629 0.05287498 0.04039037 -0.04355454 0.05485457 0.02515763 -0.04884028 0.05597037 0.03206861 -0.04800677 0.05605 0.03189957 -0.04732084 0.05605 0.02999997 -0.04755145 0.05597037 0.02999997 -0.04825794 0.05425256 0.02741581 -0.05009829 0.05573552 0.03432887 -0.04786205 0.05597037 0.02288609 -0.04452431 0.05605 0.02346754 -0.04412299 0.05535727 0.03657621 -0.047037 0.05573552 0.02382296 -0.04658639 0.05535727 0.02539128 -0.04839509 0.05485457 0.03857529 -0.04553312 0.05485457 0.02750635 -0.04973101 0.05425256 0.04009634 -0.04344302 0.05597037 0.02426797 -0.0460841 0.05605 0.02473646 -0.04555529 0.05358147 0.04095244 -0.04094386 0.05287498 0.04103147 -0.04095345 0.05597037 0.03401702 -0.04726785 0.05605 0.03368872 -0.0466423 0.05573552 0.02567106 -0.04786205 0.05535727 0.02762669 -0.04924291 0.05573552 0.03617703 -0.04658639 0.05597037 0.02598291 -0.04726785 0.05605 0.02631121 -0.0466423 0.05535727 0.03816157 -0.04524749 0.05573552 0.02777075 -0.04865837 0.05485457 0.03974264 -0.04330891 0.05597037 0.02793133 -0.04800677 0.05605 0.02810043 -0.04732084 0.05425256 0.04071933 -0.04091554 0.05358147 0.04095244 -0.03828412 0.05287498 0.04103147 -0.03827452 0.05597037 0.03573203 -0.0460841 0.05605 0.03526347 -0.04555529 0.05573552 0.03766614 -0.04490554 0.05535727 0.0392726 -0.04313063 0.05485457 0.04034382 -0.04086995 0.05425256 0.04071933 -0.03831243 0.05358147 0.04031592 -0.03570163 0.05287498 0.04039037 -0.03567343 0.05597037 0.03711384 -0.04452431 0.05605 0.0365324 -0.04412299 0.05573552 0.0387097 -0.04291713 0.05535727 0.03984475 -0.04080933 0.05485457 0.04034382 -0.03835803 0.05425256 0.04009634 -0.0357849 0.05358147 0.0390799 -0.03334659 0.05287498 0.03914541 -0.03330135 0.05597037 0.03808224 -0.04267919 0.05605 0.03742164 -0.04242867 0.05573552 0.03924715 -0.04073679 0.05535727 0.03984475 -0.03841859 0.05485457 0.03974264 -0.03591907 0.05425256 0.0388866 -0.03347998 0.05358147 0.03731614 -0.03135573 0.05287498 0.03736895 -0.03129613 0.05597037 0.03858095 -0.04065591 0.05605 0.03787958 -0.04057073 0.05573552 0.03924715 -0.03849118 0.05535727 0.0392726 -0.03609734 0.05485457 0.03857529 -0.03369486 0.05425256 0.03716039 -0.03153151 0.05358147 0.03512722 -0.02984482 0.05287498 0.03516423 -0.02977436 0.05597037 0.03858095 -0.03857207 0.05605 0.03787958 -0.03865718 0.05573552 0.0387097 -0.03631079 0.05535727 0.03816157 -0.03398042 0.05485457 0.03690958 -0.03181463 0.05425256 0.03501808 -0.03005278 0.05358147 0.03264033 -0.02890169 0.05287498 0.03265935 -0.02882438 0.05597037 0.03808224 -0.03654879 0.05605 0.03742164 -0.03679931 0.05573552 0.03766614 -0.03432238 0.05535727 0.03657621 -0.03219091 0.05485457 0.03484231 -0.03038769 0.05425256 0.03258413 -0.02912968 0.05287498 0.02999997 -0.02850145 0.05597037 0.03711384 -0.03470361 0.05605 0.0365324 -0.03510493 0.05287498 0.02257829 -0.03679931 0.05287498 0.02346754 -0.03510493 0.046525 0.02346754 -0.03510493 0.046525 0.02257829 -0.03679931 0.05287498 0.02212035 -0.03865718 0.046525 0.02212035 -0.03865718 0.05287498 0.03189957 -0.04732084 0.05287498 0.02999997 -0.04755145 0.046525 0.02999997 -0.04755145 0.046525 0.03189957 -0.04732084 0.05287498 0.02212035 -0.04057073 0.046525 0.02212035 -0.04057073 0.05287498 0.03368872 -0.0466423 0.046525 0.03368872 -0.0466423 0.05287498 0.02257829 -0.04242867 0.046525 0.02257829 -0.04242867 0.05287498 0.03526347 -0.04555529 0.046525 0.03526347 -0.04555529 0.05287498 0.02346754 -0.04412299 0.046525 0.02346754 -0.04412299 0.05287498 0.0365324 -0.04412299 0.046525 0.0365324 -0.04412299 0.05287498 0.02473646 -0.04555529 0.046525 0.02473646 -0.04555529 0.05287498 0.03742164 -0.04242867 0.046525 0.03742164 -0.04242867 0.05287498 0.02631121 -0.0466423 0.046525 0.02631121 -0.0466423 0.05287498 0.02810043 -0.04732084 0.046525 0.02810043 -0.04732084 0.05287498 0.03787958 -0.04057073 0.046525 0.03787958 -0.04057073 0.05287498 0.03787958 -0.03865718 0.046525 0.03787958 -0.03865718 0.05287498 0.03742164 -0.03679931 0.046525 0.03742164 -0.03679931 0.05287498 0.0365324 -0.03510493 0.046525 0.0365324 -0.03510493 0.05287498 0.03526347 -0.03367269 0.046525 0.03526347 -0.03367269 0.05287498 0.03368872 -0.03258568 0.046525 0.03368872 -0.03258568 0.05287498 0.03189957 -0.03190714 0.046525 0.03189957 -0.03190714 0.05287498 0.02999997 -0.03167647 0.046525 0.02999997 -0.03167647 0.05287498 0.02810043 -0.03190714 0.046525 0.02810043 -0.03190714 0.05287498 0.02631121 -0.03258568 0.046525 0.02631121 -0.03258568 0.05287498 0.02473646 -0.03367269 0.046525 0.02473646 -0.03367269</float_array>
          <technique_common>
            <accessor source="#RailsRubber-mesh-positions-array" count="4160" stride="3">
              <param name="X" type="float" />
              <param name="Y" type="float" />
              <param name="Z" type="float" />
            </accessor>
          </technique_common>
        </source>
        <source id="RailsRubber-mesh-normals">
          <float_array id="RailsRubber-mesh-normals-array" count="17154">-0.9431353 -0.0400725 0.3299847 -0.9431341 -0.04006218 0.3299899 -0.993622 -0.03998839 0.1054347 -0.993622 -0.03998255 0.105437 -0.1111745 0.5645526 0.8178757 -0.1111565 0.564539 0.8178875 -0.3281122 0.5366181 0.777421 -0.3281208 0.5366045 0.7774269 -0.5292425 0.3008611 0.793338 -0.5292339 0.3008855 0.7933344 -0.7045356 0.0855441 0.7044941 -0.7045389 0.08553677 0.7044916 -0.8449367 -0.06447476 0.5309662 -0.844937 -0.06447291 0.5309659 -0.9431338 -0.1178849 0.3108085 -0.9431336 -0.1178793 0.310811 -0.9936233 -0.06403899 0.09280085 -0.993621 -0.06406962 0.09280371 -0.1111603 0.3524075 0.9292215 -0.1111719 0.3524102 0.929219 -0.328124 0.3349854 0.8832437 -0.3281101 0.3349621 0.8832578 -0.5292407 0.1022722 0.8422854 -0.5292526 0.1022726 0.842278 -0.7045319 -0.08554041 0.7044982 -0.7045441 -0.08554065 0.704486 -0.8449398 -0.1896622 0.5001051 -0.8449382 -0.1896697 0.5001048 -0.9431347 -0.1888315 0.2735685 -0.9431356 -0.1888288 0.273567 -0.9936221 -0.08440262 0.07477581 -0.9936204 -0.08442294 0.07477462 -0.1111524 0.1197943 0.9865569 -0.1111626 0.1197906 0.9865562 -0.3281245 0.1138649 0.9377469 -0.3281248 0.1138679 0.9377464 -0.5292477 -0.1022717 0.8422812 -0.5292458 -0.1022729 0.8422822 -0.7045425 -0.2516462 0.6635466 -0.704538 -0.2516517 0.6635493 -0.8449338 -0.3038471 0.4401861 -0.8449428 -0.3038209 0.440187 -0.9431349 -0.2488137 0.2204281 -0.9431375 -0.2488023 0.2204295 -0.9936213 -0.09985232 0.05240416 -0.9936203 -0.09986311 0.05240333 -0.1111599 -0.1197941 0.9865561 -0.3281248 -0.1138679 0.9377464 -0.1111541 -0.11979 0.9865572 -0.3281258 -0.1138625 0.9377467 -0.5292378 -0.3008691 0.7933381 -0.5292423 -0.3008694 0.7933349 -0.7045413 -0.4031417 0.5840362 -0.7045332 -0.4031403 0.584047 -0.8449345 -0.4003594 0.3546802 -0.8449372 -0.4003493 0.3546855 -0.9431394 -0.2943201 0.1544798 -0.9431335 -0.2943392 0.1544791 -0.9936222 -0.1094846 0.02698665 -0.9936199 -0.1095057 0.02698624 -0.3281263 -0.3349647 0.8832507 -0.1111603 -0.3524075 0.9292215 -0.1111613 -0.3524117 0.9292197 -0.3281243 -0.3349779 0.8832465 -0.5292388 -0.4819833 0.6982824 -0.5292497 -0.482 0.6982628 -0.7045294 -0.531207 0.4705927 -0.7045508 -0.5311736 0.4705985 -0.8449378 -0.4735994 0.2485636 -0.8449378 -0.4735992 0.2485637 -0.943132 -0.3227601 0.07954955 -0.9431345 -0.3227519 0.07955229 -0.9936221 -0.1127617 0 -0.9936223 -0.1127601 0 -0.1111518 -0.564554 0.8178778 -0.1111674 -0.5645383 0.8178865 -0.3281235 -0.5366141 0.777419 -0.328111 -0.5366171 0.7774223 -0.5292601 -0.6350775 0.562637 -0.5292342 -0.6350957 0.5626407 -0.7045264 -0.628396 0.3297894 -0.7045451 -0.6283685 0.3298019 -0.8449463 -0.5193083 0.1280026 -0.8449468 -0.5193076 0.1280025 -0.9431315 -0.3324198 0 -0.9431321 -0.3324183 0 -0.9936203 -0.1095014 -0.02698642 -0.9936222 -0.109484 -0.02698647 -0.1111523 -0.743873 0.6590131 -0.1111614 -0.7438639 0.6590217 -0.3281115 -0.7070724 0.6264116 -0.3281258 -0.7070677 0.6264094 -0.5292513 -0.7512781 0.3943022 -0.5292533 -0.751273 0.3943096 -0.7045425 -0.6890386 0.1698403 -0.7045288 -0.6890557 0.1698279 -0.8449495 -0.5348461 0 -0.8449327 -0.5348728 0 -0.9431309 -0.3227629 -0.07955139 -0.9431359 -0.3227482 -0.07955008 -0.9936236 -0.09982991 -0.05240333 -0.993619 -0.09987533 -0.05240356 -0.1111573 -0.8799672 0.4618464 -0.3281239 -0.8364331 0.4389926 -0.3281214 -0.8364342 0.4389922 -0.1111568 -0.8799687 0.4618433 -0.52926 -0.8238034 0.2030568 -0.529237 -0.8238201 0.2030484 -0.7045493 -0.7096551 0 -0.7045426 -0.7096618 0 -0.8449314 -0.5193334 -0.1279998 -0.8449441 -0.519312 -0.1280019 -0.9431394 -0.2943201 -0.1544798 -0.9431318 -0.2943448 -0.1544784 -0.9936222 -0.0844022 -0.07477545 -0.9936204 -0.08442312 -0.07477486 -0.9936219 0.01359331 -0.1119412 -0.9936219 0.01359122 -0.1119417 -0.1111599 -0.9649239 0.2378346 -0.111157 -0.9649258 0.2378289 -0.3281261 -0.917185 0.2260643 -0.9431354 0.04006427 -0.3299857 -0.3281076 -0.9171921 0.2260621 -0.5292521 -0.8484647 0 -0.9431352 0.0400725 -0.3299853 -0.5292384 -0.8484732 0 -0.9936219 0.03998857 -0.105435 -0.7045405 -0.6890424 -0.1698333 -0.9936222 0.03998148 -0.1054345 -0.7045406 -0.6890413 -0.1698371 -0.8449317 0.06447571 -0.5309739 -0.8449401 0.06447243 -0.530961 -0.8449462 -0.4735834 -0.2485656 -0.8449305 -0.4736136 -0.2485615 -0.9431342 0.1178787 -0.3108095 -0.9431365 -0.2488067 -0.2204289 -0.9431343 0.1178671 -0.3108136 -0.9431337 -0.2488185 -0.2204275 -0.9936228 0.06404072 -0.09280395 -0.993623 -0.06404006 -0.09280264 -0.9936205 -0.0640788 -0.09280246 -0.9936206 0.06407839 -0.09280145 -0.1111643 -0.9938021 0 -0.3281102 -0.9446395 0 -0.704536 0.08553993 -0.7044941 -0.1111676 -0.9938017 0 -0.7045392 0.08554112 -0.7044909 -0.3281165 -0.9446373 0 -0.8449382 0.1896697 -0.5001048 -0.5292395 -0.8238176 -0.2030518 -0.5292528 -0.8238089 -0.2030531 -0.844936 0.189664 -0.5001109 -0.7045379 -0.6283802 -0.3297951 -0.9431331 0.1888337 -0.2735723 -0.704537 -0.6283785 -0.3298003 -0.9431358 0.1888288 -0.2735664 -0.8449407 -0.4003413 -0.354686 -0.9936223 0.0844013 -0.07477432 -0.8449345 -0.4003594 -0.3546802 -0.9936205 0.0844205 -0.07477718 -0.9431346 -0.1888306 -0.2735695 -0.5292524 0.1022711 -0.8422781 -0.5292476 0.1022733 -0.8422811 -0.9431352 -0.1888275 -0.2735694 -0.993622 -0.03998839 -0.1054343 -0.9936221 -0.0399819 -0.1054356 -0.9936217 -0.0135914 -0.1119432 -0.7045338 0.2516535 -0.6635531 -0.9936219 -0.01359331 -0.1119412 -0.704543 0.2516464 -0.663546 -0.328126 -0.9171845 -0.226066 -0.1111543 -0.9649254 -0.2378311 -0.1111667 -0.9649237 -0.2378329 -0.3281099 -0.9171907 -0.2260645 -0.8449441 0.3038198 -0.4401855 -0.8449338 0.3038471 -0.4401861 -0.5292287 -0.7512961 -0.3942986 -0.9431364 0.2488111 -0.220424 -0.5292506 -0.7512775 -0.3943044 -0.7045391 -0.5311926 -0.4705944 -0.7045444 -0.5311859 -0.4705942 -0.9431369 0.2488022 -0.2204318 -0.9936211 0.09985393 -0.05240482 -0.8449416 -0.3038282 -0.4401842 -0.8449382 -0.3038333 -0.4401874 -0.9936202 0.09986579 -0.05240231 -0.1111604 0.1197909 -0.9865565 -0.1111468 0.1197885 -0.9865583 -0.3281338 0.1138645 -0.9377436 -0.3281248 0.1138679 -0.9377464 -0.9431335 -0.1178712 -0.3108144 -0.9431345 -0.1178757 -0.3108098 -0.943135 -0.04006427 -0.3299868 -0.5292423 0.3008694 -0.7933349 -0.9431364 -0.04007214 -0.3299819 -0.5292409 0.3008683 -0.7933363 -0.1111541 -0.8799708 -0.46184 -0.1111506 -0.8799752 -0.4618327 -0.7045338 0.4031451 -0.5840431 -0.3281444 -0.8364212 -0.439 -0.3281266 -0.8364288 -0.4389988 -0.529243 -0.6350916 -0.5626371 -0.7045428 0.403136 -0.5840385 -0.5292369 -0.6350926 -0.5626417 -0.7045393 -0.4031389 -0.5840406 -0.8449363 0.4003509 -0.3546859 -0.844932 0.4003626 -0.3546829 -0.7045397 -0.4031379 -0.5840408 -0.8449405 -0.189669 -0.5001015 -0.8449349 -0.1896639 -0.5001125 -0.9431332 0.2943398 -0.1544794 -0.9431394 0.2943202 -0.1544785 -0.8449397 -0.06447237 -0.5309618 -0.8449317 -0.06447571 -0.5309739 -0.1111675 -0.7438727 -0.6590108 -0.9936222 0.109484 -0.0269863 -0.3281322 -0.707067 -0.6264069 -0.111158 -0.7438605 -0.6590262 -0.3281192 -0.7070705 -0.6264098 -0.9936197 0.109506 -0.026986 -0.1111603 0.3524075 -0.9292215 -0.5292491 -0.4819797 -0.6982771 -0.1111647 0.3524071 -0.929221 -0.529242 -0.4819917 -0.6982743 -0.3281248 0.3349785 -0.883246 -0.3281217 0.334964 -0.8832527 -0.7045337 -0.2516525 -0.6635535 -0.7045435 -0.2516466 -0.6635454 -0.5292485 0.48198 -0.6982775 -0.7045397 -0.08554118 -0.7044903 -0.5292468 0.4819885 -0.6982728 -0.704536 -0.08553993 -0.7044941 -0.1111756 -0.5645431 -0.8178822 -0.7045327 0.5312005 -0.4705952 -0.1111716 -0.5645467 -0.8178803 -0.7045555 0.5311706 -0.4705948 -0.3281098 -0.536609 -0.7774284 -0.328118 -0.5366157 -0.7774204 -0.5292434 -0.3008602 -0.7933377 -0.5292533 -0.1022713 -0.8422777 -0.8449402 0.4735956 -0.2485628 -0.5292458 -0.1022729 -0.8422822 -0.8449366 0.473601 -0.2485647 -0.5292406 -0.3008847 -0.7933302 -0.1111599 -0.3524141 -0.9292189 -0.1111751 -0.1197902 -0.9865549 -0.3281248 -0.1138679 -0.9377464 -0.1111313 -0.1197884 -0.98656 -0.1111654 -0.3524057 -0.9292215 -0.3281313 -0.334977 -0.8832442 -0.9431319 0.3227601 -0.07955068 -0.3281326 -0.1138641 -0.9377441 -0.3281153 -0.3349695 -0.883253 -0.9431347 0.3227512 -0.07955205 -0.9936221 0.1127617 0 -0.9936223 0.1127601 0 -0.1111754 0.5645422 -0.8178828 -0.3281082 0.5366283 -0.7774158 -0.1111661 0.5645489 -0.8178794 -0.3281139 0.5366047 -0.7774296 -0.5292319 0.6350979 -0.5626406 -0.5292547 0.6350852 -0.5626334 -0.7045491 0.6283645 -0.3298009 -0.7045339 0.6283837 -0.3297967 -0.8449384 0.5193218 -0.1280001 -0.8449447 0.5193105 -0.1280043 -0.9431324 0.3324176 0 -0.9431319 0.332419 0 -0.9936203 0.1095011 0.026986 -0.9936222 0.109484 0.0269863 -0.111145 0.743875 -0.659012 -0.3281171 0.707071 -0.6264103 -0.328126 0.7070682 -0.6264088 -0.1111755 0.7438625 -0.6590211 -0.5292339 0.7512919 -0.3942994 -0.5292359 0.751286 -0.3943082 -0.7045443 0.6890385 -0.1698332 -0.7045377 0.6890465 -0.1698281 -0.8449314 0.5348749 0 -0.844949 0.5348471 0 -0.9431311 0.3227622 0.07955121 -0.9431356 0.322749 0.07955151 -0.9936191 0.09987562 0.05240356 -0.9936236 0.09983044 0.0524038 -0.1111611 0.8799672 -0.4618454 -0.11115 0.8799738 -0.4618354 -0.3281302 0.8364251 -0.439003 -0.3281383 0.8364266 -0.4389942 -0.529241 0.8238163 -0.2030534 -0.52925 0.8238109 -0.2030521 -0.7045493 0.7096551 0 -0.7045447 0.7096596 0 -0.8449468 0.5193076 0.1280025 -0.8449434 0.5193129 0.1280032 -0.9431389 0.2943215 0.1544792 -0.9431318 0.2943448 0.1544784 -0.993622 0.08440399 0.07477635 -0.9936199 0.08442842 0.07477581 -0.1111618 0.9649242 -0.2378327 -0.3281118 0.9171889 -0.226069 -0.1111607 0.9649246 -0.2378314 -0.3281236 0.9171861 -0.2260636 -0.5292601 0.8484597 0 -0.5292362 0.8484745 0 -0.7045407 0.6890426 0.1698313 -0.7045475 0.6890354 0.1698324 -0.8449302 0.4736135 0.2485625 -0.8449429 0.4735892 0.2485653 -0.9431371 0.2488057 0.2204274 -0.943134 0.2488173 0.2204276 -0.9936229 0.06404006 0.092803 -0.9936207 0.06407439 0.09280288 -0.1111641 0.9938021 0 -0.1111667 0.9938018 0 -0.3281178 0.9446368 0 -0.3281075 0.9446404 0 -0.5292603 0.8238028 0.2030578 -0.5292302 0.8238252 0.2030456 -0.7045291 0.6283923 0.3297905 -0.7045468 0.6283662 0.3298029 -0.8449328 0.4003608 0.3546826 -0.8449406 0.4003424 0.3546848 -0.943136 0.1888258 0.273568 -0.9431354 0.1888297 0.2735671 -0.9936218 0.03999245 0.1054347 -0.9936221 0.03997915 0.1054365 -0.1111528 0.964927 0.2378259 -0.1111676 0.9649226 0.2378365 -0.3281139 0.9171893 0.2260646 -0.3281182 0.9171888 0.2260602 -0.529244 0.7512793 0.3943099 -0.5292545 0.7512705 0.3943125 -0.7045422 0.5311903 0.4705923 -0.7045379 0.5311907 0.4705985 -0.8449425 0.3038269 0.4401835 -0.8449367 0.3038351 0.440189 -0.9431337 0.1178871 0.310808 -0.943134 0.1178763 0.3108112 -0.993622 0.01358586 0.1119413 -0.993622 0.01359325 0.111941 -0.3281258 0.8364291 0.4389989 -0.1111505 0.879974 0.4618349 -0.1111646 0.8799648 0.4618491 -0.3281131 0.8364444 0.4389791 -0.5292448 0.6350871 0.5626406 -0.5292527 0.635082 0.5626389 -0.7045347 0.4031473 0.5840405 -0.7045433 0.403124 0.584046 -0.8449411 0.1896615 0.5001033 -0.8449367 0.1896622 0.5001105 -0.9431344 0.04007279 0.3299876 -0.9431355 0.04006183 0.3299857 -0.9936217 -0.01359349 0.1119423 -0.9936221 -0.01358562 0.1119402 -0.1111562 0.7438736 0.6590117 -0.1111606 0.7438629 0.6590231 -0.3281157 0.7070714 0.6264106 -0.328126 0.7070657 0.6264116 -0.5292372 0.4820035 0.6982699 -0.5292505 0.4819761 0.6982786 -0.7045463 0.2516419 0.6635441 -0.7045328 0.2516576 0.6635527 -0.8449368 0.06447744 0.5309658 -0.8449367 0.06446641 0.5309672 0 0.8854612 -0.4647133 0 0.9709395 -0.2393252 0 0.9709405 -0.2393212 0 -0.1205375 0.9927088 0 1 0 0 -0.3546003 0.935018 0 -0.1205379 0.9927088 0 0.9709407 0.2393205 0 0.9709397 0.2393245 0 -0.3546008 0.9350179 0 0.8854604 0.4647149 0 0.8854554 0.4647243 0 -0.5680699 0.8229803 0 0.7485067 0.6631273 0 0.7485095 0.663124 0 -0.7485095 0.663124 0 -0.8854572 0.4647212 0 -0.7485067 0.6631273 0 0.5680737 0.8229778 0 0.5680718 0.822979 0 -0.8854554 0.4647243 0 0.354599 0.9350185 0 0.3545968 0.9350193 0 0.1205379 0.9927088 0 0.1205375 0.9927088 0 -0.9709397 0.2393245 0 -1 0 0 -0.9709407 0.2393205 0 -0.9709396 -0.2393249 0 -0.8854563 -0.4647226 0 -0.9709405 -0.2393214 0 -0.7485095 -0.663124 0 -0.8854578 -0.46472 0 -0.7485067 -0.6631273 0 -0.5680699 -0.8229803 0 -0.3546008 -0.9350179 0 -0.3546003 -0.935018 0 -0.1205379 -0.9927088 0 -0.1205375 -0.9927088 0 0.1205374 -0.9927088 0 0.1205381 -0.9927088 0 0.3545981 -0.9350188 0 0.3545977 -0.9350191 0 0.5680737 -0.8229778 0 0.5680718 -0.822979 0 0.7485086 -0.663125 0 0.7485076 -0.6631263 0 0.8854562 -0.4647231 0.328125 -0.1138641 0.9377468 0.3281258 -0.1138625 0.9377467 0.1111613 -0.3524117 0.9292197 0.1111603 -0.3524075 0.9292215 0.99362 0.0640614 0.09281986 0.9936192 0.06407427 0.09282004 0.9431357 0.1888322 0.2735642 0.9431356 0.1888234 0.2735707 0.8449432 0.1896624 0.5000994 0.8449432 0.1896632 0.5000991 0.7045379 0.08554011 0.7044922 0.7045266 0.08554387 0.7045031 0.5292528 -0.1022686 0.8422783 0.5292406 -0.1022797 0.8422846 0.3281198 -0.3349739 0.8832496 0.3281307 -0.3349702 0.883247 0.1111538 -0.5645332 0.817892 0.1111662 -0.5645508 0.8178781 0.9936202 0.0399816 0.1054544 0.9936193 0.03999882 0.105456 0.9431338 0.1178791 0.3108105 0.9431349 0.1178752 0.3108089 0.8449416 0.06446433 0.5309596 0.8449419 0.06446874 0.5309587 0.7045331 -0.08554464 0.7044966 0.7045314 -0.08553934 0.7044987 0.5292458 -0.3008621 0.7933352 0.5292338 -0.3008795 0.7933366 0.3281237 -0.5366052 0.7774251 0.3281117 -0.536623 0.7774179 0.1111548 -0.7438594 0.6590281 0.1111596 -0.7438734 0.6590114 0.9936196 0.01359122 0.111962 0.9936194 0.01360315 0.1119617 0.9431347 0.04005968 0.3299883 0.9431354 0.04006564 0.3299853 0.8449422 -0.06446415 0.5309588 0.8449414 -0.06446868 0.5309595 0.7045407 -0.2516474 0.6635481 0.7045299 -0.2516516 0.663558 0.5292441 -0.4819948 0.6982705 0.5292432 -0.4819912 0.6982737 0.3281144 -0.7070674 0.6264158 0.3281226 -0.7070729 0.6264053 0.1111573 -0.8799672 0.4618464 0.1111557 -0.8799713 0.4618389 0.9936196 -0.01359635 0.1119608 0.9431341 -0.04007053 0.3299887 0.9936193 -0.01360332 0.111963 0.9431356 -0.04005938 0.3299857 0.8449409 -0.1896721 0.5000997 0.8449469 -0.1896535 0.5000963 0.7045369 -0.4031363 0.5840454 0.7045334 -0.403135 0.5840505 0.5292409 -0.6350969 0.5626333 0.52925 -0.6350829 0.5626403 0.3281274 -0.8364279 0.4389998 0.3281273 -0.8364292 0.4389975 0.1111631 -0.9649219 0.2378416 0.1111555 -0.9649267 0.2378256 0.9431338 -0.1178765 0.3108118 0.9936195 -0.03999322 0.1054566 0.9936199 -0.03998833 0.1054542 0.9431347 -0.117878 0.3108084 0.8449456 -0.3038284 0.4401765 0.8449382 -0.3038407 0.4401822 0.7045313 -0.5311951 0.4706034 0.7045418 -0.5311859 0.4705982 0.5292493 -0.7512836 0.3942947 0.5292422 -0.7512823 0.3943064 0.3281313 -0.9171819 0.226069 0.3281174 -0.9171876 0.2260662 0.1111619 -0.9938024 0 0.1111711 -0.9938014 0 0.9936202 -0.06406038 0.09281808 0.9936195 -0.0640695 0.09282058 0.9431356 -0.1888288 0.273567 0.9431335 -0.1888395 0.2735669 0.8449399 -0.4003504 0.3546775 0.8449347 -0.4003611 0.354678 0.7045371 -0.6283757 0.3298053 0.7045308 -0.6283887 0.3297941 0.5292567 -0.8238053 0.2030576 0.5292329 -0.8238238 0.2030447 0.3281076 -0.9446403 0 0.3281226 -0.9446352 0 0.1111662 -0.9649239 -0.237832 0.1111543 -0.9649254 -0.2378311 0.9936211 -0.08440256 0.07478958 0.9936186 -0.08443266 0.07478874 0.9431363 -0.2488063 0.2204298 0.9431385 -0.2488003 0.2204272 0.8449413 -0.4735957 0.2485588 0.8449451 -0.4735885 0.2485594 0.7045289 -0.6890536 0.1698359 0.7045469 -0.6890348 0.1698379 0.5292509 -0.8484654 0 0.5292537 -0.8484637 0 0.3281229 -0.9171839 -0.2260733 0.3281134 -0.9171912 -0.2260575 0.1111536 -0.8799683 -0.461845 0.1111555 -0.8799676 -0.4618458 0.9936208 -0.09985226 0.05241388 0.9431363 -0.2943298 0.1544796 0.9431325 -0.2943427 0.1544785 0.9936184 -0.09987777 0.0524131 0.8449369 -0.5193244 0.1279998 0.8449429 -0.5193148 0.1279988 0.7045466 -0.7096577 0 0.704523 -0.7096812 0 0.5292477 -0.8238121 -0.2030536 0.5292535 -0.823808 -0.2030547 0.328133 -0.8364337 -0.4389848 0.3281303 -0.8364245 -0.4390041 0.1111688 -0.7438658 -0.6590183 0.1111559 -0.7438721 -0.6590135 0.1111466 0.1197941 -0.9865576 0.1111604 0.1197909 -0.9865565 0.9936196 -0.1095058 0.0269916 0.9936189 -0.1095131 0.02699148 0.943135 -0.3227512 0.0795502 0.3281338 0.1138665 -0.9377435 0.9431357 -0.3227485 0.07955181 0.8449404 -0.5348607 0 0.328125 0.1138641 -0.9377468 0.8449355 -0.5348682 0 0.1111646 0.3524105 -0.9292198 0.7045319 -0.6890516 -0.1698318 0.1111603 0.3524075 -0.9292215 0.7045305 -0.6890515 -0.169838 0.5292586 0.1022682 -0.8422746 0.5292415 0.1022799 -0.8422841 0.5292567 -0.7512738 -0.3943032 0.5292286 -0.7512934 -0.3943037 0.3281279 0.3349695 -0.8832483 0.3281334 -0.7070662 -0.6264072 0.3281187 0.3349728 -0.8832505 0.3281198 -0.7070678 -0.6264126 0.1111754 0.5645422 -0.8178828 0.1111756 -0.5645431 -0.8178822 0.1111721 -0.5645408 -0.8178842 0.111167 0.5645403 -0.8178852 0.9936199 -0.1127814 0 0.9431385 -0.3324 0 0.7045338 0.08554047 -0.7044962 0.993618 -0.1127983 0 0.7045314 0.08553934 -0.7044987 0.9431363 -0.3324066 0 0.5292416 0.3008716 -0.7933345 0.8449447 -0.5193119 -0.1279992 0.8449383 -0.5193221 -0.1279993 0.5292409 0.3008697 -0.7933357 0.7045251 -0.6283937 -0.3297969 0.3281117 0.5366076 -0.7774286 0.7045351 -0.6283798 -0.329802 0.3281084 0.5366331 -0.7774122 0.5292361 -0.6350886 -0.5626471 0.1111462 0.7438682 -0.6590195 0.5292437 -0.6350955 -0.5626321 0.1111748 0.7438663 -0.6590168 0.3281117 -0.536623 -0.7774179 0.8449416 0.06447327 -0.5309585 0.8449401 0.06446492 -0.5309619 0.3281133 -0.5366126 -0.7774243 0.1111649 -0.3524166 -0.9292174 0.1111606 -0.3524007 -0.929224 0.1111751 -0.1197902 -0.9865549 0.704538 0.2516487 -0.6635505 0.1111313 -0.1197941 -0.9865593 0.7045273 0.2516595 -0.6635576 0.9431368 -0.3227458 -0.07954996 0.9936197 -0.1095052 -0.02699148 0.9936177 -0.1095234 -0.0269916 0.9431363 -0.3227468 -0.07955223 0.5292468 0.4819724 -0.698284 0.5292495 0.4819925 -0.6982681 0.844947 -0.4735841 -0.2485617 0.3281131 0.7070677 -0.6264161 0.8449474 -0.4735849 -0.2485587 0.7045455 -0.5311819 -0.4705971 0.7045288 -0.5312017 -0.4705997 0.3281297 0.7070715 -0.6264031 0.1111611 0.8799672 -0.4618454 0.5292385 -0.4819968 -0.6982734 0.5292516 -0.4819786 -0.6982761 0.1111526 0.8799679 -0.4618459 0.9936195 0.01359659 -0.1119623 0.9936196 0.01359331 -0.111962 0.9431342 0.04006958 -0.3299887 0.9431366 0.04006069 -0.3299826 0.3281201 -0.3349698 -0.8832511 0.3281336 -0.3349723 -0.8832452 0.3281326 -0.113866 -0.9377439 0.844945 0.189655 -0.5000991 0.328125 -0.1138641 -0.9377468 0.8449388 0.1896724 -0.5001028 0.9936174 -0.09988754 -0.05241334 0.993621 -0.09985119 -0.05241298 0.7045333 0.4031373 -0.584049 0.9431325 -0.2943427 -0.1544785 0.9431342 -0.2943366 -0.1544793 0.8449392 -0.4003481 -0.3546817 0.7045337 0.4031468 -0.584042 0.8449388 -0.4003558 -0.3546742 0.7045342 -0.4031354 -0.5840492 0.5292519 0.6350815 -0.5626403 0.5292374 0.6350975 -0.5626358 0.704538 -0.4031376 -0.5840432 0.5292372 -0.3008705 -0.7933378 0.5292473 -0.3008704 -0.7933312 0.3281438 0.8364212 -0.4390004 0.328119 0.8364371 -0.4389885 0.5292406 -0.1022797 -0.8422846 0.5292586 -0.1022682 -0.8422746 0.9936193 -0.08442348 -0.07478934 0.1111618 0.9649242 -0.2378327 0.9431362 -0.2488093 -0.2204269 0.9936195 -0.08442306 -0.07478868 0.9431372 -0.2488024 -0.2204302 0.1111592 0.9649256 -0.2378282 0.9936197 0.03999215 -0.1054541 0.8449431 -0.3038275 -0.4401818 0.9936198 0.03998845 -0.1054546 0.8449431 -0.3038363 -0.4401758 0.9431337 0.1178711 -0.310814 0.9431338 0.1178851 -0.3108084 0.7045325 -0.2516575 -0.663553 0.7045334 -0.2516506 -0.6635546 0.8449439 0.3038294 -0.4401792 0.7045314 -0.08553934 -0.7044987 0.8449407 0.3038385 -0.440179 0.7045333 -0.08554041 -0.7044968 0.9936193 -0.06407213 -0.09281951 0.7045403 0.5311871 -0.4705989 0.9936196 -0.06406891 -0.09281969 0.7045332 0.5311989 -0.4705963 0.943135 -0.1888331 -0.2735661 0.9431347 -0.1888251 -0.2735726 0.8449439 -0.1896616 -0.5000983 0.8449391 -0.06447374 -0.5309627 0.5292288 0.7512936 -0.3943029 0.8449416 -0.06446439 -0.5309597 0.5292448 0.7512785 -0.3943106 0.8449416 -0.1896648 -0.5001012 0.99362 -0.03998178 -0.1054549 0.9936193 -0.01359671 -0.1119638 0.9431365 -0.04006069 -0.3299831 0.9936196 -0.01359331 -0.111962 0.9936195 -0.03999823 -0.1054542 0.9431338 -0.1178791 -0.3108105 0.3281304 0.917182 -0.2260699 0.9431352 -0.04006922 -0.3299856 0.9431331 -0.117877 -0.3108136 0.3281089 0.9171909 -0.2260651 0.1111636 0.9938022 0 0.1111675 0.9938018 0 0.9936192 0.06407284 -0.09282082 0.9431343 0.1888378 -0.2735655 0.9936197 0.06406843 -0.09281867 0.9431329 0.1888339 -0.2735732 0.8449341 0.4003628 -0.3546774 0.8449373 0.4003535 -0.3546802 0.7045312 0.6283854 -0.3297995 0.7045327 0.6283842 -0.3297986 0.529253 0.823808 -0.2030559 0.5292326 0.8238232 -0.2030475 0.3281201 0.9446361 0 0.328105 0.9446414 0 0.1111633 0.9649254 0.2378272 0.1111594 0.9649227 0.2378399 0.9936213 0.08440119 -0.07478821 0.943138 0.2488022 -0.2204274 0.9431387 0.2488003 -0.2204267 0.9936178 0.08444005 -0.07479107 0.8449479 0.4735822 -0.2485618 0.8449449 0.4735884 -0.2485604 0.7045353 0.6890481 -0.1698321 0.7045347 0.6890487 -0.1698315 0.5292375 0.8484738 0 0.5292655 0.8484564 0 0.3281213 0.9171846 0.2260729 0.3281152 0.9171907 0.2260565 0.11116 0.8799754 0.4618299 0.1111565 0.8799602 0.4618597 0.9936207 0.09985387 -0.05241471 0.9936176 0.09988534 -0.05241191 0.9431325 0.2943427 -0.1544785 0.9431362 0.2943305 -0.1544788 0.8449407 0.5193185 -0.1279989 0.8449434 0.5193137 -0.1280007 0.7045477 0.7096567 0 0.704524 0.7096802 0 0.5292271 0.823827 0.2030466 0.5292508 0.8238104 0.203052 0.3281276 0.8364282 0.4389991 0.3281252 0.8364299 0.4389978 0.1111574 0.7438668 0.6590192 0.1111589 0.7438717 0.6590134 0.9936197 0.1095052 -0.02699148 0.9431359 0.3227478 -0.07955163 0.9936189 0.1095134 -0.02699095 0.9431349 0.3227512 -0.07955145 0.8449397 0.5348618 0 0.8449343 0.5348702 0 0.7045348 0.6890482 0.1698331 0.7045512 0.689031 0.1698349 0.5292402 0.7512874 0.3942996 0.5292406 0.7512819 0.3943097 0.3281285 0.7070619 0.6264145 0.3281127 0.7070764 0.6264065 0.1111754 0.5645422 0.8178828 0.1111559 0.5645456 0.8178831 0.9936199 0.1127814 0 0.993618 0.1127983 0 0.9431365 0.3324059 0 0.9431388 0.3323992 0 0.8449382 0.519322 0.1280004 0.8449434 0.5193138 0.1279997 0.7045365 0.628379 0.3298004 0.7045405 0.6283736 0.3298019 0.5292522 0.6350916 0.5626286 0.529241 0.6350846 0.5626469 0.3281148 0.5366016 0.7774313 0.328118 0.5366208 0.7774168 0.1111606 0.3524007 0.929224 0.1111717 0.3524144 0.9292175 0.9936197 0.1095052 0.0269913 0.9936177 0.1095231 0.02699106 0.9431363 0.3227468 0.07955223 0.9431368 0.3227457 0.0795511 0.8449398 0.4735973 0.2485607 0.8449485 0.4735813 0.2485615 0.7045423 0.5311843 0.4705992 0.7045349 0.5311899 0.4706038 0.5292328 0.4819989 0.6982763 0.5292544 0.481983 0.6982708 0.3281156 0.334971 0.8832523 0.3281187 0.3349728 0.8832505 0.1111524 0.1197905 0.9865574 0.1111626 0.1197944 0.9865558 0.9431347 0.294336 0.1544777 0.9936209 0.09985172 0.0524134 0.9936174 0.09988778 0.05241334 0.943132 0.294344 0.1544792 0.8449369 0.4003582 0.3546762 0.8449399 0.4003484 0.3546798 0.7045287 0.4031457 0.5840488 0.7045384 0.4031331 0.5840458 0.5292354 0.3008709 0.7933389 0.5292416 0.3008716 0.7933345 0.3281294 0.1138638 0.9377452 0.3281202 0.1138632 0.9377486 0.111154 -0.1197948 0.9865567 0.11116 -0.1197904 0.9865565 0.9936209 0.08440393 0.07479041 0.9936185 0.08443325 0.07478958 0.9431392 0.2487993 0.2204257 0.9431358 0.2488092 0.2204293 0.8449407 0.3038385 0.440179 0.8449434 0.3038268 0.4401819 0.7045366 0.2516492 0.6635517 0.7045329 0.2516505 0.6635552 0.5292463 0.1022793 0.8422811 0.5292465 0.1022694 0.8422821 0 -0.8854547 0.464726 0 -0.885456 0.4647232 0 -0.9709411 0.2393185 0 -0.9709411 0.2393191 0 0.1205376 -0.9927088 0 0.1205374 -0.9927088 0 0.3546029 -0.935017 0 -0.9709411 -0.2393185 0 0.354604 -0.9350166 0 -0.9709411 -0.2393191 0 0.5680625 -0.8229854 0 -0.8854555 -0.4647242 0 -0.8854531 -0.464729 0 0.5680653 -0.8229836 0 0.7485147 -0.6631183 0 -0.7485134 -0.6631198 0 -0.7485135 -0.6631196 0 0.7485157 -0.6631171 0 0.885454 -0.4647271 0 -0.5680648 -0.8229839 0 0.8854545 -0.4647261 0 -0.5680664 -0.8229827 0 -0.3546037 -0.9350167 0 0.9709416 -0.2393168 0 -0.354604 -0.9350166 0 -0.1205374 -0.9927088 0 0.9709411 -0.2393185 0 -0.1205376 -0.9927088 0 0.9709411 0.2393191 0 0.9709418 0.2393163 0 0.8854551 0.4647251 0 0.8854556 0.4647241 0 0.7485094 0.6631242 0 0.7485104 0.663123 0 0.5680669 0.8229825 0 0.5680666 0.8229827 0 0.354605 0.9350163 0 0.1205356 0.992709 0 0.1205353 0.9927091 0 -0.1205356 0.992709 0 -0.1205353 0.9927091 0 -0.3546058 0.9350159 0 -0.354605 0.9350163 0 -0.5680688 0.8229811 0 -0.568068 0.8229817 0 -0.7485093 0.6631244 0 -0.748507 0.663127 -1 0 0 -1 3.44687e-6 0 -1 8.61712e-7 0 -1 2.4128e-6 0 -1 3.44685e-6 0 -1 -2.58514e-6 0 -1 -3.44686e-6 0 -1 -1.72343e-6 0 -1 4.8256e-6 0 -1 2.41281e-6 0 -1 -6.89372e-6 0 -1 6.8937e-6 0 -1 2.58514e-6 0 -1 7.23839e-6 0 -1 1.72343e-6 0 -1 -3.44684e-6 0 -1 -3.44687e-6 0 -1 -3.44685e-6 0 -1 -3.44686e-6 0 -1 -7.2384e-6 0 -1 3.44684e-6 0 -1 -4.8256e-6 0 -1 6.89372e-6 0 -1 3.44686e-6 0 -1 -1.20641e-6 0 -1 -8.61709e-7 0 -1 -4.82563e-6 0 1 0 0 1 -1.80959e-6 0 1 -4.82563e-6 0 1 1.80961e-6 0 1 4.82559e-6 0 1 -4.02132e-6 0 1 2.01067e-6 0 1 -3.6192e-6 0 1 8.04266e-6 0 1 -1.508e-6 0 1 -4.82559e-6 0 1 3.6192e-6 0 1 -4.82558e-6 0 1 -4.02133e-6 0 1 -1.00533e-6 0 1 4.82563e-6 0 1 1.508e-6 0 1 4.82564e-6 0 1 -2.41281e-6 0 1 4.02133e-6 0 1 1.00533e-6 0 1 -4.02136e-6 0 1 -2.4128e-6 0 -1 2.71443e-6 0 -1 1.60853e-5 0 -1 -4.02132e-6 0 -1 2.4128e-6 0 -1 1.60854e-5 0 -1 -9.65125e-6 0 -1 1.2064e-5 0 -1 -2.4128e-6 0 -1 -1.60853e-5 0 -1 3.51869e-6 0 -1 8.04269e-6 0 -1 4.82561e-6 0 -1 4.82559e-6 0 -1 -4.82561e-6 0 -1 8.04267e-6 0 -1 4.02131e-6 0 -1 -4.82561e-6 0 -1 -3.51866e-6 0 -1 4.02135e-6 0 -1 4.82563e-6 0 -1 -4.82559e-6 0 1 -3.44686e-6 0 1 3.44687e-6 0 1 -2.4128e-6 0 1 -1.72342e-6 0 1 3.44687e-6 0 1 8.61712e-7 0 1 9.65121e-6 0 1 -4.8256e-6 0 1 -9.65123e-6 0 1 4.8256e-6 0 1 -6.8937e-6 0 1 -8.61709e-7 0 1 2.41282e-6 0 1 6.8937e-6 0 1 3.44686e-6 0 1 4.82558e-6 0 1 -2.41282e-6 0 1 2.4128e-6 0 1 1.72342e-6 0 -0.9431288 -0.0400722 0.3300037 -0.9431274 -0.04006934 0.3300079 -0.9936233 -0.03997856 0.1054249 -0.9936226 -0.03999334 0.1054273 -0.1111763 0.5645466 0.8178797 -0.111157 0.5645452 0.8178832 -0.3281064 0.5366277 0.7774168 -0.3281188 0.5366011 0.77743 -0.5292447 0.3008742 0.7933315 -0.529242 0.3008657 0.7933365 -0.7045309 0.0855354 0.7044997 -0.7045338 0.08554047 0.7044962 -0.8449414 -0.06447517 0.5309585 -0.8449411 -0.06447321 0.5309594 -0.9431276 -0.1178841 0.3108275 -0.943127 -0.1178876 0.3108278 -0.9936227 -0.0640605 0.09279233 -0.9936243 -0.06403023 0.09279507 -0.1111609 0.3524172 0.9292176 -0.1111732 0.3524058 0.9292205 -0.3281229 0.3349686 0.8832505 -0.3281041 0.3349848 0.8832513 -0.5292448 0.102277 0.8422822 -0.5292575 0.1022654 0.8422756 -0.7045261 -0.08554381 0.7045036 -0.704539 -0.08553576 0.7044917 -0.8449458 -0.1896549 0.5000979 -0.8449422 -0.1896706 0.5000979 -0.9431302 -0.1888306 0.2735844 -0.9431276 -0.188847 0.2735819 -0.9936227 -0.08440268 0.07476878 -0.9936239 -0.08438861 0.07476812 -0.1111537 0.1197881 0.9865575 -0.1111636 0.1197946 0.9865556 -0.3281208 0.1138656 0.937748 -0.3281217 0.1138669 0.9377476 -0.5292518 -0.1022765 0.842278 -0.5292508 -0.1022657 0.8422799 -0.7045375 -0.2516444 0.6635527 -0.7045342 -0.2516503 0.6635539 -0.8449373 -0.3038483 0.4401788 -0.8449438 -0.3038299 0.4401789 -0.9431288 -0.2488259 0.2204404 -0.9431298 -0.2488201 0.2204425 -0.9936216 -0.09985232 0.05239945 -0.9936255 -0.09981417 0.05239832 -0.1111611 -0.1197878 0.9865567 -0.3281217 -0.1138669 0.9377476 -0.1111553 -0.1197943 0.9865566 -0.3281226 -0.1138691 0.937747 -0.5292426 -0.3008678 0.7933354 -0.5292462 -0.3008797 0.7933285 -0.7045371 -0.4031394 0.584043 -0.7045305 -0.4031388 0.5840512 -0.8449428 -0.400345 0.3546768 -0.8449406 -0.4003466 0.3546805 -0.9431324 -0.2943377 0.1544885 -0.9431245 -0.2943639 0.1544868 -0.9936198 -0.1095058 0.02698385 -0.9936249 -0.1094593 0.02698391 -0.3281213 -0.3349807 0.8832466 -0.1111615 -0.3524038 0.9292227 -0.1111622 -0.3524174 0.9292175 -0.3281217 -0.3349674 0.8832514 -0.5292388 -0.4819951 0.6982744 -0.529261 -0.4819777 0.6982696 -0.7045313 -0.5311962 0.4706022 -0.7045358 -0.5311966 0.4705949 -0.844939 -0.4736001 0.2485582 -0.8449545 -0.4735699 0.2485632 -0.9431294 -0.3227661 0.07955509 -0.9431282 -0.3227695 0.07955545 -0.9936234 -0.1127507 0 -0.9936199 -0.1127814 0 -0.1111535 -0.5645471 0.8178823 -0.1111682 -0.5645434 0.8178828 -0.3281198 -0.5366178 0.7774181 -0.328109 -0.5366137 0.7774254 -0.5292645 -0.6350749 0.5626358 -0.5292477 -0.6350792 0.5626469 -0.704534 -0.6283824 0.3297991 -0.7045365 -0.628378 0.3298022 -0.8449485 -0.5193053 0.1280007 -0.844931 -0.5193345 0.1279978 -0.9431282 -0.3324295 0 -0.9936256 -0.1094537 -0.02698409 -0.9936199 -0.1095052 -0.02698373 -0.111154 -0.743869 0.6590173 -0.1111623 -0.743866 0.6590192 -0.3281037 -0.7070825 0.6264043 -0.3281205 -0.7070721 0.6264072 -0.5292522 -0.7512794 0.3942988 -0.5292462 -0.7512828 0.3943005 -0.7045175 -0.6890652 0.1698364 -0.7045285 -0.6890555 0.16983 -0.8449461 -0.5348516 0 -0.9431343 -0.3227515 -0.07955628 -0.9431175 -0.3228012 -0.07955348 -0.9936218 -0.09985131 -0.0523982 -0.9936265 -0.0998044 -0.05239903 -0.1111575 -0.8799687 0.4618434 -0.328117 -0.8364386 0.4389872 -0.3281292 -0.8364226 0.4390085 -0.1111573 -0.8799705 0.4618398 -0.5292448 -0.8238154 0.203047 -0.5292658 -0.8237995 0.2030574 -0.7045496 -0.7096548 0 -0.8449154 -0.5193602 -0.1279962 -0.8449628 -0.5192816 -0.1280015 -0.9431216 -0.2943739 -0.1544855 -0.9431272 -0.2943548 -0.154488 -0.9936227 -0.08440226 -0.07476842 -0.9936234 -0.08439368 -0.07476824 -0.9936231 0.01358348 -0.1119309 -0.9936229 0.01360201 -0.1119314 -0.1111599 -0.9649244 0.2378328 -0.1111556 -0.9649276 0.2378221 -0.3281176 -0.917189 0.2260603 -0.9431287 0.04006898 -0.3300043 -0.3281264 -0.9171817 0.226077 -0.5292407 -0.8484717 0 -0.9431288 0.0400722 -0.3300037 -0.5292678 -0.848455 0 -0.9936233 0.03997874 -0.1054253 -0.7045241 -0.6890596 -0.1698314 -0.9936228 0.03999227 -0.1054248 -0.7045237 -0.6890591 -0.1698352 -0.8449366 0.06447607 -0.5309662 -0.8449447 0.06447279 -0.5309536 -0.8449499 -0.4735789 -0.2485613 -0.844939 -0.4736001 -0.2485582 -0.9431273 0.117887 -0.3108273 -0.9431312 -0.2488145 -0.2204425 -0.9431276 0.1178761 -0.3108305 -0.9431309 -0.2488178 -0.2204404 -0.9936223 0.06406223 -0.09279519 -0.9936211 -0.06408303 -0.0927937 -0.9936244 -0.06402963 -0.09279417 -0.993624 0.06403899 -0.0927931 -0.3281199 -0.9446361 0 -0.7045307 0.08554333 -0.704499 -0.1111674 -0.9938018 0 -0.7045347 0.08553624 -0.704496 -0.3281083 -0.9446402 0 -0.8449427 0.1896707 -0.5000971 -0.5292685 -0.8237974 -0.2030588 -0.529237 -0.8238209 -0.2030451 -0.8449414 0.1896566 -0.5001044 -0.7045305 -0.628388 -0.3297958 -0.9431285 0.1888328 -0.2735888 -0.7045354 -0.6283771 -0.329806 -0.9431278 0.188847 -0.2735814 -0.8449411 -0.4003459 -0.3546798 -0.9936228 0.0844013 -0.07476741 -0.8449428 -0.400345 -0.3546768 -0.9936234 0.08439105 -0.07477033 -0.9431266 -0.1888487 -0.2735845 -0.5292575 0.102276 -0.8422745 -0.5292517 0.1022659 -0.8422793 -0.94313 -0.188831 -0.273585 -0.9936233 -0.03997856 -0.1054249 -0.9936232 -0.0399819 -0.1054257 -0.9936227 -0.01360219 -0.1119326 -0.7045262 0.2516672 -0.663556 -0.9936231 -0.01358348 -0.1119312 -0.7045354 0.251661 -0.6635486 -0.3281258 -0.9171841 -0.2260679 -0.1111576 -0.9649238 -0.2378364 -0.1111648 -0.9649258 -0.2378249 -0.328108 -0.9171913 -0.226065 -0.844945 0.3038287 -0.4401773 -0.8449369 0.3038482 -0.4401797 -0.5292555 -0.7512688 -0.3943145 -0.9431303 0.2488232 -0.2204363 -0.5292361 -0.7512955 -0.3942897 -0.7045417 -0.5311823 -0.4706022 -0.7045351 -0.5311961 -0.4705966 -0.9431294 0.24882 -0.2204443 -0.9936171 0.0998966 -0.05239969 -0.8449399 -0.303846 -0.4401754 -0.8449407 -0.3038385 -0.440179 -0.9936272 0.09979724 -0.05239772 -0.1111615 0.1197882 -0.9865567 -0.1111479 0.1197946 -0.9865574 -0.3281301 0.113869 -0.9377444 -0.3281217 0.1138669 -0.9377476 -0.9431257 -0.1178885 -0.3108313 -0.9431285 -0.117875 -0.3108282 -0.9431285 -0.04006892 -0.3300049 -0.5292479 0.3008643 -0.793333 -0.9431298 -0.04007184 -0.3300008 -0.5292456 0.3008671 -0.7933337 -0.1111557 -0.8799701 -0.461841 -0.1111568 -0.8799629 -0.4618544 -0.7045304 0.4031432 -0.5840485 -0.3281524 -0.8364104 -0.4390147 -0.3281081 -0.8364461 -0.4389798 -0.5292558 -0.6350743 -0.5626446 -0.7045392 0.403134 -0.5840442 -0.5292347 -0.6351037 -0.5626314 -0.7045357 -0.4031369 -0.5840463 -0.8449399 0.4003484 -0.3546798 -0.8449402 0.4003481 -0.3546795 -0.7045375 -0.4031326 -0.5840471 -0.8449487 -0.189645 -0.5000966 -0.8449379 -0.1896737 -0.500104 -0.9431241 0.2943645 -0.1544877 -0.9431325 0.2943378 -0.1544879 -0.8449438 -0.06447273 -0.5309553 -0.8449366 -0.06447607 -0.5309662 -0.1111668 -0.7438833 -0.658999 -0.9936199 0.1095052 -0.02698373 -0.3281283 -0.7070684 -0.6264073 -0.1111574 -0.7438693 -0.6590163 -0.3281212 -0.7070591 -0.6264216 -0.9936249 0.1094596 -0.02698367 -0.1111615 0.3524038 -0.9292227 -0.529246 -0.4820005 -0.6982651 -0.1111657 0.3524111 -0.9292194 -0.5292575 -0.4819568 -0.6982866 -0.3281229 0.3349686 -0.8832505 -0.3281161 0.3349834 -0.8832474 -0.704527 -0.2516665 -0.6635554 -0.7045354 -0.251661 -0.6635486 -0.5292501 0.4819893 -0.6982698 -0.7045347 -0.08553624 -0.704496 -0.5292581 0.4819661 -0.6982796 -0.7045302 -0.08554327 -0.7044996 -0.1111773 -0.5645362 -0.8178867 -0.7045349 0.5311899 -0.4706038 -0.1111733 -0.5645416 -0.8178835 -0.7045401 0.5311934 -0.470592 -0.3281018 -0.5366305 -0.7774169 -0.328116 -0.5366124 -0.7774235 -0.5292484 -0.3008631 -0.7933334 -0.5292575 -0.102276 -0.8422745 -0.8449414 0.4735963 -0.2485574 -0.5292508 -0.1022657 -0.8422799 -0.844953 0.4735714 -0.2485651 -0.5292488 -0.3008649 -0.7933323 -0.1111615 -0.3524038 -0.9292227 -0.1111762 -0.1197876 -0.9865551 -0.3281217 -0.1138669 -0.9377476 -0.1111325 -0.1197946 -0.9865592 -0.1111664 -0.3524079 -0.9292205 -0.3281288 -0.3349665 -0.8832491 -0.9431294 0.3227661 -0.07955509 -0.3281295 -0.1138688 -0.9377447 -0.3281102 -0.3349854 -0.8832489 -0.9431284 0.3227688 -0.07955646 -0.9936234 0.1127507 0 -0.9936199 0.1127814 0 -0.1111773 0.5645362 -0.8178867 -0.3281085 0.5366129 -0.7774262 -0.1111678 0.5645426 -0.8178836 -0.3281048 0.5366303 -0.7774158 -0.529245 0.6350809 -0.5626474 -0.5292488 0.6351017 -0.5626202 -0.7045403 0.6283738 -0.3298022 -0.7045348 0.6283804 -0.3298012 -0.8449509 0.5193015 -0.1279999 -0.8449289 0.5193374 -0.1279997 -0.9431284 0.3324288 0 -0.9936256 0.1094534 0.02698367 -0.9936199 0.1095052 0.02698373 -0.1111467 0.7438715 -0.6590157 -0.3281168 0.7070665 -0.6264155 -0.3281207 0.7070726 -0.6264066 -0.1111736 0.7438793 -0.6590024 -0.5292609 0.7512649 -0.3943145 -0.5292299 0.7512951 -0.3942987 -0.7045271 0.6890562 -0.1698323 -0.7045285 0.689056 -0.169828 -0.8449456 0.5348526 0 -0.9431346 0.3227508 0.0795561 -0.9431172 0.322802 0.07955491 -0.9936265 0.09980463 0.05239897 -0.9936217 0.09985184 0.0523988 -0.1111614 0.879969 -0.4618416 -0.1111546 0.8799657 -0.4618496 -0.3281297 0.8364237 -0.4390062 -0.3281276 0.8364358 -0.4389846 -0.5292305 0.8238246 -0.2030473 -0.5292646 0.8238009 -0.2030546 -0.7045496 0.7096548 0 -0.8449149 0.5193613 0.1279953 -0.8449621 0.5192825 0.1280039 -0.943121 0.2943753 0.1544862 -0.9431272 0.2943548 0.154488 -0.9936224 0.08440405 0.07476931 -0.993623 0.08439904 0.07476907 -0.1111652 0.9649228 -0.237837 -0.3281117 0.9171885 -0.2260709 -0.1111593 0.964926 -0.2378265 -0.3281149 0.9171896 -0.2260615 -0.5292482 0.8484672 0 -0.5292509 0.8484654 0 -0.7045242 0.6890597 0.1698305 -0.7045305 0.6890532 0.1698305 -0.8449388 0.4736 0.2485593 -0.844949 0.4735797 0.2485628 -0.943132 0.2488135 0.2204406 -0.9431311 0.2488165 0.2204406 -0.9936224 0.06406158 0.09279417 -0.9936243 0.06403011 0.09279453 -0.1111687 0.9938016 0 -0.3281006 0.9446429 0 -0.3281173 0.9446371 0 -0.5292304 0.8238256 0.2030434 -0.5292731 0.8237941 0.20306 -0.7045361 0.6283801 0.3297989 -0.7045381 0.6283757 0.3298031 -0.8449415 0.4003466 0.3546782 -0.8449412 0.4003469 0.3546786 -0.9431307 0.1888293 0.2735837 -0.9431273 0.1888478 0.2735826 -0.9936228 0.03999245 0.105425 -0.9936232 0.03997915 0.1054267 -0.1111562 0.9649255 0.2378302 -0.1111646 0.9649251 0.237828 -0.3281125 0.9171895 0.2260655 -0.3281274 0.917183 0.2260705 -0.5292448 0.7512804 0.3943065 -0.5292448 0.7512844 0.3942993 -0.7045444 0.5311797 0.470601 -0.7045289 0.5312011 0.4706 -0.8449408 0.3038446 0.4401746 -0.8449388 0.3038402 0.4401814 -0.9431279 0.1178864 0.3108256 -0.9431271 0.1178853 0.3108288 -0.9936232 0.01358586 0.111931 -0.9936231 0.01359331 0.1119306 -0.3281159 0.8364378 0.4389897 -0.1111537 0.879969 0.4618435 -0.1111632 0.8799705 0.4618383 -0.3281297 0.8364237 0.4390062 -0.5292485 0.6350875 0.5626366 -0.52926 0.6350744 0.5626406 -0.7045325 0.403142 0.5840468 -0.7045349 0.4031364 0.5840477 -0.8449478 0.1896458 0.5000976 -0.8449395 0.1896721 0.5001018 -0.9431287 0.0400542 0.3300063 -0.9431281 0.04008376 0.3300041 -0.993623 -0.0135836 0.1119323 -0.9936233 -0.01358562 0.1119296 -0.1111578 0.7438696 0.6590159 -0.1111623 0.7438613 0.6590245 -0.3281108 0.7070766 0.6264073 -0.328119 0.7070738 0.6264061 -0.529253 0.4819689 0.6982816 -0.5292478 0.4819973 0.6982661 -0.7045401 0.2516479 0.6635485 -0.7045298 0.2516479 0.6635595 -0.8449414 0.0644778 0.5309584 -0.8449415 0.06446677 0.5309594 0 0.8854582 -0.4647191 0 0.8854594 -0.4647169 0 0.9709397 -0.2393247 0 0.9709405 -0.2393214 0 -0.1205377 0.9927088 0 0.9709408 0.23932 0 -0.354599 0.9350185 0 0.9709397 0.2393242 0 0.8854594 0.4647169 0 0.8854569 0.4647216 0 -0.5680706 0.8229799 0 -0.7485076 0.6631263 0 0.7485056 0.6631285 0 -0.8854569 0.4647216 0 0.5680755 0.8229765 0 0.5680724 0.8229786 0 -0.8854578 0.46472 0 0.3545977 0.9350191 0 0.1205377 0.9927088 0 -0.9709398 0.2393237 0 -0.9709395 -0.2393252 0 -0.9709406 -0.2393209 0 -0.8854582 -0.4647191 0 -0.7485076 -0.6631263 0 -0.5680706 -0.8229799 0 -0.3546016 -0.9350175 0 -0.3545981 -0.9350188 0 -0.1205382 -0.9927088 0 -0.1205374 -0.9927088 0 0.1205382 -0.9927088 0 0.3545968 -0.9350193 0 0.5680762 -0.8229761 0 0.7485095 -0.663124 0 0.7485056 -0.6631285 0.3281217 -0.1138669 0.9377476 0.3281227 -0.1138653 0.9377474 0.1111627 -0.3524056 0.9292219 0.1111609 -0.3524172 0.9292176 0.9936179 0.0640828 0.09282845 0.9936193 0.06405943 0.09282869 0.9431332 0.1888466 0.2735635 0.8449417 0.1896712 0.5000985 0.7045373 0.08554863 0.7044917 0.5292575 -0.1022654 0.8422756 0.529245 -0.1022806 0.8422817 0.328117 -0.3349711 0.8832517 0.3281278 -0.3349633 0.8832507 0.1111535 -0.5645471 0.8178823 0.1111681 -0.5645441 0.8178824 0.9936183 0.04000306 0.1054639 0.9936186 0.03998887 0.1054658 0.9431359 0.117861 0.3108112 0.9431338 0.1178849 0.3108085 0.844942 0.06446659 0.5309588 0.7045328 -0.08554893 0.7044963 0.7045312 -0.08554339 0.7044985 0.5292508 -0.3008608 0.7933325 0.5292388 -0.3008824 0.7933323 0.3281196 -0.5366103 0.7774233 0.3281097 -0.5366197 0.7774209 0.1111514 -0.7438826 0.6590023 0.1111611 -0.743872 0.6590127 0.9936183 0.01360195 0.1119723 0.9936185 0.01358336 0.1119721 0.9431344 0.04006952 0.3299881 0.9431355 0.04006332 0.3299854 0.8449416 -0.06447327 0.5309585 0.8449417 -0.06446224 0.5309597 0.7045422 -0.2516397 0.6635495 0.7045306 -0.2516476 0.6635587 0.529251 -0.4819854 0.6982718 0.5292524 -0.4819752 0.6982778 0.3281077 -0.7070747 0.626411 0.3281247 -0.7070617 0.6264168 0.1111575 -0.8799687 0.4618434 0.1111587 -0.8799672 0.4618456 0.9936186 -0.01359099 0.1119711 0.9431343 -0.04006367 0.3299887 0.9936181 -0.01360332 0.1119734 0.9431349 -0.04007911 0.3299854 0.8449394 -0.1896809 0.5000988 0.8449483 -0.1896452 0.500097 0.7045393 -0.4031291 0.5840474 0.7045288 -0.4031487 0.5840467 0.5292538 -0.6350809 0.5626392 0.5292601 -0.6350705 0.5626448 0.3281181 -0.836435 0.4389932 0.3281237 -0.836431 0.4389966 0.1111632 -0.9649223 0.2378398 0.1111571 -0.9649267 0.2378252 0.993618 -0.04000389 0.1054662 0.9936189 -0.03998827 0.105464 0.8449409 -0.3038451 0.4401741 0.8449426 -0.3038251 0.4401845 0.7045216 -0.5312136 0.4705969 0.5292626 -0.751271 0.3943006 0.5292496 -0.7512764 0.3943077 0.32813 -0.9171822 0.2260701 0.328108 -0.9171921 0.2260617 0.1111654 -0.9938019 0 0.1111677 -0.9938017 0 0.9936181 -0.06408178 0.0928263 0.9936192 -0.06405961 0.09282952 0.9431322 -0.1888478 0.273566 0.9431368 -0.1888218 0.2735678 0.8449415 -0.4003466 0.3546782 0.8449522 -0.4003177 0.3546853 0.7045381 -0.6283787 0.3297974 0.5292726 -0.8237944 0.2030596 0.5292331 -0.823824 0.2030428 0.3281212 -0.9446356 0 0.1111683 -0.9649235 -0.2378326 0.1111543 -0.9649259 -0.2378293 0.9936169 -0.08444529 0.07479631 0.9936193 -0.08441787 0.0747959 0.9431282 -0.2488388 0.2204279 0.9431428 -0.2487831 0.2204282 0.8449323 -0.4736134 0.2485556 0.704531 -0.6890513 0.1698365 0.704531 -0.6890519 0.1698341 0.5292621 -0.8484585 0 0.5292396 -0.8484725 0 0.3281153 -0.9171873 -0.22607 0.3281132 -0.9171907 -0.2260594 0.1111538 -0.8799698 -0.461842 0.1111574 -0.8799662 -0.461848 0.9936163 -0.09989494 0.0524187 0.9431239 -0.2943705 0.1544776 0.9431426 -0.2943092 0.1544802 0.9936215 -0.09984344 0.05241793 0.8449278 -0.5193395 0.1279984 0.8449581 -0.5192897 0.1280011 0.7045292 -0.7096751 0 0.7045394 -0.709665 0 0.5292481 -0.8238127 -0.2030498 0.5292564 -0.8238064 -0.2030537 0.328124 -0.8364415 -0.4389766 0.3281262 -0.8364259 -0.4390046 0.1111719 -0.7438559 -0.659029 0.1111574 -0.743869 -0.6590168 0.1111479 0.1197936 -0.9865575 0.1111615 0.1197882 -0.9865567 0.9936149 -0.1095484 0.02699381 0.9936231 -0.109474 0.02699404 0.9431267 -0.3227756 0.07954955 0.3281302 0.1138652 -0.9377449 0.8449284 -0.5348795 0 0.3281217 0.1138669 -0.9377476 0.8449667 -0.5348191 0 0.1111659 0.3524061 -0.9292212 0.7045404 -0.6890423 -0.1698339 0.1111609 0.3524172 -0.9292176 0.5292634 0.102265 -0.842272 0.5292459 0.1022808 -0.8422812 0.5292608 -0.7512716 -0.3943022 0.529242 -0.7512807 -0.3943097 0.3281257 0.3349614 -0.8832522 0.3281275 -0.707072 -0.6264036 0.3281159 0.3349699 -0.8832526 0.328111 -0.7070798 -0.6264036 0.1111763 0.5645466 -0.8178797 0.1111763 -0.5645466 -0.8178797 0.1111731 -0.5645436 -0.8178821 0.1111677 0.5645433 -0.8178831 0.9936151 -0.112824 0 0.9936234 -0.1127495 0 0.7045312 0.08554339 -0.7044985 0.9431284 -0.3324286 0 0.5292445 0.3008811 -0.793329 0.8449338 -0.5193296 -0.1279985 0.5292471 0.300861 -0.7933349 0.7045307 -0.6283858 -0.3297995 0.3281075 0.5366127 -0.7774268 0.3281087 0.5366182 -0.7774225 0.5292447 -0.6350805 -0.5626481 0.1111467 0.7438715 -0.6590157 0.529256 -0.6350789 -0.5626393 0.1111764 0.7438642 -0.6590188 0.328107 -0.5366307 -0.7774145 0.8449403 0.06446278 -0.5309621 0.3281124 -0.5366051 -0.77743 0.1111661 -0.3524138 -0.9292184 0.1111609 -0.3524172 -0.9292176 0.1111762 -0.1197876 -0.9865551 0.7045372 0.2516528 -0.6635497 0.1111325 -0.1197936 -0.9865593 0.7045302 0.2516442 -0.6635603 0.943148 -0.3227128 -0.07955092 0.9936149 -0.1095478 -0.02699369 0.9936209 -0.109494 -0.02699416 0.9431197 -0.3227955 -0.0795508 0.5292512 0.4819723 -0.6982806 0.5292568 0.4819834 -0.6982689 0.8449538 -0.4735707 -0.2485637 0.3281068 0.7070759 -0.6264101 0.844929 -0.4736204 -0.2485533 0.7045326 -0.5312066 -0.4705885 0.7045349 -0.5311899 -0.4706038 0.3281245 0.7070758 -0.626401 0.1111614 0.879969 -0.4618416 0.5292454 -0.4819874 -0.6982746 0.5292583 -0.4819704 -0.6982767 0.1111546 0.8799659 -0.4618492 0.9936183 0.01359659 -0.1119726 0.9936184 0.01359331 -0.1119723 0.9431366 0.04006296 -0.3299825 0.3281171 -0.3349629 -0.8832549 0.3281307 -0.3349694 -0.8832473 0.3281296 -0.113865 -0.9377451 0.3281217 -0.1138669 -0.9377476 0.993621 -0.09984833 -0.05241817 0.9936186 -0.09987252 -0.05241793 0.7045357 0.4031301 -0.584051 0.9431426 -0.2943092 -0.1544802 0.9431253 -0.294366 -0.1544778 0.844951 -0.4003192 -0.3546866 0.8449373 -0.4003597 -0.3546735 0.7045296 -0.4031491 -0.5840453 0.5292599 0.6350727 -0.5626426 0.5292503 0.6350815 -0.5626416 0.5292443 -0.3008623 -0.7933363 0.5292502 -0.3008798 -0.7933257 0.3281352 0.8364279 -0.4389939 0.3281184 0.8364357 -0.4389917 0.529245 -0.1022806 -0.8422817 0.5292634 -0.102265 -0.842272 0.9936169 -0.08444482 -0.07479625 0.1111652 0.9649228 -0.237837 0.9431328 -0.2488232 -0.220426 0.9936189 -0.084423 -0.07479572 0.1111607 0.9649251 -0.2378296 0.9936178 0.04001361 -0.1054637 0.8449396 -0.30384 -0.44018 0.9936188 0.03998845 -0.1054643 0.704534 -0.2516494 -0.6635544 0.704532 -0.2516583 -0.6635532 0.8449391 0.3038461 -0.4401767 0.7045312 -0.08554339 -0.7044985 0.844945 0.3038229 -0.4401813 0.9936179 -0.0640828 -0.09282809 0.704537 0.5311933 -0.4705968 0.9936187 -0.06406885 -0.09282827 0.7045271 0.5312106 -0.4705922 0.9431324 -0.1888474 -0.2735653 0.8449425 -0.1896704 -0.5000975 0.5292301 0.7512953 -0.3942979 0.8449417 -0.06446224 -0.5309597 0.5292513 0.7512733 -0.3943113 0.8449429 -0.1896564 -0.5001019 0.9936173 -0.04002475 -0.1054648 0.9936182 -0.01359671 -0.1119741 0.9431364 -0.04006296 -0.3299831 0.9936184 -0.01359331 -0.1119723 0.9936192 -0.03997844 -0.1054637 0.9431349 -0.11787 -0.3108109 0.3281289 0.9171818 -0.2260729 0.9431319 -0.1178867 -0.3108132 0.3280995 0.9171954 -0.2260605 0.111165 0.993802 0 0.9936177 0.06408351 -0.0928294 0.9431375 0.1888201 -0.2735665 0.9936195 0.06405848 -0.09282732 0.9431293 0.188853 -0.2735722 0.8449515 0.4003195 -0.3546847 0.8449389 0.4003497 -0.3546809 0.7045385 0.6283755 -0.3298029 0.7045403 0.6283738 -0.3298022 0.5292497 0.8238109 -0.2030525 0.5292329 0.8238238 -0.2030447 0.328118 0.9446367 0 0.1111665 0.9649238 0.2378321 0.1111562 0.9649255 0.2378302 0.9936153 0.08446532 -0.07479482 0.9431299 0.2488347 -0.2204256 0.943143 0.2487831 -0.2204277 0.9936197 0.08441054 -0.07479816 0.8449549 0.4735689 -0.2485638 0.8449321 0.4736133 -0.2485567 0.7045511 0.6890309 -0.1698359 0.7045368 0.6890465 -0.169832 0.5292627 0.8484581 0 0.3281131 0.9171885 0.2260692 0.3281149 0.91719 0.2260602 0.1111619 0.8799736 0.4618329 0.1111567 0.8799622 0.461856 0.9936183 0.09987521 -0.05241948 0.9936214 0.09984612 -0.05241703 0.9431426 0.2943092 -0.1544802 0.9431238 0.2943712 -0.1544768 0.8449366 0.5193251 -0.1279983 0.7045302 0.709674 0 0.7045404 0.709664 0 0.5292273 0.8238272 0.2030446 0.5292687 0.823798 0.2030558 0.32811 0.836445 0.4389804 0.3281258 0.8364273 0.4390024 0.1111578 0.7438696 0.6590159 0.1111586 0.7438815 0.6590024 0.9936149 0.1095478 -0.02699369 0.9936231 0.1094743 -0.02699369 0.9431266 0.3227756 -0.07955074 0.8449277 0.5348806 0 0.8449655 0.534821 0 0.7045267 0.689057 0.1698312 0.7045353 0.6890482 0.1698311 0.5292412 0.7512888 0.3942955 0.5292534 0.7512704 0.3943141 0.3281257 0.7070609 0.6264172 0.328108 0.7070815 0.6264032 0.1111763 0.5645466 0.8178797 0.1111569 0.5645465 0.8178824 0.9936151 0.112824 0 0.9936234 0.1127495 0 0.9431287 0.3324279 0 0.8449337 0.5193296 0.1279997 0.8449585 0.5192886 0.1280019 0.7045346 0.6283816 0.3297995 0.5292648 0.6350752 0.5626351 0.5292485 0.6350774 0.5626479 0.3281078 0.5366157 0.7774246 0.3281161 0.5366176 0.7774198 0.1111615 0.3524038 0.9292227 0.1111729 0.3524117 0.9292183 0.9936149 0.1095478 0.02699369 0.9936209 0.1094938 0.02699363 0.9431197 0.3227955 0.0795508 0.943148 0.3227128 0.07955205 0.8449536 0.4735705 0.2485647 0.8449275 0.4736222 0.2485553 0.7045294 0.5312089 0.4705906 0.5292364 0.4820022 0.6982713 0.5292637 0.481967 0.6982749 0.3281132 0.3349646 0.8832556 0.3281159 0.3349699 0.8832526 0.1111537 0.1197919 0.986557 0.1111637 0.1197927 0.9865559 0.9431257 0.2943653 0.1544763 0.9936164 0.0998944 0.05241823 0.993621 0.09984856 0.05241835 0.9431422 0.2943105 0.1544809 0.8449352 0.400362 0.3546755 0.8449515 0.4003195 0.3546847 0.7045311 0.4031385 0.5840508 0.5292397 0.3008733 0.7933351 0.5292445 0.3008811 0.793329 0.3281264 0.1138628 0.9377465 0.3281163 0.1138696 0.9377492 0.1111553 -0.1197933 0.9865567 0.111161 -0.1197915 0.9865562 0.993615 0.08446806 0.07479703 0.99362 0.0844087 0.07479667 0.9431322 0.2488231 0.2204284 0.8449398 0.3038392 0.44018 0.7045359 0.2516533 0.663551 0.7045344 0.2516428 0.6635566 0.5292518 0.1022765 0.842278 0.5292502 0.10227 0.8422798 0 -0.8854566 0.4647222 0 0.3546032 -0.935017 0 0.5680633 -0.8229849 0 -0.7485122 -0.6631212 0 -0.7485145 -0.6631184 0 0.7485145 -0.6631184 0 -0.5680645 -0.8229842 0 -0.5680656 -0.8229833 0 0.9709418 -0.2393163 0 -0.1205371 -0.9927089 0 0.9709411 0.2393185 0 0.7485093 0.6631244 0 0.3546043 0.9350165 0 -0.1205353 0.9927091 0 -0.5680677 0.8229818 0 -0.7485069 0.6631271 -1 3.44686e-6 0 -1 6.03199e-6 0 -1 1.72342e-6 0 -1 -4.82565e-6 0 -1 8.61714e-7 0 -1 6.89372e-6 0 -1 -9.65116e-6 0 -1 3.61921e-6 0 -1 -8.61712e-7 0 -1 -1.2064e-6 0 -1 4.30858e-6 0 -1 -9.65121e-6 0 -1 1.2064e-6 0 -1 -2.4128e-6 0 -1 1.37875e-5 0 -1 -9.65123e-6 0 -1 2.41282e-6 0 -1 -6.03197e-6 0 -1 9.65121e-6 0 1 4.52398e-6 0 1 2.41279e-6 0 1 4.02134e-6 0 1 1.60853e-5 0 1 -4.02135e-6 0 1 -1.60853e-5 0 1 1.60853e-5 0 1 -8.04269e-6 0 1 5.02666e-7 0 1 9.65125e-6 0 1 8.04272e-6 0 1 -9.65128e-6 0 1 8.04269e-6 0 1 -1.2064e-5 0 1 1.60855e-5 0 1 -8.04266e-6 0 -1 1.80962e-6 0 -1 9.65125e-6 0 -1 -3.21708e-5 0 -1 1.60854e-5 0 -1 -4.02133e-6 0 -1 -9.65118e-6 0 -1 -1.00534e-6 0 -1 -4.82559e-6 0 -1 -3.01602e-6 0 -1 4.82558e-6 0 -1 1.00533e-6 0 -1 -1.60854e-5 0 -1 4.82561e-6 0 -1 4.02133e-6 0 -1 3.016e-6 0 -1 8.04266e-6 0 -1 -4.82558e-6 0 1 -6.032e-6 0 1 3.44684e-6 0 1 3.44685e-6 0 1 -3.44685e-6 0 1 -6.89373e-6 0 1 2.58515e-6 0 1 -2.58514e-6 0 1 -7.2384e-6 0 1 6.032e-6 0 1 6.89372e-6 0 1 1.37874e-5 0 -0.9431352 -0.0400725 0.3299853 -0.9431344 -0.04006218 0.3299888 -0.993622 -0.03998231 0.1054368 -0.1111671 0.5645539 0.8178758 -0.1111564 0.5645382 0.8178882 -0.3281127 0.5366188 0.7774203 -0.529236 0.3008619 0.7933421 -0.5292406 0.3008847 0.7933302 -0.7045394 0.08553683 0.7044911 -0.8449375 -0.06447291 0.5309651 -0.993623 -0.0640397 0.09280246 -0.993621 -0.06406974 0.09280335 -0.1111648 0.3524124 0.929219 -0.3281304 0.334984 0.8832419 -0.3281181 0.3349624 0.8832547 -0.5292398 0.102272 0.842286 -0.7045435 -0.08554059 0.7044866 -0.84494 -0.1896618 0.500105 -0.943134 -0.1888323 0.2735702 -0.9431364 -0.1888279 0.2735651 -0.9936221 -0.08440309 0.07477587 -0.9936203 -0.08442413 0.07477605 -0.1111526 0.1197945 0.9865568 -0.1111622 0.1197897 0.9865564 -0.3281272 0.1138644 0.937746 -0.5292467 -0.1022715 0.8422817 -0.5292476 -0.1022733 0.8422811 -0.704543 -0.2516464 0.663546 -0.7045385 -0.2516518 0.6635487 -0.8449351 -0.3038459 0.4401844 -0.9431357 -0.2488127 0.2204254 -0.9431381 -0.2487999 0.2204297 -0.9936214 -0.09985232 0.05240398 -0.9936203 -0.09986311 0.05240345 -0.1111603 -0.1197946 0.986556 -0.3281318 -0.1138677 0.937744 -0.1111543 -0.1197903 0.9865573 -0.3281202 -0.1138632 0.9377486 -0.5292435 -0.3008678 0.7933348 -0.5292365 -0.3008707 0.7933382 -0.7045404 -0.4031413 0.5840377 -0.7045341 -0.4031409 0.5840455 -0.8449333 -0.400361 0.3546816 -0.8449368 -0.4003502 0.3546852 -0.9431394 -0.2943202 0.1544785 -0.9431332 -0.2943398 0.1544794 -0.9936222 -0.109484 0.0269863 -0.9936197 -0.109506 0.026986 -0.3281222 -0.3349639 0.8832525 -0.1111687 -0.3524095 0.9292197 -0.3281178 -0.3349794 0.8832483 -0.5292485 -0.4819989 0.6982643 -0.7045291 -0.5312068 0.4705935 -0.7045512 -0.5311738 0.4705977 -0.8449376 -0.4735993 0.2485647 -0.8449372 -0.4736001 0.2485642 -0.9431319 -0.3227601 0.07955068 -0.9431347 -0.3227512 0.07955205 -0.1111594 -0.5645536 0.8178772 -0.328123 -0.5366134 0.7774199 -0.5292594 -0.6350778 0.5626373 -0.5292348 -0.6350965 0.5626394 -0.7045288 -0.6283918 0.3297923 -0.7045491 -0.6283645 0.3298009 -0.844947 -0.5193074 0.1280024 -0.844946 -0.5193085 0.1280038 -0.9431319 -0.332419 0 -0.9431324 -0.3324176 0 -0.9936203 -0.1095011 -0.026986 -0.9936222 -0.109484 -0.0269863 -0.1111525 -0.7438744 0.6590114 -0.1111612 -0.743863 0.6590229 -0.3281149 -0.7070716 0.6264107 -0.328126 -0.7070682 0.6264088 -0.529241 -0.7512809 0.3943108 -0.5292534 -0.7512733 0.3943088 -0.7045505 -0.6890323 0.1698327 -0.7045297 -0.6890546 0.1698287 -0.844949 -0.5348471 0 -0.8449314 -0.5348749 0 -0.9431311 -0.3227622 -0.07955121 -0.9431356 -0.322749 -0.07955151 -0.9936236 -0.09982991 -0.0524035 -0.993619 -0.09987533 -0.05240339 -0.1111574 -0.8799675 0.4618456 -0.3281238 -0.8364327 0.4389933 -0.3281216 -0.8364346 0.4389914 -0.5292496 -0.8238103 0.2030555 -0.5292358 -0.8238213 0.2030466 -0.7045447 -0.7096596 0 -0.8449441 -0.519312 -0.128003 -0.9431389 -0.2943215 -0.1544792 -0.9431316 -0.2943454 -0.1544787 -0.9936221 -0.08440357 -0.07477599 -0.9936203 -0.08442312 -0.07477545 -0.9936217 0.0135914 -0.1119432 -0.1111598 -0.9649248 0.2378315 -0.3281262 -0.9171852 0.2260634 -0.943135 0.04006427 -0.3299868 -0.3281059 -0.9171927 0.2260622 -0.9431364 0.04007214 -0.3299819 -0.7045428 -0.6890407 -0.1698309 -0.9936223 0.03998148 -0.1054342 -0.7045475 -0.6890354 -0.1698324 -0.8449397 0.06447237 -0.5309618 -0.8449456 -0.4735842 -0.248566 -0.8449302 -0.4736135 -0.2485625 -0.9431371 -0.2488057 -0.2204274 -0.9431346 -0.2488161 -0.2204266 -0.993623 0.06404006 -0.09280234 -0.9936231 -0.06403934 -0.09280198 -0.9936205 -0.06407928 -0.09280282 -0.9936206 0.06407839 -0.0928021 -0.3281075 -0.9446404 0 -0.7045397 0.08554118 -0.7044903 -0.3281148 -0.944638 0 -0.5292272 -0.823827 -0.203046 -0.5292538 -0.8238075 -0.2030557 -0.8449375 0.1896635 -0.5001085 -0.7045406 -0.6283753 -0.3297987 -0.9431333 0.1888337 -0.2735718 -0.7045413 -0.6283746 -0.3297983 -0.9431356 0.1888288 -0.273567 -0.8449401 -0.4003431 -0.3546855 -0.9936223 0.0844013 -0.07477462 -0.8449316 -0.4003624 -0.3546839 -0.9936208 0.08441907 -0.07477563 -0.9431327 -0.1888341 -0.2735735 -0.5292533 0.1022713 -0.8422777 -0.5292458 0.1022729 -0.8422822 -0.9431368 -0.1888246 -0.2735663 -0.993622 -0.03998839 -0.105435 -0.9936222 -0.0399819 -0.1054353 -0.9936219 -0.01359122 -0.1119417 -0.7045375 0.2516519 -0.6635498 -0.7045381 0.2516478 -0.6635506 -0.3281259 -0.9171844 -0.2260669 -0.1111561 -0.9649248 -0.2378329 -0.1111667 -0.9649238 -0.2378319 -0.3281067 -0.9171923 -0.2260628 -0.529231 -0.7512935 -0.3943003 -0.9431338 0.2488158 -0.22043 -0.5292401 -0.7512822 -0.3943098 -0.7045401 -0.5311918 -0.4705937 -0.9431385 0.2488 -0.2204274 -0.9936211 0.09985393 -0.05240499 -0.8449411 -0.3038281 -0.4401851 -0.8449386 -0.3038335 -0.4401866 -0.9936202 0.09986579 -0.05240213 -0.1111751 0.1197902 -0.9865549 -0.1111313 0.1197884 -0.98656 -0.3281326 0.1138641 -0.9377441 -0.9431354 -0.04006427 -0.3299857 -0.5292365 0.3008707 -0.7933382 -0.9431352 -0.0400725 -0.3299853 -0.5292465 0.3008671 -0.7933331 -0.1111569 -0.8799722 -0.4618368 -0.1111505 -0.879974 -0.4618349 -0.7045345 0.4031455 -0.5840417 -0.5292443 -0.6350931 -0.5626343 -0.7045419 0.4031355 -0.5840399 -0.529242 -0.6350892 -0.5626407 -0.7045384 -0.4031384 -0.584042 -0.8449359 0.4003508 -0.3546867 -0.8449345 0.4003594 -0.3546802 -0.7045406 -0.4031384 -0.5840394 -0.8449385 -0.1896705 -0.5001043 -0.8449367 -0.1896622 -0.5001105 -0.9431338 0.2943385 -0.1544787 -0.9431394 0.2943201 -0.1544798 -0.8449401 -0.06447243 -0.530961 -0.9936223 0.1094843 -0.02698653 -0.3281323 -0.7070674 -0.6264063 -0.1111581 -0.743861 -0.6590257 -0.3281121 -0.7070723 -0.6264114 -0.9936197 0.109506 -0.0269863 -0.5292531 -0.4819779 -0.6982755 -0.1111618 0.3524092 -0.9292206 -0.5292413 -0.4819909 -0.6982753 -0.3281173 0.3349788 -0.8832488 -0.3281307 0.3349642 -0.8832493 -0.7045351 -0.251653 -0.6635518 -0.704543 -0.2516464 -0.663546 -0.5292428 0.481982 -0.6982804 -0.7045392 -0.08554112 -0.7044909 -0.5292479 0.4819895 -0.6982713 -0.111183 -0.5645416 -0.8178821 -0.704533 0.5312008 -0.4705944 -0.1111641 -0.564548 -0.8178803 -0.7045551 0.5311703 -0.4705956 -0.3281162 -0.5366068 -0.7774271 -0.328111 -0.5366171 -0.7774223 -0.5292443 -0.3008607 -0.793337 -0.5292524 -0.1022711 -0.8422781 -0.8449404 0.4735957 -0.2485617 -0.5292476 -0.1022733 -0.8422811 -0.5292398 -0.3008843 -0.793331 -0.1111604 -0.1197909 -0.9865565 -0.1111468 -0.1197885 -0.9865583 -0.1111648 -0.3524038 -0.9292223 -0.3281248 -0.3349785 -0.883246 -0.943132 0.3227601 -0.07954955 -0.3281338 -0.1138645 -0.9377436 -0.328121 -0.3349674 -0.8832516 -0.1111679 0.5645427 -0.8178835 -0.1111738 0.5645484 -0.8178787 -0.3281143 0.5366055 -0.7774289 -0.5292313 0.6350972 -0.562642 -0.5292477 0.6350885 -0.5626363 -0.7045451 0.6283685 -0.3298019 -0.704532 0.6283875 -0.3297935 -0.8449378 0.5193228 -0.1280003 -0.8449461 0.5193086 -0.1280027 -0.9431321 0.3324183 0 -0.9431315 0.3324198 0 -0.9936203 0.1095014 0.02698642 -0.9936222 0.109484 0.02698647 -0.1111447 0.7438737 -0.6590136 -0.3281328 0.7070659 -0.6264078 -0.1111756 0.7438634 -0.65902 -0.5292413 0.7512908 -0.3942917 -0.5292357 0.7512856 -0.394309 -0.7045433 0.6890397 -0.1698324 -0.7045297 0.6890528 -0.1698358 -0.844932 0.5348738 0 -0.8449501 0.5348452 0 -0.9431309 0.3227629 0.07955139 -0.9431357 0.322749 0.07955032 -0.9936191 0.09987562 0.05240368 -0.9936236 0.09983044 0.05240362 -0.1111573 0.8799672 -0.4618464 -0.3281301 0.8364248 -0.4390038 -0.3281385 0.836427 -0.4389934 -0.5292506 0.8238099 -0.2030547 -0.5292513 0.8238097 -0.2030538 -0.7045482 0.7096561 0 -0.7045437 0.7096607 0 -0.8449435 0.519313 0.1280022 -0.9431394 0.2943201 0.1544798 -0.9936222 0.08440172 0.07477504 -0.9936199 0.08442866 0.07477533 -0.1111636 0.9649235 -0.2378345 -0.3281154 0.9171878 -0.2260687 -0.1111577 0.9649257 -0.2378288 -0.3281235 0.9171859 -0.2260646 -0.7045384 0.6890444 0.1698338 -0.7045417 0.6890403 0.1698368 -0.8449305 0.4736136 0.2485615 -0.9431372 0.2488051 0.2204275 -0.9431326 0.2488208 0.2204295 -0.993623 0.06404006 0.09280264 -0.9936209 0.06407344 0.0928018 -0.3281204 0.9446359 0 -0.3281093 0.9446399 0 -0.5292606 0.8238033 0.203055 -0.529241 0.8238167 0.2030516 -0.7045244 0.628399 0.3297879 -0.8449333 0.400361 0.3546816 -0.8449407 0.4003413 0.354686 -0.9431358 0.1888267 0.2735682 -0.9431356 0.1888288 0.273567 -0.9936216 0.03999263 0.1054356 -0.9936222 0.03997904 0.1054357 -0.1111491 0.9649277 0.2378242 -0.1111676 0.9649224 0.2378374 -0.3281164 0.9171881 0.2260662 -0.3281183 0.917189 0.2260593 -0.5292446 0.7512802 0.3943074 -0.5292658 0.7512655 0.3943069 -0.7045417 0.5311907 0.4705927 -0.8449429 0.3038271 0.4401825 -0.8449357 0.3038355 0.4401906 -0.9936219 0.01358586 0.1119417 -0.1111506 0.8799752 0.4618327 -0.1111635 0.8799632 0.4618521 -0.5292454 0.6350878 0.5626392 -0.5292515 0.6350805 0.5626417 -0.7045338 0.4031468 0.5840418 -0.7045442 0.4031245 0.5840446 -0.8449406 0.1896614 0.5001041 -0.8449376 0.1896625 0.5001087 -0.9431343 0.04007273 0.3299881 -0.9936221 -0.01358562 0.1119399 -0.1111605 0.7438624 0.6590236 -0.3281121 0.7070723 0.6264114 -0.3281258 0.7070652 0.6264122 -0.5292379 0.4820042 0.6982688 -0.5292502 0.4819767 0.6982784 -0.7045449 0.2516415 0.6635459 -0.7045333 0.2516577 0.6635521 -0.8449369 0.06446629 0.530967 0 0.8854578 -0.46472 0 0.8854563 -0.4647226 0 0.9709396 -0.2393249 0 -0.1205374 0.9927088 0 -0.1205381 0.9927088 0 0.9709406 0.2393207 0 -0.3545977 0.9350191 0 -0.3545981 0.9350188 0 0.8854572 0.4647212 0 -0.5680718 0.822979 0 -0.5680737 0.8229778 0 0.7485086 0.663125 0 0.7485076 0.6631263 0 -0.7485086 0.663125 0 0.5680699 0.8229803 0 -0.8854604 0.4647149 0 0.3546003 0.935018 0 0.3546008 0.9350179 0 -0.9709405 -0.2393212 0 -0.885461 -0.4647137 0 -0.7485086 -0.663125 0 -0.5680718 -0.822979 0 -0.5680737 -0.8229778 0 -0.3545968 -0.9350193 0 -0.354599 -0.9350185 0 0.3545994 -0.9350184 0 0.3546016 -0.9350175 0 0.5680699 -0.8229803 0 0.7485067 -0.6631273 0.328127 -0.1138629 0.9377462 0.1111687 -0.3524095 0.9292197 0.99362 0.0640614 0.09281957 0.9936193 0.06407332 0.09281897 0.943135 0.1888331 0.2735661 0.9431363 0.1888226 0.273569 0.8449426 0.1896623 0.5001003 0.8449441 0.1896634 0.5000975 0.7045261 0.08554381 0.7045036 0.5292415 -0.1022799 0.8422841 0.3281118 -0.3349736 0.8832527 0.3281282 -0.3349712 0.8832476 0.1111613 -0.5645327 0.8178912 0.99362 0.03998178 0.1054549 0.9936193 0.03999871 0.1054555 0.8449412 0.06446415 0.5309602 0.7045336 -0.0855447 0.704496 0.5292391 -0.300863 0.7933396 0.5292404 -0.3008788 0.7933327 0.3281112 -0.5366222 0.7774186 0.111155 -0.7438607 0.6590264 0.1111595 -0.7438725 0.6590125 0.9936196 0.01359122 0.1119623 0.9431343 0.04005962 0.3299893 0.9431356 0.04006564 0.3299849 0.8449423 -0.06446874 0.5309579 0.7045412 -0.2516475 0.6635475 0.5292438 -0.4819945 0.698271 0.5292424 -0.4819906 0.6982748 0.3281179 -0.7070664 0.626415 0.3281229 -0.7070733 0.6264047 0.1111574 -0.8799675 0.4618456 0.9936197 -0.01359635 0.1119605 0.9431343 -0.04007053 0.3299882 0.8449406 -0.1896715 0.5001004 0.8449474 -0.1896536 0.5000954 0.704536 -0.4031358 0.5840468 0.7045342 -0.4031354 0.5840492 0.5292402 -0.6350961 0.5626346 0.5292506 -0.6350848 0.5626378 0.1111582 -0.9649257 0.2378282 0.9936195 -0.03999298 0.1054564 0.8449452 -0.3038283 0.4401775 0.7045316 -0.5311954 0.4706025 0.7045414 -0.5311856 0.470599 0.5292373 -0.751289 0.3943004 0.5292431 -0.7512807 0.3943086 0.3281313 -0.9171818 0.2260699 0.328114 -0.9171892 0.2260646 0.99362 -0.06406104 0.09281939 0.9936195 -0.06406968 0.09282052 0.9431354 -0.1888297 0.2735671 0.9431338 -0.1888387 0.2735667 0.8449393 -0.4003512 0.3546782 0.8449352 -0.4003614 0.3546761 0.7045392 -0.6283747 0.3298026 0.7045353 -0.6283817 0.3297976 0.529245 -0.8238142 0.2030516 0.5292326 -0.8238232 0.2030475 0.328105 -0.9446414 0 0.3281209 -0.9446358 0 0.1111663 -0.9649241 -0.2378311 0.1111561 -0.9649248 -0.2378329 0.9936209 -0.08440297 0.07478976 0.9936184 -0.08443391 0.07479 0.9431378 -0.2488028 0.2204279 0.9431381 -0.2488014 0.2204276 0.844941 -0.4735955 0.2485597 0.8449442 -0.4735893 0.2485609 0.7045358 -0.6890477 0.1698313 0.704549 -0.6890329 0.1698364 0.3281194 -0.9171851 -0.2260736 0.3281134 -0.9171914 -0.2260566 0.1111535 -0.879967 -0.4618473 0.1111583 -0.8799689 -0.4618425 0.9431362 -0.2943305 0.1544788 0.844937 -0.5193245 0.1279987 0.8449427 -0.5193147 0.128001 0.7045477 -0.7096567 0 0.704524 -0.7096802 0 0.5292381 -0.8238186 -0.2030522 0.5292523 -0.8238093 -0.2030529 0.3281329 -0.8364333 -0.4389856 0.3281305 -0.8364248 -0.4390034 0.1111559 -0.7438725 -0.6590129 0.1111313 0.1197941 -0.9865593 0.1111751 0.1197902 -0.9865549 0.9936197 -0.1095052 0.02699148 0.9936189 -0.1095134 0.02699095 0.9431349 -0.3227512 0.07955145 0.3281326 0.113866 -0.9377439 0.9431359 -0.3227478 0.07955163 0.8449397 -0.5348618 0 0.8449343 -0.5348702 0 0.1111616 0.3524125 -0.9292194 0.7045327 -0.6890503 -0.1698337 0.7045384 -0.6890452 -0.1698303 0.5292406 0.1022797 -0.8422846 0.5292478 -0.7512758 -0.3943113 0.5292288 -0.7512936 -0.3943029 0.3281354 0.3349679 -0.8832461 0.3281266 -0.7070685 -0.6264082 0.3281198 0.3349739 -0.8832496 0.1111679 0.5645427 -0.8178835 0.111183 -0.5645416 -0.8178821 0.1111646 -0.5645421 -0.8178843 0.1111745 0.5645399 -0.8178845 0.9431388 -0.3323992 0 0.7045333 0.08554041 -0.7044968 0.9431365 -0.3324059 0 0.5292408 0.3008711 -0.7933353 0.8449452 -0.5193109 -0.127999 0.8449369 -0.5193241 -0.1280009 0.5292418 0.3008702 -0.793335 0.7045289 -0.6283894 -0.3297968 0.3281186 0.5366062 -0.7774266 0.7045385 -0.6283755 -0.3298029 0.3281021 0.5366353 -0.7774134 0.5292367 -0.6350893 -0.5626457 0.111146 0.7438668 -0.6590211 0.5292493 -0.6350929 -0.5626298 0.1111749 0.7438672 -0.6590157 0.3281112 -0.5366222 -0.7774186 0.8449391 0.06447374 -0.5309627 0.8449416 0.06446439 -0.5309597 0.1111643 -0.3524147 -0.9292182 0.1111604 -0.1197909 -0.9865565 0.1111466 -0.1197941 -0.9865576 0.7045269 0.2516594 -0.6635583 0.9431368 -0.3227457 -0.0795511 0.9936197 -0.1095052 -0.0269913 0.9936177 -0.1095231 -0.02699106 0.5292476 0.4819731 -0.6982829 0.5292441 0.4819948 -0.6982705 0.8449456 -0.4735857 -0.2485636 0.3281201 0.7070658 -0.6264145 0.8449472 -0.4735848 -0.2485598 0.7045465 -0.531181 -0.4705963 0.3281295 0.7070711 -0.6264037 0.1111573 0.8799672 -0.4618464 0.5292441 -0.4819948 -0.6982705 0.529249 -0.4819781 -0.6982784 0.9936193 0.01359671 -0.1119638 0.9431352 0.04006922 -0.3299856 0.9431365 0.04006069 -0.3299831 0.3281277 -0.3349695 -0.8832484 0.3281187 -0.3349728 -0.8832505 0.3281338 -0.1138665 -0.9377435 0.8449469 0.1896535 -0.5000963 0.8449384 0.1896735 -0.5001032 0.9936174 -0.09988754 -0.05241322 0.993621 -0.09985119 -0.05241316 0.7045342 0.4031378 -0.5840476 0.943132 -0.294344 -0.1544792 0.9431344 -0.2943367 -0.1544781 0.8449399 -0.4003484 -0.3546798 0.7045329 0.4031463 -0.5840433 0.8449349 -0.4003604 -0.3546783 0.5292492 0.6350807 -0.5626437 0.5292323 0.6351009 -0.5626368 0.5292431 -0.3008692 -0.7933345 0.5292416 -0.3008716 -0.7933345 0.5292415 -0.1022799 -0.8422841 0.9936191 -0.08442485 -0.07478988 0.1111636 0.9649235 -0.2378345 0.9431352 -0.2488103 -0.2204302 0.9936193 -0.084423 -0.07478928 0.9431397 -0.2487981 -0.2204248 0.1111562 0.9649266 -0.2378255 0.9936198 0.03999215 -0.1054538 0.8449427 -0.3038274 -0.4401828 0.7045378 -0.2516563 -0.6635478 0.7045288 -0.2516519 -0.663559 0.8449443 0.3038296 -0.4401782 0.7045338 -0.08554047 -0.7044962 0.9936195 -0.06407141 -0.09281879 0.7045399 0.5311868 -0.4705998 0.9936195 -0.06406933 -0.09282004 0.7045336 0.5311991 -0.4705954 0.9431349 -0.1888336 -0.2735661 0.9431347 -0.1888251 -0.2735731 0.8449445 -0.1896617 -0.5000975 0.8449416 -0.06447327 -0.5309585 0.5292408 0.7512882 -0.3942971 0.8449401 -0.06446492 -0.5309619 0.5292425 0.751281 -0.3943089 0.8449407 -0.1896646 -0.5001027 0.9936195 -0.01359659 -0.1119623 0.9431366 -0.04006069 -0.3299826 0.9936194 -0.03999823 -0.1054545 0.3281304 0.9171822 -0.226069 0.9431342 -0.04006958 -0.3299887 0.3281122 0.9171894 -0.2260667 0.9936193 0.06407213 -0.09281951 0.9431325 0.1888412 -0.2735692 0.9936197 0.06406843 -0.09281903 0.9431347 0.1888303 -0.2735692 0.8449359 0.4003596 -0.3546767 0.8449399 0.4003504 -0.3546775 0.7045288 0.6283904 -0.329795 0.7045289 0.6283866 -0.329802 0.5292654 0.8237986 -0.2030617 0.5292315 0.8238246 -0.203045 0.3281227 0.9446351 0 0.3281068 0.9446407 0 0.1111633 0.9649251 0.2378281 0.1111557 0.9649236 0.2378382 0.9936213 0.08440119 -0.07478839 0.9431369 0.2488052 -0.2204288 0.9431376 0.2488025 -0.2204292 0.993618 0.08443862 -0.07478964 0.8449481 0.4735823 -0.2485608 0.8449444 0.4735894 -0.2485598 0.7045331 0.6890499 -0.1698336 0.7045279 0.6890546 -0.1698362 0.3281239 0.9171838 0.2260727 0.3281151 0.9171906 0.2260574 0.1111589 0.879974 0.461833 0.1111566 0.8799613 0.4618574 0.9431363 0.2943298 -0.1544796 0.8449406 0.5193184 -0.128 0.8449442 0.5193129 -0.1279984 0.7045455 0.7096588 0 0.5292367 0.8238205 0.2030479 0.5292521 0.8238092 0.2030537 0.3281277 0.8364287 0.4389984 0.3281251 0.8364295 0.4389985 0.1111589 0.7438712 0.6590139 0.9936197 0.1095055 -0.02699154 0.9431357 0.3227485 -0.07955181 0.9936188 0.1095134 -0.02699154 0.9431353 0.3227505 -0.07955002 0.8449409 0.5348597 0 0.8449349 0.5348692 0 0.704534 0.6890495 0.1698313 0.7045433 0.6890373 0.1698426 0.52924 0.7512872 0.3943005 0.5292516 0.7512788 0.3943009 0.3281283 0.7070615 0.6264152 0.3281093 0.7070772 0.6264073 0.1111681 0.5645436 0.8178828 0.1111558 0.5645447 0.8178837 0.9431363 0.3324066 0 0.9431385 0.3324 0 0.844939 0.5193212 0.127999 0.8449428 0.5193147 0.1279999 0.7045327 0.6283832 0.3298004 0.7045371 0.6283779 0.329801 0.5292404 0.6350839 0.5626484 0.3281186 0.5366216 0.777416 0.1111646 0.3524166 0.9292174 0.9936197 0.1095052 0.02699148 0.9936177 0.1095234 0.0269916 0.943136 0.3227475 0.07955241 0.9431368 0.3227458 0.07954996 0.8449413 0.4735957 0.2485588 0.8449488 0.4735814 0.2485605 0.7045417 0.5311847 0.4705995 0.5292549 0.4819843 0.6982696 0.3281221 0.3349696 0.8832504 0.3281267 0.3349731 0.8832474 0.1111527 0.1197907 0.9865573 0.1111621 0.1197935 0.9865559 0.9431345 0.2943359 0.1544789 0.9936209 0.09985172 0.05241328 0.9936174 0.09988778 0.05241352 0.9431325 0.2943427 0.1544785 0.8449375 0.4003573 0.3546755 0.8449406 0.4003466 0.3546805 0.5292413 0.3008696 0.7933356 0.529236 0.3008729 0.7933379 0.3281263 0.113864 0.9377463 0.3281258 0.1138625 0.9377467 0.1111543 -0.119795 0.9865567 0.1111604 -0.1197909 0.9865565 0.9936212 0.08440166 0.0747891 0.9936185 0.08443349 0.07478916 0.9431383 0.2488002 0.2204283 0.9431354 0.248811 0.2204284 0.8449431 0.3038275 0.4401818 0.7045356 0.2516489 0.6635529 0.7045334 0.2516506 0.6635546 0.5292472 0.1022795 0.8422805 0.5292447 0.102269 0.8422833 0 -0.8854556 0.4647241 0 -0.8854551 0.4647251 0 -0.9709416 0.2393168 0 -0.9709418 -0.2393163 0 0.3546048 -0.9350163 0 0.5680648 -0.8229839 0 -0.8854545 -0.4647261 0 -0.885454 -0.4647271 0 0.5680664 -0.8229827 0 0.7485123 -0.6631209 0 -0.7485157 -0.6631171 0 -0.7485147 -0.6631183 0 0.885455 -0.4647251 0 -0.5680636 -0.8229846 0 0.8854536 -0.4647279 0 -0.5680642 -0.8229843 0 -0.3546029 -0.935017 0 0.9709411 -0.2393191 0 0.8854541 0.464727 0 0.8854566 0.4647222 0 0.7485082 0.6631256 0 0.748508 0.6631257 0 0.568068 0.8229817 0 0.5680688 0.8229811 0 0.3546058 0.9350159 0 -0.5680658 0.8229833 0 -0.7485104 0.663123 0 -0.7485094 0.6631242 -1 8.61709e-7 0 -1 -2.58514e-6 0 -1 -6.8937e-6 0 -1 7.2384e-6 0 -1 2.58514e-6 0 -1 -3.44684e-6 0 -1 1.20641e-6 0 -1 3.44684e-6 0 -1 -1.20641e-6 0 1 -1.80961e-6 0 1 4.02136e-6 0 1 -3.61919e-6 0 1 4.82561e-6 0 1 1.50801e-6 0 1 -4.02134e-6 0 1 -2.41281e-6 0 -1 1.60854e-5 0 -1 2.71441e-6 0 -1 -2.71443e-6 0 -1 2.41279e-6 0 -1 1.2064e-5 0 -1 3.51866e-6 0 -1 -1.2064e-5 0 -1 -3.51869e-6 0 -1 4.02132e-6 0 -1 4.02134e-6 0 1 8.61709e-7 0 1 9.65123e-6 0 1 -9.65121e-6 0 1 -4.82561e-6 0 1 -1.72342e-6 0 1 -8.61712e-7 0 1 9.65122e-6 0 1 6.89371e-6 0 1 -3.44686e-6 0 1 6.8937e-6 0 1 -2.41279e-6 0 1 9.65116e-6 0 1 -3.44687e-6 0 -0.9431276 -0.04006934 0.3300074 -0.9936226 -0.0399931 0.105427 -0.1111688 0.5645471 0.8178804 -0.3281073 0.5366294 0.7774153 -0.529239 0.3008755 0.7933348 -0.5292488 0.3008649 0.7933323 -0.7045333 0.08554041 0.7044968 -0.8449422 -0.06447327 0.5309577 -0.9431282 -0.1178842 0.3108258 -0.9431268 -0.1178876 0.3108288 -0.9936224 -0.06406122 0.0927937 -0.9936243 -0.0640304 0.09279501 -0.1111661 0.352408 0.9292205 -0.3281288 0.3349665 0.8832491 -0.3281121 0.3349851 0.8832483 -0.529244 0.1022768 0.8422828 -0.7045266 -0.08554387 0.7045031 -0.8449454 -0.1896544 0.5000985 -0.8449427 -0.1896707 0.5000971 -0.9431294 -0.1888313 0.2735867 -0.9431284 -0.1888461 0.2735801 -0.9936226 -0.08440315 0.07476902 -0.9936237 -0.0843898 0.07476919 -0.1111634 0.1197939 0.9865557 -0.3281241 0.1138652 0.937747 -0.5292517 -0.1022659 0.8422793 -0.7045385 -0.2516448 0.6635515 -0.7045337 -0.2516502 0.6635545 -0.8449382 -0.303847 0.440178 -0.9431296 -0.2488248 0.2204378 -0.9431305 -0.2488176 0.2204422 -0.9936216 -0.09985232 0.05239909 -0.9936255 -0.09981417 0.0523988 -0.1111615 -0.1197882 0.9865567 -0.3281288 -0.1138666 0.9377452 -0.1111555 -0.1197944 0.9865565 -0.3281163 -0.1138696 0.9377492 -0.5292482 -0.3008666 0.793332 -0.5292395 -0.3008806 0.7933326 -0.8449415 -0.4003466 0.3546782 -0.8449406 -0.4003477 0.3546792 -0.9431325 -0.2943378 0.1544879 -0.9431241 -0.2943645 0.1544877 -0.9936199 -0.1095052 0.02698373 -0.9936249 -0.1094596 0.02698367 -0.3281171 -0.3349799 0.8832484 -0.1111696 -0.3524152 0.9292174 -0.3281158 -0.3349695 0.8832528 -0.5292395 -0.4819958 0.6982734 -0.5292599 -0.4819766 0.6982711 -0.8449388 -0.4736 0.2485593 -0.8449536 -0.4735705 0.2485647 -0.9431284 -0.3227688 0.07955646 -0.1111612 -0.5645475 0.8178811 -0.111168 -0.5645425 0.8178835 -0.3281193 -0.536617 0.7774188 -0.3281085 -0.5366129 0.7774262 -0.5292641 -0.6350755 0.5626354 -0.5292479 -0.6350795 0.5626461 -0.7045369 -0.6283786 0.3298002 -0.7045403 -0.6283738 0.3298022 -0.8449491 -0.5193044 0.1280005 -0.8449302 -0.5193355 0.1279991 -0.9431284 -0.3324288 0 -0.9936256 -0.1094534 -0.02698367 -0.1111542 -0.7438709 0.6590152 -0.1111621 -0.743865 0.6590204 -0.3281075 -0.7070825 0.6264023 -0.3281207 -0.7070726 0.6264066 -0.5292421 -0.7512825 0.3943066 -0.5292466 -0.7512833 0.3942987 -0.7045254 -0.689059 0.1698287 -0.7045294 -0.6890541 0.1698318 -0.8449456 -0.5348526 0 -0.9431346 -0.3227508 -0.0795561 -0.9431172 -0.322802 -0.07955491 -0.9936217 -0.09985125 -0.05239856 -0.9936265 -0.0998044 -0.05239886 -0.1111576 -0.8799695 0.4618418 -0.3281167 -0.836438 0.4389888 -0.3281297 -0.8364237 0.4390062 -0.1111573 -0.8799702 0.4618406 -0.5292344 -0.8238221 0.2030477 -0.5292646 -0.8238009 0.2030546 -0.8449156 -0.5193603 -0.1279951 -0.8449626 -0.5192815 -0.1280037 -0.943121 -0.2943753 -0.1544862 -0.9431269 -0.2943555 -0.1544883 -0.9936226 -0.08440357 -0.07476896 -0.9936234 -0.08439368 -0.07476872 -0.9936231 0.01358348 -0.1119312 -0.9936227 0.01360219 -0.1119326 -0.11116 -0.9649251 0.2378301 -0.1111583 -0.9649261 0.2378265 -0.3281175 -0.9171888 0.2260613 -0.9431285 0.04006892 -0.3300049 -0.3281247 -0.9171823 0.2260771 -0.9431298 0.04007184 -0.3300008 -0.7045263 -0.6890577 -0.1698299 -0.9936229 0.03999227 -0.1054245 -0.7045305 -0.6890532 -0.1698305 -0.8449438 0.06447273 -0.5309553 -0.844949 -0.4735797 -0.2485628 -0.8449388 -0.4736 -0.2485593 -0.9431276 0.1178871 -0.3108263 -0.943132 -0.2488135 -0.2204406 -0.943127 0.117876 -0.3108322 -0.9431317 -0.2488154 -0.2204396 -0.9936224 0.06406158 -0.09279382 -0.9936211 -0.06408232 -0.09279304 -0.9936243 -0.06403011 -0.09279453 -0.993624 0.06403899 -0.09279346 -0.3281173 -0.9446371 0 -0.7045302 0.08554327 -0.7044996 -0.3281065 -0.9446408 0 -0.8449422 0.1896706 -0.5000979 -0.5292559 -0.8238064 -0.203055 -0.5292383 -0.8238198 -0.2030468 -0.8449434 0.1896562 -0.5001013 -0.7045331 -0.6283829 -0.3298003 -0.9431289 0.1888329 -0.2735877 -0.7045403 -0.6283738 -0.3298022 -0.9431276 0.188847 -0.2735819 -0.8449406 -0.4003477 -0.3546792 -0.9936228 0.0844013 -0.07476758 -0.8449402 -0.4003481 -0.3546795 -0.9936237 0.08438962 -0.07476902 -0.9431245 -0.1888523 -0.273589 -0.5292508 0.1022657 -0.8422799 -0.9431314 -0.1888281 -0.2735819 -0.9936233 -0.03997856 -0.1054252 -0.9936229 -0.01360201 -0.1119314 -0.7045308 0.2516658 -0.6635516 -0.9936231 -0.01358348 -0.1119309 -0.7045301 0.2516621 -0.6635538 -0.3281257 -0.9171836 -0.2260707 -0.1111595 -0.9649234 -0.2378372 -0.1111648 -0.9649255 -0.2378259 -0.3281047 -0.9171928 -0.2260634 -0.8449373 0.3038483 -0.4401788 -0.5292578 -0.7512663 -0.3943162 -0.9431277 0.248828 -0.2204423 -0.529226 -0.7513006 -0.3942934 -0.7045424 -0.5311813 -0.4706024 -0.7045354 -0.5311964 -0.4705958 -0.9431309 0.2488178 -0.2204404 -0.9936171 0.0998966 -0.05240005 -0.8449395 -0.3038458 -0.4401763 -0.9936273 0.09979724 -0.05239725 -0.1111762 0.1197876 -0.9865551 -0.1111325 0.1197946 -0.9865592 -0.3281295 0.1138688 -0.9377447 -0.9431288 -0.117875 -0.3108277 -0.9431287 -0.04006898 -0.3300043 -0.5292429 0.3008662 -0.7933358 -0.9431288 -0.0400722 -0.3300037 -0.5292512 0.3008658 -0.7933303 -0.1111585 -0.879971 -0.4618386 -0.1111567 -0.8799622 -0.461856 -0.3281523 -0.8364099 -0.4390155 -0.3281084 -0.8364467 -0.4389783 -0.5292571 -0.6350758 -0.5626418 -0.5292398 -0.6351003 -0.5626304 -0.7045349 -0.4031364 -0.5840477 -0.8449392 0.4003481 -0.3546817 -0.8449428 0.400345 -0.3546768 -0.7045384 -0.4031331 -0.5840458 -0.8449466 -0.1896465 -0.5000995 -0.8449395 -0.1896721 -0.5001018 -0.9431248 0.2943633 -0.1544864 -0.9431324 0.2943377 -0.1544885 -0.8449447 -0.06447279 -0.5309536 -0.1111667 -0.7438823 -0.6590001 -0.9936199 0.1095055 -0.02698379 -0.3281285 -0.7070688 -0.6264067 -0.1111576 -0.7438712 -0.6590141 -0.3281146 -0.7070618 -0.626422 -0.9936249 0.1094596 -0.02698397 -0.5292503 -0.481999 -0.6982629 -0.1111627 0.3524132 -0.929219 -0.5292572 -0.4819564 -0.6982871 -0.3281147 0.3349683 -0.8832537 -0.3281252 0.3349835 -0.883244 -0.7045274 -0.2516667 -0.6635549 -0.5292437 0.4819906 -0.6982737 -0.5292593 0.4819672 -0.6982781 -0.7045307 -0.08554333 -0.704499 -0.1111848 -0.5645357 -0.817886 -0.1111657 -0.5645421 -0.8178842 -0.3281077 -0.5366275 -0.7774165 -0.328109 -0.5366137 -0.7774254 -0.8449416 0.4735965 -0.2485563 -0.5292517 -0.1022659 -0.8422793 -0.8449532 0.4735715 -0.2485641 -0.5292479 -0.3008643 -0.793333 -0.1111615 -0.1197882 -0.9865567 -0.1111479 -0.1197946 -0.9865574 -0.1111658 -0.3524061 -0.9292212 -0.3281229 -0.3349686 -0.8832505 -0.3281301 -0.113869 -0.9377444 -0.3281159 -0.3349834 -0.8832474 -0.9431285 0.3227688 -0.07955527 -0.1111695 0.5645357 -0.817888 -0.328109 0.5366137 -0.7774254 -0.1111755 0.564543 -0.8178822 -0.3281053 0.5366311 -0.777415 -0.5292447 0.6350805 -0.5626481 -0.5292415 0.6351047 -0.5626239 -0.7045365 0.628378 -0.3298022 -0.7045325 0.6283838 -0.3297998 -0.8449504 0.5193025 -0.1280001 -0.8449302 0.5193355 -0.127998 -0.9431282 0.3324295 0 -0.9936256 0.1094537 0.02698409 -0.1111464 0.7438696 -0.6590179 -0.3281164 0.7070657 -0.6264166 -0.3281275 0.7070703 -0.6264056 -0.1111738 0.7438802 -0.6590012 -0.5292682 0.7512635 -0.3943076 -0.5292295 0.7512946 -0.3943005 -0.7045264 0.6890575 -0.1698305 -0.7045205 0.6890622 -0.1698356 -0.8449467 0.5348505 0 -0.9431343 0.3227515 0.07955628 -0.9431172 0.322802 0.07955366 -0.9936264 0.09980458 0.05239915 -0.9936217 0.09985184 0.0523985 -0.1111575 0.8799687 -0.4618434 -0.1111547 0.8799661 -0.4618489 -0.3281292 0.8364226 -0.4390085 -0.3281279 0.8364366 -0.4389831 -0.5292403 0.8238184 -0.2030468 -0.5292658 0.8237995 -0.2030574 -0.7045485 0.7096558 0 -0.8449148 0.5193612 0.1279965 -0.8449622 0.5192826 0.1280018 -0.9431216 0.2943739 0.1544855 -0.9936228 0.08440178 0.074768 -0.993623 0.08439922 0.07476878 -0.111167 0.9649219 -0.2378397 -0.3281152 0.9171873 -0.2260706 -0.1111563 0.9649275 -0.237822 -0.328115 0.9171898 -0.2260606 -0.704522 0.6890616 0.1698319 -0.7045248 0.6890581 0.1698349 -0.844939 0.4736001 0.2485582 -0.8449493 0.4735799 0.2485617 -0.9431319 0.2488129 0.2204411 -0.9431298 0.2488201 0.2204425 -0.9936224 0.06406158 0.09279382 -0.9936245 0.06402915 0.09279346 -0.3281031 0.944642 0 -0.3281191 0.9446364 0 -0.5292306 0.823826 0.2030415 -0.5292842 0.823786 0.2030641 -0.7045316 0.628387 0.3297954 -0.7045376 0.6283752 0.329805 -0.8449411 0.4003459 0.3546798 -0.9431305 0.1888302 0.2735839 -0.9431276 0.188847 0.2735819 -0.9936227 0.03999269 0.1054256 -0.9936232 0.0399791 0.1054262 -0.1111525 0.9649261 0.2378294 -0.1111646 0.9649253 0.2378271 -0.3281149 0.9171882 0.2260671 -0.3281276 0.9171836 0.2260677 -0.5292454 0.7512814 0.3943039 -0.5292556 0.7512787 0.3942954 -0.7045443 0.5311803 0.4706005 -0.7045286 0.5312009 0.4706009 -0.8449412 0.3038448 0.4401736 -0.8449382 0.3038407 0.4401822 -0.9431269 0.1178852 0.3108293 -0.9936231 0.01358586 0.1119314 -0.3281157 0.836437 0.4389912 -0.1111538 0.8799698 0.461842 -0.1111621 0.8799695 0.4618407 -0.3281298 0.8364241 0.4390054 -0.5292491 0.6350882 0.5626352 -0.5292588 0.635073 0.5626434 -0.7045316 0.4031415 0.5840482 -0.7045357 0.4031369 0.5840463 -0.8449474 0.1896457 0.5000984 -0.8449404 0.1896722 0.5001001 -0.9431285 0.04005414 0.3300067 -0.9936231 -0.0135836 0.111932 -0.111158 0.7438706 0.6590149 -0.111162 0.7438594 0.6590267 -0.3281069 0.7070767 0.6264093 -0.3281189 0.7070734 0.6264067 -0.5292534 0.4819693 0.6982811 -0.5292471 0.4819975 0.6982665 -0.7045396 0.2516477 0.6635491 -0.8449411 0.06446659 0.53096 0 -0.1205382 0.9927088 0 -0.3545968 0.9350193 0 0.8854578 0.46472 0 -0.5680762 0.8229761 0 -0.7485056 0.6631285 0 -0.8854586 0.4647185 0 0.5680706 0.8229799 0 0.3545981 0.9350188 0 0.3546016 0.9350175 0 0.1205382 0.9927088 0 0.1205374 0.9927088 0 -0.8854598 -0.464716 0 -0.7485056 -0.6631285 0 -0.5680755 -0.8229765 0 -0.5680724 -0.8229786 0 -0.3545977 -0.9350191 0 -0.1205377 -0.9927088 0 0.1205377 -0.9927088 0 0.1205379 -0.9927088 0 0.354599 -0.9350185 0 0.3546008 -0.9350179 0 0.5680706 -0.8229799 0.3281233 -0.1138655 0.9377472 0.1111701 -0.3524034 0.9292218 0.9936179 0.0640828 0.09282809 0.9936195 0.06405848 0.09282767 0.9431324 0.1888474 0.2735653 0.8449411 0.1896711 0.5000994 0.5292459 -0.1022808 0.8422812 0.328109 -0.3349708 0.8832549 0.3281258 -0.3349648 0.8832508 0.1111612 -0.5645475 0.8178811 0.1111679 -0.5645433 0.8178831 0.9936181 0.04000329 0.1054648 0.9936187 0.03998881 0.105465 0.7045333 -0.08554899 0.7044957 0.529244 -0.3008617 0.7933368 0.5292445 -0.3008811 0.793329 0.3281087 -0.5366182 0.7774225 0.1111517 -0.7438845 0.6590002 0.111161 -0.743871 0.6590138 0.9936182 0.01360195 0.1119729 0.9936186 0.01358336 0.1119718 0.943134 0.04006952 0.3299892 0.9431357 0.04006332 0.3299849 0.8449427 -0.06446236 0.5309582 0.7045426 -0.2516399 0.6635489 0.5292521 -0.4819748 0.6982783 0.3281117 -0.7070747 0.626409 0.3281248 -0.7070622 0.6264162 0.1111576 -0.8799695 0.4618418 0.1111587 -0.8799669 0.4618464 0.9936186 -0.01359099 0.1119708 0.9431345 -0.04006367 0.3299883 0.844939 -0.1896803 0.5000995 0.8449488 -0.1896453 0.5000963 0.7045384 -0.4031286 0.5840488 0.7045296 -0.4031491 0.5840453 0.5292532 -0.6350802 0.5626405 0.5292606 -0.6350724 0.5626423 0.3281184 -0.8364357 0.4389917 0.3281236 -0.8364307 0.4389975 0.1111633 -0.9649229 0.2378371 0.1111598 -0.9649252 0.2378296 0.993618 -0.04000371 0.105466 0.8449405 -0.3038449 0.440175 0.704522 -0.5312139 0.470596 0.5292511 -0.7512769 0.3943048 0.5292505 -0.7512747 0.3943099 0.3281298 -0.9171815 0.2260728 0.3281046 -0.9171937 0.2260601 0.9936179 -0.06408244 0.09282791 0.9936192 -0.06405979 0.09282916 0.9431319 -0.1888488 0.2735661 0.9431371 -0.188821 0.2735677 0.8449408 -0.4003474 0.3546788 0.8449528 -0.400318 0.3546835 0.7045426 -0.6283718 0.329801 0.5292608 -0.8238031 0.2030556 0.3281194 -0.9446362 0 0.1111683 -0.9649233 -0.2378335 0.1111562 -0.9649255 -0.2378302 0.9936168 -0.08444577 0.07479655 0.9936192 -0.08441913 0.07479697 0.9431296 -0.2488352 0.220426 0.9431425 -0.2487842 0.2204287 0.8449314 -0.4736142 0.2485572 0.7045379 -0.6890454 0.1698318 0.7045332 -0.6890501 0.1698326 0.3281118 -0.9171887 -0.2260703 0.3281132 -0.9171906 -0.2260603 0.1111537 -0.879969 -0.4618435 0.1111602 -0.879967 -0.4618456 0.9936163 -0.09989494 0.05241852 0.9431238 -0.2943712 0.1544768 0.9936215 -0.09984344 0.05241823 0.844928 -0.5193395 0.1279973 0.8449578 -0.5192895 0.1280032 0.7045302 -0.709674 0 0.7045404 -0.709664 0 0.5292382 -0.8238188 -0.2030503 0.5292553 -0.8238078 -0.203051 0.3281237 -0.8364408 -0.4389781 0.3281267 -0.836427 -0.4390022 0.1111717 -0.743855 -0.6590301 0.1111577 -0.7438708 -0.6590146 0.1111325 0.1197936 -0.9865593 0.1111762 0.1197876 -0.9865551 0.9936149 -0.1095478 0.02699369 0.9936231 -0.1094743 0.02699369 0.9431266 -0.3227756 0.07955074 0.3281296 0.113865 -0.9377451 0.8449277 -0.5348806 0 0.8449655 -0.534821 0 0.111163 0.3524081 -0.9292209 0.7045413 -0.689041 -0.1698357 0.529245 0.1022806 -0.8422817 0.5292522 -0.7512738 -0.3943095 0.5292424 -0.7512813 -0.394308 0.3281327 0.3349592 -0.8832504 0.3281207 -0.7070743 -0.6264047 0.328117 0.3349711 -0.8832517 0.3281114 -0.7070806 -0.6264024 0.1111686 0.5645462 -0.8178809 0.1111838 -0.5645461 -0.8178789 0.1111655 -0.564544 -0.8178829 0.1111755 0.5645436 -0.8178818 0.9431287 -0.3324279 0 0.8449324 -0.5193316 -0.1280002 0.529248 0.3008615 -0.7933342 0.7045346 -0.6283816 -0.3297995 0.3281146 0.5366113 -0.7774248 0.3281028 0.5366211 -0.7774229 0.529245 -0.6350809 -0.5626474 0.1111464 0.7438696 -0.6590179 0.529262 -0.6350765 -0.5626363 0.1111765 0.7438652 -0.6590178 0.3281065 -0.53663 -0.7774153 0.8449417 0.06446224 -0.5309597 0.3281118 -0.5366042 -0.7774307 0.1111655 -0.352412 -0.9292191 0.1111615 -0.1197882 -0.9865567 0.1111479 -0.1197936 -0.9865575 0.7045298 0.251644 -0.6635609 0.943148 -0.3227128 -0.07955205 0.9936209 -0.1094938 -0.02699363 0.5292516 0.4819727 -0.6982801 0.529251 0.4819854 -0.6982718 0.8449524 -0.4735723 -0.2485656 0.3281134 0.7070732 -0.6264097 0.8449288 -0.4736203 -0.2485544 0.7045337 -0.5312057 -0.4705877 0.3281244 0.7070754 -0.6264016 0.1111575 0.8799687 -0.4618434 0.5292518 -0.4819861 -0.6982707 0.5292556 -0.4819699 -0.698279 0.1111546 0.8799663 -0.4618484 0.9936182 0.01359671 -0.1119741 0.9431364 0.04006296 -0.3299831 0.3281252 -0.3349632 -0.8832517 0.3281159 -0.3349699 -0.8832526 0.3281302 -0.1138652 -0.9377449 0.9936186 -0.09987252 -0.05241805 0.7045366 0.4031306 -0.5840497 0.9431422 -0.2943105 -0.1544809 0.9431255 -0.294366 -0.1544767 0.8449515 -0.4003195 -0.3546847 0.8449333 -0.4003643 -0.3546776 0.5292572 0.6350719 -0.562646 0.5292453 0.6350849 -0.5626427 0.5292493 -0.3008605 -0.7933335 0.5292445 -0.3008811 -0.793329 0.3281354 0.8364282 -0.4389931 0.3281181 0.836435 -0.4389932 0.5292459 -0.1022808 -0.8422812 0.9936168 -0.08444619 -0.07479679 0.111167 0.9649219 -0.2378397 0.9431318 -0.2488242 -0.2204294 0.9936188 -0.084423 -0.07479619 0.1111578 0.9649266 -0.2378251 0.9936178 0.04001361 -0.1054633 0.8449392 -0.3038398 -0.4401809 0.7045393 -0.2516483 -0.6635492 0.7045273 -0.2516595 -0.6635576 0.8449396 0.3038462 -0.4401758 0.993618 -0.06408214 -0.09282743 0.7045367 0.531193 -0.4705976 0.9936187 -0.06406933 -0.09282863 0.7045274 0.5312109 -0.4705914 0.9431323 -0.1888479 -0.2735654 0.844943 -0.1896705 -0.5000966 0.5292416 0.7512895 -0.3942938 0.8449403 -0.06446278 -0.5309621 0.529249 0.751276 -0.3943096 0.8449421 -0.1896563 -0.5001035 0.9936173 -0.04002475 -0.1054644 0.9936183 -0.01359659 -0.1119726 0.9431366 -0.04006296 -0.3299825 0.9936192 -0.03997844 -0.1054643 0.3281291 0.9171825 -0.2260701 0.3281028 0.9171939 -0.2260621 0.9936179 0.0640828 -0.09282779 0.9431358 0.1888235 -0.2735702 0.9936194 0.06405848 -0.09282797 0.9431312 0.1888494 -0.2735682 0.8449533 0.4003162 -0.3546841 0.8449415 0.4003466 -0.3546782 0.704536 0.6283806 -0.3297984 0.7045366 0.6283762 -0.3298056 0.5292623 0.8238019 -0.2030565 0.5292317 0.8238248 -0.2030431 0.3281207 0.9446358 0 0.1111665 0.964924 0.2378312 0.1111525 0.9649261 0.2378294 0.9936153 0.08446532 -0.074795 0.9431288 0.2488376 -0.2204269 0.9431418 0.2487852 -0.2204301 0.9936199 0.08440905 -0.07479685 0.844955 0.473569 -0.2485628 0.8449316 0.4736143 -0.2485561 0.704549 0.6890328 -0.1698374 0.70453 0.6890524 -0.1698367 0.3281158 0.9171875 0.2260689 0.3281149 0.9171902 0.2260593 0.1111608 0.8799725 0.4618352 0.1111568 0.8799629 0.4618544 0.9936183 0.09987521 -0.05241966 0.9936214 0.09984612 -0.05241674 0.9431239 0.2943705 -0.1544776 0.8449365 0.5193251 -0.1279994 0.7045281 0.7096762 0 0.5292372 0.8238211 0.2030441 0.5292699 0.8237966 0.2030585 0.3281102 0.8364457 0.4389788 0.3281254 0.8364262 0.4390048 0.111158 0.7438706 0.6590149 0.1111583 0.7438796 0.6590046 0.9936149 0.1095481 -0.02699375 0.993623 0.1094742 -0.0269941 0.943127 0.3227748 -0.07954937 0.8449291 0.5348785 0 0.844966 0.53482 0 0.7045259 0.6890583 0.1698293 0.7045274 0.6890544 0.1698388 0.5292408 0.7512882 0.3942971 0.5292642 0.751267 0.3943062 0.3281255 0.7070605 0.6264178 0.3281041 0.7070816 0.6264051 0.1111688 0.5645471 0.8178804 0.9431284 0.3324286 0 0.8449345 0.5193287 0.1279983 0.844958 0.5192896 0.1280022 0.7045307 0.6283858 0.3297995 0.5292645 0.6350749 0.5626358 0.5292482 0.6350771 0.5626486 0.3281083 0.5366166 0.7774238 0.3281166 0.5366184 0.777419 0.1111659 0.3524138 0.9292184 0.9936209 0.109494 0.02699416 0.9431195 0.3227962 0.07955098 0.943148 0.3227128 0.07955092 0.844955 0.473569 0.2485628 0.8449277 0.4736223 0.2485542 0.7045288 0.5312094 0.470591 0.5292357 0.4820015 0.6982723 0.5292641 0.4819683 0.6982737 0.3281191 0.3349626 0.8832542 0.3281239 0.3349702 0.8832495 0.1111634 0.119792 0.9865559 0.9431256 0.2943652 0.1544775 0.9936164 0.0998944 0.05241805 0.9431426 0.2943092 0.1544802 0.844936 0.4003612 0.3546749 0.8449522 0.4003177 0.3546853 0.5292464 0.3008725 0.793331 0.5292388 0.3008824 0.7933323 0.3281233 0.1138629 0.9377475 0.3281226 0.1138691 0.937747 0.1111555 -0.1197935 0.9865567 0.1111615 -0.119792 0.9865562 0.9936153 0.0844658 0.07479572 0.99362 0.08440887 0.07479637 0.9431319 0.2488249 0.2204276 0.8449396 0.30384 0.44018 0.7045348 0.2516528 0.6635522 0.7045348 0.251643 0.663556 0.5292493 0.1022698 0.8422803 0 -0.9709418 0.2393163 0 0.1205371 -0.9927089 0 0.5680656 -0.8229833 0 0.5680645 -0.8229842 0 0.7485122 -0.6631212 0 -0.5680633 -0.8229849 0 -0.3546032 -0.935017 0 0.8854547 0.464726 0 0.7485069 0.6631271 0 0.5680677 0.8229818 0 0.1205353 0.9927091 0 -0.3546043 0.9350165 0 -0.5680666 0.8229827 -1 6.03197e-6 0 -1 -9.65114e-6 0 -1 -1.2064e-6 0 -1 -8.61714e-7 0 -1 -2.41282e-6 0 -1 1.37875e-5 0 -1 2.41281e-6 0 -1 -6.03199e-6 0 -1 -1.72342e-6 0 -1 4.82565e-6 0 1 4.52402e-6 0 1 -4.52398e-6 0 1 -1.60854e-5 0 1 1.60854e-5 0 1 8.04271e-6 0 1 -9.65125e-6 0 1 4.02135e-6 0 1 9.65128e-6 0 1 -5.02666e-7 0 1 -8.04272e-6 0 -1 1.80961e-6 0 -1 -1.80962e-6 0 -1 -3.21708e-5 0 -1 -1.00533e-6 0 -1 -3.016e-6 0 -1 3.01602e-6 0 -1 1.60853e-5 0 1 -6.03199e-6 0 1 3.44686e-6 0 1 -3.44684e-6 0 1 -2.58513e-6 0 1 -7.23839e-6 0 1 1.37874e-5 0 1 -4.82559e-6 0 -0.9431272 -0.04006987 0.3300083 -0.9431259 -0.04007047 0.3300123 -0.9936206 -0.03999334 0.1054444 -0.9936205 -0.03999054 0.1054469 -0.111175 0.5645474 0.8178792 -0.1111564 0.5645412 0.8178861 -0.3281188 0.5366163 0.7774194 -0.3281258 0.5366126 0.7774191 -0.529241 0.3008692 0.7933359 -0.5292358 0.3008744 0.7933373 -0.7045151 0.08554369 0.7045146 -0.7045176 0.08554279 0.7045122 -0.8449559 -0.06446766 0.5309364 -0.8449559 -0.06446748 0.5309365 -0.9431262 -0.1178839 0.310832 -0.9431263 -0.1178807 0.3108327 -0.9936211 -0.06406044 0.09280937 -0.9936208 -0.06405973 0.09281206 -0.1111719 0.3524076 0.9292199 -0.3281317 0.3349698 0.8832468 -0.3281152 0.3349712 0.8832524 -0.5292405 0.1022761 0.8422851 -0.5292528 0.1022686 0.8422783 -0.7045108 -0.08554399 0.704519 -0.7045235 -0.08554244 0.7045063 -0.8449587 -0.1896535 0.5000765 -0.8449577 -0.1896557 0.5000774 -0.943127 -0.1888414 0.2735881 -0.9431264 -0.1888467 0.2735865 -0.9936206 -0.08441329 0.07478278 -0.9936205 -0.08441549 0.07478177 -0.1111524 0.1197896 0.9865575 -0.1111626 0.1197913 0.9865562 -0.3281311 0.1138653 0.9377446 -0.3281316 0.1138654 0.9377443 -0.5292475 -0.1022737 0.8422809 -0.5292459 -0.1022709 0.8422824 -0.7045204 -0.2516555 0.6635666 -0.7045173 -0.2516586 0.6635687 -0.8449565 -0.3038186 0.4401624 -0.8449561 -0.3038235 0.4401596 -0.9431294 -0.2488214 0.2204428 -0.9431244 -0.2488384 0.2204449 -0.99362 -0.09986299 0.05240911 -0.9936215 -0.09984838 0.05240803 -0.11116 -0.1197904 0.9865565 -0.328131 -0.1138662 0.9377444 -0.1111541 -0.1197903 0.9865572 -0.3281324 -0.1138638 0.9377442 -0.5292375 -0.3008708 0.7933377 -0.7045206 -0.4031524 0.5840539 -0.704513 -0.4031503 0.5840646 -0.8449552 -0.4003326 0.3546614 -0.8449528 -0.4003352 0.3546641 -0.9431238 -0.2943647 0.1544895 -0.9431273 -0.2943533 0.1544895 -0.9936197 -0.1095058 0.02698892 -0.9936214 -0.1094898 0.0269891 -0.3281325 -0.334971 0.8832461 -0.1111614 -0.3524103 0.9292203 -0.3281311 -0.3349692 0.8832473 -0.5292381 -0.4819856 0.6982814 -0.5292559 -0.4819812 0.698271 -0.7045137 -0.5312136 0.4706088 -0.7045248 -0.5311968 0.4706112 -0.8449604 -0.4735663 0.2485496 -0.844957 -0.4735723 0.24855 -0.943131 -0.3227609 0.07955634 -0.943122 -0.3227872 0.07955741 -0.9936208 -0.1127727 0 -0.9936211 -0.1127708 0 -0.1111523 -0.5645488 0.8178814 -0.1111672 -0.5645403 0.8178852 -0.3281304 -0.536614 0.7774163 -0.3281164 -0.536618 0.7774195 -0.5292565 -0.6350839 0.5626332 -0.5292397 -0.635086 0.5626466 -0.704518 -0.6283968 0.329806 -0.704514 -0.6284009 0.3298067 -0.8449526 -0.5193003 0.1279938 -0.8449558 -0.5192948 0.1279947 -0.9431253 -0.3324374 0 -0.9431267 -0.3324336 0 -0.9936214 -0.1094904 -0.02698922 -0.9936199 -0.1095052 -0.0269888 -0.1111529 -0.7438696 0.6590168 -0.1111603 -0.7438694 0.6590157 -0.3281185 -0.7070692 0.6264114 -0.3281322 -0.707066 0.626408 -0.5292448 -0.7512853 0.3942974 -0.5292485 -0.7512782 0.3943061 -0.7045133 -0.6890682 0.1698415 -0.7045233 -0.689059 0.1698373 -0.8449541 -0.5348389 0 -0.8449575 -0.5348335 0 -0.94313 -0.3227638 -0.07955706 -0.9431234 -0.3227834 -0.07955646 -0.9936202 -0.09986191 -0.05240786 -0.9936211 -0.09985208 -0.05240863 -0.328132 -0.8364293 0.4389938 -0.3281293 -0.8364308 0.438993 -0.1111561 -0.8799702 0.4618406 -0.5292537 -0.823808 0.2030544 -0.5292477 -0.8238123 0.2030525 -0.7045202 -0.709684 0 -0.7045211 -0.7096831 0 -0.8449565 -0.5192938 -0.1279944 -0.8449559 -0.519295 -0.127994 -0.9431238 -0.2943647 -0.1544895 -0.9431279 -0.2943516 -0.1544892 -0.9936198 -0.08442354 -0.07478231 -0.9936212 -0.08440834 -0.07478201 -0.9936208 0.01359331 -0.1119516 -0.9936207 0.01359391 -0.111952 -0.1111561 -0.9649263 0.2378269 -0.3281331 -0.9171827 0.2260633 -0.9431269 0.04007011 -0.3300092 -0.3281197 -0.9171867 0.2260665 -0.5292488 -0.8484667 0 -0.9431272 0.04006987 -0.3300083 -0.5292494 -0.8484664 0 -0.9936209 0.03998851 -0.1054448 -0.7045199 -0.6890622 -0.1698386 -0.9936209 0.03998947 -0.1054441 -0.7045146 -0.6890674 -0.1698395 -0.8449507 0.06446641 -0.530945 -0.8449596 0.06446707 -0.5309308 -0.844959 -0.473569 -0.2485489 -0.8449565 -0.4735733 -0.2485496 -0.9431263 0.1178846 -0.3108316 -0.9431278 -0.2488251 -0.2204452 -0.9431248 0.1178857 -0.3108352 -0.943128 -0.2488269 -0.2204422 -0.9936206 0.06406211 -0.09281253 -0.9936208 -0.06406146 -0.09281086 -0.9936205 -0.06406646 -0.0928111 -0.9936206 0.06406599 -0.09281015 -0.1111661 -0.9938018 0 -0.3281224 -0.9446352 0 -0.7045149 0.08554351 -0.7045149 -0.1111648 -0.9938021 0 -0.7045187 0.08554184 -0.7045112 -0.3281211 -0.9446357 0 -0.8449577 0.1896557 -0.5000774 -0.5292503 -0.8238099 -0.2030559 -0.5292484 -0.8238122 -0.2030514 -0.8449546 0.1896574 -0.5000821 -0.704519 -0.6283951 -0.3298068 -0.9431254 0.1888436 -0.2735919 -0.7045173 -0.6283953 -0.3298104 -0.9431267 0.1888468 -0.2735854 -0.8449538 -0.4003336 -0.3546636 -0.99362 0.08442264 -0.07478117 -0.8449552 -0.4003326 -0.3546614 -0.9936206 0.08441311 -0.07478415 -0.9431248 -0.1888533 -0.2735877 -0.5292523 0.1022731 -0.8422781 -0.5292477 0.1022713 -0.8422812 -0.9431269 -0.1888396 -0.2735899 -0.9936209 -0.03998839 -0.1054444 -0.9936207 -0.03998988 -0.1054453 -0.9936205 -0.01359403 -0.1119535 -0.7045123 0.2516621 -0.6635727 -0.9936208 -0.01359331 -0.1119516 -0.7045214 0.2516559 -0.6635654 -0.3281312 -0.9171833 -0.2260637 -0.1111652 -0.9649245 -0.2378298 -0.32812 -0.9171864 -0.2260675 -0.8449574 0.3038225 -0.440158 -0.8449565 0.3038186 -0.4401624 -0.5292384 -0.7512854 -0.3943058 -0.9431307 0.2488188 -0.2204399 -0.5292471 -0.7512814 -0.3943018 -0.7045174 -0.5312089 -0.4706085 -0.7045255 -0.5311974 -0.4706095 -0.9431239 0.2488383 -0.2204467 -0.9936199 0.0998646 -0.05240964 -0.8449579 -0.3038204 -0.4401584 -0.8449558 -0.3038224 -0.4401611 -0.9936214 0.09985107 -0.05240732 -0.1111604 0.1197899 -0.9865566 -0.1111467 0.119791 -0.986558 -0.3281404 0.1138659 -0.9377412 -0.3281316 0.1138663 -0.9377443 -0.9431248 -0.1178861 -0.3108355 -0.9431259 -0.1178845 -0.3108329 -0.9431269 -0.04007011 -0.3300092 -0.9431282 -0.04006952 -0.3300054 -0.5292405 0.3008701 -0.7933358 -0.1111549 -0.879969 -0.4618434 -0.1111536 -0.8799683 -0.461845 -0.7045152 0.4031508 -0.5840615 -0.3281461 -0.8364256 -0.4389904 -0.3281281 -0.8364311 -0.4389931 -0.5292458 -0.6350868 -0.56264 -0.7045221 0.4031456 -0.5840567 -0.529236 -0.6350944 -0.5626407 -0.7045203 -0.4031453 -0.5840592 -0.8449519 0.4003368 -0.3546645 -0.8449526 0.4003357 -0.3546641 -0.7045184 -0.4031503 -0.5840579 -0.8449599 -0.189654 -0.5000743 -0.8449534 -0.1896589 -0.5000833 -0.943127 0.2943539 -0.1544904 -0.9431238 0.2943647 -0.1544889 -0.8449586 -0.06446695 -0.5309324 -0.8449511 -0.06446641 -0.5309442 -0.1111682 -0.7438692 -0.6590146 -0.9936197 0.1095052 -0.02698892 -0.3281397 -0.7070626 -0.6264079 -0.1111561 -0.7438712 -0.6590144 -0.3281256 -0.7070687 -0.6264085 -0.9936215 0.1094901 -0.0269885 -0.5292466 -0.4819872 -0.6982738 -0.1111648 0.3524061 -0.9292215 -0.5292462 -0.4819791 -0.6982798 -0.3281317 0.3349698 -0.8832468 -0.3281272 0.3349705 -0.8832482 -0.7045126 -0.2516614 -0.6635726 -0.7045214 -0.2516559 -0.6635654 -0.5292465 0.4819861 -0.6982749 -0.7045193 -0.0855419 -0.7045107 -0.5292488 0.4819822 -0.6982756 -0.7045149 -0.08554351 -0.7045149 -0.7045143 0.5312113 -0.4706106 -0.1111718 -0.564544 -0.817882 -0.7045298 0.5311942 -0.4706066 -0.3281151 -0.5366128 -0.7774236 -0.3281253 -0.5366118 -0.7774199 -0.5292415 -0.300871 -0.7933349 -0.5292532 -0.1022732 -0.8422775 -0.8449591 0.4735696 -0.2485477 -0.5292459 -0.1022709 -0.8422824 -0.8449557 0.4735741 -0.2485509 -0.5292439 -0.3008661 -0.7933351 -0.1111604 -0.3524041 -0.9292227 -0.1111751 -0.1197893 -0.986555 -0.328131 -0.1138662 -0.9377444 -0.1111313 -0.119791 -0.9865596 -0.1111652 -0.3524099 -0.9292199 -0.3281387 -0.3349689 -0.8832446 -0.943131 0.3227609 -0.07955634 -0.3281392 -0.1138654 -0.9377416 -0.3281209 -0.3349751 -0.8832488 -0.9431223 0.3227865 -0.07955724 -0.9936208 0.1127727 0 -0.9936211 0.1127708 0 -0.3281183 0.5366132 -0.7774218 -0.1111664 0.5645456 -0.8178816 -0.3281188 0.5366127 -0.777422 -0.5292347 0.635093 -0.5626435 -0.5292527 0.6350887 -0.5626313 -0.7045178 0.6283966 -0.3298066 -0.7045224 0.6283898 -0.3298097 -0.8449565 0.5192942 -0.1279931 -0.8449539 0.5192978 -0.1279954 -0.9431269 0.3324329 0 -0.9431256 0.3324366 0 -0.9936215 0.1094901 0.02698868 -0.9936199 0.1095052 0.0269888 -0.3281241 0.7070679 -0.6264102 -0.3281325 0.7070664 -0.6264074 -0.1111745 0.7438676 -0.6590154 -0.5292404 0.7512847 -0.3943042 -0.529237 0.7512845 -0.394309 -0.704518 0.6890644 -0.1698376 -0.7045242 0.6890588 -0.1698341 -0.8449562 0.5348356 0 -0.8449535 0.5348398 0 -0.9431303 0.3227631 0.07955688 -0.9431232 0.3227842 0.07955664 -0.9936212 0.09985232 0.05240857 -0.9936202 0.09986245 0.05240851 -0.1111516 0.87997 -0.461842 -0.3281317 0.8364291 -0.4389942 -0.3281424 0.8364267 -0.4389909 -0.5292415 0.823816 -0.2030535 -0.5292465 0.8238134 -0.2030507 -0.7045202 0.709684 0 -0.7045233 0.7096809 0 -0.8449518 0.5193015 0.1279941 -0.8449552 0.519296 0.1279942 -0.9431235 0.2943661 0.154489 -0.9431278 0.2943516 0.1544904 -0.9936205 0.08441466 0.07478332 -0.9936206 0.08441364 0.07478278 -0.328117 0.9171875 -0.2260676 -0.1111598 0.9649252 -0.2378295 -0.3281305 0.9171836 -0.2260636 -0.5292505 0.8484657 0 -0.5292472 0.8484677 0 -0.7045201 0.6890624 0.1698366 -0.7045255 0.6890569 0.1698368 -0.8449565 0.4735733 0.2485496 -0.8449595 0.4735673 0.2485507 -0.9431285 0.2488241 0.2204432 -0.9431281 0.2488256 0.2204436 -0.9936207 0.06406146 0.09281152 -0.9936207 0.06406199 0.09281152 -0.1111658 0.993802 0 -0.1111664 0.9938019 0 -0.3281197 0.9446362 0 -0.3281198 0.9446362 0 -0.5292497 0.8238107 0.2030538 -0.5292409 0.8238174 0.2030496 -0.7045249 0.6283875 0.329809 -0.7045121 0.628404 0.3298049 -0.8449539 0.4003341 0.3546627 -0.8449535 0.4003345 0.3546633 -0.9431278 0.1888379 0.2735875 -0.9431255 0.1888524 0.2735859 -0.9936209 0.03998702 0.1054444 -0.9936203 0.03999638 0.1054462 -0.1111553 0.9649253 0.2378311 -0.1111646 0.9649245 0.2378301 -0.3281214 0.9171866 0.2260649 -0.3281304 0.9171836 0.2260637 -0.5292407 0.7512829 0.3943076 -0.5292445 0.7512814 0.394305 -0.7045205 0.5312066 0.4706065 -0.7045158 0.5312084 0.4706116 -0.8449592 0.3038192 0.4401567 -0.8449539 0.3038241 0.4401635 -0.9431272 0.1178794 0.3108305 -0.9431256 0.1178851 0.3108332 -0.9936207 0.01358985 0.1119517 -0.9936208 0.01359575 0.1119514 -0.3281298 0.8364302 0.4389938 -0.1111527 0.8799688 0.4618442 -0.1111624 0.8799698 0.46184 -0.3281294 0.8364311 0.4389922 -0.5292435 0.6350895 0.5626391 -0.7045162 0.4031511 0.58406 -0.7045181 0.4031483 0.5840596 -0.8449591 0.1896548 0.5000752 -0.8449558 0.1896528 0.5000817 -0.9431264 0.04007011 0.3300106 -0.9431269 0.04007011 0.3300092 -0.9936206 -0.01359343 0.1119527 -0.9936209 -0.01359236 0.1119505 -0.1111568 0.7438702 0.6590154 -0.1111592 0.7438702 0.6590151 -0.3281221 0.7070696 0.6264092 -0.328132 0.7070646 0.6264096 -0.5292434 0.4819847 0.6982781 -0.5292493 0.4819799 0.6982769 -0.7045238 0.2516564 0.6635627 -0.7045127 0.2516589 0.6635735 -0.8449558 0.06446975 0.5309365 -0.8449556 0.0644657 0.5309371 0 0.8854612 -0.4647135 0 -0.1205375 0.9927088 0 -0.3545997 0.9350183 0 -0.1205379 0.9927088 0 0.9709398 0.2393244 0 -0.3546012 0.9350177 0 -0.5680703 0.8229802 0 0.7485072 0.6631268 0 0.7485092 0.6631246 0 -0.7485092 0.6631246 0 -0.7485072 0.6631268 0 0.568074 0.8229775 0 0.3545984 0.9350187 0 0.3545972 0.9350192 0 0.1205379 0.9927088 0 0.1205375 0.9927088 0 -0.9709398 0.2393244 0 -0.8854562 -0.4647229 0 -0.7485092 -0.6631246 0 -0.8854578 -0.4647197 0 -0.7485072 -0.6631268 0 -0.5680703 -0.8229802 0 -0.3546012 -0.9350177 0 -0.3545997 -0.9350183 0 -0.1205379 -0.9927088 0 -0.1205375 -0.9927088 0 0.1205375 -0.9927088 0 0.1205379 -0.9927088 0 0.3545986 -0.9350187 0 0.354597 -0.9350193 0 0.5680721 -0.8229789 0 0.7485092 -0.6631246 0 0.7485072 -0.6631268 0 0.8854562 -0.4647229 0.3281335 -0.113865 0.9377437 0.3281335 -0.1138652 0.9377437 0.1111614 -0.3524096 0.9292205 0.9936215 0.06405609 0.09280687 0.993621 0.0640645 0.09280723 0.9431264 0.1888452 0.2735875 0.9431239 0.1888486 0.2735937 0.8449638 0.1896556 0.500067 0.8449651 0.1896466 0.500068 0.704514 0.08554363 0.7045156 0.704503 0.08554506 0.7045266 0.5292527 -0.1022706 0.8422781 0.5292409 -0.1022739 0.842285 0.3281279 -0.3349745 0.8832464 0.3281387 -0.3349685 0.8832447 0.1111523 -0.5645488 0.8178814 0.1111669 -0.5645434 0.8178831 0.9936214 0.03998702 0.1054397 0.9936214 0.03998404 0.1054414 0.9431241 0.117887 0.3108371 0.9431253 0.1178839 0.3108348 0.8449632 0.06446599 0.530925 0.8449628 0.06446599 0.5309256 0.7045094 -0.08554393 0.7045202 0.7045077 -0.08554464 0.704522 0.5292446 -0.3008696 0.7933334 0.5292351 -0.3008724 0.7933385 0.3281306 -0.5366086 0.7774198 0.3281216 -0.5366162 0.7774184 0.1111529 -0.7438696 0.6590168 0.11116 -0.743871 0.659014 0.9936213 0.0135926 0.1119467 0.9936213 0.01359325 0.1119462 0.9431246 0.0400691 0.3300162 0.9431256 0.04007095 0.3300129 0.8449632 -0.06446576 0.5309251 0.8449628 -0.06446599 0.5309256 0.7045168 -0.2516552 0.6635705 0.7045056 -0.2516666 0.6635781 0.5292482 -0.4819828 0.6982758 0.5292447 -0.4819866 0.6982758 0.3281213 -0.7070665 0.6264132 0.3281316 -0.707069 0.626405 0.1111558 -0.8799705 0.4618401 0.1111578 -0.8799663 0.4618477 0.9936215 -0.01359236 0.1119452 0.9431244 -0.04007124 0.3300163 0.9936212 -0.01359349 0.1119475 0.9431253 -0.0400688 0.3300142 0.8449637 -0.1896497 0.5000696 0.8449675 -0.1896495 0.5000633 0.7045128 -0.4031483 0.5840662 0.7045066 -0.4031605 0.5840651 0.5292435 -0.6350921 0.5626361 0.3281248 -0.8364368 0.4389849 0.328134 -0.8364291 0.4389926 0.1111599 -0.9649239 0.2378346 0.1111555 -0.9649267 0.2378258 0.9431236 -0.1178851 0.3108393 0.9936214 -0.03998249 0.105442 0.9936214 -0.03998839 0.1054396 0.9431253 -0.117886 0.3108339 0.8449654 -0.303815 0.4401479 0.8449591 -0.3038225 0.4401544 0.7045037 -0.5312194 0.4706171 0.7045186 -0.5312011 0.4706155 0.5292618 -0.7512698 0.394304 0.5292378 -0.7512872 0.394303 0.3281304 -0.9171839 0.2260624 0.328127 -0.9171839 0.2260671 0.1111656 -0.993802 0 0.1111661 -0.9938018 0 0.9936215 -0.06406044 0.09280502 0.9936212 -0.06405973 0.09280776 0.9431254 -0.1888465 0.27359 0.9431251 -0.188847 0.2735908 0.8449617 -0.4003241 0.3546557 0.8449618 -0.4003223 0.3546571 0.7045041 -0.6284107 0.3298091 0.7045148 -0.6283988 0.329809 0.529251 -0.8238093 0.2030555 0.5292466 -0.8238136 0.20305 0.328122 -0.9446355 0 0.328123 -0.9446351 0 0.1111652 -0.9649245 -0.2378297 0.9936218 -0.08440262 0.07477915 0.9936211 -0.08441305 0.07477843 0.9431241 -0.2488377 0.2204467 0.9431254 -0.2488335 0.2204459 0.8449699 -0.4735515 0.2485457 0.8449608 -0.4735698 0.2485422 0.7045131 -0.6890681 0.1698428 0.7045136 -0.6890677 0.1698421 0.5292477 -0.8484675 0 0.3281251 -0.9171842 -0.2260689 0.3281323 -0.9171826 -0.2260649 0.1111521 -0.8799716 -0.4618388 0.1111554 -0.8799679 -0.4618454 0.9936212 -0.09985232 0.05240684 0.9431225 -0.2943676 0.1544922 0.9431253 -0.2943589 0.1544911 0.9936211 -0.09985327 0.05240583 0.8449618 -0.5192859 0.1279922 0.8449592 -0.5192904 0.1279906 0.7045045 -0.7096996 0 0.7045148 -0.7096893 0 0.5292466 -0.8238132 -0.203052 0.3281431 -0.8364287 -0.4389868 0.3281335 -0.8364283 -0.4389947 0.1111682 -0.7438692 -0.6590146 0.111156 -0.7438718 -0.6590138 0.1111466 0.1197927 -0.9865577 0.1111604 0.119789 -0.9865567 0.9936221 -0.1094846 0.02698796 0.9936206 -0.1094984 0.02698749 0.9431248 -0.3227787 0.07955801 0.3281422 0.1138655 -0.9377406 0.943124 -0.3227812 0.07955771 0.8449566 -0.534835 0 0.3281329 0.1138648 -0.9377439 0.1111647 0.3524084 -0.9292206 0.7045045 -0.689078 -0.1698381 0.7045134 -0.6890674 -0.1698441 0.5292585 0.1022702 -0.8422744 0.5292418 0.1022741 -0.8422845 0.5292485 -0.7512827 -0.3942971 0.5292349 -0.7512865 -0.3943084 0.3281354 0.3349713 -0.8832449 0.3281403 -0.7070653 -0.6264045 0.3281267 0.3349694 -0.8832488 0.3281269 -0.7070678 -0.6264088 0.1111719 -0.5645432 -0.8178826 0.1111667 0.5645434 -0.8178831 0.9936223 -0.1127601 0 0.943127 -0.3324326 0 0.7045105 0.08554404 -0.7045191 0.9936203 -0.112777 0 0.7045071 0.08554458 -0.7045225 0.9431272 -0.3324325 0 0.8449686 -0.519275 -0.127991 0.8449598 -0.5192889 -0.1279922 0.5292403 0.3008734 -0.7933347 0.7045067 -0.6284074 -0.3298098 0.328119 0.5366118 -0.7774226 0.7045122 -0.6284002 -0.3298118 0.3281207 0.5366146 -0.77742 0.5292344 -0.6350916 -0.5626453 0.111145 0.743875 -0.659012 0.5292463 -0.6350908 -0.5626349 0.1111744 0.7438681 -0.6590148 0.3281216 -0.5366162 -0.7774184 0.8449632 0.06446576 -0.5309251 0.8449613 0.06446659 -0.530928 0.3281216 -0.5366104 -0.7774224 0.1111652 -0.3524093 -0.9292201 0.1111603 -0.3524075 -0.9292215 0.1111751 -0.1197883 -0.9865551 0.7045132 0.2516635 -0.6635712 0.1111313 -0.1197927 -0.9865595 0.7045061 0.2516561 -0.6635816 0.9431278 -0.3227702 -0.07955837 0.9936222 -0.109484 -0.02698749 0.9936209 -0.1094959 -0.02698796 0.9431236 -0.3227826 -0.07955729 0.5292422 0.4819865 -0.6982778 0.5292534 0.4819803 -0.6982734 0.8449687 -0.4735532 -0.2485466 0.3281186 0.7070716 -0.6264088 0.8449643 -0.4735635 -0.2485419 0.7045132 -0.5312134 -0.4706099 0.7045094 -0.5312116 -0.4706175 0.3281404 0.7070638 -0.6264063 0.1111596 0.8799706 -0.4618392 0.5292425 -0.4819847 -0.6982787 0.5292495 -0.4819849 -0.6982734 0.1111525 0.8799681 -0.4618457 0.9936212 0.01359528 -0.1119467 0.9936213 0.01358836 -0.1119467 0.9431242 0.04007411 -0.3300167 0.9431267 0.04007059 -0.33001 0.3281278 -0.3349698 -0.8832483 0.3281421 -0.3349694 -0.8832432 0.3281404 -0.1138649 -0.9377413 0.8449649 0.1896508 -0.5000668 0.3281335 -0.113865 -0.9377437 0.8449622 0.1896502 -0.5000719 0.9936211 -0.09985327 -0.05240613 0.9936214 -0.09985125 -0.05240595 0.7045096 0.4031496 -0.5840691 0.9431253 -0.2943589 -0.1544911 0.9431242 -0.2943619 -0.1544925 0.8449606 -0.4003238 -0.3546584 0.7045131 0.4031514 -0.5840637 0.8449636 -0.4003217 -0.3546536 0.7045113 -0.4031468 -0.584069 0.5292491 0.6350863 -0.5626373 0.52924 0.6350927 -0.5626386 0.7045148 -0.40315 -0.5840625 0.5292366 -0.3008742 -0.7933369 0.3281455 0.8364256 -0.438991 0.3281292 0.8364325 -0.4389898 0.5292409 -0.1022739 -0.842285 0.5292585 -0.1022702 -0.8422744 0.993621 -0.08441287 -0.07477903 0.9431256 -0.2488337 -0.2204453 0.9936214 -0.08440834 -0.07477831 0.9431244 -0.2488357 -0.2204478 0.1111593 0.9649255 -0.2378284 0.9936215 0.03998678 -0.1054395 0.8449612 -0.3038203 -0.4401522 0.9936214 0.03998857 -0.1054399 0.8449663 -0.3038102 -0.4401492 0.9431231 0.117888 -0.3108398 0.9431251 0.117884 -0.3108351 0.7045105 -0.2516604 -0.6635752 0.7045095 -0.2516584 -0.6635771 0.8449637 0.303816 -0.4401506 0.7045077 -0.08554464 -0.704522 0.8449617 0.3038203 -0.4401513 0.7045094 -0.08554393 -0.7045202 0.9936219 -0.06405073 -0.09280657 0.7045122 0.5312132 -0.4706114 0.993621 -0.06406402 -0.09280681 0.7045105 0.5312144 -0.4706127 0.9431248 -0.1888508 -0.273589 0.9431247 -0.1888414 -0.273596 0.8449653 -0.1896503 -0.5000663 0.8449606 -0.06446623 -0.5309292 0.5292414 0.75128 -0.3943123 0.8449628 -0.06446599 -0.5309256 0.529237 0.7512868 -0.3943048 0.844963 -0.1896523 -0.5000697 0.9936214 -0.03998726 -0.1054403 0.9936211 -0.0135954 -0.1119482 0.9431265 -0.04007059 -0.3300105 0.9936214 -0.01358836 -0.1119464 0.9936214 -0.03998839 -0.1054396 0.9431244 -0.1178871 -0.3108361 0.3281342 0.9171815 -0.2260667 0.943125 -0.04007375 -0.3300142 0.9431229 -0.1178855 -0.3108412 0.3281187 0.9171874 -0.226065 0.1111664 0.9938018 0 0.1111658 0.993802 0 0.9936214 0.06405681 -0.09280788 0.9431259 0.1888453 -0.273589 0.9936215 0.06405866 -0.09280586 0.9431225 0.1888516 -0.2735967 0.8449609 0.4003239 -0.3546575 0.844959 0.4003272 -0.3546584 0.7045154 0.6283957 -0.3298135 0.7045065 0.6284081 -0.3298089 0.529237 0.8238199 -0.2030497 0.5292463 0.823813 -0.2030528 0.3281232 0.944635 0 0.3281193 0.9446364 0 0.1111647 0.9649245 0.2378302 0.1111561 0.9649248 0.2378329 0.9936221 0.08440124 -0.07477784 0.9431256 0.2488335 -0.2204455 0.9431256 0.2488336 -0.2204449 0.9936206 0.08441555 -0.07478076 0.8449699 0.4735515 -0.2485457 0.8449608 0.4735698 -0.2485422 0.704518 0.689064 -0.1698392 0.7045103 0.6890721 -0.1698375 0.5292516 0.848465 0 0.5292507 0.8484656 0 0.3281215 0.9171862 0.2260661 0.3281341 0.9171822 0.2260638 0.1111629 0.8799687 0.461842 0.1111535 0.879967 0.4618473 0.993621 0.09985393 -0.05240732 0.9936214 0.09985107 -0.05240482 0.9431251 0.2943587 -0.1544928 0.9431225 0.2943683 -0.1544908 0.8449603 0.5192882 -0.1279916 0.8449673 0.5192768 -0.1279925 0.7045056 0.7096986 0 0.7045159 0.7096883 0 0.5292409 0.8238168 0.2030518 0.5292468 0.8238133 0.2030504 0.3281292 0.8364325 0.4389898 0.3281305 0.8364308 0.4389919 0.1111568 0.7438702 0.6590154 0.111159 0.7438712 0.659014 0.9936222 0.109484 -0.02698767 0.9431242 0.3227805 -0.07955753 0.9936206 0.1094987 -0.02698725 0.9431248 0.3227787 -0.07955801 0.8449559 0.534836 0 0.7045159 0.6890658 0.1698404 0.7045181 0.6890641 0.1698382 0.5292527 0.7512736 0.3943089 0.5292359 0.751287 0.3943063 0.3281354 0.7070626 0.6264101 0.3281217 0.7070725 0.6264062 0.111175 0.5645474 0.8178792 0.1111561 0.5645439 0.8178842 0.9936223 0.1127601 0 0.9936203 0.112777 0 0.9431273 0.3324317 0 0.9431273 0.3324319 0 0.8449598 0.5192889 0.1279922 0.8449597 0.5192893 0.1279914 0.7045103 0.6284029 0.3298107 0.7045174 0.628394 0.3298126 0.5292575 0.6350822 0.5626342 0.5292364 0.6350926 0.5626422 0.3281203 0.5366107 0.7774228 0.328128 0.536614 0.7774173 0.1111603 0.3524075 0.9292215 0.111172 0.352407 0.9292202 0.9936222 0.109484 0.02698767 0.9936209 0.1094956 0.02698725 0.9431235 0.3227826 0.07955855 0.9431278 0.3227702 0.07955724 0.844962 0.4735667 0.2485435 0.8449646 0.4735617 0.2485445 0.704511 0.5312166 0.4706095 0.7045121 0.5312055 0.4706203 0.5292368 0.4819868 0.6982817 0.3281227 0.3349704 0.8832498 0.3281268 0.3349733 0.8832473 0.1111626 0.1197921 0.9865561 0.9431245 0.2943612 0.1544915 0.9936214 0.09985178 0.05240619 0.9936212 0.09985357 0.05240613 0.9431248 0.2943601 0.1544923 0.8449617 0.4003241 0.3546557 0.8449609 0.4003239 0.3546575 0.704506 0.4031565 0.5840687 0.7045127 0.4031511 0.5840643 0.3281379 0.1138658 0.9377421 0.3281279 0.1138659 0.9377456 0.1111541 -0.1197915 0.9865571 0.9936208 0.08441466 0.07477998 0.9936213 0.08440876 0.07477927 0.9431262 0.2488325 0.2204434 0.9431248 0.2488334 0.2204483 0.8449639 0.3038125 0.4401524 0.8449614 0.3038195 0.4401523 0.7045122 0.251662 0.6635728 0.7045095 0.2516584 0.6635771 0.5292466 0.1022735 0.8422816 0.5292464 0.1022713 0.8422819 0 -0.8854553 0.4647246 0 -0.8854563 0.4647228 0 -0.9709411 0.2393188 0 0.1205376 -0.9927088 0 0.3546037 -0.9350167 0 -0.9709411 -0.2393188 0 0.3546035 -0.9350168 0 0.5680641 -0.8229845 0 -0.885455 -0.4647251 0 0.7485152 -0.6631177 0 -0.7485128 -0.6631204 0 -0.748514 -0.6631191 0 -0.5680652 -0.8229836 0 -0.3546043 -0.9350166 0 0.9709411 -0.2393188 0 0.9709417 0.2393165 0 0.8854553 0.4647246 0 0.8854563 0.4647228 0 0.74851 0.6631237 0 0.5680658 0.8229833 0 0.3546045 0.9350165 0 0.1205359 0.992709 0 0.1205355 0.9927091 0 -0.1205355 0.9927091 0 -0.3546053 0.9350161 0 -0.7485088 0.663125 -1 1.72343e-6 0 -1 -8.61717e-7 0 -1 6.032e-7 0 -1 -4.30858e-7 0 -1 -1.2064e-6 0 -1 -2.1112e-6 0 -1 8.61717e-7 0 -1 -6.032e-7 0 -1 -1.72342e-6 0 -1 1.72343e-6 0 -1 2.1112e-6 0 -1 1.72342e-6 0 -1 -3.61921e-6 0 -1 -3.44687e-6 0 -1 6.03206e-7 0 -1 -1.72344e-6 0 -1 -2.41281e-6 0 1 1.20641e-6 0 1 -2.01066e-6 0 1 -1.2064e-6 0 1 3.01599e-7 0 1 5.02669e-6 0 1 2.01065e-6 0 1 1.2064e-6 0 1 -3.01599e-7 0 1 -8.04263e-6 0 1 2.01066e-6 0 1 -3.51868e-6 0 1 -1.20641e-6 0 1 2.01068e-6 0 1 -4.52401e-6 0 1 -5.02666e-6 0 1 -4.02138e-6 0 -1 -4.02134e-6 0 -1 9.04809e-7 0 -1 -2.01067e-6 0 -1 -9.04801e-7 0 -1 2.01067e-6 0 -1 -2.01066e-6 0 -1 9.04798e-7 0 -1 5.0267e-7 0 -1 1.20639e-6 0 -1 6.03201e-7 0 -1 2.01066e-6 0 -1 2.01066e-6 0 -1 -5.02666e-7 0 1 8.61715e-7 0 1 -4.30859e-7 0 1 -6.032e-7 0 1 -1.2064e-6 0 1 1.72343e-6 0 1 -1.29257e-6 0 1 4.30856e-7 0 1 1.72342e-6 0 1 -8.61715e-7 0 1 4.30858e-7 0 -0.9431256 -0.04007208 0.3300129 -0.9431242 -0.04006916 0.3300167 -0.9936216 -0.03998345 0.1054396 -0.9936212 -0.03998768 0.1054418 -0.1111681 0.5645436 0.8178828 -0.1111556 0.5645465 0.8178825 -0.328122 0.5366148 0.7774192 -0.3281263 0.5366135 0.7774183 -0.5292337 0.3008744 0.7933387 -0.5292439 0.3008661 0.7933351 -0.704512 0.08554536 0.7045176 -0.7045155 0.0855425 0.7045144 -0.8449581 -0.06446349 0.5309334 -0.8449593 -0.06446999 0.5309307 -0.9431253 -0.1178839 0.3108348 -0.9431239 -0.1178872 0.3108376 -0.9936212 -0.0640611 0.09280633 -0.9936215 -0.06405496 0.09280771 -0.1111649 0.3524105 0.9292197 -0.3281394 0.3349735 0.8832424 -0.3281254 0.3349689 0.8832495 -0.5292396 0.102276 0.8422858 -0.7045081 -0.08554571 0.7045214 -0.7045203 -0.08554208 0.7045096 -0.8449614 -0.1896494 0.5000736 -0.8449609 -0.1896519 0.5000735 -0.9431239 -0.1888486 0.2735937 -0.9431262 -0.1888456 0.2735881 -0.9936209 -0.08441376 0.07477933 -0.9936212 -0.08440941 0.07477968 -0.1111527 0.1197907 0.9865573 -0.1111622 0.1197911 0.9865562 -0.3281351 0.1138623 0.9377436 -0.3281333 0.1138689 0.9377433 -0.5292466 -0.1022735 0.8422816 -0.5292477 -0.1022713 0.8422812 -0.7045186 -0.2516592 0.6635671 -0.7045153 -0.2516559 0.6635719 -0.8449591 -0.3038178 0.440158 -0.8449594 -0.3038183 0.440157 -0.9431255 -0.2488352 0.2204437 -0.9431267 -0.2488265 0.2204487 -0.9936202 -0.09986299 0.05240643 -0.9936214 -0.09985083 0.05240601 -0.1111604 -0.119789 0.9865567 -0.3281404 -0.1138667 0.9377411 -0.1111543 -0.1197926 0.9865569 -0.3281279 -0.113863 0.9377458 -0.5292432 -0.3008696 0.7933343 -0.5292358 -0.3008744 0.7933373 -0.7045186 -0.4031493 0.5840584 -0.7045105 -0.4031531 0.5840657 -0.8449549 -0.4003346 0.3546597 -0.8449586 -0.4003239 0.3546631 -0.9431235 -0.2943646 0.1544914 -0.9431248 -0.2943601 0.1544923 -0.993621 -0.1094946 0.02698761 -0.9936224 -0.1094816 0.02698731 -0.3281298 -0.3349688 0.8832479 -0.1111688 -0.3524082 0.9292201 -0.3281258 -0.3349718 0.8832483 -0.5292364 -0.4819909 0.6982791 -0.5292548 -0.4819802 0.6982726 -0.704514 -0.5312077 0.4706151 -0.7045183 -0.5312092 0.4706069 -0.8449606 -0.4735664 0.2485486 -0.8449592 -0.4735694 0.2485481 -0.943124 -0.3227815 0.07955694 -0.9431253 -0.3227776 0.07955867 -0.993622 -0.1127629 0 -0.1111603 -0.5645431 0.8178842 -0.111167 -0.5645425 0.8178837 -0.3281314 -0.5366127 0.7774167 -0.3281193 -0.5366148 0.7774204 -0.5292561 -0.6350837 0.5626338 -0.5292376 -0.6350916 0.5626423 -0.7045193 -0.6283935 0.3298093 -0.7045134 -0.6284014 0.3298068 -0.8449571 -0.5192931 0.1279931 -0.8449554 -0.5192959 0.1279938 -0.9431287 -0.3324279 0 -0.9431218 -0.3324477 0 -0.9936226 -0.1094803 -0.02698731 -0.993621 -0.1094946 -0.02698761 -0.1111531 -0.743871 0.6590152 -0.1111603 -0.7438678 0.6590176 -0.3281248 -0.7070658 0.6264122 -0.3281332 -0.7070682 0.626405 -0.5292479 -0.7512792 0.3943046 -0.704522 -0.6890607 0.1698361 -0.7045199 -0.6890621 0.1698392 -0.8449591 -0.534831 0 -0.8449562 -0.5348356 0 -0.9431242 -0.322781 -0.07955753 -0.943126 -0.3227753 -0.07955813 -0.9936203 -0.09986191 -0.05240589 -0.9936214 -0.09985083 -0.05240601 -0.1111558 -0.8799709 0.4618393 -0.3281317 -0.83643 0.4389925 -0.328132 -0.8364298 0.4389926 -0.111157 -0.8799681 0.4618443 -0.5292395 -0.8238177 0.2030516 -0.5292429 -0.8238161 0.2030494 -0.7045146 -0.7096896 0 -0.704519 -0.7096852 0 -0.8449567 -0.5192939 -0.1279933 -0.844958 -0.5192916 -0.1279933 -0.9431259 -0.294357 -0.1544913 -0.9431232 -0.2943646 -0.1544929 -0.9936209 -0.08441424 -0.07477957 -0.9936209 -0.08441329 -0.07477891 -0.9936213 0.01359331 -0.1119464 -0.9936211 0.01359003 -0.1119482 -0.11116 -0.9649246 0.237832 -0.3281369 -0.9171809 0.226065 -0.9431253 0.0400688 -0.3300142 -0.3281158 -0.9171891 0.2260622 -0.5292432 -0.8484702 0 -0.9431264 0.04007172 -0.3300105 -0.5292531 -0.848464 0 -0.9936214 0.03998857 -0.1054399 -0.7045195 -0.6890628 -0.1698375 -0.9936215 0.03998678 -0.1054391 -0.7045212 -0.6890613 -0.1698368 -0.8449534 0.0644688 -0.5309402 -0.8449605 0.06446939 -0.5309291 -0.8449593 -0.4735693 -0.2485474 -0.8449606 -0.4735664 -0.2485486 -0.9431248 0.1178867 -0.3108351 -0.9431252 -0.2488347 -0.2204458 -0.9431231 0.1178854 -0.3108408 -0.9431278 -0.2488242 -0.2204461 -0.9936212 0.06406146 -0.09280651 -0.9936214 -0.0640608 -0.09280586 -0.9936217 -0.06405466 -0.09280729 -0.9936218 0.06405371 -0.09280622 -0.7045123 0.08554315 -0.7045174 -0.1111649 -0.993802 0 -0.7045159 0.0855447 -0.7045137 -0.328127 -0.9446336 0 -0.8449609 0.1896519 -0.5000735 -0.5292344 -0.8238218 -0.2030487 -0.5292501 -0.8238103 -0.2030543 -0.8449593 0.1896511 -0.5000762 -0.7045168 -0.628396 -0.3298101 -0.9431232 0.1888501 -0.2735952 -0.7045173 -0.6283962 -0.3298085 -0.9431254 0.1888465 -0.27359 -0.8449578 -0.4003257 -0.3546628 -0.9936211 0.08441197 -0.0747779 -0.8449567 -0.4003285 -0.3546624 -0.9936213 0.08440917 -0.07477933 -0.9431205 -0.1888614 -0.2735965 -0.5292532 0.1022732 -0.8422775 -0.5292459 0.1022709 -0.8422824 -0.9431264 -0.1888431 -0.2735891 -0.9936214 -0.03998839 -0.1054399 -0.9936214 -0.03998726 -0.1054403 -0.9936213 -0.01358985 -0.1119467 -0.7045152 0.2516562 -0.6635718 -0.9936213 -0.01359331 -0.1119467 -0.7045133 0.2516604 -0.6635723 -0.3281311 -0.9171831 -0.2260646 -0.1111661 -0.9649243 -0.2378306 -0.3281174 -0.9171884 -0.2260635 -0.8449602 0.303817 -0.4401562 -0.8449581 0.3038192 -0.4401587 -0.5292375 -0.7512865 -0.3943051 -0.9431236 0.2488384 -0.2204482 -0.5292426 -0.7512793 -0.3943117 -0.7045181 -0.5312059 -0.4706107 -0.7045148 -0.5312151 -0.4706056 -0.9431272 0.2488266 -0.2204458 -0.9936199 0.0998646 -0.05240762 -0.8449603 -0.3038167 -0.4401562 -0.844959 -0.3038172 -0.4401585 -0.9936219 0.09984618 -0.0524047 -0.1111751 0.1197883 -0.9865551 -0.1111313 0.1197922 -0.9865595 -0.328141 0.1138641 -0.9377412 -0.3281328 0.1138668 -0.9377437 -0.943123 -0.1178882 -0.3108401 -0.9431248 -0.1178844 -0.3108362 -0.9431254 -0.0400688 -0.3300136 -0.5292358 0.3008744 -0.7933373 -0.9431256 -0.04007208 -0.3300129 -0.5292462 0.3008689 -0.7933325 -0.1111581 -0.8799692 -0.4618422 -0.1111519 -0.8799705 -0.4618411 -0.7045137 0.4031479 -0.5840653 -0.3281317 -0.8364298 -0.4389932 -0.529247 -0.6350882 -0.5626372 -0.7045195 0.4031484 -0.5840579 -0.5292431 -0.6350876 -0.5626418 -0.7045148 -0.4031506 -0.5840621 -0.8449577 0.4003245 -0.3546647 -0.8449562 0.4003331 -0.3546584 -0.7045199 -0.403143 -0.5840612 -0.8449612 -0.1896498 -0.5000737 -0.8449577 -0.1896532 -0.5000782 -0.9431253 0.2943589 -0.1544911 -0.9431234 0.2943646 -0.154492 -0.844962 -0.06446951 -0.5309266 -0.844953 -0.06446874 -0.530941 -0.993621 0.1094949 -0.02698785 -0.3281424 -0.7070611 -0.6264082 -0.1111565 -0.7438696 -0.6590162 -0.3281176 -0.7070762 -0.6264042 -0.9936224 0.1094816 -0.02698761 -0.529251 -0.4819839 -0.6982728 -0.1111618 0.3524088 -0.9292208 -0.5292434 -0.4819847 -0.6982781 -0.3281258 0.3349718 -0.8832483 -0.3281383 0.334969 -0.8832446 -0.7045121 -0.2516591 -0.663574 -0.7045181 -0.251659 -0.6635677 -0.5292418 0.481985 -0.6982791 -0.7045159 -0.0855447 -0.7045137 -0.52925 0.4819833 -0.698274 -0.7045123 -0.08554315 -0.7045174 -0.1111825 -0.5645469 -0.8178786 -0.7045136 0.5312107 -0.4706121 -0.1111646 -0.5645433 -0.8178836 -0.7045212 0.5312049 -0.4706073 -0.3281223 -0.5366129 -0.7774204 -0.3281198 -0.5366157 -0.7774196 -0.5292423 -0.3008715 -0.7933341 -0.5292523 -0.1022731 -0.8422781 -0.8449596 0.4735699 -0.2485456 -0.5292477 -0.1022713 -0.8422812 -0.8449585 0.4735702 -0.2485485 -0.5292423 -0.3008694 -0.7933349 -0.1111603 -0.3524075 -0.9292215 -0.1111604 -0.119789 -0.9865567 -0.3281334 -0.113867 -0.9377435 -0.1111466 -0.1197922 -0.9865577 -0.1111647 -0.3524053 -0.9292218 -0.328133 -0.334975 -0.8832443 -0.9431239 0.3227815 -0.07955807 -0.3281416 -0.1138644 -0.9377409 -0.3281287 -0.3349666 -0.8832491 -0.9431253 0.3227776 -0.07955747 -0.993622 0.1127629 0 -0.3281193 0.5366148 -0.7774204 -0.1111739 0.5645472 -0.8178795 -0.3281201 0.5366158 -0.7774192 -0.5292341 0.6350923 -0.5626449 -0.7045134 0.6284005 -0.3298086 -0.7045155 0.6283993 -0.3298062 -0.8449556 0.519296 -0.1279911 -0.8449554 0.5192959 -0.1279938 -0.9431216 0.3324484 0 -0.9431284 0.3324286 0 -0.9936225 0.1094806 0.02698802 -0.993621 0.1094946 0.02698743 -0.3281269 0.7070652 -0.6264117 -0.3281378 0.707069 -0.6264017 -0.111175 0.7438665 -0.6590166 -0.5292478 0.7512837 -0.3942965 -0.5292376 0.7512835 -0.3943104 -0.7045167 0.6890653 -0.1698389 -0.7045171 0.6890639 -0.169843 -0.8449569 0.5348346 0 -0.8449604 0.5348291 0 -0.9431238 0.3227817 0.07955765 -0.943126 0.3227753 0.07955813 -0.9936214 0.09985107 0.05240631 -0.9936202 0.09986245 0.05240613 -0.1111558 0.8799705 -0.4618401 -0.1111519 0.8799694 -0.4618432 -0.328132 0.8364298 -0.4389926 -0.3281452 0.8364257 -0.4389908 -0.5292478 0.8238118 -0.2030537 -0.7045135 0.7096906 0 -0.7045179 0.7096863 0 -0.8449562 0.519295 0.1279924 -0.8449574 0.5192925 0.1279935 -0.9431262 0.2943556 0.1544924 -0.9431238 0.294364 0.1544908 -0.993621 0.08441239 0.07477861 -0.9936211 0.08441144 0.07477885 -0.3281205 0.9171864 -0.2260664 -0.1111579 0.9649254 -0.2378293 -0.3281342 0.9171816 -0.2260661 -0.5292499 0.8484661 0 -0.704523 0.689058 0.1698424 -0.7045071 0.6890751 0.1698393 -0.8449609 0.4735665 0.2485475 -0.84496 0.4735676 0.2485488 -0.9431251 0.248834 0.2204464 -0.9431262 0.248829 0.2204478 -0.9936212 0.06406146 0.09280651 -0.9936218 0.06405371 0.09280622 -0.1111655 0.993802 0 -0.328129 0.944633 0 -0.3281239 0.9446347 0 -0.5292486 0.8238121 0.2030504 -0.5292481 0.8238115 0.2030543 -0.7045156 0.6284004 0.3298042 -0.7045113 0.6284033 0.3298078 -0.844958 0.4003269 0.3546611 -0.8449587 0.4003241 0.3546624 -0.9431252 0.1888452 0.2735915 -0.9431254 0.1888465 0.27359 -0.9936216 0.03998184 0.1054403 -0.9936212 0.03998887 0.1054408 -0.1111524 0.9649257 0.2378312 -0.1111652 0.9649239 0.2378324 -0.328128 0.9171832 0.2260684 -0.3281282 0.9171852 0.2260602 -0.5292562 0.7512761 0.3942998 -0.7045194 0.5312045 0.4706105 -0.7045111 0.5312135 0.4706128 -0.8449617 0.3038155 0.4401545 -0.8449566 0.3038194 0.4401617 -0.9431257 0.1178815 0.3108341 -0.9431232 0.1178898 0.3108386 -0.9936213 0.0135926 0.1119467 -0.9936213 0.01359325 0.1119462 -0.3281307 0.8364297 0.4389941 -0.1111521 0.8799716 0.4618388 -0.1111618 0.8799673 0.461845 -0.3281323 0.8364306 0.4389911 -0.5292447 0.6350889 0.5626385 -0.5292487 0.6350854 0.5626388 -0.704512 0.4031548 0.5840626 -0.7045161 0.4031514 0.58406 -0.8449618 0.1896532 0.5000715 -0.8449594 0.189649 0.500077 -0.9431247 0.04006779 0.3300157 -0.9431251 0.04007124 0.3300142 -0.9936212 -0.01359349 0.1119478 -0.9936215 -0.01359504 0.1119449 -0.111159 0.7438703 0.6590149 -0.328119 0.7070714 0.6264089 -0.3281347 0.7070614 0.6264119 -0.529242 0.4819917 0.6982743 -0.5292487 0.4819812 0.6982765 -0.7045205 0.2516573 0.6635658 -0.7045107 0.2516582 0.6635758 -0.8449585 0.06446766 0.5309325 -0.8449576 0.06446784 0.5309338 0 0.9709404 -0.2393213 0 0.9709395 -0.2393251 0 -0.3545986 0.9350187 0 0.9709407 0.2393206 0 -0.354597 0.9350193 0 -0.568074 0.8229775 0 0.5680703 0.8229802 0 0.3545999 0.9350183 0 0.354601 0.9350178 0 -0.9709407 0.2393206 0 -0.9709397 0.2393242 0 -0.9709404 -0.2393213 0 -0.8854612 -0.4647135 0 -0.9709395 -0.2393251 0 -0.8854562 -0.4647231 0 -0.5680721 -0.8229789 0 -0.354597 -0.9350193 0 -0.3545986 -0.9350187 0 0.3545997 -0.9350183 0 0.3546012 -0.9350177 0 0.5680703 -0.8229802 0.3281316 -0.1138663 0.9377443 0.1111688 -0.3524074 0.9292204 0.9936208 0.06406146 0.09281086 0.9936208 0.06406354 0.09281045 0.9431253 0.1888484 0.2735892 0.9431254 0.1888434 0.2735922 0.8449659 0.1896515 0.5000649 0.8449684 0.1896473 0.5000625 0.7045142 0.08554148 0.7045158 0.7045025 0.085545 0.704527 0.5292417 -0.102277 0.8422843 0.3281183 -0.3349725 0.8832508 0.3281342 -0.3349695 0.883246 0.1111599 -0.5645483 0.8178807 0.1111671 -0.5645411 0.8178846 0.9936207 0.03998988 0.1054453 0.9936205 0.03999382 0.1054457 0.943125 0.1178826 0.3108363 0.9431247 0.1178838 0.3108364 0.844965 0.06446593 0.5309224 0.8449653 0.06446516 0.5309218 0.7045105 -0.08554404 0.7045191 0.7045071 -0.08554458 0.7045225 0.5292378 -0.3008704 0.7933376 0.5292416 -0.3008716 0.7933345 0.3281282 -0.5366155 0.7774161 0.3281196 -0.5366129 0.7774214 0.1111531 -0.743871 0.6590152 0.1111604 -0.7438673 0.6590182 0.9936207 0.01359122 0.111952 0.9936208 0.01359081 0.1119514 0.9431243 0.0400691 0.3300167 0.9431255 0.04006975 0.3300134 0.8449657 -0.06446593 0.530921 0.8449658 -0.06446516 0.5309211 0.704517 -0.2516593 0.6635687 0.7045062 -0.2516603 0.6635798 0.5292478 -0.4819824 0.6982763 0.5292445 -0.4819843 0.6982775 0.3281228 -0.7070681 0.6264106 0.328131 -0.7070677 0.6264067 0.1111566 -0.8799692 0.4618425 0.111157 -0.8799683 0.461844 0.9936209 -0.01359367 0.1119502 0.9431246 -0.04007244 0.3300157 0.9936206 -0.01358848 0.1119527 0.9431254 -0.0400688 0.3300136 0.8449651 -0.1896541 0.5000656 0.8449704 -0.1896458 0.5000596 0.7045111 -0.4031516 0.5840659 0.5292455 -0.6350868 0.5626403 0.5292502 -0.6350854 0.5626374 0.3281289 -0.8364318 0.4389913 0.3281315 -0.8364292 0.4389943 0.1111599 -0.9649244 0.2378328 0.1111605 -0.9649243 0.237833 0.9431239 -0.1178851 0.3108382 0.9936205 -0.03999304 0.1054463 0.9936208 -0.03999084 0.1054444 0.9431251 -0.117886 0.3108344 0.844969 -0.3038071 0.4401463 0.8449618 -0.3038191 0.4401515 0.7045077 -0.5312138 0.4706177 0.7045125 -0.5312129 0.4706113 0.5292436 -0.751282 0.3943051 0.5292394 -0.7512846 0.3943058 0.3281288 -0.9171842 0.2260633 0.3281214 -0.9171866 0.2260649 0.1111662 -0.9938019 0 0.1111643 -0.9938021 0 0.9936205 -0.06406646 0.09281098 0.9936208 -0.06405985 0.092812 0.9431255 -0.188845 0.2735908 0.9431246 -0.1888506 0.2735899 0.8449631 -0.4003235 0.3546527 0.8449631 -0.4003229 0.3546534 0.704514 -0.6283974 0.3298134 0.7045122 -0.6284021 0.3298082 0.5292401 -0.8238178 0.2030497 0.5292463 -0.823813 0.2030528 0.3281193 -0.9446364 0 0.3281207 -0.9446359 0 0.1111661 -0.9649242 -0.2378306 0.111157 -0.9649243 -0.2378346 0.9936215 -0.08440303 0.0747829 0.9936209 -0.08440935 0.07478308 0.9431247 -0.2488364 0.2204459 0.9431252 -0.2488347 0.2204458 0.8449671 -0.4735585 0.2485416 0.8449685 -0.4735548 0.248544 0.7045182 -0.6890638 0.1698389 0.704512 -0.6890702 0.1698387 0.5292499 -0.8484661 0 0.5292502 -0.8484659 0 0.3281163 -0.9171879 -0.2260665 0.32813 -0.9171838 -0.2260633 0.1111527 -0.8799688 -0.4618442 0.1111577 -0.8799701 -0.4618403 0.9936211 -0.09985232 0.05240881 0.9431272 -0.2943525 0.1544916 0.9431226 -0.2943671 0.1544924 0.9936203 -0.0998606 0.05240839 0.8449654 -0.5192801 0.1279915 0.8449631 -0.5192842 0.1279901 0.7045156 -0.7096886 0 0.7045117 -0.7096924 0 0.5292415 -0.823816 -0.2030535 0.5292446 -0.8238149 -0.20305 0.3281425 -0.8364272 -0.4389899 0.3281324 -0.8364283 -0.4389951 0.1111675 -0.7438727 -0.6590108 0.1111563 -0.743871 -0.6590147 0.1111313 0.1197925 -0.9865595 0.1111751 0.1197883 -0.9865551 0.993621 -0.1094946 0.02698898 0.9936209 -0.109495 0.0269885 0.9431231 -0.3227842 0.07955789 0.3281387 0.1138643 -0.937742 0.9431272 -0.3227723 0.07955777 0.8449625 -0.5348256 0 0.3281316 0.1138663 -0.9377443 0.1111619 0.3524062 -0.9292217 0.7045124 -0.6890694 -0.1698406 0.7045173 -0.6890654 -0.1698365 0.5292408 0.1022768 -0.8422849 0.529243 -0.7512812 -0.3943077 0.5292351 -0.7512868 -0.3943076 0.3281415 0.3349711 -0.8832426 0.3281313 -0.7070706 -0.6264033 0.3281262 0.3349728 -0.8832477 0.3281261 -0.7070661 -0.6264111 0.1111642 -0.5645468 -0.8178811 0.111174 0.5645459 -0.8178805 0.9431244 -0.33244 0 0.7045096 0.08554178 -0.7045203 0.9936214 -0.1127672 0 0.7045077 0.08554464 -0.704522 0.9431238 -0.3324419 0 0.8449654 -0.5192803 -0.1279902 0.8449645 -0.5192817 -0.1279913 0.7045155 -0.6283957 -0.3298131 0.3281241 0.5366101 -0.7774216 0.7045081 -0.6284056 -0.3298101 0.3281133 0.5366151 -0.7774226 0.5292329 -0.635096 -0.5626417 0.1111447 0.7438737 -0.6590136 0.5292547 -0.6350835 -0.5626354 0.1111748 0.7438675 -0.6590154 0.3281202 -0.5366138 -0.7774207 0.8449633 0.06446415 -0.5309252 0.8449648 0.06446617 -0.5309225 0.3281198 -0.5366122 -0.7774218 0.1111646 -0.3524069 -0.9292211 0.1111604 -0.119789 -0.9865567 0.7045148 0.2516577 -0.6635717 0.1111466 -0.1197925 -0.9865577 0.7045029 0.2516672 -0.6635807 0.9431251 -0.3227784 -0.079557 0.993621 -0.1094946 -0.0269888 0.9936209 -0.1094956 -0.02698868 0.9431239 -0.3227812 -0.07955861 0.5292439 0.4819841 -0.6982781 0.5292462 0.4819888 -0.6982732 0.8449645 -0.4735618 -0.2485444 0.3281232 0.7070715 -0.6264066 0.8449717 -0.4735504 -0.2485418 0.704521 -0.5312026 -0.4706104 0.704506 -0.5312172 -0.4706162 0.3281394 0.7070616 -0.6264091 0.1111565 0.8799688 -0.4618432 0.5292482 -0.4819828 -0.6982758 0.5292472 -0.4819836 -0.6982761 0.1111522 0.8799687 -0.4618445 0.9936205 0.01359403 -0.1119535 0.9936208 0.01359331 -0.1119516 0.9431253 0.0400688 -0.3300142 0.9431264 0.04007172 -0.3300105 0.3281336 -0.3349686 -0.8832465 0.3281247 -0.3349751 -0.8832474 0.8449693 0.1896499 -0.50006 0.3281316 -0.1138663 -0.9377443 0.8449636 0.1896516 -0.5000689 0.9936206 -0.09985697 -0.05240845 0.9936202 -0.09986191 -0.05240821 0.70451 0.4031498 -0.5840684 0.9431248 -0.2943601 -0.1544923 0.943126 -0.2943563 -0.1544921 0.8449622 -0.4003245 -0.3546537 0.7045108 0.4031582 -0.5840618 0.8449615 -0.400325 -0.354655 0.7045086 -0.4031534 -0.5840677 0.5292447 0.6350886 -0.5626389 0.529235 0.6350961 -0.5626397 0.7045154 -0.4031482 -0.5840631 0.3281285 0.8364307 -0.4389936 0.5292417 -0.102277 -0.8422843 0.9936206 -0.08441418 -0.0747829 0.9431237 -0.2488369 -0.2204492 0.9936211 -0.08440834 -0.07478243 0.9431267 -0.2488315 -0.2204424 0.1111584 0.9649252 -0.2378303 0.9936209 0.03998947 -0.1054441 0.8449654 -0.3038103 -0.440151 0.9936209 0.03998851 -0.1054448 0.8449668 -0.3038147 -0.4401451 0.9431237 0.1178836 -0.3108394 0.9431241 0.1178888 -0.310836 0.7045157 -0.251657 -0.663571 0.7045039 -0.2516675 -0.6635795 0.8449681 0.3038084 -0.4401471 0.7045071 -0.08554458 -0.7045225 0.8449644 0.3038169 -0.4401484 0.7045106 -0.0855419 -0.7045192 0.9936209 -0.06406074 -0.09281057 0.7045139 0.531208 -0.4706147 0.9936205 -0.06406694 -0.09281152 0.9431257 -0.1888465 -0.2735894 0.9431237 -0.1888458 -0.2735963 0.8449678 -0.1896509 -0.5000621 0.8449659 -0.06446367 -0.5309211 0.5292471 0.7512814 -0.3943018 0.8449633 -0.06446671 -0.5309249 0.5292372 0.7512867 -0.3943049 0.844965 -0.1896485 -0.5000677 0.9936208 -0.03998988 -0.1054449 0.9936207 -0.01359391 -0.111952 0.9431266 -0.04007172 -0.33001 0.9936208 -0.01359331 -0.1119516 0.9936208 -0.03998839 -0.1054447 0.9431241 -0.117887 -0.3108371 0.3281304 0.9171837 -0.2260631 0.9431242 -0.04006916 -0.3300167 0.9431235 -0.1178856 -0.3108395 0.3281171 0.9171878 -0.2260662 0.1111641 0.9938021 0 0.9936208 0.06406146 -0.09281086 0.9431233 0.1888531 -0.273593 0.9936208 0.06406354 -0.09281045 0.9431253 0.1888433 -0.2735924 0.844964 0.4003213 -0.354653 0.8449634 0.4003226 -0.354653 0.7045055 0.6284106 -0.3298066 0.7045121 0.6283995 -0.3298134 0.5292494 0.8238105 -0.2030556 0.5292453 0.8238145 -0.2030502 0.3281215 0.9446356 0 0.3281211 0.9446357 0 0.1111648 0.9649242 0.2378314 0.1111533 0.9649252 0.2378329 0.9936209 0.08441191 -0.07478159 0.9431241 0.2488389 -0.2204456 0.9431244 0.2488357 -0.2204478 0.9936208 0.08441162 -0.07478272 0.8449671 0.4735585 -0.2485416 0.8449687 0.4735549 -0.248543 0.7045117 0.68907 -0.1698407 0.7045104 0.6890708 -0.1698427 0.5292481 0.8484672 0 0.5292513 0.8484651 0 0.3281197 0.917187 0.2260658 0.3281317 0.9171833 0.2260631 0.1111614 0.8799682 0.4618432 0.1111529 0.87997 0.4618419 0.9936209 0.09985393 -0.05241 0.9936203 0.0998609 -0.05240678 0.9431228 0.2943672 -0.1544907 0.9431273 0.2943518 -0.154493 0.844965 0.5192807 -0.1279911 0.8449643 0.5192823 -0.1279896 0.7045134 0.7096906 0 0.7045117 0.7096924 0 0.5292539 0.8238078 0.2030544 0.5292459 0.8238137 0.2030514 0.3281291 0.8364321 0.4389905 0.3281313 0.8364279 0.4389969 0.1111591 0.74387 0.6590152 0.9936209 0.1094949 -0.02698886 0.9431268 0.322773 -0.07955795 0.9936209 0.109495 -0.02698916 0.9431232 0.3227834 -0.07955771 0.8449639 0.5348235 0 0.7045136 0.6890685 0.1698393 0.7045063 0.6890747 0.1698439 0.5292431 0.7512837 0.3943028 0.5292496 0.751281 0.3942994 0.3281323 0.7070651 0.6264089 0.3281174 0.7070717 0.6264093 0.111156 0.5645421 0.8178855 0.9936214 0.1127672 0 0.9431235 0.3324427 0 0.9431242 0.3324407 0 0.8449662 0.5192786 0.1279917 0.8449631 0.5192842 0.1279901 0.704512 0.6284002 0.3298122 0.7045071 0.6284083 0.3298075 0.5292548 0.6350868 0.5626314 0.5292379 0.6350882 0.5626458 0.3281173 0.5366145 0.7774214 0.3281261 0.5366187 0.7774147 0.1111648 0.3524122 0.9292191 0.993621 0.1094946 0.0269888 0.9936208 0.1094959 0.02698922 0.9431238 0.322782 0.07955753 0.943125 0.3227784 0.07955813 0.8449671 0.4735585 0.2485416 0.8449694 0.473554 0.2485425 0.704515 0.5312054 0.4706161 0.7045063 0.5312175 0.4706155 0.5292551 0.4819836 0.6982699 0.3281279 0.3349687 0.8832486 0.3281337 0.3349725 0.883245 0.1111527 0.1197898 0.9865574 0.1111622 0.1197901 0.9865563 0.9431262 0.2943556 0.1544924 0.9936202 0.09986245 0.05240815 0.9936206 0.09985721 0.05240875 0.9431253 0.2943589 0.1544911 0.8449641 0.4003219 0.3546523 0.8449628 0.4003227 0.3546543 0.7045073 0.4031528 0.5840697 0.7045108 0.4031582 0.5840618 0.5292409 0.3008714 0.793335 0.3281324 0.1138661 0.937744 0.3281323 0.1138648 0.9377441 0.1111543 -0.1197917 0.986557 0.1111604 -0.1197899 0.9865566 0.9936217 0.08440166 0.07478207 0.9936208 0.08441144 0.07478255 0.9431254 0.2488335 0.2204459 0.9431241 0.2488377 0.2204467 0.8449644 0.3038169 0.4401484 0.8449658 0.3038105 0.4401501 0.7045121 0.2516598 0.6635738 0.7045088 0.2516623 0.6635764 0.5292475 0.1022737 0.8422809 0.5292446 0.102271 0.8422831 0 0.1205375 -0.9927088 0 0.1205372 -0.9927088 0 -0.9709417 -0.2393165 0 0.3546043 -0.9350166 0 0.5680652 -0.8229836 0 0.568066 -0.822983 0 -0.7485152 -0.6631177 0 0.748514 -0.6631191 0 -0.568063 -0.8229852 0 -0.5680648 -0.8229839 0 -0.1205372 -0.9927088 0 -0.1205378 -0.9927088 0 0.9709411 0.2393188 0 0.7485088 0.663125 0 0.7485076 0.6631264 0 0.5680676 0.822982 0 0.5680685 0.8229814 0 -0.1205356 0.9927091 0 -0.5680662 0.8229829 0 -0.5680665 0.8229827 0 -0.74851 0.6631237 -1 -8.61715e-7 0 -1 1.508e-6 0 -1 8.61715e-7 0 -1 1.2064e-6 0 -1 2.7144e-6 0 -1 1.93885e-6 0 -1 -8.61711e-7 0 -1 -3.44686e-6 0 -1 1.20641e-6 0 -1 4.30856e-7 0 -1 -2.41281e-6 0 1 -9.04805e-7 0 1 2.4128e-6 0 1 -1.20639e-6 0 1 1.2064e-6 0 1 1.508e-6 0 1 2.41281e-6 0 1 -4.02131e-6 0 1 -1.50801e-6 0 1 1.20639e-6 0 1 -1.00534e-6 0 1 -2.41282e-6 0 1 -1.508e-6 0 1 2.41279e-6 0 -1 -2.4128e-6 0 -1 -1.20639e-6 0 -1 4.02136e-6 0 -1 2.1112e-6 0 -1 -2.01066e-6 0 -1 -1.00533e-6 0 -1 -3.016e-6 0 -1 -5.02667e-6 0 -1 1.00534e-6 0 1 -1.72343e-6 0 1 2.15429e-6 0 1 -6.03199e-7 0 1 -2.15428e-6 0 1 -4.82561e-6 0 1 -1.2064e-6 0 1 -1.29257e-6 0 1 4.82561e-6 0 1 6.03199e-7 0 1 -2.41279e-6 0 1 -3.44686e-6 0 1 1.72343e-6 0 1 1.2064e-6 0 1 -1.72343e-6 0 1 3.44685e-6 0 1 -1.2064e-6 0 1 -2.1543e-6 0 1 -3.44687e-6 0 1 4.82562e-6 0 1 2.15428e-6 0 -0.9431254 -0.04007208 0.3300134 -0.9431242 -0.04006916 0.3300173 -0.9936212 -0.03998786 0.1054419 -0.1111754 0.5645422 0.8178828 -0.1111558 0.5645474 0.8178818 -0.328121 0.5366132 0.7774207 -0.3281268 0.5366143 0.7774176 -0.5292403 0.3008736 0.7933347 -0.5292371 0.300867 0.7933393 -0.7045124 0.08554542 0.704517 -0.7045149 0.08554244 0.7045149 -0.8449586 -0.06446355 0.5309327 -0.8449578 -0.06446993 0.5309332 -0.9431247 -0.1178838 0.3108364 -0.9431242 -0.1178873 0.3108366 -0.9936215 -0.06406044 0.09280502 -0.9936215 -0.06405478 0.09280782 -0.1111719 0.3524083 0.9292197 -0.328133 0.334975 0.8832443 -0.3281169 0.334968 0.883253 -0.8449617 -0.1896499 0.5000728 -0.9431246 -0.1888478 0.273592 -0.9431254 -0.1888465 0.27359 -0.9936209 -0.08441329 0.07477909 -0.9936215 -0.08440816 0.07477843 -0.1111524 0.1197905 0.9865574 -0.1111626 0.1197921 0.9865561 -0.3281329 0.1138631 0.9377441 -0.3281327 0.1138687 0.9377435 -0.7045176 -0.2516588 0.6635683 -0.7045157 -0.251656 0.6635713 -0.8449581 -0.3038192 0.4401587 -0.844959 -0.3038181 0.4401578 -0.9431247 -0.2488362 0.2204463 -0.9431262 -0.248829 0.2204478 -0.9936202 -0.09986299 0.05240678 -0.9936214 -0.09985083 0.05240583 -0.11116 -0.1197885 0.9865568 -0.3281328 -0.1138668 0.9377437 -0.1111541 -0.1197924 0.986557 -0.3281342 -0.1138625 0.9377437 -0.5292418 -0.3008731 0.793334 -0.7045109 -0.4031534 0.584065 -0.8449562 -0.4003331 0.3546584 -0.8449589 -0.400323 0.3546634 -0.9431234 -0.2943646 0.154492 -0.9431251 -0.2943595 0.1544914 -0.9936209 -0.1094952 0.02698796 -0.9936225 -0.1094813 0.02698755 -0.328134 -0.3349695 0.8832461 -0.1111614 -0.3524104 0.9292201 -0.3281329 -0.3349709 0.883246 -0.7045146 -0.5312082 0.4706135 -0.7045169 -0.5312082 0.4706102 -0.8449597 -0.4735685 0.2485476 -0.9431239 -0.3227815 0.07955807 -0.9431251 -0.3227784 0.07955765 -0.1111528 -0.5645436 0.8178849 -0.3281319 -0.5366135 0.7774159 -0.5292568 -0.6350834 0.5626335 -0.529237 -0.6350909 0.5626437 -0.7045171 -0.628398 0.3298056 -0.7045096 -0.6284056 0.3298068 -0.8449566 -0.5192942 0.1279923 -0.8449559 -0.5192949 0.1279935 -0.9431284 -0.3324286 0 -0.9431216 -0.3324484 0 -0.9936225 -0.1094806 -0.02698802 -0.993621 -0.1094946 -0.02698743 -0.1111605 -0.7438688 0.6590164 -0.3281214 -0.7070667 0.626413 -0.3281326 -0.7070668 0.6264068 -0.5292477 -0.7512789 0.3943055 -0.704514 -0.6890669 0.1698437 -0.7045189 -0.6890632 0.1698384 -0.8449597 -0.53483 0 -0.9431238 -0.3227817 -0.07955765 -0.9431263 -0.3227746 -0.07955795 -0.9936214 -0.09985083 -0.05240613 -0.1111558 -0.8799705 0.4618401 -0.3281319 -0.8364304 0.4389918 -0.5292499 -0.8238109 0.2030529 -0.5292442 -0.8238149 0.2030511 -0.7045168 -0.7096874 0 -0.8449568 -0.519294 -0.1279922 -0.9431262 -0.2943556 -0.1544924 -0.9431238 -0.294364 -0.1544908 -0.993621 -0.08441287 -0.07477903 -0.9936209 -0.08441329 -0.07477825 -0.9936213 0.01359331 -0.1119467 -0.9936213 0.01358985 -0.1119467 -0.1111572 -0.9649255 0.2378293 -0.3281368 -0.9171807 0.2260659 -0.9431254 0.0400688 -0.3300136 -0.3281175 -0.9171883 0.226063 -0.9431256 0.04007208 -0.3300129 -0.7045172 -0.6890646 -0.16984 -0.9936215 0.03998678 -0.1054395 -0.7045143 -0.6890671 -0.1698415 -0.844953 0.06446874 -0.530941 -0.844962 0.06446951 -0.5309266 -0.8449597 -0.4735683 -0.248548 -0.8449609 -0.4735665 -0.2485475 -0.9431245 0.1178867 -0.3108361 -0.9431244 -0.2488357 -0.2204478 -0.9431236 0.1178855 -0.3108391 -0.9431272 -0.2488266 -0.2204458 -0.9936211 0.06406217 -0.09280788 -0.9936212 -0.06406146 -0.09280651 -0.9936217 -0.06405419 -0.09280687 -0.9936218 0.06405371 -0.09280592 -0.3281288 -0.9446331 0 -0.5292467 -0.8238124 -0.2030546 -0.529249 -0.8238117 -0.2030516 -0.8449573 0.1896516 -0.5000795 -0.7045146 -0.6284013 -0.3298047 -0.9431231 0.1888501 -0.2735958 -0.704513 -0.6284 -0.3298106 -0.9431257 0.1888465 -0.2735894 -0.8449587 -0.4003241 -0.3546624 -0.9936211 0.08441197 -0.07477772 -0.8449593 -0.4003254 -0.3546597 -0.993621 0.08441066 -0.07478082 -0.9431226 -0.1888578 -0.273592 -0.9431247 -0.188846 -0.2735927 -0.9936214 -0.03998839 -0.1054396 -0.9936211 -0.01359003 -0.1119482 -0.7045106 0.2516575 -0.6635762 -0.9936213 -0.01359331 -0.1119464 -0.7045186 0.2516592 -0.6635671 -0.1111661 -0.964924 -0.2378315 -0.3281206 -0.9171866 -0.2260659 -0.8449606 0.3038172 -0.4401553 -0.8449578 0.303819 -0.4401596 -0.5292352 -0.7512889 -0.3943034 -0.9431262 0.2488336 -0.2204423 -0.5292531 -0.7512747 -0.3943063 -0.7045168 -0.5312064 -0.4706122 -0.7045144 -0.5312148 -0.4706063 -0.9431255 0.2488288 -0.2204508 -0.9936199 0.0998646 -0.05240726 -0.9936219 0.09984618 -0.05240488 -0.1111604 0.119789 -0.9865567 -0.1111466 0.1197922 -0.9865577 -0.3281416 0.1138644 -0.9377409 -0.3281334 0.113867 -0.9377435 -0.9431231 -0.1178882 -0.3108396 -0.9431244 -0.1178843 -0.3108373 -0.9431253 -0.0400688 -0.3300142 -0.5292418 0.3008731 -0.793334 -0.9431264 -0.04007172 -0.3300105 -0.1111553 -0.8799679 -0.4618453 -0.1111521 -0.8799716 -0.4618388 -0.3281463 -0.8364262 -0.4389888 -0.3281316 -0.8364294 -0.4389939 -0.7045191 0.4031482 -0.5840587 -0.5292379 -0.6350908 -0.5626428 -0.7045161 -0.4031514 -0.58406 -0.8449579 0.4003247 -0.3546637 -0.8449536 0.4003362 -0.3546611 -0.7045191 -0.4031425 -0.5840625 -0.8449636 -0.1896483 -0.50007 -0.844956 -0.1896549 -0.5000804 -0.9431248 0.2943601 -0.1544923 -0.9431235 0.2943646 -0.1544914 -0.8449605 -0.06446939 -0.5309291 -0.8449534 -0.0644688 -0.5309402 -0.993621 0.1094946 -0.02698761 -0.3281422 -0.7070607 -0.6264088 -0.1111565 -0.7438691 -0.6590167 -0.3281242 -0.7070735 -0.6264038 -0.9936224 0.1094816 -0.02698731 -0.5292472 -0.4819858 -0.6982744 -0.1111648 0.3524067 -0.9292212 -0.5292441 -0.4819853 -0.698277 -0.3281329 0.3349709 -0.883246 -0.3281292 0.3349689 -0.883248 -0.7045111 -0.2516588 -0.6635752 -0.7045186 -0.2516592 -0.6635671 -0.5292475 0.481983 -0.6982762 -0.1111751 -0.5645482 -0.8178786 -0.704513 0.5312102 -0.4706137 -0.111172 -0.5645419 -0.8178834 -0.7045226 0.531206 -0.470604 -0.3281164 -0.5366159 -0.7774208 -0.3281263 -0.5366135 -0.7774183 -0.5292432 -0.3008698 -0.7933341 -0.1111751 -0.1197883 -0.9865551 -0.3281328 -0.1138668 -0.9377437 -0.1111313 -0.1197922 -0.9865595 -0.1111653 -0.3524071 -0.9292209 -0.3281394 -0.3349735 -0.8832424 -0.943124 0.3227815 -0.07955694 -0.328141 -0.1138641 -0.9377412 -0.3281235 -0.3349691 -0.8832501 -0.9431253 0.3227776 -0.07955867 -0.1111662 0.5645477 -0.8178802 -0.3281196 0.536615 -0.7774201 -0.7045173 0.6283962 -0.3298085 -0.7045172 0.6283953 -0.3298103 -0.8449561 0.519295 -0.127992 -0.844954 0.5192979 -0.1279943 -0.9431218 0.3324477 0 -0.9431287 0.3324279 0 -0.9936226 0.1094803 0.02698731 -0.993621 0.1094946 0.02698761 -0.3281314 0.7070721 -0.6264016 -0.1111749 0.7438656 -0.6590176 -0.5292379 0.7512838 -0.3943096 -0.7045177 0.6890641 -0.1698397 -0.7045251 0.6890577 -0.1698353 -0.8449591 0.534831 0 -0.9431242 0.322781 0.07955753 -0.9936214 0.09985107 0.05240613 -0.1111596 0.8799706 -0.4618392 -0.328145 0.8364254 -0.4389916 -0.5292382 0.8238183 -0.2030523 -0.7045146 0.7096896 0 -0.704519 0.7096852 0 -0.8449559 0.5192949 0.1279935 -0.9431259 0.294357 0.1544913 -0.9431235 0.294364 0.1544926 -0.9936208 0.08441466 0.07477998 -0.9936211 0.08441126 0.07477927 -0.328117 0.9171878 -0.2260658 -0.1111609 0.9649245 -0.237832 -0.3281343 0.9171818 -0.2260652 -0.7045254 0.6890562 0.1698399 -0.7045128 0.6890703 0.1698349 -0.8449606 0.4735664 0.2485486 -0.8449602 0.4735677 0.2485477 -0.9431252 0.2488347 0.2204458 -0.9431272 0.2488254 0.2204471 -0.9936211 0.06406146 0.09280687 -0.9936217 0.06405466 0.09280729 -0.3281264 0.9446339 0 -0.3281222 0.9446353 0 -0.5292483 0.8238117 0.2030532 -0.5292373 0.8238201 0.2030483 -0.7045199 0.6283933 0.3298087 -0.8449585 0.400325 0.3546622 -0.9431257 0.1888444 0.2735909 -0.943125 0.1888474 0.2735906 -0.9936217 0.03998166 0.1054397 -0.9936212 0.03998899 0.1054414 -0.1111561 0.9649248 0.2378329 -0.1111653 0.9649241 0.2378315 -0.3281257 0.9171847 0.2260659 -0.3281281 0.917185 0.2260612 -0.5292449 0.7512811 0.3943054 -0.7045202 0.5312044 0.4706094 -0.7045115 0.5312138 0.4706119 -0.8449571 0.3038188 0.4401609 -0.9431256 0.1178815 0.3108346 -0.9431236 0.1178898 0.3108375 -0.3281309 0.83643 0.4389932 -0.1111519 0.8799705 0.4618411 -0.1111629 0.8799688 0.4618419 -0.328132 0.8364298 0.4389926 -0.5292442 0.6350883 0.5626398 -0.5292499 0.6350868 0.562636 -0.7045128 0.4031553 0.5840612 -0.7045148 0.4031506 0.5840621 -0.8449585 0.1896488 0.5000787 -0.9431249 0.04006779 0.3300153 -0.9431253 0.0400713 0.3300136 -0.9936212 -0.01359349 0.1119475 -0.9936214 -0.01359504 0.1119452 -0.1111591 0.7438708 0.6590144 -0.3281229 0.7070713 0.6264069 -0.3281349 0.7070618 0.6264113 -0.5292413 0.4819909 0.6982753 -0.529249 0.4819806 0.6982766 -0.7045214 0.2516576 0.6635646 -0.7045102 0.251658 0.6635764 -0.844958 0.06446802 0.5309332 0 -0.3545999 0.9350183 0 -0.354601 0.9350178 0 0.5680721 0.8229789 0 0.3545986 0.9350187 0 0.354597 0.9350193 0 -0.354601 -0.9350178 0 -0.3545999 -0.9350183 0 0.3545984 -0.9350187 0 0.3545972 -0.9350192 0 0.568074 -0.8229775 0.3281317 -0.1138646 0.9377443 0.9936207 0.06406146 0.09281152 0.9936205 0.0640645 0.09281152 0.943126 0.1888476 0.2735874 0.9431248 0.1888442 0.273594 0.8449665 0.1896516 0.500064 0.8449674 0.1896471 0.500064 0.5292408 -0.1022768 0.8422849 0.3281262 -0.3349728 0.8832477 0.3281373 -0.3349691 0.883245 0.9936208 0.0399897 0.1054443 0.9936205 0.03999388 0.1054463 0.9431246 0.1178825 0.3108373 0.8449653 0.06446617 0.5309217 0.3281277 -0.5366147 0.7774168 0.3281202 -0.5366138 0.7774207 0.1111606 -0.7438682 0.659017 0.9936207 0.01359122 0.1119517 0.9431256 0.04006975 0.3300129 0.8449649 -0.0644651 0.5309226 0.7045161 -0.251659 0.6635699 0.7045067 -0.2516605 0.6635792 0.5292452 -0.481985 0.6982765 0.3281193 -0.707069 0.6264113 0.3281307 -0.7070673 0.6264073 0.1111565 -0.8799688 0.4618432 0.9936209 -0.01359367 0.1119505 0.9431244 -0.04007244 0.3300163 0.8449652 -0.1896547 0.5000649 0.84497 -0.1896458 0.5000604 0.7045115 -0.4031518 0.5840651 0.5292461 -0.6350874 0.5626389 0.5292497 -0.6350836 0.5626399 0.3281285 -0.8364307 0.4389936 0.3281319 -0.8364303 0.4389919 0.1111577 -0.9649253 0.2378304 0.9936205 -0.03999322 0.1054469 0.8449694 -0.3038072 0.4401454 0.7045069 -0.5312133 0.4706193 0.5292556 -0.7512767 0.3942993 0.5292386 -0.7512863 0.3943036 0.3281289 -0.9171847 0.2260614 0.3281246 -0.9171848 0.2260674 0.9936206 -0.06406581 0.09280931 0.9936208 -0.06405973 0.09281206 0.9431259 -0.1888442 0.2735901 0.9431243 -0.1888514 0.2735906 0.8449634 -0.4003226 0.354653 0.8449628 -0.4003227 0.3546543 0.7045127 -0.628399 0.3298132 0.7045075 -0.6284087 0.3298056 0.5292517 -0.8238089 0.2030557 0.3281225 -0.9446352 0 0.111166 -0.964924 -0.2378315 0.1111551 -0.9649249 -0.2378329 0.9936215 -0.08440256 0.07478284 0.9936212 -0.08440816 0.07478183 0.9431235 -0.24884 0.2204466 0.8449694 -0.473554 0.2485425 0.7045115 -0.6890698 0.1698425 0.7045097 -0.689072 0.1698412 0.3281198 -0.9171866 -0.2260672 0.1111529 -0.87997 -0.4618419 0.1111549 -0.8799688 -0.4618435 0.9936211 -0.09985232 0.05240917 0.9431273 -0.2943518 0.154493 0.9431228 -0.2943672 0.1544907 0.9936203 -0.0998606 0.05240797 0.7045146 -0.7096896 0 0.7045107 -0.7096934 0 0.529251 -0.8238095 -0.2030549 0.5292459 -0.8238137 -0.2030518 0.3281428 -0.8364279 -0.4389883 0.3281322 -0.8364276 -0.4389967 0.1111562 -0.7438705 -0.6590152 0.1111466 0.1197925 -0.9865577 0.9936209 -0.1094952 0.02698892 0.9936209 -0.1094948 0.02698904 0.3281404 0.1138649 -0.9377413 0.9431268 -0.322773 0.07955795 0.8449632 -0.5348245 0 0.1111649 0.3524042 -0.9292221 0.7045114 -0.6890705 -0.1698397 0.7045094 -0.6890717 -0.1698432 0.5292417 0.102277 -0.8422843 0.5292519 -0.7512792 -0.3942996 0.3281334 0.3349722 -0.8832453 0.3281381 -0.7070684 -0.6264023 0.3281251 0.3349716 -0.8832485 0.1111716 -0.5645455 -0.8178809 0.1111664 0.5645464 -0.8178811 0.9431242 -0.3324407 0 0.7045106 0.0855419 -0.7045192 0.9431235 -0.3324427 0 0.844965 -0.5192813 -0.1279894 0.8449656 -0.5192796 -0.1279919 0.704512 -0.6284002 -0.3298122 0.3281176 0.5366123 -0.7774229 0.704505 -0.6284101 -0.3298084 0.3281196 0.5366129 -0.7774214 0.5292323 -0.6350953 -0.5626431 0.529249 -0.6350861 -0.5626378 0.1111747 0.7438666 -0.6590165 0.3281207 -0.5366146 -0.77742 0.8449659 0.06446367 -0.5309211 0.8449633 0.06446671 -0.5309249 0.3281192 -0.5366114 -0.7774227 0.1111652 -0.3524088 -0.9292204 0.7045143 0.2516575 -0.6635723 0.1111313 -0.1197925 -0.9865595 0.7045039 0.2516675 -0.6635795 0.943125 -0.3227784 -0.07955813 0.9936208 -0.1094959 -0.02698922 0.9431241 -0.3227812 -0.07955735 0.5292431 0.4819834 -0.6982792 0.5292515 0.4819865 -0.6982707 0.8449659 -0.4735603 -0.2485425 0.3281161 0.7070733 -0.6264082 0.7045188 -0.5312026 -0.4706136 0.7045063 -0.5312175 -0.4706155 0.3281396 0.7070621 -0.6264086 0.1111603 0.8799688 -0.4618422 0.5292497 -0.4819841 -0.6982737 0.9936207 0.01359391 -0.111952 0.9431242 0.04006916 -0.3300167 0.9431266 0.04007172 -0.33001 0.328126 -0.334969 -0.8832493 0.3281401 -0.3349751 -0.8832417 0.3281387 -0.1138643 -0.937742 0.8449673 0.1896514 -0.5000628 0.8449641 0.1896506 -0.5000684 0.9936206 -0.09985697 -0.05240857 0.9936202 -0.09986191 -0.05240786 0.9431259 -0.2943562 -0.1544927 0.8449616 -0.4003242 -0.3546556 0.8449654 -0.4003203 -0.3546509 0.704509 -0.4031537 -0.584067 0.5292474 0.6350893 -0.5626355 0.328145 0.8364245 -0.4389933 0.3281289 0.8364318 -0.4389913 0.5292408 -0.1022768 -0.8422849 0.9936208 -0.08441287 -0.07478237 0.943125 -0.2488359 -0.2204452 0.9936212 -0.08440834 -0.07478201 0.1111614 0.9649242 -0.237833 0.8449658 -0.3038105 -0.4401501 0.9431235 0.1178835 -0.31084 0.9431246 0.1178889 -0.310835 0.7045109 -0.2516583 -0.6635756 0.704508 -0.2516661 -0.6635757 0.8449676 0.3038082 -0.440148 0.7045096 -0.08554178 -0.7045203 0.9936208 -0.06406146 -0.09281086 0.7045147 0.5312086 -0.470613 0.9936205 -0.06406646 -0.0928111 0.9431257 -0.1888461 -0.2735893 0.9431238 -0.1888458 -0.2735958 0.8449674 -0.1896508 -0.500063 0.8449633 -0.06446415 -0.5309252 0.5292351 0.7512868 -0.3943076 0.8449648 -0.06446617 -0.5309225 0.5292395 0.7512843 -0.3943067 0.8449659 -0.1896487 -0.5000661 0.9936207 -0.03998988 -0.1054453 0.9936205 -0.01359403 -0.1119535 0.9431264 -0.04007172 -0.3300105 0.9936209 -0.03998839 -0.1054444 0.3281303 0.9171833 -0.226065 0.9431253 -0.0400688 -0.3300142 0.3281139 0.9171895 -0.2260637 0.9936206 0.06406211 -0.09281253 0.9431251 0.1888498 -0.2735887 0.9936208 0.06406354 -0.09281015 0.9431234 0.1888468 -0.273597 0.844962 0.4003244 -0.3546547 0.8449611 0.4003258 -0.3546547 0.7045081 0.6284056 -0.3298101 0.7045151 0.6283964 -0.3298129 0.3281189 0.9446365 0 0.1111648 0.9649244 0.2378305 0.111157 0.9649243 0.2378346 0.9936209 0.08441191 -0.07478123 0.943125 0.2488358 -0.2204454 0.9936206 0.08441311 -0.07478415 0.8449692 0.4735539 -0.2485436 0.704514 0.6890682 -0.1698382 0.7045171 0.6890648 -0.1698391 0.3281171 0.9171881 0.226065 0.1111625 0.8799697 0.4618401 0.1111527 0.8799688 0.4618442 0.9936209 0.09985393 -0.0524097 0.9936203 0.0998609 -0.05240726 0.9431226 0.2943671 -0.1544924 0.9431272 0.2943525 -0.1544916 0.8449637 0.5192832 -0.1279898 0.7045156 0.7096886 0 0.5292443 0.8238143 0.2030531 0.5292447 0.8238149 0.2030496 0.3281288 0.8364314 0.4389921 0.3281316 0.8364287 0.4389953 0.1111592 0.7438705 0.6590147 0.993621 0.1094946 -0.02698898 0.9431272 0.3227723 -0.07955777 0.9936209 0.109495 -0.0269885 0.9431231 0.3227842 -0.07955789 0.8449625 0.5348256 0 0.7045145 0.6890673 0.16984 0.7045141 0.6890683 0.1698372 0.5292434 0.751284 0.394302 0.5292385 0.751284 0.3943082 0.3281325 0.7070655 0.6264083 0.3281208 0.7070708 0.6264085 0.1111562 0.564543 0.8178848 0.9431238 0.3324419 0 0.9431244 0.33244 0 0.8449656 0.5192797 0.1279908 0.8449636 0.5192831 0.1279909 0.7045155 0.6283957 0.3298131 0.7045102 0.6284038 0.3298091 0.5292386 0.6350889 0.5626444 0.3281177 0.5366153 0.7774207 0.3281257 0.5366179 0.7774156 0.1111719 0.35241 0.929219 0.9936209 0.1094956 0.02698868 0.9431239 0.3227812 0.07955861 0.9431251 0.3227784 0.079557 0.8449656 0.4735601 0.2485435 0.7045166 0.5312058 0.4706133 0.704506 0.5312172 0.4706162 0.5292547 0.4819823 0.6982712 0.3281215 0.3349702 0.8832505 0.3281251 0.3349716 0.8832485 0.1111524 0.1197896 0.9865575 0.1111626 0.1197911 0.9865562 0.9431263 0.2943556 0.1544918 0.9936202 0.09986245 0.05240851 0.9936206 0.09985721 0.05240857 0.8449634 0.4003226 0.354653 0.8449622 0.4003245 0.3546537 0.7045103 0.4031579 0.5840624 0.5292351 0.3008728 0.7933384 0.3281361 0.1138662 0.9377427 0.3281267 0.1138654 0.937746 0.11116 -0.1197894 0.9865567 0.9936214 0.08440393 0.07478338 0.9936209 0.0844112 0.07478284 0.9431242 0.2488358 0.2204481 0.8449661 0.3038097 0.4401502 0.7045126 0.2516599 0.6635732 0 0.1205375 -0.9927088 0 0.5680637 -0.8229847 0 -0.568066 -0.822983 0 -0.1205375 -0.9927088 0 0.5680654 0.8229835 0 0.5680673 0.8229822 0 -0.5680685 0.8229814 0 -0.5680676 0.822982 0 -0.7485076 0.6631264 -1 -4.30856e-7 0 -1 1.508e-6 0 -1 2.71439e-6 0 -1 -1.508e-6 0 -1 2.11121e-6 0 -1 -1.72343e-6 0 -1 4.30855e-7 0 1 -9.04796e-7 0 1 9.04805e-7 0 1 2.01066e-6 0 1 -2.01066e-6 0 1 1.00534e-6 0 1 -2.01068e-6 0 1 2.41282e-6 0 1 2.41281e-6 0 1 -2.01067e-6 0 -1 -3.01601e-6 0 -1 -1.00534e-6 0 -1 -8.04266e-6 0 -1 2.4128e-6 0 -1 1.00533e-6 0 -1 -4.02135e-6 0 -1 2.41282e-6 0 -1 -4.02136e-6 0 1 2.1543e-6 0 1 -1.29257e-6 0 1 -1.72342e-6 0 1 6.032e-7 0 1 1.20641e-6 0 1 -2.15429e-6 0 1 4.82559e-6 0 -0.9936206 -0.03999036 0.1054464 -0.1111676 0.5645487 0.8178793 -0.1111562 0.5645403 0.8178867 -0.3281193 0.5366172 0.7774187 -0.3281253 0.5366118 0.7774199 -0.5292345 0.30087 0.79334 -0.5292426 0.3008736 0.7933331 -0.7045181 0.08554285 0.7045117 -0.8449555 -0.0644676 0.5309371 -0.8449569 -0.06446754 0.5309349 -0.9431265 -0.117884 0.3108308 -0.9431262 -0.1178807 0.3108332 -0.9936208 -0.0640611 0.09281104 -0.9936208 -0.06405985 0.092812 -0.1111649 0.3524099 0.9292199 -0.3281387 0.3349689 0.8832446 -0.3281232 0.3349715 0.8832494 -0.704523 -0.08554238 0.7045069 -0.8449588 -0.189653 0.5000764 -0.9431264 -0.1888422 0.2735898 -0.9431273 -0.1888459 0.2735841 -0.9936206 -0.08441376 0.07478284 -0.9936203 -0.08441674 0.07478302 -0.1111527 0.1197898 0.9865574 -0.1111622 0.1197904 0.9865563 -0.3281332 0.1138645 0.9377439 -0.7045214 -0.2516559 0.6635654 -0.8449577 -0.3038173 0.4401606 -0.9431299 -0.2488203 0.2204413 -0.9431251 -0.248836 0.2204446 -0.99362 -0.09986299 0.05240881 -0.9936215 -0.09984838 0.05240851 -0.1111604 -0.1197909 0.9865565 -0.3281386 -0.113866 0.9377418 -0.1111543 -0.1197905 0.9865571 -0.3281267 -0.1138645 0.9377461 -0.7045202 -0.4031522 0.5840545 -0.7045134 -0.4031505 0.5840638 -0.8449539 -0.4003341 0.3546627 -0.8449525 -0.4003361 0.3546638 -0.9431238 -0.2943647 0.1544889 -0.943127 -0.2943539 0.1544904 -0.9936197 -0.1095052 0.02698892 -0.9936215 -0.1094901 0.0269885 -0.3281278 -0.3349696 0.8832483 -0.1111688 -0.3524081 0.9292202 -0.3281247 -0.3349706 0.8832491 -0.704513 -0.5312131 0.4706103 -0.7045255 -0.5311974 0.4706095 -0.8449602 -0.4735662 0.2485508 -0.8449563 -0.4735732 0.2485504 -0.9431223 -0.3227865 0.07955724 -0.1111599 -0.5645483 0.8178807 -0.3281299 -0.5366132 0.7774171 -0.3281169 -0.5366188 0.7774186 -0.5292558 -0.6350843 0.5626335 -0.5292403 -0.6350867 0.5626452 -0.7045209 -0.6283929 0.3298071 -0.7045178 -0.6283966 0.3298066 -0.8449532 -0.5192994 0.1279936 -0.8449552 -0.5192958 0.1279949 -0.9431256 -0.3324366 0 -0.9431269 -0.3324329 0 -0.9936215 -0.1094901 -0.02698868 -0.1111602 -0.7438685 0.6590169 -0.328122 -0.7070684 0.6264107 -0.3281325 -0.7070664 0.6264074 -0.5292345 -0.751288 0.394306 -0.5292487 -0.7512784 0.3943052 -0.7045211 -0.6890618 0.1698348 -0.7045243 -0.6890578 0.1698381 -0.8449535 -0.5348398 0 -0.9431303 -0.3227631 -0.07955688 -0.9431232 -0.3227842 -0.07955664 -0.9936202 -0.09986191 -0.05240821 -0.9936211 -0.09985208 -0.05240845 -0.3281317 -0.8364286 0.4389954 -0.3281296 -0.8364315 0.4389914 -0.5292434 -0.8238149 0.2030531 -0.5292465 -0.8238134 0.2030507 -0.7045233 -0.7096809 0 -0.9431235 -0.2943661 -0.154489 -0.9431275 -0.2943522 -0.1544907 -0.9936196 -0.08442491 -0.07478284 -0.9936211 -0.08440834 -0.07478243 -0.9936205 0.01359403 -0.1119535 -0.1111589 -0.9649253 0.2378295 -0.328118 -0.9171875 0.2260657 -0.9431282 0.04006952 -0.3300054 -0.7045223 -0.6890604 -0.1698361 -0.7045213 -0.6890614 -0.1698358 -0.8449511 0.06446641 -0.5309442 -0.8449586 0.06446695 -0.5309324 -0.8449583 -0.4735698 -0.2485504 -0.9431264 0.1178846 -0.310831 -0.9431285 -0.2488241 -0.2204432 -0.9431245 0.1178856 -0.3108363 -0.9431287 -0.2488244 -0.2204425 -0.9936208 0.06406146 -0.09281086 -0.9936209 -0.06406074 -0.09281057 -0.9936205 -0.06406694 -0.09281152 -0.9936206 0.06406599 -0.09281045 -0.3281198 -0.9446362 0 -0.7045193 0.0855419 -0.7045107 -0.3281193 -0.9446364 0 -0.5292379 -0.8238191 -0.2030501 -0.5292494 -0.8238107 -0.203054 -0.844956 0.1896569 -0.5000796 -0.7045217 -0.6283902 -0.3298103 -0.9431256 0.1888437 -0.2735913 -0.7045218 -0.6283917 -0.3298075 -0.9431264 0.1888467 -0.2735865 -0.8449528 -0.4003352 -0.354664 -0.99362 0.08442264 -0.07478153 -0.8449526 -0.4003357 -0.3546641 -0.9936208 0.08441162 -0.07478272 -0.9431227 -0.1888568 -0.2735922 -0.9431286 -0.1888367 -0.2735857 -0.9936208 -0.03998839 -0.1054447 -0.9936208 -0.03998988 -0.1054449 -0.9936207 -0.01359391 -0.111952 -0.7045164 0.2516607 -0.6635688 -0.7045161 0.2516571 -0.6635707 -0.328131 -0.9171829 -0.2260655 -0.1111653 -0.9649248 -0.2378289 -0.3281168 -0.9171882 -0.226065 -0.5292407 -0.7512829 -0.3943076 -0.9431283 0.2488235 -0.2204447 -0.5292366 -0.751286 -0.3943071 -0.7045184 -0.5312082 -0.4706078 -0.9431255 0.2488361 -0.2204429 -0.9936199 0.0998646 -0.05240994 -0.9936214 0.09985107 -0.05240684 -0.1111751 0.1197893 -0.986555 -0.1111313 0.119791 -0.9865596 -0.3281392 0.1138654 -0.9377416 -0.328131 0.1138662 -0.9377444 -0.9431245 -0.1178861 -0.3108361 -0.9431262 -0.1178846 -0.3108317 -0.9431272 -0.04006987 -0.3300083 -0.1111577 -0.8799702 -0.4618402 -0.1111535 -0.879967 -0.4618473 -0.7045156 0.4031511 -0.5840608 -0.3281457 -0.8364245 -0.4389928 -0.3281285 -0.8364322 -0.4389908 -0.7045216 0.4031453 -0.5840575 -0.529241 -0.635091 -0.5626397 -0.7045194 -0.4031447 -0.5840606 -0.8449515 0.4003366 -0.3546653 -0.8449552 0.4003326 -0.3546614 -0.7045193 -0.4031508 -0.5840566 -0.844958 -0.1896555 -0.5000771 -0.844955 -0.1896572 -0.5000813 -0.9431277 0.2943527 -0.1544892 -0.9431238 0.2943647 -0.1544895 -0.8449596 -0.06446707 -0.5309308 -0.8449507 -0.06446641 -0.530945 -0.9936197 0.1095055 -0.02698886 -0.3281399 -0.707063 -0.6264073 -0.1111561 -0.7438717 -0.6590138 -0.3281186 -0.7070705 -0.62641 -0.9936215 0.1094901 -0.02698916 -0.5292506 -0.4819855 -0.6982721 -0.1111618 0.3524081 -0.929221 -0.5292454 -0.4819784 -0.6982808 -0.3281241 0.33497 -0.8832495 -0.3281368 0.3349713 -0.8832444 -0.7045136 -0.2516617 -0.6635714 -0.5292408 0.481988 -0.6982778 -0.7045187 -0.08554184 -0.7045112 -0.704515 0.5312117 -0.4706089 -0.1111643 -0.5645453 -0.817882 -0.7045291 0.5311937 -0.4706083 -0.3281214 -0.5366106 -0.7774223 -0.3281188 -0.536614 -0.7774211 -0.8449593 0.4735697 -0.2485467 -0.5292431 -0.3008657 -0.7933359 -0.1111604 -0.1197899 -0.9865566 -0.3281316 -0.1138663 -0.9377443 -0.1111467 -0.119791 -0.986558 -0.1111646 -0.352408 -0.9292207 -0.3281317 -0.3349698 -0.8832468 -0.3281404 -0.1138659 -0.9377412 -0.3281266 -0.3349731 -0.8832474 -0.3281177 0.5366123 -0.7774226 -0.1111741 0.5645451 -0.8178809 -0.3281193 0.5366135 -0.7774213 -0.5292457 0.635092 -0.5626342 -0.704514 0.6284009 -0.3298067 -0.7045201 0.6283932 -0.3298084 -0.8449558 0.5192951 -0.1279934 -0.8449552 0.5192958 -0.1279949 -0.9431267 0.3324336 0 -0.9431253 0.3324374 0 -0.9936214 0.1094904 0.02698922 -0.3281393 0.7070642 -0.6264064 -0.1111747 0.7438685 -0.6590144 -0.5292369 0.7512844 -0.3943099 -0.704517 0.6890656 -0.1698368 -0.7045164 0.6890652 -0.1698408 -0.8449547 0.5348379 0 -0.94313 0.3227638 0.07955706 -0.9936211 0.09985232 0.05240875 -0.9936202 0.09986245 0.05240815 -0.3281314 0.8364284 -0.4389958 -0.3281427 0.8364274 -0.4389894 -0.529251 0.8238095 -0.2030549 -0.5292477 0.8238123 -0.2030525 -0.7045192 0.709685 0 -0.7045222 0.709682 0 -0.9431238 0.2943647 0.1544895 -0.9431279 0.2943516 0.1544892 -0.9936208 0.08441239 0.07478201 -0.9936207 0.08441388 0.07478255 -0.3281204 0.917186 -0.2260683 -0.1111568 0.9649262 -0.2378268 -0.7045179 0.6890642 0.1698391 -0.7045198 0.6890618 0.1698402 -0.8449598 0.4735674 0.2485498 -0.9431286 0.2488235 0.2204438 -0.9431269 0.2488292 0.2204443 -0.9936208 0.06406146 0.09281086 -0.9936209 0.0640611 0.09281045 -0.3281223 0.9446353 0 -0.3281215 0.9446356 0 -0.52925 0.8238111 0.2030509 -0.5292517 0.8238089 0.2030557 -0.7045201 0.6283943 0.3298063 -0.7045118 0.6284038 0.3298059 -0.8449538 0.4003336 0.3546636 -0.9431273 0.1888387 0.2735887 -0.9431258 0.1888515 0.2735852 -0.9936209 0.0399872 0.1054453 -0.9936205 0.03999626 0.1054457 -0.1111516 0.9649262 0.2378294 -0.1111646 0.9649243 0.2378309 -0.3281238 0.917185 0.2260674 -0.3281306 0.917184 0.2260619 -0.5292414 0.7512838 0.394305 -0.5292558 0.7512764 0.3942994 -0.70452 0.531207 0.4706069 -0.8449533 0.3038246 0.4401643 -0.9431274 0.1178795 0.31083 -0.9431252 0.1178851 0.3108343 -0.9936207 0.01358985 0.111952 -0.3281294 0.8364291 0.4389961 -0.1111529 0.87997 0.4618419 -0.1111613 0.8799684 0.4618431 -0.3281299 0.8364323 0.4389898 -0.5292441 0.6350902 0.5626378 -0.7045155 0.4031507 0.5840613 -0.704519 0.4031488 0.5840582 -0.8449587 0.1896547 0.5000761 -0.8449567 0.189653 0.5000799 -0.9431263 0.04007011 0.3300111 -0.9431272 0.04007011 0.3300087 -0.9936209 -0.01359236 0.1119502 -0.1111592 0.7438697 0.6590156 -0.3281186 0.7070705 0.62641 -0.3281318 0.7070642 0.6264102 -0.5292441 0.4819853 0.698277 -0.5292489 0.4819805 0.6982768 -0.7045228 0.251656 0.6635639 -0.8449562 0.06446981 0.5309357 -0.8449553 0.06446552 0.5309377 0 -0.3545984 0.9350187 0 -0.3545972 0.9350192 0 0.3545997 0.9350183 0 0.3546012 0.9350177 0 -0.568074 -0.8229775 0 -0.3545972 -0.9350192 0 -0.3545984 -0.9350187 0 0.3545999 -0.9350183 0 0.354601 -0.9350178 0 0.8854578 -0.4647197 0.3281329 -0.1138648 0.9377439 0.3281353 -0.1138658 0.937743 0.9936216 0.06405609 0.09280657 0.9936212 0.06406354 0.09280616 0.9431257 0.1888461 0.2735893 0.9431246 0.1888478 0.273592 0.8449634 0.1896555 0.5000679 0.8449661 0.1896468 0.5000665 0.5292418 -0.1022741 0.8422845 0.3281193 -0.3349736 0.8832499 0.3281362 -0.3349695 0.8832453 0.9936214 0.03998726 0.1054403 0.9936215 0.03998392 0.1054409 0.9431244 0.1178871 0.3108361 0.8449629 0.06446582 0.5309256 0.3281311 -0.5366095 0.7774191 0.3281207 -0.5366146 0.77742 0.1111599 -0.7438701 0.6590151 0.9431254 0.04007095 0.3300134 0.8449639 -0.06446611 0.5309242 0.7045177 -0.2516555 0.6635694 0.704505 -0.2516664 0.6635787 0.529244 -0.4819858 0.6982768 0.3281252 -0.7070664 0.6264112 0.3281317 -0.7070694 0.6264044 0.1111558 -0.8799709 0.4618393 0.9936215 -0.01359236 0.1119449 0.9431246 -0.0400713 0.3300157 0.9936212 -0.01359349 0.1119478 0.8449639 -0.1896492 0.5000695 0.7045123 -0.403148 0.5840669 0.5292429 -0.6350915 0.5626375 0.328125 -0.8364372 0.4389841 0.3281337 -0.8364284 0.4389942 0.1111583 -0.9649257 0.2378284 0.9936214 -0.03998225 0.1054418 0.844965 -0.3038148 0.4401488 0.7045044 -0.53122 0.4706155 0.5292499 -0.7512752 0.3943098 0.5292387 -0.7512856 0.3943052 0.3281304 -0.9171837 0.2260634 0.3281238 -0.9171857 0.2260646 0.9936212 -0.0640611 0.09280633 0.9936212 -0.06405991 0.09280771 0.943125 -0.1888474 0.2735906 0.9431254 -0.1888461 0.2735902 0.8449609 -0.4003248 0.3546563 0.8449622 -0.4003224 0.3546562 0.7045054 -0.628409 0.3298094 0.7045195 -0.6283921 0.3298116 0.5292394 -0.8238183 0.2030495 0.3281213 -0.9446356 0 0.1111652 -0.9649248 -0.2378288 0.9936217 -0.08440309 0.07477939 0.9936208 -0.0844143 0.07477962 0.9431253 -0.2488341 0.220446 0.8449599 -0.4735706 0.2485427 0.7045198 -0.6890621 0.1698392 0.7045159 -0.6890659 0.1698397 0.3281217 -0.9171856 -0.2260683 0.3281324 -0.9171828 -0.2260639 0.1111519 -0.8799705 -0.4618411 0.1111582 -0.8799691 -0.4618422 0.9936212 -0.09985232 0.05240648 0.9431225 -0.2943683 0.1544908 0.9431251 -0.2943587 0.1544928 0.9936211 -0.09985327 0.05240601 0.844959 -0.5192903 0.1279916 0.7045056 -0.7096986 0 0.7045159 -0.7096883 0 0.5292453 -0.8238144 -0.2030503 0.328143 -0.8364282 -0.4389876 0.1111561 -0.7438723 -0.6590133 0.1111313 0.1197927 -0.9865595 0.9936222 -0.109484 0.02698767 0.9936206 -0.1094987 0.02698725 0.9431242 -0.3227805 0.07955753 0.8449559 -0.534836 0 0.3281335 0.113865 -0.9377437 0.1111617 0.3524104 -0.9292201 0.7045055 -0.6890769 -0.1698389 0.7045212 -0.6890611 -0.1698375 0.5292409 0.1022739 -0.842285 0.5292397 -0.7512846 -0.3943052 0.328143 0.3349697 -0.8832427 0.3281339 -0.7070684 -0.6264044 0.3281283 0.3349711 -0.8832476 0.1111644 -0.5645446 -0.8178826 0.1111742 0.564543 -0.8178824 0.9431273 -0.3324319 0 0.7045094 0.08554393 -0.7045202 0.9431273 -0.3324317 0 0.844969 -0.5192739 -0.1279918 0.8449585 -0.5192909 -0.1279927 0.5292412 0.3008739 -0.7933341 0.7045103 -0.6284029 -0.3298107 0.3281255 0.5366096 -0.7774212 0.7045154 -0.6283957 -0.3298135 0.3281148 0.5366175 -0.7774204 0.529235 -0.6350924 -0.5626439 0.529252 -0.6350882 -0.5626326 0.1111745 0.7438691 -0.6590138 0.3281211 -0.5366153 -0.7774192 0.8449606 0.06446623 -0.5309292 0.8449628 0.06446599 -0.5309256 0.1111646 -0.3524073 -0.929221 0.7045137 0.2516637 -0.6635706 0.1111466 -0.1197927 -0.9865577 0.7045052 0.2516557 -0.6635828 0.9431278 -0.3227702 -0.07955724 0.9936222 -0.109484 -0.02698767 0.9936209 -0.1094956 -0.02698725 0.9431235 -0.3227826 -0.07955855 0.5292429 0.4819872 -0.6982767 0.5292482 0.4819828 -0.6982758 0.8449677 -0.473555 -0.2485464 0.3281252 0.7070689 -0.6264084 0.8449641 -0.4735634 -0.248543 0.7045153 -0.5312134 -0.4706066 0.7045091 -0.5312114 -0.4706183 0.3281402 0.7070633 -0.6264068 0.1111558 0.8799705 -0.4618401 0.5292469 -0.4819843 -0.6982756 0.9936211 0.0135954 -0.1119482 0.9936214 0.01358836 -0.1119464 0.943125 0.04007375 -0.3300142 0.9431265 0.04007059 -0.3300105 0.3281348 -0.3349689 -0.883246 0.3281272 -0.3349699 -0.8832485 0.3281422 -0.1138655 -0.9377406 0.8449675 0.1896495 -0.5000633 0.3281329 -0.1138648 -0.9377439 0.8449611 0.1896511 -0.5000732 0.9936211 -0.09985327 -0.05240601 0.9431243 -0.294362 -0.1544919 0.8449609 -0.4003239 -0.3546575 0.8449596 -0.4003264 -0.3546577 0.7045108 -0.4031466 -0.5840696 0.5292465 0.6350855 -0.5626407 0.5292425 -0.3008729 -0.7933335 0.3281458 0.8364262 -0.4389893 0.3281291 0.8364321 -0.4389905 0.5292418 -0.1022741 -0.8422845 0.9936209 -0.08441424 -0.07477957 0.9431244 -0.2488346 -0.2204493 0.9936214 -0.08440834 -0.07477891 0.1111562 0.9649266 -0.2378258 0.9936215 0.03998678 -0.1054391 0.8449608 -0.3038201 -0.4401532 0.9431232 0.1178881 -0.3108393 0.9431248 0.1178839 -0.3108363 0.7045153 -0.251659 -0.6635707 0.7045053 -0.2516599 -0.6635808 0.8449641 0.3038161 -0.4401496 0.7045105 -0.08554404 -0.7045191 0.993622 -0.06405007 -0.09280592 0.7045115 0.5312127 -0.4706131 0.993621 -0.0640645 -0.09280723 0.9431248 -0.1888513 -0.2735891 0.9431246 -0.1888414 -0.2735965 0.8449659 -0.1896504 -0.5000655 0.8449632 -0.06446576 -0.5309251 0.5292534 0.7512746 -0.3943065 0.8449613 -0.06446659 -0.530928 0.5292348 0.7512894 -0.3943031 0.8449621 -0.1896522 -0.5000713 0.9936212 -0.01359528 -0.1119467 0.9431267 -0.04007059 -0.33001 0.9936213 -0.01358836 -0.1119467 0.9936214 -0.03998839 -0.1054399 0.3281343 0.9171817 -0.2260658 0.9431242 -0.04007411 -0.3300167 0.3281219 0.9171857 -0.2260676 0.9936216 0.06405609 -0.09280657 0.9431241 0.1888486 -0.2735932 0.9936214 0.0640586 -0.09280616 0.9431245 0.1888481 -0.2735922 0.844963 0.4003208 -0.3546559 0.8449617 0.4003241 -0.3546557 0.7045127 0.6284006 -0.32981 0.7045035 0.6284112 -0.3298094 0.3281258 0.9446341 0 0.1111646 0.9649243 0.2378311 0.1111524 0.9649257 0.2378312 0.9936221 0.08440124 -0.07477796 0.9431247 0.2488365 -0.2204458 0.9936208 0.08441412 -0.07477933 0.8449599 0.4735706 -0.2485427 0.7045157 0.6890657 -0.1698417 0.7045036 0.6890782 -0.1698411 0.3281241 0.9171851 0.2260668 0.3281341 0.917182 0.2260647 0.1111618 0.8799673 0.4618451 0.1111536 0.8799683 0.461845 0.993621 0.09985393 -0.05240768 0.9936214 0.09985107 -0.0524047 0.9431253 0.2943589 -0.1544911 0.9431225 0.2943676 -0.1544922 0.844968 0.5192759 -0.1279912 0.7045034 0.7097007 0 0.5292505 0.8238103 0.2030531 0.5292481 0.8238122 0.2030522 0.3281294 0.8364329 0.438989 0.111159 0.7438707 0.6590145 0.9936222 0.1094843 -0.02698791 0.943124 0.3227812 -0.07955771 0.9936206 0.1094987 -0.02698755 0.9431251 0.3227779 -0.07955783 0.8449572 0.5348339 0 0.704515 0.6890669 0.1698396 0.7045103 0.6890704 0.1698449 0.5292525 0.7512734 0.3943098 0.5292469 0.7512838 0.3942974 0.3281348 0.7070613 0.6264119 0.3281182 0.7070734 0.626407 0.1111676 0.5645487 0.8178793 0.1111559 0.5645431 0.8178848 0.9431272 0.3324325 0 0.943127 0.3324326 0 0.8449605 0.519288 0.1279919 0.8449592 0.5192904 0.1279906 0.7045067 0.6284074 0.3298098 0.7045143 0.6283984 0.3298108 0.5292359 0.6350919 0.5626436 0.3281285 0.5366148 0.7774164 0.1111649 0.3524093 0.9292201 0.9936222 0.109484 0.02698749 0.9936209 0.1094959 0.02698796 0.9431233 0.3227834 0.07955747 0.9431278 0.3227702 0.07955837 0.8449631 0.4735649 0.2485436 0.8449649 0.4735618 0.2485435 0.7045094 0.5312162 0.4706124 0.7045125 0.5312057 0.4706195 0.3281298 0.3349696 0.8832476 0.3281348 0.3349736 0.8832441 0.1111622 0.1197911 0.9865562 0.9431245 0.2943612 0.1544921 0.9936212 0.09985357 0.05240631 0.8449622 0.4003233 0.354655 0.8449618 0.4003223 0.3546571 0.7045131 0.4031514 0.5840637 0.3281342 0.1138657 0.9377434 0.3281341 0.1138654 0.9377434 0.993621 0.08441239 0.07477861 0.9936213 0.08440899 0.07477885 0.9431247 0.2488353 0.2204469 0.8449612 0.3038203 0.4401522 0.7045117 0.2516618 0.6635734 0 0.7485128 -0.6631204 0 -0.1205376 -0.9927088 0 0.3546053 0.9350161 0 -0.1205357 0.992709 0 -0.5680669 0.8229825 -1 2.58515e-6 0 -1 2.71441e-6 0 -1 -2.7144e-6 0 -1 3.44686e-6 0 -1 1.72342e-6 0 -1 -3.6192e-6 0 -1 -3.44687e-6 0 1 5.02666e-6 0 1 3.01599e-7 0 1 -3.01599e-7 0 1 4.8256e-6 0 1 -1.2064e-6 0 1 -4.52402e-6 0 1 -5.02669e-6 0 -1 9.04805e-7 0 -1 -6.03201e-7 0 -1 -9.04798e-7 0 -1 2.01067e-6 0 -1 9.04801e-7 0 -1 5.02666e-7 0 -1 1.2064e-6 0 -1 -5.0267e-7 0 1 -4.30858e-7 0 1 4.30855e-7 0 1 4.30859e-7 0</float_array>
          <technique_common>
            <accessor source="#RailsRubber-mesh-normals-array" count="5718" stride="3">
              <param name="X" type="float" />
              <param name="Y" type="float" />
              <param name="Z" type="float" />
            </accessor>
          </technique_common>
        </source>
        <source id="RailsRubber-mesh-map">
          <float_array id="RailsRubber-mesh-map-array" count="49920">0 0 1 0 1 1 0 0 1 0 1 1 0 0 1 0 1 1 0 0 1 0 1 1 0 0 1 0 1 1 0 0 1 0 1 1 0 0 1 0 1 1 0 0 1 0 1 1 0 0 1 0 1 1 0 0 1 0 1 1 0 0 1 0 1 1 0 0 1 0 1 1 0 0 1 0 1 1 0 0 1 0 1 1 0 0 1 0 1 1 0 0 1 0 1 1 0 0 1 0 1 1 0 0 1 0 1 1 0 0 1 0 1 1 0 0 1 0 1 1 0 0 1 0 1 1 0 0 1 0 1 1 0 0 1 0 1 1 0 0 1 0 1 1 0 0 1 0 1 1 0 0 1 0 1 1 0 0 1 0 1 1 0 0 1 0 1 1 0 0 1 0 1 1 0 0 1 0 1 1 0 0 1 0 1 1 0 0 1 0 1 1 0 0 1 0 1 1 0 0 1 0 1 1 0 0 1 0 1 1 0 0 1 0 1 1 0 0 1 0 1 1 0 0 1 0 1 1 0 0 1 0 1 1 0 0 1 0 1 1 0 0 1 0 1 1 0 0 1 0 1 1 0 0 1 0 1 1 0 0 1 0 1 1 0 0 1 0 1 1 0 0 1 0 1 1 0 0 1 0 1 1 0 0 1 0 1 1 0 0 1 0 1 1 0 0 1 0 1 1 0 0 1 0 1 1 0 0 1 0 1 1 0 0 1 0 1 1 0 0 1 0 1 1 0 0 1 0 1 1 0 0 1 0 1 1 0 0 1 0 1 1 0 0 1 0 1 1 0 0 1 0 1 1 0 0 1 0 1 1 0 0 1 0 1 1 0 0 1 0 1 1 0 0 1 0 1 1 0 0 1 0 1 1 0 0 1 0 1 1 0 0 1 0 1 1 0 0 1 0 1 1 0 0 1 0 1 1 0 0 1 0 1 1 0 0 1 0 1 1 0 0 1 0 1 1 0 0 1 0 1 1 0 0 1 0 1 1 0 0 1 0 1 1 0 0 1 0 1 1 0 0 1 0 1 1 0 0 1 0 1 1 0 0 1 0 1 1 0 0 1 0 1 1 0 0 1 0 1 1 0 0 1 0 1 1 0 0 1 0 1 1 0 0 1 0 1 1 0 0 1 0 1 1 0 0 1 0 1 1 0 0 1 0 1 1 0 0 1 0 1 1 0 0 1 0 1 1 0 0 1 0 1 1 0 0 1 0 1 1 0 0 1 0 1 1 0 0 1 0 1 1 0 0 1 0 1 1 0 0 1 0 1 1 0 0 1 0 1 1 0 0 1 0 1 1 0 0 1 0 1 1 0 0 1 0 1 1 0 0 1 0 1 1 0 0 1 0 1 1 0 0 1 0 1 1 0 0 1 0 1 1 0 0 1 0 1 1 0 0 1 0 1 1 0 0 1 0 1 1 0 0 1 0 1 1 0 0 1 0 1 1 0 0 1 0 1 1 0 0 1 0 1 1 0 0 1 0 1 1 0 0 1 0 1 1 0 0 1 0 1 1 0 0 1 0 1 1 0 0 1 0 1 1 0 0 1 0 1 1 0 0 1 0 1 1 0 0 1 0 1 1 0 0 1 0 1 1 0 0 1 0 1 1 0 0 1 0 1 1 0 0 1 0 1 1 0 0 1 0 1 1 0 0 1 0 1 1 0 0 1 0 1 1 0 0 1 0 1 1 0 0 1 0 1 1 0 0 1 0 1 1 0 0 1 0 1 1 0 0 1 0 1 1 0 0 1 0 1 1 0 0 1 0 1 1 0 0 1 0 1 1 0 0 1 0 1 1 0 0 1 0 1 1 0 0 1 0 1 1 0 0 1 0 1 1 0 0 1 0 1 1 0 0 1 0 1 1 0 0 1 0 1 1 0 0 1 0 1 1 0 0 1 0 1 1 0 0 1 0 1 1 0 0 1 0 1 1 0 0 1 0 1 1 0 0 1 0 1 1 0 0 1 0 1 1 0 0 1 0 1 1 0 0 1 0 1 1 0 0 1 0 1 1 0 0 1 0 1 1 0 0 1 0 1 1 0 0 1 0 1 1 0 0 1 0 1 1 0 0 1 0 1 1 0 0 1 0 1 1 0 0 1 0 1 1 0 0 1 0 1 1 0 0 1 0 1 1 0 0 1 0 1 1 0 0 1 0 1 1 0 0 1 0 1 1 0 0 1 0 1 1 0 0 1 0 1 1 0 0 1 0 1 1 0 0 1 0 1 1 0 0 1 0 1 1 0 0 1 0 1 1 0 0 1 0 1 1 0 0 1 0 1 1 0 0 1 0 1 1 0 0 1 0 1 1 0 0 1 0 1 1 0 0 1 0 1 1 0 0 1 0 1 1 0 0 1 0 1 1 0 0 1 0 1 1 0 0 1 0 1 1 0 0 1 0 1 1 0 0 1 0 1 1 0 0 1 0 1 1 0 0 1 0 1 1 0 0 1 0 1 1 0 0 1 0 1 1 0 0 1 0 1 1 0 0 1 0 1 1 0 0 1 0 1 1 0 0 1 0 1 1 0 0 1 0 1 1 0 0 1 0 1 1 0 0 1 0 1 1 0 0 1 0 1 1 0 0 1 0 1 1 0 0 1 0 1 1 0 0 1 0 1 1 0 0 1 0 1 1 0 0 1 0 1 1 0 0 1 0 1 1 0 0 1 0 1 1 0 0 1 0 1 1 0 0 1 0 1 1 0 0 1 0 1 1 0 0 1 0 1 1 0 0 1 0 1 1 0 0 1 0 1 1 0 0 1 0 1 1 0 0 1 0 1 1 0 0 1 0 1 1 0 0 1 0 1 1 0 0 1 0 1 1 0 0 1 0 1 1 0 0 1 0 1 1 0 0 1 0 1 1 0 0 1 0 1 1 0 0 1 0 1 1 0 0 1 0 1 1 0 0 1 0 1 1 0 0 1 0 1 1 0 0 1 0 1 1 0 0 1 0 1 1 0 0 1 0 1 1 0 0 1 0 1 1 0 0 1 0 1 1 0 0 1 0 1 1 0 0 1 0 1 1 0 0 1 0 1 1 0 0 1 0 1 1 0 0 1 0 1 1 0 0 1 0 1 1 0 0 1 0 1 1 0 0 1 0 1 1 0 0 1 0 1 1 0 0 1 0 1 1 0 0 1 0 1 1 0 0 1 0 1 1 0 0 1 0 1 1 0 0 1 0 1 1 0 0 1 0 1 1 0 0 1 0 1 1 0 0 1 0 1 1 0 0 1 0 1 1 0 0 1 0 1 1 0 0 1 0 1 1 0 0 1 0 1 1 0 0 1 0 1 1 0 0 1 0 1 1 0 0 1 0 1 1 0 0 1 0 1 1 0 0 1 0 1 1 0 0 1 0 1 1 0 0 1 0 1 1 0 0 1 0 1 1 0 0 1 0 1 1 0 0 1 0 1 1 0 0 1 0 1 1 0 0 1 0 1 1 0 0 1 0 1 1 0 0 1 0 1 1 0 0 1 0 1 1 0 0 1 0 1 1 0 0 1 0 1 1 0 0 1 0 1 1 0 0 1 0 1 1 0 0 1 0 1 1 0 0 1 0 1 1 0 0 1 0 1 1 0 0 1 0 1 1 0 0 1 0 1 1 0 0 1 0 1 1 0 0 1 0 1 1 0 0 1 0 1 1 0 0 1 0 1 1 0 0 1 0 1 1 0 0 1 0 1 1 0 0 1 0 1 1 0 0 1 0 1 1 0 0 1 0 1 1 0 0 1 0 1 1 0 0 1 0 1 1 0 0 1 0 1 1 0 0 1 0 1 1 0 0 1 0 1 1 0 0 1 0 1 1 0 0 1 0 1 1 0 0 1 0 1 1 0 0 1 0 1 1 0 0 1 0 1 1 0 0 1 0 1 1 0 0 1 0 1 1 0 0 1 0 1 1 0 0 1 0 1 1 0 0 1 0 1 1 0 0 1 0 1 1 0 0 1 0 1 1 0 0 1 0 1 1 0 0 1 0 1 1 0 0 1 0 1 1 0 0 1 0 1 1 0 0 1 0 1 1 0 0 1 0 1 1 0 0 1 0 1 1 0 0 1 0 1 1 0 0 1 0 1 1 0 0 1 0 1 1 0 0 1 0 1 1 0 0 1 0 1 1 0 0 1 0 1 1 0 0 1 0 1 1 0 0 1 0 1 1 0 0 1 0 1 1 0 0 1 0 1 1 0 0 1 0 1 1 0 0 1 0 1 1 0 0 1 0 1 1 0 0 1 0 1 1 0 0 1 0 1 1 0 0 1 0 1 1 0 0 1 0 1 1 0 0 1 0 1 1 0 0 1 0 1 1 0 0 1 0 1 1 0 0 1 0 1 1 0 0 1 0 1 1 0 0 1 0 1 1 0 0 1 0 1 1 0 0 1 0 1 1 0 0 1 0 1 1 0 0 1 0 1 1 0 0 1 0 1 1 0 0 1 0 1 1 0 0 1 0 1 1 0 0 1 0 1 1 0 0 1 0 1 1 0 0 1 0 1 1 0 0 1 0 1 1 0 0 1 0 1 1 0 0 1 0 1 1 0 0 1 0 1 1 0 0 1 0 1 1 0 0 1 0 1 1 0 0 1 0 1 1 0 0 1 0 1 1 0 0 1 0 1 1 0 0 1 0 1 1 0 0 1 0 1 1 0 0 1 0 1 1 0 0 1 0 1 1 0 0 1 0 1 1 0 0 1 0 1 1 0 0 1 0 1 1 0 0 1 0 1 1 0 0 1 0 1 1 0 0 1 0 1 1 0 0 1 0 1 1 0 0 1 0 1 1 0 0 1 0 1 1 0 0 1 0 1 1 0 0 1 0 1 1 0 0 1 0 1 1 0 0 1 0 1 1 0 0 1 0 1 1 0 0 1 0 1 1 0 0 1 0 1 1 0 0 1 0 1 1 0 0 1 0 1 1 0 0 1 0 1 1 0 0 1 0 1 1 0 0 1 0 1 1 0 0 1 0 1 1 0 0 1 0 1 1 0 0 1 0 1 1 0 0 1 0 1 1 0 0 1 0 1 1 0 0 1 0 1 1 0 0 1 0 1 1 0 0 1 0 1 1 0 0 1 0 1 1 0 0 1 0 1 1 0 0 1 0 1 1 0 0 1 0 1 1 0 0 1 0 1 1 0 0 1 0 1 1 0 0 1 0 1 1 0 0 1 0 1 1 0 0 1 0 1 1 0 0 1 0 1 1 0 0 1 0 1 1 0 0 1 0 1 1 0 0 1 0 1 1 0 0 1 0 1 1 0 0 1 0 1 1 0 0 1 0 1 1 0 0 1 0 1 1 0 0 1 0 1 1 0 0 1 0 1 1 0 0 1 0 1 1 0 0 1 0 1 1 0 0 1 0 1 1 0 0 1 0 1 1 0 0 1 0 1 1 0 0 1 0 1 1 0 0 1 0 1 1 0 0 1 0 1 1 0 0 1 0 1 1 0 0 1 0 1 1 0 0 1 0 1 1 0 0 1 0 1 1 0 0 1 0 1 1 0 0 1 0 1 1 0 0 1 0 1 1 0 0 1 0 1 1 0 0 1 0 1 1 0 0 1 0 1 1 0 0 1 0 1 1 0 0 1 0 1 1 0 0 1 0 1 1 0 0 1 0 1 1 0 0 1 0 1 1 0 0 1 0 1 1 0 0 1 0 1 1 0 0 1 0 1 1 0 0 1 0 1 1 0 0 1 0 1 1 0 0 1 0 1 1 0 0 1 0 1 1 0 0 1 0 1 1 0 0 1 0 1 1 0 0 1 0 1 1 0 0 1 0 1 1 0 0 1 0 1 1 0 0 1 0 1 1 0 0 1 0 1 1 0 0 1 0 1 1 0 0 1 0 1 1 0 0 1 0 1 1 0 0 1 0 1 1 0 0 1 0 1 1 0 0 1 0 1 1 0 0 1 0 1 1 0 0 1 0 1 1 0 0 1 0 1 1 0 0 1 0 1 1 0 0 1 0 1 1 0 0 1 0 1 1 0 0 1 0 1 1 0 0 1 0 1 1 0 0 1 0 1 1 0 0 1 0 1 1 0 0 1 0 1 1 0 0 1 0 1 1 0 0 1 0 1 1 0 0 1 0 1 1 0 0 1 0 1 1 0 0 1 0 1 1 0 0 1 0 1 1 0 0 1 0 1 1 0 0 1 0 1 1 0 0 1 0 1 1 0 0 1 0 1 1 0 0 1 0 1 1 0 0 1 0 1 1 0 0 1 0 1 1 0 0 1 0 1 1 0 0 1 0 1 1 0 0 1 0 1 1 0 0 1 0 1 1 0 0 1 0 1 1 0 0 1 0 1 1 0 0 1 0 1 1 0 0 1 0 1 1 0 0 1 0 1 1 0 0 1 0 1 1 0 0 1 0 1 1 0 0 1 0 1 1 0 0 1 0 1 1 0 0 1 0 1 1 0 0 1 0 1 1 0 0 1 0 1 1 0 0 1 0 1 1 0 0 1 0 1 1 0 0 1 0 1 1 0 0 1 0 1 1 0 0 1 0 1 1 0 0 1 0 1 1 0 0 1 0 1 1 0 0 1 0 1 1 0 0 1 0 1 1 0 0 1 0 1 1 0 0 1 0 1 1 0 0 1 0 1 1 0 0 1 0 1 1 0 0 1 0 1 1 0 0 1 0 1 1 0 0 1 0 1 1 0 0 1 0 1 1 0 0 1 0 1 1 0 0 1 0 1 1 0 0 1 0 1 1 0 0 1 0 1 1 0 0 1 0 1 1 0 0 1 0 1 1 0 0 1 0 1 1 0 0 1 0 1 1 0 0 1 0 1 1 0 0 1 0 1 1 0 0 1 0 1 1 0 0 1 0 1 1 0 0 1 0 1 1 0 0 1 0 1 1 0 0 1 0 1 1 0 0 1 0 1 1 0 0 1 0 1 1 0 0 1 0 1 1 0 0 1 0 1 1 0 0 1 0 1 1 0 0 1 0 1 1 0 0 1 0 1 1 0 0 1 0 1 1 0 0 1 0 1 1 0 0 1 0 1 1 0 0 1 0 1 1 0 0 1 0 1 1 0 0 1 0 1 1 0 0 1 0 1 1 0 0 1 0 1 1 0 0 1 0 1 1 0 0 1 0 1 1 0 0 1 0 1 1 0 0 1 0 1 1 0 0 1 0 1 1 0 0 1 0 1 1 0 0 1 0 1 1 0 0 1 0 1 1 0 0 1 0 1 1 0 0 1 0 1 1 0 0 1 0 1 1 0 0 1 0 1 1 0 0 1 0 1 1 0 0 1 0 1 1 0 0 1 0 1 1 0 0 1 0 1 1 0 0 1 0 1 1 0 0 1 0 1 1 0 0 1 0 1 1 0 0 1 0 1 1 0 0 1 0 1 1 0 0 1 0 1 1 0 0 1 0 1 1 0 0 1 0 1 1 0 0 1 0 1 1 0 0 1 0 1 1 0 0 1 0 1 1 0 0 1 0 1 1 0 0 1 0 1 1 0 0 1 0 1 1 0 0 1 0 1 1 0 0 1 0 1 1 0 0 1 0 1 1 0 0 1 0 1 1 0 0 1 0 1 1 0 0 1 0 1 1 0 0 1 0 1 1 0 0 1 0 1 1 0 0 1 0 1 1 0 0 1 0 1 1 0 0 1 0 1 1 0 0 1 0 1 1 0 0 1 0 1 1 0 0 1 0 1 1 0 0 1 0 1 1 0 0 1 0 1 1 0 0 1 0 1 1 0 0 1 0 1 1 0 0 1 0 1 1 0 0 1 0 1 1 0 0 1 0 1 1 0 0 1 0 1 1 0 0 1 0 1 1 0 0 1 0 1 1 0 0 1 0 1 1 0 0 1 0 1 1 0 0 1 0 1 1 0 0 1 0 1 1 0 0 1 0 1 1 0 0 1 0 1 1 0 0 1 0 1 1 0 0 1 0 1 1 0 0 1 0 1 1 0 0 1 0 1 1 0 0 1 0 1 1 0 0 1 0 1 1 0 0 1 0 1 1 0 0 1 0 1 1 0 0 1 0 1 1 0 0 1 0 1 1 0 0 1 0 1 1 0 0 1 0 1 1 0 0 1 0 1 1 0 0 1 0 1 1 0 0 1 0 1 1 0 0 1 0 1 1 0 0 1 0 1 1 0 0 1 0 1 1 0 0 1 0 1 1 0 0 1 0 1 1 0 0 1 0 1 1 0 0 1 0 1 1 0 0 1 0 1 1 0 0 1 0 1 1 0 0 1 0 1 1 0 0 1 0 1 1 0 0 1 0 1 1 0 0 1 0 1 1 0 0 1 0 1 1 0 0 1 0 1 1 0 0 1 0 1 1 0 0 1 0 1 1 0 0 1 0 1 1 0 0 1 0 1 1 0 0 1 0 1 1 0 0 1 0 1 1 0 0 1 0 1 1 0 0 1 0 1 1 0 0 1 0 1 1 0 0 1 0 1 1 0 0 1 0 1 1 0 0 1 0 1 1 0 0 1 0 1 1 0 0 1 0 1 1 0 0 1 0 1 1 0 0 1 0 1 1 0 0 1 0 1 1 0 0 1 0 1 1 0 0 1 0 1 1 0 0 1 0 1 1 0 0 1 0 1 1 0 0 1 0 1 1 0 0 1 0 1 1 0 0 1 0 1 1 0 0 1 0 1 1 0 0 1 0 1 1 0 0 1 0 1 1 0 0 1 0 1 1 0 0 1 0 1 1 0 0 1 0 1 1 0 0 1 0 1 1 0 0 1 0 1 1 0 0 1 0 1 1 0 0 1 0 1 1 0 0 1 0 1 1 0 0 1 0 1 1 0 0 1 0 1 1 0 0 1 0 1 1 0 0 1 0 1 1 0 0 1 0 1 1 0 0 1 0 1 1 0 0 1 0 1 1 0 0 1 0 1 1 0 0 1 0 1 1 0 0 1 0 1 1 0 0 1 0 1 1 0 0 1 0 1 1 0 0 1 0 1 1 0 0 1 0 1 1 0 0 1 0 1 1 0 0 1 0 1 1 0 0 1 0 1 1 0 0 1 0 1 1 0 0 1 0 1 1 0 0 1 0 1 1 0 0 1 0 1 1 0 0 1 0 1 1 0 0 1 0 1 1 0 0 1 0 1 1 0 0 1 0 1 1 0 0 1 0 1 1 0 0 1 0 1 1 0 0 1 0 1 1 0 0 1 0 1 1 0 0 1 0 1 1 0 0 1 0 1 1 0 0 1 0 1 1 0 0 1 0 1 1 0 0 1 0 1 1 0 0 1 0 1 1 0 0 1 0 1 1 0 0 1 0 1 1 0 0 1 0 1 1 0 0 1 0 1 1 0 0 1 0 1 1 0 0 1 0 1 1 0 0 1 0 1 1 0 0 1 0 1 1 0 0 1 0 1 1 0 0 1 0 1 1 0 0 1 0 1 1 0 0 1 0 1 1 0 0 1 0 1 1 0 0 1 0 1 1 0 0 1 0 1 1 0 0 1 0 1 1 0 0 1 0 1 1 0 0 1 0 1 1 0 0 1 0 1 1 0 0 1 0 1 1 0 0 1 0 1 1 0 0 1 0 1 1 0 0 1 0 1 1 0 0 1 0 1 1 0 0 1 0 1 1 0 0 1 0 1 1 0 0 1 0 1 1 0 0 1 0 1 1 0 0 1 0 1 1 0 0 1 0 1 1 0 0 1 0 1 1 0 0 1 0 1 1 0 0 1 0 1 1 0 0 1 0 1 1 0 0 1 0 1 1 0 0 1 0 1 1 0 0 1 0 1 1 0 0 1 0 1 1 0 0 1 0 1 1 0 0 1 0 1 1 0 0 1 0 1 1 0 0 1 0 1 1 0 0 1 0 1 1 0 0 1 0 1 1 0 0 1 0 1 1 0 0 1 0 1 1 0 0 1 0 1 1 0 0 1 0 1 1 0 0 1 0 1 1 0 0 1 0 1 1 0 0 1 0 1 1 0 0 1 0 1 1 0 0 1 0 1 1 0 0 1 0 1 1 0 0 1 0 1 1 0 0 1 0 1 1 0 0 1 0 1 1 0 0 1 0 1 1 0 0 1 0 1 1 0 0 1 0 1 1 0 0 1 0 1 1 0 0 1 0 1 1 0 0 1 0 1 1 0 0 1 0 1 1 0 0 1 0 1 1 0 0 1 0 1 1 0 0 1 0 1 1 0 0 1 0 1 1 0 0 1 0 1 1 0 0 1 0 1 1 0 0 1 0 1 1 0 0 1 0 1 1 0 0 1 0 1 1 0 0 1 0 1 1 0 0 1 0 1 1 0 0 1 0 1 1 0 0 1 0 1 1 0 0 1 0 1 1 0 0 1 0 1 1 0 0 1 0 1 1 0 0 1 0 1 1 0 0 1 0 1 1 0 0 1 0 1 1 0 0 1 0 1 1 0 0 1 0 1 1 0 0 1 0 1 1 0 0 1 0 1 1 0 0 1 0 1 1 0 0 1 0 1 1 0 0 1 0 1 1 0 0 1 0 1 1 0 0 1 0 1 1 0 0 1 0 1 1 0 0 1 0 1 1 0 0 1 0 1 1 0 0 1 0 1 1 0 0 1 0 1 1 0 0 1 0 1 1 0 0 1 0 1 1 0 0 1 0 1 1 0 0 1 0 1 1 0 0 1 0 1 1 0 0 1 0 1 1 0 0 1 0 1 1 0 0 1 0 1 1 0 0 1 0 1 1 0 0 1 0 1 1 0 0 1 0 1 1 0 0 1 0 1 1 0 0 1 0 1 1 0 0 1 0 1 1 0 0 1 0 1 1 0 0 1 0 1 1 0 0 1 0 1 1 0 0 1 0 1 1 0 0 1 0 1 1 0 0 1 0 1 1 0 0 1 0 1 1 0 0 1 0 1 1 0 0 1 0 1 1 0 0 1 0 1 1 0 0 1 0 1 1 0 0 1 0 1 1 0 0 1 0 1 1 0 0 1 0 1 1 0 0 1 0 1 1 0 0 1 0 1 1 0 0 1 0 1 1 0 0 1 0 1 1 0 0 1 0 1 1 0 0 1 0 1 1 0 0 1 0 1 1 0 0 1 0 1 1 0 0 1 0 1 1 0 0 1 0 1 1 0 0 1 0 1 1 0 0 1 0 1 1 0 0 1 0 1 1 0 0 1 0 1 1 0 0 1 0 1 1 0 0 1 0 1 1 0 0 1 0 1 1 0 0 1 0 1 1 0 0 1 0 1 1 0 0 1 0 1 1 0 0 1 0 1 1 0 0 1 0 1 1 0 0 1 0 1 1 0 0 1 0 1 1 0 0 1 0 1 1 0 0 1 0 1 1 0 0 1 0 1 1 0 0 1 0 1 1 0 0 1 0 1 1 0 0 1 0 1 1 0 0 1 0 1 1 0 0 1 0 1 1 0 0 1 0 1 1 0 0 1 0 1 1 0 0 1 0 1 1 0 0 1 0 1 1 0 0 1 0 1 1 0 0 1 0 1 1 0 0 1 0 1 1 0 0 1 0 1 1 0 0 1 0 1 1 0 0 1 0 1 1 0 0 1 0 1 1 0 0 1 0 1 1 0 0 1 0 1 1 0 0 1 0 1 1 0 0 1 0 1 1 0 0 1 0 1 1 0 0 1 0 1 1 0 0 1 0 1 1 0 0 1 0 1 1 0 0 1 0 1 1 0 0 1 0 1 1 0 0 1 0 1 1 0 0 1 0 1 1 0 0 1 0 1 1 0 0 1 0 1 1 0 0 1 0 1 1 0 0 1 0 1 1 0 0 1 0 1 1 0 0 1 0 1 1 0 0 1 0 1 1 0 0 1 0 1 1 0 0 1 0 1 1 0 0 1 0 1 1 0 0 1 0 1 1 0 0 1 0 1 1 0 0 1 0 1 1 0 0 1 0 1 1 0 0 1 0 1 1 0 0 1 0 1 1 0 0 1 0 1 1 0 0 1 0 1 1 0 0 1 0 1 1 0 0 1 0 1 1 0 0 1 0 1 1 0 0 1 0 1 1 0 0 1 0 1 1 0 0 1 0 1 1 0 0 1 0 1 1 0 0 1 0 1 1 0 0 1 0 1 1 0 0 1 0 1 1 0 0 1 0 1 1 0 0 1 0 1 1 0 0 1 0 1 1 0 0 1 0 1 1 0 0 1 0 1 1 0 0 1 0 1 1 0 0 1 0 1 1 0 0 1 0 1 1 0 0 1 0 1 1 0 0 1 0 1 1 0 0 1 0 1 1 0 0 1 0 1 1 0 0 1 0 1 1 0 0 1 0 1 1 0 0 1 0 1 1 0 0 1 0 1 1 0 0 1 0 1 1 0 0 1 0 1 1 0 0 1 0 1 1 0 0 1 0 1 1 0 0 1 0 1 1 0 0 1 0 1 1 0 0 1 0 1 1 0 0 1 0 1 1 0 0 1 0 1 1 0 0 1 0 1 1 0 0 1 0 1 1 0 0 1 0 1 1 0 0 1 0 1 1 0 0 1 0 1 1 0 0 1 0 1 1 0 0 1 0 1 1 0 0 1 0 1 1 0 0 1 0 1 1 0 0 1 0 1 1 0 0 1 0 1 1 0 0 1 0 1 1 0 0 1 0 1 1 0 0 1 0 1 1 0 0 1 0 1 1 0 0 1 0 1 1 0 0 1 0 1 1 0 0 1 0 1 1 0 0 1 0 1 1 0 0 1 0 1 1 0 0 1 0 1 1 0 0 1 0 1 1 0 0 1 0 1 1 0 0 1 0 1 1 0 0 1 0 1 1 0 0 1 0 1 1 0 0 1 0 1 1 0 0 1 0 1 1 0 0 1 0 1 1 0 0 1 0 1 1 0 0 1 0 1 1 0 0 1 0 1 1 0 0 1 0 1 1 0 0 1 0 1 1 0 0 1 0 1 1 0 0 1 0 1 1 0 0 1 0 1 1 0 0 1 0 1 1 0 0 1 0 1 1 0 0 1 0 1 1 0 0 1 0 1 1 0 0 1 0 1 1 0 0 1 0 1 1 0 0 1 0 1 1 0 0 1 0 1 1 0 0 1 0 1 1 0 0 1 0 1 1 0 0 1 0 1 1 0 0 1 0 1 1 0 0 1 0 1 1 0 0 1 0 1 1 0 0 1 0 1 1 0 0 1 0 1 1 0 0 1 0 1 1 0 0 1 0 1 1 0 0 1 0 1 1 0 0 1 0 1 1 0 0 1 0 1 1 0 0 1 0 1 1 0 0 1 0 1 1 0 0 1 0 1 1 0 0 1 0 1 1 0 0 1 0 1 1 0 0 1 0 1 1 0 0 1 0 1 1 0 0 1 0 1 1 0 0 1 0 1 1 0 0 1 0 1 1 0 0 1 0 1 1 0 0 1 0 1 1 0 0 1 0 1 1 0 0 1 0 1 1 0 0 1 0 1 1 0 0 1 0 1 1 0 0 1 0 1 1 0 0 1 0 1 1 0 0 1 0 1 1 0 0 1 0 1 1 0 0 1 0 1 1 0 0 1 0 1 1 0 0 1 0 1 1 0 0 1 0 1 1 0 0 1 0 1 1 0 0 1 0 1 1 0 0 1 0 1 1 0 0 1 0 1 1 0 0 1 0 1 1 0 0 1 0 1 1 0 0 1 0 1 1 0 0 1 0 1 1 0 0 1 0 1 1 0 0 1 0 1 1 0 0 1 0 1 1 0 0 1 0 1 1 0 0 1 0 1 1 0 0 1 0 1 1 0 0 1 0 1 1 0 0 1 0 1 1 0 0 1 0 1 1 0 0 1 0 1 1 0 0 1 0 1 1 0 0 1 0 1 1 0 0 1 0 1 1 0 0 1 0 1 1 0 0 1 0 1 1 0 0 1 0 1 1 0 0 1 0 1 1 0 0 1 0 1 1 0 0 1 0 1 1 0 0 1 0 1 1 0 0 1 0 1 1 0 0 1 0 1 1 0 0 1 0 1 1 0 0 1 0 1 1 0 0 1 0 1 1 0 0 1 0 1 1 0 0 1 0 1 1 0 0 1 0 1 1 0 0 1 0 1 1 0 0 1 0 1 1 0 0 1 0 1 1 0 0 1 0 1 1 0 0 1 0 1 1 0 0 1 0 1 1 0 0 1 0 1 1 0 0 1 0 1 1 0 0 1 0 1 1 0 0 1 0 1 1 0 0 1 0 1 1 0 0 1 0 1 1 0 0 1 0 1 1 0 0 1 0 1 1 0 0 1 0 1 1 0 0 1 0 1 1 0 0 1 0 1 1 0 0 1 0 1 1 0 0 1 0 1 1 0 0 1 0 1 1 0 0 1 0 1 1 0 0 1 0 1 1 0 0 1 0 1 1 0 0 1 0 1 1 0 0 1 0 1 1 0 0 1 0 1 1 0 0 1 0 1 1 0 0 1 0 1 1 0 0 1 0 1 1 0 0 1 0 1 1 0 0 1 0 1 1 0 0 1 0 1 1 0 0 1 0 1 1 0 0 1 0 1 1 0 0 1 0 1 1 0 0 1 0 1 1 0 0 1 0 1 1 0 0 1 0 1 1 0 0 1 0 1 1 0 0 1 0 1 1 0 0 1 0 1 1 0 0 1 0 1 1 0 0 1 0 1 1 0 0 1 0 1 1 0 0 1 0 1 1 0 0 1 0 1 1 0 0 1 0 1 1 0 0 1 0 1 1 0 0 1 0 1 1 0 0 1 0 1 1 0 0 1 0 1 1 0 0 1 0 1 1 0 0 1 0 1 1 0 0 1 0 1 1 0 0 1 0 1 1 0 0 1 0 1 1 0 0 1 0 1 1 0 0 1 0 1 1 0 0 1 0 1 1 0 0 1 0 1 1 0 0 1 0 1 1 0 0 1 0 1 1 0 0 1 0 1 1 0 0 1 0 1 1 0 0 1 0 1 1 0 0 1 0 1 1 0 0 1 0 1 1 0 0 1 0 1 1 0 0 1 0 1 1 0 0 1 0 1 1 0 0 1 0 1 1 0 0 1 0 1 1 0 0 1 0 1 1 0 0 1 0 1 1 0 0 1 0 1 1 0 0 1 0 1 1 0 0 1 0 1 1 0 0 1 0 1 1 0 0 1 0 1 1 0 0 1 0 1 1 0 0 1 0 1 1 0 0 1 0 1 1 0 0 1 0 1 1 0 0 1 0 1 1 0 0 1 0 1 1 0 0 1 0 1 1 0 0 1 0 1 1 0 0 1 0 1 1 0 0 1 0 1 1 0 0 1 0 1 1 0 0 1 0 1 1 0 0 1 0 1 1 0 0 1 0 1 1 0 0 1 0 1 1 0 0 1 0 1 1 0 0 1 0 1 1 0 0 1 0 1 1 0 0 1 0 1 1 0 0 1 0 1 1 0 0 1 0 1 1 0 0 1 0 1 1 0 0 1 0 1 1 0 0 1 0 1 1 0 0 1 0 1 1 0 0 1 0 1 1 0 0 1 0 1 1 0 0 1 0 1 1 0 0 1 0 1 1 0 0 1 0 1 1 0 0 1 0 1 1 0 0 1 0 1 1 0 0 1 0 1 1 0 0 1 0 1 1 0 0 1 0 1 1 0 0 1 0 1 1 0 0 1 0 1 1 0 0 1 0 1 1 0 0 1 0 1 1 0 0 1 0 1 1 0 0 1 0 1 1 0 0 1 0 1 1 0 0 1 0 1 1 0 0 1 0 1 1 0 0 1 0 1 1 0 0 1 0 1 1 0 0 1 0 1 1 0 0 1 0 1 1 0 0 1 0 1 1 0 0 1 0 1 1 0 0 1 0 1 1 0 0 1 0 1 1 0 0 1 0 1 1 0 0 1 0 1 1 0 0 1 0 1 1 0 0 1 0 1 1 0 0 1 0 1 1 0 0 1 0 1 1 0 0 1 0 1 1 0 0 1 0 1 1 0 0 1 0 1 1 0 0 1 0 1 1 0 0 1 0 1 1 0 0 1 0 1 1 0 0 1 0 1 1 0 0 1 0 1 1 0 0 1 0 1 1 0 0 1 0 1 1 0 0 1 0 1 1 0 0 1 0 1 1 0 0 1 0 1 1 0 0 1 0 1 1 0 0 1 0 1 1 0 0 1 0 1 1 0 0 1 0 1 1 0 0 1 0 1 1 0 0 1 0 1 1 0 0 1 0 1 1 0 0 1 0 1 1 0 0 1 0 1 1 0 0 1 0 1 1 0 0 1 0 1 1 0 0 1 0 1 1 0 0 1 0 1 1 0 0 1 0 1 1 0 0 1 0 1 1 0 0 1 0 1 1 0 0 1 0 1 1 0 0 1 0 1 1 0 0 1 0 1 1 0 0 1 0 1 1 0 0 1 0 1 1 0 0 1 0 1 1 0 0 1 0 1 1 0 0 1 0 1 1 0 0 1 0 1 1 0 0 1 0 1 1 0 0 1 0 1 1 0 0 1 0 1 1 0 0 1 0 1 1 0 0 1 0 1 1 0 0 1 0 1 1 0 0 1 0 1 1 0 0 1 0 1 1 0 0 1 0 1 1 0 0 1 0 1 1 0 0 1 0 1 1 0 0 1 0 1 1 0 0 1 0 1 1 0 0 1 0 1 1 0 0 1 0 1 1 0 0 1 0 1 1 0 0 1 0 1 1 0 0 1 0 1 1 0 0 1 0 1 1 0 0 1 0 1 1 0 0 1 0 1 1 0 0 1 0 1 1 0 0 1 0 1 1 0 0 1 0 1 1 0 0 1 0 1 1 0 0 1 0 1 1 0 0 1 0 1 1 0 0 1 0 1 1 0 0 1 0 1 1 0 0 1 0 1 1 0 0 1 0 1 1 0 0 1 0 1 1 0 0 1 0 1 1 0 0 1 0 1 1 0 0 1 0 1 1 0 0 1 0 1 1 0 0 1 0 1 1 0 0 1 0 1 1 0 0 1 0 1 1 0 0 1 0 1 1 0 0 1 0 1 1 0 0 1 0 1 1 0 0 1 0 1 1 0 0 1 0 1 1 0 0 1 0 1 1 0 0 1 0 1 1 0 0 1 0 1 1 0 0 1 0 1 1 0 0 1 0 1 1 0 0 1 0 1 1 0 0 1 0 1 1 0 0 1 0 1 1 0 0 1 0 1 1 0 0 1 0 1 1 0 0 1 0 1 1 0 0 1 0 1 1 0 0 1 0 1 1 0 0 1 0 1 1 0 0 1 0 1 1 0 0 1 0 1 1 0 0 1 0 1 1 0 0 1 0 1 1 0 0 1 0 1 1 0 0 1 0 1 1 0 0 1 0 1 1 0 0 1 0 1 1 0 0 1 0 1 1 0 0 1 0 1 1 0 0 1 0 1 1 0 0 1 0 1 1 0 0 1 0 1 1 0 0 1 0 1 1 0 0 1 0 1 1 0 0 1 0 1 1 0 0 1 0 1 1 0 0 1 0 1 1 0 0 1 0 1 1 0 0 1 0 1 1 0 0 1 0 1 1 0 0 1 0 1 1 0 0 1 0 1 1 0 0 1 0 1 1 0 0 1 0 1 1 0 0 1 0 1 1 0 0 1 0 1 1 0 0 1 0 1 1 0 0 1 0 1 1 0 0 1 0 1 1 0 0 1 0 1 1 0 0 1 0 1 1 0 0 1 0 1 1 0 0 1 0 1 1 0 0 1 0 1 1 0 0 1 0 1 1 0 0 1 0 1 1 0 0 1 0 1 1 0 0 1 0 1 1 0 0 1 0 1 1 0 0 1 0 1 1 0 0 1 0 1 1 0 0 1 0 1 1 0 0 1 0 1 1 0 0 1 0 1 1 0 0 1 0 1 1 0 0 1 0 1 1 0 0 1 0 1 1 0 0 1 0 1 1 0 0 1 0 1 1 0 0 1 0 1 1 0 0 1 0 1 1 0 0 1 0 1 1 0 0 1 0 1 1 0 0 1 0 1 1 0 0 1 0 1 1 0 0 1 0 1 1 0 0 1 0 1 1 0 0 1 0 1 1 0 0 1 0 1 1 0 0 1 0 1 1 0 0 1 0 1 1 0 0 1 0 1 1 0 0 1 0 1 1 0 0 1 0 1 1 0 0 1 0 1 1 0 0 1 0 1 1 0 0 1 0 1 1 0 0 1 0 1 1 0 0 1 0 1 1 0 0 1 0 1 1 0 0 1 0 1 1 0 0 1 0 1 1 0 0 1 0 1 1 0 0 1 0 1 1 0 0 1 0 1 1 0 0 1 0 1 1 0 0 1 0 1 1 0 0 1 0 1 1 0 0 1 0 1 1 0 0 1 0 1 1 0 0 1 0 1 1 0 0 1 0 1 1 0 0 1 0 1 1 0 0 1 0 1 1 0 0 1 0 1 1 0 0 1 0 1 1 0 0 1 0 1 1 0 0 1 0 1 1 0 0 1 0 1 1 0 0 1 0 1 1 0 0 1 0 1 1 0 0 1 0 1 1 0 0 1 0 1 1 0 0 1 0 1 1 0 0 1 0 1 1 0 0 1 0 1 1 0 0 1 0 1 1 0 0 1 0 1 1 0 0 1 0 1 1 0 0 1 0 1 1 0 0 1 0 1 1 0 0 1 0 1 1 0 0 1 0 1 1 0 0 1 0 1 1 0 0 1 0 1 1 0 0 1 0 1 1 0 0 1 0 1 1 0 0 1 0 1 1 0 0 1 0 1 1 0 0 1 0 1 1 0 0 1 0 1 1 0 0 1 0 1 1 0 0 1 0 1 1 0 0 1 0 1 1 0 0 1 0 1 1 0 0 1 0 1 1 0 0 1 0 1 1 0 0 1 0 1 1 0 0 1 0 1 1 0 0 1 0 1 1 0 0 1 0 1 1 0 0 1 0 1 1 0 0 1 0 1 1 0 0 1 0 1 1 0 0 1 0 1 1 0 0 1 0 1 1 0 0 1 0 1 1 0 0 1 0 1 1 0 0 1 0 1 1 0 0 1 0 1 1 0 0 1 0 1 1 0 0 1 0 1 1 0 0 1 0 1 1 0 0 1 0 1 1 0 0 1 0 1 1 0 0 1 0 1 1 0 0 1 0 1 1 0 0 1 0 1 1 0 0 1 0 1 1 0 0 1 0 1 1 0 0 1 0 1 1 0 0 1 0 1 1 0 0 1 0 1 1 0 0 1 0 1 1 0 0 1 0 1 1 0 0 1 0 1 1 0 0 1 0 1 1 0 0 1 0 1 1 0 0 1 0 1 1 0 0 1 0 1 1 0 0 1 0 1 1 0 0 1 0 1 1 0 0 1 0 1 1 0 0 1 0 1 1 0 0 1 0 1 1 0 0 1 0 1 1 0 0 1 0 1 1 0 0 1 0 1 1 0 0 1 0 1 1 0 0 1 0 1 1 0 0 1 0 1 1 0 0 1 0 1 1 0 0 1 0 1 1 0 0 1 0 1 1 0 0 1 0 1 1 0 0 1 0 1 1 0 0 1 0 1 1 0 0 1 0 1 1 0 0 1 0 1 1 0 0 1 0 1 1 0 0 1 0 1 1 0 0 1 0 1 1 0 0 1 0 1 1 0 0 1 0 1 1 0 0 1 0 1 1 0 0 1 0 1 1 0 0 1 0 1 1 0 0 1 0 1 1 0 0 1 0 1 1 0 0 1 0 1 1 0 0 1 0 1 1 0 0 1 0 1 1 0 0 1 0 1 1 0 0 1 0 1 1 0 0 1 0 1 1 0 0 1 0 1 1 0 0 1 0 1 1 0 0 1 0 1 1 0 0 1 0 1 1 0 0 1 0 1 1 0 0 1 0 1 1 0 0 1 0 1 1 0 0 1 0 1 1 0 0 1 0 1 1 0 0 1 0 1 1 0 0 1 0 1 1 0 0 1 0 1 1 0 0 1 0 1 1 0 0 1 0 1 1 0 0 1 0 1 1 0 0 1 0 1 1 0 0 1 0 1 1 0 0 1 0 1 1 0 0 1 0 1 1 0 0 1 0 1 1 0 0 1 0 1 1 0 0 1 0 1 1 0 0 1 0 1 1 0 0 1 0 1 1 0 0 1 0 1 1 0 0 1 0 1 1 0 0 1 0 1 1 0 0 1 0 1 1 0 0 1 0 1 1 0 0 1 0 1 1 0 0 1 0 1 1 0 0 1 0 1 1 0 0 1 0 1 1 0 0 1 0 1 1 0 0 1 0 1 1 0 0 1 0 1 1 0 0 1 0 1 1 0 0 1 0 1 1 0 0 1 0 1 1 0 0 1 0 1 1 0 0 1 0 1 1 0 0 1 0 1 1 0 0 1 0 1 1 0 0 1 0 1 1 0 0 1 0 1 1 0 0 1 0 1 1 0 0 1 0 1 1 0 0 1 0 1 1 0 0 1 0 1 1 0 0 1 0 1 1 0 0 1 0 1 1 0 0 1 0 1 1 0 0 1 0 1 1 0 0 1 0 1 1 0 0 1 0 1 1 0 0 1 0 1 1 0 0 1 0 1 1 0 0 1 0 1 1 0 0 1 0 1 1 0 0 1 0 1 1 0 0 1 0 1 1 0 0 1 0 1 1 0 0 1 0 1 1 0 0 1 0 1 1 0 0 1 0 1 1 0 0 1 0 1 1 0 0 1 0 1 1 0 0 1 0 1 1 0 0 1 0 1 1 0 0 1 0 1 1 0 0 1 0 1 1 0 0 1 0 1 1 0 0 1 0 1 1 0 0 1 0 1 1 0 0 1 0 1 1 0 0 1 0 1 1 0 0 1 0 1 1 0 0 1 0 1 1 0 0 1 0 1 1 0 0 1 0 1 1 0 0 1 0 1 1 0 0 1 0 1 1 0 0 1 0 1 1 0 0 1 0 1 1 0 0 1 0 1 1 0 0 1 0 1 1 0 0 1 0 1 1 0 0 1 0 1 1 0 0 1 0 1 1 0 0 1 0 1 1 0 0 1 0 1 1 0 0 1 0 1 1 0 0 1 0 1 1 0 0 1 0 1 1 0 0 1 0 1 1 0 0 1 0 1 1 0 0 1 0 1 1 0 0 1 0 1 1 0 0 1 0 1 1 0 0 1 0 1 1 0 0 1 0 1 1 0 0 1 0 1 1 0 0 1 0 1 1 0 0 1 0 1 1 0 0 1 0 1 1 0 0 1 0 1 1 0 0 1 0 1 1 0 0 1 0 1 1 0 0 1 0 1 1 0 0 1 0 1 1 0 0 1 0 1 1 0 0 1 0 1 1 0 0 1 0 1 1 0 0 1 0 1 1 0 0 1 0 1 1 0 0 1 0 1 1 0 0 1 0 1 1 0 0 1 0 1 1 0 0 1 0 1 1 0 0 1 0 1 1 0 0 1 0 1 1 0 0 1 0 1 1 0 0 1 0 1 1 0 0 1 0 1 1 0 0 1 0 1 1 0 0 1 0 1 1 0 0 1 0 1 1 0 0 1 0 1 1 0 0 1 0 1 1 0 0 1 0 1 1 0 0 1 0 1 1 0 0 1 0 1 1 0 0 1 0 1 1 0 0 1 0 1 1 0 0 1 0 1 1 0 0 1 0 1 1 0 0 1 0 1 1 0 0 1 0 1 1 0 0 1 0 1 1 0 0 1 0 1 1 0 0 1 0 1 1 0 0 1 0 1 1 0 0 1 0 1 1 0 0 1 0 1 1 0 0 1 0 1 1 0 0 1 0 1 1 0 0 1 0 1 1 0 0 1 0 1 1 0 0 1 0 1 1 0 0 1 0 1 1 0 0 1 0 1 1 0 0 1 0 1 1 0 0 1 0 1 1 0 0 1 0 1 1 0 0 1 0 1 1 0 0 1 0 1 1 0 0 1 0 1 1 0 0 1 0 1 1 0 0 1 0 1 1 0 0 1 0 1 1 0 0 1 0 1 1 0 0 1 0 1 1 0 0 1 0 1 1 0 0 1 0 1 1 0 0 1 0 1 1 0 0 1 0 1 1 0 0 1 0 1 1 0 0 1 0 1 1 0 0 1 0 1 1 0 0 1 0 1 1 0 0 1 0 1 1 0 0 1 0 1 1 0 0 1 0 1 1 0 0 1 0 1 1 0 0 1 0 1 1 0 0 1 0 1 1 0 0 1 0 1 1 0 0 1 0 1 1 0 0 1 0 1 1 0 0 1 0 1 1 0 0 1 0 1 1 0 0 1 0 1 1 0 0 1 0 1 1 0 0 1 0 1 1 0 0 1 0 1 1 0 0 1 0 1 1 0 0 1 0 1 1 0 0 1 0 1 1 0 0 1 0 1 1 0 0 1 0 1 1 0 0 1 0 1 1 0 0 1 0 1 1 0 0 1 0 1 1 0 0 1 0 1 1 0 0 1 0 1 1 0 0 1 0 1 1 0 0 1 0 1 1 0 0 1 0 1 1 0 0 1 0 1 1 0 0 1 0 1 1 0 0 1 0 1 1 0 0 1 0 1 1 0 0 1 0 1 1 0 0 1 0 1 1 0 0 1 0 1 1 0 0 1 0 1 1 0 0 1 0 1 1 0 0 1 0 1 1 0 0 1 0 1 1 0 0 1 0 1 1 0 0 1 0 1 1 0 0 1 0 1 1 0 0 1 0 1 1 0 0 1 0 1 1 0 0 1 0 1 1 0 0 1 0 1 1 0 0 1 0 1 1 0 0 1 0 1 1 0 0 1 0 1 1 0 0 1 0 1 1 0 0 1 0 1 1 0 0 1 0 1 1 0 0 1 0 1 1 0 0 1 0 1 1 0 0 1 0 1 1 0 0 1 0 1 1 0 0 1 0 1 1 0 0 1 0 1 1 0 0 1 0 1 1 0 0 1 0 1 1 0 0 1 0 1 1 0 0 1 0 1 1 0 0 1 0 1 1 0 0 1 0 1 1 0 0 1 0 1 1 0 0 1 0 1 1 0 0 1 0 1 1 0 0 1 0 1 1 0 0 1 0 1 1 0 0 1 0 1 1 0 0 1 0 1 1 0 0 1 0 1 1 0 0 1 0 1 1 0 0 1 0 1 1 0 0 1 0 1 1 0 0 1 0 1 1 0 0 1 0 1 1 0 0 1 0 1 1 0 0 1 0 1 1 0 0 1 0 1 1 0 0 1 0 1 1 0 0 1 0 1 1 0 0 1 0 1 1 0 0 1 0 1 1 0 0 1 0 1 1 0 0 1 0 1 1 0 0 1 0 1 1 0 0 1 0 1 1 0 0 1 0 1 1 0 0 1 0 1 1 0 0 1 0 1 1 0 0 1 0 1 1 0 0 1 0 1 1 0 0 1 0 1 1 0 0 1 0 1 1 0 0 1 0 1 1 0 0 1 0 1 1 0 0 1 0 1 1 0 0 1 0 1 1 0 0 1 0 1 1 0 0 1 0 1 1 0 0 1 0 1 1 0 0 1 0 1 1 0 0 1 0 1 1 0 0 1 0 1 1 0 0 1 0 1 1 0 0 1 0 1 1 0 0 1 0 1 1 0 0 1 0 1 1 0 0 1 0 1 1 0 0 1 0 1 1 0 0 1 0 1 1 0 0 1 0 1 1 0 0 1 0 1 1 0 0 1 0 1 1 0 0 1 0 1 1 0 0 1 0 1 1 0 0 1 0 1 1 0 0 1 0 1 1 0 0 1 0 1 1 0 0 1 0 1 1 0 0 1 0 1 1 0 0 1 0 1 1 0 0 1 0 1 1 0 0 1 0 1 1 0 0 1 0 1 1 0 0 1 0 1 1 0 0 1 0 1 1 0 0 1 0 1 1 0 0 1 0 1 1 0 0 1 0 1 1 0 0 1 0 1 1 0 0 1 0 1 1 0 0 1 0 1 1 0 0 1 0 1 1 0 0 1 0 1 1 0 0 1 0 1 1 0 0 1 0 1 1 0 0 1 0 1 1 0 0 1 0 1 1 0 0 1 0 1 1 0 0 1 0 1 1 0 0 1 0 1 1 0 0 1 0 1 1 0 0 1 0 1 1 0 0 1 0 1 1 0 0 1 0 1 1 0 0 1 0 1 1 0 0 1 0 1 1 0 0 1 0 1 1 0 0 1 0 1 1 0 0 1 0 1 1 0 0 1 0 1 1 0 0 1 0 1 1 0 0 1 0 1 1 0 0 1 0 1 1 0 0 1 0 1 1 0 0 1 0 1 1 0 0 1 0 1 1 0 0 1 0 1 1 0 0 1 0 1 1 0 0 1 0 1 1 0 0 1 0 1 1 0 0 1 0 1 1 0 0 1 0 1 1 0 0 1 0 1 1 0 0 1 0 1 1 0 0 1 0 1 1 0 0 1 0 1 1 0 0 1 0 1 1 0 0 1 0 1 1 0 0 1 0 1 1 0 0 1 0 1 1 0 0 1 0 1 1 0 0 1 0 1 1 0 0 1 0 1 1 0 0 1 0 1 1 0 0 1 0 1 1 0 0 1 0 1 1 0 0 1 0 1 1 0 0 1 0 1 1 0 0 1 0 1 1 0 0 1 0 1 1 0 0 1 0 1 1 0 0 1 0 1 1 0 0 1 0 1 1 0 0 1 0 1 1 0 0 1 0 1 1 0 0 1 0 1 1 0 0 1 0 1 1 0 0 1 0 1 1 0 0 1 0 1 1 0 0 1 0 1 1 0 0 1 0 1 1 0 0 1 0 1 1 0 0 1 0 1 1 0 0 1 0 1 1 0 0 1 0 1 1 0 0 1 0 1 1 0 0 1 0 1 1 0 0 1 0 1 1 0 0 1 0 1 1 0 0 1 0 1 1 0 0 1 0 1 1 0 0 1 0 1 1 0 0 1 0 1 1 0 0 1 0 1 1 0 0 1 0 1 1 0 0 1 0 1 1 0 0 1 0 1 1 0 0 1 0 1 1 0 0 1 0 1 1 0 0 1 0 1 1 0 0 1 0 1 1 0 0 1 0 1 1 0 0 1 0 1 1 0 0 1 0 1 1 0 0 1 0 1 1 0 0 1 0 1 1 0 0 1 0 1 1 0 0 1 0 1 1 0 0 1 0 1 1 0 0 1 0 1 1 0 0 1 0 1 1 0 0 1 0 1 1 0 0 1 0 1 1 0 0 1 0 1 1 0 0 1 0 1 1 0 0 1 0 1 1 0 0 1 0 1 1 0 0 1 0 1 1 0 0 1 0 1 1 0 0 1 0 1 1 0 0 1 0 1 1 0 0 1 0 1 1 0 0 1 0 1 1 0 0 1 0 1 1 0 0 1 0 1 1 0 0 1 0 1 1 0 0 1 0 1 1 0 0 1 0 1 1 0 0 1 0 1 1 0 0 1 0 1 1 0 0 1 0 1 1 0 0 1 0 1 1 0 0 1 0 1 1 0 0 1 0 1 1 0 0 1 0 1 1 0 0 1 0 1 1 0 0 1 0 1 1 0 0 1 0 1 1 0 0 1 0 1 1 0 0 1 0 1 1 0 0 1 0 1 1 0 0 1 0 1 1 0 0 1 0 1 1 0 0 1 0 1 1 0 0 1 0 1 1 0 0 1 0 1 1 0 0 1 0 1 1 0 0 1 0 1 1 0 0 1 0 1 1 0 0 1 0 1 1 0 0 1 0 1 1 0 0 1 0 1 1 0 0 1 0 1 1 0 0 1 0 1 1 0 0 1 0 1 1 0 0 1 0 1 1 0 0 1 0 1 1 0 0 1 0 1 1 0 0 1 0 1 1 0 0 1 0 1 1 0 0 1 0 1 1 0 0 1 0 1 1 0 0 1 0 1 1 0 0 1 0 1 1 0 0 1 0 1 1 0 0 1 0 1 1 0 0 1 0 1 1 0 0 1 0 1 1 0 0 1 0 1 1 0 0 1 0 1 1 0 0 1 0 1 1 0 0 1 0 1 1 0 0 1 0 1 1 0 0 1 0 1 1 0 0 1 0 1 1 0 0 1 0 1 1 0 0 1 0 1 1 0 0 1 0 1 1 0 0 1 0 1 1 0 0 1 0 1 1 0 0 1 0 1 1 0 0 1 0 1 1 0 0 1 0 1 1 0 0 1 0 1 1 0 0 1 0 1 1 0 0 1 0 1 1 0 0 1 0 1 1 0 0 1 0 1 1 0 0 1 0 1 1 0 0 1 0 1 1 0 0 1 0 1 1 0 0 1 0 1 1 0 0 1 0 1 1 0 0 1 0 1 1 0 0 1 0 1 1 0 0 1 0 1 1 0 0 1 0 1 1 0 0 1 0 1 1 0 0 1 0 1 1 0 0 1 0 1 1 0 0 1 0 1 1 0 0 1 0 1 1 0 0 1 0 1 1 0 0 1 0 1 1 0 0 1 0 1 1 0 0 1 0 1 1 0 0 1 0 1 1 0 0 1 0 1 1 0 0 1 0 1 1 0 0 1 0 1 1 0 0 1 0 1 1 0 0 1 0 1 1 0 0 1 0 1 1 0 0 1 0 1 1 0 0 1 0 1 1 0 0 1 0 1 1 0 0 1 0 1 1 0 0 1 0 1 1 0 0 1 0 1 1 0 0 1 0 1 1 0 0 1 0 1 1 0 0 1 0 1 1 0 0 1 0 1 1 0 0 1 0 1 1 0 0 1 0 1 1 0 0 1 0 1 1 0 0 1 0 1 1 0 0 1 0 1 1 0 0 1 0 1 1 0 0 1 0 1 1 0 0 1 0 1 1 0 0 1 0 1 1 0 0 1 0 1 1 0 0 1 0 1 1 0 0 1 0 1 1 0 0 1 0 1 1 0 0 1 0 1 1 0 0 1 0 1 1 0 0 1 0 1 1 0 0 1 0 1 1 0 0 1 0 1 1 0 0 1 0 1 1 0 0 1 0 1 1 0 0 1 0 1 1 0 0 1 0 1 1 0 0 1 0 1 1 0 0 1 0 1 1 0 0 1 0 1 1 0 0 1 0 1 1 0 0 1 0 1 1 0 0 1 0 1 1 0 0 1 0 1 1 0 0 1 0 1 1 0 0 1 0 1 1 0 0 1 0 1 1 0 0 1 0 1 1 0 0 1 0 1 1 0 0 1 0 1 1 0 0 1 0 1 1 0 0 1 0 1 1 0 0 1 0 1 1 0 0 1 0 1 1 0 0 1 0 1 1 0 0 1 0 1 1 0 0 1 0 1 1 0 0 1 0 1 1 0 0 1 0 1 1 0 0 1 0 1 1 0 0 1 0 1 1 0 0 1 0 1 1 0 0 1 0 1 1 0 0 1 0 1 1 0 0 1 0 1 1 0 0 1 0 1 1 0 0 1 0 1 1 0 0 1 0 1 1 0 0 1 0 1 1 0 0 1 0 1 1 0 0 1 0 1 1 0 0 1 0 1 1 0 0 1 0 1 1 0 0 1 0 1 1 0 0 1 0 1 1 0 0 1 0 1 1 0 0 1 0 1 1 0 0 1 0 1 1 0 0 1 0 1 1 0 0 1 0 1 1 0 0 1 0 1 1 0 0 1 0 1 1 0 0 1 0 1 1 0 0 1 0 1 1 0 0 1 0 1 1 0 0 1 0 1 1 0 0 1 0 1 1 0 0 1 0 1 1 0 0 1 0 1 1 0 0 1 0 1 1 0 0 1 0 1 1 0 0 1 0 1 1 0 0 1 0 1 1 0 0 1 0 1 1 0 0 1 0 1 1 0 0 1 0 1 1 0 0 1 0 1 1 0 0 1 0 1 1 0 0 1 0 1 1 0 0 1 0 1 1 0 0 1 0 1 1 0 0 1 0 1 1 0 0 1 0 1 1 0 0 1 0 1 1 0 0 1 0 1 1 0 0 1 0 1 1 0 0 1 0 1 1 0 0 1 0 1 1 0 0 1 0 1 1 0 0 1 0 1 1 0 0 1 0 1 1 0 0 1 0 1 1 0 0 1 0 1 1 0 0 1 0 1 1 0 0 1 0 1 1 0 0 1 0 1 1 0 0 1 0 1 1 0 0 1 0 1 1 0 0 1 0 1 1 0 0 1 0 1 1 0 0 1 0 1 1 0 0 1 0 1 1 0 0 1 0 1 1 0 0 1 0 1 1 0 0 1 0 1 1 0 0 1 0 1 1 0 0 1 0 1 1 0 0 1 0 1 1 0 0 1 0 1 1 0 0 1 0 1 1 0 0 1 0 1 1 0 0 1 0 1 1 0 0 1 0 1 1 0 0 1 0 1 1 0 0 1 0 1 1 0 0 1 0 1 1 0 0 1 0 1 1 0 0 1 0 1 1 0 0 1 0 1 1 0 0 1 0 1 1 0 0 1 0 1 1 0 0 1 0 1 1 0 0 1 0 1 1 0 0 1 0 1 1 0 0 1 0 1 1 0 0 1 0 1 1 0 0 1 0 1 1 0 0 1 0 1 1 0 0 1 0 1 1 0 0 1 0 1 1 0 0 1 0 1 1 0 0 1 0 1 1 0 0 1 0 1 1 0 0 1 0 1 1 0 0 1 0 1 1 0 0 1 0 1 1 0 0 1 0 1 1 0 0 1 0 1 1 0 0 1 0 1 1 0 0 1 0 1 1 0 0 1 0 1 1 0 0 1 0 1 1 0 0 1 0 1 1 0 0 1 0 1 1 0 0 1 0 1 1 0 0 1 0 1 1 0 0 1 0 1 1 0 0 1 0 1 1 0 0 1 0 1 1 0 0 1 0 1 1 0 0 1 0 1 1 0 0 1 0 1 1 0 0 1 0 1 1 0 0 1 0 1 1 0 0 1 0 1 1 0 0 1 0 1 1 0 0 1 0 1 1 0 0 1 0 1 1 0 0 1 0 1 1 0 0 1 0 1 1 0 0 1 0 1 1 0 0 1 0 1 1 0 0 1 0 1 1 0 0 1 0 1 1 0 0 1 0 1 1 0 0 1 0 1 1 0 0 1 0 1 1 0 0 1 0 1 1 0 0 1 0 1 1 0 0 1 0 1 1 0 0 1 0 1 1 0 0 1 0 1 1 0 0 1 0 1 1 0 0 1 0 1 1 0 0 1 0 1 1 0 0 1 0 1 1 0 0 1 0 1 1 0 0 1 0 1 1 0 0 1 0 1 1 0 0 1 0 1 1 0 0 1 0 1 1 0 0 1 0 1 1 0 0 1 0 1 1 0 0 1 0 1 1 0 0 1 0 1 1 0 0 1 0 1 1 0 0 1 0 1 1 0 0 1 0 1 1 0 0 1 0 1 1 0 0 1 0 1 1 0 0 1 0 1 1 0 0 1 0 1 1 0 0 1 0 1 1 0 0 1 0 1 1 0 0 1 0 1 1 0 0 1 0 1 1 0 0 1 0 1 1 0 0 1 0 1 1 0 0 1 0 1 1 0 0 1 0 1 1 0 0 1 0 1 1 0 0 1 0 1 1 0 0 1 0 1 1 0 0 1 0 1 1 0 0 1 0 1 1 0 0 1 0 1 1 0 0 1 0 1 1 0 0 1 0 1 1 0 0 1 0 1 1 0 0 1 0 1 1 0 0 1 0 1 1 0 0 1 0 1 1 0 0 1 0 1 1 0 0 1 0 1 1 0 0 1 0 1 1 0 0 1 0 1 1 0 0 1 0 1 1 0 0 1 0 1 1 0 0 1 0 1 1 0 0 1 0 1 1 0 0 1 0 1 1 0 0 1 0 1 1 0 0 1 0 1 1 0 0 1 0 1 1 0 0 1 0 1 1 0 0 1 0 1 1 0 0 1 0 1 1 0 0 1 0 1 1 0 0 1 0 1 1 0 0 1 0 1 1 0 0 1 0 1 1 0 0 1 0 1 1 0 0 1 0 1 1 0 0 1 0 1 1 0 0 1 0 1 1 0 0 1 0 1 1 0 0 1 0 1 1 0 0 1 0 1 1 0 0 1 0 1 1 0 0 1 0 1 1 0 0 1 0 1 1 0 0 1 0 1 1 0 0 1 0 1 1 0 0 1 0 1 1 0 0 1 0 1 1 0 0 1 0 1 1 0 0 1 0 1 1 0 0 1 0 1 1 0 0 1 0 1 1 0 0 1 0 1 1 0 0 1 0 1 1 0 0 1 0 1 1 0 0 1 0 1 1 0 0 1 0 1 1 0 0 1 0 1 1 0 0 1 0 1 1 0 0 1 0 1 1 0 0 1 0 1 1 0 0 1 0 1 1 0 0 1 0 1 1 0 0 1 0 1 1 0 0 1 0 1 1 0 0 1 0 1 1 0 0 1 0 1 1 0 0 1 0 1 1 0 0 1 0 1 1 0 0 1 0 1 1 0 0 1 0 1 1 0 0 1 0 1 1 0 0 1 0 1 1 0 0 1 0 1 1 0 0 1 0 1 1 0 0 1 0 1 1 0 0 1 0 1 1 0 0 1 0 1 1 0 0 1 0 1 1 0 0 1 0 1 1 0 0 1 0 1 1 0 0 1 0 1 1 0 0 1 0 1 1 0 0 1 0 1 1 0 0 1 0 1 1 0 0 1 0 1 1 0 0 1 0 1 1 0 0 1 0 1 1 0 0 1 0 1 1 0 0 1 0 1 1 0 0 1 0 1 1 0 0 1 0 1 1 0 0 1 0 1 1 0 0 1 0 1 1 0 0 1 0 1 1 0 0 1 0 1 1 0 0 1 0 1 1 0 0 1 0 1 1 0 0 1 0 1 1 0 0 1 0 1 1 0 0 1 0 1 1 0 0 1 0 1 1 0 0 1 0 1 1 0 0 1 0 1 1 0 0 1 0 1 1 0 0 1 0 1 1 0 0 1 0 1 1 0 0 1 0 1 1 0 0 1 0 1 1 0 0 1 0 1 1 0 0 1 0 1 1 0 0 1 0 1 1 0 0 1 0 1 1 0 0 1 0 1 1 0 0 1 0 1 1 0 0 1 0 1 1 0 0 1 0 1 1 0 0 1 0 1 1 0 0 1 0 1 1 0 0 1 0 1 1 0 0 1 0 1 1 0 0 1 0 1 1 0 0 1 0 1 1 0 0 1 0 1 1 0 0 1 0 1 1 0 0 1 0 1 1 0 0 1 0 1 1 0 0 1 0 1 1 0 0 1 0 1 1 0 0 1 0 1 1 0 0 1 0 1 1 0 0 1 0 1 1 0 0 1 0 1 1 0 0 1 0 1 1 0 0 1 0 1 1 0 0 1 0 1 1 0 0 1 0 1 1 0 0 1 0 1 1 0 0 1 0 1 1 0 0 1 0 1 1 0 0 1 0 1 1 0 0 1 0 1 1 0 0 1 0 1 1 0 0 1 0 1 1 0 0 1 0 1 1 0 0 1 0 1 1 0 0 1 0 1 1 0 0 1 0 1 1 0 0 1 0 1 1 0 0 1 0 1 1 0 0 1 0 1 1 0 0 1 0 1 1 0 0 1 0 1 1 0 0 1 0 1 1 0 0 1 0 1 1 0 0 1 0 1 1 0 0 1 0 1 1 0 0 1 0 1 1 0 0 1 0 1 1 0 0 1 0 1 1 0 0 1 0 1 1 0 0 1 0 1 1 0 0 1 0 1 1 0 0 1 0 1 1 0 0 1 0 1 1 0 0 1 0 1 1 0 0 1 0 1 1 0 0 1 0 1 1 0 0 1 0 1 1 0 0 1 0 1 1 0 0 1 0 1 1 0 0 1 0 1 1 0 0 1 0 1 1 0 0 1 0 1 1 0 0 1 0 1 1 0 0 1 0 1 1 0 0 1 0 1 1 0 0 1 0 1 1 0 0 1 0 1 1 0 0 1 0 1 1 0 0 1 0 1 1 0 0 1 0 1 1 0 0 1 0 1 1 0 0 1 0 1 1 0 0 1 0 1 1 0 0 1 0 1 1 0 0 1 0 1 1 0 0 1 0 1 1 0 0 1 0 1 1 0 0 1 0 1 1 0 0 1 0 1 1 0 0 1 0 1 1 0 0 1 0 1 1 0 0 1 0 1 1 0 0 1 0 1 1 0 0 1 0 1 1 0 0 1 0 1 1 0 0 1 0 1 1 0 0 1 0 1 1 0 0 1 0 1 1 0 0 1 0 1 1 0 0 1 0 1 1 0 0 1 0 1 1 0 0 1 0 1 1 0 0 1 0 1 1 0 0 1 0 1 1 0 0 1 0 1 1 0 0 1 0 1 1 0 0 1 0 1 1 0 0 1 0 1 1 0 0 1 0 1 1 0 0 1 0 1 1 0 0 1 0 1 1 0 0 1 0 1 1 0 0 1 0 1 1 0 0 1 0 1 1 0 0 1 0 1 1 0 0 1 0 1 1 0 0 1 0 1 1 0 0 1 0 1 1 0 0 1 0 1 1 0 0 1 0 1 1 0 0 1 0 1 1 0 0 1 0 1 1 0 0 1 0 1 1 0 0 1 0 1 1 0 0 1 0 1 1 0 0 1 0 1 1 0 0 1 0 1 1 0 0 1 0 1 1 0 0 1 0 1 1 0 0 1 0 1 1 0 0 1 0 1 1 0 0 1 0 1 1 0 0 1 0 1 1 0 0 1 0 1 1 0 0 1 0 1 1 0 0 1 0 1 1 0 0 1 0 1 1 0 0 1 0 1 1 0 0 1 0 1 1 0 0 1 0 1 1 0 0 1 0 1 1 0 0 1 0 1 1 0 0 1 0 1 1 0 0 1 0 1 1 0 0 1 0 1 1 0 0 1 0 1 1 0 0 1 0 1 1 0 0 1 0 1 1 0 0 1 0 1 1 0 0 1 0 1 1 0 0 1 0 1 1 0 0 1 0 1 1 0 0 1 0 1 1 0 0 1 0 1 1 0 0 1 0 1 1 0 0 1 0 1 1 0 0 1 0 1 1 0 0 1 0 1 1 0 0 1 0 1 1 0 0 1 0 1 1 0 0 1 0 1 1 0 0 1 0 1 1 0 0 1 0 1 1 0 0 1 0 1 1 0 0 1 0 1 1 0 0 1 0 1 1 0 0 1 0 1 1 0 0 1 0 1 1 0 0 1 0 1 1 0 0 1 0 1 1 0 0 1 0 1 1 0 0 1 0 1 1 0 0 1 0 1 1 0 0 1 0 1 1 0 0 1 0 1 1 0 0 1 0 1 1 0 0 1 0 1 1 0 0 1 0 1 1 0 0 1 0 1 1 0 0 1 0 1 1 0 0 1 0 1 1 0 0 1 0 1 1 0 0 1 0 1 1 0 0 1 0 1 1 0 0 1 0 1 1 0 0 1 0 1 1 0 0 1 0 1 1 0 0 1 0 1 1 0 0 1 0 1 1 0 0 1 0 1 1 0 0 1 0 1 1 0 0 1 0 1 1 0 0 1 0 1 1 0 0 1 0 1 1 0 0 1 0 1 1 0 0 1 0 1 1 0 0 1 0 1 1 0 0 1 0 1 1 0 0 1 0 1 1 0 0 1 0 1 1 0 0 1 0 1 1 0 0 1 0 1 1 0 0 1 0 1 1 0 0 1 0 1 1 0 0 1 0 1 1 0 0 1 0 1 1 0 0 1 0 1 1 0 0 1 0 1 1 0 0 1 0 1 1 0 0 1 0 1 1 0 0 1 0 1 1 0 0 1 0 1 1 0 0 1 0 1 1 0 0 1 0 1 1 0 0 1 0 1 1 0 0 1 0 1 1 0 0 1 0 1 1 0 0 1 0 1 1 0 0 1 0 1 1 0 0 1 0 1 1 0 0 1 0 1 1 0 0 1 0 1 1 0 0 1 0 1 1 0 0 1 0 1 1 0 0 1 0 1 1 0 0 1 0 1 1 0 0 1 0 1 1 0 0 1 0 1 1 0 0 1 0 1 1 0 0 1 0 1 1 0 0 1 0 1 1 0 0 1 0 1 1 0 0 1 0 1 1 0 0 1 0 1 1 0 0 1 0 1 1 0 0 1 0 1 1 0 0 1 0 1 1 0 0 1 0 1 1 0 0 1 0 1 1 0 0 1 0 1 1 0 0 1 0 1 1 0 0 1 0 1 1 0 0 1 0 1 1 0 0 1 0 1 1 0 0 1 0 1 1 0 0 1 0 1 1 0 0 1 0 1 1 0 0 1 0 1 1 0 0 1 0 1 1 0 0 1 0 1 1 0 0 1 0 1 1 0 0 1 0 1 1 0 0 1 0 1 1 0 0 1 0 1 1 0 0 1 0 1 1 0 0 1 0 1 1 0 0 1 0 1 1 0 0 1 0 1 1 0 0 1 0 1 1 0 0 1 0 1 1 0 0 1 0 1 1 0 0 1 0 1 1 0 0 1 0 1 1 0 0 1 0 1 1 0 0 1 0 1 1 0 0 1 0 1 1 0 0 1 0 1 1 0 0 1 0 1 1 0 0 1 0 1 1 0 0 1 0 1 1 0 0 1 0 1 1 0 0 1 0 1 1 0 0 1 0 1 1 0 0 1 0 1 1 0 0 1 0 1 1 0 0 1 0 1 1 0 0 1 0 1 1 0 0 1 0 1 1 0 0 1 0 1 1 0 0 1 0 1 1 0 0 1 0 1 1 0 0 1 0 1 1 0 0 1 0 1 1 0 0 1 0 1 1 0 0 1 0 1 1 0 0 1 0 1 1 0 0 1 0 1 1 0 0 1 0 1 1 0 0 1 0 1 1 0 0 1 0 1 1 0 0 1 0 1 1 0 0 1 0 1 1 0 0 1 0 1 1 0 0 1 0 1 1 0 0 1 0 1 1 0 0 1 0 1 1 0 0 1 0 1 1 0 0 1 0 1 1 0 0 1 0 1 1 0 0 1 0 1 1 0 0 1 0 1 1 0 0 1 0 1 1 0 0 1 0 1 1 0 0 1 0 1 1 0 0 1 0 1 1 0 0 1 0 1 1 0 0 1 0 1 1 0 0 1 0 1 1 0 0 1 0 1 1 0 0 1 0 1 1 0 0 1 0 1 1 0 0 1 0 1 1 0 0 1 0 1 1 0 0 1 0 1 1 0 0 1 0 1 1 0 0 1 0 1 1 0 0 1 0 1 1 0 0 1 0 1 1 0 0 1 0 1 1 0 0 1 0 1 1 0 0 1 0 1 1 0 0 1 0 1 1 0 0 1 0 1 1 0 0 1 0 1 1 0 0 1 0 1 1 0 0 1 0 1 1 0 0 1 0 1 1 0 0 1 0 1 1 0 0 1 0 1 1 0 0 1 0 1 1 0 0 1 0 1 1 0 0 1 0 1 1 0 0 1 0 1 1 0 0 1 0 1 1 0 0 1 0 1 1 0 0 1 0 1 1 0 0 1 0 1 1 0 0 1 0 1 1 0 0 1 0 1 1 0 0 1 0 1 1 0 0 1 0 1 1 0 0 1 0 1 1 0 0 1 0 1 1 0 0 1 0 1 1 0 0 1 0 1 1 0 0 1 0 1 1 0 0 1 0 1 1 0 0 1 0 1 1 0 0 1 0 1 1 0 0 1 0 1 1 0 0 1 0 1 1 0 0 1 0 1 1 0 0 1 0 1 1 0 0 1 0 1 1 0 0 1 0 1 1 0 0 1 0 1 1 0 0 1 0 1 1 0 0 1 0 1 1 0 0 1 0 1 1 0 0 1 0 1 1 0 0 1 0 1 1 0 0 1 0 1 1 0 0 1 0 1 1 0 0 1 0 1 1 0 0 1 0 1 1 0 0 1 0 1 1 0 0 1 0 1 1 0 0 1 0 1 1 0 0 1 0 1 1 0 0 1 0 1 1 0 0 1 0 1 1 0 0 1 0 1 1 0 0 1 0 1 1 0 0 1 0 1 1 0 0 1 0 1 1 0 0 1 0 1 1 0 0 1 0 1 1 0 0 1 0 1 1 0 0 1 0 1 1 0 0 1 0 1 1 0 0 1 0 1 1 0 0 1 0 1 1 0 0 1 0 1 1 0 0 1 0 1 1 0 0 1 0 1 1 0 0 1 0 1 1 0 0 1 0 1 1 0 0 1 0 1 1 0 0 1 0 1 1 0 0 1 0 1 1 0 0 1 0 1 1 0 0 1 0 1 1 0 0 1 0 1 1 0 0 1 0 1 1 0 0 1 0 1 1 0 0 1 0 1 1 0 0 1 0 1 1 0 0 1 0 1 1 0 0 1 0 1 1 0 0 1 0 1 1 0 0 1 0 1 1 0 0 1 0 1 1 0 0 1 0 1 1 0 0 1 0 1 1 0 0 1 0 1 1 0 0 1 0 1 1 0 0 1 0 1 1 0 0 1 0 1 1 0 0 1 0 1 1 0 0 1 0 1 1 0 0 1 0 1 1 0 0 1 0 1 1 0 0 1 0 1 1 0 0 1 0 1 1 0 0 1 0 1 1 0 0 1 0 1 1 0 0 1 0 1 1 0 0 1 0 1 1 0 0 1 0 1 1 0 0 1 0 1 1 0 0 1 0 1 1 0 0 1 0 1 1 0 0 1 0 1 1 0 0 1 0 1 1 0 0 1 0 1 1 0 0 1 0 1 1 0 0 1 0 1 1 0 0 1 0 1 1 0 0 1 0 1 1 0 0 1 0 1 1 0 0 1 0 1 1 0 0 1 0 1 1 0 0 1 0 1 1 0 0 1 0 1 1 0 0 1 0 1 1 0 0 1 0 1 1 0 0 1 0 1 1 0 0 1 0 1 1 0 0 1 0 1 1 0 0 1 0 1 1 0 0 1 0 1 1 0 0 1 0 1 1 0 0 1 0 1 1 0 0 1 0 1 1 0 0 1 0 1 1 0 0 1 0 1 1 0 0 1 0 1 1 0 0 1 0 1 1 0 0 1 0 1 1 0 0 1 0 1 1 0 0 1 0 1 1 0 0 1 0 1 1 0 0 1 0 1 1 0 0 1 0 1 1 0 0 1 0 1 1 0 0 1 0 1 1 0 0 1 0 1 1 0 0 1 0 1 1 0 0 1 0 1 1 0 0 1 0 1 1 0 0 1 0 1 1 0 0 1 0 1 1 0 0 1 0 1 1 0 0 1 0 1 1 0 0 1 0 1 1 0 0 1 0 1 1 0 0 1 0 1 1 0 0 1 0 1 1 0 0 1 0 1 1 0 0 1 0 1 1 0 0 1 0 1 1 0 0 1 0 1 1 0 0 1 0 1 1 0 0 1 0 1 1 0 0 1 0 1 1 0 0 1 0 1 1 0 0 1 0 1 1 0 0 1 0 1 1 0 0 1 0 1 1 0 0 1 0 1 1 0 0 1 0 1 1 0 0 1 0 1 1 0 0 1 0 1 1 0 0 1 0 1 1 0 0 1 0 1 1 0 0 1 0 1 1 0 0 1 0 1 1 0 0 1 0 1 1 0 0 1 0 1 1 0 0 1 0 1 1 0 0 1 0 1 1 0 0 1 0 1 1 0 0 1 0 1 1 0 0 1 0 1 1 0 0 1 0 1 1 0 0 1 0 1 1 0 0 1 0 1 1 0 0 1 0 1 1 0 0 1 0 1 1 0 0 1 0 1 1 0 0 1 0 1 1 0 0 1 0 1 1 0 0 1 0 1 1 0 0 1 0 1 1 0 0 1 0 1 1 0 0 1 0 1 1 0 0 1 0 1 1 0 0 1 0 1 1 0 0 1 0 1 1 0 0 1 0 1 1 0 0 1 0 1 1 0 0 1 0 1 1 0 0 1 0 1 1 0 0 1 0 1 1 0 0 1 0 1 1 0 0 1 0 1 1 0 0 1 0 1 1 0 0 1 0 1 1 0 0 1 0 1 1 0 0 1 0 1 1 0 0 1 0 1 1 0 0 1 0 1 1 0 0 1 0 1 1 0 0 1 0 1 1 0 0 1 0 1 1 0 0 1 0 1 1 0 0 1 0 1 1 0 0 1 0 1 1 0 0 1 0 1 1 0 0 1 0 1 1 0 0 1 0 1 1 0 0 1 0 1 1 0 0 1 0 1 1 0 0 1 0 1 1 0 0 1 0 1 1 0 0 1 0 1 1 0 0 1 0 1 1 0 0 1 0 1 1 0 0 1 0 1 1 0 0 1 0 1 1 0 0 1 0 1 1 0 0 1 0 1 1 0 0 1 0 1 1 0 0 1 0 1 1 0 0 1 0 1 1 0 0 1 0 1 1 0 0 1 0 1 1 0 0 1 0 1 1 0 0 1 0 1 1 0 0 1 0 1 1 0 0 1 0 1 1 0 0 1 0 1 1 0 0 1 0 1 1 0 0 1 0 1 1 0 0 1 0 1 1 0 0 1 0 1 1 0 0 1 0 1 1 0 0 1 0 1 1 0 0 1 0 1 1 0 0 1 0 1 1 0 0 1 0 1 1 0 0 1 0 1 1 0 0 1 0 1 1 0 0 1 0 1 1 0 0 1 0 1 1 0 0 1 0 1 1 0 0 1 0 1 1 0 0 1 0 1 1 0 0 1 0 1 1 0 0 1 0 1 1 0 0 1 0 1 1 0 0 1 0 1 1 0 0 1 0 1 1 0 0 1 0 1 1 0 0 1 0 1 1 0 0 1 0 1 1 0 0 1 0 1 1 0 0 1 0 1 1 0 0 1 0 1 1 0 0 1 0 1 1 0 0 1 0 1 1 0 0 1 0 1 1 0 0 1 0 1 1 0 0 1 0 1 1 0 0 1 0 1 1 0 0 1 0 1 1 0 0 1 0 1 1 0 0 1 0 1 1 0 0 1 0 1 1 0 0 1 0 1 1 0 0 1 0 1 1 0 0 1 0 1 1 0 0 1 0 1 1 0 0 1 0 1 1 0 0 1 0 1 1 0 0 1 0 1 1 0 0 1 0 1 1 0 0 1 0 1 1 0 0 1 0 1 1 0 0 1 0 1 1 0 0 1 0 1 1 0 0 1 0 1 1 0 0 1 0 1 1 0 0 1 0 1 1 0 0 1 0 1 1 0 0 1 0 1 1 0 0 1 0 1 1 0 0 1 0 1 1 0 0 1 0 1 1 0 0 1 0 1 1 0 0 1 0 1 1 0 0 1 0 1 1 0 0 1 0 1 1 0 0 1 0 1 1 0 0 1 0 1 1 0 0 1 0 1 1 0 0 1 0 1 1 0 0 1 0 1 1 0 0 1 0 1 1 0 0 1 0 1 1 0 0 1 0 1 1 0 0 1 0 1 1 0 0 1 0 1 1 0 0 1 0 1 1 0 0 1 0 1 1 0 0 1 0 1 1 0 0 1 0 1 1 0 0 1 0 1 1 0 0 1 0 1 1 0 0 1 0 1 1 0 0 1 0 1 1 0 0 1 0 1 1 0 0 1 0 1 1 0 0 1 0 1 1 0 0 1 0 1 1 0 0 1 0 1 1 0 0 1 0 1 1 0 0 1 0 1 1 0 0 1 0 1 1 0 0 1 0 1 1 0 0 1 0 1 1 0 0 1 0 1 1 0 0 1 0 1 1 0 0 1 0 1 1 0 0 1 0 1 1 0 0 1 0 1 1 0 0 1 0 1 1 0 0 1 0 1 1 0 0 1 0 1 1 0 0 1 0 1 1 0 0 1 0 1 1 0 0 1 0 1 1 0 0 1 0 1 1 0 0 1 0 1 1 0 0 1 0 1 1 0 0 1 0 1 1 0 0 1 0 1 1 0 0 1 0 1 1 0 0 1 0 1 1 0 0 1 0 1 1 0 0 1 0 1 1 0 0 1 0 1 1 0 0 1 0 1 1 0 0 1 0 1 1 0 0 1 0 1 1 0 0 1 0 1 1 0 0 1 0 1 1 0 0 1 0 1 1 0 0 1 0 1 1 0 0 1 0 1 1 0 0 1 0 1 1 0 0 1 0 1 1 0 0 1 0 1 1 0 0 1 0 1 1 0 0 1 0 1 1 0 0 1 0 1 1 0 0 1 0 1 1 0 0 1 0 1 1 0 0 1 0 1 1 0 0 1 0 1 1 0 0 1 0 1 1 0 0 1 0 1 1 0 0 1 0 1 1 0 0 1 0 1 1 0 0 1 0 1 1 0 0 1 0 1 1 0 0 1 0 1 1 0 0 1 0 1 1 0 0 1 0 1 1 0 0 1 0 1 1 0 0 1 0 1 1 0 0 1 0 1 1 0 0 1 0 1 1 0 0 1 0 1 1 0 0 1 0 1 1 0 0 1 0 1 1 0 0 1 0 1 1 0 0 1 0 1 1 0 0 1 0 1 1 0 0 1 0 1 1 0 0 1 0 1 1 0 0 1 0 1 1 0 0 1 0 1 1 0 0 1 0 1 1 0 0 1 0 1 1 0 0 1 0 1 1 0 0 1 0 1 1 0 0 1 0 1 1 0 0 1 0 1 1 0 0 1 0 1 1 0 0 1 0 1 1 0 0 1 0 1 1 0 0 1 0 1 1 0 0 1 0 1 1 0 0 1 0 1 1 0 0 1 0 1 1 0 0 1 0 1 1 0 0 1 0 1 1 0 0 1 0 1 1 0 0 1 0 1 1 0 0 1 0 1 1 0 0 1 0 1 1 0 0 1 0 1 1 0 0 1 0 1 1 0 0 1 0 1 1 0 0 1 0 1 1 0 0 1 0 1 1 0 0 1 0 1 1 0 0 1 0 1 1 0 0 1 0 1 1 0 0 1 0 1 1 0 0 1 0 1 1 0 0 1 0 1 1 0 0 1 0 1 1 0 0 1 0 1 1 0 0 1 0 1 1 0 0 1 0 1 1 0 0 1 0 1 1 0 0 1 0 1 1 0 0 1 0 1 1 0 0 1 0 1 1 0 0 1 0 1 1 0 0 1 0 1 1 0 0 1 0 1 1 0 0 1 0 1 1 0 0 1 0 1 1 0 0 1 0 1 1 0 0 1 0 1 1 0 0 1 0 1 1 0 0 1 0 1 1 0 0 1 0 1 1 0 0 1 0 1 1 0 0 1 0 1 1 0 0 1 0 1 1 0 0 1 0 1 1 0 0 1 0 1 1 0 0 1 0 1 1 0 0 1 0 1 1 0 0 1 0 1 1 0 0 1 0 1 1 0 0 1 0 1 1 0 0 1 0 1 1 0 0 1 0 1 1 0 0 1 0 1 1 0 0 1 0 1 1 0 0 1 0 1 1 0 0 1 0 1 1 0 0 1 0 1 1 0 0 1 0 1 1 0 0 1 0 1 1 0 0 1 0 1 1 0 0 1 0 1 1 0 0 1 0 1 1 0 0 1 0 1 1 0 0 1 0 1 1 0 0 1 0 1 1 0 0 1 0 1 1 0 0 1 0 1 1 0 0 1 0 1 1 0 0 1 0 1 1 0 0 1 0 1 1 0 0 1 0 1 1 0 0 1 0 1 1 0 0 1 0 1 1 0 0 1 0 1 1 0 0 1 0 1 1 0 0 1 0 1 1 0 0 1 0 1 1 0 0 1 0 1 1 0 0 1 0 1 1 0 0 1 0 1 1 0 0 1 0 1 1 0 0 1 0 1 1 0 0 1 0 1 1 0 0 1 0 1 1 0 0 1 0 1 1 0 0 1 0 1 1 0 0 1 0 1 1 0 0 1 0 1 1 0 0 1 0 1 1 0 0 1 0 1 1 0 0 1 0 1 1 0 0 1 0 1 1 0 0 1 0 1 1 0 0 1 0 1 1 0 0 1 0 1 1 0 0 1 0 1 1 0 0 1 0 1 1 0 0 1 0 1 1 0 0 1 0 1 1 0 0 1 0 1 1 0 0 1 0 1 1 0 0 1 0 1 1 0 0 1 0 1 1 0 0 1 0 1 1 0 0 1 0 1 1 0 0 1 0 1 1 0 0 1 0 1 1 0 0 1 0 1 1 0 0 1 0 1 1 0 0 1 0 1 1 0 0 1 0 1 1 0 0 1 0 1 1 0 0 1 0 1 1 0 0 1 0 1 1 0 0 1 0 1 1 0 0 1 0 1 1 0 0 1 0 1 1 0 0 1 0 1 1 0 0 1 0 1 1 0 0 1 0 1 1 0 0 1 0 1 1 0 0 1 0 1 1 0 0 1 0 1 1 0 0 1 0 1 1 0 0 1 0 1 1 0 0 1 0 1 1 0 0 1 0 1 1 0 0 1 0 1 1 0 0 1 0 1 1 0 0 1 0 1 1 0 0 1 0 1 1 0 0 1 0 1 1 0 0 1 0 1 1 0 0 1 0 1 1 0 0 1 0 1 1 0 0 1 0 1 1 0 0 1 0 1 1 0 0 1 0 1 1 0 0 1 0 1 1 0 0 1 0 1 1 0 0 1 0 1 1 0 0 1 0 1 1 0 0 1 0 1 1 0 0 1 0 1 1 0 0 1 0 1 1 0 0 1 0 1 1 0 0 1 0 1 1 0 0 1 0 1 1 0 0 1 0 1 1 0 0 1 0 1 1 0 0 1 0 1 1 0 0 1 0 1 1 0 0 1 0 1 1 0 0 1 0 1 1 0 0 1 0 1 1 0 0 1 0 1 1 0 0 1 0 1 1 0 0 1 0 1 1 0 0 1 0 1 1 0 0 1 0 1 1 0 0 1 0 1 1 0 0 1 0 1 1 0 0 1 0 1 1 0 0 1 0 1 1 0 0 1 0 1 1 0 0 1 0 1 1 0 0 1 0 1 1 0 0 1 0 1 1 0 0 1 0 1 1 0 0 1 0 1 1 0 0 1 0 1 1 0 0 1 0 1 1 0 0 1 0 1 1 0 0 1 0 1 1 0 0 1 0 1 1 0 0 1 0 1 1 0 0 1 0 1 1 0 0 1 0 1 1 0 0 1 0 1 1 0 0 1 0 1 1 0 0 1 0 1 1 0 0 1 0 1 1 0 0 1 0 1 1 0 0 1 0 1 1 0 0 1 0 1 1 0 0 1 0 1 1 0 0 1 0 1 1 0 0 1 0 1 1 0 0 1 0 1 1 0 0 1 0 1 1 0 0 1 0 1 1 0 0 1 0 1 1 0 0 1 0 1 1 0 0 1 0 1 1 0 0 1 0 1 1 0 0 1 0 1 1 0 0 1 0 1 1 0 0 1 0 1 1 0 0 1 0 1 1 0 0 1 0 1 1 0 0 1 0 1 1 0 0 1 0 1 1 0 0 1 0 1 1 0 0 1 0 1 1 0 0 1 0 1 1 0 0 1 0 1 1 0 0 1 0 1 1 0 0 1 0 1 1 0 0 1 0 1 1 0 0 1 0 1 1 0 0 1 0 1 1 0 0 1 0 1 1 0 0 1 0 1 1 0 0 1 0 1 1 0 0 1 0 1 1 0 0 1 0 1 1 0 0 1 0 1 1 0 0 1 0 1 1 0 0 1 0 1 1 0 0 1 0 1 1 0 0 1 0 1 1 0 0 1 0 1 1 0 0 1 0 1 1 0 0 1 0 1 1 0 0 1 0 1 1 0 0 1 0 1 1 0 0 1 0 1 1 0 0 1 0 1 1 0 0 1 0 1 1 0 0 1 0 1 1 0 0 1 0 1 1 0 0 1 0 1 1 0 0 1 0 1 1 0 0 1 0 1 1 0 0 1 0 1 1 0 0 1 0 1 1 0 0 1 0 1 1 0 0 1 0 1 1 0 0 1 0 1 1 0 0 1 0 1 1 0 0 1 0 1 1 0 0 1 0 1 1 0 0 1 0 1 1 0 0 1 0 1 1 0 0 1 0 1 1 0 0 1 0 1 1 0 0 1 0 1 1 0 0 1 0 1 1 0 0 1 0 1 1 0 0 1 0 1 1 0 0 1 0 1 1 0 0 1 0 1 1 0 0 1 0 1 1 0 0 1 0 1 1 0 0 1 0 1 1 0 0 1 0 1 1 0 0 1 0 1 1 0 0 1 0 1 1 0 0 1 0 1 1 0 0 1 0 1 1 0 0 1 0 1 1 0 0 1 0 1 1 0 0 1 0 1 1 0 0 1 0 1 1 0 0 1 0 1 1 0 0 1 0 1 1 0 0 1 0 1 1 0 0 1 0 1 1 0 0 1 0 1 1 0 0 1 0 1 1 0 0 1 0 1 1 0 0 1 0 1 1 0 0 1 0 1 1 0 0 1 0 1 1 0 0 1 0 1 1 0 0 1 0 1 1 0 0 1 0 1 1 0 0 1 0 1 1 0 0 1 0 1 1 0 0 1 0 1 1 0 0 1 0 1 1 0 0 1 0 1 1 0 0 1 0 1 1 0 0 1 0 1 1 0 0 1 0 1 1 0 0 1 0 1 1 0 0 1 0 1 1 0 0 1 0 1 1 0 0 1 0 1 1 0 0 1 0 1 1 0 0 1 0 1 1 0 0 1 0 1 1 0 0 1 0 1 1 0 0 1 0 1 1 0 0 1 0 1 1 0 0 1 0 1 1 0 0 1 0 1 1 0 0 1 0 1 1 0 0 1 0 1 1 0 0 1 0 1 1 0 0 1 0 1 1 0 0 1 0 1 1 0 0 1 0 1 1 0 0 1 0 1 1 0 0 1 0 1 1 0 0 1 0 1 1 0 0 1 0 1 1 0 0 1 0 1 1 0 0 1 0 1 1 0 0 1 0 1 1 0 0 1 0 1 1 0 0 1 0 1 1 0 0 1 0 1 1 0 0 1 0 1 1 0 0 1 0 1 1 0 0 1 0 1 1 0 0 1 0 1 1 0 0 1 0 1 1 0 0 1 0 1 1 0 0 1 0 1 1 0 0 1 0 1 1 0 0 1 0 1 1 0 0 1 0 1 1 0 0 1 0 1 1 0 0 1 0 1 1 0 0 1 0 1 1 0 0 1 0 1 1 0 0 1 0 1 1 0 0 1 0 1 1 0 0 1 0 1 1 0 0 1 0 1 1 0 0 1 0 1 1 0 0 1 0 1 1 0 0 1 0 1 1 0 0 1 0 1 1 0 0 1 0 1 1 0 0 1 0 1 1 0 0 1 0 1 1 0 0 1 0 1 1 0 0 1 0 1 1 0 0 1 0 1 1 0 0 1 0 1 1 0 0 1 0 1 1 0 0 1 0 1 1 0 0 1 0 1 1 0 0 1 0 1 1 0 0 1 0 1 1 0 0 1 0 1 1 0 0 1 0 1 1 0 0 1 0 1 1 0 0 1 0 1 1 0 0 1 0 1 1 0 0 1 0 1 1 0 0 1 0 1 1 0 0 1 0 1 1 0 0 1 0 1 1 0 0 1 0 1 1 0 0 1 0 1 1 0 0 1 0 1 1 0 0 1 0 1 1 0 0 1 0 1 1 0 0 1 0 1 1 0 0 1 0 1 1 0 0 1 0 1 1 0 0 1 0 1 1 0 0 1 0 1 1 0 0 1 0 1 1 0 0 1 0 1 1 0 0 1 0 1 1 0 0 1 0 1 1 0 0 1 0 1 1 0 0 1 0 1 1 0 0 1 0 1 1 0 0 1 0 1 1 0 0 1 0 1 1 0 0 1 0 1 1 0 0 1 0 1 1 0 0 1 0 1 1 0 0 1 0 1 1 0 0 1 0 1 1 0 0 1 0 1 1 0 0 1 0 1 1 0 0 1 0 1 1 0 0 1 0 1 1 0 0 1 0 1 1 0 0 1 0 1 1 0 0 1 0 1 1 0 0 1 0 1 1 0 0 1 0 1 1 0 0 1 0 1 1 0 0 1 0 1 1 0 0 1 0 1 1 0 0 1 0 1 1 0 0 1 0 1 1 0 0 1 0 1 1 0 0 1 0 1 1 0 0 1 0 1 1 0 0 1 0 1 1 0 0 1 0 1 1 0 0 1 0 1 1 0 0 1 0 1 1 0 0 1 0 1 1 0 0 1 0 1 1 0 0 1 0 1 1 0 0 1 0 1 1 0 0 1 0 1 1 0 0 1 0 1 1 0 0 1 0 1 1 0 0 1 0 1 1 0 0 1 0 1 1 0 0 1 0 1 1 0 0 1 0 1 1 0 0 1 0 1 1 0 0 1 0 1 1 0 0 1 0 1 1 0 0 1 0 1 1 0 0 1 0 1 1 0 0 1 0 1 1 0 0 1 0 1 1 0 0 1 0 1 1 0 0 1 0 1 1 0 0 1 0 1 1 0 0 1 0 1 1 0 0 1 0 1 1 0 0 1 0 1 1 0 0 1 0 1 1 0 0 1 0 1 1 0 0 1 0 1 1 0 0 1 0 1 1 0 0 1 0 1 1 0 0 1 0 1 1 0 0 1 0 1 1 0 0 1 0 1 1 0 0 1 0 1 1 0 0 1 0 1 1 0 0 1 0 1 1 0 0 1 0 1 1 0 0 1 0 1 1 0 0 1 0 1 1 0 0 1 0 1 1 0 0 1 0 1 1 0 0 1 0 1 1 0 0 1 0 1 1 0 0 1 0 1 1 0 0 1 0 1 1 0 0 1 0 1 1 0 0 1 0 1 1 0 0 1 0 1 1 0 0 1 0 1 1 0 0 1 0 1 1 0 0 1 0 1 1 0 0 1 0 1 1 0 0 1 0 1 1 0 0 1 0 1 1 0 0 1 0 1 1 0 0 1 0 1 1 0 0 1 0 1 1 0 0 1 0 1 1 0 0 1 0 1 1 0 0 1 0 1 1 0 0 1 0 1 1 0 0 1 0 1 1 0 0 1 0 1 1 0 0 1 0 1 1 0 0 1 0 1 1 0 0 1 0 1 1 0 0 1 0 1 1 0 0 1 0 1 1 0 0 1 0 1 1 0 0 1 0 1 1 0 0 1 0 1 1 0 0 1 0 1 1 0 0 1 0 1 1 0 0 1 0 1 1 0 0 1 0 1 1 0 0 1 0 1 1 0 0 1 0 1 1 0 0 1 0 1 1 0 0 1 0 1 1 0 0 1 0 1 1 0 0 1 0 1 1 0 0 1 0 1 1 0 0 1 0 1 1 0 0 1 0 1 1 0 0 1 0 1 1 0 0 1 0 1 1 0 0 1 0 1 1 0 0 1 0 1 1 0 0 1 0 1 1 0 0 1 0 1 1 0 0 1 0 1 1 0 0 1 0 1 1 0 0 1 0 1 1 0 0 1 0 1 1 0 0 1 0 1 1 0 0 1 0 1 1 0 0 1 0 1 1 0 0 1 0 1 1 0 0 1 0 1 1 0 0 1 0 1 1 0 0 1 0 1 1 0 0 1 0 1 1 0 0 1 0 1 1 0 0 1 0 1 1 0 0 1 0 1 1 0 0 1 0 1 1 0 0 1 0 1 1 0 0 1 0 1 1 0 0 1 0 1 1 0 0 1 0 1 1 0 0 1 0 1 1 0 0 1 0 1 1 0 0 1 0 1 1 0 0 1 0 1 1 0 0 1 0 1 1 0 0 1 0 1 1 0 0 1 0 1 1 0 0 1 0 1 1 0 0 1 0 1 1 0 0 1 0 1 1 0 0 1 0 1 1 0 0 1 0 1 1 0 0 1 0 1 1 0 0 1 0 1 1 0 0 1 0 1 1 0 0 1 0 1 1 0 0 1 0 1 1 0 0 1 0 1 1 0 0 1 0 1 1 0 0 1 0 1 1 0 0 1 0 1 1 0 0 1 0 1 1 0 0 1 0 1 1 0 0 1 0 1 1 0 0 1 0 1 1 0 0 1 0 1 1 0 0 1 0 1 1 0 0 1 0 1 1 0 0 1 0 1 1 0 0 1 0 1 1 0 0 1 0 1 1 0 0 1 0 1 1 0 0 1 0 1 1 0 0 1 0 1 1 0 0 1 0 1 1 0 0 1 0 1 1 0 0 1 0 1 1 0 0 1 0 1 1 0 0 1 0 1 1 0 0 1 0 1 1 0 0 1 0 1 1 0 0 1 0 1 1 0 0 1 0 1 1 0 0 1 0 1 1 0 0 1 0 1 1 0 0 1 0 1 1 0 0 1 0 1 1 0 0 1 0 1 1 0 0 1 0 1 1 0 0 1 0 1 1 0 0 1 0 1 1 0 0 1 0 1 1 0 0 1 0 1 1 0 0 1 0 1 1 0 0 1 0 1 1 0 0 1 0 1 1 0 0 1 0 1 1 0 0 1 0 1 1 0 0 1 0 1 1 0 0 1 0 1 1 0 0 1 0 1 1 0 0 1 0 1 1 0 0 1 0 1 1 0 0 1 0 1 1 0 0 1 0 1 1 0 0 1 0 1 1 0 0 1 0 1 1 0 0 1 0 1 1 0 0 1 0 1 1 0 0 1 0 1 1 0 0 1 0 1 1 0 0 1 0 1 1 0 0 1 0 1 1 0 0 1 0 1 1 0 0 1 0 1 1 0 0 1 0 1 1 0 0 1 0 1 1 0 0 1 0 1 1 0 0 1 0 1 1 0 0 1 0 1 1 0 0 1 0 1 1 0 0 1 0 1 1 0 0 1 0 1 1 0 0 1 0 1 1 0 0 1 0 1 1 0 0 1 0 1 1 0 0 1 0 1 1 0 0 1 0 1 1 0 0 1 0 1 1 0 0 1 0 1 1 0 0 1 0 1 1 0 0 1 0 1 1 0 0 1 0 1 1 0 0 1 0 1 1 0 0 1 0 1 1 0 0 1 0 1 1 0 0 1 0 1 1 0 0 1 0 1 1 0 0 1 0 1 1 0 0 1 0 1 1 0 0 1 0 1 1 0 0 1 0 1 1 0 0 1 0 1 1 0 0 1 0 1 1 0 0 1 0 1 1 0 0 1 0 1 1 0 0 1 0 1 1 0 0 1 0 1 1 0 0 1 0 1 1 0 0 1 0 1 1 0 0 1 0 1 1 0 0 1 0 1 1 0 0 1 0 1 1 0 0 1 0 1 1 0 0 1 0 1 1 0 0 1 0 1 1 0 0 1 0 1 1 0 0 1 0 1 1 0 0 1 0 1 1 0 0 1 0 1 1 0 0 1 0 1 1 0 0 1 0 1 1 0 0 1 0 1 1 0 0 1 0 1 1 0 0 1 0 1 1 0 0 1 0 1 1 0 0 1 0 1 1 0 0 1 0 1 1 0 0 1 0 1 1 0 0 1 0 1 1 0 0 1 0 1 1 0 0 1 0 1 1 0 0 1 0 1 1 0 0 1 0 1 1 0 0 1 0 1 1 0 0 1 0 1 1 0 0 1 0 1 1 0 0 1 0 1 1 0 0 1 0 1 1 0 0 1 0 1 1 0 0 1 0 1 1 0 0 1 0 1 1 0 0 1 0 1 1 0 0 1 0 1 1 0 0 1 0 1 1 0 0 1 0 1 1 0 0 1 0 1 1 0 0 1 0 1 1 0 0 1 0 1 1 0 0 1 0 1 1 0 0 1 0 1 1 0 0 1 0 1 1 0 0 1 0 1 1 0 0 1 0 1 1 0 0 1 0 1 1 0 0 1 0 1 1 0 0 1 0 1 1 0 0 1 0 1 1 0 0 1 0 1 1 0 0 1 0 1 1 0 0 1 0 1 1 0 0 1 0 1 1 0 0 1 0 1 1 0 0 1 0 1 1 0 0 1 0 1 1 0 0 1 0 1 1 0 0 1 0 1 1 0 0 1 0 1 1 0 0 1 0 1 1 0 0 1 0 1 1 0 0 1 0 1 1 0 0 1 0 1 1 0 0 1 0 1 1 0 0 1 0 1 1 0 0 1 0 1 1 0 0 1 0 1 1 0 0 1 0 1 1 0 0 1 0 1 1 0 0 1 0 1 1 0 0 1 0 1 1 0 0 1 0 1 1 0 0 1 0 1 1 0 0 1 0 1 1 0 0 1 0 1 1 0 0 1 0 1 1 0 0 1 0 1 1 0 0 1 0 1 1 0 0 1 0 1 1 0 0 1 0 1 1 0 0 1 0 1 1 0 0 1 0 1 1 0 0 1 0 1 1 0 0 1 0 1 1 0 0 1 0 1 1 0 0 1 0 1 1 0 0 1 0 1 1 0 0 1 0 1 1 0 0 1 0 1 1 0 0 1 0 1 1 0 0 1 0 1 1 0 0 1 0 1 1 0 0 1 0 1 1 0 0 1 0 1 1 0 0 1 0 1 1 0 0 1 0 1 1 0 0 1 0 1 1 0 0 1 0 1 1 0 0 1 0 1 1 0 0 1 0 1 1 0 0 1 0 1 1 0 0 1 0 1 1 0 0 1 0 1 1 0 0 1 0 1 1 0 0 1 0 1 1 0 0 1 0 1 1 0 0 1 0 1 1 0 0 1 0 1 1 0 0 1 0 1 1 0 0 1 0 1 1 0 0 1 0 1 1 0 0 1 0 1 1 0 0 1 0 1 1 0 0 1 0 1 1 0 0 1 0 1 1 0 0 1 0 1 1 0 0 1 0 1 1 0 0 1 0 1 1 0 0 1 0 1 1 0 0 1 0 1 1 0 0 1 0 1 1 0 0 1 0 1 1 0 0 1 0 1 1 0 0 1 0 1 1 0 0 1 0 1 1 0 0 1 0 1 1 0 0 1 0 1 1 0 0 1 0 1 1 0 0 1 0 1 1 0 0 1 0 1 1 0 0 1 0 1 1 0 0 1 0 1 1 0 0 1 0 1 1 0 0 1 0 1 1 0 0 1 0 1 1 0 0 1 0 1 1 0 0 1 0 1 1 0 0 1 0 1 1 0 0 1 0 1 1 0 0 1 0 1 1 0 0 1 0 1 1 0 0 1 0 1 1 0 0 1 0 1 1 0 0 1 0 1 1 0 0 1 0 1 1 0 0 1 0 1 1 0 0 1 0 1 1 0 0 1 0 1 1 0 0 1 0 1 1 0 0 1 0 1 1 0 0 1 0 1 1 0 0 1 0 1 1 0 0 1 0 1 1 0 0 1 0 1 1 0 0 1 0 1 1 0 0 1 0 1 1 0 0 1 0 1 1 0 0 1 0 1 1 0 0 1 0 1 1 0 0 1 0 1 1 0 0 1 0 1 1 0 0 1 0 1 1 0 0 1 0 1 1 0 0 1 0 1 1 0 0 1 0 1 1 0 0 1 0 1 1 0 0 1 0 1 1 0 0 1 0 1 1 0 0 1 0 1 1 0 0 1 0 1 1 0 0 1 0 1 1 0 0 1 0 1 1 0 0 1 0 1 1 0 0 1 0 1 1 0 0 1 0 1 1 0 0 1 0 1 1 0 0 1 0 1 1 0 0 1 0 1 1 0 0 1 0 1 1 0 0 1 0 1 1 0 0 1 0 1 1 0 0 1 0 1 1 0 0 1 0 1 1 0 0 1 0 1 1 0 0 1 0 1 1 0 0 1 0 1 1 0 0 1 0 1 1 0 0 1 0 1 1 0 0 1 0 1 1 0 0 1 0 1 1 0 0 1 0 1 1 0 0 1 0 1 1 0 0 1 0 1 1 0 0 1 0 1 1 0 0 1 0 1 1 0 0 1 0 1 1 0 0 1 0 1 1 0 0 1 0 1 1 0 0 1 0 1 1 0 0 1 0 1 1 0 0 1 0 1 1 0 0 1 0 1 1 0 0 1 0 1 1 0 0 1 0 1 1 0 0 1 0 1 1 0 0 1 0 1 1 0 0 1 0 1 1 0 0 1 0 1 1 0 0 1 0 1 1 0 0 1 0 1 1 0 0 1 0 1 1 0 0 1 0 1 1 0 0 1 0 1 1 0 0 1 0 1 1 0 0 1 0 1 1 0 0 1 0 1 1 0 0 1 0 1 1 0 0 1 0 1 1 0 0 1 0 1 1 0 0 1 0 1 1 0 0 1 0 1 1 0 0 1 0 1 1 0 0 1 0 1 1 0 0 1 0 1 1 0 0 1 0 1 1 0 0 1 0 1 1 0 0 1 0 1 1 0 0 1 0 1 1 0 0 1 0 1 1 0 0 1 0 1 1 0 0 1 0 1 1 0 0 1 0 1 1 0 0 1 0 1 1 0 0 1 0 1 1 0 0 1 0 1 1 0 0 1 0 1 1 0 0 1 0 1 1 0 0 1 0 1 1 0 0 1 0 1 1 0 0 1 0 1 1 0 0 1 0 1 1 0 0 1 0 1 1 0 0 1 0 1 1 0 0 1 0 1 1 0 0 1 0 1 1 0 0 1 0 1 1 0 0 1 0 1 1 0 0 1 0 1 1 0 0 1 0 1 1 0 0 1 0 1 1 0 0 1 0 1 1 0 0 1 0 1 1 0 0 1 0 1 1 0 0 1 0 1 1 0 0 1 0 1 1 0 0 1 0 1 1 0 0 1 0 1 1 0 0 1 0 1 1 0 0 1 0 1 1 0 0 1 0 1 1 0 0 1 0 1 1 0 0 1 0 1 1 0 0 1 0 1 1 0 0 1 0 1 1 0 0 1 0 1 1 0 0 1 0 1 1 0 0 1 0 1 1 0 0 1 0 1 1 0 0 1 0 1 1 0 0 1 0 1 1 0 0 1 0 1 1 0 0 1 0 1 1 0 0 1 0 1 1 0 0 1 0 1 1 0 0 1 0 1 1 0 0 1 0 1 1 0 0 1 0 1 1 0 0 1 0 1 1 0 0 1 0 1 1 0 0 1 0 1 1 0 0 1 0 1 1 0 0 1 0 1 1 0 0 1 0 1 1 0 0 1 0 1 1 0 0 1 0 1 1 0 0 1 0 1 1 0 0 1 0 1 1 0 0 1 0 1 1 0 0 1 0 1 1 0 0 1 0 1 1 0 0 1 0 1 1 0 0 1 0 1 1 0 0 1 0 1 1 0 0 1 0 1 1 0 0 1 0 1 1 0 0 1 0 1 1 0 0 1 0 1 1 0 0 1 0 1 1 0 0 1 0 1 1 0 0 1 0 1 1 0 0 1 0 1 1 0 0 1 0 1 1 0 0 1 0 1 1 0 0 1 0 1 1 0 0 1 0 1 1 0 0 1 0 1 1 0 0 1 0 1 1 0 0 1 0 1 1 0 0 1 0 1 1 0 0 1 0 1 1 0 0 1 0 1 1 0 0 1 0 1 1 0 0 1 0 1 1 0 0 1 0 1 1 0 0 1 0 1 1 0 0 1 0 1 1 0 0 1 0 1 1 0 0 1 0 1 1 0 0 1 0 1 1 0 0 1 0 1 1 0 0 1 0 1 1 0 0 1 0 1 1 0 0 1 0 1 1 0 0 1 0 1 1 0 0 1 0 1 1 0 0 1 0 1 1 0 0 1 0 1 1 0 0 1 0 1 1 0 0 1 0 1 1 0 0 1 0 1 1 0 0 1 0 1 1 0 0 1 0 1 1 0 0 1 0 1 1 0 0 1 0 1 1 0 0 1 0 1 1 0 0 1 0 1 1 0 0 1 0 1 1 0 0 1 0 1 1 0 0 1 0 1 1 0 0 1 0 1 1 0 0 1 0 1 1 0 0 1 0 1 1 0 0 1 0 1 1 0 0 1 0 1 1 0 0 1 0 1 1 0 0 1 0 1 1 0 0 1 0 1 1 0 0 1 0 1 1 0 0 1 0 1 1 0 0 1 0 1 1 0 0 1 0 1 1 0 0 1 0 1 1 0 0 1 0 1 1 0 0 1 0 1 1 0 0 1 0 1 1 0 0 1 0 1 1 0 0 1 0 1 1 0 0 1 0 1 1 0 0 1 0 1 1 0 0 1 0 1 1 0 0 1 0 1 1 0 0 1 0 1 1 0 0 1 0 1 1 0 0 1 0 1 1 0 0 1 0 1 1 0 0 1 0 1 1 0 0 1 0 1 1 0 0 1 0 1 1 0 0 1 0 1 1 0 0 1 0 1 1 0 0 1 0 1 1 0 0 1 0 1 1 0 0 1 0 1 1 0 0 1 0 1 1 0 0 1 0 1 1 0 0 1 0 1 1 0 0 1 0 1 1 0 0 1 0 1 1 0 0 1 0 1 1 0 0 1 0 1 1 0 0 1 0 1 1 0 0 1 0 1 1 0 0 1 0 1 1 0 0 1 0 1 1 0 0 1 0 1 1 0 0 1 0 1 1 0 0 1 0 1 1 0 0 1 0 1 1 0 0 1 0 1 1 0 0 1 0 1 1 0 0 1 0 1 1 0 0 1 0 1 1 0 0 1 0 1 1 0 0 1 0 1 1 0 0 1 0 1 1 0 0 1 0 1 1 0 0 1 0 1 1 0 0 1 0 1 1 0 0 1 0 1 1 0 0 1 0 1 1 0 0 1 0 1 1 0 0 1 0 1 1 0 0 1 0 1 1 0 0 1 0 1 1 0 0 1 0 1 1 0 0 1 0 1 1 0 0 1 0 1 1 0 0 1 0 1 1 0 0 1 0 1 1 0 0 1 0 1 1 0 0 1 0 1 1 0 0 1 0 1 1 0 0 1 0 1 1 0 0 1 0 1 1 0 0 1 0 1 1 0 0 1 0 1 1 0 0 1 0 1 1 0 0 1 0 1 1 0 0 1 0 1 1 0 0 1 0 1 1 0 0 1 0 1 1 0 0 1 0 1 1 0 0 1 0 1 1 0 0 1 0 1 1 0 0 1 0 1 1 0 0 1 0 1 1 0 0 1 0 1 1 0 0 1 0 1 1 0 0 1 0 1 1 0 0 1 0 1 1 0 0 1 0 1 1 0 0 1 0 1 1 0 0 1 0 1 1 0 0 1 0 1 1 0 0 1 0 1 1 0 0 1 0 1 1 0 0 1 0 1 1 0 0 1 0 1 1 0 0 1 0 1 1 0 0 1 0 1 1 0 0 1 0 1 1 0 0 1 0 1 1 0 0 1 0 1 1 0 0 1 0 1 1 0 0 1 0 1 1 0 0 1 0 1 1 0 0 1 0 1 1 0 0 1 0 1 1 0 0 1 0 1 1 0 0 1 0 1 1 0 0 1 0 1 1 0 0 1 0 1 1 0 0 1 0 1 1 0 0 1 0 1 1 0 0 1 0 1 1 0 0 1 0 1 1 0 0 1 0 1 1 0 0 1 0 1 1 0 0 1 0 1 1 0 0 1 0 1 1 0 0 1 0 1 1 0 0 1 0 1 1 0 0 1 0 1 1 0 0 1 0 1 1 0 0 1 0 1 1 0 0 1 0 1 1 0 0 1 0 1 1 0 0 1 0 1 1 0 0 1 0 1 1 0 0 1 0 1 1 0 0 1 0 1 1 0 0 1 0 1 1 0 0 1 0 1 1 0 0 1 0 1 1 0 0 1 0 1 1 0 0 1 0 1 1 0 0 1 0 1 1 0 0 1 0 1 1 0 0 1 0 1 1 0 0 1 0 1 1 0 0 1 0 1 1 0 0 1 0 1 1 0 0 1 0 1 1 0 0 1 0 1 1 0 0 1 0 1 1 0 0 1 0 1 1 0 0 1 0 1 1 0 0 1 0 1 1 0 0 1 0 1 1 0 0 1 0 1 1 0 0 1 0 1 1 0 0 1 0 1 1 0 0 1 0 1 1 0 0 1 0 1 1 0 0 1 0 1 1 0 0 1 0 1 1 0 0 1 0 1 1 0 0 1 0 1 1 0 0 1 0 1 1 0 0 1 0 1 1 0 0 1 0 1 1 0 0 1 0 1 1 0 0 1 0 1 1 0 0 1 0 1 1 0 0 1 0 1 1 0 0 1 0 1 1 0 0 1 0 1 1 0 0 1 0 1 1 0 0 1 0 1 1 0 0 1 0 1 1 0 0 1 0 1 1 0 0 1 0 1 1 0 0 1 0 1 1 0 0 1 0 1 1 0 0 1 0 1 1 0 0 1 0 1 1 0 0 1 0 1 1 0 0 1 0 1 1 0 0 1 0 1 1 0 0 1 0 1 1 0 0 1 0 1 1 0 0 1 0 1 1 0 0 1 0 1 1 0 0 1 0 1 1 0 0 1 0 1 1 0 0 1 0 1 1 0 0 1 0 1 1 0 0 1 0 1 1 0 0 1 0 1 1 0 0 1 0 1 1 0 0 1 0 1 1 0 0 1 0 1 1 0 0 1 0 1 1 0 0 1 0 1 1 0 0 1 0 1 1 0 0 1 0 1 1 0 0 1 0 1 1 0 0 1 0 1 1 0 0 1 0 1 1 0 0 1 0 1 1 0 0 1 0 1 1 0 0 1 0 1 1 0 0 1 0 1 1 0 0 1 0 1 1 0 0 1 0 1 1 0 0 1 0 1 1 0 0 1 0 1 1 0 0 1 0 1 1 0 0 1 0 1 1 0 0 1 0 1 1 0 0 1 0 1 1 0 0 1 0 1 1 0 0 1 0 1 1 0 0 1 0 1 1 0 0 1 0 1 1 0 0 1 0 1 1 0 0 1 0 1 1 0 0 1 0 1 1 0 0 1 0 1 1 0 0 1 0 1 1 0 0 1 0 1 1 0 0 1 0 1 1 0 0 1 0 1 1 0 0 1 0 1 1 0 0 1 0 1 1 0 0 1 0 1 1 0 0 1 0 1 1 0 0 1 0 1 1 0 0 1 0 1 1 0 0 1 0 1 1 0 0 1 0 1 1 0 0 1 0 1 1 0 0 1 0 1 1 0 0 1 0 1 1 0 0 1 0 1 1 0 0 1 0 1 1 0 0 1 0 1 1 0 0 1 0 1 1 0 0 1 0 1 1 0 0 1 0 1 1 0 0 1 0 1 1 0 0 1 0 1 1 0 0 1 0 1 1 0 0 1 0 1 1 0 0 1 0 1 1 0 0 1 0 1 1 0 0 1 0 1 1 0 0 1 0 1 1 0 0 1 0 1 1 0 0 1 0 1 1 0 0 1 0 1 1 0 0 1 0 1 1 0 0 1 0 1 1 0 0 1 0 1 1 0 0 1 0 1 1 0 0 1 0 1 1 0 0 1 0 1 1 0 0 1 0 1 1 0 0 1 0 1 1 0 0 1 0 1 1 0 0 1 0 1 1 0 0 1 0 1 1 0 0 1 0 1 1 0 0 1 0 1 1 0 0 1 0 1 1 0 0 1 0 1 1 0 0 1 0 1 1 0 0 1 0 1 1 0 0 1 0 1 1 0 0 1 0 1 1 0 0 1 0 1 1 0 0 1 0 1 1 0 0 1 0 1 1 0 0 1 0 1 1 0 0 1 0 1 1 0 0 1 0 1 1 0 0 1 0 1 1 0 0 1 0 1 1 0 0 1 0 1 1 0 0 1 0 1 1 0 0 1 0 1 1 0 0 1 0 1 1 0 0 1 0 1 1 0 0 1 0 1 1 0 0 1 0 1 1 0 0 1 0 1 1 0 0 1 0 1 1 0 0 1 0 1 1 0 0 1 0 1 1 0 0 1 0 1 1 0 0 1 0 1 1 0 0 1 0 1 1 0 0 1 0 1 1 0 0 1 0 1 1 0 0 1 0 1 1 0 0 1 0 1 1 0 0 1 0 1 1 0 0 1 0 1 1 0 0 1 0 1 1 0 0 1 0 1 1 0 0 1 0 1 1 0 0 1 0 1 1 0 0 1 0 1 1 0 0 1 0 1 1 0 0 1 0 1 1 0 0 1 0 1 1 0 0 1 0 1 1 0 0 1 0 1 1 0 0 1 0 1 1 0 0 1 0 1 1 0 0 1 0 1 1 0 0 1 0 1 1 0 0 1 0 1 1 0 0 1 0 1 1 0 0 1 0 1 1 0 0 1 0 1 1 0 0 1 0 1 1 0 0 1 0 1 1 0 0 1 0 1 1 0 0 1 0 1 1 0 0 1 0 1 1 0 0 1 0 1 1 0 0 1 0 1 1 0 0 1 0 1 1 0 0 1 0 1 1 0 0 1 0 1 1 0 0 1 0 1 1 0 0 1 0 1 1 0 0 1 0 1 1 0 0 1 0 1 1 0 0 1 0 1 1 0 0 1 0 1 1 0 0 1 0 1 1 0 0 1 0 1 1 0 0 1 0 1 1 0 0 1 0 1 1 0 0 1 0 1 1 0 0 1 0 1 1 0 0 1 0 1 1 0 0 1 0 1 1 0 0 1 0 1 1 0 0 1 0 1 1 0 0 1 0 1 1 0 0 1 0 1 1 0 0 1 0 1 1 0 0 1 0 1 1 0 0 1 0 1 1 0 0 1 0 1 1 0 0 1 0 1 1 0 0 1 0 1 1 0 0 1 0 1 1 0 0 1 0 1 1 0 0 1 0 1 1 0 0 1 0 1 1 0 0 1 0 1 1 0 0 1 0 1 1 0 0 1 0 1 1 0 0 1 0 1 1 0 0 1 0 1 1 0 0 1 0 1 1 0 0 1 0 1 1 0 0 1 0 1 1 0 0 1 0 1 1 0 0 1 0 1 1 0 0 1 0 1 1 0 0 1 0 1 1 0 0 1 0 1 1 0 0 1 0 1 1 0 0 1 0 1 1 0 0 1 0 1 1 0 0 1 0 1 1 0 0 1 0 1 1 0 0 1 0 1 1 0 0 1 0 1 1 0 0 1 0 1 1 0 0 1 0 1 1 0 0 1 0 1 1 0 0 1 0 1 1 0 0 1 0 1 1 0 0 1 0 1 1 0 0 1 0 1 1 0 0 1 0 1 1 0 0 1 0 1 1 0 0 1 0 1 1 0 0 1 0 1 1 0 0 1 0 1 1 0 0 1 0 1 1 0 0 1 0 1 1 0 0 1 0 1 1 0 0 1 0 1 1 0 0 1 0 1 1 0 0 1 0 1 1 0 0 1 0 1 1 0 0 1 0 1 1 0 0 1 0 1 1 0 0 1 0 1 1 0 0 1 0 1 1 0 0 1 0 1 1 0 0 1 0 1 1 0 0 1 0 1 1 0 0 1 0 1 1 0 0 1 0 1 1 0 0 1 0 1 1 0 0 1 0 1 1 0 0 1 0 1 1 0 0 1 0 1 1 0 0 1 0 1 1 0 0 1 0 1 1 0 0 1 0 1 1 0 0 1 0 1 1 0 0 1 0 1 1 0 0 1 0 1 1 0 0 1 0 1 1 0 0 1 0 1 1 0 0 1 0 1 1 0 0 1 0 1 1 0 0 1 0 1 1 0 0 1 0 1 1 0 0 1 0 1 1 0 0 1 0 1 1 0 0 1 0 1 1 0 0 1 0 1 1 0 0 1 0 1 1 0 0 1 0 1 1 0 0 1 0 1 1 0 0 1 0 1 1 0 0 1 0 1 1 0 0 1 0 1 1 0 0 1 0 1 1 0 0 1 0 1 1 0 0 1 0 1 1 0 0 1 0 1 1 0 0 1 0 1 1 0 0 1 0 1 1 0 0 1 0 1 1 0 0 1 0 1 1 0 0 1 0 1 1 0 0 1 0 1 1 0 0 1 0 1 1 0 0 1 0 1 1 0 0 1 0 1 1 0 0 1 0 1 1 0 0 1 0 1 1 0 0 1 0 1 1 0 0 1 0 1 1 0 0 1 0 1 1 0 0 1 0 1 1 0 0 1 0 1 1 0 0 1 0 1 1 0 0 1 0 1 1 0 0 1 0 1 1 0 0 1 0 1 1 0 0 1 0 1 1 0 0 1 0 1 1 0 0 1 0 1 1 0 0 1 0 1 1 0 0 1 0 1 1 0 0 1 0 1 1 0 0 1 0 1 1 0 0 1 0 1 1 0 0 1 0 1 1 0 0 1 0 1 1 0 0 1 0 1 1 0 0 1 0 1 1 0 0 1 0 1 1 0 0 1 0 1 1 0 0 1 0 1 1 0 0 1 0 1 1 0 0 1 0 1 1 0 0 1 0 1 1 0 0 1 0 1 1 0 0 1 0 1 1 0 0 1 0 1 1 0 0 1 0 1 1 0 0 1 0 1 1 0 0 1 0 1 1 0 0 1 0 1 1 0 0 1 0 1 1 0 0 1 0 1 1 0 0 1 0 1 1 0 0 1 0 1 1 0 0 1 0 1 1 0 0 1 0 1 1 0 0 1 0 1 1 0 0 1 0 1 1 0 0 1 0 1 1 0 0 1 0 1 1 0 0 1 0 1 1 0 0 1 0 1 1 0 0 1 0 1 1 0 0 1 0 1 1 0 0 1 0 1 1 0 0 1 0 1 1 0 0 1 0 1 1 0 0 1 0 1 1 0 0 1 0 1 1 0 0 1 0 1 1 0 0 1 0 1 1 0 0 1 0 1 1 0 0 1 0 1 1 0 0 1 0 1 1 0 0 1 0 1 1 0 0 1 0 1 1 0 0 1 0 1 1 0 0 1 0 1 1 0 0 1 0 1 1 0 0 1 0 1 1 0 0 1 0 1 1 0 0 1 0 1 1 0 0 1 0 1 1 0 0 1 0 1 1 0 0 1 0 1 1 0 0 1 0 1 1 0 0 1 0 1 1 0 0 1 0 1 1 0 0 1 0 1 1 0 0 1 0 1 1 0 0 1 0 1 1 0 0 1 0 1 1 0 0 1 0 1 1 0 0 1 0 1 1 0 0 1 0 1 1 0 0 1 0 1 1 0 0 1 0 1 1 0 0 1 0 1 1 0 0 1 0 1 1 0 0 1 0 1 1 0 0 1 0 1 1 0 0 1 0 1 1 0 0 1 0 1 1 0 0 1 0 1 1 0 0 1 0 1 1 0 0 1 0 1 1 0 0 1 0 1 1 0 0 1 0 1 1 0 0 1 0 1 1 0 0 1 0 1 1 0 0 1 0 1 1 0 0 1 0 1 1 0 0 1 0 1 1 0 0 1 0 1 1 0 0 1 0 1 1 0 0 1 0 1 1 0 0 1 0 1 1 0 0 1 0 1 1 0 0 1 0 1 1 0 0 1 0 1 1 0 0 1 0 1 1 0 0 1 0 1 1 0 0 1 0 1 1 0 0 1 0 1 1 0 0 1 0 1 1 0 0 1 0 1 1 0 0 1 0 1 1 0 0 1 0 1 1 0 0 1 0 1 1 0 0 1 0 1 1 0 0 1 0 1 1 0 0 1 0 1 1 0 0 1 0 1 1 0 0 1 0 1 1 0 0 1 0 1 1 0 0 1 0 1 1 0 0 1 0 1 1 0 0 1 0 1 1 0 0 1 0 1 1 0 0 1 0 1 1 0 0 1 0 1 1 0 0 1 0 1 1 0 0 1 0 1 1 0 0 1 0 1 1 0 0 1 0 1 1 0 0 1 0 1 1 0 0 1 0 1 1 0 0 1 0 1 1 0 0 1 0 1 1 0 0 1 0 1 1 0 0 1 0 1 1 0 0 1 0 1 1 0 0 1 0 1 1 0 0 1 0 1 1 0 0 1 0 1 1 0 0 1 0 1 1 0 0 1 0 1 1 0 0 1 0 1 1 0 0 1 0 1 1 0 0 1 0 1 1 0 0 1 0 1 1 0 0 1 0 1 1 0 0 1 0 1 1 0 0 1 0 1 1 0 0 1 0 1 1 0 0 1 0 1 1 0 0 1 0 1 1 0 0 1 0 1 1 0 0 1 0 1 1 0 0 1 0 1 1 0 0 1 0 1 1 0 0 1 0 1 1 0 0 1 0 1 1 0 0 1 0 1 1 0 0 1 0 1 1 0 0 1 0 1 1 0 0 1 0 1 1 0 0 1 0 1 1 0 0 1 0 1 1 0 0 1 0 1 1 0 0 1 0 1 1 0 0 1 0 1 1 0 0 1 0 1 1 0 0 1 0 1 1 0 0 1 0 1 1 0 0 1 0 1 1 0 0 1 0 1 1 0 0 1 0 1 1 0 0 1 0 1 1 0 0 1 0 1 1 0 0 1 0 1 1 0 0 1 0 1 1 0 0 1 0 1 1 0 0 1 0 1 1 0 0 1 0 1 1 0 0 1 0 1 1 0 0 1 0 1 1 0 0 1 0 1 1 0 0 1 0 1 1 0 0 1 0 1 1 0 0 1 0 1 1 0 0 1 0 1 1 0 0 1 0 1 1 0 0 1 0 1 1 0 0 1 0 1 1 0 0 1 0 1 1 0 0 1 0 1 1 0 0 1 0 1 1 0 0 1 0 1 1 0 0 1 0 1 1 0 0 1 0 1 1 0 0 1 0 1 1 0 0 1 0 1 1 0 0 1 0 1 1 0 0 1 0 1 1 0 0 1 0 1 1 0 0 1 0 1 1 0 0 1 0 1 1 0 0 1 0 1 1 0 0 1 0 1 1 0 0 1 0 1 1 0 0 1 0 1 1 0 0 1 0 1 1 0 0 1 0 1 1 0 0 1 0 1 1 0 0 1 0 1 1 0 0 1 0 1 1 0 0 1 0 1 1 0 0 1 0 1 1 0 0 1 0 1 1 0 0 1 0 1 1 0 0 1 0 1 1 0 0 1 0 1 1 0 0 1 0 1 1 0 0 1 0 1 1 0 0 1 0 1 1 0 0 1 0 1 1 0 0 1 0 1 1 0 0 1 0 1 1 0 0 1 0 1 1 0 0 1 0 1 1 0 0 1 0 1 1 0 0 1 0 1 1 0 0 1 0 1 1 0 0 1 0 1 1 0 0 1 0 1 1 0 0 1 0 1 1 0 0 1 0 1 1 0 0 1 0 1 1 0 0 1 0 1 1 0 0 1 0 1 1 0 0 1 0 1 1 0 0 1 0 1 1 0 0 1 0 1 1 0 0 1 0 1 1 0 0 1 0 1 1 0 0 1 0 1 1 0 0 1 0 1 1 0 0 1 0 1 1 0 0 1 0 1 1 0 0 1 0 1 1 0 0 1 0 1 1 0 0 1 0 1 1 0 0 1 0 1 1 0 0 1 0 1 1 0 0 1 0 1 1 0 0 1 0 1 1 0 0 1 0 1 1 0 0 1 0 1 1 0 0 1 0 1 1 0 0 1 0 1 1 0 0 1 0 1 1 0 0 1 0 1 1 0 0 1 0 1 1 0 0 1 0 1 1 0 0 1 0 1 1 0 0 1 0 1 1 0 0 1 0 1 1 0 0 1 0 1 1 0 0 1 0 1 1 0 0 1 0 1 1 0 0 1 0 1 1 0 0 1 0 1 1 0 0 1 0 1 1 0 0 1 0 1 1 0 0 1 0 1 1 0 0 1 0 1 1 0 0 1 0 1 1 0 0 1 0 1 1 0 0 1 0 1 1 0 0 1 0 1 1 0 0 1 0 1 1 0 0 1 0 1 1 0 0 1 0 1 1 0 0 1 0 1 1 0 0 1 0 1 1 0 0 1 0 1 1 0 0 1 0 1 1 0 0 1 0 1 1 0 0 1 0 1 1 0 0 1 0 1 1 0 0 1 0 1 1 0 0 1 0 1 1 0 0 1 0 1 1 0 0 1 0 1 1 0 0 1 0 1 1 0 0 1 0 1 1 0 0 1 0 1 1 0 0 1 0 1 1 0 0 1 0 1 1 0 0 1 0 1 1 0 0 1 0 1 1 0 0 1 0 1 1 0 0 1 0 1 1 0 0 1 0 1 1 0 0 1 0 1 1 0 0 1 0 1 1 0 0 1 0 1 1 0 0 1 0 1 1 0 0 1 0 1 1 0 0 1 0 1 1 0 0 1 0 1 1 0 0 1 0 1 1 0 0 1 0 1 1 0 0 1 0 1 1 0 0 1 0 1 1 0 0 1 0 1 1 0 0 1 0 1 1 0 0 1 0 1 1 0 0 1 0 1 1 0 0 1 0 1 1 0 0 1 0 1 1 0 0 1 0 1 1 0 0 1 0 1 1 0 0 1 0 1 1 0 0 1 0 1 1 0 0 1 0 1 1 0 0 1 0 1 1 0 0 1 0 1 1 0 0 1 0 1 1 0 0 1 0 1 1 0 0 1 0 1 1 0 0 1 0 1 1 0 0 1 0 1 1 0 0 1 0 1 1 0 0 1 0 1 1 0 0 1 0 1 1 0 0 1 0 1 1 0 0 1 0 1 1 0 0 1 0 1 1 0 0 1 0 1 1 0 0 1 0 1 1 0 0 1 0 1 1 0 0 1 0 1 1 0 0 1 0 1 1 0 0 1 0 1 1 0 0 1 0 1 1 0 0 1 0 1 1 0 0 1 0 1 1 0 0 1 0 1 1 0 0 1 0 1 1 0 0 1 0 1 1 0 0 1 0 1 1 0 0 1 0 1 1 0 0 1 0 1 1 0 0 1 0 1 1 0 0 1 0 1 1 0 0 1 0 1 1 0 0 1 0 1 1 0 0 1 0 1 1 0 0 1 0 1 1 0 0 1 0 1 1 0 0 1 0 1 1 0 0 1 0 1 1 0 0 1 0 1 1 0 0 1 0 1 1 0 0 1 0 1 1 0 0 1 0 1 1 0 0 1 0 1 1 0 0 1 0 1 1 0 0 1 0 1 1 0 0 1 0 1 1 0 0 1 0 1 1 0 0 1 0 1 1 0 0 1 0 1 1 0 0 1 0 1 1 0 0 1 0 1 1 0 0 1 0 1 1 0 0 1 0 1 1 0 0 1 0 1 1 0 0 1 0 1 1 0 0 1 0 1 1 0 0 1 0 1 1 0 0 1 0 1 1 0 0 1 0 1 1 0 0 1 0 1 1 0 0 1 0 1 1 0 0 1 0 1 1 0 0 1 0 1 1 0 0 1 0 1 1 0 0 1 0 1 1 0 0 1 0 1 1 0 0 1 0 1 1 0 0 1 0 1 1 0 0 1 0 1 1 0 0 1 0 1 1 0 0 1 0 1 1 0 0 1 0 1 1 0 0 1 0 1 1 0 0 1 0 1 1 0 0 1 0 1 1 0 0 1 0 1 1 0 0 1 0 1 1 0 0 1 0 1 1 0 0 1 0 1 1 0 0 1 0 1 1 0 0 1 0 1 1 0 0 1 0 1 1 0 0 1 0 1 1 0 0 1 0 1 1 0 0 1 0 1 1 0 0 1 0 1 1 0 0 1 0 1 1 0 0 1 0 1 1 0 0 1 0 1 1 0 0 1 0 1 1 0 0 1 0 1 1 0 0 1 0 1 1 0 0 1 0 1 1 0 0 1 0 1 1 0 0 1 0 1 1 0 0 1 0 1 1 0 0 1 0 1 1 0 0 1 0 1 1 0 0 1 0 1 1 0 0 1 0 1 1 0 0 1 0 1 1 0 0 1 0 1 1 0 0 1 0 1 1 0 0 1 0 1 1 0 0 1 0 1 1 0 0 1 0 1 1 0 0 1 0 1 1 0 0 1 0 1 1 0 0 1 0 1 1 0 0 1 0 1 1 0 0 1 0 1 1 0 0 1 0 1 1 0 0 1 0 1 1 0 0 1 0 1 1 0 0 1 0 1 1 0 0 1 0 1 1 0 0 1 0 1 1 0 0 1 0 1 1 0 0 1 0 1 1 0 0 1 0 1 1 0 0 1 0 1 1 0 0 1 0 1 1 0 0 1 0 1 1 0 0 1 0 1 1 0 0 1 0 1 1 0 0 1 0 1 1 0 0 1 0 1 1 0 0 1 0 1 1 0 0 1 0 1 1 0 0 1 0 1 1 0 0 1 0 1 1 0 0 1 0 1 1 0 0 1 0 1 1 0 0 1 0 1 1 0 0 1 0 1 1 0 0 1 0 1 1 0 0 1 0 1 1 0 0 1 0 1 1 0 0 1 0 1 1 0 0 1 0 1 1 0 0 1 0 1 1 0 0 1 0 1 1 0 0 1 0 1 1 0 0 1 0 1 1 0 0 1 0 1 1 0 0 1 0 1 1 0 0 1 0 1 1 0 0 1 0 1 1 0 0 1 0 1 1 0 0 1 0 1 1 0 0 1 0 1 1 0 0 1 0 1 1 0 0 1 0 1 1 0 0 1 0 1 1 0 0 1 0 1 1 0 0 1 0 1 1 0 0 1 0 1 1 0 0 1 0 1 1 0 0 1 0 1 1 0 0 1 0 1 1 0 0 1 0 1 1 0 0 1 0 1 1 0 0 1 0 1 1 0 0 1 0 1 1 0 0 1 0 1 1 0 0 1 0 1 1 0 0 1 0 1 1 0 0 1 0 1 1 0 0 1 0 1 1 0 0 1 0 1 1 0 0 1 0 1 1 0 0 1 0 1 1 0 0 1 0 1 1 0 0 1 0 1 1 0 0 1 0 1 1 0 0 1 0 1 1 0 0 1 0 1 1 0 0 1 0 1 1 0 0 1 0 1 1 0 0 1 0 1 1 0 0 1 0 1 1 0 0 1 0 1 1 0 0 1 0 1 1 0 0 1 0 1 1 0 0 1 0 1 1 0 0 1 0 1 1 0 0 1 0 1 1 0 0 1 0 1 1 0 0 1 0 1 1 0 0 1 0 1 1 0 0 1 0 1 1 0 0 1 0 1 1 0 0 1 0 1 1 0 0 1 0 1 1 0 0 1 0 1 1 0 0 1 0 1 1 0 0 1 0 1 1 0 0 1 0 1 1 0 0 1 0 1 1 0 0 1 0 1 1 0 0 1 0 1 1 0 0 1 0 1 1 0 0 1 0 1 1 0 0 1 0 1 1 0 0 1 0 1 1 0 0 1 0 1 1 0 0 1 0 1 1 0 0 1 0 1 1 0 0 1 0 1 1 0 0 1 0 1 1 0 0 1 0 1 1 0 0 1 0 1 1 0 0 1 0 1 1 0 0 1 0 1 1 0 0 1 0 1 1 0 0 1 0 1 1 0 0 1 0 1 1 0 0 1 0 1 1 0 0 1 0 1 1 0 0 1 0 1 1 0 0 1 0 1 1 0 0 1 0 1 1 0 0 1 0 1 1 0 0 1 0 1 1 0 0 1 0 1 1 0 0 1 0 1 1 0 0 1 0 1 1 0 0 1 0 1 1 0 0 1 0 1 1 0 0 1 0 1 1 0 0 1 0 1 1 0 0 1 0 1 1 0 0 1 0 1 1 0 0 1 0 1 1 0 0 1 0 1 1 0 0 1 0 1 1 0 0 1 0 1 1 0 0 1 0 1 1 0 0 1 0 1 1 0 0 1 0 1 1 0 0 1 0 1 1 0 0 1 0 1 1 0 0 1 0 1 1 0 0 1 0 1 1 0 0 1 0 1 1 0 0 1 0 1 1 0 0 1 0 1 1 0 0 1 0 1 1 0 0 1 0 1 1 0 0 1 0 1 1 0 0 1 0 1 1 0 0 1 0 1 1 0 0 1 0 1 1 0 0 1 0 1 1 0 0 1 0 1 1 0 0 1 0 1 1 0 0 1 0 1 1 0 0 1 0 1 1 0 0 1 0 1 1 0 0 1 0 1 1 0 0 1 0 1 1 0 0 1 0 1 1 0 0 1 0 1 1 0 0 1 0 1 1 0 0 1 0 1 1 0 0 1 0 1 1 0 0 1 0 1 1 0 0 1 0 1 1 0 0 1 0 1 1 0 0 1 0 1 1 0 0 1 0 1 1 0 0 1 0 1 1 0 0 1 0 1 1 0 0 1 0 1 1 0 0 1 0 1 1 0 0 1 0 1 1 0 0 1 0 1 1 0 0 1 0 1 1 0 0 1 0 1 1 0 0 1 0 1 1 0 0 1 0 1 1 0 0 1 0 1 1 0 0 1 0 1 1 0 0 1 0 1 1 0 0 1 0 1 1 0 0 1 0 1 1 0 0 1 0 1 1 0 0 1 0 1 1 0 0 1 0 1 1 0 0 1 0 1 1 0 0 1 0 1 1 0 0 1 0 1 1 0 0 1 0 1 1 0 0 1 0 1 1 0 0 1 0 1 1 0 0 1 0 1 1 0 0 1 0 1 1 0 0 1 0 1 1 0 0 1 0 1 1 0 0 1 0 1 1 0 0 1 0 1 1 0 0 1 0 1 1 0 0 1 0 1 1 0 0 1 0 1 1 0 0 1 0 1 1 0 0 1 0 1 1 0 0 1 0 1 1 0 0 1 0 1 1 0 0 1 0 1 1 0 0 1 0 1 1 0 0 1 0 1 1 0 0 1 0 1 1 0 0 1 0 1 1 0 0 1 0 1 1 0 0 1 0 1 1 0 0 1 0 1 1 0 0 1 0 1 1 0 0 1 0 1 1 0 0 1 0 1 1 0 0 1 0 1 1 0 0 1 0 1 1 0 0 1 0 1 1 0 0 1 0 1 1 0 0 1 0 1 1 0 0 1 0 1 1 0 0 1 0 1 1 0 0 1 0 1 1 0 0 1 0 1 1 0 0 1 0 1 1 0 0 1 0 1 1 0 0 1 0 1 1 0 0 1 0 1 1 0 0 1 0 1 1 0 0 1 0 1 1 0 0 1 0 1 1 0 0 1 0 1 1 0 0 1 0 1 1 0 0 1 0 1 1 0 0 1 0 1 1 0 0 1 0 1 1 0 0 1 0 1 1 0 0 1 0 1 1 0 0 1 0 1 1 0 0 1 0 1 1 0 0 1 0 1 1 0 0 1 0 1 1 0 0 1 0 1 1 0 0 1 0 1 1 0 0 1 0 1 1 0 0 1 0 1 1 0 0 1 0 1 1 0 0 1 0 1 1 0 0 1 0 1 1 0 0 1 0 1 1 0 0 1 0 1 1 0 0 1 0 1 1 0 0 1 0 1 1 0 0 1 0 1 1 0 0 1 0 1 1 0 0 1 0 1 1 0 0 1 0 1 1 0 0 1 0 1 1 0 0 1 0 1 1 0 0 1 0 1 1 0 0 1 0 1 1 0 0 1 0 1 1 0 0 1 0 1 1 0 0 1 0 1 1 0 0 1 0 1 1 0 0 1 0 1 1 0 0 1 0 1 1 0 0 1 0 1 1 0 0 1 0 1 1 0 0 1 0 1 1 0 0 1 0 1 1 0 0 1 0 1 1 0 0 1 0 1 1 0 0 1 0 1 1 0 0 1 0 1 1 0 0 1 0 1 1 0 0 1 0 1 1 0 0 1 0 1 1 0 0 1 0 1 1 0 0 1 0 1 1 0 0 1 0 1 1 0 0 1 0 1 1 0 0 1 0 1 1 0 0 1 0 1 1 0 0 1 0 1 1 0 0 1 0 1 1 0 0 1 0 1 1 0 0 1 0 1 1 0 0 1 0 1 1 0 0 1 0 1 1 0 0 1 0 1 1 0 0 1 0 1 1 0 0 1 0 1 1 0 0 1 0 1 1 0 0 1 0 1 1 0 0 1 0 1 1 0 0 1 0 1 1 0 0 1 0 1 1 0 0 1 0 1 1 0 0 1 0 1 1 0 0 1 0 1 1 0 0 1 0 1 1 0 0 1 0 1 1 0 0 1 0 1 1 0 0 1 0 1 1 0 0 1 0 1 1 0 0 1 0 1 1 0 0 1 0 1 1 0 0 1 0 1 1 0 0 1 0 1 1 0 0 1 0 1 1 0 0 1 0 1 1 0 0 1 0 1 1 0 0 1 0 1 1 0 0 1 0 1 1 0 0 1 0 1 1 0 0 1 0 1 1 0 0 1 0 1 1 0 0 1 0 1 1 0 0 1 0 1 1 0 0 1 0 1 1 0 0 1 0 1 1 0 0 1 0 1 1 0 0 1 0 1 1 0 0 1 0 1 1 0 0 1 0 1 1 0 0 1 0 1 1 0 0 1 0 1 1 0 0 1 0 1 1 0 0 1 0 1 1 0 0 1 0 1 1 0 0 1 0 1 1 0 0 1 0 1 1 0 0 1 0 1 1 0 0 1 0 1 1 0 0 1 0 1 1 0 0 1 0 1 1 0 0 1 0 1 1 0 0 1 0 1 1 0 0 1 0 1 1 0 0 1 0 1 1 0 0 1 0 1 1 0 0 1 0 1 1 0 0 1 0 1 1 0 0 1 0 1 1 0 0 1 0 1 1 0 0 1 0 1 1 0 0 1 0 1 1 0 0 1 0 1 1 0 0 1 0 1 1 0 0 1 0 1 1 0 0 1 0 1 1 0 0 1 0 1 1 0 0 1 0 1 1 0 0 1 0 1 1 0 0 1 0 1 1 0 0 1 0 1 1 0 0 1 0 1 1 0 0 1 0 1 1 0 0 1 0 1 1 0 0 1 0 1 1 0 0 1 0 1 1 0 0 1 0 1 1 0 0 1 0 1 1 0 0 1 0 1 1 0 0 1 0 1 1 0 0 1 0 1 1 0 0 1 0 1 1 0 0 1 0 1 1 0 0 1 0 1 1 0 0 1 0 1 1 0 0 1 0 1 1 0 0 1 0 1 1 0 0 1 0 1 1 0 0 1 0 1 1 0 0 1 0 1 1 0 0 1 0 1 1 0 0 1 0 1 1 0 0 1 0 1 1 0 0 1 0 1 1 0 0 1 0 1 1 0 0 1 0 1 1 0 0 1 0 1 1 0 0 1 0 1 1 0 0 1 0 1 1 0 0 1 0 1 1 0 0 1 0 1 1 0 0 1 0 1 1 0 0 1 0 1 1 0 0 1 0 1 1 0 0 1 0 1 1 0 0 1 0 1 1 0 0 1 0 1 1 0 0 1 0 1 1 0 0 1 0 1 1 0 0 1 0 1 1 0 0 1 0 1 1 0 0 1 0 1 1 0 0 1 0 1 1 0 0 1 0 1 1 0 0 1 0 1 1 0 0 1 0 1 1 0 0 1 0 1 1 0 0 1 0 1 1 0 0 1 0 1 1 0 0 1 0 1 1 0 0 1 0 1 1 0 0 1 0 1 1 0 0 1 0 1 1 0 0 1 0 1 1 0 0 1 0 1 1 0 0 1 0 1 1 0 0 1 0 1 1 0 0 1 0 1 1 0 0 1 0 1 1 0 0 1 0 1 1 0 0 1 0 1 1 0 0 1 0 1 1 0 0 1 0 1 1 0 0 1 0 1 1 0 0 1 0 1 1 0 0 1 0 1 1 0 0 1 0 1 1 0 0 1 0 1 1 0 0 1 0 1 1 0 0 1 0 1 1 0 0 1 0 1 1 0 0 1 0 1 1 0 0 1 0 1 1 0 0 1 0 1 1 0 0 1 0 1 1 0 0 1 0 1 1 0 0 1 0 1 1 0 0 1 0 1 1 0 0 1 0 1 1 0 0 1 0 1 1 0 0 1 0 1 1 0 0 1 0 1 1 0 0 1 0 1 1 0 0 1 0 1 1 0 0 1 0 1 1 0 0 1 0 1 1 0 0 1 0 1 1 0 0 1 0 1 1 0 0 1 0 1 1 0 0 1 0 1 1 0 0 1 0 1 1 0 0 1 0 1 1 0 0 1 0 1 1 0 0 1 0 1 1 0 0 1 0 1 1 0 0 1 0 1 1 0 0 1 0 1 1 0 0 1 0 1 1 0 0 1 0 1 1 0 0 1 0 1 1 0 0 1 0 1 1 0 0 1 0 1 1 0 0 1 0 1 1 0 0 1 0 1 1 0 0 1 0 1 1 0 0 1 0 1 1 0 0 1 0 1 1 0 0 1 0 1 1 0 0 1 0 1 1 0 0 1 0 1 1 0 0 1 0 1 1 0 0 1 0 1 1 0 0 1 0 1 1 0 0 1 0 1 1 0 0 1 0 1 1 0 0 1 0 1 1 0 0 1 0 1 1 0 0 1 0 1 1 0 0 1 0 1 1 0 0 1 0 1 1 0 0 1 0 1 1 0 0 1 0 1 1 0 0 1 0 1 1 0 0 1 0 1 1 0 0 1 0 1 1 0 0 1 0 1 1 0 0 1 0 1 1 0 0 1 0 1 1 0 0 1 0 1 1 0 0 1 0 1 1 0 0 1 0 1 1 0 0 1 0 1 1 0 0 1 0 1 1 0 0 1 0 1 1 0 0 1 0 1 1 0 0 1 0 1 1 0 0 1 0 1 1 0 0 1 0 1 1 0 0 1 0 1 1 0 0 1 0 1 1 0 0 1 0 1 1 0 0 1 0 1 1 0 0 1 0 1 1 0 0 1 0 1 1 0 0 1 0 1 1 0 0 1 0 1 1 0 0 1 0 1 1 0 0 1 0 1 1 0 0 1 0 1 1 0 0 1 0 1 1 0 0 1 0 1 1 0 0 1 0 1 1 0 0 1 0 1 1 0 0 1 0 1 1 0 0 1 0 1 1 0 0 1 0 1 1 0 0 1 0 1 1 0 0 1 0 1 1 0 0 1 0 1 1 0 0 1 0 1 1 0 0 1 0 1 1 0 0 1 0 1 1 0 0 1 0 1 1 0 0 1 0 1 1 0 0 1 0 1 1 0 0 1 0 1 1 0 0 1 0 1 1 0 0 1 0 1 1 0 0 1 0 1 1 0 0 1 0 1 1 0 0 1 0 1 1 0 0 1 0 1 1 0 0 1 0 1 1 0 0 1 0 1 1 0 0 1 0 1 1 0 0 1 0 1 1 0 0 1 0 1 1 0 0 1 0 1 1 0 0 1 0 1 1 0 0 1 0 1 1 0 0 1 0 1 1 0 0 1 0 1 1 0 0 1 0 1 1 0 0 1 0 1 1 0 0 1 0 1 1 0 0 1 0 1 1 0 0 1 0 1 1 0 0 1 0 1 1 0 0 1 0 1 1 0 0 1 0 1 1 0 0 1 0 1 1 0 0 1 0 1 1 0 0 1 0 1 1 0 0 1 0 1 1 0 0 1 0 1 1 0 0 1 0 1 1 0 0 1 0 1 1 0 0 1 0 1 1 0 0 1 0 1 1 0 0 1 0 1 1 0 0 1 0 1 1 0 0 1 0 1 1 0 0 1 0 1 1 0 0 1 0 1 1 0 0 1 0 1 1 0 0 1 0 1 1 0 0 1 0 1 1 0 0 1 0 1 1 0 0 1 0 1 1 0 0 1 0 1 1 0 0 1 0 1 1 0 0 1 0 1 1 0 0 1 0 1 1 0 0 1 0 1 1 0 0 1 0 1 1 0 0 1 0 1 1 0 0 1 0 1 1 0 0 1 0 1 1 0 0 1 0 1 1 0 0 1 0 1 1 0 0 1 0 1 1 0 0 1 0 1 1 0 0 1 0 1 1 0 0 1 0 1 1 0 0 1 0 1 1 0 0 1 0 1 1 0 0 1 0 1 1 0 0 1 0 1 1 0 0 1 0 1 1 0 0 1 0 1 1 0 0 1 0 1 1 0 0 1 0 1 1 0 0 1 0 1 1 0 0 1 0 1 1 0 0 1 0 1 1 0 0 1 0 1 1 0 0 1 0 1 1 0 0 1 0 1 1 0 0 1 0 1 1 0 0 1 0 1 1 0 0 1 0 1 1 0 0 1 0 1 1 0 0 1 0 1 1 0 0 1 0 1 1 0 0 1 0 1 1 0 0 1 0 1 1 0 0 1 0 1 1 0 0 1 0 1 1 0 0 1 0 1 1 0 0 1 0 1 1 0 0 1 0 1 1 0 0 1 0 1 1 0 0 1 0 1 1 0 0 1 0 1 1 0 0 1 0 1 1 0 0 1 0 1 1 0 0 1 0 1 1 0 0 1 0 1 1 0 0 1 0 1 1 0 0 1 0 1 1 0 0 1 0 1 1 0 0 1 0 1 1 0 0 1 0 1 1 0 0 1 0 1 1 0 0 1 0 1 1 0 0 1 0 1 1 0 0 1 0 1 1 0 0 1 0 1 1 0 0 1 0 1 1 0 0 1 0 1 1 0 0 1 0 1 1 0 0 1 0 1 1 0 0 1 0 1 1 0 0 1 0 1 1 0 0 1 0 1 1 0 0 1 0 1 1 0 0 1 0 1 1 0 0 1 0 1 1 0 0 1 0 1 1 0 0 1 0 1 1 0 0 1 0 1 1 0 0 1 0 1 1 0 0 1 0 1 1 0 0 1 0 1 1 0 0 1 0 1 1 0 0 1 0 1 1 0 0 1 0 1 1 0 0 1 0 1 1 0 0 1 0 1 1 0 0 1 0 1 1 0 0 1 0 1 1 0 0 1 0 1 1 0 0 1 0 1 1 0 0 1 0 1 1 0 0 1 0 1 1 0 0 1 0 1 1 0 0 1 0 1 1 0 0 1 0 1 1 0 0 1 0 1 1 0 0 1 0 1 1 0 0 1 0 1 1 0 0 1 0 1 1 0 0 1 0 1 1 0 0 1 0 1 1 0 0 1 0 1 1 0 0 1 0 1 1 0 0 1 0 1 1 0 0 1 0 1 1 0 0 1 0 1 1 0 0 1 0 1 1 0 0 1 0 1 1 0 0 1 0 1 1 0 0 1 0 1 1 0 0 1 0 1 1 0 0 1 0 1 1 0 0 1 0 1 1 0 0 1 0 1 1 0 0 1 0 1 1 0 0 1 0 1 1 0 0 1 0 1 1 0 0 1 0 1 1 0 0 1 0 1 1 0 0 1 0 1 1 0 0 1 0 1 1 0 0 1 0 1 1 0 0 1 0 1 1 0 0 1 0 1 1 0 0 1 0 1 1 0 0 1 0 1 1 0 0 1 0 1 1 0 0 1 0 1 1 0 0 1 0 1 1 0 0 1 0 1 1 0 0 1 0 1 1 0 0 1 0 1 1 0 0 1 0 1 1 0 0 1 0 1 1 0 0 1 0 1 1 0 0 1 0 1 1 0 0 1 0 1 1 0 0 1 0 1 1 0 0 1 0 1 1 0 0 1 0 1 1 0 0 1 0 1 1 0 0 1 0 1 1 0 0 1 0 1 1 0 0 1 0 1 1 0 0 1 0 1 1 0 0 1 0 1 1 0 0 1 0 1 1 0 0 1 0 1 1 0 0 1 0 1 1 0 0 1 0 1 1 0 0 1 0 1 1 0 0 1 0 1 1 0 0 1 0 1 1 0 0 1 0 1 1 0 0 1 0 1 1 0 0 1 0 1 1 0 0 1 0 1 1 0 0 1 0 1 1 0 0 1 0 1 1 0 0 1 0 1 1 0 0 1 0 1 1 0 0 1 0 1 1 0 0 1 0 1 1 0 0 1 0 1 1 0 0 1 0 1 1 0 0 1 0 1 1 0 0 1 0 1 1 0 0 1 0 1 1 0 0 1 0 1 1 0 0 1 0 1 1 0 0 1 0 1 1 0 0 1 0 1 1 0 0 1 0 1 1 0 0 1 0 1 1 0 0 1 0 1 1 0 0 1 0 1 1 0 0 1 0 1 1 0 0 1 0 1 1 0 0 1 0 1 1 0 0 1 0 1 1 0 0 1 0 1 1 0 0 1 0 1 1 0 0 1 0 1 1 0 0 1 0 1 1 0 0 1 0 1 1 0 0 1 0 1 1 0 0 1 0 1 1 0 0 1 0 1 1 0 0 1 0 1 1 0 0 1 0 1 1 0 0 1 0 1 1 0 0 1 0 1 1 0 0 1 0 1 1 0 0 1 0 1 1 0 0 1 0 1 1 0 0 1 0 1 1 0 0 1 0 1 1 0 0 1 0 1 1 0 0 1 0 1 1 0 0 1 0 1 1 0 0 1 0 1 1 0 0 1 0 1 1 0 0 1 0 1 1 0 0 1 0 1 1 0 0 1 0 1 1 0 0 1 0 1 1 0 0 1 0 1 1 0 0 1 0 1 1 0 0 1 0 1 1 0 0 1 0 1 1 0 0 1 0 1 1 0 0 1 0 1 1 0 0 1 0 1 1 0 0 1 0 1 1 0 0 1 0 1 1 0 0 1 0 1 1 0 0 1 0 1 1 0 0 1 0 1 1 0 0 1 0 1 1 0 0 1 0 1 1 0 0 1 0 1 1 0 0 1 0 1 1 0 0 1 0 1 1 0 0 1 0 1 1 0 0 1 0 1 1 0 0 1 0 1 1 0 0 1 0 1 1 0 0 1 0 1 1 0 0 1 0 1 1 0 0 1 0 1 1 0 0 1 0 1 1 0 0 1 0 1 1 0 0 1 0 1 1 0 0 1 0 1 1 0 0 1 0 1 1 0 0 1 0 1 1 0 0 1 0 1 1 0 0 1 0 1 1 0 0 1 0 1 1 0 0 1 0 1 1 0 0 1 0 1 1 0 0 1 0 1 1 0 0 1 0 1 1 0 0 1 0 1 1 0 0 1 0 1 1 0 0 1 0 1 1 0 0 1 0 1 1 0 0 1 0 1 1 0 0 1 0 1 1 0 0 1 0 1 1 0 0 1 0 1 1 0 0 1 0 1 1 0 0 1 0 1 1 0 0 1 0 1 1 0 0 1 0 1 1 0 0 1 0 1 1 0 0 1 0 1 1 0 0 1 0 1 1 0 0 1 0 1 1 0 0 1 0 1 1 0 0 1 0 1 1 0 0 1 0 1 1 0 0 1 0 1 1 0 0 1 0 1 1 0 0 1 0 1 1 0 0 1 0 1 1 0 0 1 0 1 1 0 0 1 0 1 1 0 0 1 0 1 1 0 0 1 0 1 1 0 0 1 0 1 1 0 0 1 0 1 1 0 0 1 0 1 1 0 0 1 0 1 1 0 0 1 0 1 1 0 0 1 0 1 1 0 0 1 0 1 1 0 0 1 0 1 1 0 0 1 0 1 1 0 0 1 0 1 1 0 0 1 0 1 1 0 0 1 0 1 1 0 0 1 0 1 1 0 0 1 0 1 1 0 0 1 0 1 1 0 0 1 0 1 1 0 0 1 0 1 1 0 0 1 0 1 1 0 0 1 0 1 1 0 0 1 0 1 1 0 0 1 0 1 1 0 0 1 0 1 1 0 0 1 0 1 1 0 0 1 0 1 1 0 0 1 0 1 1 0 0 1 0 1 1 0 0 1 0 1 1 0 0 1 0 1 1 0 0 1 0 1 1 0 0 1 0 1 1 0 0 1 0 1 1 0 0 1 0 1 1 0 0 1 0 1 1 0 0 1 0 1 1 0 0 1 0 1 1 0 0 1 0 1 1 0 0 1 0 1 1 0 0 1 0 1 1 0 0 1 0 1 1 0 0 1 0 1 1 0 0 1 0 1 1 0 0 1 0 1 1 0 0 1 0 1 1 0 0 1 0 1 1 0 0 1 0 1 1 0 0 1 0 1 1 0 0 1 0 1 1 0 0 1 0 1 1 0 0 1 0 1 1 0 0 1 0 1 1 0 0 1 0 1 1 0 0 1 0 1 1 0 0 1 0 1 1 0 0 1 0 1 1 0 0 1 0 1 1 0 0 1 0 1 1 0 0 1 0 1 1 0 0 1 0 1 1 0 0 1 0 1 1 0 0 1 0 1 1 0 0 1 0 1 1 0 0 1 0 1 1 0 0 1 0 1 1 0 0 1 0 1 1 0 0 1 0 1 1 0 0 1 0 1 1 0 0 1 0 1 1 0 0 1 0 1 1 0 0 1 0 1 1 0 0 1 0 1 1 0 0 1 0 1 1 0 0 1 0 1 1 0 0 1 0 1 1 0 0 1 0 1 1 0 0 1 0 1 1 0 0 1 0 1 1 0 0 1 0 1 1 0 0 1 0 1 1 0 0 1 0 1 1 0 0 1 0 1 1 0 0 1 0 1 1 0 0 1 0 1 1 0 0 1 0 1 1 0 0 1 0 1 1 0 0 1 0 1 1 0 0 1 0 1 1 0 0 1 0 1 1 0 0 1 0 1 1 0 0 1 0 1 1 0 0 1 0 1 1 0 0 1 0 1 1 0 0 1 0 1 1 0 0 1 0 1 1 0 0 1 0 1 1 0 0 1 0 1 1 0 0 1 0 1 1 0 0 1 0 1 1 0 0 1 0 1 1 0 0 1 0 1 1 0 0 1 0 1 1 0 0 1 0 1 1 0 0 1 0 1 1 0 0 1 0 1 1 0 0 1 0 1 1 0 0 1 0 1 1 0 0 1 0 1 1 0 0 1 0 1 1 0 0 1 0 1 1 0 0 1 0 1 1 0 0 1 0 1 1 0 0 1 0 1 1 0 0 1 0 1 1 0 0 1 0 1 1 0 0 1 0 1 1 0 0 1 0 1 1 0 0 1 0 1 1 0 0 1 0 1 1 0 0 1 0 1 1 0 0 1 0 1 1 0 0 1 0 1 1 0 0 1 0 1 1 0 0 1 0 1 1 0 0 1 0 1 1 0 0 1 0 1 1 0 0 1 0 1 1 0 0 1 0 1 1 0 0 1 0 1 1 0 0 1 0 1 1 0 0 1 0 1 1 0 0 1 0 1 1 0 0 1 0 1 1 0 0 1 0 1 1 0 0 1 0 1 1 0 0 1 0 1 1 0 0 1 0 1 1 0 0 1 0 1 1 0 0 1 0 1 1 0 0 1 0 1 1 0 0 1 0 1 1 0 0 1 0 1 1 0 0 1 0 1 1 0 0 1 0 1 1 0 0 1 0 1 1 0 0 1 0 1 1 0 0 1 0 1 1 0 0 1 0 1 1 0 0 1 0 1 1 0 0 1 0 1 1 0 0 1 0 1 1 0 0 1 0 1 1 0 0 1 0 1 1 0 0 1 0 1 1 0 0 1 0 1 1 0 0 1 0 1 1 0 0 1 0 1 1 0 0 1 0 1 1 0 0 1 0 1 1 0 0 1 0 1 1 0 0 1 0 1 1 0 0 1 0 1 1 0 0 1 0 1 1 0 0 1 0 1 1 0 0 1 0 1 1 0 0 1 0 1 1 0 0 1 0 1 1 0 0 1 0 1 1 0 0 1 0 1 1 0 0 1 0 1 1 0 0 1 0 1 1 0 0 1 0 1 1 0 0 1 0 1 1 0 0 1 0 1 1 0 0 1 0 1 1 0 0 1 0 1 1 0 0 1 0 1 1 0 0 1 0 1 1 0 0 1 0 1 1 0 0 1 0 1 1 0 0 1 0 1 1 0 0 1 0 1 1 0 0 1 0 1 1 0 0 1 0 1 1 0 0 1 0 1 1 0 0 1 0 1 1 0 0 1 0 1 1 0 0 1 0 1 1 0 0 1 0 1 1 0 0 1 0 1 1 0 0 1 0 1 1 0 0 1 0 1 1 0 0 1 0 1 1 0 0 1 0 1 1 0 0 1 0 1 1 0 0 1 0 1 1 0 0 1 0 1 1 0 0 1 0 1 1 0 0 1 0 1 1 0 0 1 0 1 1 0 0 1 0 1 1 0 0 1 0 1 1 0 0 1 0 1 1 0 0 1 0 1 1 0 0 1 0 1 1 0 0 1 0 1 1 0 0 1 0 1 1 0 0 1 0 1 1 0 0 1 0 1 1 0 0 1 0 1 1 0 0 1 0 1 1 0 0 1 0 1 1 0 0 1 0 1 1 0 0 1 0 1 1 0 0 1 0 1 1 0 0 1 0 1 1 0 0 1 0 1 1 0 0 1 0 1 1 0 0 1 0 1 1 0 0 1 0 1 1 0 0 1 0 1 1 0 0 1 0 1 1 0 0 1 0 1 1 0 0 1 0 1 1 0 0 1 0 1 1 0 0 1 0 1 1 0 0 1 0 1 1 0 0 1 0 1 1 0 0 1 0 1 1 0 0 1 0 1 1 0 0 1 0 1 1 0 0 1 0 1 1 0 0 1 0 1 1 0 0 1 0 1 1 0 0 1 0 1 1 0 0 1 0 1 1 0 0 1 0 1 1 0 0 1 0 1 1 0 0 1 0 1 1 0 0 1 0 1 1 0 0 1 0 1 1 0 0 1 0 1 1 0 0 1 0 1 1 0 0 1 0 1 1 0 0 1 0 1 1 0 0 1 0 1 1 0 0 1 0 1 1 0 0 1 0 1 1 0 0 1 0 1 1 0 0 1 0 1 1 0 0 1 0 1 1 0 0 1 0 1 1 0 0 1 0 1 1 0 0 1 0 1 1 0 0 1 0 1 1 0 0 1 0 1 1 0 0 1 0 1 1 0 0 1 0 1 1 0 0 1 0 1 1 0 0 1 0 1 1 0 0 1 0 1 1 0 0 1 0 1 1 0 0 1 0 1 1 0 0 1 0 1 1 0 0 1 0 1 1 0 0 1 0 1 1 0 0 1 0 1 1 0 0 1 0 1 1 0 0 1 0 1 1 0 0 1 0 1 1 0 0 1 0 1 1 0 0 1 0 1 1 0 0 1 0 1 1 0 0 1 0 1 1 0 0 1 0 1 1 0 0 1 0 1 1 0 0 1 0 1 1 0 0 1 0 1 1 0 0 1 0 1 1 0 0 1 0 1 1 0 0 1 0 1 1 0 0 1 0 1 1 0 0 1 0 1 1 0 0 1 0 1 1 0 0 1 0 1 1 0 0 1 0 1 1 0 0 1 0 1 1 0 0 1 0 1 1 0 0 1 0 1 1 0 0 1 0 1 1 0 0 1 0 1 1 0 0 1 0 1 1 0 0 1 0 1 1 0 0 1 0 1 1 0 0 1 0 1 1 0 0 1 0 1 1 0 0 1 0 1 1 0 0 1 0 1 1 0 0 1 0 1 1 0 0 1 0 1 1 0 0 1 0 1 1 0 0 1 0 1 1 0 0 1 0 1 1 0 0 1 0 1 1 0 0 1 0 1 1 0 0 1 0 1 1 0 0 1 0 1 1 0 0 1 0 1 1 0 0 1 0 1 1 0 0 1 0 1 1 0 0 1 0 1 1 0 0 1 0 1 1 0 0 1 0 1 1 0 0 1 0 1 1 0 0 1 0 1 1 0 0 1 0 1 1 0 0 1 0 1 1 0 0 1 0 1 1 0 0 1 0 1 1 0 0 1 0 1 1 0 0 1 0 1 1 0 0 1 0 1 1 0 0 1 0 1 1 0 0 1 0 1 1 0 0 1 0 1 1 0 0 1 0 1 1 0 0 1 0 1 1 0 0 1 0 1 1 0 0 1 0 1 1 0 0 1 0 1 1 0 0 1 0 1 1 0 0 1 0 1 1 0 0 1 0 1 1 0 0 1 0 1 1 0 0 1 0 1 1 0 0 1 0 1 1 0 0 1 0 1 1 0 0 1 0 1 1 0 0 1 0 1 1 0 0 1 0 1 1 0 0 1 0 1 1 0 0 1 0 1 1 0 0 1 0 1 1 0 0 1 0 1 1 0 0 1 0 1 1 0 0 1 0 1 1 0 0 1 0 1 1 0 0 1 0 1 1 0 0 1 0 1 1 0 0 1 0 1 1 0 0 1 0 1 1 0 0 1 0 1 1 0 0 1 0 1 1 0 0 1 0 1 1 0 0 1 0 1 1 0 0 1 0 1 1 0 0 1 0 1 1 0 0 1 0 1 1 0 0 1 0 1 1 0 0 1 0 1 1 0 0 1 0 1 1 0 0 1 0 1 1 0 0 1 0 1 1 0 0 1 0 1 1 0 0 1 0 1 1 0 0 1 0 1 1 0 0 1 0 1 1 0 0 1 0 1 1 0 0 1 0 1 1 0 0 1 0 1 1 0 0 1 0 1 1 0 0 1 0 1 1 0 0 1 0 1 1 0 0 1 0 1 1 0 0 1 0 1 1 0 0 1 0 1 1 0 0 1 0 1 1 0 0 1 0 1 1 0 0 1 0 1 1 0 0 1 0 1 1 0 0 1 0 1 1 0 0 1 0 1 1 0 0 1 0 1 1 0 0 1 0 1 1 0 0 1 0 1 1 0 0 1 0 1 1 0 0 1 0 1 1 0 0 1 0 1 1 0 0 1 0 1 1 0 0 1 0 1 1 0 0 1 0 1 1 0 0 1 0 1 1 0 0 1 0 1 1 0 0 1 0 1 1 0 0 1 0 1 1 0 0 1 0 1 1 0 0 1 0 1 1 0 0 1 0 1 1 0 0 1 0 1 1 0 0 1 0 1 1 0 0 1 0 1 1 0 0 1 0 1 1 0 0 1 0 1 1 0 0 1 0 1 1 0 0 1 0 1 1 0 0 1 0 1 1 0 0 1 0 1 1 0 0 1 0 1 1 0 0 1 0 1 1 0 0 1 0 1 1 0 0 1 0 1 1 0 0 1 0 1 1 0 0 1 0 1 1 0 0 1 0 1 1 0 0 1 0 1 1 0 0 1 0 1 1 0 0 1 0 1 1 0 0 1 0 1 1 0 0 1 0 1 1 0 0 1 0 1 1 0 0 1 0 1 1 0 0 1 0 1 1 0 0 1 0 1 1 0 0 1 0 1 1 0 0 1 0 1 1 0 0 1 0 1 1 0 0 1 0 1 1 0 0 1 0 1 1 0 0 1 0 1 1 0 0 1 0 1 1 0 0 1 0 1 1 0 0 1 0 1 1 0 0 1 0 1 1 0 0 1 0 1 1 0 0 1 0 1 1 0 0 1 0 1 1 0 0 1 0 1 1 0 0 1 0 1 1 0 0 1 0 1 1 0 0 1 0 1 1 0 0 1 0 1 1 0 0 1 0 1 1 0 0 1 0 1 1 0 0 1 0 1 1 0 0 1 0 1 1 0 0 1 0 1 1 0 0 1 0 1 1 0 0 1 0 1 1 0 0 1 0 1 1 0 0 1 0 1 1 0 0 1 0 1 1 0 0 1 0 1 1 0 0 1 0 1 1 0 0 1 0 1 1 0 0 1 0 1 1 0 0 1 0 1 1 0 0 1 0 1 1 0 0 1 0 1 1 0 0 1 0 1 1 0 0 1 0 1 1 0 0 1 0 1 1 0 0 1 0 1 1 0 0 1 0 1 1 0 0 1 0 1 1 0 0 1 0 1 1 0 0 1 0 1 1 0 0 1 0 1 1 0 0 1 0 1 1 0 0 1 0 1 1 0 0 1 0 1 1 0 0 1 0 1 1 0 0 1 0 1 1 0 0 1 0 1 1 0 0 1 0 1 1 0 0 1 0 1 1 0 0 1 0 1 1 0 0 1 0 1 1 0 0 1 0 1 1 0 0 1 0 1 1 0 0 1 0 1 1 0 0 1 0 1 1 0 0 1 0 1 1 0 0 1 0 1 1 0 0 1 0 1 1 0 0 1 0 1 1 0 0 1 0 1 1 0 0 1 0 1 1 0 0 1 0 1 1 0 0 1 0 1 1 0 0 1 0 1 1 0 0 1 0 1 1 0 0 1 0 1 1 0 0 1 0 1 1 0 0 1 0 1 1 0 0 1 0 1 1 0 0 1 0 1 1 0 0 1 0 1 1 0 0 1 0 1 1 0 0 1 0 1 1 0 0 1 0 1 1 0 0 1 0 1 1 0 0 1 0 1 1 0 0 1 0 1 1 0 0 1 0 1 1 0 0 1 0 1 1 0 0 1 0 1 1 0 0 1 0 1 1 0 0 1 0 1 1 0 0 1 0 1 1 0 0 1 0 1 1 0 0 1 0 1 1 0 0 1 0 1 1 0 0 1 0 1 1 0 0 1 0 1 1 0 0 1 0 1 1 0 0 1 0 1 1 0 0 1 0 1 1 0 0 1 0 1 1 0 0 1 0 1 1 0 0 1 0 1 1 0 0 1 0 1 1 0 0 1 0 1 1 0 0 1 0 1 1 0 0 1 0 1 1 0 0 1 0 1 1 0 0 1 0 1 1 0 0 1 0 1 1 0 0 1 0 1 1 0 0 1 0 1 1 0 0 1 0 1 1 0 0 1 0 1 1 0 0 1 0 1 1 0 0 1 0 1 1 0 0 1 0 1 1 0 0 1 0 1 1 0 0 1 0 1 1 0 0 1 0 1 1 0 0 1 0 1 1 0 0 1 0 1 1 0 0 1 0 1 1 0 0 1 0 1 1 0 0 1 0 1 1 0 0 1 0 1 1 0 0 1 0 1 1 0 0 1 0 1 1 0 0 1 0 1 1 0 0 1 0 1 1 0 0 1 0 1 1 0 0 1 0 1 1 0 0 1 0 1 1 0 0 1 0 1 1 0 0 1 0 1 1 0 0 1 0 1 1 0 0 1 0 1 1 0 0 1 0 1 1 0 0 1 0 1 1 0 0 1 0 1 1 0 0 1 0 1 1 0 0 1 0 1 1 0 0 1 0 1 1 0 0 1 0 1 1 0 0 1 0 1 1 0 0 1 0 1 1 0 0 1 0 1 1 0 0 1 0 1 1 0 0 1 0 1 1 0 0 1 0 1 1 0 0 1 0 1 1 0 0 1 0 1 1 0 0 1 0 1 1 0 0 1 0 1 1 0 0 1 0 1 1 0 0 1 0 1 1 0 0 1 0 1 1 0 0 1 0 1 1 0 0 1 0 1 1 0 0 1 0 1 1 0 0 1 0 1 1 0 0 1 0 1 1 0 0 1 0 1 1 0 0 1 0 1 1 0 0 1 0 1 1 0 0 1 0 1 1 0 0 1 0 1 1 0 0 1 0 1 1 0 0 1 0 1 1 0 0 1 0 1 1 0 0 1 0 1 1 0 0 1 0 1 1 0 0 1 0 1 1 0 0 1 0 1 1 0 0 1 0 1 1 0 0 1 0 1 1 0 0 1 0 1 1 0 0 1 0 1 1 0 0 1 0 1 1 0 0 1 0 1 1 0 0 1 0 1 1 0 0 1 0 1 1 0 0 1 0 1 1 0 0 1 0 1 1 0 0 1 0 1 1 0 0 1 0 1 1 0 0 1 0 1 1 0 0 1 0 1 1 0 0 1 0 1 1 0 0 1 0 1 1 0 0 1 0 1 1 0 0 1 0 1 1 0 0 1 0 1 1 0 0 1 0 1 1 0 0 1 0 1 1 0 0 1 0 1 1 0 0 1 0 1 1 0 0 1 0 1 1 0 0 1 0 1 1 0 0 1 0 1 1 0 0 1 0 1 1 0 0 1 0 1 1 0 0 1 0 1 1 0 0 1 0 1 1 0 0 1 0 1 1 0 0 1 0 1 1 0 0 1 0 1 1 0 0 1 0 1 1 0 0 1 0 1 1 0 0 1 0 1 1 0 0 1 0 1 1 0 0 1 0 1 1 0 0 1 0 1 1 0 0 1 0 1 1 0 0 1 0 1 1 0 0 1 0 1 1 0 0 1 0 1 1 0 0 1 0 1 1 0 0 1 0 1 1 0 0 1 0 1 1 0 0 1 0 1 1 0 0 1 0 1 1 0 0 1 0 1 1 0 0 1 0 1 1 0 0 1 0 1 1 0 0 1 0 1 1 0 0 1 0 1 1 0 0 1 0 1 1 0 0 1 0 1 1 0 0 1 0 1 1 0 0 1 0 1 1 0 0 1 0 1 1 0 0 1 0 1 1 0 0 1 0 1 1 0 0 1 0 1 1 0 0 1 0 1 1 0 0 1 0 1 1 0 0 1 0 1 1 0 0 1 0 1 1 0 0 1 0 1 1 0 0 1 0 1 1 0 0 1 0 1 1 0 0 1 0 1 1 0 0 1 0 1 1 0 0 1 0 1 1 0 0 1 0 1 1 0 0 1 0 1 1 0 0 1 0 1 1 0 0 1 0 1 1 0 0 1 0 1 1 0 0 1 0 1 1 0 0 1 0 1 1 0 0 1 0 1 1 0 0 1 0 1 1 0 0 1 0 1 1 0 0 1 0 1 1 0 0 1 0 1 1 0 0 1 0 1 1 0 0 1 0 1 1 0 0 1 0 1 1 0 0 1 0 1 1 0 0 1 0 1 1 0 0 1 0 1 1 0 0 1 0 1 1 0 0 1 0 1 1 0 0 1 0 1 1 0 0 1 0 1 1 0 0 1 0 1 1 0 0 1 0 1 1 0 0 1 0 1 1 0 0 1 0 1 1 0 0 1 0 1 1 0 0 1 0 1 1 0 0 1 0 1 1 0 0 1 0 1 1 0 0 1 0 1 1 0 0 1 0 1 1 0 0 1 0 1 1 0 0 1 0 1 1 0 0 1 0 1 1 0 0 1 0 1 1 0 0 1 0 1 1 0 0 1 0 1 1 0 0 1 0 1 1 0 0 1 0 1 1 0 0 1 0 1 1 0 0 1 0 1 1 0 0 1 0 1 1 0 0 1 0 1 1 0 0 1 0 1 1 0 0 1 0 1 1 0 0 1 0 1 1 0 0 1 0 1 1 0 0 1 0 1 1 0 0 1 0 1 1 0 0 1 0 1 1 0 0 1 0 1 1 0 0 1 0 1 1 0 0 1 0 1 1 0 0 1 0 1 1 0 0 1 0 1 1 0 0 1 0 1 1 0 0 1 0 1 1 0 0 1 0 1 1 0 0 1 0 1 1 0 0 1 0 1 1 0 0 1 0 1 1 0 0 1 0 1 1 0 0 1 0 1 1 0 0 1 0 1 1 0 0 1 0 1 1 0 0 1 0 1 1 0 0 1 0 1 1 0 0 1 0 1 1 0 0 1 0 1 1 0 0 1 0 1 1 0 0 1 0 1 1 0 0 1 0 1 1 0 0 1 0 1 1 0 0 1 0 1 1 0 0 1 0 1 1 0 0 1 0 1 1 0 0 1 0 1 1 0 0 1 0 1 1 0 0 1 0 1 1 0 0 1 0 1 1 0 0 1 0 1 1 0 0 1 0 1 1 0 0 1 0 1 1 0 0 1 0 1 1 0 0 1 0 1 1 0 0 1 0 1 1 0 0 1 0 1 1 0 0 1 0 1 1 0 0 1 0 1 1 0 0 1 0 1 1 0 0 1 0 1 1 0 0 1 0 1 1 0 0 1 0 1 1 0 0 1 0 1 1 0 0 1 0 1 1 0 0 1 0 1 1 0 0 1 0 1 1 0 0 1 0 1 1 0 0 1 0 1 1 0 0 1 0 1 1 0 0 1 0 1 1 0 0 1 0 1 1 0 0 1 0 1 1 0 0 1 0 1 1 0 0 1 0 1 1 0 0 1 0 1 1 0 0 1 0 1 1 0 0 1 0 1 1 0 0 1 0 1 1 0 0 1 0 1 1 0 0 1 0 1 1 0 0 1 0 1 1 0 0 1 0 1 1 0 0 1 0 1 1 0 0 1 0 1 1 0 0 1 0 1 1 0 0 1 0 1 1 0 0 1 0 1 1 0 0 1 0 1 1 0 0 1 0 1 1 0 0 1 0 1 1 0 0 1 0 1 1 0 0 1 0 1 1 0 0 1 0 1 1 0 0 1 0 1 1 0 0 1 0 1 1 0 0 1 0 1 1 0 0 1 0 1 1 0 0 1 0 1 1 0 0 1 0 1 1 0 0 1 0 1 1 0 0 1 0 1 1 0 0 1 0 1 1 0 0 1 0 1 1 0 0 1 0 1 1 0 0 1 0 1 1 0 0 1 0 1 1 0 0 1 0 1 1 0 0 1 0 1 1 0 0 1 0 1 1 0 0 1 0 1 1 0 0 1 0 1 1 0 0 1 0 1 1 0 0 1 0 1 1 0 0 1 0 1 1 0 0 1 0 1 1 0 0 1 0 1 1 0 0 1 0 1 1 0 0 1 0 1 1 0 0 1 0 1 1 0 0 1 0 1 1 0 0 1 0 1 1 0 0 1 0 1 1 0 0 1 0 1 1 0 0 1 0 1 1 0 0 1 0 1 1 0 0 1 0 1 1 0 0 1 0 1 1 0 0 1 0 1 1 0 0 1 0 1 1 0 0 1 0 1 1 0 0 1 0 1 1 0 0 1 0 1 1 0 0 1 0 1 1 0 0 1 0 1 1 0 0 1 0 1 1 0 0 1 0 1 1 0 0 1 0 1 1 0 0 1 0 1 1 0 0 1 0 1 1 0 0 1 0 1 1 0 0 1 0 1 1 0 0 1 0 1 1 0 0 1 0 1 1 0 0 1 0 1 1 0 0 1 0 1 1 0 0 1 0 1 1 0 0 1 0 1 1 0 0 1 0 1 1 0 0 1 0 1 1 0 0 1 0 1 1 0 0 1 0 1 1 0 0 1 0 1 1 0 0 1 0 1 1 0 0 1 0 1 1 0 0 1 0 1 1 0 0 1 0 1 1 0 0 1 0 1 1 0 0 1 0 1 1 0 0 1 0 1 1 0 0 1 0 1 1 0 0 1 0 1 1 0 0 1 0 1 1 0 0 1 0 1 1 0 0 1 0 1 1 0 0 1 0 1 1 0 0 1 0 1 1 0 0 1 0 1 1 0 0 1 0 1 1 0 0 1 0 1 1 0 0 1 0 1 1 0 0 1 0 1 1 0 0 1 0 1 1 0 0 1 0 1 1 0 0 1 0 1 1 0 0 1 0 1 1 0 0 1 0 1 1 0 0 1 0 1 1 0 0 1 0 1 1 0 0 1 0 1 1 0 0 1 0 1 1 0 0 1 0 1 1 0 0 1 0 1 1 0 0 1 0 1 1 0 0 1 0 1 1 0 0 1 0 1 1 0 0 1 0 1 1 0 0 1 0 1 1 0 0 1 0 1 1 0 0 1 0 1 1 0 0 1 0 1 1 0 0 1 0 1 1 0 0 1 0 1 1 0 0 1 0 1 1 0 0 1 0 1 1 0 0 1 0 1 1 0 0 1 0 1 1 0 0 1 0 1 1 0 0 1 0 1 1 0 0 1 0 1 1 0 0 1 0 1 1 0 0 1 0 1 1 0 0 1 0 1 1 0 0 1 0 1 1 0 0 1 0 1 1 0 0 1 0 1 1 0 0 1 0 1 1 0 0 1 0 1 1 0 0 1 0 1 1 0 0 1 0 1 1 0 0 1 0 1 1 0 0 1 0 1 1 0 0 1 0 1 1 0 0 1 0 1 1 0 0 1 0 1 1 0 0 1 0 1 1 0 0 1 0 1 1 0 0 1 0 1 1 0 0 1 0 1 1 0 0 1 0 1 1 0 0 1 0 1 1 0 0 1 0 1 1 0 0 1 0 1 1 0 0 1 0 1 1 0 0 1 0 1 1 0 0 1 0 1 1 0 0 1 0 1 1 0 0 1 0 1 1 0 0 1 0 1 1 0 0 1 0 1 1 0 0 1 0 1 1 0 0 1 0 1 1 0 0 1 0 1 1 0 0 1 0 1 1 0 0 1 0 1 1 0 0 1 0 1 1 0 0 1 0 1 1 0 0 1 0 1 1 0 0 1 0 1 1 0 0 1 0 1 1 0 0 1 0 1 1 0 0 1 0 1 1 0 0 1 0 1 1 0 0 1 0 1 1 0 0 1 0 1 1 0 0 1 0 1 1 0 0 1 0 1 1 0 0 1 0 1 1 0 0 1 0 1 1 0 0 1 0 1 1 0 0 1 0 1 1 0 0 1 0 1 1 0 0 1 0 1 1 0 0 1 0 1 1 0 0 1 0 1 1 0 0 1 0 1 1 0 0 1 0 1 1 0 0 1 0 1 1 0 0 1 0 1 1 0 0 1 0 1 1 0 0 1 0 1 1 0 0 1 0 1 1 0 0 1 0 1 1 0 0 1 0 1 1 0 0 1 0 1 1 0 0 1 0 1 1 0 0 1 0 1 1 0 0 1 0 1 1 0 0 1 0 1 1 0 0 1 0 1 1 0 0 1 0 1 1 0 0 1 0 1 1 0 0 1 0 1 1 0 0 1 0 1 1 0 0 1 0 1 1 0 0 1 0 1 1 0 0 1 0 1 1 0 0 1 0 1 1 0 0 1 0 1 1 0 0 1 0 1 1 0 0 1 0 1 1 0 0 1 0 1 1 0 0 1 0 1 1 0 0 1 0 1 1 0 0 1 0 1 1 0 0 1 0 1 1 0 0 1 0 1 1 0 0 1 0 1 1 0 0 1 0 1 1 0 0 1 0 1 1 0 0 1 0 1 1 0 0 1 0 1 1 0 0 1 0 1 1 0 0 1 0 1 1 0 0 1 0 1 1 0 0 1 0 1 1 0 0 1 0 1 1 0 0 1 0 1 1 0 0 1 0 1 1 0 0 1 0 1 1 0 0 1 0 1 1 0 0 1 0 1 1 0 0 1 0 1 1 0 0 1 0 1 1 0 0 1 0 1 1 0 0 1 0 1 1 0 0 1 0 1 1 0 0 1 0 1 1 0 0 1 0 1 1 0 0 1 0 1 1 0 0 1 0 1 1 0 0 1 0 1 1 0 0 1 0 1 1 0 0 1 0 1 1 0 0 1 0 1 1 0 0 1 0 1 1 0 0 1 0 1 1 0 0 1 0 1 1 0 0 1 0 1 1 0 0 1 0 1 1 0 0 1 0 1 1 0 0 1 0 1 1 0 0 1 0 1 1 0 0 1 0 1 1 0 0 1 0 1 1 0 0 1 0 1 1 0 0 1 0 1 1 0 0 1 0 1 1 0 0 1 0 1 1 0 0 1 0 1 1 0 0 1 0 1 1 0 0 1 0 1 1 0 0 1 0 1 1 0 0 1 0 1 1 0 0 1 0 1 1 0 0 1 0 1 1 0 0 1 0 1 1 0 0 1 0 1 1 0 0 1 0 1 1 0 0 1 0 1 1 0 0 1 0 1 1 0 0 1 0 1 1 0 0 1 0 1 1 0 0 1 0 1 1 0 0 1 0 1 1 0 0 1 0 1 1 0 0 1 0 1 1 0 0 1 0 1 1 0 0 1 0 1 1 0 0 1 0 1 1 0 0 1 0 1 1 0 0 1 0 1 1 0 0 1 0 1 1 0 0 1 0 1 1 0 0 1 0 1 1 0 0 1 0 1 1 0 0 1 0 1 1 0 0 1 0 1 1 0 0 1 0 1 1 0 0 1 0 1 1 0 0 1 0 1 1 0 0 1 0 1 1 0 0 1 0 1 1 0 0 1 0 1 1 0 0 1 0 1 1 0 0 1 0 1 1 0 0 1 0 1 1 0 0 1 0 1 1 0 0 1 0 1 1 0 0 1 0 1 1 0 0 1 0 1 1 0 0 1 0 1 1 0 0 1 0 1 1 0 0 1 0 1 1 0 0 1 0 1 1 0 0 1 0 1 1 0 0 1 0 1 1 0 0 1 0 1 1 0 0 1 0 1 1 0 0 1 0 1 1 0 0 1 0 1 1 0 0 1 0 1 1 0 0 1 0 1 1 0 0 1 0 1 1 0 0 1 0 1 1 0 0 1 0 1 1 0 0 1 0 1 1 0 0 1 0 1 1 0 0 1 0 1 1 0 0 1 0 1 1 0 0 1 0 1 1 0 0 1 0 1 1 0 0 1 0 1 1 0 0 1 0 1 1 0 0 1 0 1 1 0 0 1 0 1 1 0 0 1 0 1 1 0 0 1 0 1 1 0 0 1 0 1 1 0 0 1 0 1 1 0 0 1 0 1 1 0 0 1 0 1 1 0 0 1 0 1 1 0 0 1 0 1 1 0 0 1 0 1 1 0 0 1 0 1 1 0 0 1 0 1 1 0 0 1 0 1 1 0 0 1 0 1 1 0 0 1 0 1 1 0 0 1 0 1 1 0 0 1 0 1 1 0 0 1 0 1 1 0 0 1 0 1 1 0 0 1 0 1 1 0 0 1 0 1 1 0 0 1 0 1 1 0 0 1 0 1 1 0 0 1 0 1 1 0 0 1 0 1 1 0 0 1 0 1 1 0 0 1 0 1 1 0 0 1 0 1 1 0 0 1 0 1 1 0 0 1 0 1 1 0 0 1 0 1 1 0 0 1 0 1 1 0 0 1 0 1 1 0 0 1 0 1 1 0 0 1 0 1 1 0 0 1 0 1 1 0 0 1 0 1 1 0 0 1 0 1 1 0 0 1 0 1 1 0 0 1 0 1 1 0 0 1 0 1 1 0 0 1 0 1 1 0 0 1 0 1 1 0 0 1 0 1 1 0 0 1 0 1 1 0 0 1 0 1 1 0 0 1 0 1 1 0 0 1 0 1 1 0 0 1 0 1 1 0 0 1 0 1 1 0 0 1 0 1 1 0 0 1 0 1 1 0 0 1 0 1 1 0 0 1 0 1 1 0 0 1 0 1 1 0 0 1 0 1 1 0 0 1 0 1 1 0 0 1 0 1 1 0 0 1 0 1 1 0 0 1 0 1 1 0 0 1 0 1 1 0 0 1 0 1 1 0 0 1 0 1 1 0 0 1 0 1 1 0 0 1 0 1 1 0 0 1 0 1 1 0 0 1 0 1 1 0 0 1 0 1 1 0 0 1 0 1 1 0 0 1 0 1 1 0 0 1 0 1 1 0 0 1 0 1 1 0 0 1 0 1 1 0 0 1 0 1 1 0 0 1 0 1 1 0 0 1 0 1 1 0 0 1 0 1 1 0 0 1 0 1 1 0 0 1 0 1 1 0 0 1 0 1 1 0 0 1 0 1 1 0 0 1 0 1 1 0 0 1 0 1 1 0 0 1 0 1 1 0 0 1 0 1 1 0 0 1 0 1 1 0 0 1 0 1 1 0 0 1 0 1 1 0 0 1 0 1 1 0 0 1 0 1 1 0 0 1 0 1 1 0 0 1 0 1 1 0 0 1 0 1 1 0 0 1 0 1 1 0 0 1 0 1 1 0 0 1 0 1 1 0 0 1 0 1 1 0 0 1 0 1 1 0 0 1 0 1 1 0 0 1 0 1 1 0 0 1 0 1 1 0 0 1 0 1 1 0 0 1 0 1 1 0 0 1 0 1 1 0 0 1 0 1 1 0 0 1 0 1 1 0 0 1 0 1 1 0 0 1 0 1 1 0 0 1 0 1 1 0 0 1 0 1 1 0 0 1 0 1 1 0 0 1 0 1 1 0 0 1 0 1 1 0 0 1 0 1 1 0 0 1 0 1 1 0 0 1 0 1 1 0 0 1 0 1 1 0 0 1 0 1 1 0 0 1 0 1 1 0 0 1 0 1 1 0 0 1 0 1 1 0 0 1 0 1 1 0 0 1 0 1 1 0 0 1 0 1 1 0 0 1 0 1 1 0 0 1 0 1 1 0 0 1 0 1 1 0 0 1 0 1 1 0 0 1 0 1 1 0 0 1 0 1 1 0 0 1 0 1 1 0 0 1 0 1 1 0 0 1 0 1 1 0 0 1 0 1 1 0 0 1 0 1 1 0 0 1 0 1 1 0 0 1 0 1 1 0 0 1 0 1 1 0 0 1 0 1 1 0 0 1 0 1 1 0 0 1 0 1 1 0 0 1 0 1 1 0 0 1 0 1 1 0 0 1 0 1 1 0 0 1 0 1 1 0 0 1 0 1 1 0 0 1 0 1 1 0 0 1 0 1 1 0 0 1 0 1 1 0 0 1 0 1 1 0 0 1 0 1 1 0 0 1 0 1 1 0 0 1 0 1 1 0 0 1 0 1 1 0 0 1 0 1 1 0 0 1 0 1 1 0 0 1 0 1 1 0 0 1 0 1 1 0 0 1 0 1 1 0 0 1 0 1 1 0 0 1 0 1 1 0 0 1 0 1 1 0 0 1 0 1 1 0 0 1 0 1 1 0 0 1 0 1 1 0 0 1 0 1 1 0 0 1 0 1 1 0 0 1 0 1 1 0 0 1 0 1 1 0 0 1 0 1 1 0 0 1 0 1 1 0 0 1 0 1 1 0 0 1 0 1 1 0 0 1 0 1 1 0 0 1 0 1 1 0 0 1 0 1 1 0 0 1 0 1 1 0 0 1 0 1 1 0 0 1 0 1 1 0 0 1 0 1 1 0 0 1 0 1 1 0 0 1 0 1 1 0 0 1 0 1 1 0 0 1 0 1 1 0 0 1 0 1 1 0 0 1 0 1 1 0 0 1 0 1 1 0 0 1 0 1 1 0 0 1 0 1 1 0 0 1 0 1 1 0 0 1 0 1 1 0 0 1 0 1 1 0 0 1 0 1 1 0 0 1 0 1 1 0 0 1 0 1 1 0 0 1 0 1 1 0 0 1 0 1 1 0 0 1 0 1 1 0 0 1 0 1 1 0 0 1 0 1 1 0 0 1 0 1 1 0 0 1 0 1 1 0 0 1 0 1 1 0 0 1 0 1 1 0 0 1 0 1 1 0 0 1 0 1 1 0 0 1 0 1 1 0 0 1 0 1 1 0 0 1 0 1 1 0 0 1 0 1 1 0 0 1 0 1 1 0 0 1 0 1 1 0 0 1 0 1 1 0 0 1 0 1 1 0 0 1 0 1 1 0 0 1 0 1 1 0 0 1 0 1 1 0 0 1 0 1 1 0 0 1 0 1 1 0 0 1 0 1 1 0 0 1 0 1 1 0 0 1 0 1 1 0 0 1 0 1 1 0 0 1 0 1 1 0 0 1 0 1 1 0 0 1 0 1 1 0 0 1 0 1 1 0 0 1 0 1 1 0 0 1 0 1 1 0 0 1 0 1 1 0 0 1 0 1 1 0 0 1 0 1 1 0 0 1 0 1 1 0 0 1 0 1 1 0 0 1 0 1 1 0 0 1 0 1 1 0 0 1 0 1 1 0 0 1 0 1 1 0 0 1 0 1 1 0 0 1 0 1 1 0 0 1 0 1 1 0 0 1 0 1 1 0 0 1 0 1 1 0 0 1 0 1 1 0 0 1 0 1 1 0 0 1 0 1 1 0 0 1 0 1 1 0 0 1 0 1 1 0 0 1 0 1 1 0 0 1 0 1 1 0 0 1 0 1 1 0 0 1 0 1 1 0 0 1 0 1 1 0 0 1 0 1 1 0 0 1 0 1 1 0 0 1 0 1 1 0 0 1 0 1 1 0 0 1 0 1 1 0 0 1 0 1 1 0 0 1 0 1 1 0 0 1 0 1 1 0 0 1 0 1 1 0 0 1 0 1 1 0 0 1 0 1 1 0 0 1 0 1 1 0 0 1 0 1 1 0 0 1 0 1 1 0 0 1 0 1 1 0 0 1 0 1 1 0 0 1 0 1 1 0 0 1 0 1 1 0 0 1 0 1 1 0 0 1 0 1 1 0 0 1 0 1 1 0 0 1 0 1 1 0 0 1 0 1 1 0 0 1 0 1 1 0 0 1 0 1 1 0 0 1 0 1 1 0 0 1 0 1 1 0 0 1 0 1 1 0 0 1 0 1 1 0 0 1 0 1 1 0 0 1 0 1 1 0 0 1 0 1 1 0 0 1 0 1 1 0 0 1 0 1 1 0 0 1 0 1 1 0 0 1 0 1 1 0 0 1 0 1 1 0 0 1 0 1 1 0 0 1 0 1 1 0 0 1 0 1 1 0 0 1 0 1 1 0 0 1 0 1 1 0 0 1 0 1 1 0 0 1 0 1 1 0 0 1 0 1 1 0 0 1 0 1 1 0 0 1 0 1 1 0 0 1 0 1 1 0 0 1 0 1 1 0 0 1 0 1 1 0 0 1 0 1 1 0 0 1 0 1 1 0 0 1 0 1 1 0 0 1 0 1 1 0 0 1 0 1 1 0 0 1 0 1 1 0 0 1 0 1 1 0 0 1 0 1 1 0 0 1 0 1 1 0 0 1 0 1 1 0 0 1 0 1 1 0 0 1 0 1 1 0 0 1 0 1 1 0 0 1 0 1 1 0 0 1 0 1 1 0 0 1 0 1 1 0 0 1 0 1 1 0 0 1 0 1 1 0 0 1 0 1 1 0 0 1 0 1 1 0 0 1 0 1 1 0 0 1 0 1 1 0 0 1 0 1 1 0 0 1 0 1 1 0 0 1 0 1 1 0 0 1 0 1 1 0 0 1 0 1 1 0 0 1 0 1 1 0 0 1 0 1 1 0 0 1 0 1 1 0 0 1 0 1 1 0 0 1 0 1 1 0 0 1 0 1 1 0 0 1 0 1 1 0 0 1 0 1 1 0 0 1 0 1 1 0 0 1 0 1 1 0 0 1 0 1 1 0 0 1 0 1 1 0 0 1 0 1 1 0 0 1 0 1 1 0 0 1 0 1 1 0 0 1 0 1 1 0 0 1 0 1 1 0 0 1 0 1 1 0 0 1 0 1 1 0 0 1 0 1 1 0 0 1 0 1 1 0 0 1 0 1 1 0 0 1 0 1 1 0 0 1 0 1 1 0 0 1 0 1 1 0 0 1 0 1 1 0 0 1 0 1 1 0 0 1 0 1 1 0 0 1 0 1 1 0 0 1 0 1 1 0 0 1 0 1 1 0 0 1 0 1 1 0 0 1 0 1 1 0 0 1 0 1 1 0 0 1 0 1 1 0 0 1 0 1 1 0 0 1 0 1 1 0 0 1 0 1 1 0 0 1 0 1 1 0 0 1 0 1 1 0 0 1 0 1 1 0 0 1 0 1 1 0 0 1 0 1 1 0 0 1 0 1 1 0 0 1 0 1 1 0 0 1 0 1 1 0 0 1 0 1 1 0 0 1 0 1 1 0 0 1 0 1 1 0 0 1 0 1 1 0 0 1 0 1 1 0 0 1 0 1 1 0 0 1 0 1 1 0 0 1 0 1 1 0 0 1 0 1 1 0 0 1 0 1 1 0 0 1 0 1 1 0 0 1 0 1 1 0 0 1 0 1 1 0 0 1 0 1 1 0 0 1 0 1 1 0 0 1 0 1 1 0 0 1 0 1 1 0 0 1 0 1 1 0 0 1 0 1 1 0 0 1 0 1 1 0 0 1 0 1 1 0 0 1 0 1 1 0 0 1 0 1 1 0 0 1 0 1 1 0 0 1 0 1 1 0 0 1 0 1 1 0 0 1 0 1 1 0 0 1 0 1 1 0 0 1 0 1 1 0 0 1 0 1 1 0 0 1 0 1 1 0 0 1 0 1 1 0 0 1 0 1 1 0 0 1 0 1 1 0 0 1 0 1 1 0 0 1 0 1 1 0 0 1 0 1 1 0 0 1 0 1 1 0 0 1 0 1 1 0 0 1 0 1 1 0 0 1 0 1 1 0 0 1 0 1 1 0 0 1 0 1 1 0 0 1 0 1 1 0 0 1 0 1 1 0 0 1 0 1 1 0 0 1 0 1 1 0 0 1 0 1 1 0 0 1 0 1 1 0 0 1 0 1 1 0 0 1 0 1 1 0 0 1 0 1 1 0 0 1 0 1 1 0 0 1 0 1 1 0 0 1 0 1 1 0 0 1 0 1 1 0 0 1 0 1 1 0 0 1 0 1 1 0 0 1 0 1 1 0 0 1 0 1 1 0 0 1 0 1 1 0 0 1 0 1 1 0 0 1 0 1 1 0 0 1 0 1 1 0 0 1 0 1 1 0 0 1 0 1 1 0 0 1 0 1 1 0 0 1 0 1 1 0 0 1 0 1 1 0 0 1 0 1 1 0 0 1 0 1 1 0 0 1 0 1 1 0 0 1 0 1 1 0 0 1 0 1 1 0 0 1 0 1 1 0 0 1 0 1 1 0 0 1 0 1 1 0 0 1 0 1 1 0 0 1 0 1 1 0 0 1 0 1 1 0 0 1 0 1 1 0 0 1 0 1 1 0 0 1 0 1 1 0 0 1 0 1 1 0 0 1 0 1 1 0 0 1 0 1 1 0 0 1 0 1 1 0 0 1 0 1 1 0 0 1 0 1 1 0 0 1 0 1 1 0 0 1 0 1 1 0 0 1 0 1 1 0 0 1 0 1 1 0 0 1 0 1 1 0 0 1 0 1 1 0 0 1 0 1 1 0 0 1 0 1 1 0 0 1 0 1 1 0 0 1 0 1 1 0 0 1 0 1 1 0 0 1 0 1 1 0 0 1 0 1 1 0 0 1 0 1 1 0 0 1 0 1 1 0 0 1 0 1 1 0 0 1 0 1 1 0 0 1 0 1 1 0 0 1 0 1 1 0 0 1 0 1 1 0 0 1 0 1 1 0 0 1 0 1 1 0 0 1 0 1 1 0 0 1 0 1 1 0 0 1 0 1 1 0 0 1 0 1 1 0 0 1 0 1 1 0 0 1 0 1 1 0 0 1 0 1 1 0 0 1 0 1 1 0 0 1 0 1 1 0 0 1 0 1 1 0 0 1 0 1 1 0 0 1 0 1 1 0 0 1 0 1 1 0 0 1 0 1 1 0 0 1 0 1 1 0 0 1 0 1 1 0 0 1 0 1 1 0 0 1 0 1 1 0 0 1 0 1 1 0 0 1 0 1 1 0 0 1 0 1 1 0 0 1 0 1 1 0 0 1 0 1 1 0 0 1 0 1 1 0 0 1 0 1 1 0 0 1 0 1 1 0 0 1 0 1 1 0 0 1 0 1 1 0 0 1 0 1 1 0 0 1 0 1 1 0 0 1 0 1 1 0 0 1 0 1 1 0 0 1 0 1 1 0 0 1 0 1 1 0 0 1 0 1 1 0 0 1 0 1 1 0 0 1 0 1 1 0 0 1 0 1 1 0 0 1 0 1 1 0 0 1 0 1 1 0 0 1 0 1 1 0 0 1 0 1 1 0 0 1 0 1 1 0 0 1 0 1 1 0 0 1 0 1 1 0 0 1 0 1 1 0 0 1 0 1 1 0 0 1 0 1 1 0 0 1 0 1 1 0 0 1 0 1 1 0 0 1 0 1 1 0 0 1 0 1 1 0 0 1 0 1 1 0 0 1 0 1 1 0 0 1 0 1 1 0 0 1 0 1 1 0 0 1 0 1 1 0 0 1 0 1 1 0 0 1 0 1 1 0 0 1 0 1 1 0 0 1 0 1 1 0 0 1 0 1 1 0 0 1 0 1 1 0 0 1 0 1 1 0 0 1 0 1 1 0 0 1 0 1 1 0 0 1 0 1 1 0 0 1 0 1 1 0 0 1 0 1 1 0 0 1 0 1 1 0 0 1 0 1 1 0 0 1 0 1 1 0 0 1 0 1 1 0 0 1 0 1 1 0 0 1 0 1 1 0 0 1 0 1 1 0 0 1 0 1 1 0 0 0 0 0 0 0 0 0 0 0 0 0 0 0 0 0 0 0 0 0 0 0 0 0 0 0 0 0 0 0 0 0 0 0 0 0 0 0 0 0 0 0 0 0 0 0 0 0 0 0 0 0 0 0 0 0 0 0 0 0 0 0 0 0 0 0 0 0 0 0 0 0 0 0 0 0 0 0 0 0 0 0 0 0 0 0 0 0 0 0 0 0 0 0 0 0 0 0 0 0 0 0 0 0 0 0 0 0 0 0 0 0 0 0 0 0 0 0 0 0 0 0 0 0 0 0 0 0 0 0 0 0 0 0 0 0 0 0 0 0 0 0 0 0 0 0 0 0 0 0 0 0 0 0 0 0 0 0 0 0 0 0 0 0 0 0 0 0 0 0 0 0 0 0 0 0 0 0 0 0 0 0 0 0 0 0 0 0 0 0 0 0 0 0 0 0 0 0 0 0 0 0 0 0 0 0 0 0 0 0 0 0 0 0 0 0 0 0 0 0 0 0 0 0 0 0 0 0 0 0 0 0 0 0 0 0 0 0 0 0 0 0 0 0 0 0 0 0 0 0 0 0 0 0 0 0 0 0 0 0 0 0 0 0 0 0 0 0 0 0 0 0 0 0 0 0 0 0 0 0 0 0 0 0 0 0 0 0 0 0 0 0 0 0 0 0 0 0 0 0 0 0 0 0 0 0 0 0 0 0 0 0 0 0 0 0 0 0 0 0 0 0 0 0 0 0 0 0 0 0 0 0 0 0 0 0 0 0 0 0 0 0 0 0 0 0 0 0 0 0 0 0 0 0 0 0 0 0 0 0 0 0 0 0 0 0 0 0 0 0 0 0 0 0 0 0 0 0 0 0 0 0 0 0 0 0 0 0 0 0 0 0 0 0 0 0 0 0 0 0 0 0 0 0 0 0 0 0 0 0 0 0 0 0 0 0 0 0 0 0 0 0 0 0 0 0 0 0 0 0 0 0 0 0 0 0 0 0 0 0 0 0 0 0 0 0 0 0 0 0 0 0 0 0 0 0 0 0 0 0 0 0 0 0 0 0 0 0 0 0 0 0 0 0 0 0 0 0 0 0 0 0 0 0 0 0 0 0 0 0 0 0 0 0 0 0 0 0 0 0 0 0 0 0 0 0 0 0 0 0 0 0 0 0 0 0 0 0 0 0 0 0 0 0 0 0 0 0 0 0 0 0 0 0 0 0 0 0 0 0 0 0 0 0 0 0 0 0 0 0 0 0 0 0 0 0 0 0 0 0 0 0 0 0 0 0 0 0 0 0 0 0 0 0 0 0 0 0 0 0 0 0 0 0 0 0 0 0 0 0 0 0 0 0 0 0 0 0 0 0 0 0 0 0 0 0 0 0 0 0 0 0 0 0 0 0 0 0 0 0 0 0 0 0 0 0 0 0 0 0 0 0 0 0 0 0 0 0 0 0 0 0 0 0 0 0 0 0 0 0 0 0 0 0 0 0 0 0 0 0 0 0 0 0 0 0 0 0 0 0 0 0 0 0 0 0 0 0 0 0 0 0 0 0 0 0 0 0 0 0 0 0 0 0 0 0 0 0 0 0 0 0 0 0 0 0 0 0 0 0 0 0 0 0 0 0 0 0 0 0 0 0 0 0 0 0 0 0 0 0 0 0 0 0 0 0 0 0 0 0 0 0 0 0 0 0 0 0 0 0 0 0 0 0 0 0 0 0 0 0 0 0 0 0 0 0 0 0 0 0 0 0 0 0 0 0 0 0 0 0 0 0 0 0 0 0 0 0 0 0 0 0 0 0 0 0 0 0 0 0 0 0 0 0 0 0 0 0 0 0 0 0 0 0 0 0 0 0 0 0 0 0 0 0 0 0 0 0 0 0 0 0 0 0 0 0 0 0 0 0 0 0 0 0 0 0 0 0 0 0 0 0 0 0 0 0 0 0 0 0 0 0 0 0 0 0 0 0 0 0 0 0 0 0 0 0 0 0 0 0 0 0 0 0 0 0 0 0 0 0 0 0 0 0 0 0 0 0 0 0 0 0 0 0 0 0 0 0 0 0 0 0 0 0 0 0 0 0 0 0 0 0 0 0 0 0 0 0 0 0 0 0 0 0 0 0 0 0 0 0 0 0 0 0 0 0 0 0 0 0 0 0 0 0 0 0 0 0 0 0 0 0 0 0 0 0 0 0 0 0 0 0 0 0 0 0 0 0 0 0 0 0 0 0 0 0 0 0 0 0 0 0 0 0 0 0 0 0 0 0 0 0 0 0 0 0 0 0 0 0 0 0 0 0 0 0 0 0 0 0 0 0 0 0 0 0 0 0 0 0 0 0 0 0 0 0 0 0 0 0 0 0 0 0 0 0 0 0 0 0 0 0 0 0 0 0 0 0 0 0 0 0 0 0 0 0 0 0 0 0 0 0 0 0 0 0 0 0 0 0 0 0 0 0 0 0 0 0 0 0 0 0 0 0 0 0 0 0 0 0 0 0 0 0 0 0 0 0 0 0 0 0 0 0 0 0 0 0 0 0 0 0 0 0 0 0 0 0 0 0 0 0 0 0 0 0 0 0 0 0 0 0 0 0 0 0 0 0 0 0 0 0 0 0 0 0 0 0 0 0 0 0 0 0 0 0 0 0 0 0 0 0 0 0 0 0 0 0 0 0 0 0 0 0 0 0 0 0 0 0 0 0 0 0 0 0 0 0 0 0 0 0 0 0 0 0 0 0 0 0 0 0 0 0 0 0 0 0 0 0 0 0 0 0 0 0 0 0 0 0 0 0 0 0 0 0 0 0 0 0 0 0 0 0 0 0 0 0 0 0 0 0 0 0 0 0 0 0 0 0 0 0 0 0 0 0 0 0 0 0 0 0 0 0 0 0 0 0 0 0 0 0 0 0 0 0 0 0 0 0 0 0 0 0 0 0 0 0 0 0 0 0 0 0 0 0 0 0 0 0 0 0 0 0 0 0 0 0 0 0 0 0 0 0 0 0 0 0 0 0 0 0 0 0 0 0 0 0 0 0 0 0 0 0 0 0 0 0 0 0 0 0 0 0 0 0 0 0 0 0 0 0 0 0 0 0 0 0 0 0 0 0 0 0 0 0 0 0 0 0 0 0 0 0 0 0 0 0 0 0 0 0 0 0 0 0 0 0 0 0 0 0 0 0 0 0 0 0 0 0 0 0 0 0 0 0 0 0 0 0 0 0 0 0 0 0 0 0 0 0 0 0 0 0 0 0 0 0 0 0 0 0 0 0 0 0 0 0 0 0 0 0 0 0 0 0 0 0 0 0 0 0 0 0 0 0 0 0 0 0 0 0 0 0 0 0 0 0 0 0 0 0 0 0 0 0 0 0 0 0 0 0 0 0 0 0 0 0 0 0 0 0 0 0 0 0 0 0 0 0 0 0 0 0 0 0 0 0 0 0 0 0 0 0 0 0 0 0 0 0 0 0 0 0 0 0 0 0 0 0 0 0 0 0 0 0 0 0 0 0 0 0 0 0 0 0 0 0 0 0 0 0 0 0 0 0 0 0 0 0 0 0 0 0 0 0 0 0 0 0 0 0 0 0 0 0 0 0 0 0 0 0 0 0 0 0 0 0 0 0 0 0 0 0 0 0 0 0 0 0 0 0 0 0 0 0 0 0 0 0 0 0 0 0 0 0 0 0 0 0 0 0 0 0 0 0 0 0 0 0 0 0 0 0 0 0 0 0 0 0 0 0 0 0 0 0 0 0 0 0 0 0 0 0 0 0 0 0 0 0 0 0 0 0 0 0 0 0 0 0 0 0 0 0 0 0 0 0 0 0 0 0 0 0 0 0 0 0 0 0 0 0 0 0 0 0 0 0 0 0 0 0 0 0 0 0 0 0 0 0 0 0 0 0 0 0 0 0 0 0 0 0 0 0 0 0 0 0 0 0 0 0 0 0 0 0 0 0 0 0 0 0 0 0 0 0 0 0 0 0 0 0 0 0 0 0 0 0 0 0 0 0 0 0 0 0 0 0 0 0 0 0 0 0 0 0 0 0 0 0 0 0 0 0 0 0 0 0 0 0 0 0 0 0 0 0 0 0 0 0 0 0 0 0 0 0 0 0 0 0 0 0 0 0 0 0 0 0 0 0 0 0 0 0 0 0 0 0 0 0 0 0 0 0 0 0 0 0 0 0 0 0 0 0 0 0 0 0 0 0 0 0 0 0 0 0 0 0 0 0 0 0 0 0 0 0 0 0 0 0 0 0 0 0 0 0 0 0 0 0 0 0 0 0 0 0 0 0 0 0 0 0 0 0 0 0 0 0 0 0 0 0 0 0 0 0 0 0 0 0 0 0 0 0 0 0 0 0 0 0 0 0 0 0 0 0 0 0 0 0 0 0 0 0 0 0 0 0 0 0 0 0 0 0 0 0 0 0 0 0 0 0 0 0 0 0 0 0 0 0 0 0 0 0 0 0 0 0 0 0 0 0 0 0 0 0 0 0 0 0 0 0 0 0 0 0 0 0 0 0 0 0 0 0 0 0 0 0 0 0 0 0 0 0 0 0 0 0 0 0 0 0 0 0 0 0 0 0 0 0 0 0 0 0 0 0 0 0 0 0 0 0 0 0 0 0 0 0 0 0 0 0 0 0 0 0 0 0 0 0 0 0 0 0 0 0 0 0 0 0 0 0 0 0 0 0 0 0 0 0 0 0 0 0 0 0 0 0 0 0 0 0 0 0 0 0 0 0 0 0 0 0 0 0 0 0 0 0 0 0 0 0 0 0 0 0 0 0 0 0 0 0 0 0 0 0 0 0 0 0 0 0 0 0 0 0 0 0 0 0 0 0 0 0 0 0 0 0 0 0 0 0 0 0 0 0 0 0 0 0 0 0 0 0 0 0 0 0 0 0 0 0 0 0 0 0 0 0 0 0 0 0 0 0 0 0 0 0 0 0 0 0 0 0 0 0 0 0 0 0 0 0 0 0 0 0 0 0 0 0 0 0 0 0 0 0 0 0 0 0 0 0 0 0 0 0 0 0 0 0 0 0 0 0 0 0 0 0 0 0 0 0 0 0 0 0 0 0 0 0 0 0 0 0 0 0 0 0 0 0 0 0 0 0 0 0 0 0 0 0 0 0 0 0 0 0 0 0 0 0 0 0 0 0 0 0 0 0 0 0 0 0 0 0 0 0 0 0 0 0 0 0 0 0 0 0 0 0 0 0 0 0 0 0 0 0 0 0 0 0 0 0 0 0 0 0 0 0 0 0 0 0 0 0 0 0 0 0 0 0 0 0 0 0 0 0 0 0 0 0 0 0 0 0 0 0 0 0 0 0 0 0 0 0 0 0 0 0 0 0 0 0 0 0 0 0 0 0 0 0 0 0 0 0 0 0 0 0 0 0 0 0 0 0 0 0 0 0 0 0 0 0 0 0 0 0 0 0 0 0 0 0 0 0 0 0 0 0 0 0 0 0 0 0 0 0 0 0 0 0 0 0 0 0 0 0 0 0 0 0 0 0 0 0 0 0 0 0 0 0 0 0 0 0 0 0 0 0 0 0 0 0 0 0 0 0 0 0 0 0 0 0 0 0 0 0 0 0 0 0 0 0 0 0 0 0 0 0 0 0 0 0 0 0 0 0 0 0 0 0 0 0 0 0 0 0 0 0 0 0 0 0 0 0 0 0 0 0 0 0 0 0 0 0 0 0 0 0 0 0 0 0 0 0 0 0 0 0 0 0 0 0 0 0 0 0 0 0 0 0 0 0 0 0 0 0 0 0 0 0 0 0 0 0 0 0 0 0 0 0 0 0 0 0 0 0 0 0 0 0 0 0 0 0 0 0 0 0 0 0 0 0 0 0 0 0 0 0 0 0 0 0 0 0 0 0 0 0 0 0 0 0 0 0 0 0 0 0 0 0 0 0 0 0 0 0 0 0 0 0 0 0 0 0 0 0 0 0 0 0 0 0 0 0 0 0 0 0 0 0 0 0 0 0 0 0 0 0 0 0 0 0 0 0 0 0 0 0 0 0 0 0 0 0 0 0 0 0 0 0 0 0 0 0 0 0 0 0 0 0 0 0 0 0 0 0 0 0 0 0 0 0 0 0 0 0 0 0 0 0 0 0 0 0 0 0 0 0 0 0 0 0 0 0 0 0 0 0 0 0 0 0 0 0 0 0 0 0 0 0 0 0 0 0 0 0 0 0 0 0 0 0 0 0 0 0 0 0 0 0 0 0 0 0 0 0 0 0 0 0 0 0 0 0 0 0 0 0 0 0 0 0 0 0 0 0 0 0 0 0 0 0 0 0 0 0 0 0 0 0 0 0 0 0 0 0 0 0 0 0 0 0 0 0 0 0 0 0 0 0 0 0 0 0 0 0 0 0 0 0 0 0 0 0 0 0 0 0 0 0 0 0 0 0 0 0 0 0 0 0 0 0 0 0 0 0 0 0 0 0 0 0 0 0 0 0 0 0 0 0 0 0 0 0 0 0 0 0 0 0 0 0 0 0 0 0 0 0 0 0 0 0 0 0 0 0 0 0 0 0 0 0 0 0 0 0 0 0 0 0 0 0 0 0 0 0 0 0 0 0 0 0 0 0 0 0 0 0 0 0 0 0 0 0 0 0 0 0 0 0 0 0 0 0 0 0 0 0 0 0 0 0 0 0 0 0 0 0 0 0 0 0 0 0 0 0 0 0 0 0 0 0 0 0 0 0 0 0 0 0 0 0 0 0 0 0 0 0 0 0 0 0 0 0 0 0 0 0 0 0 0 0 0 0 0 0 0 0 0 0 0 0 0 0 0 0 0 0 0 0 0 0 0 0 0 0 0 0 0 0 0 0 0 0 0 0 0 0 0 0 0 0 0 0 0 0 0 0 0 0 0 0 0 0 0 0 0 0 0 0 0 0 0 0 0 0 0 0 0 0 0 0 0 0 0 0 0 0 0 0 0 0 0 0 0 0 0 0 0 0 0 0 0 0 0 0 0 0 0 0 0 0 0 0 0 0 0 0 0 0 0 0 0 0 0 0 0 0 0 0 0 0 0 0 0 0 0 0 0 0 0 0 0 0 0 0 0 0 0 0 0 0 0 0 0 0 0 0 0 0 0 0 0 0 0 0 0 0 0 0 0 0 0 0 0 0 0 0 0 0 0 0 0 0 0 0 0 0 0 0 0 0 0 0 0 0 0 0 0 0 0 0 0 0 0 0 0 0 0 0 0 0 0 0 0 0 0 0 0 0 0 0 0 0 0 0 0 0 0 0 0 0 0 0 0 0 0 0 0 0 0 0 0 0 0 0 0 0 0 0 0 0 0 0 0 0 0 0 0 0 0 0 0 0 0 0 0 0 0 0 0 0 0 0 0 0 0 0 0 0 0 0 0 0 0 0 0 0 0 0 0 0 0 0 0 0 0 0 0 0 0 0 0 0 0 0 0 0 0 0 0 0 0 0 0 0 0 0 0 0 0 0 0 0 0 0 0 0 0 0 0 0 0 0 0 0 0 0 0 0 0 0 0 0 0 0 0 0 0 0 0 0 0 0 0 0 0 0 0 0 0 0 0 0 0 0 0 0 0 0 0 0 0 0 0 0 0 0 0 0 0 0 0 0 0 0 0 0 0 0 0 0 0 0 0 0 0 0 0 0 0 0 0 0 0 0 0 0 0 0 0 0 0 0 0 0 0 0 0 0 0 0 0 0 0 0 0 0 0 0 0 0 0 0 0 0 0 0 0 0 0 0 0 0 0 0 0 0 0 0 0 0 0 0 0 0 0 0 0 0 0 0 0 0 0 0 0 0 0 0 0 0 0 0 0 0 0 0 0 0 0 0 0 0 0 0 0 0 0 0 0 0 0 0 0 0 0 0 0 0 0 0 0 0 0 0 0 0 0 0 0 0 0 0 0 0 0 0 0 0 0 0 0 0 0 0 0 0 0 0 0 0 0 0 0 0 0 0 0 0 0 0 0 0 0 0 0 0 0 0 0 0 0 0 0 0 0 0 0 0 0 0 0 0 0 0 0 0 0 0 0 0 0 0 0 0 0 0 0 0 0 0 0 0 0 0 0 0 0 0 0 0 0 0 0 0 0 0 0 0 0 0 0 0 0 0 0 0 0 0 0 0 0 0 0 0 0 0 0 0 0 0 0 0 0 0 0 0 0 0 0 0 0 0 0 0 0 0 0 0 0 0 0 0 0 0 0 0 0 0 0 0 0 0 0 0 0 0 0 0 0 0 0 0 0 0 0 0 0 0 0 0 0 0 0 0 0 0 0 0 0 0 0 0 0 0 0 0 0 0 0 0 0 0 0 0 0 0 0 0 0 0 0 0 0 0 0 0 0 0 0 0 0 0 0 0 0 0 0 0 0 0 0 0 0 0 0 0 0 0 0 0 0 0 0 0 0 0 0 0 0 0 0 0 0 0 0 0 0 0 0 0 0 0 0 0 0 0 0 0 0 0 0 0 0 0 0 0 0 0 0 0 0 0 0 0 0 0 0 0 0 0 0 0 0 0 0 0 0 0 0 0 0 0 0 0 0 0 0 0 0 0 0 0 0 0 0 0 0 0 0 0 0 0 0 0 0 0 0 0 0 0 0 0 0 0 0 0 0 0 0 0 0 0 0 0 0 0 0 0 0 0 0 0 0 0 0 0 0 0 0 0 0 0 0 0 0 0 0 0 0 0 0 0 0 0 0 0 0 0 0 0 0 0 0 0 0 0 0 0 0 0 0 0 0 0 0 0 0 0 0 0 0 0 0 0 0 0 0 0 0 0 0 0 0 0 0 0 0 0 0 0 0 0 0 0 0 0 0 0 0 0 0 0 0 0 0 0 0 0 0 0 0 0 0 0 0 0 0 0 0 0 0 0 0 0 0 0 0 0 0 0 0 0 0 0 0 0 0 0 0 0 0 0 0 0 0 0 0 0 0 0 0 0 0 0 0 0 0 0 0 0 0 0 0 0 0 0 0 0 0 0 0 0 0 0 0 0 0 0 0 0 0 0 0 0 0 0 0 0 0 0 0 0 0 0 0 0 0 0 0 0 0 0 0 0 0 0 0 0 0 0 0 0 0 0 0 0 0 0 0 0 0 0 0 0 0 0 0 0 0 0 0 0 0 0 0 0 0 0 0 0 0 0 0 0 0 0 0 0 0 0 0 0 0 0 0 0 0 0 0 0 0 0 0 0 0 0 0 0 0 0 0 0 0 0 0 0 0 0 0 0 0 0 0 0 0 0 0 0 0 0 0 0 0 0 0 0 0 0 0 0 0 0 0 0 0 0 0 0 0 0 0 0 0 0 0 0 0 0 0 0 0 0 0 0 0 0 0 0 0 0 0 0 0 0 0 0 0 0 0 0 0 0 0 0 0 0 0 0 0 0 0 0 0 0 0 0 0 0 0 0 0 0 0 0 0 0 0 0 0 0 0 0 0 0 0 0 0 0 0 0 0 0 0 0 0 0 0 0 0 0 0 0 0 0 0 0 0 0 0 0 0 0 0 0 0 0 0 0 0 0 0 0 0 0 0 0 0 0 0 0 0 0 0 0 0 0 0 0 0 0 0 0 0 0 0 0 0 0 0 0 0 0 0 0 0 0 0 0 0 0 0 0 0 0 0 0 0 0 0 0 0 0 0 0 0 0 0 0 0 0 0 0 0 0 0 0 0 0 0 0 0 0 0 0 0 0 0 0 0 0 0 0 0 0 0 0 0 0 0 0 0 0 0 0 0 0 0 0 0 0 0 0 0 0 0 0 0 0 0 0 0 0 0 0 0 0 0 0 0 0 0 0 0 0 0 0 0 0 0 0 0 0 0 0 0 0 0 0 0 0 0 0 0 0 0 0 0 0 0 0 0 0 0 0 0 0 0 0 0 0 0 0 0 0 0 0 0 0 0 0 0 0 0 0 0 0 0 0 0 0 0 0 0 0 0 0 0 0 0 0 0 0 0 0 0 0 0 0 0 0 0 0 0 0 0 0 0 0 0 0 0 0 0 0 0 0 0 0 0 0 0 0 0 0 0 0 0 0 0 0 0 0 0 0 0 0 0 0 0 0 0 0 0 0 0 0 0 0 0 0 0 0 0 0 0 0 0 0 0 0 0 0 0 0 0 0 0 0 0 0 0 0 0 0 0 0 0 0 0 0 0 0 0 0 0 0 0 0 0 0 0 0 0 0 0 0 0 0 0 0 0 0 0 0 0 0 0 0 0 0 0 0 0 0 0 0 0 0 0 0 0 0 0 0 0 0 0 0 0 0 0 0 0 0 0 0 0 0 0 0 0 0 0 0 0 0 0 0 0 0 0 0 0 0 0 0 0 0 0 0 0 0 0 0 0 0 0 0 0 0 0 0 0 0 0 0 0 0 0 0 0 0 0 0 0 0 0 0 0 0 0 0 0 0 0 0 0 0 0 0 0 0 0 0 0 0 0 0 0 0 0 0 0 0 0 0 0 0 0 0 0 0 0 0 0 0 0 0 0 0 0 0 0 0 0 0 0 0 0 0 0 0 0 0 0 0 0 0 0 0 0 0 0 0 0 0 0 0 0 0 0 0 0 0 0 0 0 0 0 0 0 0 0 0 0 0 0 0 0 0 0 0 0 0 0 0 0 0 0 0 0 0 0 0 0 0 0 0 0 0 0 0 0 0 0 0 0 0 0 0 0 0 0 0 0 0 0 0 0 0 0 0 0 0 0 0 0 0 0 0 0 0 0 0 0 0 0 0 0 0 0 0 0 0 0 0 0 0 0 0 0 0 0 0 0 0 0 0 0 0 0 0 0 0 0 0 0 0 0 0 0 0 0 0 0 0 0 0 0 0 0 0 0 0 0 0 0 0 0 0 0 0 0 0 0 0 0 0 0 0 0 0 0 0 0 0 0 0 0 0 0 0 0 0 0 0 0 0 0 0 0 0 0 0 0 0 0 0 0 0 0 0 0 0 0 0 0 0 0 0 0 0 0 0 0 0 0 0 0 0 0 0 0 0 0 0 0 0 0 0 0 0 0 0 0 0 0 0 0 0 0 0 0 0 0 0 0 0 0 0 0 0 0 0 0 0 0 0 0 0 0 0 0 0 0 0 0 0 0 0 0 0 0 0 0 0 0 0 0 0 0 0 0 0 0 0 0 0 0 0 0 0 0 0 0 0 0 0 0 0 0 0 0 0 0 0 0 0 0 0 0 0 0 0 0 0 0 0 0 0 0 0 0 0 0 0 0 0 0 0 0 0 0 0 0 0 0 0 0 0 0 0 0 0 0 0 0 0 0 0 0 0 0 0 0 0 0 0 0 0 0 0 0 0 0 0 0 0 0 0 0 0 0 0 0 0 0 0 0 0 0 0 0 0 0 0 0 0 0 0 0 0 0 0 0 0 0 0 0 0 0 0 0 0 0 0 0 0 0 0 0 0 0 0 0 0 0 0 0 0 0 0 0 0 0 0 0 0 0 0 0 0 0 0 0 0 0 0 0 0 0 0 0 0 0 0 0 0 0 0 0 0 0 0 0 0 0 0 0 0 0 0 0 0 0 0 0 0 0 0 0 0 0 0 0 0 0 0 0 0 0 0 0 0 0 0 0 0 0 0 0 0 0 0 0 0 0 0 0 0 0 0 0 0 0 0 0 0 0 0 0 0 0 0 0 0 0 0 0 0 0 0 0 0 0 0 0 0 0 0 0 0 0 0 0 0 0 0 0 0 0 0 0 0 0 0 0 0 0 0 0 0 0 0 0 0 0 0 0 0 0 0 0 0 0 0 0 0 0 0 0 0 0 0 0 0 0 0 0 0 0 0 0 0 0 0 0 0 0 0 0 0 0 0 0 0 0 0 0 0 0 0 0 0 0 0 0 0 0 0 0 0 0 0 0 0 0 0 0 0 0 0 0 0 0 0 0 0 0 0 0 0 0 0 0 0 0 0 0 0 0 0 0 0 0 0 0 0 0 0 0 0 0 0 0 0 0 0 0 0 0 0 0 0 0 0 0 0 0 0 0 0 0 0 0 0 0 0 0 0 0 0 0 0 0 0 0 0 0 0 0 0 0 0 0 0 0 0 0 0 0 0 0 0 0 0 0 0 0 0 0 0 0 0 0 0 0 0 0 0 0 0 0 0 0 0 0 0 0 0 0 0 0 0 0 0 0 0 0 0 0 0 0 0 0 0 0 0 0 0 0 0 0 0 0 0 0 0 0 0 0 0 0 0 0 0 0 0 0 0 0 0 0 0 0 0 0 0 0 0 0 0 0 0 0 0 0 0 0 0 0 0 0 0 0 0 0 0 0 0 0 0 0 0 0 0 0 0 0 0 0 0 0 0 0 0 0 0 0 0 0 0 0 0 0 0 0 0 0 0 0 0 0 0 0 0 0 0 0 0 0 0 0 0 0 0 0 0 0 0 0 0 0 0 0 0 0 0 0 0 0 0 0 0 0 0 0 0 0 0 0 0 0 0 0 0 0 0 0 0 0 0 0 0 0 0 0 0 0 0 0 0 0 0 0 0 0 0 0 0 0 0 0 0 0 0 0 0 0 0 0 0 0 0 0 0 0 0 0 0 0 0 0 0 0 0 0 0 0 0 0 0 0 0 0 0 0 0 0 0 0 0 0 0 0 0 0 0 0 0 0 0 0 0 0 0 0 0 0 0 0 0 0 0 0 0 0 0 0 0 0 0 0 0 0 0 0 0 0 0 0 0 0 0 0 0 0 0 0 0 0 0 0 0 0 0 0 0 0 0 0 0 0 0 0 0 0 0 0 0 0 0 0 0 0 0 0 0 0 0 0 0 0 0 0 0 0 0 0 0 0 0 0 0 0 0 0 0 0 0 0 0 0 0 0 0 0 0 0 0 0 0 0 0 0 0 0 0 0 0 0 0 0 0 0 0 0 0 0 0 0 0 0 0 0 0 0 0 0 0 0 0 0 0 0 0 0 0 0 0 0 0 0 0 0 0 0 0 0 0 0 0 0 0 0 0 0 0 0 0 0 0 0 0 0 0 0 0 0 0 0 0 0 0 0 0 0 0 0 0 0 0 0 0 0 0 0 0 0 0 0 0 0 0 0 0 0 0 0 0 0 0 0 0 0 0 0 0 0 0 0 0 0 0 0 0 0 0 0 0 0 0 0 0 0 0 0 0 0 0 0 0 0 0 0 0 0 0 0 0 0 0 0 0 0 0 0 0 0 0 0 0 0 0 0 0 0 0 0 0 0 0 0 0 0 0 0 0 0 0 0 0 0 0 0 0 0 0 0 0 0 0 0 0 0 0 0 0 0 0 0 0 0 0 0 0 0 0 0 0 0 0 0 0 0 0 0 0 0 0 0 0 0 0 0 0 0 0 0 0 0 0 0 0 0 0 0 0 0 0 0 0 0 0 0 0 0 0 0 0 0 0 0 0 0 0 0 0 0 0 0 0 0 0 0 0 0 0 0 0 0 0 0 0 0 0 0 0 0 0 0 0 0 0 0 0 0 0 0 0 0 0 0 0 0 0 0 0 0 0 0 0 0 0 0 0 0 0 0 0 0 0 0 0 0 0 0 0 0 0 0 0 0 0 0 0 0 0 0 0 0 0 0 0 0 0 0 0 0 0 0 0 0 0 0 0 0 0 0 0 0 0 0 0 0 0 0 0 0 0 0 0 0 0 0 0 0 0 0 0 0 0 0 0 0 0 0 0 0 0 0 0 0 0 0 0 0 0 0 0 0 0 0 0 0 0 0 0 0 0 0 0 0 0 0 0 0 0 0 0 0 0 0 0 0 0 0 0 0 0 0 0 0 0 0 0 0 0 0 0 0 0 0 0 0 0 0 0 0 0 0 0 0 0 0 0 0 0 0 0 0 0 0 0 0 0 0 0 0 0 0 0 0 0 0 0 0 0 0 0 0 0 0 0 0 0 0 0 0 0 0 0 0 0 0 0 0 0 0 0 0 0 0 0 0 0 0 0 0 0 0 0 0 0 0 0 0 0 0 0 0 0 0 0 0 0 0 0 0 0 0 0 0 0 0 0 0 0 0 0 0 0 0 0 0 0 0 0 0 0 0 0 0 0 0 0 0</float_array>
          <technique_common>
            <accessor source="#RailsRubber-mesh-map-array" count="24960" stride="2">
              <param name="S" type="float" />
              <param name="T" type="float" />
            </accessor>
          </technique_common>
        </source>
        <vertices id="RailsRubber-mesh-vertices">
          <input semantic="POSITION" source="#RailsRubber-mesh-positions" />
        </vertices>
        <triangles material="RailsRubber-material" count="8320">
          <input semantic="VERTEX" source="#RailsRubber-mesh-vertices" offset="0" />
          <input semantic="NORMAL" source="#RailsRubber-mesh-normals" offset="1" />
          <input semantic="TEXCOORD" source="#RailsRubber-mesh-map" offset="2" set="0" />
          <p>0 0 0 1 0 1 2 0 2 0 1 3 2 1 4 3 1 5 4 2 6 3 2 7 5 2 8 4 3 9 5 3 10 6 3 11 7 4 12 8 4 13 9 4 14 7 5 15 9 5 16 10 5 17 7 6 18 10 6 19 11 6 20 7 7 21 11 7 22 12 7 23 13 8 24 12 8 25 14 8 26 13 9 27 14 9 28 15 9 29 16 10 30 15 10 31 17 10 32 16 11 33 17 11 34 18 11 35 19 12 36 18 12 37 1 12 38 19 13 39 1 13 40 0 13 41 20 14 42 3 14 43 4 14 44 20 15 45 0 15 46 3 15 47 21 16 48 6 16 49 22 16 50 21 17 51 4 17 52 6 17 53 23 18 54 24 18 55 8 18 56 23 19 57 8 19 58 7 19 59 23 20 60 12 20 61 13 20 62 23 21 63 7 21 64 12 21 65 25 22 66 13 22 67 15 22 68 25 23 69 15 23 70 16 23 71 26 24 72 16 24 73 18 24 74 26 25 75 18 25 76 19 25 77 27 26 78 19 26 79 0 26 80 27 27 81 0 27 82 20 27 83 28 28 84 20 28 85 4 28 86 28 29 87 4 29 88 21 29 89 29 30 90 22 30 91 30 30 92 29 31 93 21 31 94 22 31 95 31 32 96 32 32 97 24 32 98 31 33 99 24 33 100 23 33 101 31 34 102 23 34 103 13 34 104 31 35 105 13 35 106 25 35 107 33 36 108 25 36 109 16 36 110 33 37 111 16 37 112 26 37 113 34 38 114 19 38 115 27 38 116 34 39 117 26 39 118 19 39 119 35 40 120 20 40 121 28 40 122 35 41 123 27 41 124 20 41 125 36 42 126 28 42 127 21 42 128 36 43 129 21 43 130 29 43 131 37 44 132 30 44 133 38 44 134 37 45 135 29 45 136 30 45 137 39 46 138 40 46 139 32 46 140 39 47 141 25 47 142 33 47 143 39 48 144 32 48 145 31 48 146 39 49 147 31 49 148 25 49 149 41 50 150 33 50 151 26 50 152 41 51 153 26 51 154 34 51 155 42 52 156 34 52 157 27 52 158 42 53 159 27 53 160 35 53 161 43 54 162 28 54 163 36 54 164 43 55 165 35 55 166 28 55 167 44 56 168 29 56 169 37 56 170 44 57 171 36 57 172 29 57 173 45 58 174 38 58 175 46 58 176 45 59 177 37 59 178 38 59 179 47 60 180 39 60 181 33 60 182 47 61 183 48 61 184 40 61 185 47 62 186 40 62 187 39 62 188 47 63 189 33 63 190 41 63 191 49 64 192 41 64 193 34 64 194 49 65 195 34 65 196 42 65 197 50 66 198 42 66 199 35 66 200 50 67 201 35 67 202 43 67 203 51 68 204 36 68 205 44 68 206 51 69 207 43 69 208 36 69 209 52 70 210 44 70 211 37 70 212 52 71 213 37 71 214 45 71 215 53 72 216 45 72 217 46 72 218 53 73 219 46 73 220 54 73 221 55 74 222 56 74 223 48 74 224 55 75 225 48 75 226 47 75 227 55 76 228 47 76 229 41 76 230 55 77 231 41 77 232 49 77 233 57 78 234 49 78 235 42 78 236 57 79 237 42 79 238 50 79 239 58 80 240 50 80 241 43 80 242 58 81 243 43 81 244 51 81 245 59 82 246 51 82 247 44 82 248 59 83 249 44 83 250 52 83 251 60 84 252 45 84 253 53 84 254 60 85 255 52 85 256 45 85 257 61 86 258 53 86 259 54 86 260 61 87 261 54 87 262 62 87 263 63 88 264 64 88 265 56 88 266 63 89 267 56 89 268 55 89 269 63 90 270 55 90 271 49 90 272 63 91 273 49 91 274 57 91 275 65 92 276 50 92 277 58 92 278 65 93 279 57 93 280 50 93 281 66 94 282 58 94 283 51 94 284 66 95 285 51 95 286 59 95 287 67 96 288 59 96 289 52 96 290 67 97 291 52 97 292 60 97 293 68 98 294 60 98 295 53 98 296 68 99 297 53 99 298 61 99 299 69 100 300 62 100 301 70 100 302 69 101 303 61 101 304 62 101 305 71 102 306 72 102 307 64 102 308 71 103 309 63 103 310 57 103 311 71 104 312 57 104 313 65 104 314 71 105 315 64 105 316 63 105 317 73 106 318 65 106 319 58 106 320 73 107 321 58 107 322 66 107 323 74 108 324 66 108 325 59 108 326 74 109 327 59 109 328 67 109 329 75 110 330 60 110 331 68 110 332 75 111 333 67 111 334 60 111 335 76 112 336 61 112 337 69 112 338 76 113 339 68 113 340 61 113 341 77 114 342 70 114 343 78 114 344 77 115 345 69 115 346 70 115 347 79 116 348 80 116 349 81 116 350 79 117 351 81 117 352 82 117 353 83 118 354 84 118 355 72 118 356 83 119 357 72 119 358 71 119 359 83 120 360 71 120 361 65 120 362 85 121 363 80 121 364 79 121 365 83 122 366 65 122 367 73 122 368 86 123 369 73 123 370 66 123 371 85 124 372 87 124 373 80 124 374 86 125 375 66 125 376 74 125 377 88 126 378 79 126 379 82 126 380 89 127 381 74 127 382 67 127 383 88 128 384 82 128 385 90 128 386 89 129 387 67 129 388 75 129 389 91 130 390 92 130 391 87 130 392 91 131 393 87 131 394 85 131 395 93 132 396 75 132 397 68 132 398 93 133 399 68 133 400 76 133 401 94 134 402 85 134 403 79 134 404 95 135 405 76 135 406 69 135 407 94 136 408 79 136 409 88 136 410 95 137 411 69 137 412 77 137 413 96 138 414 90 138 415 97 138 416 98 139 417 78 139 418 99 139 419 98 140 420 77 140 421 78 140 422 96 141 423 88 141 424 90 141 425 100 142 426 101 142 427 84 142 428 100 143 429 73 143 430 86 143 431 102 144 432 103 144 433 92 144 434 100 145 435 84 145 436 83 145 437 102 146 438 92 146 439 91 146 440 100 147 441 83 147 442 73 147 443 104 148 444 85 148 445 94 148 446 105 149 447 74 149 448 89 149 449 105 150 450 86 150 451 74 150 452 104 151 453 91 151 454 85 151 455 106 152 456 89 152 457 75 152 458 107 153 459 94 153 460 88 153 461 106 154 462 75 154 463 93 154 464 107 155 465 88 155 466 96 155 467 108 156 468 93 156 469 76 156 470 109 157 471 97 157 472 110 157 473 108 158 474 76 158 475 95 158 476 109 159 477 96 159 478 97 159 479 111 160 480 77 160 481 98 160 482 112 161 483 113 161 484 103 161 485 112 162 486 103 162 487 102 162 488 111 163 489 95 163 490 77 163 491 114 164 492 98 164 493 99 164 494 114 165 495 99 165 496 115 165 497 114 166 498 115 166 499 81 166 500 116 167 501 102 167 502 91 167 503 114 168 504 81 168 505 80 168 506 116 169 507 91 169 508 104 169 509 117 170 510 86 170 511 105 170 512 117 171 513 118 171 514 101 171 515 117 172 516 101 172 517 100 172 518 117 173 519 100 173 520 86 173 521 119 174 522 104 174 523 94 174 524 119 175 525 94 175 526 107 175 527 120 176 528 89 176 529 106 176 530 121 177 531 107 177 532 96 177 533 120 178 534 105 178 535 89 178 536 122 179 537 106 179 538 93 179 539 122 180 540 93 180 541 108 180 542 121 181 543 96 181 544 109 181 545 123 182 546 110 182 547 124 182 548 125 183 549 95 183 550 111 183 551 125 184 552 108 184 553 95 184 554 123 185 555 109 185 556 110 185 557 126 186 558 127 186 559 128 186 560 126 187 561 128 187 562 129 187 563 126 188 564 129 188 565 113 188 566 126 189 567 113 189 568 112 189 569 130 190 570 111 190 571 98 190 572 130 191 573 98 191 574 114 191 575 130 192 576 114 192 577 80 192 578 131 193 579 102 193 580 116 193 581 130 194 582 80 194 583 87 194 584 131 195 585 112 195 586 102 195 587 132 196 588 118 196 589 117 196 590 132 197 591 133 197 592 118 197 593 134 198 594 116 198 595 104 198 596 132 199 597 105 199 598 120 199 599 132 200 600 117 200 601 105 200 602 135 201 603 106 201 604 122 201 605 134 202 606 104 202 607 119 202 608 135 203 609 120 203 610 106 203 611 136 204 612 108 204 613 125 204 614 137 205 615 119 205 616 107 205 617 137 206 618 107 206 619 121 206 620 136 207 621 122 207 622 108 207 623 138 208 624 125 208 625 111 208 626 138 209 627 111 209 628 130 209 629 139 210 630 121 210 631 109 210 632 139 211 633 109 211 634 123 211 635 138 212 636 130 212 637 87 212 638 138 213 639 87 213 640 92 213 641 140 214 642 141 214 643 133 214 644 142 215 645 124 215 646 143 215 647 140 216 648 132 216 649 120 216 650 140 217 651 133 217 652 132 217 653 140 218 654 120 218 655 135 218 656 142 219 657 123 219 658 124 219 659 144 220 660 145 220 661 127 220 662 146 221 663 135 221 664 122 221 665 144 222 666 127 222 667 126 222 668 146 223 669 122 223 670 136 223 671 144 224 672 112 224 673 131 224 674 144 225 675 126 225 676 112 225 677 147 226 678 136 226 679 125 226 680 147 227 681 125 227 682 138 227 683 148 228 684 131 228 685 116 228 686 147 229 687 138 229 688 92 229 689 148 230 690 116 230 691 134 230 692 147 231 693 92 231 694 103 231 695 149 232 696 150 232 697 141 232 698 151 233 699 134 233 700 119 233 701 149 234 702 141 234 703 140 234 704 151 235 705 119 235 706 137 235 707 149 236 708 140 236 709 135 236 710 149 237 711 135 237 712 146 237 713 152 238 714 146 238 715 136 238 716 152 239 717 103 239 718 113 239 719 153 240 720 121 240 721 139 240 722 152 241 723 147 241 724 103 241 725 153 242 726 137 242 727 121 242 728 152 243 729 136 243 730 147 243 731 154 244 732 155 244 733 150 244 734 154 245 735 128 245 736 155 245 737 154 246 738 152 246 739 113 246 740 154 247 741 129 247 742 128 247 743 154 248 744 150 248 745 149 248 746 154 249 747 146 249 748 152 249 749 156 250 750 139 250 751 123 250 752 154 251 753 113 251 754 129 251 755 154 252 756 149 252 757 146 252 758 156 253 759 123 253 760 142 253 761 157 254 762 142 254 763 143 254 764 157 255 765 143 255 766 158 255 767 159 256 768 160 256 769 145 256 770 159 257 771 131 257 772 148 257 773 159 258 774 145 258 775 144 258 776 159 259 777 144 259 778 131 259 779 161 260 780 134 260 781 151 260 782 161 261 783 148 261 784 134 261 785 162 262 786 137 262 787 153 262 788 162 263 789 151 263 790 137 263 791 163 264 792 153 264 793 139 264 794 163 265 795 139 265 796 156 265 797 164 266 798 156 266 799 142 266 800 164 267 801 142 267 802 157 267 803 165 268 804 157 268 805 158 268 806 165 269 807 158 269 808 166 269 809 167 270 810 168 270 811 160 270 812 167 271 813 159 271 814 148 271 815 167 272 816 148 272 817 161 272 818 167 273 819 160 273 820 159 273 821 169 274 822 151 274 823 162 274 824 169 275 825 161 275 826 151 275 827 170 276 828 153 276 829 163 276 830 170 277 831 162 277 832 153 277 833 171 278 834 156 278 835 164 278 836 171 279 837 163 279 838 156 279 839 172 280 840 164 280 841 157 280 842 172 281 843 157 281 844 165 281 845 173 282 846 165 282 847 166 282 848 173 283 849 166 283 850 174 283 851 175 284 852 176 284 853 168 284 854 175 285 855 168 285 856 167 285 857 175 286 858 161 286 859 169 286 860 175 287 861 167 287 862 161 287 863 177 288 864 169 288 865 162 288 866 177 289 867 162 289 868 170 289 869 178 290 870 170 290 871 163 290 872 178 291 873 163 291 874 171 291 875 179 292 876 164 292 877 172 292 878 179 293 879 171 293 880 164 293 881 180 294 882 165 294 883 173 294 884 180 295 885 172 295 886 165 295 887 181 296 888 174 296 889 182 296 890 181 297 891 173 297 892 174 297 893 183 298 894 184 298 895 176 298 896 183 299 897 169 299 898 177 299 899 183 300 900 176 300 901 175 300 902 183 301 903 175 301 904 169 301 905 185 302 906 177 302 907 170 302 908 185 303 909 170 303 910 178 303 911 186 304 912 178 304 913 171 304 914 186 305 915 171 305 916 179 305 917 187 306 918 172 306 919 180 306 920 187 307 921 179 307 922 172 307 923 188 308 924 180 308 925 173 308 926 188 309 927 173 309 928 181 309 929 189 310 930 182 310 931 190 310 932 189 311 933 181 311 934 182 311 935 191 312 936 192 312 937 184 312 938 191 313 939 184 313 940 183 313 941 191 314 942 183 314 943 177 314 944 191 315 945 177 315 946 185 315 947 193 316 948 185 316 949 178 316 950 193 317 951 178 317 952 186 317 953 194 318 954 186 318 955 179 318 956 194 319 957 179 319 958 187 319 959 195 320 960 180 320 961 188 320 962 195 321 963 187 321 964 180 321 965 196 322 966 188 322 967 181 322 968 196 323 969 181 323 970 189 323 971 197 324 972 190 324 973 198 324 974 197 325 975 189 325 976 190 325 977 199 326 978 200 326 979 192 326 980 199 327 981 192 327 982 191 327 983 199 328 984 191 328 985 185 328 986 199 329 987 185 329 988 193 329 989 201 330 990 186 330 991 194 330 992 201 331 993 193 331 994 186 331 995 202 332 996 194 332 997 187 332 998 202 333 999 187 333 1000 195 333 1001 203 334 1002 188 334 1003 196 334 1004 203 335 1005 195 335 1006 188 335 1007 204 336 1008 196 336 1009 189 336 1010 204 337 1011 189 337 1012 197 337 1013 2 338 1014 198 338 1015 205 338 1016 2 339 1017 197 339 1018 198 339 1019 206 340 1020 199 340 1021 193 340 1022 206 341 1023 207 341 1024 200 341 1025 206 342 1026 200 342 1027 199 342 1028 206 343 1029 193 343 1030 201 343 1031 11 344 1032 201 344 1033 194 344 1034 11 345 1035 194 345 1036 202 345 1037 14 346 1038 202 346 1039 195 346 1040 14 347 1041 195 347 1042 203 347 1043 17 348 1044 203 348 1045 196 348 1046 17 349 1047 196 349 1048 204 349 1049 1 350 1050 204 350 1051 197 350 1052 1 351 1053 197 351 1054 2 351 1055 3 352 1056 2 352 1057 205 352 1058 3 353 1059 205 353 1060 5 353 1061 10 354 1062 9 354 1063 207 354 1064 10 355 1065 207 355 1066 206 355 1067 10 356 1068 201 356 1069 11 356 1070 10 357 1071 206 357 1072 201 357 1073 12 358 1074 202 358 1075 14 358 1076 12 359 1077 11 359 1078 202 359 1079 15 360 1080 14 360 1081 203 360 1082 15 361 1083 203 361 1084 17 361 1085 18 362 1086 204 362 1087 1 362 1088 18 363 1089 17 363 1090 204 363 1091 208 364 1092 209 364 1093 210 364 1094 209 365 1095 211 365 1096 210 365 1097 210 366 1098 211 366 1099 212 366 1100 213 367 1101 214 367 1102 215 367 1103 211 368 1104 216 368 1105 212 368 1106 212 368 1107 216 368 1108 217 368 1109 215 369 1110 218 369 1111 219 369 1112 214 370 1113 218 370 1114 215 370 1115 216 371 1116 220 371 1117 217 371 1118 217 372 1119 220 372 1120 221 372 1121 218 373 1122 222 373 1123 219 373 1124 220 374 1125 223 374 1126 221 374 1127 221 375 1128 223 375 1129 224 375 1130 219 376 1131 225 376 1132 226 376 1133 222 376 1134 225 376 1135 219 376 1136 223 377 1137 227 377 1138 224 377 1139 224 378 1140 227 378 1141 228 378 1142 226 379 1143 229 379 1144 230 379 1145 230 380 1146 229 380 1147 231 380 1148 225 381 1149 229 381 1150 226 381 1151 228 382 1152 232 382 1153 233 382 1154 227 383 1155 232 383 1156 228 383 1157 229 384 1158 234 384 1159 231 384 1160 233 385 1161 235 385 1162 236 385 1163 232 386 1164 235 386 1165 233 386 1166 235 387 1167 214 387 1168 236 387 1169 236 388 1170 214 388 1171 213 388 1172 231 389 1173 237 389 1174 238 389 1175 238 390 1176 237 390 1177 239 390 1178 234 391 1179 237 391 1180 231 391 1181 239 392 1182 240 392 1183 241 392 1184 237 390 1185 240 390 1186 239 390 1187 241 393 1188 242 393 1189 243 393 1190 240 394 1191 242 394 1192 241 394 1193 243 395 1194 244 395 1195 245 395 1196 242 396 1197 244 396 1198 243 396 1199 244 397 1200 246 397 1201 245 397 1202 246 398 1203 247 398 1204 245 398 1205 245 398 1206 247 398 1207 248 398 1208 247 399 1209 249 399 1210 248 399 1211 248 400 1212 249 400 1213 250 400 1214 249 401 1215 251 401 1216 250 401 1217 250 402 1218 251 402 1219 252 402 1220 251 403 1221 253 403 1222 252 403 1223 252 404 1224 253 404 1225 254 404 1226 253 405 1227 255 405 1228 254 405 1229 254 406 1230 255 406 1231 256 406 1232 255 407 1233 257 407 1234 256 407 1235 256 408 1236 257 408 1237 258 408 1238 257 409 1239 259 409 1240 258 409 1241 258 410 1242 259 410 1243 208 410 1244 259 411 1245 209 411 1246 208 411 1247 260 412 1248 261 412 1249 262 412 1250 260 413 1251 262 413 1252 263 413 1253 264 414 1254 263 414 1255 265 414 1256 264 415 1257 265 415 1258 266 415 1259 267 416 1260 268 416 1261 269 416 1262 267 417 1263 269 417 1264 270 417 1265 267 418 1266 270 418 1267 271 418 1268 267 419 1269 271 419 1270 272 419 1271 273 420 1272 272 420 1273 274 420 1274 273 421 1275 274 421 1276 275 421 1277 276 422 1278 275 422 1279 277 422 1280 276 423 1281 277 423 1282 278 423 1283 279 424 1284 278 424 1285 261 424 1286 279 425 1287 261 425 1288 260 425 1289 280 426 1290 263 426 1291 264 426 1292 280 427 1293 260 427 1294 263 427 1295 281 428 1296 266 428 1297 282 428 1298 281 429 1299 264 429 1300 266 429 1301 283 430 1302 284 430 1303 268 430 1304 283 431 1305 268 431 1306 267 431 1307 283 432 1308 272 432 1309 273 432 1310 283 433 1311 267 433 1312 272 433 1313 285 434 1314 273 434 1315 275 434 1316 285 435 1317 275 435 1318 276 435 1319 286 436 1320 276 436 1321 278 436 1322 286 437 1323 278 437 1324 279 437 1325 287 438 1326 279 438 1327 260 438 1328 287 439 1329 260 439 1330 280 439 1331 288 440 1332 280 440 1333 264 440 1334 288 441 1335 264 441 1336 281 441 1337 289 442 1338 282 442 1339 290 442 1340 289 443 1341 281 443 1342 282 443 1343 291 444 1344 292 444 1345 284 444 1346 291 445 1347 284 445 1348 283 445 1349 291 446 1350 283 446 1351 273 446 1352 291 447 1353 273 447 1354 285 447 1355 293 448 1356 285 448 1357 276 448 1358 293 449 1359 276 449 1360 286 449 1361 294 450 1362 279 450 1363 287 450 1364 294 451 1365 286 451 1366 279 451 1367 295 452 1368 280 452 1369 288 452 1370 295 453 1371 287 453 1372 280 453 1373 296 454 1374 288 454 1375 281 454 1376 296 455 1377 281 455 1378 289 455 1379 297 456 1380 290 456 1381 298 456 1382 297 457 1383 289 457 1384 290 457 1385 299 458 1386 300 458 1387 292 458 1388 299 459 1389 285 459 1390 293 459 1391 299 460 1392 292 460 1393 291 460 1394 299 461 1395 291 461 1396 285 461 1397 301 462 1398 293 462 1399 286 462 1400 301 463 1401 286 463 1402 294 463 1403 302 464 1404 294 464 1405 287 464 1406 302 465 1407 287 465 1408 295 465 1409 303 466 1410 288 466 1411 296 466 1412 303 467 1413 295 467 1414 288 467 1415 304 468 1416 289 468 1417 297 468 1418 304 469 1419 296 469 1420 289 469 1421 305 470 1422 298 470 1423 306 470 1424 305 471 1425 297 471 1426 298 471 1427 307 472 1428 299 472 1429 293 472 1430 307 473 1431 308 473 1432 300 473 1433 307 474 1434 300 474 1435 299 474 1436 307 475 1437 293 475 1438 301 475 1439 309 476 1440 301 476 1441 294 476 1442 309 477 1443 294 477 1444 302 477 1445 310 478 1446 302 478 1447 295 478 1448 310 479 1449 295 479 1450 303 479 1451 311 480 1452 296 480 1453 304 480 1454 311 481 1455 303 481 1456 296 481 1457 312 482 1458 304 482 1459 297 482 1460 312 483 1461 297 483 1462 305 483 1463 313 484 1464 305 484 1465 306 484 1466 313 485 1467 306 485 1468 314 485 1469 315 486 1470 316 486 1471 308 486 1472 315 487 1473 308 487 1474 307 487 1475 315 488 1476 307 488 1477 301 488 1478 315 489 1479 301 489 1480 309 489 1481 317 490 1482 309 490 1483 302 490 1484 317 491 1485 302 491 1486 310 491 1487 318 492 1488 310 492 1489 303 492 1490 318 493 1491 303 493 1492 311 493 1493 319 494 1494 311 494 1495 304 494 1496 319 495 1497 304 495 1498 312 495 1499 320 496 1500 305 496 1501 313 496 1502 320 497 1503 312 497 1504 305 497 1505 321 498 1506 313 498 1507 314 498 1508 321 499 1509 314 499 1510 322 499 1511 323 500 1512 324 500 1513 316 500 1514 323 501 1515 316 501 1516 315 501 1517 323 502 1518 315 502 1519 309 502 1520 323 503 1521 309 503 1522 317 503 1523 325 504 1524 310 504 1525 318 504 1526 325 505 1527 317 505 1528 310 505 1529 326 506 1530 318 506 1531 311 506 1532 326 507 1533 311 507 1534 319 507 1535 327 508 1536 319 508 1537 312 508 1538 327 509 1539 312 509 1540 320 509 1541 328 510 1542 320 510 1543 313 510 1544 328 511 1545 313 511 1546 321 511 1547 329 512 1548 322 512 1549 330 512 1550 329 513 1551 321 513 1552 322 513 1553 331 514 1554 332 514 1555 324 514 1556 331 515 1557 323 515 1558 317 515 1559 331 516 1560 317 516 1561 325 516 1562 331 517 1563 324 517 1564 323 517 1565 333 518 1566 325 518 1567 318 518 1568 333 519 1569 318 519 1570 326 519 1571 334 520 1572 326 520 1573 319 520 1574 334 521 1575 319 521 1576 327 521 1577 335 522 1578 320 522 1579 328 522 1580 335 523 1581 327 523 1582 320 523 1583 336 524 1584 321 524 1585 329 524 1586 336 525 1587 328 525 1588 321 525 1589 337 526 1590 330 526 1591 338 526 1592 337 527 1593 329 527 1594 330 527 1595 339 528 1596 340 528 1597 341 528 1598 339 529 1599 341 529 1600 342 529 1601 343 530 1602 344 530 1603 332 530 1604 343 531 1605 332 531 1606 331 531 1607 343 532 1608 331 532 1609 325 532 1610 345 533 1611 340 533 1612 339 533 1613 343 534 1614 325 534 1615 333 534 1616 346 535 1617 333 535 1618 326 535 1619 345 536 1620 347 536 1621 340 536 1622 346 537 1623 326 537 1624 334 537 1625 348 538 1626 339 538 1627 342 538 1628 349 539 1629 334 539 1630 327 539 1631 348 540 1632 342 540 1633 350 540 1634 349 541 1635 327 541 1636 335 541 1637 351 542 1638 352 542 1639 347 542 1640 351 543 1641 347 543 1642 345 543 1643 353 544 1644 335 544 1645 328 544 1646 353 545 1647 328 545 1648 336 545 1649 354 546 1650 345 546 1651 339 546 1652 355 547 1653 336 547 1654 329 547 1655 354 548 1656 339 548 1657 348 548 1658 355 549 1659 329 549 1660 337 549 1661 356 550 1662 350 550 1663 357 550 1664 358 551 1665 338 551 1666 359 551 1667 358 552 1668 337 552 1669 338 552 1670 356 553 1671 348 553 1672 350 553 1673 360 554 1674 361 554 1675 344 554 1676 360 555 1677 333 555 1678 346 555 1679 362 556 1680 363 556 1681 352 556 1682 360 557 1683 344 557 1684 343 557 1685 362 558 1686 352 558 1687 351 558 1688 360 559 1689 343 559 1690 333 559 1691 364 560 1692 345 560 1693 354 560 1694 365 561 1695 334 561 1696 349 561 1697 365 562 1698 346 562 1699 334 562 1700 364 563 1701 351 563 1702 345 563 1703 366 564 1704 349 564 1705 335 564 1706 367 565 1707 354 565 1708 348 565 1709 366 566 1710 335 566 1711 353 566 1712 367 567 1713 348 567 1714 356 567 1715 368 568 1716 353 568 1717 336 568 1718 369 569 1719 357 569 1720 370 569 1721 368 570 1722 336 570 1723 355 570 1724 369 571 1725 356 571 1726 357 571 1727 371 572 1728 337 572 1729 358 572 1730 372 573 1731 373 573 1732 363 573 1733 372 574 1734 363 574 1735 362 574 1736 371 575 1737 355 575 1738 337 575 1739 374 576 1740 358 576 1741 359 576 1742 374 577 1743 359 577 1744 375 577 1745 374 578 1746 375 578 1747 341 578 1748 376 579 1749 362 579 1750 351 579 1751 374 580 1752 341 580 1753 340 580 1754 376 581 1755 351 581 1756 364 581 1757 377 582 1758 346 582 1759 365 582 1760 377 583 1761 378 583 1762 361 583 1763 377 584 1764 361 584 1765 360 584 1766 377 585 1767 360 585 1768 346 585 1769 379 586 1770 364 586 1771 354 586 1772 379 587 1773 354 587 1774 367 587 1775 380 588 1776 349 588 1777 366 588 1778 381 589 1779 367 589 1780 356 589 1781 380 590 1782 365 590 1783 349 590 1784 382 591 1785 366 591 1786 353 591 1787 382 592 1788 353 592 1789 368 592 1790 381 593 1791 356 593 1792 369 593 1793 383 594 1794 370 594 1795 384 594 1796 385 595 1797 355 595 1798 371 595 1799 385 596 1800 368 596 1801 355 596 1802 383 597 1803 369 597 1804 370 597 1805 386 598 1806 387 598 1807 388 598 1808 386 599 1809 388 599 1810 389 599 1811 386 600 1812 389 600 1813 373 600 1814 386 601 1815 373 601 1816 372 601 1817 390 602 1818 371 602 1819 358 602 1820 390 603 1821 358 603 1822 374 603 1823 390 604 1824 374 604 1825 340 604 1826 391 605 1827 362 605 1828 376 605 1829 390 606 1830 340 606 1831 347 606 1832 391 607 1833 372 607 1834 362 607 1835 392 608 1836 378 608 1837 377 608 1838 392 609 1839 393 609 1840 378 609 1841 394 610 1842 376 610 1843 364 610 1844 392 611 1845 365 611 1846 380 611 1847 392 612 1848 377 612 1849 365 612 1850 395 613 1851 366 613 1852 382 613 1853 394 614 1854 364 614 1855 379 614 1856 395 615 1857 380 615 1858 366 615 1859 396 616 1860 368 616 1861 385 616 1862 397 617 1863 379 617 1864 367 617 1865 397 618 1866 367 618 1867 381 618 1868 396 619 1869 382 619 1870 368 619 1871 398 620 1872 385 620 1873 371 620 1874 398 621 1875 371 621 1876 390 621 1877 399 622 1878 381 622 1879 369 622 1880 399 623 1881 369 623 1882 383 623 1883 398 624 1884 390 624 1885 347 624 1886 398 625 1887 347 625 1888 352 625 1889 400 626 1890 401 626 1891 393 626 1892 402 627 1893 384 627 1894 403 627 1895 400 628 1896 392 628 1897 380 628 1898 400 629 1899 393 629 1900 392 629 1901 400 630 1902 380 630 1903 395 630 1904 402 631 1905 383 631 1906 384 631 1907 404 632 1908 405 632 1909 387 632 1910 406 633 1911 395 633 1912 382 633 1913 404 634 1914 387 634 1915 386 634 1916 406 635 1917 382 635 1918 396 635 1919 404 636 1920 372 636 1921 391 636 1922 404 637 1923 386 637 1924 372 637 1925 407 638 1926 396 638 1927 385 638 1928 407 639 1929 385 639 1930 398 639 1931 408 640 1932 391 640 1933 376 640 1934 407 641 1935 398 641 1936 352 641 1937 408 642 1938 376 642 1939 394 642 1940 407 643 1941 352 643 1942 363 643 1943 409 644 1944 410 644 1945 401 644 1946 411 645 1947 394 645 1948 379 645 1949 409 646 1950 401 646 1951 400 646 1952 411 647 1953 379 647 1954 397 647 1955 409 648 1956 400 648 1957 395 648 1958 409 649 1959 395 649 1960 406 649 1961 412 650 1962 406 650 1963 396 650 1964 412 651 1965 363 651 1966 373 651 1967 413 652 1968 381 652 1969 399 652 1970 412 653 1971 407 653 1972 363 653 1973 413 654 1974 397 654 1975 381 654 1976 412 655 1977 396 655 1978 407 655 1979 414 656 1980 415 656 1981 410 656 1982 414 657 1983 388 657 1984 415 657 1985 414 658 1986 412 658 1987 373 658 1988 414 659 1989 389 659 1990 388 659 1991 414 660 1992 410 660 1993 409 660 1994 414 661 1995 406 661 1996 412 661 1997 416 662 1998 399 662 1999 383 662 2000 414 663 2001 373 663 2002 389 663 2003 414 664 2004 409 664 2005 406 664 2006 416 665 2007 383 665 2008 402 665 2009 417 666 2010 402 666 2011 403 666 2012 417 667 2013 403 667 2014 418 667 2015 419 668 2016 420 668 2017 405 668 2018 419 669 2019 391 669 2020 408 669 2021 419 670 2022 405 670 2023 404 670 2024 419 671 2025 404 671 2026 391 671 2027 421 672 2028 394 672 2029 411 672 2030 421 673 2031 408 673 2032 394 673 2033 422 674 2034 397 674 2035 413 674 2036 422 675 2037 411 675 2038 397 675 2039 423 676 2040 413 676 2041 399 676 2042 423 677 2043 399 677 2044 416 677 2045 424 678 2046 416 678 2047 402 678 2048 424 679 2049 402 679 2050 417 679 2051 425 680 2052 417 680 2053 418 680 2054 425 681 2055 418 681 2056 426 681 2057 427 682 2058 428 682 2059 420 682 2060 427 683 2061 419 683 2062 408 683 2063 427 684 2064 408 684 2065 421 684 2066 427 685 2067 420 685 2068 419 685 2069 429 686 2070 411 686 2071 422 686 2072 429 687 2073 421 687 2074 411 687 2075 430 688 2076 413 688 2077 423 688 2078 430 689 2079 422 689 2080 413 689 2081 431 690 2082 416 690 2083 424 690 2084 431 691 2085 423 691 2086 416 691 2087 432 692 2088 424 692 2089 417 692 2090 432 693 2091 417 693 2092 425 693 2093 433 694 2094 425 694 2095 426 694 2096 433 695 2097 426 695 2098 434 695 2099 435 696 2100 436 696 2101 428 696 2102 435 697 2103 428 697 2104 427 697 2105 435 698 2106 421 698 2107 429 698 2108 435 699 2109 427 699 2110 421 699 2111 437 700 2112 429 700 2113 422 700 2114 437 701 2115 422 701 2116 430 701 2117 438 702 2118 430 702 2119 423 702 2120 438 703 2121 423 703 2122 431 703 2123 439 704 2124 424 704 2125 432 704 2126 439 705 2127 431 705 2128 424 705 2129 440 706 2130 425 706 2131 433 706 2132 440 707 2133 432 707 2134 425 707 2135 441 708 2136 434 708 2137 442 708 2138 441 709 2139 433 709 2140 434 709 2141 443 710 2142 444 710 2143 436 710 2144 443 711 2145 429 711 2146 437 711 2147 443 712 2148 436 712 2149 435 712 2150 443 713 2151 435 713 2152 429 713 2153 445 714 2154 437 714 2155 430 714 2156 445 715 2157 430 715 2158 438 715 2159 446 716 2160 438 716 2161 431 716 2162 446 717 2163 431 717 2164 439 717 2165 447 718 2166 432 718 2167 440 718 2168 447 719 2169 439 719 2170 432 719 2171 448 720 2172 440 720 2173 433 720 2174 448 721 2175 433 721 2176 441 721 2177 449 722 2178 442 722 2179 450 722 2180 449 723 2181 441 723 2182 442 723 2183 451 724 2184 452 724 2185 444 724 2186 451 725 2187 444 725 2188 443 725 2189 451 726 2190 443 726 2191 437 726 2192 451 727 2193 437 727 2194 445 727 2195 453 728 2196 445 728 2197 438 728 2198 453 729 2199 438 729 2200 446 729 2201 454 730 2202 446 730 2203 439 730 2204 454 731 2205 439 731 2206 447 731 2207 455 732 2208 440 732 2209 448 732 2210 455 733 2211 447 733 2212 440 733 2213 456 734 2214 448 734 2215 441 734 2216 456 735 2217 441 735 2218 449 735 2219 457 736 2220 450 736 2221 458 736 2222 457 737 2223 449 737 2224 450 737 2225 459 738 2226 460 738 2227 452 738 2228 459 739 2229 452 739 2230 451 739 2231 459 740 2232 451 740 2233 445 740 2234 459 741 2235 445 741 2236 453 741 2237 461 742 2238 446 742 2239 454 742 2240 461 743 2241 453 743 2242 446 743 2243 462 744 2244 454 744 2245 447 744 2246 462 745 2247 447 745 2248 455 745 2249 463 746 2250 448 746 2251 456 746 2252 463 747 2253 455 747 2254 448 747 2255 464 748 2256 456 748 2257 449 748 2258 464 749 2259 449 749 2260 457 749 2261 262 750 2262 458 750 2263 465 750 2264 262 751 2265 457 751 2266 458 751 2267 466 752 2268 459 752 2269 453 752 2270 466 753 2271 467 753 2272 460 753 2273 466 754 2274 460 754 2275 459 754 2276 466 755 2277 453 755 2278 461 755 2279 271 756 2280 461 756 2281 454 756 2282 271 757 2283 454 757 2284 462 757 2285 274 758 2286 462 758 2287 455 758 2288 274 759 2289 455 759 2290 463 759 2291 277 760 2292 463 760 2293 456 760 2294 277 761 2295 456 761 2296 464 761 2297 261 762 2298 464 762 2299 457 762 2300 261 763 2301 457 763 2302 262 763 2303 263 764 2304 262 764 2305 465 764 2306 263 765 2307 465 765 2308 265 765 2309 270 766 2310 269 766 2311 467 766 2312 270 767 2313 467 767 2314 466 767 2315 270 768 2316 461 768 2317 271 768 2318 270 769 2319 466 769 2320 461 769 2321 272 770 2322 462 770 2323 274 770 2324 272 771 2325 271 771 2326 462 771 2327 275 772 2328 274 772 2329 463 772 2330 275 773 2331 463 773 2332 277 773 2333 278 774 2334 464 774 2335 261 774 2336 278 775 2337 277 775 2338 464 775 2339 468 776 2340 469 776 2341 470 776 2342 468 777 2343 470 777 2344 471 777 2345 472 778 2346 468 778 2347 471 778 2348 472 779 2349 471 779 2350 473 779 2351 474 780 2352 475 780 2353 476 780 2354 474 781 2355 476 781 2356 477 781 2357 478 390 2358 472 390 2359 473 390 2360 478 390 2361 473 390 2362 479 390 2363 480 782 2364 477 782 2365 481 782 2366 482 783 2367 478 783 2368 479 783 2369 480 784 2370 474 784 2371 477 784 2372 482 785 2373 479 785 2374 483 785 2375 484 786 2376 481 786 2377 485 786 2378 486 787 2379 482 787 2380 483 787 2381 486 788 2382 483 788 2383 487 788 2384 484 789 2385 480 789 2386 481 789 2387 488 790 2388 485 790 2389 489 790 2390 490 791 2391 486 791 2392 487 791 2393 490 792 2394 487 792 2395 491 792 2396 488 793 2397 484 793 2398 485 793 2399 492 794 2400 489 794 2401 493 794 2402 494 795 2403 491 795 2404 495 795 2405 492 796 2406 488 796 2407 489 796 2408 494 797 2409 490 797 2410 491 797 2411 496 798 2412 495 798 2413 497 798 2414 498 799 2415 493 799 2416 499 799 2417 496 800 2418 494 800 2419 495 800 2420 475 801 2421 497 801 2422 476 801 2423 498 802 2424 492 802 2425 493 802 2426 475 803 2427 496 803 2428 497 803 2429 500 368 2430 499 368 2431 501 368 2432 500 368 2433 498 368 2434 499 368 2435 502 804 2436 501 804 2437 503 804 2438 502 805 2439 500 805 2440 501 805 2441 504 806 2442 503 806 2443 505 806 2444 504 807 2445 502 807 2446 503 807 2447 506 808 2448 505 808 2449 507 808 2450 506 809 2451 504 809 2452 505 809 2453 508 810 2454 507 810 2455 509 810 2456 508 811 2457 506 811 2458 507 811 2459 510 812 2460 508 812 2461 509 812 2462 510 812 2463 509 812 2464 511 812 2465 512 813 2466 510 813 2467 511 813 2468 512 814 2469 511 814 2470 513 814 2471 514 815 2472 512 815 2473 513 815 2474 514 816 2475 513 816 2476 515 816 2477 516 817 2478 514 817 2479 515 817 2480 516 818 2481 515 818 2482 517 818 2483 518 819 2484 516 819 2485 517 819 2486 518 820 2487 517 820 2488 519 820 2489 469 821 2490 518 821 2491 519 821 2492 469 822 2493 519 822 2494 470 822 2495 330 823 2496 322 823 2497 482 823 2498 510 824 2499 458 824 2500 450 824 2501 357 825 2502 484 825 2503 370 825 2504 322 823 2505 314 823 2506 482 823 2507 482 826 2508 314 826 2509 478 826 2510 370 827 2511 488 827 2512 384 827 2513 484 823 2514 488 823 2515 370 823 2516 350 823 2517 480 823 2518 357 823 2519 357 823 2520 480 823 2521 484 823 2522 488 823 2523 492 823 2524 384 823 2525 510 828 2526 465 828 2527 458 828 2528 512 823 2529 465 823 2530 510 823 2531 514 823 2532 465 823 2533 512 823 2534 342 829 2535 474 829 2536 350 829 2537 350 823 2538 474 823 2539 480 823 2540 384 830 2541 498 830 2542 403 830 2543 492 823 2544 498 823 2545 384 823 2546 314 829 2547 306 829 2548 478 829 2549 472 831 2550 306 831 2551 468 831 2552 478 832 2553 306 832 2554 472 832 2555 341 833 2556 475 833 2557 342 833 2558 375 834 2559 475 834 2560 341 834 2561 514 835 2562 265 835 2563 465 835 2564 342 836 2565 475 836 2566 474 836 2567 403 837 2568 500 837 2569 418 837 2570 468 823 2571 298 823 2572 469 823 2573 306 838 2574 298 838 2575 468 838 2576 498 831 2577 500 831 2578 403 831 2579 516 831 2580 266 831 2581 514 831 2582 514 839 2583 266 839 2584 265 839 2585 298 840 2586 290 840 2587 469 840 2588 516 841 2589 282 841 2590 266 841 2591 375 842 2592 496 842 2593 475 842 2594 518 823 2595 282 823 2596 516 823 2597 469 823 2598 282 823 2599 518 823 2600 290 823 2601 282 823 2602 469 823 2603 418 843 2604 502 843 2605 426 843 2606 500 844 2607 502 844 2608 418 844 2609 359 845 2610 494 845 2611 375 845 2612 375 823 2613 494 823 2614 496 823 2615 426 846 2616 504 846 2617 434 846 2618 502 823 2619 504 823 2620 426 823 2621 338 823 2622 490 823 2623 359 823 2624 359 823 2625 490 823 2626 494 823 2627 504 847 2628 506 847 2629 434 847 2630 506 823 2631 442 823 2632 434 823 2633 490 823 2634 330 823 2635 486 823 2636 338 848 2637 330 848 2638 490 848 2639 330 849 2640 482 849 2641 486 849 2642 506 827 2643 450 827 2644 442 827 2645 508 823 2646 450 823 2647 506 823 2648 508 844 2649 510 844 2650 450 844 2651 222 850 2652 405 850 2653 225 850 2654 222 850 2655 218 850 2656 405 850 2657 324 851 2658 332 851 2659 259 851 2660 259 850 2661 332 850 2662 209 850 2663 218 852 2664 387 852 2665 405 852 2666 467 853 2667 244 853 2668 460 853 2669 269 852 2670 244 852 2671 467 852 2672 246 850 2673 244 850 2674 269 850 2675 268 854 2676 247 854 2677 269 854 2678 269 855 2679 247 855 2680 246 855 2681 244 850 2682 242 850 2683 460 850 2684 284 850 2685 249 850 2686 268 850 2687 332 850 2688 344 850 2689 209 850 2690 209 856 2691 344 856 2692 211 856 2693 211 850 2694 344 850 2695 216 850 2696 268 850 2697 249 850 2698 247 850 2699 218 854 2700 388 854 2701 387 854 2702 460 857 2703 240 857 2704 452 857 2705 214 850 2706 388 850 2707 218 850 2708 242 858 2709 240 858 2710 460 858 2711 292 850 2712 251 850 2713 284 850 2714 344 857 2715 361 857 2716 216 857 2717 284 859 2718 251 859 2719 249 859 2720 232 850 2721 415 850 2722 235 850 2723 444 860 2724 237 860 2725 436 860 2726 235 850 2727 415 850 2728 214 850 2729 452 861 2730 237 861 2731 444 861 2732 214 862 2733 415 862 2734 388 862 2735 240 850 2736 237 850 2737 452 850 2738 361 854 2739 378 854 2740 216 854 2741 216 863 2742 378 863 2743 220 863 2744 300 850 2745 253 850 2746 292 850 2747 220 864 2748 378 864 2749 223 864 2750 232 865 2751 410 865 2752 415 865 2753 292 866 2754 253 866 2755 251 866 2756 300 850 2757 308 850 2758 253 850 2759 223 850 2760 393 850 2761 227 850 2762 378 867 2763 393 867 2764 223 867 2765 232 868 2766 401 868 2767 410 868 2768 227 850 2769 401 850 2770 232 850 2771 237 869 2772 234 869 2773 436 869 2774 393 862 2775 401 862 2776 227 862 2777 308 850 2778 255 850 2779 253 850 2780 436 852 2781 229 852 2782 428 852 2783 234 870 2784 229 870 2785 436 870 2786 308 871 2787 257 871 2788 255 871 2789 316 850 2790 257 850 2791 308 850 2792 229 850 2793 225 850 2794 428 850 2795 225 850 2796 420 850 2797 428 850 2798 257 850 2799 324 850 2800 259 850 2801 316 850 2802 324 850 2803 257 850 2804 225 872 2805 405 872 2806 420 872 2807 248 823 2808 250 823 2809 190 823 2810 70 873 2811 62 873 2812 224 873 2813 221 874 2814 62 874 2815 217 874 2816 224 823 2817 62 823 2818 221 823 2819 250 844 2820 198 844 2821 190 844 2822 97 823 2823 226 823 2824 110 823 2825 226 823 2826 230 823 2827 110 823 2828 90 823 2829 219 823 2830 97 823 2831 97 875 2832 219 875 2833 226 875 2834 62 823 2835 54 823 2836 217 823 2837 110 823 2838 231 823 2839 124 823 2840 217 823 2841 54 823 2842 212 823 2843 250 876 2844 205 876 2845 198 876 2846 230 823 2847 231 823 2848 110 823 2849 252 877 2850 205 877 2851 250 877 2852 254 823 2853 205 823 2854 252 823 2855 82 878 2856 215 878 2857 90 878 2858 90 879 2859 215 879 2860 219 879 2861 54 823 2862 46 823 2863 212 823 2864 124 823 2865 238 823 2866 143 823 2867 256 823 2868 5 823 2869 254 823 2870 254 880 2871 5 880 2872 205 880 2873 231 881 2874 238 881 2875 124 881 2876 81 823 2877 213 823 2878 82 823 2879 210 882 2880 38 882 2881 208 882 2882 212 823 2883 38 823 2884 210 823 2885 46 823 2886 38 823 2887 212 823 2888 82 883 2889 213 883 2890 215 883 2891 256 884 2892 6 884 2893 5 884 2894 143 823 2895 239 823 2896 158 823 2897 38 885 2898 30 885 2899 208 885 2900 238 823 2901 239 823 2902 143 823 2903 258 823 2904 22 823 2905 256 823 2906 115 823 2907 236 823 2908 81 823 2909 208 823 2910 22 823 2911 258 823 2912 30 823 2913 22 823 2914 208 823 2915 256 886 2916 22 886 2917 6 886 2918 81 887 2919 236 887 2920 213 887 2921 158 823 2922 241 823 2923 166 823 2924 239 823 2925 241 823 2926 158 823 2927 99 823 2928 233 823 2929 115 823 2930 115 888 2931 233 888 2932 236 888 2933 166 889 2934 243 889 2935 174 889 2936 241 890 2937 243 890 2938 166 890 2939 78 823 2940 228 823 2941 99 823 2942 99 891 2943 228 891 2944 233 891 2945 243 892 2946 182 892 2947 174 892 2948 245 823 2949 182 823 2950 243 823 2951 228 823 2952 70 823 2953 224 823 2954 78 823 2955 70 823 2956 228 823 2957 245 893 2958 190 893 2959 182 893 2960 248 874 2961 190 874 2962 245 874 2963 477 894 2964 127 894 2965 145 894 2966 9 895 2967 507 895 2968 207 895 2969 72 850 2970 84 850 2971 471 850 2972 471 896 2973 84 896 2974 473 896 2975 207 897 2976 505 897 2977 200 897 2978 507 850 2979 505 850 2980 207 850 2981 8 850 2982 509 850 2983 9 850 2984 9 872 2985 509 872 2986 507 872 2987 505 850 2988 503 850 2989 200 850 2990 24 898 2991 511 898 2992 8 898 2993 477 899 2994 128 899 2995 127 899 2996 476 900 2997 128 900 2998 477 900 2999 8 901 3000 511 901 3001 509 901 3002 497 902 3003 128 902 3004 476 902 3005 192 850 3006 501 850 3007 184 850 3008 200 897 3009 501 897 3010 192 897 3011 503 850 3012 501 850 3013 200 850 3014 84 850 3015 101 850 3016 473 850 3017 473 903 3018 101 903 3019 479 903 3020 32 904 3021 513 904 3022 24 904 3023 497 905 3024 155 905 3025 128 905 3026 24 850 3027 513 850 3028 511 850 3029 101 850 3030 118 850 3031 479 850 3032 501 901 3033 499 901 3034 184 901 3035 479 862 3036 118 862 3037 483 862 3038 483 906 3039 118 906 3040 487 906 3041 499 850 3042 176 850 3043 184 850 3044 40 907 3045 515 907 3046 32 907 3047 497 908 3048 150 908 3049 155 908 3050 495 903 3051 150 903 3052 497 903 3053 32 850 3054 515 850 3055 513 850 3056 118 850 3057 133 850 3058 487 850 3059 487 850 3060 141 850 3061 491 850 3062 491 865 3063 141 865 3064 495 865 3065 495 894 3066 141 894 3067 150 894 3068 133 850 3069 141 850 3070 487 850 3071 499 909 3072 493 909 3073 176 909 3074 48 850 3075 517 850 3076 40 850 3077 40 850 3078 517 850 3079 515 850 3080 176 850 3081 489 850 3082 168 850 3083 493 910 3084 489 910 3085 176 910 3086 48 850 3087 56 850 3088 517 850 3089 56 911 3090 519 911 3091 517 911 3092 485 900 3093 160 900 3094 489 900 3095 489 850 3096 160 850 3097 168 850 3098 56 894 3099 64 894 3100 519 894 3101 519 850 3102 64 850 3103 470 850 3104 485 850 3105 145 850 3106 160 850 3107 481 850 3108 145 850 3109 485 850 3110 481 901 3111 477 901 3112 145 901 3113 64 912 3114 72 912 3115 470 912 3116 470 850 3117 72 850 3118 471 850 3119 520 913 3120 521 913 3121 522 913 3122 520 914 3123 522 914 3124 523 914 3125 524 915 3126 523 915 3127 525 915 3128 524 916 3129 525 916 3130 526 916 3131 527 917 3132 528 917 3133 529 917 3134 527 918 3135 529 918 3136 530 918 3137 527 919 3138 530 919 3139 531 919 3140 527 920 3141 531 920 3142 532 920 3143 533 921 3144 532 921 3145 534 921 3146 533 922 3147 534 922 3148 535 922 3149 536 923 3150 535 923 3151 537 923 3152 536 924 3153 537 924 3154 538 924 3155 539 925 3156 538 925 3157 521 925 3158 539 926 3159 521 926 3160 520 926 3161 540 927 3162 523 927 3163 524 927 3164 540 928 3165 520 928 3166 523 928 3167 541 929 3168 526 929 3169 542 929 3170 541 930 3171 524 930 3172 526 930 3173 543 931 3174 544 931 3175 528 931 3176 543 932 3177 528 932 3178 527 932 3179 543 933 3180 532 933 3181 533 933 3182 543 934 3183 527 934 3184 532 934 3185 545 935 3186 533 935 3187 535 935 3188 545 936 3189 535 936 3190 536 936 3191 546 937 3192 536 937 3193 538 937 3194 546 938 3195 538 938 3196 539 938 3197 547 939 3198 539 939 3199 520 939 3200 547 940 3201 520 940 3202 540 940 3203 548 941 3204 540 941 3205 524 941 3206 548 942 3207 524 942 3208 541 942 3209 549 943 3210 542 943 3211 550 943 3212 549 944 3213 541 944 3214 542 944 3215 551 945 3216 552 945 3217 544 945 3218 551 946 3219 544 946 3220 543 946 3221 551 947 3222 543 947 3223 533 947 3224 551 948 3225 533 948 3226 545 948 3227 553 949 3228 545 949 3229 536 949 3230 553 950 3231 536 950 3232 546 950 3233 554 951 3234 539 951 3235 547 951 3236 554 952 3237 546 952 3238 539 952 3239 555 953 3240 540 953 3241 548 953 3242 555 954 3243 547 954 3244 540 954 3245 556 955 3246 548 955 3247 541 955 3248 556 956 3249 541 956 3250 549 956 3251 557 957 3252 550 957 3253 558 957 3254 557 958 3255 549 958 3256 550 958 3257 559 959 3258 560 959 3259 552 959 3260 559 960 3261 545 960 3262 553 960 3263 559 961 3264 552 961 3265 551 961 3266 559 962 3267 551 962 3268 545 962 3269 561 963 3270 553 963 3271 546 963 3272 561 964 3273 546 964 3274 554 964 3275 562 965 3276 554 965 3277 547 965 3278 562 966 3279 547 966 3280 555 966 3281 563 967 3282 548 967 3283 556 967 3284 563 968 3285 555 968 3286 548 968 3287 564 969 3288 549 969 3289 557 969 3290 564 970 3291 556 970 3292 549 970 3293 565 971 3294 558 971 3295 566 971 3296 565 972 3297 557 972 3298 558 972 3299 567 973 3300 559 973 3301 553 973 3302 567 974 3303 568 974 3304 560 974 3305 567 975 3306 560 975 3307 559 975 3308 567 976 3309 553 976 3310 561 976 3311 569 977 3312 561 977 3313 554 977 3314 569 978 3315 554 978 3316 562 978 3317 570 979 3318 562 979 3319 555 979 3320 570 980 3321 555 980 3322 563 980 3323 571 981 3324 556 981 3325 564 981 3326 571 982 3327 563 982 3328 556 982 3329 572 983 3330 564 983 3331 557 983 3332 572 984 3333 557 984 3334 565 984 3335 573 985 3336 565 985 3337 566 985 3338 573 986 3339 566 986 3340 574 986 3341 575 987 3342 576 987 3343 568 987 3344 575 988 3345 568 988 3346 567 988 3347 575 989 3348 567 989 3349 561 989 3350 575 990 3351 561 990 3352 569 990 3353 577 991 3354 569 991 3355 562 991 3356 577 992 3357 562 992 3358 570 992 3359 578 993 3360 570 993 3361 563 993 3362 578 994 3363 563 994 3364 571 994 3365 579 995 3366 571 995 3367 564 995 3368 579 996 3369 564 996 3370 572 996 3371 580 84 3372 565 84 3373 573 84 3374 580 997 3375 572 997 3376 565 997 3377 581 998 3378 573 998 3379 574 998 3380 581 999 3381 574 999 3382 582 999 3383 583 1000 3384 584 1000 3385 576 1000 3386 583 1001 3387 576 1001 3388 575 1001 3389 583 1002 3390 575 1002 3391 569 1002 3392 583 1003 3393 569 1003 3394 577 1003 3395 585 1004 3396 570 1004 3397 578 1004 3398 585 1005 3399 577 1005 3400 570 1005 3401 586 1006 3402 578 1006 3403 571 1006 3404 586 1007 3405 571 1007 3406 579 1007 3407 587 1008 3408 579 1008 3409 572 1008 3410 587 97 3411 572 97 3412 580 97 3413 588 1009 3414 580 1009 3415 573 1009 3416 588 1010 3417 573 1010 3418 581 1010 3419 589 1011 3420 582 1011 3421 590 1011 3422 589 1012 3423 581 1012 3424 582 1012 3425 591 1013 3426 592 1013 3427 584 1013 3428 591 1014 3429 583 1014 3430 577 1014 3431 591 1015 3432 577 1015 3433 585 1015 3434 591 1016 3435 584 1016 3436 583 1016 3437 593 1017 3438 585 1017 3439 578 1017 3440 593 1018 3441 578 1018 3442 586 1018 3443 594 1019 3444 586 1019 3445 579 1019 3446 594 109 3447 579 109 3448 587 109 3449 595 1020 3450 580 1020 3451 588 1020 3452 595 1021 3453 587 1021 3454 580 1021 3455 596 1022 3456 581 1022 3457 589 1022 3458 596 1023 3459 588 1023 3460 581 1023 3461 597 1024 3462 590 1024 3463 598 1024 3464 597 1025 3465 589 1025 3466 590 1025 3467 599 1026 3468 600 1026 3469 601 1026 3470 599 1027 3471 601 1027 3472 602 1027 3473 603 1028 3474 604 1028 3475 592 1028 3476 603 1029 3477 592 1029 3478 591 1029 3479 603 1030 3480 591 1030 3481 585 1030 3482 605 1031 3483 600 1031 3484 599 1031 3485 603 1032 3486 585 1032 3487 593 1032 3488 606 1033 3489 593 1033 3490 586 1033 3491 605 1034 3492 607 1034 3493 600 1034 3494 606 1035 3495 586 1035 3496 594 1035 3497 608 1036 3498 599 1036 3499 602 1036 3500 609 1037 3501 594 1037 3502 587 1037 3503 608 1038 3504 602 1038 3505 610 1038 3506 609 1039 3507 587 1039 3508 595 1039 3509 611 1040 3510 612 1040 3511 607 1040 3512 611 1041 3513 607 1041 3514 605 1041 3515 613 1042 3516 595 1042 3517 588 1042 3518 613 1043 3519 588 1043 3520 596 1043 3521 614 1044 3522 605 1044 3523 599 1044 3524 615 1045 3525 596 1045 3526 589 1045 3527 614 1046 3528 599 1046 3529 608 1046 3530 615 1047 3531 589 1047 3532 597 1047 3533 616 1048 3534 610 1048 3535 617 1048 3536 618 1049 3537 598 1049 3538 619 1049 3539 618 1050 3540 597 1050 3541 598 1050 3542 616 1051 3543 608 1051 3544 610 1051 3545 620 142 3546 621 142 3547 604 142 3548 620 1052 3549 593 1052 3550 606 1052 3551 622 1053 3552 623 1053 3553 612 1053 3554 620 1054 3555 604 1054 3556 603 1054 3557 622 1055 3558 612 1055 3559 611 1055 3560 620 1056 3561 603 1056 3562 593 1056 3563 624 1057 3564 605 1057 3565 614 1057 3566 625 1058 3567 594 1058 3568 609 1058 3569 625 1059 3570 606 1059 3571 594 1059 3572 624 1060 3573 611 1060 3574 605 1060 3575 626 1061 3576 609 1061 3577 595 1061 3578 627 1062 3579 614 1062 3580 608 1062 3581 626 1063 3582 595 1063 3583 613 1063 3584 627 1064 3585 608 1064 3586 616 1064 3587 628 1065 3588 613 1065 3589 596 1065 3590 629 1066 3591 617 1066 3592 630 1066 3593 628 1067 3594 596 1067 3595 615 1067 3596 629 1068 3597 616 1068 3598 617 1068 3599 631 1069 3600 597 1069 3601 618 1069 3602 632 1070 3603 633 1070 3604 623 1070 3605 632 1071 3606 623 1071 3607 622 1071 3608 631 1072 3609 615 1072 3610 597 1072 3611 634 1073 3612 618 1073 3613 619 1073 3614 634 1074 3615 619 1074 3616 635 1074 3617 634 1075 3618 635 1075 3619 601 1075 3620 636 1076 3621 622 1076 3622 611 1076 3623 634 1077 3624 601 1077 3625 600 1077 3626 636 1078 3627 611 1078 3628 624 1078 3629 637 1079 3630 606 1079 3631 625 1079 3632 637 1080 3633 638 1080 3634 621 1080 3635 637 1081 3636 621 1081 3637 620 1081 3638 637 1082 3639 620 1082 3640 606 1082 3641 639 1083 3642 624 1083 3643 614 1083 3644 639 1084 3645 614 1084 3646 627 1084 3647 640 1085 3648 609 1085 3649 626 1085 3650 641 1086 3651 627 1086 3652 616 1086 3653 640 1087 3654 625 1087 3655 609 1087 3656 642 1088 3657 626 1088 3658 613 1088 3659 642 1089 3660 613 1089 3661 628 1089 3662 641 1090 3663 616 1090 3664 629 1090 3665 643 1091 3666 630 1091 3667 644 1091 3668 645 1092 3669 615 1092 3670 631 1092 3671 645 1093 3672 628 1093 3673 615 1093 3674 643 1094 3675 629 1094 3676 630 1094 3677 646 1095 3678 647 1095 3679 648 1095 3680 646 1096 3681 648 1096 3682 649 1096 3683 646 1097 3684 649 1097 3685 633 1097 3686 646 1098 3687 633 1098 3688 632 1098 3689 650 1099 3690 631 1099 3691 618 1099 3692 650 1100 3693 618 1100 3694 634 1100 3695 650 1101 3696 634 1101 3697 600 1101 3698 651 1102 3699 622 1102 3700 636 1102 3701 650 1103 3702 600 1103 3703 607 1103 3704 651 1104 3705 632 1104 3706 622 1104 3707 652 1105 3708 638 1105 3709 637 1105 3710 652 1106 3711 653 1106 3712 638 1106 3713 654 1107 3714 636 1107 3715 624 1107 3716 652 1108 3717 625 1108 3718 640 1108 3719 652 1109 3720 637 1109 3721 625 1109 3722 655 1110 3723 626 1110 3724 642 1110 3725 654 1111 3726 624 1111 3727 639 1111 3728 655 1112 3729 640 1112 3730 626 1112 3731 656 1113 3732 628 1113 3733 645 1113 3734 657 1114 3735 639 1114 3736 627 1114 3737 657 1115 3738 627 1115 3739 641 1115 3740 656 1116 3741 642 1116 3742 628 1116 3743 658 1117 3744 645 1117 3745 631 1117 3746 658 1118 3747 631 1118 3748 650 1118 3749 659 1119 3750 641 1119 3751 629 1119 3752 659 1120 3753 629 1120 3754 643 1120 3755 658 1121 3756 650 1121 3757 607 1121 3758 658 1122 3759 607 1122 3760 612 1122 3761 660 1123 3762 661 1123 3763 653 1123 3764 662 1124 3765 644 1124 3766 663 1124 3767 660 1125 3768 652 1125 3769 640 1125 3770 660 1126 3771 653 1126 3772 652 1126 3773 660 1127 3774 640 1127 3775 655 1127 3776 662 1128 3777 643 1128 3778 644 1128 3779 664 1129 3780 665 1129 3781 647 1129 3782 666 1130 3783 655 1130 3784 642 1130 3785 664 1131 3786 647 1131 3787 646 1131 3788 666 1132 3789 642 1132 3790 656 1132 3791 664 1133 3792 632 1133 3793 651 1133 3794 664 1134 3795 646 1134 3796 632 1134 3797 667 1135 3798 656 1135 3799 645 1135 3800 667 1136 3801 645 1136 3802 658 1136 3803 668 1137 3804 651 1137 3805 636 1137 3806 667 1138 3807 658 1138 3808 612 1138 3809 668 1139 3810 636 1139 3811 654 1139 3812 667 1140 3813 612 1140 3814 623 1140 3815 669 1141 3816 670 1141 3817 661 1141 3818 671 1142 3819 654 1142 3820 639 1142 3821 669 1143 3822 661 1143 3823 660 1143 3824 671 1144 3825 639 1144 3826 657 1144 3827 669 1145 3828 660 1145 3829 655 1145 3830 669 1146 3831 655 1146 3832 666 1146 3833 672 1147 3834 666 1147 3835 656 1147 3836 672 1148 3837 623 1148 3838 633 1148 3839 673 1149 3840 641 1149 3841 659 1149 3842 672 1150 3843 667 1150 3844 623 1150 3845 673 1151 3846 657 1151 3847 641 1151 3848 672 1152 3849 656 1152 3850 667 1152 3851 674 1153 3852 675 1153 3853 670 1153 3854 674 1154 3855 648 1154 3856 675 1154 3857 674 1155 3858 672 1155 3859 633 1155 3860 674 1156 3861 649 1156 3862 648 1156 3863 674 1157 3864 670 1157 3865 669 1157 3866 674 1158 3867 666 1158 3868 672 1158 3869 676 1159 3870 659 1159 3871 643 1159 3872 674 1160 3873 633 1160 3874 649 1160 3875 674 1161 3876 669 1161 3877 666 1161 3878 676 1162 3879 643 1162 3880 662 1162 3881 677 1163 3882 662 1163 3883 663 1163 3884 677 1164 3885 663 1164 3886 678 1164 3887 679 1165 3888 680 1165 3889 665 1165 3890 679 1166 3891 651 1166 3892 668 1166 3893 679 1167 3894 665 1167 3895 664 1167 3896 679 1168 3897 664 1168 3898 651 1168 3899 681 1169 3900 654 1169 3901 671 1169 3902 681 1170 3903 668 1170 3904 654 1170 3905 682 1171 3906 657 1171 3907 673 1171 3908 682 1172 3909 671 1172 3910 657 1172 3911 683 1173 3912 673 1173 3913 659 1173 3914 683 1174 3915 659 1174 3916 676 1174 3917 684 1175 3918 676 1175 3919 662 1175 3920 684 267 3921 662 267 3922 677 267 3923 685 1176 3924 677 1176 3925 678 1176 3926 685 1177 3927 678 1177 3928 686 1177 3929 687 1178 3930 688 1178 3931 680 1178 3932 687 1179 3933 679 1179 3934 668 1179 3935 687 1180 3936 668 1180 3937 681 1180 3938 687 1181 3939 680 1181 3940 679 1181 3941 689 1182 3942 671 1182 3943 682 1182 3944 689 1183 3945 681 1183 3946 671 1183 3947 690 1184 3948 673 1184 3949 683 1184 3950 690 1185 3951 682 1185 3952 673 1185 3953 691 278 3954 676 278 3955 684 278 3956 691 1186 3957 683 1186 3958 676 1186 3959 692 1187 3960 684 1187 3961 677 1187 3962 692 1188 3963 677 1188 3964 685 1188 3965 693 1189 3966 685 1189 3967 686 1189 3968 693 1190 3969 686 1190 3970 694 1190 3971 695 1191 3972 696 1191 3973 688 1191 3974 695 1192 3975 688 1192 3976 687 1192 3977 695 1193 3978 681 1193 3979 689 1193 3980 695 1194 3981 687 1194 3982 681 1194 3983 697 1195 3984 689 1195 3985 682 1195 3986 697 1196 3987 682 1196 3988 690 1196 3989 698 1197 3990 690 1197 3991 683 1197 3992 698 291 3993 683 291 3994 691 291 3995 699 1198 3996 684 1198 3997 692 1198 3998 699 1199 3999 691 1199 4000 684 1199 4001 700 1200 4002 685 1200 4003 693 1200 4004 700 1201 4005 692 1201 4006 685 1201 4007 701 1202 4008 694 1202 4009 702 1202 4010 701 1203 4011 693 1203 4012 694 1203 4013 703 1204 4014 704 1204 4015 696 1204 4016 703 1205 4017 689 1205 4018 697 1205 4019 703 1206 4020 696 1206 4021 695 1206 4022 703 1207 4023 695 1207 4024 689 1207 4025 705 1208 4026 697 1208 4027 690 1208 4028 705 1209 4029 690 1209 4030 698 1209 4031 706 1210 4032 698 1210 4033 691 1210 4034 706 1211 4035 691 1211 4036 699 1211 4037 707 1212 4038 692 1212 4039 700 1212 4040 707 1213 4041 699 1213 4042 692 1213 4043 708 1214 4044 700 1214 4045 693 1214 4046 708 1215 4047 693 1215 4048 701 1215 4049 709 1216 4050 702 1216 4051 710 1216 4052 709 1217 4053 701 1217 4054 702 1217 4055 711 312 4056 712 312 4057 704 312 4058 711 1218 4059 704 1218 4060 703 1218 4061 711 1219 4062 703 1219 4063 697 1219 4064 711 1220 4065 697 1220 4066 705 1220 4067 713 1221 4068 705 1221 4069 698 1221 4070 713 1222 4071 698 1222 4072 706 1222 4073 714 1223 4074 706 1223 4075 699 1223 4076 714 1224 4077 699 1224 4078 707 1224 4079 715 1225 4080 700 1225 4081 708 1225 4082 715 1226 4083 707 1226 4084 700 1226 4085 716 1227 4086 708 1227 4087 701 1227 4088 716 1228 4089 701 1228 4090 709 1228 4091 717 1229 4092 710 1229 4093 718 1229 4094 717 1230 4095 709 1230 4096 710 1230 4097 719 1231 4098 720 1231 4099 712 1231 4100 719 1232 4101 712 1232 4102 711 1232 4103 719 1233 4104 711 1233 4105 705 1233 4106 719 1234 4107 705 1234 4108 713 1234 4109 721 1235 4110 706 1235 4111 714 1235 4112 721 1236 4113 713 1236 4114 706 1236 4115 722 1237 4116 714 1237 4117 707 1237 4118 722 1238 4119 707 1238 4120 715 1238 4121 723 1239 4122 708 1239 4123 716 1239 4124 723 1240 4125 715 1240 4126 708 1240 4127 724 1241 4128 716 1241 4129 709 1241 4130 724 1242 4131 709 1242 4132 717 1242 4133 522 1243 4134 718 1243 4135 725 1243 4136 522 1244 4137 717 1244 4138 718 1244 4139 726 1245 4140 719 1245 4141 713 1245 4142 726 1246 4143 727 1246 4144 720 1246 4145 726 1247 4146 720 1247 4147 719 1247 4148 726 1248 4149 713 1248 4150 721 1248 4151 531 1249 4152 721 1249 4153 714 1249 4154 531 1250 4155 714 1250 4156 722 1250 4157 534 1251 4158 722 1251 4159 715 1251 4160 534 1252 4161 715 1252 4162 723 1252 4163 537 1253 4164 723 1253 4165 716 1253 4166 537 1254 4167 716 1254 4168 724 1254 4169 521 1255 4170 724 1255 4171 717 1255 4172 521 1256 4173 717 1256 4174 522 1256 4175 523 1257 4176 522 1257 4177 725 1257 4178 523 1258 4179 725 1258 4180 525 1258 4181 530 1259 4182 529 1259 4183 727 1259 4184 530 1260 4185 727 1260 4186 726 1260 4187 530 1261 4188 721 1261 4189 531 1261 4190 530 1262 4191 726 1262 4192 721 1262 4193 532 1263 4194 722 1263 4195 534 1263 4196 532 1264 4197 531 1264 4198 722 1264 4199 535 1265 4200 534 1265 4201 723 1265 4202 535 1266 4203 723 1266 4204 537 1266 4205 538 1267 4206 724 1267 4207 521 1267 4208 538 1268 4209 537 1268 4210 724 1268 4211 728 1269 4212 729 1269 4213 730 1269 4214 730 1270 4215 729 1270 4216 731 1270 4217 729 1271 4218 732 1271 4219 731 1271 4220 731 1272 4221 732 1272 4222 733 1272 4223 734 1273 4224 735 1273 4225 736 1273 4226 736 370 4227 735 370 4228 737 370 4229 732 368 4230 738 368 4231 733 368 4232 733 368 4233 738 368 4234 739 368 4235 737 373 4236 740 373 4237 741 373 4238 738 1274 4239 742 1274 4240 739 1274 4241 735 1275 4242 740 1275 4243 737 1275 4244 739 1276 4245 742 1276 4246 743 1276 4247 741 376 4248 744 376 4249 745 376 4250 742 1277 4251 746 1277 4252 743 1277 4253 743 1278 4254 746 1278 4255 747 1278 4256 740 1279 4257 744 1279 4258 741 1279 4259 745 1280 4260 748 1280 4261 749 1280 4262 746 1281 4263 750 1281 4264 747 1281 4265 747 378 4266 750 378 4267 751 378 4268 744 1280 4269 748 1280 4270 745 1280 4271 749 1282 4272 752 1282 4273 753 1282 4274 751 1283 4275 754 1283 4276 755 1283 4277 750 1284 4278 754 1284 4279 751 1284 4280 748 1285 4281 752 1285 4282 749 1285 4283 755 386 4284 756 386 4285 757 386 4286 754 1286 4287 756 1286 4288 755 1286 4289 753 391 4290 758 391 4291 759 391 4292 756 1287 4293 734 1287 4294 757 1287 4295 752 1288 4296 758 1288 4297 753 1288 4298 757 387 4299 734 387 4300 736 387 4301 759 390 4302 760 390 4303 761 390 4304 758 390 4305 760 390 4306 759 390 4307 761 1289 4308 762 1289 4309 763 1289 4310 760 1290 4311 762 1290 4312 761 1290 4313 763 396 4314 764 396 4315 765 396 4316 762 1291 4317 764 1291 4318 763 1291 4319 765 1292 4320 766 1292 4321 767 1292 4322 764 1292 4323 766 1292 4324 765 1292 4325 767 398 4326 768 398 4327 769 398 4328 766 1293 4329 768 1293 4330 767 1293 4331 768 1294 4332 770 1294 4333 769 1294 4334 769 1295 4335 770 1295 4336 771 1295 4337 770 1296 4338 772 1296 4339 771 1296 4340 771 1297 4341 772 1297 4342 773 1297 4343 772 1298 4344 774 1298 4345 773 1298 4346 773 403 4347 774 403 4348 775 403 4349 774 406 4350 776 406 4351 775 406 4352 775 1299 4353 776 1299 4354 777 1299 4355 776 1300 4356 778 1300 4357 777 1300 4358 777 408 4359 778 408 4360 779 408 4361 778 1301 4362 728 1301 4363 779 1301 4364 779 1302 4365 728 1302 4366 730 1302 4367 780 1303 4368 781 1303 4369 782 1303 4370 780 1304 4371 782 1304 4372 783 1304 4373 784 1305 4374 783 1305 4375 785 1305 4376 784 1306 4377 785 1306 4378 786 1306 4379 787 1307 4380 788 1307 4381 789 1307 4382 787 1308 4383 789 1308 4384 790 1308 4385 787 1309 4386 790 1309 4387 791 1309 4388 787 419 4389 791 419 4390 792 419 4391 793 1310 4392 792 1310 4393 794 1310 4394 793 421 4395 794 421 4396 795 421 4397 796 1311 4398 795 1311 4399 797 1311 4400 796 423 4401 797 423 4402 798 423 4403 799 1312 4404 798 1312 4405 781 1312 4406 799 1313 4407 781 1313 4408 780 1313 4409 800 1314 4410 783 1314 4411 784 1314 4412 800 1315 4413 780 1315 4414 783 1315 4415 801 1316 4416 786 1316 4417 802 1316 4418 801 1317 4419 784 1317 4420 786 1317 4421 803 1318 4422 804 1318 4423 788 1318 4424 803 1319 4425 788 1319 4426 787 1319 4427 803 1320 4428 792 1320 4429 793 1320 4430 803 1321 4431 787 1321 4432 792 1321 4433 805 434 4434 793 434 4435 795 434 4436 805 1322 4437 795 1322 4438 796 1322 4439 806 1323 4440 796 1323 4441 798 1323 4442 806 1324 4443 798 1324 4444 799 1324 4445 807 1325 4446 799 1325 4447 780 1325 4448 807 1326 4449 780 1326 4450 800 1326 4451 808 1327 4452 800 1327 4453 784 1327 4454 808 1328 4455 784 1328 4456 801 1328 4457 809 1329 4458 802 1329 4459 810 1329 4460 809 1330 4461 801 1330 4462 802 1330 4463 811 1331 4464 812 1331 4465 804 1331 4466 811 1332 4467 804 1332 4468 803 1332 4469 811 1333 4470 803 1333 4471 793 1333 4472 811 1334 4473 793 1334 4474 805 1334 4475 813 1335 4476 805 1335 4477 796 1335 4478 813 1336 4479 796 1336 4480 806 1336 4481 814 1337 4482 799 1337 4483 807 1337 4484 814 1338 4485 806 1338 4486 799 1338 4487 815 1339 4488 800 1339 4489 808 1339 4490 815 1340 4491 807 1340 4492 800 1340 4493 816 1341 4494 808 1341 4495 801 1341 4496 816 1342 4497 801 1342 4498 809 1342 4499 817 1343 4500 810 1343 4501 818 1343 4502 817 1344 4503 809 1344 4504 810 1344 4505 819 1345 4506 820 1345 4507 812 1345 4508 819 1346 4509 805 1346 4510 813 1346 4511 819 1347 4512 812 1347 4513 811 1347 4514 819 1348 4515 811 1348 4516 805 1348 4517 821 1349 4518 813 1349 4519 806 1349 4520 821 1350 4521 806 1350 4522 814 1350 4523 822 1351 4524 814 1351 4525 807 1351 4526 822 1352 4527 807 1352 4528 815 1352 4529 823 1353 4530 808 1353 4531 816 1353 4532 823 1354 4533 815 1354 4534 808 1354 4535 824 1355 4536 809 1355 4537 817 1355 4538 824 1356 4539 816 1356 4540 809 1356 4541 825 1357 4542 818 1357 4543 826 1357 4544 825 1358 4545 817 1358 4546 818 1358 4547 827 472 4548 819 472 4549 813 472 4550 827 1359 4551 828 1359 4552 820 1359 4553 827 1360 4554 820 1360 4555 819 1360 4556 827 475 4557 813 475 4558 821 475 4559 829 1361 4560 821 1361 4561 814 1361 4562 829 1362 4563 814 1362 4564 822 1362 4565 830 1363 4566 822 1363 4567 815 1363 4568 830 479 4569 815 479 4570 823 479 4571 831 1364 4572 816 1364 4573 824 1364 4574 831 1365 4575 823 1365 4576 816 1365 4577 832 1366 4578 824 1366 4579 817 1366 4580 832 1367 4581 817 1367 4582 825 1367 4583 833 1368 4584 825 1368 4585 826 1368 4586 833 1369 4587 826 1369 4588 834 1369 4589 835 1370 4590 836 1370 4591 828 1370 4592 835 1371 4593 828 1371 4594 827 1371 4595 835 1372 4596 827 1372 4597 821 1372 4598 835 1373 4599 821 1373 4600 829 1373 4601 837 1374 4602 829 1374 4603 822 1374 4604 837 1375 4605 822 1375 4606 830 1375 4607 838 492 4608 830 492 4609 823 492 4610 838 1376 4611 823 1376 4612 831 1376 4613 839 1377 4614 831 1377 4615 824 1377 4616 839 1378 4617 824 1378 4618 832 1378 4619 840 496 4620 825 496 4621 833 496 4622 840 1379 4623 832 1379 4624 825 1379 4625 841 1380 4626 833 1380 4627 834 1380 4628 841 1381 4629 834 1381 4630 842 1381 4631 843 1382 4632 844 1382 4633 836 1382 4634 843 1383 4635 836 1383 4636 835 1383 4637 843 1384 4638 835 1384 4639 829 1384 4640 843 1385 4641 829 1385 4642 837 1385 4643 845 504 4644 830 504 4645 838 504 4646 845 1386 4647 837 1386 4648 830 1386 4649 846 1387 4650 838 1387 4651 831 1387 4652 846 1388 4653 831 1388 4654 839 1388 4655 847 1389 4656 839 1389 4657 832 1389 4658 847 1390 4659 832 1390 4660 840 1390 4661 848 1391 4662 840 1391 4663 833 1391 4664 848 1392 4665 833 1392 4666 841 1392 4667 849 1393 4668 842 1393 4669 850 1393 4670 849 1394 4671 841 1394 4672 842 1394 4673 851 1395 4674 852 1395 4675 844 1395 4676 851 1396 4677 843 1396 4678 837 1396 4679 851 1397 4680 837 1397 4681 845 1397 4682 851 1398 4683 844 1398 4684 843 1398 4685 853 1399 4686 845 1399 4687 838 1399 4688 853 1400 4689 838 1400 4690 846 1400 4691 854 1401 4692 846 1401 4693 839 1401 4694 854 1402 4695 839 1402 4696 847 1402 4697 855 1403 4698 840 1403 4699 848 1403 4700 855 1404 4701 847 1404 4702 840 1404 4703 856 1405 4704 841 1405 4705 849 1405 4706 856 1406 4707 848 1406 4708 841 1406 4709 857 1407 4710 850 1407 4711 858 1407 4712 857 1408 4713 849 1408 4714 850 1408 4715 859 1409 4716 860 1409 4717 861 1409 4718 859 1410 4719 861 1410 4720 862 1410 4721 863 1411 4722 864 1411 4723 852 1411 4724 863 1412 4725 852 1412 4726 851 1412 4727 863 1413 4728 851 1413 4729 845 1413 4730 865 1414 4731 860 1414 4732 859 1414 4733 863 534 4734 845 534 4735 853 534 4736 866 1415 4737 853 1415 4738 846 1415 4739 865 1416 4740 867 1416 4741 860 1416 4742 866 1417 4743 846 1417 4744 854 1417 4745 868 1418 4746 859 1418 4747 862 1418 4748 869 1419 4749 854 1419 4750 847 1419 4751 868 1420 4752 862 1420 4753 870 1420 4754 869 541 4755 847 541 4756 855 541 4757 871 1421 4758 872 1421 4759 867 1421 4760 871 1422 4761 867 1422 4762 865 1422 4763 873 1423 4764 855 1423 4765 848 1423 4766 873 1424 4767 848 1424 4768 856 1424 4769 874 1425 4770 865 1425 4771 859 1425 4772 875 1426 4773 856 1426 4774 849 1426 4775 874 1427 4776 859 1427 4777 868 1427 4778 875 1428 4779 849 1428 4780 857 1428 4781 876 1429 4782 870 1429 4783 877 1429 4784 878 1430 4785 858 1430 4786 879 1430 4787 878 1431 4788 857 1431 4789 858 1431 4790 876 1432 4791 868 1432 4792 870 1432 4793 880 1433 4794 881 1433 4795 864 1433 4796 880 555 4797 853 555 4798 866 555 4799 882 556 4800 883 556 4801 872 556 4802 880 1434 4803 864 1434 4804 863 1434 4805 882 1435 4806 872 1435 4807 871 1435 4808 880 1436 4809 863 1436 4810 853 1436 4811 884 1437 4812 865 1437 4813 874 1437 4814 885 561 4815 854 561 4816 869 561 4817 885 1438 4818 866 1438 4819 854 1438 4820 884 1439 4821 871 1439 4822 865 1439 4823 886 1440 4824 869 1440 4825 855 1440 4826 887 1441 4827 874 1441 4828 868 1441 4829 886 566 4830 855 566 4831 873 566 4832 887 1442 4833 868 1442 4834 876 1442 4835 888 1443 4836 873 1443 4837 856 1443 4838 889 1444 4839 877 1444 4840 890 1444 4841 888 1445 4842 856 1445 4843 875 1445 4844 889 1446 4845 876 1446 4846 877 1446 4847 891 1447 4848 857 1447 4849 878 1447 4850 892 573 4851 893 573 4852 883 573 4853 892 1448 4854 883 1448 4855 882 1448 4856 891 1449 4857 875 1449 4858 857 1449 4859 894 1450 4860 878 1450 4861 879 1450 4862 894 1451 4863 879 1451 4864 895 1451 4865 894 1452 4866 895 1452 4867 861 1452 4868 896 1453 4869 882 1453 4870 871 1453 4871 894 1454 4872 861 1454 4873 860 1454 4874 896 1455 4875 871 1455 4876 884 1455 4877 897 1456 4878 866 1456 4879 885 1456 4880 897 1457 4881 898 1457 4882 881 1457 4883 897 1458 4884 881 1458 4885 880 1458 4886 897 1459 4887 880 1459 4888 866 1459 4889 899 1460 4890 884 1460 4891 874 1460 4892 899 1461 4893 874 1461 4894 887 1461 4895 900 1462 4896 869 1462 4897 886 1462 4898 901 1463 4899 887 1463 4900 876 1463 4901 900 1464 4902 885 1464 4903 869 1464 4904 902 1465 4905 886 1465 4906 873 1465 4907 902 1466 4908 873 1466 4909 888 1466 4910 901 1467 4911 876 1467 4912 889 1467 4913 903 1468 4914 890 1468 4915 904 1468 4916 905 1469 4917 875 1469 4918 891 1469 4919 905 1470 4920 888 1470 4921 875 1470 4922 903 1471 4923 889 1471 4924 890 1471 4925 906 1472 4926 907 1472 4927 908 1472 4928 906 1473 4929 908 1473 4930 909 1473 4931 906 600 4932 909 600 4933 893 600 4934 906 1474 4935 893 1474 4936 892 1474 4937 910 1475 4938 891 1475 4939 878 1475 4940 910 1476 4941 878 1476 4942 894 1476 4943 910 1477 4944 894 1477 4945 860 1477 4946 911 605 4947 882 605 4948 896 605 4949 910 1478 4950 860 1478 4951 867 1478 4952 911 607 4953 892 607 4954 882 607 4955 912 1479 4956 898 1479 4957 897 1479 4958 912 1480 4959 913 1480 4960 898 1480 4961 914 1481 4962 896 1481 4963 884 1481 4964 912 1482 4965 885 1482 4966 900 1482 4967 912 1483 4968 897 1483 4969 885 1483 4970 915 1484 4971 886 1484 4972 902 1484 4973 914 614 4974 884 614 4975 899 614 4976 915 1485 4977 900 1485 4978 886 1485 4979 916 1486 4980 888 1486 4981 905 1486 4982 917 1487 4983 899 1487 4984 887 1487 4985 917 1488 4986 887 1488 4987 901 1488 4988 916 619 4989 902 619 4990 888 619 4991 918 1489 4992 905 1489 4993 891 1489 4994 918 1490 4995 891 1490 4996 910 1490 4997 919 1491 4998 901 1491 4999 889 1491 5000 919 1492 5001 889 1492 5002 903 1492 5003 918 1493 5004 910 1493 5005 867 1493 5006 918 1494 5007 867 1494 5008 872 1494 5009 920 1495 5010 921 1495 5011 913 1495 5012 922 1496 5013 904 1496 5014 923 1496 5015 920 1497 5016 912 1497 5017 900 1497 5018 920 1498 5019 913 1498 5020 912 1498 5021 920 630 5022 900 630 5023 915 630 5024 922 1499 5025 903 1499 5026 904 1499 5027 924 1500 5028 925 1500 5029 907 1500 5030 926 1501 5031 915 1501 5032 902 1501 5033 924 1502 5034 907 1502 5035 906 1502 5036 926 635 5037 902 635 5038 916 635 5039 924 636 5040 892 636 5041 911 636 5042 924 637 5043 906 637 5044 892 637 5045 927 1503 5046 916 1503 5047 905 1503 5048 927 1504 5049 905 1504 5050 918 1504 5051 928 1505 5052 911 1505 5053 896 1505 5054 927 1506 5055 918 1506 5056 872 1506 5057 928 1507 5058 896 1507 5059 914 1507 5060 927 643 5061 872 643 5062 883 643 5063 929 1508 5064 930 1508 5065 921 1508 5066 931 1509 5067 914 1509 5068 899 1509 5069 929 1510 5070 921 1510 5071 920 1510 5072 931 1511 5073 899 1511 5074 917 1511 5075 929 1512 5076 920 1512 5077 915 1512 5078 929 649 5079 915 649 5080 926 649 5081 932 1513 5082 926 1513 5083 916 1513 5084 932 651 5085 883 651 5086 893 651 5087 933 1514 5088 901 1514 5089 919 1514 5090 932 1515 5091 927 1515 5092 883 1515 5093 933 1516 5094 917 1516 5095 901 1516 5096 932 1517 5097 916 1517 5098 927 1517 5099 934 1518 5100 935 1518 5101 930 1518 5102 934 1519 5103 908 1519 5104 935 1519 5105 934 1520 5106 932 1520 5107 893 1520 5108 934 1521 5109 909 1521 5110 908 1521 5111 934 1522 5112 930 1522 5113 929 1522 5114 934 1523 5115 926 1523 5116 932 1523 5117 936 1524 5118 919 1524 5119 903 1524 5120 934 663 5121 893 663 5122 909 663 5123 934 1525 5124 929 1525 5125 926 1525 5126 936 1526 5127 903 1526 5128 922 1526 5129 937 1527 5130 922 1527 5131 923 1527 5132 937 667 5133 923 667 5134 938 667 5135 939 1528 5136 940 1528 5137 925 1528 5138 939 1529 5139 911 1529 5140 928 1529 5141 939 1530 5142 925 1530 5143 924 1530 5144 939 1531 5145 924 1531 5146 911 1531 5147 941 1532 5148 914 1532 5149 931 1532 5150 941 1533 5151 928 1533 5152 914 1533 5153 942 1534 5154 917 1534 5155 933 1534 5156 942 1535 5157 931 1535 5158 917 1535 5159 943 1536 5160 933 1536 5161 919 1536 5162 943 1537 5163 919 1537 5164 936 1537 5165 944 1538 5166 936 1538 5167 922 1538 5168 944 679 5169 922 679 5170 937 679 5171 945 1539 5172 937 1539 5173 938 1539 5174 945 1540 5175 938 1540 5176 946 1540 5177 947 1541 5178 948 1541 5179 940 1541 5180 947 1542 5181 939 1542 5182 928 1542 5183 947 1543 5184 928 1543 5185 941 1543 5186 947 1544 5187 940 1544 5188 939 1544 5189 949 1545 5190 931 1545 5191 942 1545 5192 949 1546 5193 941 1546 5194 931 1546 5195 950 1547 5196 933 1547 5197 943 1547 5198 950 1548 5199 942 1548 5200 933 1548 5201 951 690 5202 936 690 5203 944 690 5204 951 1549 5205 943 1549 5206 936 1549 5207 952 1550 5208 944 1550 5209 937 1550 5210 952 1551 5211 937 1551 5212 945 1551 5213 953 1552 5214 945 1552 5215 946 1552 5216 953 1553 5217 946 1553 5218 954 1553 5219 955 1554 5220 956 1554 5221 948 1554 5222 955 1555 5223 948 1555 5224 947 1555 5225 955 1556 5226 941 1556 5227 949 1556 5228 955 1557 5229 947 1557 5230 941 1557 5231 957 1558 5232 949 1558 5233 942 1558 5234 957 701 5235 942 701 5236 950 701 5237 958 1559 5238 950 1559 5239 943 1559 5240 958 1560 5241 943 1560 5242 951 1560 5243 959 1561 5244 944 1561 5245 952 1561 5246 959 1562 5247 951 1562 5248 944 1562 5249 960 1563 5250 945 1563 5251 953 1563 5252 960 1564 5253 952 1564 5254 945 1564 5255 961 1565 5256 954 1565 5257 962 1565 5258 961 1566 5259 953 1566 5260 954 1566 5261 963 1567 5262 964 1567 5263 956 1567 5264 963 711 5265 949 711 5266 957 711 5267 963 1568 5268 956 1568 5269 955 1568 5270 963 1569 5271 955 1569 5272 949 1569 5273 965 1570 5274 957 1570 5275 950 1570 5276 965 1571 5277 950 1571 5278 958 1571 5279 966 1572 5280 958 1572 5281 951 1572 5282 966 1573 5283 951 1573 5284 959 1573 5285 967 1574 5286 952 1574 5287 960 1574 5288 967 1575 5289 959 1575 5290 952 1575 5291 968 1576 5292 960 1576 5293 953 1576 5294 968 1577 5295 953 1577 5296 961 1577 5297 969 1578 5298 962 1578 5299 970 1578 5300 969 1579 5301 961 1579 5302 962 1579 5303 971 1580 5304 972 1580 5305 964 1580 5306 971 1581 5307 964 1581 5308 963 1581 5309 971 1582 5310 963 1582 5311 957 1582 5312 971 727 5313 957 727 5314 965 727 5315 973 1583 5316 965 1583 5317 958 1583 5318 973 1584 5319 958 1584 5320 966 1584 5321 974 1585 5322 966 1585 5323 959 1585 5324 974 731 5325 959 731 5326 967 731 5327 975 1586 5328 960 1586 5329 968 1586 5330 975 1587 5331 967 1587 5332 960 1587 5333 976 1588 5334 968 1588 5335 961 1588 5336 976 1589 5337 961 1589 5338 969 1589 5339 977 1590 5340 970 1590 5341 978 1590 5342 977 1591 5343 969 1591 5344 970 1591 5345 979 1592 5346 980 1592 5347 972 1592 5348 979 1593 5349 972 1593 5350 971 1593 5351 979 1594 5352 971 1594 5353 965 1594 5354 979 1595 5355 965 1595 5356 973 1595 5357 981 1596 5358 966 1596 5359 974 1596 5360 981 1597 5361 973 1597 5362 966 1597 5363 982 1598 5364 974 1598 5365 967 1598 5366 982 745 5367 967 745 5368 975 745 5369 983 1599 5370 968 1599 5371 976 1599 5372 983 1600 5373 975 1600 5374 968 1600 5375 984 1601 5376 976 1601 5377 969 1601 5378 984 1602 5379 969 1602 5380 977 1602 5381 782 1603 5382 978 1603 5383 985 1603 5384 782 1604 5385 977 1604 5386 978 1604 5387 986 1605 5388 979 1605 5389 973 1605 5390 986 1606 5391 987 1606 5392 980 1606 5393 986 1607 5394 980 1607 5395 979 1607 5396 986 1608 5397 973 1608 5398 981 1608 5399 791 1609 5400 981 1609 5401 974 1609 5402 791 1610 5403 974 1610 5404 982 1610 5405 794 1611 5406 982 1611 5407 975 1611 5408 794 759 5409 975 759 5410 983 759 5411 797 1612 5412 983 1612 5413 976 1612 5414 797 1613 5415 976 1613 5416 984 1613 5417 781 1614 5418 984 1614 5419 977 1614 5420 781 1615 5421 977 1615 5422 782 1615 5423 783 1616 5424 782 1616 5425 985 1616 5426 783 1617 5427 985 1617 5428 785 1617 5429 790 1618 5430 789 1618 5431 987 1618 5432 790 1619 5433 987 1619 5434 986 1619 5435 790 768 5436 981 768 5437 791 768 5438 790 1620 5439 986 1620 5440 981 1620 5441 792 770 5442 982 770 5443 794 770 5444 792 1621 5445 791 1621 5446 982 1621 5447 795 1622 5448 794 1622 5449 983 1622 5450 795 1623 5451 983 1623 5452 797 1623 5453 798 1624 5454 984 1624 5455 781 1624 5456 798 1625 5457 797 1625 5458 984 1625 5459 988 776 5460 989 776 5461 990 776 5462 988 1626 5463 990 1626 5464 991 1626 5465 992 778 5466 988 778 5467 991 778 5468 992 778 5469 991 778 5470 993 778 5471 994 781 5472 995 781 5473 996 781 5474 994 781 5475 996 781 5476 997 781 5477 998 390 5478 992 390 5479 993 390 5480 998 390 5481 993 390 5482 999 390 5483 1000 784 5484 997 784 5485 1001 784 5486 1002 783 5487 998 783 5488 999 783 5489 1000 1627 5490 994 1627 5491 997 1627 5492 1002 783 5493 999 783 5494 1003 783 5495 1004 1628 5496 1001 1628 5497 1005 1628 5498 1006 787 5499 1002 787 5500 1003 787 5501 1006 788 5502 1003 788 5503 1007 788 5504 1004 1628 5505 1000 1628 5506 1001 1628 5507 1008 793 5508 1005 793 5509 1009 793 5510 1010 1629 5511 1006 1629 5512 1007 1629 5513 1010 1630 5514 1007 1630 5515 1011 1630 5516 1008 1631 5517 1004 1631 5518 1005 1631 5519 1012 794 5520 1009 794 5521 1013 794 5522 1014 1632 5523 1011 1632 5524 1015 1632 5525 1012 796 5526 1008 796 5527 1009 796 5528 1014 1633 5529 1010 1633 5530 1011 1633 5531 1016 800 5532 1015 800 5533 1017 800 5534 1018 1634 5535 1013 1634 5536 1019 1634 5537 1016 800 5538 1014 800 5539 1015 800 5540 995 1635 5541 1017 1635 5542 996 1635 5543 1018 802 5544 1012 802 5545 1013 802 5546 995 801 5547 1016 801 5548 1017 801 5549 1020 368 5550 1019 368 5551 1021 368 5552 1020 368 5553 1018 368 5554 1019 368 5555 1022 1636 5556 1021 1636 5557 1023 1636 5558 1022 805 5559 1020 805 5560 1021 805 5561 1024 807 5562 1023 807 5563 1025 807 5564 1024 807 5565 1022 807 5566 1023 807 5567 1026 1637 5568 1025 1637 5569 1027 1637 5570 1026 809 5571 1024 809 5572 1025 809 5573 1028 811 5574 1027 811 5575 1029 811 5576 1028 811 5577 1026 811 5578 1027 811 5579 1030 812 5580 1028 812 5581 1029 812 5582 1030 1638 5583 1029 1638 5584 1031 1638 5585 1032 813 5586 1030 813 5587 1031 813 5588 1032 813 5589 1031 813 5590 1033 813 5591 1034 1639 5592 1032 1639 5593 1033 1639 5594 1034 815 5595 1033 815 5596 1035 815 5597 1036 818 5598 1034 818 5599 1035 818 5600 1036 818 5601 1035 818 5602 1037 818 5603 1038 1640 5604 1036 1640 5605 1037 1640 5606 1038 819 5607 1037 819 5608 1039 819 5609 989 821 5610 1038 821 5611 1039 821 5612 989 1641 5613 1039 1641 5614 990 1641 5615 850 1642 5616 842 1642 5617 1002 1642 5618 1030 839 5619 978 839 5620 970 839 5621 877 1643 5622 1004 1643 5623 890 1643 5624 842 838 5625 834 838 5626 1002 838 5627 1002 831 5628 834 831 5629 998 831 5630 890 1644 5631 1008 1644 5632 904 1644 5633 1004 823 5634 1008 823 5635 890 823 5636 870 823 5637 1000 823 5638 877 823 5639 877 889 5640 1000 889 5641 1004 889 5642 1008 1645 5643 1012 1645 5644 904 1645 5645 1030 1646 5646 985 1646 5647 978 1646 5648 1032 823 5649 985 823 5650 1030 823 5651 1034 823 5652 985 823 5653 1032 823 5654 862 1647 5655 994 1647 5656 870 1647 5657 870 844 5658 994 844 5659 1000 844 5660 904 1642 5661 1018 1642 5662 923 1642 5663 1012 1648 5664 1018 1648 5665 904 1648 5666 834 833 5667 826 833 5668 998 833 5669 992 831 5670 826 831 5671 988 831 5672 998 1649 5673 826 1649 5674 992 1649 5675 861 823 5676 995 823 5677 862 823 5678 895 823 5679 995 823 5680 861 823 5681 1034 1650 5682 785 1650 5683 985 1650 5684 862 1651 5685 995 1651 5686 994 1651 5687 923 1652 5688 1020 1652 5689 938 1652 5690 988 826 5691 818 826 5692 989 826 5693 826 838 5694 818 838 5695 988 838 5696 1018 1653 5697 1020 1653 5698 923 1653 5699 1036 1653 5700 786 1653 5701 1034 1653 5702 1034 824 5703 786 824 5704 785 824 5705 818 823 5706 810 823 5707 989 823 5708 1036 823 5709 802 823 5710 786 823 5711 895 1654 5712 1016 1654 5713 995 1654 5714 1038 831 5715 802 831 5716 1036 831 5717 989 823 5718 802 823 5719 1038 823 5720 810 823 5721 802 823 5722 989 823 5723 938 843 5724 1022 843 5725 946 843 5726 1020 844 5727 1022 844 5728 938 844 5729 879 823 5730 1014 823 5731 895 823 5732 895 884 5733 1014 884 5734 1016 884 5735 946 823 5736 1024 823 5737 954 823 5738 1022 1655 5739 1024 1655 5740 946 1655 5741 858 1656 5742 1010 1656 5743 879 1656 5744 879 1657 5745 1010 1657 5746 1014 1657 5747 1024 1658 5748 1026 1658 5749 954 1658 5750 1026 823 5751 962 823 5752 954 823 5753 1010 823 5754 850 823 5755 1006 823 5756 858 1659 5757 850 1659 5758 1010 1659 5759 850 849 5760 1002 849 5761 1006 849 5762 1026 823 5763 970 823 5764 962 823 5765 1028 823 5766 970 823 5767 1026 823 5768 1028 1660 5769 1030 1660 5770 970 1660 5771 844 1661 5772 852 1661 5773 728 1661 5774 728 850 5775 852 850 5776 729 850 5777 735 850 5778 907 850 5779 925 850 5780 788 850 5781 766 850 5782 789 850 5783 789 850 5784 764 850 5785 987 850 5786 766 850 5787 764 850 5788 789 850 5789 788 869 5790 768 869 5791 766 869 5792 852 1662 5793 864 1662 5794 729 1662 5795 987 860 5796 762 860 5797 980 860 5798 729 1663 5799 864 1663 5800 732 1663 5801 732 850 5802 864 850 5803 738 850 5804 764 850 5805 762 850 5806 987 850 5807 734 1664 5808 908 1664 5809 735 1664 5810 735 860 5811 908 860 5812 907 860 5813 804 900 5814 770 900 5815 788 900 5816 788 1665 5817 770 1665 5818 768 1665 5819 864 850 5820 881 850 5821 738 850 5822 980 850 5823 760 850 5824 972 850 5825 734 862 5826 935 862 5827 908 862 5828 762 850 5829 760 850 5830 980 850 5831 754 1666 5832 935 1666 5833 756 1666 5834 756 1667 5835 935 1667 5836 734 1667 5837 812 850 5838 772 850 5839 804 850 5840 881 850 5841 898 850 5842 738 850 5843 738 850 5844 898 850 5845 742 850 5846 804 1668 5847 772 1668 5848 770 1668 5849 742 1669 5850 898 1669 5851 746 1669 5852 754 1670 5853 930 1670 5854 935 1670 5855 964 850 5856 758 850 5857 956 850 5858 972 850 5859 758 850 5860 964 850 5861 746 1671 5862 913 1671 5863 750 1671 5864 760 850 5865 758 850 5866 972 850 5867 898 1672 5868 913 1672 5869 746 1672 5870 820 850 5871 774 850 5872 812 850 5873 750 858 5874 921 858 5875 754 858 5876 754 852 5877 921 852 5878 930 852 5879 913 850 5880 921 850 5881 750 850 5882 812 1673 5883 774 1673 5884 772 1673 5885 758 850 5886 752 850 5887 956 850 5888 752 850 5889 948 850 5890 956 850 5891 828 850 5892 776 850 5893 820 850 5894 820 1674 5895 776 1674 5896 774 1674 5897 752 1675 5898 748 1675 5899 948 1675 5900 836 850 5901 778 850 5902 828 850 5903 828 871 5904 778 871 5905 776 871 5906 748 1676 5907 744 1676 5908 948 1676 5909 744 850 5910 940 850 5911 948 850 5912 836 850 5913 728 850 5914 778 850 5915 836 850 5916 844 850 5917 728 850 5918 744 850 5919 925 850 5920 940 850 5921 740 850 5922 925 850 5923 744 850 5924 740 850 5925 735 850 5926 925 850 5927 767 893 5928 710 893 5929 702 893 5930 769 823 5931 710 823 5932 767 823 5933 769 823 5934 771 823 5935 710 823 5936 590 1677 5937 582 1677 5938 747 1677 5939 743 823 5940 582 823 5941 739 823 5942 747 823 5943 582 823 5944 743 823 5945 771 831 5946 718 831 5947 710 831 5948 617 831 5949 745 831 5950 630 831 5951 745 823 5952 749 823 5953 630 823 5954 610 823 5955 741 823 5956 617 823 5957 617 823 5958 741 823 5959 745 823 5960 630 844 5961 753 844 5962 644 844 5963 749 823 5964 753 823 5965 630 823 5966 582 823 5967 574 823 5968 739 823 5969 602 1678 5970 737 1678 5971 610 1678 5972 771 885 5973 725 885 5974 718 885 5975 773 1679 5976 725 1679 5977 771 1679 5978 775 1680 5979 725 1680 5980 773 1680 5981 610 823 5982 737 823 5983 741 823 5984 644 823 5985 759 823 5986 663 823 5987 574 831 5988 566 831 5989 739 831 5990 753 823 5991 759 823 5992 644 823 5993 733 1681 5994 566 1681 5995 731 1681 5996 601 1682 5997 736 1682 5998 602 1682 5999 739 823 6000 566 823 6001 733 823 6002 777 823 6003 525 823 6004 775 823 6005 602 1683 6006 736 1683 6007 737 1683 6008 775 1684 6009 525 1684 6010 725 1684 6011 731 1685 6012 558 1685 6013 730 1685 6014 566 1686 6015 558 1686 6016 731 1686 6017 663 844 6018 761 844 6019 678 844 6020 777 889 6021 526 889 6022 525 889 6023 759 823 6024 761 823 6025 663 823 6026 635 823 6027 757 823 6028 601 823 6029 558 823 6030 550 823 6031 730 823 6032 601 1687 6033 757 1687 6034 736 1687 6035 779 823 6036 542 823 6037 777 823 6038 730 1688 6039 542 1688 6040 779 1688 6041 550 823 6042 542 823 6043 730 823 6044 777 1689 6045 542 1689 6046 526 1689 6047 678 1684 6048 763 1684 6049 686 1684 6050 761 1690 6051 763 1690 6052 678 1690 6053 619 823 6054 755 823 6055 635 823 6056 635 823 6057 755 823 6058 757 823 6059 686 823 6060 765 823 6061 694 823 6062 763 1691 6063 765 1691 6064 686 1691 6065 598 823 6066 751 823 6067 619 823 6068 619 877 6069 751 877 6070 755 877 6071 765 1692 6072 767 1692 6073 694 1692 6074 767 823 6075 702 823 6076 694 823 6077 598 1693 6078 590 1693 6079 751 1693 6080 751 823 6081 590 823 6082 747 823 6083 997 850 6084 647 850 6085 665 850 6086 529 895 6087 1027 895 6088 727 895 6089 991 1694 6090 604 1694 6091 993 1694 6092 993 850 6093 604 850 6094 999 850 6095 592 1695 6096 604 1695 6097 991 1695 6098 727 912 6099 1025 912 6100 720 912 6101 1027 850 6102 1025 850 6103 727 850 6104 528 1696 6105 1029 1696 6106 529 1696 6107 529 860 6108 1029 860 6109 1027 860 6110 1025 903 6111 1023 903 6112 720 903 6113 997 1697 6114 648 1697 6115 647 1697 6116 996 850 6117 648 850 6118 997 850 6119 1017 902 6120 648 902 6121 996 902 6122 544 850 6123 1031 850 6124 528 850 6125 528 850 6126 1031 850 6127 1029 850 6128 712 1698 6129 1021 1698 6130 704 1698 6131 604 1699 6132 621 1699 6133 999 1699 6134 720 1700 6135 1021 1700 6136 712 1700 6137 1023 850 6138 1021 850 6139 720 850 6140 1017 1695 6141 675 1695 6142 648 1695 6143 552 850 6144 1033 850 6145 544 850 6146 1015 850 6147 675 850 6148 1017 850 6149 544 1701 6150 1033 1701 6151 1031 1701 6152 621 850 6153 638 850 6154 999 850 6155 999 862 6156 638 862 6157 1003 862 6158 1003 910 6159 638 910 6160 1007 910 6161 1021 1702 6162 1019 1702 6163 704 1702 6164 1015 1703 6165 670 1703 6166 675 1703 6167 1019 850 6168 696 850 6169 704 850 6170 560 1704 6171 1035 1704 6172 552 1704 6173 638 850 6174 653 850 6175 1007 850 6176 1007 850 6177 661 850 6178 1011 850 6179 552 872 6180 1035 872 6181 1033 872 6182 1011 865 6183 661 865 6184 1015 865 6185 1015 894 6186 661 894 6187 670 894 6188 653 850 6189 661 850 6190 1007 850 6191 1019 909 6192 1013 909 6193 696 909 6194 568 850 6195 1037 850 6196 560 850 6197 560 850 6198 1037 850 6199 1035 850 6200 696 850 6201 1009 850 6202 688 850 6203 1013 906 6204 1009 906 6205 696 906 6206 576 850 6207 1039 850 6208 568 850 6209 568 901 6210 1039 901 6211 1037 901 6212 1005 850 6213 680 850 6214 1009 850 6215 1009 850 6216 680 850 6217 688 850 6218 576 894 6219 584 894 6220 1039 894 6221 1039 850 6222 584 850 6223 990 850 6224 1005 1698 6225 665 1698 6226 680 1698 6227 1001 850 6228 665 850 6229 1005 850 6230 1001 850 6231 997 850 6232 665 850 6233 584 897 6234 592 897 6235 990 897 6236 990 901 6237 592 901 6238 991 901 6239 1040 1705 6240 1041 1705 6241 1042 1705 6242 1040 1706 6243 1042 1706 6244 1043 1706 6245 1044 2 6246 1043 2 6247 1045 2 6248 1044 1707 6249 1045 1707 6250 1046 1707 6251 1047 1708 6252 1048 1708 6253 1049 1708 6254 1047 1709 6255 1049 1709 6256 1050 1709 6257 1047 1710 6258 1050 1710 6259 1051 1710 6260 1047 7 6261 1051 7 6262 1052 7 6263 1053 1711 6264 1052 1711 6265 1054 1711 6266 1053 1712 6267 1054 1712 6268 1055 1712 6269 1056 10 6270 1055 10 6271 1057 10 6272 1056 1713 6273 1057 1713 6274 1058 1713 6275 1059 12 6276 1058 12 6277 1041 12 6278 1059 1714 6279 1041 1714 6280 1040 1714 6281 1060 14 6282 1043 14 6283 1044 14 6284 1060 15 6285 1040 15 6286 1043 15 6287 1061 1715 6288 1046 1715 6289 1062 1715 6290 1061 1716 6291 1044 1716 6292 1046 1716 6293 1063 18 6294 1064 18 6295 1048 18 6296 1063 1717 6297 1048 1717 6298 1047 1717 6299 1063 1718 6300 1052 1718 6301 1053 1718 6302 1063 1719 6303 1047 1719 6304 1052 1719 6305 1065 1720 6306 1053 1720 6307 1055 1720 6308 1065 23 6309 1055 23 6310 1056 23 6311 1066 24 6312 1056 24 6313 1058 24 6314 1066 1721 6315 1058 1721 6316 1059 1721 6317 1067 1722 6318 1059 1722 6319 1040 1722 6320 1067 27 6321 1040 27 6322 1060 27 6323 1068 1723 6324 1060 1723 6325 1044 1723 6326 1068 1724 6327 1044 1724 6328 1061 1724 6329 1069 1725 6330 1062 1725 6331 1070 1725 6332 1069 1726 6333 1061 1726 6334 1062 1726 6335 1071 1727 6336 1072 1727 6337 1064 1727 6338 1071 1728 6339 1064 1728 6340 1063 1728 6341 1071 1729 6342 1063 1729 6343 1053 1729 6344 1071 35 6345 1053 35 6346 1065 35 6347 1073 1730 6348 1065 1730 6349 1056 1730 6350 1073 1731 6351 1056 1731 6352 1066 1731 6353 1074 1732 6354 1059 1732 6355 1067 1732 6356 1074 1733 6357 1066 1733 6358 1059 1733 6359 1075 1734 6360 1060 1734 6361 1068 1734 6362 1075 41 6363 1067 41 6364 1060 41 6365 1076 1735 6366 1068 1735 6367 1061 1735 6368 1076 1736 6369 1061 1736 6370 1069 1736 6371 1077 1737 6372 1070 1737 6373 1078 1737 6374 1077 1738 6375 1069 1738 6376 1070 1738 6377 1079 1739 6378 1080 1739 6379 1072 1739 6380 1079 1740 6381 1065 1740 6382 1073 1740 6383 1079 1741 6384 1072 1741 6385 1071 1741 6386 1079 1742 6387 1071 1742 6388 1065 1742 6389 1081 1743 6390 1073 1743 6391 1066 1743 6392 1081 1744 6393 1066 1744 6394 1074 1744 6395 1082 1745 6396 1074 1745 6397 1067 1745 6398 1082 1746 6399 1067 1746 6400 1075 1746 6401 1083 1747 6402 1068 1747 6403 1076 1747 6404 1083 1748 6405 1075 1748 6406 1068 1748 6407 1084 1749 6408 1069 1749 6409 1077 1749 6410 1084 1750 6411 1076 1750 6412 1069 1750 6413 1085 1751 6414 1078 1751 6415 1086 1751 6416 1085 1752 6417 1077 1752 6418 1078 1752 6419 1087 1753 6420 1079 1753 6421 1073 1753 6422 1087 61 6423 1088 61 6424 1080 61 6425 1087 1754 6426 1080 1754 6427 1079 1754 6428 1087 1755 6429 1073 1755 6430 1081 1755 6431 1089 64 6432 1081 64 6433 1074 64 6434 1089 1756 6435 1074 1756 6436 1082 1756 6437 1090 1757 6438 1082 1757 6439 1075 1757 6440 1090 1758 6441 1075 1758 6442 1083 1758 6443 1091 1759 6444 1076 1759 6445 1084 1759 6446 1091 1760 6447 1083 1760 6448 1076 1760 6449 1092 1761 6450 1084 1761 6451 1077 1761 6452 1092 1762 6453 1077 1762 6454 1085 1762 6455 1093 72 6456 1085 72 6457 1086 72 6458 1093 73 6459 1086 73 6460 1094 73 6461 1095 1763 6462 1096 1763 6463 1088 1763 6464 1095 75 6465 1088 75 6466 1087 75 6467 1095 1764 6468 1087 1764 6469 1081 1764 6470 1095 77 6471 1081 77 6472 1089 77 6473 1097 1765 6474 1089 1765 6475 1082 1765 6476 1097 1766 6477 1082 1766 6478 1090 1766 6479 1098 1767 6480 1090 1767 6481 1083 1767 6482 1098 1768 6483 1083 1768 6484 1091 1768 6485 1099 1769 6486 1091 1769 6487 1084 1769 6488 1099 1770 6489 1084 1770 6490 1092 1770 6491 1100 1771 6492 1085 1771 6493 1093 1771 6494 1100 1772 6495 1092 1772 6496 1085 1772 6497 1101 1773 6498 1093 1773 6499 1094 1773 6500 1101 1774 6501 1094 1774 6502 1102 1774 6503 1103 1775 6504 1104 1775 6505 1096 1775 6506 1103 1776 6507 1096 1776 6508 1095 1776 6509 1103 1777 6510 1095 1777 6511 1089 1777 6512 1103 1778 6513 1089 1778 6514 1097 1778 6515 1105 1779 6516 1090 1779 6517 1098 1779 6518 1105 1780 6519 1097 1780 6520 1090 1780 6521 1106 1781 6522 1098 1781 6523 1091 1781 6524 1106 1782 6525 1091 1782 6526 1099 1782 6527 1107 1783 6528 1099 1783 6529 1092 1783 6530 1107 1784 6531 1092 1784 6532 1100 1784 6533 1108 1785 6534 1100 1785 6535 1093 1785 6536 1108 1786 6537 1093 1786 6538 1101 1786 6539 1109 1787 6540 1102 1787 6541 1110 1787 6542 1109 1788 6543 1101 1788 6544 1102 1788 6545 1111 1789 6546 1112 1789 6547 1104 1789 6548 1111 1790 6549 1103 1790 6550 1097 1790 6551 1111 1791 6552 1097 1791 6553 1105 1791 6554 1111 105 6555 1104 105 6556 1103 105 6557 1113 1792 6558 1105 1792 6559 1098 1792 6560 1113 1793 6561 1098 1793 6562 1106 1793 6563 1114 108 6564 1106 108 6565 1099 108 6566 1114 1794 6567 1099 1794 6568 1107 1794 6569 1115 110 6570 1100 110 6571 1108 110 6572 1115 1795 6573 1107 1795 6574 1100 1795 6575 1116 1796 6576 1101 1796 6577 1109 1796 6578 1116 1797 6579 1108 1797 6580 1101 1797 6581 1117 1798 6582 1110 1798 6583 1118 1798 6584 1117 1799 6585 1109 1799 6586 1110 1799 6587 1119 116 6588 1120 116 6589 1121 116 6590 1119 1800 6591 1121 1800 6592 1122 1800 6593 1123 1028 6594 1124 1028 6595 1112 1028 6596 1123 1801 6597 1112 1801 6598 1111 1801 6599 1123 1802 6600 1111 1802 6601 1105 1802 6602 1125 1803 6603 1120 1803 6604 1119 1803 6605 1123 1804 6606 1105 1804 6607 1113 1804 6608 1126 123 6609 1113 123 6610 1106 123 6611 1125 1805 6612 1127 1805 6613 1120 1805 6614 1126 125 6615 1106 125 6616 1114 125 6617 1128 126 6618 1119 126 6619 1122 126 6620 1129 1806 6621 1114 1806 6622 1107 1806 6623 1128 1807 6624 1122 1807 6625 1130 1807 6626 1129 1808 6627 1107 1808 6628 1115 1808 6629 1131 130 6630 1132 130 6631 1127 130 6632 1131 1809 6633 1127 1809 6634 1125 1809 6635 1133 1810 6636 1115 1810 6637 1108 1810 6638 1133 1811 6639 1108 1811 6640 1116 1811 6641 1134 134 6642 1125 134 6643 1119 134 6644 1135 1812 6645 1116 1812 6646 1109 1812 6647 1134 136 6648 1119 136 6649 1128 136 6650 1135 1813 6651 1109 1813 6652 1117 1813 6653 1136 1814 6654 1130 1814 6655 1137 1814 6656 1138 1815 6657 1118 1815 6658 1139 1815 6659 1138 1816 6660 1117 1816 6661 1118 1816 6662 1136 1817 6663 1128 1817 6664 1130 1817 6665 1140 142 6666 1141 142 6667 1124 142 6668 1140 1818 6669 1113 1818 6670 1126 1818 6671 1142 144 6672 1143 144 6673 1132 144 6674 1140 145 6675 1124 145 6676 1123 145 6677 1142 1819 6678 1132 1819 6679 1131 1819 6680 1140 1820 6681 1123 1820 6682 1113 1820 6683 1144 148 6684 1125 148 6685 1134 148 6686 1145 1821 6687 1114 1821 6688 1129 1821 6689 1145 1822 6690 1126 1822 6691 1114 1822 6692 1144 1823 6693 1131 1823 6694 1125 1823 6695 1146 1824 6696 1129 1824 6697 1115 1824 6698 1147 1825 6699 1134 1825 6700 1128 1825 6701 1146 1826 6702 1115 1826 6703 1133 1826 6704 1147 1827 6705 1128 1827 6706 1136 1827 6707 1148 1828 6708 1133 1828 6709 1116 1828 6710 1149 1829 6711 1137 1829 6712 1150 1829 6713 1148 1830 6714 1116 1830 6715 1135 1830 6716 1149 1831 6717 1136 1831 6718 1137 1831 6719 1151 1832 6720 1117 1832 6721 1138 1832 6722 1152 1833 6723 1153 1833 6724 1143 1833 6725 1152 1834 6726 1143 1834 6727 1142 1834 6728 1151 1835 6729 1135 1835 6730 1117 1835 6731 1154 1836 6732 1138 1836 6733 1139 1836 6734 1154 1837 6735 1139 1837 6736 1155 1837 6737 1154 1838 6738 1155 1838 6739 1121 1838 6740 1156 1839 6741 1142 1839 6742 1131 1839 6743 1154 168 6744 1121 168 6745 1120 168 6746 1156 1840 6747 1131 1840 6748 1144 1840 6749 1157 1841 6750 1126 1841 6751 1145 1841 6752 1157 1842 6753 1158 1842 6754 1141 1842 6755 1157 1843 6756 1141 1843 6757 1140 1843 6758 1157 1844 6759 1140 1844 6760 1126 1844 6761 1159 174 6762 1144 174 6763 1134 174 6764 1159 175 6765 1134 175 6766 1147 175 6767 1160 1845 6768 1129 1845 6769 1146 1845 6770 1161 1846 6771 1147 1846 6772 1136 1846 6773 1160 1847 6774 1145 1847 6775 1129 1847 6776 1162 1848 6777 1146 1848 6778 1133 1848 6779 1162 180 6780 1133 180 6781 1148 180 6782 1161 1849 6783 1136 1849 6784 1149 1849 6785 1163 1850 6786 1150 1850 6787 1164 1850 6788 1165 1851 6789 1135 1851 6790 1151 1851 6791 1165 1852 6792 1148 1852 6793 1135 1852 6794 1163 1853 6795 1149 1853 6796 1150 1853 6797 1166 1854 6798 1167 1854 6799 1168 1854 6800 1166 1855 6801 1168 1855 6802 1169 1855 6803 1166 1856 6804 1169 1856 6805 1153 1856 6806 1166 189 6807 1153 189 6808 1152 189 6809 1170 190 6810 1151 190 6811 1138 190 6812 1170 191 6813 1138 191 6814 1154 191 6815 1170 1857 6816 1154 1857 6817 1120 1857 6818 1171 1858 6819 1142 1858 6820 1156 1858 6821 1170 1859 6822 1120 1859 6823 1127 1859 6824 1171 1860 6825 1152 1860 6826 1142 1860 6827 1172 1861 6828 1158 1861 6829 1157 1861 6830 1172 1862 6831 1173 1862 6832 1158 1862 6833 1174 1863 6834 1156 1863 6835 1144 1863 6836 1172 199 6837 1145 199 6838 1160 199 6839 1172 200 6840 1157 200 6841 1145 200 6842 1175 1864 6843 1146 1864 6844 1162 1864 6845 1174 1865 6846 1144 1865 6847 1159 1865 6848 1175 1866 6849 1160 1866 6850 1146 1866 6851 1176 1867 6852 1148 1867 6853 1165 1867 6854 1177 1868 6855 1159 1868 6856 1147 1868 6857 1177 1869 6858 1147 1869 6859 1161 1869 6860 1176 1870 6861 1162 1870 6862 1148 1870 6863 1178 1871 6864 1165 1871 6865 1151 1871 6866 1178 1872 6867 1151 1872 6868 1170 1872 6869 1179 1873 6870 1161 1873 6871 1149 1873 6872 1179 1874 6873 1149 1874 6874 1163 1874 6875 1178 1875 6876 1170 1875 6877 1127 1875 6878 1178 213 6879 1127 213 6880 1132 213 6881 1180 214 6882 1181 214 6883 1173 214 6884 1182 1876 6885 1164 1876 6886 1183 1876 6887 1180 1877 6888 1172 1877 6889 1160 1877 6890 1180 1878 6891 1173 1878 6892 1172 1878 6893 1180 1879 6894 1160 1879 6895 1175 1879 6896 1182 1880 6897 1163 1880 6898 1164 1880 6899 1184 220 6900 1185 220 6901 1167 220 6902 1186 1881 6903 1175 1881 6904 1162 1881 6905 1184 1882 6906 1167 1882 6907 1166 1882 6908 1186 1883 6909 1162 1883 6910 1176 1883 6911 1184 1884 6912 1152 1884 6913 1171 1884 6914 1184 1885 6915 1166 1885 6916 1152 1885 6917 1187 1886 6918 1176 1886 6919 1165 1886 6920 1187 1887 6921 1165 1887 6922 1178 1887 6923 1188 1888 6924 1171 1888 6925 1156 1888 6926 1187 1889 6927 1178 1889 6928 1132 1889 6929 1188 1890 6930 1156 1890 6931 1174 1890 6932 1187 231 6933 1132 231 6934 1143 231 6935 1189 1891 6936 1190 1891 6937 1181 1891 6938 1191 1892 6939 1174 1892 6940 1159 1892 6941 1189 1893 6942 1181 1893 6943 1180 1893 6944 1191 1894 6945 1159 1894 6946 1177 1894 6947 1189 1895 6948 1180 1895 6949 1175 1895 6950 1189 1896 6951 1175 1896 6952 1186 1896 6953 1192 1897 6954 1186 1897 6955 1176 1897 6956 1192 1898 6957 1143 1898 6958 1153 1898 6959 1193 1899 6960 1161 1899 6961 1179 1899 6962 1192 1900 6963 1187 1900 6964 1143 1900 6965 1193 242 6966 1177 242 6967 1161 242 6968 1192 1901 6969 1176 1901 6970 1187 1901 6971 1194 244 6972 1195 244 6973 1190 244 6974 1194 1902 6975 1168 1902 6976 1195 1902 6977 1194 246 6978 1192 246 6979 1153 246 6980 1194 1903 6981 1169 1903 6982 1168 1903 6983 1194 1904 6984 1190 1904 6985 1189 1904 6986 1194 1905 6987 1186 1905 6988 1192 1905 6989 1196 1906 6990 1179 1906 6991 1163 1906 6992 1194 1907 6993 1153 1907 6994 1169 1907 6995 1194 1908 6996 1189 1908 6997 1186 1908 6998 1196 253 6999 1163 253 7000 1182 253 7001 1197 254 7002 1182 254 7003 1183 254 7004 1197 255 7005 1183 255 7006 1198 255 7007 1199 1909 7008 1200 1909 7009 1185 1909 7010 1199 257 7011 1171 257 7012 1188 257 7013 1199 1910 7014 1185 1910 7015 1184 1910 7016 1199 1911 7017 1184 1911 7018 1171 1911 7019 1201 1912 7020 1174 1912 7021 1191 1912 7022 1201 1913 7023 1188 1913 7024 1174 1913 7025 1202 1914 7026 1177 1914 7027 1193 1914 7028 1202 1915 7029 1191 1915 7030 1177 1915 7031 1203 1916 7032 1193 1916 7033 1179 1916 7034 1203 1917 7035 1179 1917 7036 1196 1917 7037 1204 1918 7038 1196 1918 7039 1182 1918 7040 1204 1919 7041 1182 1919 7042 1197 1919 7043 1205 1920 7044 1197 1920 7045 1198 1920 7046 1205 1921 7047 1198 1921 7048 1206 1921 7049 1207 1922 7050 1208 1922 7051 1200 1922 7052 1207 271 7053 1199 271 7054 1188 271 7055 1207 1923 7056 1188 1923 7057 1201 1923 7058 1207 1924 7059 1200 1924 7060 1199 1924 7061 1209 1925 7062 1191 1925 7063 1202 1925 7064 1209 1926 7065 1201 1926 7066 1191 1926 7067 1210 1927 7068 1193 1927 7069 1203 1927 7070 1210 1928 7071 1202 1928 7072 1193 1928 7073 1211 1929 7074 1196 1929 7075 1204 1929 7076 1211 1930 7077 1203 1930 7078 1196 1930 7079 1212 1931 7080 1204 1931 7081 1197 1931 7082 1212 1932 7083 1197 1932 7084 1205 1932 7085 1213 1933 7086 1205 1933 7087 1206 1933 7088 1213 1934 7089 1206 1934 7090 1214 1934 7091 1215 1935 7092 1216 1935 7093 1208 1935 7094 1215 285 7095 1208 285 7096 1207 285 7097 1215 1936 7098 1201 1936 7099 1209 1936 7100 1215 1937 7101 1207 1937 7102 1201 1937 7103 1217 1938 7104 1209 1938 7105 1202 1938 7106 1217 1939 7107 1202 1939 7108 1210 1939 7109 1218 1940 7110 1210 1940 7111 1203 1940 7112 1218 1941 7113 1203 1941 7114 1211 1941 7115 1219 292 7116 1204 292 7117 1212 292 7118 1219 1942 7119 1211 1942 7120 1204 1942 7121 1220 1943 7122 1205 1943 7123 1213 1943 7124 1220 295 7125 1212 295 7126 1205 295 7127 1221 1944 7128 1214 1944 7129 1222 1944 7130 1221 1945 7131 1213 1945 7132 1214 1945 7133 1223 1946 7134 1224 1946 7135 1216 1946 7136 1223 1947 7137 1209 1947 7138 1217 1947 7139 1223 1948 7140 1216 1948 7141 1215 1948 7142 1223 1949 7143 1215 1949 7144 1209 1949 7145 1225 302 7146 1217 302 7147 1210 302 7148 1225 303 7149 1210 303 7150 1218 303 7151 1226 1950 7152 1218 1950 7153 1211 1950 7154 1226 1951 7155 1211 1951 7156 1219 1951 7157 1227 1952 7158 1212 1952 7159 1220 1952 7160 1227 307 7161 1219 307 7162 1212 307 7163 1228 1953 7164 1220 1953 7165 1213 1953 7166 1228 1954 7167 1213 1954 7168 1221 1954 7169 1229 1955 7170 1222 1955 7171 1230 1955 7172 1229 1956 7173 1221 1956 7174 1222 1956 7175 1231 312 7176 1232 312 7177 1224 312 7178 1231 313 7179 1224 313 7180 1223 313 7181 1231 1957 7182 1223 1957 7183 1217 1957 7184 1231 1958 7185 1217 1958 7186 1225 1958 7187 1233 1959 7188 1225 1959 7189 1218 1959 7190 1233 1960 7191 1218 1960 7192 1226 1960 7193 1234 1961 7194 1226 1961 7195 1219 1961 7196 1234 319 7197 1219 319 7198 1227 319 7199 1235 1962 7200 1220 1962 7201 1228 1962 7202 1235 1963 7203 1227 1963 7204 1220 1963 7205 1236 1964 7206 1228 1964 7207 1221 1964 7208 1236 1965 7209 1221 1965 7210 1229 1965 7211 1237 1966 7212 1230 1966 7213 1238 1966 7214 1237 1967 7215 1229 1967 7216 1230 1967 7217 1239 1968 7218 1240 1968 7219 1232 1968 7220 1239 1969 7221 1232 1969 7222 1231 1969 7223 1239 1970 7224 1231 1970 7225 1225 1970 7226 1239 1971 7227 1225 1971 7228 1233 1971 7229 1241 1972 7230 1226 1972 7231 1234 1972 7232 1241 1973 7233 1233 1973 7234 1226 1973 7235 1242 1974 7236 1234 1974 7237 1227 1974 7238 1242 333 7239 1227 333 7240 1235 333 7241 1243 1975 7242 1228 1975 7243 1236 1975 7244 1243 1976 7245 1235 1976 7246 1228 1976 7247 1244 336 7248 1236 336 7249 1229 336 7250 1244 337 7251 1229 337 7252 1237 337 7253 1042 1977 7254 1238 1977 7255 1245 1977 7256 1042 339 7257 1237 339 7258 1238 339 7259 1246 340 7260 1239 340 7261 1233 340 7262 1246 1978 7263 1247 1978 7264 1240 1978 7265 1246 1979 7266 1240 1979 7267 1239 1979 7268 1246 343 7269 1233 343 7270 1241 343 7271 1051 1980 7272 1241 1980 7273 1234 1980 7274 1051 1981 7275 1234 1981 7276 1242 1981 7277 1054 1982 7278 1242 1982 7279 1235 1982 7280 1054 1983 7281 1235 1983 7282 1243 1983 7283 1057 1984 7284 1243 1984 7285 1236 1984 7286 1057 1985 7287 1236 1985 7288 1244 1985 7289 1041 1986 7290 1244 1986 7291 1237 1986 7292 1041 351 7293 1237 351 7294 1042 351 7295 1043 352 7296 1042 352 7297 1245 352 7298 1043 1987 7299 1245 1987 7300 1045 1987 7301 1050 354 7302 1049 354 7303 1247 354 7304 1050 1988 7305 1247 1988 7306 1246 1988 7307 1050 1989 7308 1241 1989 7309 1051 1989 7310 1050 1990 7311 1246 1990 7312 1241 1990 7313 1052 1991 7314 1242 1991 7315 1054 1991 7316 1052 1992 7317 1051 1992 7318 1242 1992 7319 1055 1993 7320 1054 1993 7321 1243 1993 7322 1055 1994 7323 1243 1994 7324 1057 1994 7325 1058 362 7326 1244 362 7327 1041 362 7328 1058 1995 7329 1057 1995 7330 1244 1995 7331 1248 1996 7332 1249 1996 7333 1250 1996 7334 1250 1997 7335 1249 1997 7336 1251 1997 7337 1249 1272 7338 1252 1272 7339 1251 1272 7340 1251 1998 7341 1252 1998 7342 1253 1998 7343 1252 368 7344 1254 368 7345 1253 368 7346 1253 368 7347 1254 368 7348 1255 368 7349 1256 1999 7350 1257 1999 7351 1258 1999 7352 1258 2000 7353 1257 2000 7354 1259 2000 7355 1254 1276 7356 1260 1276 7357 1255 1276 7358 1255 2001 7359 1260 2001 7360 1261 2001 7361 1259 2002 7362 1262 2002 7363 1263 2002 7364 1257 2003 7365 1262 2003 7366 1259 2003 7367 1260 375 7368 1264 375 7369 1261 375 7370 1261 2004 7371 1264 2004 7372 1265 2004 7373 1263 2005 7374 1266 2005 7375 1267 2005 7376 1262 2006 7377 1266 2006 7378 1263 2006 7379 1264 2007 7380 1268 2007 7381 1265 2007 7382 1265 2008 7383 1268 2008 7384 1269 2008 7385 1267 1280 7386 1270 1280 7387 1271 1280 7388 1266 2009 7389 1270 2009 7390 1267 2009 7391 1269 2010 7392 1272 2010 7393 1273 2010 7394 1268 2010 7395 1272 2010 7396 1269 2010 7397 1271 2011 7398 1274 2011 7399 1275 2011 7400 1275 389 7401 1274 389 7402 1276 389 7403 1270 384 7404 1274 384 7405 1271 384 7406 1273 2012 7407 1277 2012 7408 1278 2012 7409 1272 2013 7410 1277 2013 7411 1273 2013 7412 1277 387 7413 1256 387 7414 1278 387 7415 1278 388 7416 1256 388 7417 1258 388 7418 1276 390 7419 1279 390 7420 1280 390 7421 1274 391 7422 1279 391 7423 1276 391 7424 1280 2014 7425 1281 2014 7426 1282 2014 7427 1279 390 7428 1281 390 7429 1280 390 7430 1281 1289 7431 1283 1289 7432 1282 1289 7433 1282 393 7434 1284 393 7435 1285 393 7436 1285 1292 7437 1284 1292 7438 1286 1292 7439 1283 2015 7440 1284 2015 7441 1282 2015 7442 1284 2016 7443 1287 2016 7444 1286 2016 7445 1287 2017 7446 1288 2017 7447 1286 2017 7448 1286 2018 7449 1288 2018 7450 1289 2018 7451 1288 2019 7452 1290 2019 7453 1289 2019 7454 1289 2020 7455 1290 2020 7456 1291 2020 7457 1290 401 7458 1292 401 7459 1291 401 7460 1291 402 7461 1292 402 7462 1293 402 7463 1292 403 7464 1294 403 7465 1293 403 7466 1293 404 7467 1294 404 7468 1295 404 7469 1294 2021 7470 1296 2021 7471 1295 2021 7472 1295 2022 7473 1296 2022 7474 1297 2022 7475 1296 2023 7476 1298 2023 7477 1297 2023 7478 1297 2023 7479 1298 2023 7480 1299 2023 7481 1298 2024 7482 1248 2024 7483 1299 2024 7484 1299 1301 7485 1248 1301 7486 1250 1301 7487 1300 412 7488 1301 412 7489 1302 412 7490 1300 2025 7491 1302 2025 7492 1303 2025 7493 1304 2026 7494 1303 2026 7495 1305 2026 7496 1304 415 7497 1305 415 7498 1306 415 7499 1307 2027 7500 1308 2027 7501 1309 2027 7502 1307 2028 7503 1309 2028 7504 1310 2028 7505 1307 2029 7506 1310 2029 7507 1311 2029 7508 1307 2030 7509 1311 2030 7510 1312 2030 7511 1313 2031 7512 1312 2031 7513 1314 2031 7514 1313 2032 7515 1314 2032 7516 1315 2032 7517 1316 422 7518 1315 422 7519 1317 422 7520 1316 2033 7521 1317 2033 7522 1318 2033 7523 1319 424 7524 1318 424 7525 1301 424 7526 1319 2034 7527 1301 2034 7528 1300 2034 7529 1320 2035 7530 1303 2035 7531 1304 2035 7532 1320 2036 7533 1300 2036 7534 1303 2036 7535 1321 2037 7536 1306 2037 7537 1322 2037 7538 1321 429 7539 1304 429 7540 1306 429 7541 1323 2038 7542 1324 2038 7543 1308 2038 7544 1323 2039 7545 1308 2039 7546 1307 2039 7547 1323 432 7548 1312 432 7549 1313 432 7550 1323 433 7551 1307 433 7552 1312 433 7553 1325 2040 7554 1313 2040 7555 1315 2040 7556 1325 435 7557 1315 435 7558 1316 435 7559 1326 2041 7560 1316 2041 7561 1318 2041 7562 1326 437 7563 1318 437 7564 1319 437 7565 1327 2042 7566 1319 2042 7567 1300 2042 7568 1327 2043 7569 1300 2043 7570 1320 2043 7571 1328 440 7572 1320 440 7573 1304 440 7574 1328 2044 7575 1304 2044 7576 1321 2044 7577 1329 2045 7578 1322 2045 7579 1330 2045 7580 1329 2046 7581 1321 2046 7582 1322 2046 7583 1331 2047 7584 1332 2047 7585 1324 2047 7586 1331 445 7587 1324 445 7588 1323 445 7589 1331 2048 7590 1323 2048 7591 1313 2048 7592 1331 2049 7593 1313 2049 7594 1325 2049 7595 1333 448 7596 1325 448 7597 1316 448 7598 1333 2050 7599 1316 2050 7600 1326 2050 7601 1334 2051 7602 1319 2051 7603 1327 2051 7604 1334 451 7605 1326 451 7606 1319 451 7607 1335 2052 7608 1320 2052 7609 1328 2052 7610 1335 2053 7611 1327 2053 7612 1320 2053 7613 1336 2054 7614 1328 2054 7615 1321 2054 7616 1336 2055 7617 1321 2055 7618 1329 2055 7619 1337 2056 7620 1330 2056 7621 1338 2056 7622 1337 457 7623 1329 457 7624 1330 457 7625 1339 2057 7626 1340 2057 7627 1332 2057 7628 1339 2058 7629 1325 2058 7630 1333 2058 7631 1339 460 7632 1332 460 7633 1331 460 7634 1339 461 7635 1331 461 7636 1325 461 7637 1341 2059 7638 1333 2059 7639 1326 2059 7640 1341 2060 7641 1326 2060 7642 1334 2060 7643 1342 2061 7644 1334 2061 7645 1327 2061 7646 1342 2062 7647 1327 2062 7648 1335 2062 7649 1343 2063 7650 1328 2063 7651 1336 2063 7652 1343 2064 7653 1335 2064 7654 1328 2064 7655 1344 468 7656 1329 468 7657 1337 468 7658 1344 469 7659 1336 469 7660 1329 469 7661 1345 1357 7662 1338 1357 7663 1346 1357 7664 1345 2065 7665 1337 2065 7666 1338 2065 7667 1347 472 7668 1339 472 7669 1333 472 7670 1347 2066 7671 1348 2066 7672 1340 2066 7673 1347 474 7674 1340 474 7675 1339 474 7676 1347 475 7677 1333 475 7678 1341 475 7679 1349 2067 7680 1341 2067 7681 1334 2067 7682 1349 477 7683 1334 477 7684 1342 477 7685 1350 2068 7686 1342 2068 7687 1335 2068 7688 1350 2069 7689 1335 2069 7690 1343 2069 7691 1351 2070 7692 1336 2070 7693 1344 2070 7694 1351 2071 7695 1343 2071 7696 1336 2071 7697 1352 2072 7698 1344 2072 7699 1337 2072 7700 1352 2073 7701 1337 2073 7702 1345 2073 7703 1353 484 7704 1345 484 7705 1346 484 7706 1353 485 7707 1346 485 7708 1354 485 7709 1355 2074 7710 1356 2074 7711 1348 2074 7712 1355 2075 7713 1348 2075 7714 1347 2075 7715 1355 2076 7716 1347 2076 7717 1341 2076 7718 1355 2077 7719 1341 2077 7720 1349 2077 7721 1357 2078 7722 1349 2078 7723 1342 2078 7724 1357 2079 7725 1342 2079 7726 1350 2079 7727 1358 2080 7728 1350 2080 7729 1343 2080 7730 1358 2081 7731 1343 2081 7732 1351 2081 7733 1359 2082 7734 1351 2082 7735 1344 2082 7736 1359 2083 7737 1344 2083 7738 1352 2083 7739 1360 2084 7740 1345 2084 7741 1353 2084 7742 1360 2085 7743 1352 2085 7744 1345 2085 7745 1361 2086 7746 1353 2086 7747 1354 2086 7748 1361 2087 7749 1354 2087 7750 1362 2087 7751 1363 2088 7752 1364 2088 7753 1356 2088 7754 1363 2089 7755 1356 2089 7756 1355 2089 7757 1363 2090 7758 1355 2090 7759 1349 2090 7760 1363 2091 7761 1349 2091 7762 1357 2091 7763 1365 2092 7764 1350 2092 7765 1358 2092 7766 1365 2093 7767 1357 2093 7768 1350 2093 7769 1366 2094 7770 1358 2094 7771 1351 2094 7772 1366 2095 7773 1351 2095 7774 1359 2095 7775 1367 508 7776 1359 508 7777 1352 508 7778 1367 509 7779 1352 509 7780 1360 509 7781 1368 2096 7782 1360 2096 7783 1353 2096 7784 1368 2097 7785 1353 2097 7786 1361 2097 7787 1369 2098 7788 1362 2098 7789 1370 2098 7790 1369 2099 7791 1361 2099 7792 1362 2099 7793 1371 514 7794 1372 514 7795 1364 514 7796 1371 2100 7797 1363 2100 7798 1357 2100 7799 1371 516 7800 1357 516 7801 1365 516 7802 1371 517 7803 1364 517 7804 1363 517 7805 1373 2101 7806 1365 2101 7807 1358 2101 7808 1373 2102 7809 1358 2102 7810 1366 2102 7811 1374 2103 7812 1366 2103 7813 1359 2103 7814 1374 2104 7815 1359 2104 7816 1367 2104 7817 1375 2105 7818 1360 2105 7819 1368 2105 7820 1375 2106 7821 1367 2106 7822 1360 2106 7823 1376 2107 7824 1361 2107 7825 1369 2107 7826 1376 2108 7827 1368 2108 7828 1361 2108 7829 1377 526 7830 1370 526 7831 1378 526 7832 1377 2109 7833 1369 2109 7834 1370 2109 7835 1379 2110 7836 1380 2110 7837 1381 2110 7838 1379 2111 7839 1381 2111 7840 1382 2111 7841 1383 2112 7842 1384 2112 7843 1372 2112 7844 1383 2113 7845 1372 2113 7846 1371 2113 7847 1383 2114 7848 1371 2114 7849 1365 2114 7850 1385 2115 7851 1380 2115 7852 1379 2115 7853 1383 2116 7854 1365 2116 7855 1373 2116 7856 1386 2117 7857 1373 2117 7858 1366 2117 7859 1385 536 7860 1387 536 7861 1380 536 7862 1386 2118 7863 1366 2118 7864 1374 2118 7865 1388 2119 7866 1379 2119 7867 1382 2119 7868 1389 2120 7869 1374 2120 7870 1367 2120 7871 1388 540 7872 1382 540 7873 1390 540 7874 1389 2121 7875 1367 2121 7876 1375 2121 7877 1391 542 7878 1392 542 7879 1387 542 7880 1391 2122 7881 1387 2122 7882 1385 2122 7883 1393 2123 7884 1375 2123 7885 1368 2123 7886 1393 2124 7887 1368 2124 7888 1376 2124 7889 1394 2125 7890 1385 2125 7891 1379 2125 7892 1395 2126 7893 1376 2126 7894 1369 2126 7895 1394 2127 7896 1379 2127 7897 1388 2127 7898 1395 549 7899 1369 549 7900 1377 549 7901 1396 2128 7902 1390 2128 7903 1397 2128 7904 1398 2129 7905 1378 2129 7906 1399 2129 7907 1398 2130 7908 1377 2130 7909 1378 2130 7910 1396 2131 7911 1388 2131 7912 1390 2131 7913 1400 554 7914 1401 554 7915 1384 554 7916 1400 2132 7917 1373 2132 7918 1386 2132 7919 1402 2133 7920 1403 2133 7921 1392 2133 7922 1400 557 7923 1384 557 7924 1383 557 7925 1402 558 7926 1392 558 7927 1391 558 7928 1400 2134 7929 1383 2134 7930 1373 2134 7931 1404 2135 7932 1385 2135 7933 1394 2135 7934 1405 2136 7935 1374 2136 7936 1389 2136 7937 1405 2137 7938 1386 2137 7939 1374 2137 7940 1404 2138 7941 1391 2138 7942 1385 2138 7943 1406 2139 7944 1389 2139 7945 1375 2139 7946 1407 2140 7947 1394 2140 7948 1388 2140 7949 1406 2141 7950 1375 2141 7951 1393 2141 7952 1407 2142 7953 1388 2142 7954 1396 2142 7955 1408 2143 7956 1393 2143 7957 1376 2143 7958 1409 2144 7959 1397 2144 7960 1410 2144 7961 1408 2145 7962 1376 2145 7963 1395 2145 7964 1409 2146 7965 1396 2146 7966 1397 2146 7967 1411 2147 7968 1377 2147 7969 1398 2147 7970 1412 2148 7971 1413 2148 7972 1403 2148 7973 1412 2149 7974 1403 2149 7975 1402 2149 7976 1411 575 7977 1395 575 7978 1377 575 7979 1414 2150 7980 1398 2150 7981 1399 2150 7982 1414 577 7983 1399 577 7984 1415 577 7985 1414 2151 7986 1415 2151 7987 1381 2151 7988 1416 579 7989 1402 579 7990 1391 579 7991 1414 2152 7992 1381 2152 7993 1380 2152 7994 1416 2153 7995 1391 2153 7996 1404 2153 7997 1417 2154 7998 1386 2154 7999 1405 2154 8000 1417 2155 8001 1418 2155 8002 1401 2155 8003 1417 2156 8004 1401 2156 8005 1400 2156 8006 1417 585 8007 1400 585 8008 1386 585 8009 1419 2157 8010 1404 2157 8011 1394 2157 8012 1419 2158 8013 1394 2158 8014 1407 2158 8015 1420 2159 8016 1389 2159 8017 1406 2159 8018 1421 2160 8019 1407 2160 8020 1396 2160 8021 1420 2161 8022 1405 2161 8023 1389 2161 8024 1422 2162 8025 1406 2162 8026 1393 2162 8027 1422 592 8028 1393 592 8029 1408 592 8030 1421 2163 8031 1396 2163 8032 1409 2163 8033 1423 2164 8034 1410 2164 8035 1424 2164 8036 1425 2165 8037 1395 2165 8038 1411 2165 8039 1425 2166 8040 1408 2166 8041 1395 2166 8042 1423 597 8043 1409 597 8044 1410 597 8045 1426 2167 8046 1427 2167 8047 1428 2167 8048 1426 599 8049 1428 599 8050 1429 599 8051 1426 2168 8052 1429 2168 8053 1413 2168 8054 1426 2169 8055 1413 2169 8056 1412 2169 8057 1430 2170 8058 1411 2170 8059 1398 2170 8060 1430 2171 8061 1398 2171 8062 1414 2171 8063 1430 2172 8064 1414 2172 8065 1380 2172 8066 1431 2173 8067 1402 2173 8068 1416 2173 8069 1430 606 8070 1380 606 8071 1387 606 8072 1431 2174 8073 1412 2174 8074 1402 2174 8075 1432 2175 8076 1418 2175 8077 1417 2175 8078 1432 2176 8079 1433 2176 8080 1418 2176 8081 1434 2177 8082 1416 2177 8083 1404 2177 8084 1432 2178 8085 1405 2178 8086 1420 2178 8087 1432 2179 8088 1417 2179 8089 1405 2179 8090 1435 2180 8091 1406 2180 8092 1422 2180 8093 1434 2181 8094 1404 2181 8095 1419 2181 8096 1435 2182 8097 1420 2182 8098 1406 2182 8099 1436 616 8100 1408 616 8101 1425 616 8102 1437 2183 8103 1419 2183 8104 1407 2183 8105 1437 2184 8106 1407 2184 8107 1421 2184 8108 1436 619 8109 1422 619 8110 1408 619 8111 1438 2185 8112 1425 2185 8113 1411 2185 8114 1438 2186 8115 1411 2186 8116 1430 2186 8117 1439 622 8118 1421 622 8119 1409 622 8120 1439 623 8121 1409 623 8122 1423 623 8123 1438 2187 8124 1430 2187 8125 1387 2187 8126 1438 625 8127 1387 625 8128 1392 625 8129 1440 2188 8130 1441 2188 8131 1433 2188 8132 1442 2189 8133 1424 2189 8134 1443 2189 8135 1440 2190 8136 1432 2190 8137 1420 2190 8138 1440 2191 8139 1433 2191 8140 1432 2191 8141 1440 2192 8142 1420 2192 8143 1435 2192 8144 1442 2193 8145 1423 2193 8146 1424 2193 8147 1444 2194 8148 1445 2194 8149 1427 2194 8150 1446 2195 8151 1435 2195 8152 1422 2195 8153 1444 634 8154 1427 634 8155 1426 634 8156 1446 635 8157 1422 635 8158 1436 635 8159 1444 636 8160 1412 636 8161 1431 636 8162 1444 637 8163 1426 637 8164 1412 637 8165 1447 2196 8166 1436 2196 8167 1425 2196 8168 1447 2197 8169 1425 2197 8170 1438 2197 8171 1448 2198 8172 1431 2198 8173 1416 2198 8174 1447 641 8175 1438 641 8176 1392 641 8177 1448 642 8178 1416 642 8179 1434 642 8180 1447 2199 8181 1392 2199 8182 1403 2199 8183 1449 2200 8184 1450 2200 8185 1441 2200 8186 1451 2201 8187 1434 2201 8188 1419 2201 8189 1449 2202 8190 1441 2202 8191 1440 2202 8192 1451 2203 8193 1419 2203 8194 1437 2203 8195 1449 2204 8196 1440 2204 8197 1435 2204 8198 1449 2205 8199 1435 2205 8200 1446 2205 8201 1452 2206 8202 1446 2206 8203 1436 2206 8204 1452 2207 8205 1403 2207 8206 1413 2207 8207 1453 2208 8208 1421 2208 8209 1439 2208 8210 1452 2209 8211 1447 2209 8212 1403 2209 8213 1453 2210 8214 1437 2210 8215 1421 2210 8216 1452 2211 8217 1436 2211 8218 1447 2211 8219 1454 656 8220 1455 656 8221 1450 656 8222 1454 2212 8223 1428 2212 8224 1455 2212 8225 1454 2213 8226 1452 2213 8227 1413 2213 8228 1454 659 8229 1429 659 8230 1428 659 8231 1454 2214 8232 1450 2214 8233 1449 2214 8234 1454 661 8235 1446 661 8236 1452 661 8237 1456 2215 8238 1439 2215 8239 1423 2215 8240 1454 2216 8241 1413 2216 8242 1429 2216 8243 1454 664 8244 1449 664 8245 1446 664 8246 1456 2217 8247 1423 2217 8248 1442 2217 8249 1457 666 8250 1442 666 8251 1443 666 8252 1457 667 8253 1443 667 8254 1458 667 8255 1459 2218 8256 1460 2218 8257 1445 2218 8258 1459 2219 8259 1431 2219 8260 1448 2219 8261 1459 2220 8262 1445 2220 8263 1444 2220 8264 1459 2221 8265 1444 2221 8266 1431 2221 8267 1461 2222 8268 1434 2222 8269 1451 2222 8270 1461 2223 8271 1448 2223 8272 1434 2223 8273 1462 2224 8274 1437 2224 8275 1453 2224 8276 1462 2225 8277 1451 2225 8278 1437 2225 8279 1463 2226 8280 1453 2226 8281 1439 2226 8282 1463 2227 8283 1439 2227 8284 1456 2227 8285 1464 2228 8286 1456 2228 8287 1442 2228 8288 1464 2229 8289 1442 2229 8290 1457 2229 8291 1465 2230 8292 1457 2230 8293 1458 2230 8294 1465 2231 8295 1458 2231 8296 1466 2231 8297 1467 2232 8298 1468 2232 8299 1460 2232 8300 1467 2233 8301 1459 2233 8302 1448 2233 8303 1467 2234 8304 1448 2234 8305 1461 2234 8306 1467 2235 8307 1460 2235 8308 1459 2235 8309 1469 2236 8310 1451 2236 8311 1462 2236 8312 1469 2237 8313 1461 2237 8314 1451 2237 8315 1470 2238 8316 1453 2238 8317 1463 2238 8318 1470 2239 8319 1462 2239 8320 1453 2239 8321 1471 690 8322 1456 690 8323 1464 690 8324 1471 691 8325 1463 691 8326 1456 691 8327 1472 2240 8328 1464 2240 8329 1457 2240 8330 1472 2241 8331 1457 2241 8332 1465 2241 8333 1473 2242 8334 1465 2242 8335 1466 2242 8336 1473 2243 8337 1466 2243 8338 1474 2243 8339 1475 696 8340 1476 696 8341 1468 696 8342 1475 697 8343 1468 697 8344 1467 697 8345 1475 698 8346 1461 698 8347 1469 698 8348 1475 2244 8349 1467 2244 8350 1461 2244 8351 1477 2245 8352 1469 2245 8353 1462 2245 8354 1477 2246 8355 1462 2246 8356 1470 2246 8357 1478 2247 8358 1470 2247 8359 1463 2247 8360 1478 703 8361 1463 703 8362 1471 703 8363 1479 2248 8364 1464 2248 8365 1472 2248 8366 1479 2249 8367 1471 2249 8368 1464 2249 8369 1480 2250 8370 1465 2250 8371 1473 2250 8372 1480 2251 8373 1472 2251 8374 1465 2251 8375 1481 708 8376 1474 708 8377 1482 708 8378 1481 2252 8379 1473 2252 8380 1474 2252 8381 1483 2253 8382 1484 2253 8383 1476 2253 8384 1483 2254 8385 1469 2254 8386 1477 2254 8387 1483 2255 8388 1476 2255 8389 1475 2255 8390 1483 2256 8391 1475 2256 8392 1469 2256 8393 1485 2257 8394 1477 2257 8395 1470 2257 8396 1485 2258 8397 1470 2258 8398 1478 2258 8399 1486 2259 8400 1478 2259 8401 1471 2259 8402 1486 2260 8403 1471 2260 8404 1479 2260 8405 1487 2261 8406 1472 2261 8407 1480 2261 8408 1487 2262 8409 1479 2262 8410 1472 2262 8411 1488 2263 8412 1480 2263 8413 1473 2263 8414 1488 2264 8415 1473 2264 8416 1481 2264 8417 1489 2265 8418 1482 2265 8419 1490 2265 8420 1489 2266 8421 1481 2266 8422 1482 2266 8423 1491 724 8424 1492 724 8425 1484 724 8426 1491 725 8427 1484 725 8428 1483 725 8429 1491 2267 8430 1483 2267 8431 1477 2267 8432 1491 2268 8433 1477 2268 8434 1485 2268 8435 1493 2269 8436 1485 2269 8437 1478 2269 8438 1493 2270 8439 1478 2270 8440 1486 2270 8441 1494 2271 8442 1486 2271 8443 1479 2271 8444 1494 2272 8445 1479 2272 8446 1487 2272 8447 1495 732 8448 1480 732 8449 1488 732 8450 1495 2273 8451 1487 2273 8452 1480 2273 8453 1496 734 8454 1488 734 8455 1481 734 8456 1496 2274 8457 1481 2274 8458 1489 2274 8459 1497 736 8460 1490 736 8461 1498 736 8462 1497 2275 8463 1489 2275 8464 1490 2275 8465 1499 2276 8466 1500 2276 8467 1492 2276 8468 1499 2277 8469 1492 2277 8470 1491 2277 8471 1499 2278 8472 1491 2278 8473 1485 2278 8474 1499 2279 8475 1485 2279 8476 1493 2279 8477 1501 2280 8478 1486 2280 8479 1494 2280 8480 1501 2281 8481 1493 2281 8482 1486 2281 8483 1502 2282 8484 1494 2282 8485 1487 2282 8486 1502 745 8487 1487 745 8488 1495 745 8489 1503 746 8490 1488 746 8491 1496 746 8492 1503 2283 8493 1495 2283 8494 1488 2283 8495 1504 2284 8496 1496 2284 8497 1489 2284 8498 1504 2285 8499 1489 2285 8500 1497 2285 8501 1302 2286 8502 1498 2286 8503 1505 2286 8504 1302 2287 8505 1497 2287 8506 1498 2287 8507 1506 2288 8508 1499 2288 8509 1493 2288 8510 1506 2289 8511 1507 2289 8512 1500 2289 8513 1506 2290 8514 1500 2290 8515 1499 2290 8516 1506 2291 8517 1493 2291 8518 1501 2291 8519 1311 2292 8520 1501 2292 8521 1494 2292 8522 1311 2293 8523 1494 2293 8524 1502 2293 8525 1314 758 8526 1502 758 8527 1495 758 8528 1314 759 8529 1495 759 8530 1503 759 8531 1317 2294 8532 1503 2294 8533 1496 2294 8534 1317 2295 8535 1496 2295 8536 1504 2295 8537 1301 2296 8538 1504 2296 8539 1497 2296 8540 1301 2297 8541 1497 2297 8542 1302 2297 8543 1303 2298 8544 1302 2298 8545 1505 2298 8546 1303 2299 8547 1505 2299 8548 1305 2299 8549 1310 2300 8550 1309 2300 8551 1507 2300 8552 1310 2301 8553 1507 2301 8554 1506 2301 8555 1310 2302 8556 1501 2302 8557 1311 2302 8558 1310 2303 8559 1506 2303 8560 1501 2303 8561 1312 770 8562 1502 770 8563 1314 770 8564 1312 2304 8565 1311 2304 8566 1502 2304 8567 1315 2305 8568 1314 2305 8569 1503 2305 8570 1315 2306 8571 1503 2306 8572 1317 2306 8573 1318 2307 8574 1504 2307 8575 1301 2307 8576 1318 2308 8577 1317 2308 8578 1504 2308 8579 1508 2309 8580 1509 2309 8581 1510 2309 8582 1508 2310 8583 1510 2310 8584 1511 2310 8585 1512 778 8586 1508 778 8587 1511 778 8588 1512 2311 8589 1511 2311 8590 1513 2311 8591 1514 780 8592 1515 780 8593 1516 780 8594 1514 781 8595 1516 781 8596 1517 781 8597 1518 390 8598 1512 390 8599 1513 390 8600 1518 390 8601 1513 390 8602 1519 390 8603 1520 782 8604 1517 782 8605 1521 782 8606 1522 2312 8607 1518 2312 8608 1519 2312 8609 1520 2313 8610 1514 2313 8611 1517 2313 8612 1522 785 8613 1519 785 8614 1523 785 8615 1524 2314 8616 1521 2314 8617 1525 2314 8618 1526 2315 8619 1522 2315 8620 1523 2315 8621 1526 2316 8622 1523 2316 8623 1527 2316 8624 1524 2317 8625 1520 2317 8626 1521 2317 8627 1528 2318 8628 1525 2318 8629 1529 2318 8630 1530 2319 8631 1526 2319 8632 1527 2319 8633 1530 2320 8634 1527 2320 8635 1531 2320 8636 1528 1631 8637 1524 1631 8638 1525 1631 8639 1532 2321 8640 1529 2321 8641 1533 2321 8642 1534 2322 8643 1531 2322 8644 1535 2322 8645 1532 2323 8646 1528 2323 8647 1529 2323 8648 1534 2324 8649 1530 2324 8650 1531 2324 8651 1536 2325 8652 1535 2325 8653 1537 2325 8654 1538 2326 8655 1533 2326 8656 1539 2326 8657 1536 800 8658 1534 800 8659 1535 800 8660 1515 801 8661 1537 801 8662 1516 801 8663 1538 802 8664 1532 802 8665 1533 802 8666 1515 803 8667 1536 803 8668 1537 803 8669 1540 368 8670 1539 368 8671 1541 368 8672 1540 368 8673 1538 368 8674 1539 368 8675 1542 804 8676 1541 804 8677 1543 804 8678 1542 1636 8679 1540 1636 8680 1541 1636 8681 1544 2327 8682 1543 2327 8683 1545 2327 8684 1544 2328 8685 1542 2328 8686 1543 2328 8687 1546 2329 8688 1545 2329 8689 1547 2329 8690 1546 2330 8691 1544 2330 8692 1545 2330 8693 1548 2331 8694 1547 2331 8695 1549 2331 8696 1548 2332 8697 1546 2332 8698 1547 2332 8699 1550 812 8700 1548 812 8701 1549 812 8702 1550 2333 8703 1549 2333 8704 1551 2333 8705 1552 813 8706 1550 813 8707 1551 813 8708 1552 814 8709 1551 814 8710 1553 814 8711 1554 815 8712 1552 815 8713 1553 815 8714 1554 816 8715 1553 816 8716 1555 816 8717 1556 818 8718 1554 818 8719 1555 818 8720 1556 818 8721 1555 818 8722 1557 818 8723 1558 1640 8724 1556 1640 8725 1557 1640 8726 1558 2334 8727 1557 2334 8728 1559 2334 8729 1509 2335 8730 1558 2335 8731 1559 2335 8732 1509 2336 8733 1559 2336 8734 1510 2336 8735 1548 829 8736 1498 829 8737 1490 829 8738 1550 823 8739 1498 823 8740 1548 823 8741 1397 2337 8742 1524 2337 8743 1410 2337 8744 1362 823 8745 1354 823 8746 1522 823 8747 1522 826 8748 1354 826 8749 1518 826 8750 1410 827 8751 1528 827 8752 1424 827 8753 1524 823 8754 1528 823 8755 1410 823 8756 1390 823 8757 1520 823 8758 1397 823 8759 1397 823 8760 1520 823 8761 1524 823 8762 1528 823 8763 1532 823 8764 1424 823 8765 1550 2338 8766 1505 2338 8767 1498 2338 8768 1552 823 8769 1505 823 8770 1550 823 8771 1554 823 8772 1505 823 8773 1552 823 8774 1382 829 8775 1514 829 8776 1390 829 8777 1390 823 8778 1514 823 8779 1520 823 8780 1424 830 8781 1538 830 8782 1443 830 8783 1532 823 8784 1538 823 8785 1424 823 8786 1354 829 8787 1346 829 8788 1518 829 8789 1512 831 8790 1346 831 8791 1508 831 8792 1518 832 8793 1346 832 8794 1512 832 8795 1381 2339 8796 1515 2339 8797 1382 2339 8798 1382 2340 8799 1515 2340 8800 1514 2340 8801 1554 2341 8802 1305 2341 8803 1505 2341 8804 1443 837 8805 1540 837 8806 1458 837 8807 1508 823 8808 1338 823 8809 1509 823 8810 1538 831 8811 1540 831 8812 1443 831 8813 1346 2342 8814 1338 2342 8815 1508 2342 8816 1556 831 8817 1306 831 8818 1554 831 8819 1415 823 8820 1536 823 8821 1381 823 8822 1554 839 8823 1306 839 8824 1305 839 8825 1381 826 8826 1536 826 8827 1515 826 8828 1338 841 8829 1330 841 8830 1509 841 8831 1509 2343 8832 1330 2343 8833 1558 2343 8834 1415 1642 8835 1399 1642 8836 1536 1642 8837 1556 840 8838 1322 840 8839 1306 840 8840 1458 2344 8841 1542 2344 8842 1466 2344 8843 1558 823 8844 1322 823 8845 1556 823 8846 1330 823 8847 1322 823 8848 1558 823 8849 1540 844 8850 1542 844 8851 1458 844 8852 1399 823 8853 1534 823 8854 1536 823 8855 1466 827 8856 1544 827 8857 1474 827 8858 1542 823 8859 1544 823 8860 1466 823 8861 1378 823 8862 1530 823 8863 1399 823 8864 1399 823 8865 1530 823 8866 1534 823 8867 1544 2345 8868 1546 2345 8869 1474 2345 8870 1546 823 8871 1482 823 8872 1474 823 8873 1378 1650 8874 1370 1650 8875 1530 1650 8876 1530 823 8877 1370 823 8878 1526 823 8879 1546 823 8880 1548 823 8881 1482 823 8882 1548 846 8883 1490 846 8884 1482 846 8885 1370 840 8886 1362 840 8887 1526 840 8888 1526 823 8889 1362 823 8890 1522 823 8891 1364 2346 8892 1372 2346 8893 1248 2346 8894 1248 850 8895 1372 850 8896 1249 850 8897 1257 852 8898 1427 852 8899 1445 852 8900 1308 850 8901 1287 850 8902 1309 850 8903 1309 852 8904 1284 852 8905 1507 852 8906 1287 850 8907 1284 850 8908 1309 850 8909 1308 2347 8910 1288 2347 8911 1287 2347 8912 1372 850 8913 1384 850 8914 1249 850 8915 1507 854 8916 1283 854 8917 1500 854 8918 1249 856 8919 1384 856 8920 1252 856 8921 1252 850 8922 1384 850 8923 1254 850 8924 1284 850 8925 1283 850 8926 1507 850 8927 1256 850 8928 1428 850 8929 1257 850 8930 1257 909 8931 1428 909 8932 1427 909 8933 1324 850 8934 1290 850 8935 1308 850 8936 1308 850 8937 1290 850 8938 1288 850 8939 1384 857 8940 1401 857 8941 1254 857 8942 1500 2348 8943 1281 2348 8944 1492 2348 8945 1256 860 8946 1455 860 8947 1428 860 8948 1283 858 8949 1281 858 8950 1500 858 8951 1272 850 8952 1455 850 8953 1277 850 8954 1277 850 8955 1455 850 8956 1256 850 8957 1332 850 8958 1292 850 8959 1324 850 8960 1401 854 8961 1418 854 8962 1254 854 8963 1254 863 8964 1418 863 8965 1260 863 8966 1324 859 8967 1292 859 8968 1290 859 8969 1260 864 8970 1418 864 8971 1264 864 8972 1272 2349 8973 1450 2349 8974 1455 2349 8975 1484 860 8976 1279 860 8977 1476 860 8978 1492 861 8979 1279 861 8980 1484 861 8981 1264 850 8982 1433 850 8983 1268 850 8984 1281 850 8985 1279 850 8986 1492 850 8987 1418 865 8988 1433 865 8989 1264 865 8990 1340 850 8991 1294 850 8992 1332 850 8993 1268 850 8994 1441 850 8995 1272 850 8996 1272 872 8997 1441 872 8998 1450 872 8999 1433 860 9000 1441 860 9001 1268 860 9002 1332 2350 9003 1294 2350 9004 1292 2350 9005 1279 869 9006 1274 869 9007 1476 869 9008 1274 850 9009 1468 850 9010 1476 850 9011 1348 850 9012 1296 850 9013 1340 850 9014 1340 850 9015 1296 850 9016 1294 850 9017 1274 850 9018 1270 850 9019 1468 850 9020 1356 850 9021 1298 850 9022 1348 850 9023 1348 863 9024 1298 863 9025 1296 863 9026 1270 850 9027 1266 850 9028 1468 850 9029 1266 850 9030 1460 850 9031 1468 850 9032 1356 2351 9033 1248 2351 9034 1298 2351 9035 1356 865 9036 1364 865 9037 1248 865 9038 1266 2352 9039 1445 2352 9040 1460 2352 9041 1262 850 9042 1445 850 9043 1266 850 9044 1262 850 9045 1257 850 9046 1445 850 9047 1289 2353 9048 1230 2353 9049 1286 2353 9050 1289 823 9051 1291 823 9052 1230 823 9053 1110 2354 9054 1102 2354 9055 1265 2354 9056 1265 823 9057 1102 823 9058 1261 823 9059 1291 886 9060 1238 886 9061 1230 886 9062 1137 823 9063 1267 823 9064 1150 823 9065 1150 2355 9066 1271 2355 9067 1164 2355 9068 1267 823 9069 1271 823 9070 1150 823 9071 1130 823 9072 1263 823 9073 1137 823 9074 1137 1681 9075 1263 1681 9076 1267 1681 9077 1271 823 9078 1275 823 9079 1164 823 9080 1122 878 9081 1259 878 9082 1130 878 9083 1102 2356 9084 1094 2356 9085 1261 2356 9086 1130 2357 9087 1259 2357 9088 1263 2357 9089 1255 823 9090 1094 823 9091 1253 823 9092 1261 1690 9093 1094 1690 9094 1255 1690 9095 1164 823 9096 1276 823 9097 1183 823 9098 1291 876 9099 1245 876 9100 1238 876 9101 1293 1680 9102 1245 1680 9103 1291 1680 9104 1295 823 9105 1245 823 9106 1293 823 9107 1275 881 9108 1276 881 9109 1164 881 9110 1121 823 9111 1258 823 9112 1122 823 9113 1094 823 9114 1086 823 9115 1253 823 9116 1122 887 9117 1258 887 9118 1259 887 9119 1297 823 9120 1045 823 9121 1295 823 9122 1295 880 9123 1045 880 9124 1245 880 9125 1183 823 9126 1280 823 9127 1198 823 9128 1276 823 9129 1280 823 9130 1183 823 9131 1251 2358 9132 1078 2358 9133 1250 2358 9134 1253 823 9135 1078 823 9136 1251 823 9137 1086 823 9138 1078 823 9139 1253 823 9140 1155 823 9141 1278 823 9142 1121 823 9143 1297 1689 9144 1046 1689 9145 1045 1689 9146 1121 887 9147 1278 887 9148 1258 887 9149 1078 884 9150 1070 884 9151 1250 884 9152 1155 1678 9153 1139 1678 9154 1278 1678 9155 1198 823 9156 1282 823 9157 1206 823 9158 1299 823 9159 1062 823 9160 1297 823 9161 1250 823 9162 1062 823 9163 1299 823 9164 1070 823 9165 1062 823 9166 1250 823 9167 1297 1684 9168 1062 1684 9169 1046 1684 9170 1280 823 9171 1282 823 9172 1198 823 9173 1139 2359 9174 1273 2359 9175 1278 2359 9176 1206 1684 9177 1285 1684 9178 1214 1684 9179 1282 2360 9180 1285 2360 9181 1206 2360 9182 1139 2361 9183 1269 2361 9184 1273 2361 9185 1118 823 9186 1269 823 9187 1139 823 9188 1285 2362 9189 1286 2362 9190 1214 2362 9191 1286 823 9192 1222 823 9193 1214 823 9194 1269 823 9195 1110 823 9196 1265 823 9197 1118 823 9198 1110 823 9199 1269 823 9200 1286 844 9201 1230 844 9202 1222 844 9203 1517 894 9204 1167 894 9205 1185 894 9206 1049 908 9207 1547 908 9208 1247 908 9209 1511 872 9210 1124 872 9211 1513 872 9212 1513 850 9213 1124 850 9214 1519 850 9215 1112 850 9216 1124 850 9217 1511 850 9218 1247 897 9219 1545 897 9220 1240 897 9221 1547 850 9222 1545 850 9223 1247 850 9224 1048 850 9225 1549 850 9226 1049 850 9227 1049 896 9228 1549 896 9229 1547 896 9230 1545 850 9231 1543 850 9232 1240 850 9233 1517 2363 9234 1168 2363 9235 1167 2363 9236 1516 2364 9237 1168 2364 9238 1517 2364 9239 1537 2365 9240 1168 2365 9241 1516 2365 9242 1064 898 9243 1551 898 9244 1048 898 9245 1048 2366 9246 1551 2366 9247 1549 2366 9248 1232 850 9249 1541 850 9250 1224 850 9251 1124 850 9252 1141 850 9253 1519 850 9254 1240 2367 9255 1541 2367 9256 1232 2367 9257 1543 850 9258 1541 850 9259 1240 850 9260 1537 2368 9261 1195 2368 9262 1168 2368 9263 1072 904 9264 1553 904 9265 1064 904 9266 1535 2369 9267 1195 2369 9268 1537 2369 9269 1064 850 9270 1553 850 9271 1551 850 9272 1141 850 9273 1158 850 9274 1519 850 9275 1519 862 9276 1158 862 9277 1523 862 9278 1523 906 9279 1158 906 9280 1527 906 9281 1541 901 9282 1539 901 9283 1224 901 9284 1535 850 9285 1190 850 9286 1195 850 9287 1539 850 9288 1216 850 9289 1224 850 9290 1080 2370 9291 1555 2370 9292 1072 2370 9293 1158 850 9294 1173 850 9295 1527 850 9296 1527 850 9297 1181 850 9298 1531 850 9299 1072 850 9300 1555 850 9301 1553 850 9302 1531 865 9303 1181 865 9304 1535 865 9305 1535 2371 9306 1181 2371 9307 1190 2371 9308 1173 850 9309 1181 850 9310 1527 850 9311 1539 909 9312 1533 909 9313 1216 909 9314 1088 850 9315 1557 850 9316 1080 850 9317 1080 850 9318 1557 850 9319 1555 850 9320 1216 850 9321 1529 850 9322 1208 850 9323 1533 910 9324 1529 910 9325 1216 910 9326 1096 2372 9327 1559 2372 9328 1088 2372 9329 1088 2373 9330 1559 2373 9331 1557 2373 9332 1525 2374 9333 1200 2374 9334 1529 2374 9335 1529 850 9336 1200 850 9337 1208 850 9338 1096 2375 9339 1104 2375 9340 1559 2375 9341 1559 850 9342 1104 850 9343 1510 850 9344 1525 850 9345 1185 850 9346 1200 850 9347 1521 850 9348 1185 850 9349 1525 850 9350 1521 901 9351 1517 901 9352 1185 901 9353 1104 912 9354 1112 912 9355 1510 912 9356 1510 850 9357 1112 850 9358 1511 850 9359 1560 913 9360 1561 913 9361 1562 913 9362 1560 2376 9363 1562 2376 9364 1563 2376 9365 1564 915 9366 1563 915 9367 1565 915 9368 1564 2377 9369 1565 2377 9370 1566 2377 9371 1567 2378 9372 1568 2378 9373 1569 2378 9374 1567 918 9375 1569 918 9376 1570 918 9377 1567 2379 9378 1570 2379 9379 1571 2379 9380 1567 920 9381 1571 920 9382 1572 920 9383 1573 2380 9384 1572 2380 9385 1574 2380 9386 1573 2381 9387 1574 2381 9388 1575 2381 9389 1576 923 9390 1575 923 9391 1577 923 9392 1576 2382 9393 1577 2382 9394 1578 2382 9395 1579 925 9396 1578 925 9397 1561 925 9398 1579 2383 9399 1561 2383 9400 1560 2383 9401 1580 2384 9402 1563 2384 9403 1564 2384 9404 1580 2385 9405 1560 2385 9406 1563 2385 9407 1581 2386 9408 1566 2386 9409 1582 2386 9410 1581 2387 9411 1564 2387 9412 1566 2387 9413 1583 931 9414 1584 931 9415 1568 931 9416 1583 2388 9417 1568 2388 9418 1567 2388 9419 1583 2389 9420 1572 2389 9421 1573 2389 9422 1583 2390 9423 1567 2390 9424 1572 2390 9425 1585 2391 9426 1573 2391 9427 1575 2391 9428 1585 936 9429 1575 936 9430 1576 936 9431 1586 2392 9432 1576 2392 9433 1578 2392 9434 1586 938 9435 1578 938 9436 1579 938 9437 1587 2393 9438 1579 2393 9439 1560 2393 9440 1587 2394 9441 1560 2394 9442 1580 2394 9443 1588 2395 9444 1580 2395 9445 1564 2395 9446 1588 2396 9447 1564 2396 9448 1581 2396 9449 1589 2397 9450 1582 2397 9451 1590 2397 9452 1589 2398 9453 1581 2398 9454 1582 2398 9455 1591 945 9456 1592 945 9457 1584 945 9458 1591 2399 9459 1584 2399 9460 1583 2399 9461 1591 2400 9462 1583 2400 9463 1573 2400 9464 1591 948 9465 1573 948 9466 1585 948 9467 1593 949 9468 1585 949 9469 1576 949 9470 1593 2401 9471 1576 2401 9472 1586 2401 9473 1594 2402 9474 1579 2402 9475 1587 2402 9476 1594 2403 9477 1586 2403 9478 1579 2403 9479 1595 2404 9480 1580 2404 9481 1588 2404 9482 1595 954 9483 1587 954 9484 1580 954 9485 1596 2405 9486 1588 2405 9487 1581 2405 9488 1596 2406 9489 1581 2406 9490 1589 2406 9491 1597 2407 9492 1590 2407 9493 1598 2407 9494 1597 2408 9495 1589 2408 9496 1590 2408 9497 1599 2409 9498 1600 2409 9499 1592 2409 9500 1599 2410 9501 1585 2410 9502 1593 2410 9503 1599 2411 9504 1592 2411 9505 1591 2411 9506 1599 2412 9507 1591 2412 9508 1585 2412 9509 1601 2413 9510 1593 2413 9511 1586 2413 9512 1601 2414 9513 1586 2414 9514 1594 2414 9515 1602 965 9516 1594 965 9517 1587 965 9518 1602 966 9519 1587 966 9520 1595 966 9521 1603 2415 9522 1588 2415 9523 1596 2415 9524 1603 2416 9525 1595 2416 9526 1588 2416 9527 1604 2417 9528 1589 2417 9529 1597 2417 9530 1604 2418 9531 1596 2418 9532 1589 2418 9533 1605 2419 9534 1598 2419 9535 1606 2419 9536 1605 2420 9537 1597 2420 9538 1598 2420 9539 1607 2421 9540 1599 2421 9541 1593 2421 9542 1607 974 9543 1608 974 9544 1600 974 9545 1607 2422 9546 1600 2422 9547 1599 2422 9548 1607 2423 9549 1593 2423 9550 1601 2423 9551 1609 2424 9552 1601 2424 9553 1594 2424 9554 1609 2425 9555 1594 2425 9556 1602 2425 9557 1610 979 9558 1602 979 9559 1595 979 9560 1610 980 9561 1595 980 9562 1603 980 9563 1611 2426 9564 1596 2426 9565 1604 2426 9566 1611 2427 9567 1603 2427 9568 1596 2427 9569 1612 983 9570 1604 983 9571 1597 983 9572 1612 2428 9573 1597 2428 9574 1605 2428 9575 1613 985 9576 1605 985 9577 1606 985 9578 1613 986 9579 1606 986 9580 1614 986 9581 1615 2429 9582 1616 2429 9583 1608 2429 9584 1615 2430 9585 1608 2430 9586 1607 2430 9587 1615 2431 9588 1607 2431 9589 1601 2431 9590 1615 2432 9591 1601 2432 9592 1609 2432 9593 1617 2433 9594 1609 2433 9595 1602 2433 9596 1617 2434 9597 1602 2434 9598 1610 2434 9599 1618 2435 9600 1610 2435 9601 1603 2435 9602 1618 2436 9603 1603 2436 9604 1611 2436 9605 1619 2437 9606 1611 2437 9607 1604 2437 9608 1619 2438 9609 1604 2438 9610 1612 2438 9611 1620 1771 9612 1605 1771 9613 1613 1771 9614 1620 2439 9615 1612 2439 9616 1605 2439 9617 1621 2440 9618 1613 2440 9619 1614 2440 9620 1621 999 9621 1614 999 9622 1622 999 9623 1623 2441 9624 1624 2441 9625 1616 2441 9626 1623 2442 9627 1616 2442 9628 1615 2442 9629 1623 2443 9630 1615 2443 9631 1609 2443 9632 1623 2444 9633 1609 2444 9634 1617 2444 9635 1625 2445 9636 1610 2445 9637 1618 2445 9638 1625 2446 9639 1617 2446 9640 1610 2446 9641 1626 2447 9642 1618 2447 9643 1611 2447 9644 1626 2448 9645 1611 2448 9646 1619 2448 9647 1627 2449 9648 1619 2449 9649 1612 2449 9650 1627 1784 9651 1612 1784 9652 1620 1784 9653 1628 2450 9654 1620 2450 9655 1613 2450 9656 1628 2451 9657 1613 2451 9658 1621 2451 9659 1629 2452 9660 1622 2452 9661 1630 2452 9662 1629 2453 9663 1621 2453 9664 1622 2453 9665 1631 2454 9666 1632 2454 9667 1624 2454 9668 1631 2455 9669 1623 2455 9670 1617 2455 9671 1631 2456 9672 1617 2456 9673 1625 2456 9674 1631 2457 9675 1624 2457 9676 1623 2457 9677 1633 2458 9678 1625 2458 9679 1618 2458 9680 1633 2459 9681 1618 2459 9682 1626 2459 9683 1634 1019 9684 1626 1019 9685 1619 1019 9686 1634 1794 9687 1619 1794 9688 1627 1794 9689 1635 2460 9690 1620 2460 9691 1628 2460 9692 1635 2461 9693 1627 2461 9694 1620 2461 9695 1636 2462 9696 1621 2462 9697 1629 2462 9698 1636 2463 9699 1628 2463 9700 1621 2463 9701 1637 2464 9702 1630 2464 9703 1638 2464 9704 1637 2465 9705 1629 2465 9706 1630 2465 9707 1639 2466 9708 1640 2466 9709 1641 2466 9710 1639 2467 9711 1641 2467 9712 1642 2467 9713 1643 2468 9714 1644 2468 9715 1632 2468 9716 1643 2469 9717 1632 2469 9718 1631 2469 9719 1643 2470 9720 1631 2470 9721 1625 2470 9722 1645 2471 9723 1640 2471 9724 1639 2471 9725 1643 2472 9726 1625 2472 9727 1633 2472 9728 1646 1033 9729 1633 1033 9730 1626 1033 9731 1645 2473 9732 1647 2473 9733 1640 2473 9734 1646 1035 9735 1626 1035 9736 1634 1035 9737 1648 1036 9738 1639 1036 9739 1642 1036 9740 1649 2474 9741 1634 2474 9742 1627 2474 9743 1648 2475 9744 1642 2475 9745 1650 2475 9746 1649 2476 9747 1627 2476 9748 1635 2476 9749 1651 1040 9750 1652 1040 9751 1647 1040 9752 1651 2477 9753 1647 2477 9754 1645 2477 9755 1653 2478 9756 1635 2478 9757 1628 2478 9758 1653 2479 9759 1628 2479 9760 1636 2479 9761 1654 2480 9762 1645 2480 9763 1639 2480 9764 1655 2481 9765 1636 2481 9766 1629 2481 9767 1654 2482 9768 1639 2482 9769 1648 2482 9770 1655 2483 9771 1629 2483 9772 1637 2483 9773 1656 2484 9774 1650 2484 9775 1657 2484 9776 1658 2485 9777 1638 2485 9778 1659 2485 9779 1658 2486 9780 1637 2486 9781 1638 2486 9782 1656 2487 9783 1648 2487 9784 1650 2487 9785 1660 142 9786 1661 142 9787 1644 142 9788 1660 2488 9789 1633 2488 9790 1646 2488 9791 1662 2489 9792 1663 2489 9793 1652 2489 9794 1660 1054 9795 1644 1054 9796 1643 1054 9797 1662 1055 9798 1652 1055 9799 1651 1055 9800 1660 2490 9801 1643 2490 9802 1633 2490 9803 1664 2491 9804 1645 2491 9805 1654 2491 9806 1665 2492 9807 1634 2492 9808 1649 2492 9809 1665 2493 9810 1646 2493 9811 1634 2493 9812 1664 2494 9813 1651 2494 9814 1645 2494 9815 1666 2495 9816 1649 2495 9817 1635 2495 9818 1667 2496 9819 1654 2496 9820 1648 2496 9821 1666 2497 9822 1635 2497 9823 1653 2497 9824 1667 2498 9825 1648 2498 9826 1656 2498 9827 1668 2499 9828 1653 2499 9829 1636 2499 9830 1669 2500 9831 1657 2500 9832 1670 2500 9833 1668 2501 9834 1636 2501 9835 1655 2501 9836 1669 2502 9837 1656 2502 9838 1657 2502 9839 1671 2503 9840 1637 2503 9841 1658 2503 9842 1672 1070 9843 1673 1070 9844 1663 1070 9845 1672 2504 9846 1663 2504 9847 1662 2504 9848 1671 2505 9849 1655 2505 9850 1637 2505 9851 1674 2506 9852 1658 2506 9853 1659 2506 9854 1674 1074 9855 1659 1074 9856 1675 1074 9857 1674 2507 9858 1675 2507 9859 1641 2507 9860 1676 2508 9861 1662 2508 9862 1651 2508 9863 1674 2509 9864 1641 2509 9865 1640 2509 9866 1676 2510 9867 1651 2510 9868 1664 2510 9869 1677 2511 9870 1646 2511 9871 1665 2511 9872 1677 2512 9873 1678 2512 9874 1661 2512 9875 1677 2513 9876 1661 2513 9877 1660 2513 9878 1677 2514 9879 1660 2514 9880 1646 2514 9881 1679 1083 9882 1664 1083 9883 1654 1083 9884 1679 2515 9885 1654 2515 9886 1667 2515 9887 1680 2516 9888 1649 2516 9889 1666 2516 9890 1681 2517 9891 1667 2517 9892 1656 2517 9893 1680 2518 9894 1665 2518 9895 1649 2518 9896 1682 2519 9897 1666 2519 9898 1653 2519 9899 1682 2520 9900 1653 2520 9901 1668 2520 9902 1681 2521 9903 1656 2521 9904 1669 2521 9905 1683 2522 9906 1670 2522 9907 1684 2522 9908 1685 2523 9909 1655 2523 9910 1671 2523 9911 1685 1093 9912 1668 1093 9913 1655 1093 9914 1683 2524 9915 1669 2524 9916 1670 2524 9917 1686 2525 9918 1687 2525 9919 1688 2525 9920 1686 2526 9921 1688 2526 9922 1689 2526 9923 1686 2527 9924 1689 2527 9925 1673 2527 9926 1686 1098 9927 1673 1098 9928 1672 1098 9929 1690 1099 9930 1671 1099 9931 1658 1099 9932 1690 2528 9933 1658 2528 9934 1674 2528 9935 1690 2529 9936 1674 2529 9937 1640 2529 9938 1691 2530 9939 1662 2530 9940 1676 2530 9941 1690 2531 9942 1640 2531 9943 1647 2531 9944 1691 2532 9945 1672 2532 9946 1662 2532 9947 1692 2533 9948 1678 2533 9949 1677 2533 9950 1692 2534 9951 1693 2534 9952 1678 2534 9953 1694 1107 9954 1676 1107 9955 1664 1107 9956 1692 2535 9957 1665 2535 9958 1680 2535 9959 1692 2536 9960 1677 2536 9961 1665 2536 9962 1695 2537 9963 1666 2537 9964 1682 2537 9965 1694 1111 9966 1664 1111 9967 1679 1111 9968 1695 2538 9969 1680 2538 9970 1666 2538 9971 1696 2539 9972 1668 2539 9973 1685 2539 9974 1697 2540 9975 1679 2540 9976 1667 2540 9977 1697 2541 9978 1667 2541 9979 1681 2541 9980 1696 2542 9981 1682 2542 9982 1668 2542 9983 1698 2543 9984 1685 2543 9985 1671 2543 9986 1698 2544 9987 1671 2544 9988 1690 2544 9989 1699 2545 9990 1681 2545 9991 1669 2545 9992 1699 2546 9993 1669 2546 9994 1683 2546 9995 1698 2547 9996 1690 2547 9997 1647 2547 9998 1698 1122 9999 1647 1122 10000 1652 1122 10001 1700 2548 10002 1701 2548 10003 1693 2548 10004 1702 2549 10005 1684 2549 10006 1703 2549 10007 1700 2550 10008 1692 2550 10009 1680 2550 10010 1700 2551 10011 1693 2551 10012 1692 2551 10013 1700 2552 10014 1680 2552 10015 1695 2552 10016 1702 2553 10017 1683 2553 10018 1684 2553 10019 1704 1129 10020 1705 1129 10021 1687 1129 10022 1706 2554 10023 1695 2554 10024 1682 2554 10025 1704 2555 10026 1687 2555 10027 1686 2555 10028 1706 2556 10029 1682 2556 10030 1696 2556 10031 1704 2557 10032 1672 2557 10033 1691 2557 10034 1704 2558 10035 1686 2558 10036 1672 2558 10037 1707 2559 10038 1696 2559 10039 1685 2559 10040 1707 1136 10041 1685 1136 10042 1698 1136 10043 1708 2560 10044 1691 2560 10045 1676 2560 10046 1707 1138 10047 1698 1138 10048 1652 1138 10049 1708 2561 10050 1676 2561 10051 1694 2561 10052 1707 2562 10053 1652 2562 10054 1663 2562 10055 1709 2563 10056 1710 2563 10057 1701 2563 10058 1711 1142 10059 1694 1142 10060 1679 1142 10061 1709 2564 10062 1701 2564 10063 1700 2564 10064 1711 1144 10065 1679 1144 10066 1697 1144 10067 1709 2565 10068 1700 2565 10069 1695 2565 10070 1709 2566 10071 1695 2566 10072 1706 2566 10073 1712 1147 10074 1706 1147 10075 1696 1147 10076 1712 1148 10077 1663 1148 10078 1673 1148 10079 1713 2567 10080 1681 2567 10081 1699 2567 10082 1712 2568 10083 1707 2568 10084 1663 2568 10085 1713 2569 10086 1697 2569 10087 1681 2569 10088 1712 2570 10089 1696 2570 10090 1707 2570 10091 1714 1153 10092 1715 1153 10093 1710 1153 10094 1714 2571 10095 1688 2571 10096 1715 2571 10097 1714 1155 10098 1712 1155 10099 1673 1155 10100 1714 2572 10101 1689 2572 10102 1688 2572 10103 1714 2573 10104 1710 2573 10105 1709 2573 10106 1714 2574 10107 1706 2574 10108 1712 2574 10109 1716 1159 10110 1699 1159 10111 1683 1159 10112 1714 2575 10113 1673 2575 10114 1689 2575 10115 1714 2576 10116 1709 2576 10117 1706 2576 10118 1716 2577 10119 1683 2577 10120 1702 2577 10121 1717 1163 10122 1702 1163 10123 1703 1163 10124 1717 1164 10125 1703 1164 10126 1718 1164 10127 1719 2578 10128 1720 2578 10129 1705 2578 10130 1719 2579 10131 1691 2579 10132 1708 2579 10133 1719 2580 10134 1705 2580 10135 1704 2580 10136 1719 2581 10137 1704 2581 10138 1691 2581 10139 1721 2582 10140 1694 2582 10141 1711 2582 10142 1721 2583 10143 1708 2583 10144 1694 2583 10145 1722 2584 10146 1697 2584 10147 1713 2584 10148 1722 2585 10149 1711 2585 10150 1697 2585 10151 1723 2586 10152 1713 2586 10153 1699 2586 10154 1723 2587 10155 1699 2587 10156 1716 2587 10157 1724 2588 10158 1716 2588 10159 1702 2588 10160 1724 1919 10161 1702 1919 10162 1717 1919 10163 1725 2589 10164 1717 2589 10165 1718 2589 10166 1725 1177 10167 1718 1177 10168 1726 1177 10169 1727 2590 10170 1728 2590 10171 1720 2590 10172 1727 2591 10173 1719 2591 10174 1708 2591 10175 1727 2592 10176 1708 2592 10177 1721 2592 10178 1727 2593 10179 1720 2593 10180 1719 2593 10181 1729 2594 10182 1711 2594 10183 1722 2594 10184 1729 2595 10185 1721 2595 10186 1711 2595 10187 1730 2596 10188 1713 2596 10189 1723 2596 10190 1730 2597 10191 1722 2597 10192 1713 2597 10193 1731 1929 10194 1716 1929 10195 1724 1929 10196 1731 2598 10197 1723 2598 10198 1716 2598 10199 1732 2599 10200 1724 2599 10201 1717 2599 10202 1732 2600 10203 1717 2600 10204 1725 2600 10205 1733 2601 10206 1725 2601 10207 1726 2601 10208 1733 2602 10209 1726 2602 10210 1734 2602 10211 1735 2603 10212 1736 2603 10213 1728 2603 10214 1735 2604 10215 1728 2604 10216 1727 2604 10217 1735 2605 10218 1721 2605 10219 1729 2605 10220 1735 2606 10221 1727 2606 10222 1721 2606 10223 1737 2607 10224 1729 2607 10225 1722 2607 10226 1737 2608 10227 1722 2608 10228 1730 2608 10229 1738 2609 10230 1730 2609 10231 1723 2609 10232 1738 1941 10233 1723 1941 10234 1731 1941 10235 1739 2610 10236 1724 2610 10237 1732 2610 10238 1739 2611 10239 1731 2611 10240 1724 2611 10241 1740 2612 10242 1725 2612 10243 1733 2612 10244 1740 1201 10245 1732 1201 10246 1725 1201 10247 1741 2613 10248 1734 2613 10249 1742 2613 10250 1741 2614 10251 1733 2614 10252 1734 2614 10253 1743 2615 10254 1744 2615 10255 1736 2615 10256 1743 2616 10257 1729 2616 10258 1737 2616 10259 1743 2617 10260 1736 2617 10261 1735 2617 10262 1743 2618 10263 1735 2618 10264 1729 2618 10265 1745 1208 10266 1737 1208 10267 1730 1208 10268 1745 1209 10269 1730 1209 10270 1738 1209 10271 1746 2619 10272 1738 2619 10273 1731 2619 10274 1746 2620 10275 1731 2620 10276 1739 2620 10277 1747 2621 10278 1732 2621 10279 1740 2621 10280 1747 2622 10281 1739 2622 10282 1732 2622 10283 1748 2623 10284 1740 2623 10285 1733 2623 10286 1748 2624 10287 1733 2624 10288 1741 2624 10289 1749 2625 10290 1742 2625 10291 1750 2625 10292 1749 2626 10293 1741 2626 10294 1742 2626 10295 1751 312 10296 1752 312 10297 1744 312 10298 1751 1218 10299 1744 1218 10300 1743 1218 10301 1751 2627 10302 1743 2627 10303 1737 2627 10304 1751 2628 10305 1737 2628 10306 1745 2628 10307 1753 2629 10308 1745 2629 10309 1738 2629 10310 1753 2630 10311 1738 2630 10312 1746 2630 10313 1754 2631 10314 1746 2631 10315 1739 2631 10316 1754 2632 10317 1739 2632 10318 1747 2632 10319 1755 1225 10320 1740 1225 10321 1748 1225 10322 1755 2633 10323 1747 2633 10324 1740 2633 10325 1756 2634 10326 1748 2634 10327 1741 2634 10328 1756 2635 10329 1741 2635 10330 1749 2635 10331 1757 2636 10332 1750 2636 10333 1758 2636 10334 1757 2637 10335 1749 2637 10336 1750 2637 10337 1759 2638 10338 1760 2638 10339 1752 2638 10340 1759 2639 10341 1752 2639 10342 1751 2639 10343 1759 2640 10344 1751 2640 10345 1745 2640 10346 1759 2641 10347 1745 2641 10348 1753 2641 10349 1761 2642 10350 1746 2642 10351 1754 2642 10352 1761 2643 10353 1753 2643 10354 1746 2643 10355 1762 2644 10356 1754 2644 10357 1747 2644 10358 1762 2645 10359 1747 2645 10360 1755 2645 10361 1763 2646 10362 1748 2646 10363 1756 2646 10364 1763 2647 10365 1755 2647 10366 1748 2647 10367 1764 1241 10368 1756 1241 10369 1749 1241 10370 1764 2648 10371 1749 2648 10372 1757 2648 10373 1562 2649 10374 1758 2649 10375 1765 2649 10376 1562 1244 10377 1757 1244 10378 1758 1244 10379 1766 2650 10380 1759 2650 10381 1753 2650 10382 1766 2651 10383 1767 2651 10384 1760 2651 10385 1766 2652 10386 1760 2652 10387 1759 2652 10388 1766 2653 10389 1753 2653 10390 1761 2653 10391 1571 2654 10392 1761 2654 10393 1754 2654 10394 1571 2655 10395 1754 2655 10396 1762 2655 10397 1574 2656 10398 1762 2656 10399 1755 2656 10400 1574 2657 10401 1755 2657 10402 1763 2657 10403 1577 2658 10404 1763 2658 10405 1756 2658 10406 1577 2659 10407 1756 2659 10408 1764 2659 10409 1561 2660 10410 1764 2660 10411 1757 2660 10412 1561 1256 10413 1757 1256 10414 1562 1256 10415 1563 2661 10416 1562 2661 10417 1765 2661 10418 1563 1258 10419 1765 1258 10420 1565 1258 10421 1570 2662 10422 1569 2662 10423 1767 2662 10424 1570 2663 10425 1767 2663 10426 1766 2663 10427 1570 2664 10428 1761 2664 10429 1571 2664 10430 1570 2665 10431 1766 2665 10432 1761 2665 10433 1572 2666 10434 1762 2666 10435 1574 2666 10436 1572 2667 10437 1571 2667 10438 1762 2667 10439 1575 2668 10440 1574 2668 10441 1763 2668 10442 1575 1266 10443 1763 1266 10444 1577 1266 10445 1578 1267 10446 1764 1267 10447 1561 1267 10448 1578 2669 10449 1577 2669 10450 1764 2669 10451 1768 1269 10452 1769 1269 10453 1770 1269 10454 1770 1996 10455 1769 1996 10456 1771 1996 10457 1769 1271 10458 1772 1271 10459 1771 1271 10460 1771 1272 10461 1772 1272 10462 1773 1272 10463 1774 2670 10464 1775 2670 10465 1776 2670 10466 1776 1999 10467 1775 1999 10468 1777 1999 10469 1772 368 10470 1778 368 10471 1773 368 10472 1773 368 10473 1778 368 10474 1779 368 10475 1777 2671 10476 1780 2671 10477 1781 2671 10478 1778 1274 10479 1782 1274 10480 1779 1274 10481 1775 2002 10482 1780 2002 10483 1777 2002 10484 1779 1276 10485 1782 1276 10486 1783 1276 10487 1781 2005 10488 1784 2005 10489 1785 2005 10490 1782 2672 10491 1786 2672 10492 1783 2672 10493 1783 1278 10494 1786 1278 10495 1787 1278 10496 1780 2673 10497 1784 2673 10498 1781 2673 10499 1785 2674 10500 1788 2674 10501 1789 2674 10502 1786 2008 10503 1790 2008 10504 1787 2008 10505 1787 2008 10506 1790 2008 10507 1791 2008 10508 1784 379 10509 1788 379 10510 1785 379 10511 1789 2675 10512 1792 2675 10513 1793 2675 10514 1791 2010 10515 1794 2010 10516 1795 2010 10517 1790 2676 10518 1794 2676 10519 1791 2676 10520 1788 1285 10521 1792 1285 10522 1789 1285 10523 1795 2677 10524 1796 2677 10525 1797 2677 10526 1794 2678 10527 1796 2678 10528 1795 2678 10529 1793 391 10530 1798 391 10531 1799 391 10532 1796 2679 10533 1774 2679 10534 1797 2679 10535 1792 1288 10536 1798 1288 10537 1793 1288 10538 1797 2680 10539 1774 2680 10540 1776 2680 10541 1799 390 10542 1800 390 10543 1801 390 10544 1798 390 10545 1800 390 10546 1799 390 10547 1801 1289 10548 1802 1289 10549 1803 1289 10550 1800 1290 10551 1802 1290 10552 1801 1290 10553 1803 396 10554 1804 396 10555 1805 396 10556 1802 2681 10557 1804 2681 10558 1803 2681 10559 1805 395 10560 1806 395 10561 1807 395 10562 1804 2682 10563 1806 2682 10564 1805 2682 10565 1807 2683 10566 1808 2683 10567 1809 2683 10568 1806 2684 10569 1808 2684 10570 1807 2684 10571 1808 2685 10572 1810 2685 10573 1809 2685 10574 1809 2019 10575 1810 2019 10576 1811 2019 10577 1810 2686 10578 1812 2686 10579 1811 2686 10580 1811 401 10581 1812 401 10582 1813 401 10583 1812 2687 10584 1814 2687 10585 1813 2687 10586 1813 2688 10587 1814 2688 10588 1815 2688 10589 1814 2689 10590 1816 2689 10591 1815 2689 10592 1815 2690 10593 1816 2690 10594 1817 2690 10595 1816 2691 10596 1818 2691 10597 1817 2691 10598 1817 2023 10599 1818 2023 10600 1819 2023 10601 1818 410 10602 1768 410 10603 1819 410 10604 1819 410 10605 1768 410 10606 1770 410 10607 1820 1303 10608 1821 1303 10609 1822 1303 10610 1820 2692 10611 1822 2692 10612 1823 2692 10613 1824 2693 10614 1823 2693 10615 1825 2693 10616 1824 1306 10617 1825 1306 10618 1826 1306 10619 1827 2694 10620 1828 2694 10621 1829 2694 10622 1827 2695 10623 1829 2695 10624 1830 2695 10625 1827 2696 10626 1830 2696 10627 1831 2696 10628 1827 2030 10629 1831 2030 10630 1832 2030 10631 1833 2697 10632 1832 2697 10633 1834 2697 10634 1833 2032 10635 1834 2032 10636 1835 2032 10637 1836 1311 10638 1835 1311 10639 1837 1311 10640 1836 2033 10641 1837 2033 10642 1838 2033 10643 1839 1312 10644 1838 1312 10645 1821 1312 10646 1839 2698 10647 1821 2698 10648 1820 2698 10649 1840 2699 10650 1823 2699 10651 1824 2699 10652 1840 2700 10653 1820 2700 10654 1823 2700 10655 1841 2701 10656 1826 2701 10657 1842 2701 10658 1841 2702 10659 1824 2702 10660 1826 2702 10661 1843 2703 10662 1844 2703 10663 1828 2703 10664 1843 2704 10665 1828 2704 10666 1827 2704 10667 1843 1320 10668 1832 1320 10669 1833 1320 10670 1843 1321 10671 1827 1321 10672 1832 1321 10673 1845 2040 10674 1833 2040 10675 1835 2040 10676 1845 1322 10677 1835 1322 10678 1836 1322 10679 1846 2705 10680 1836 2705 10681 1838 2705 10682 1846 1324 10683 1838 1324 10684 1839 1324 10685 1847 2706 10686 1839 2706 10687 1820 2706 10688 1847 2707 10689 1820 2707 10690 1840 2707 10691 1848 1327 10692 1840 1327 10693 1824 1327 10694 1848 2708 10695 1824 2708 10696 1841 2708 10697 1849 2709 10698 1842 2709 10699 1850 2709 10700 1849 2710 10701 1841 2710 10702 1842 2710 10703 1851 2711 10704 1852 2711 10705 1844 2711 10706 1851 2712 10707 1844 2712 10708 1843 2712 10709 1851 2713 10710 1843 2713 10711 1833 2713 10712 1851 2714 10713 1833 2714 10714 1845 2714 10715 1853 1335 10716 1845 1335 10717 1836 1335 10718 1853 2715 10719 1836 2715 10720 1846 2715 10721 1854 2716 10722 1839 2716 10723 1847 2716 10724 1854 1338 10725 1846 1338 10726 1839 1338 10727 1855 1339 10728 1840 1339 10729 1848 1339 10730 1855 2717 10731 1847 2717 10732 1840 2717 10733 1856 2718 10734 1848 2718 10735 1841 2718 10736 1856 2719 10737 1841 2719 10738 1849 2719 10739 1857 2720 10740 1850 2720 10741 1858 2720 10742 1857 2721 10743 1849 2721 10744 1850 2721 10745 1859 2722 10746 1860 2722 10747 1852 2722 10748 1859 2723 10749 1845 2723 10750 1853 2723 10751 1859 1347 10752 1852 1347 10753 1851 1347 10754 1859 1348 10755 1851 1348 10756 1845 1348 10757 1861 2724 10758 1853 2724 10759 1846 2724 10760 1861 2725 10761 1846 2725 10762 1854 2725 10763 1862 2726 10764 1854 2726 10765 1847 2726 10766 1862 2727 10767 1847 2727 10768 1855 2727 10769 1863 2728 10770 1848 2728 10771 1856 2728 10772 1863 2729 10773 1855 2729 10774 1848 2729 10775 1864 2730 10776 1849 2730 10777 1857 2730 10778 1864 2731 10779 1856 2731 10780 1849 2731 10781 1865 2732 10782 1858 2732 10783 1866 2732 10784 1865 2733 10785 1857 2733 10786 1858 2733 10787 1867 472 10788 1859 472 10789 1853 472 10790 1867 2734 10791 1868 2734 10792 1860 2734 10793 1867 1360 10794 1860 1360 10795 1859 1360 10796 1867 475 10797 1853 475 10798 1861 475 10799 1869 2735 10800 1861 2735 10801 1854 2735 10802 1869 1362 10803 1854 1362 10804 1862 1362 10805 1870 2736 10806 1862 2736 10807 1855 2736 10808 1870 2069 10809 1855 2069 10810 1863 2069 10811 1871 2737 10812 1856 2737 10813 1864 2737 10814 1871 2738 10815 1863 2738 10816 1856 2738 10817 1872 2739 10818 1864 2739 10819 1857 2739 10820 1872 2740 10821 1857 2740 10822 1865 2740 10823 1873 1368 10824 1865 1368 10825 1866 1368 10826 1873 1369 10827 1866 1369 10828 1874 1369 10829 1875 2741 10830 1876 2741 10831 1868 2741 10832 1875 2742 10833 1868 2742 10834 1867 2742 10835 1875 2743 10836 1867 2743 10837 1861 2743 10838 1875 2744 10839 1861 2744 10840 1869 2744 10841 1877 2745 10842 1869 2745 10843 1862 2745 10844 1877 2746 10845 1862 2746 10846 1870 2746 10847 1878 2080 10848 1870 2080 10849 1863 2080 10850 1878 2747 10851 1863 2747 10852 1871 2747 10853 1879 2748 10854 1871 2748 10855 1864 2748 10856 1879 495 10857 1864 495 10858 1872 495 10859 1880 2084 10860 1865 2084 10861 1873 2084 10862 1880 2749 10863 1872 2749 10864 1865 2749 10865 1881 2750 10866 1873 2750 10867 1874 2750 10868 1881 2751 10869 1874 2751 10870 1882 2751 10871 1883 2752 10872 1884 2752 10873 1876 2752 10874 1883 2753 10875 1876 2753 10876 1875 2753 10877 1883 2754 10878 1875 2754 10879 1869 2754 10880 1883 2755 10881 1869 2755 10882 1877 2755 10883 1885 2092 10884 1870 2092 10885 1878 2092 10886 1885 2756 10887 1877 2756 10888 1870 2756 10889 1886 2757 10890 1878 2757 10891 1871 2757 10892 1886 2758 10893 1871 2758 10894 1879 2758 10895 1887 1389 10896 1879 1389 10897 1872 1389 10898 1887 1390 10899 1872 1390 10900 1880 1390 10901 1888 2759 10902 1880 2759 10903 1873 2759 10904 1888 2760 10905 1873 2760 10906 1881 2760 10907 1889 2761 10908 1882 2761 10909 1890 2761 10910 1889 2762 10911 1881 2762 10912 1882 2762 10913 1891 2763 10914 1892 2763 10915 1884 2763 10916 1891 2764 10917 1883 2764 10918 1877 2764 10919 1891 1397 10920 1877 1397 10921 1885 1397 10922 1891 2765 10923 1884 2765 10924 1883 2765 10925 1893 2766 10926 1885 2766 10927 1878 2766 10928 1893 2767 10929 1878 2767 10930 1886 2767 10931 1894 2768 10932 1886 2768 10933 1879 2768 10934 1894 2769 10935 1879 2769 10936 1887 2769 10937 1895 2770 10938 1880 2770 10939 1888 2770 10940 1895 2771 10941 1887 2771 10942 1880 2771 10943 1896 2772 10944 1881 2772 10945 1889 2772 10946 1896 2773 10947 1888 2773 10948 1881 2773 10949 1897 2774 10950 1890 2774 10951 1898 2774 10952 1897 2775 10953 1889 2775 10954 1890 2775 10955 1899 2776 10956 1900 2776 10957 1901 2776 10958 1899 2777 10959 1901 2777 10960 1902 2777 10961 1903 2778 10962 1904 2778 10963 1892 2778 10964 1903 2779 10965 1892 2779 10966 1891 2779 10967 1903 2780 10968 1891 2780 10969 1885 2780 10970 1905 2781 10971 1900 2781 10972 1899 2781 10973 1903 2116 10974 1885 2116 10975 1893 2116 10976 1906 2782 10977 1893 2782 10978 1886 2782 10979 1905 1416 10980 1907 1416 10981 1900 1416 10982 1906 2783 10983 1886 2783 10984 1894 2783 10985 1908 2784 10986 1899 2784 10987 1902 2784 10988 1909 2785 10989 1894 2785 10990 1887 2785 10991 1908 1420 10992 1902 1420 10993 1910 1420 10994 1909 2121 10995 1887 2121 10996 1895 2121 10997 1911 1421 10998 1912 1421 10999 1907 1421 11000 1911 2786 11001 1907 2786 11002 1905 2786 11003 1913 2787 11004 1895 2787 11005 1888 2787 11006 1913 2788 11007 1888 2788 11008 1896 2788 11009 1914 2789 11010 1905 2789 11011 1899 2789 11012 1915 2790 11013 1896 2790 11014 1889 2790 11015 1914 2791 11016 1899 2791 11017 1908 2791 11018 1915 2792 11019 1889 2792 11020 1897 2792 11021 1916 2793 11022 1910 2793 11023 1917 2793 11024 1918 2794 11025 1898 2794 11026 1919 2794 11027 1918 2795 11028 1897 2795 11029 1898 2795 11030 1916 2796 11031 1908 2796 11032 1910 2796 11033 1920 1433 11034 1921 1433 11035 1904 1433 11036 1920 2132 11037 1893 2132 11038 1906 2132 11039 1922 2133 11040 1923 2133 11041 1912 2133 11042 1920 1434 11043 1904 1434 11044 1903 1434 11045 1922 1435 11046 1912 1435 11047 1911 1435 11048 1920 2797 11049 1903 2797 11050 1893 2797 11051 1924 1437 11052 1905 1437 11053 1914 1437 11054 1925 2136 11055 1894 2136 11056 1909 2136 11057 1925 2798 11058 1906 2798 11059 1894 2798 11060 1924 2799 11061 1911 2799 11062 1905 2799 11063 1926 2800 11064 1909 2800 11065 1895 2800 11066 1927 2801 11067 1914 2801 11068 1908 2801 11069 1926 2141 11070 1895 2141 11071 1913 2141 11072 1927 2802 11073 1908 2802 11074 1916 2802 11075 1928 2803 11076 1913 2803 11077 1896 2803 11078 1929 2804 11079 1917 2804 11080 1930 2804 11081 1928 2805 11082 1896 2805 11083 1915 2805 11084 1929 2806 11085 1916 2806 11086 1917 2806 11087 1931 2807 11088 1897 2807 11089 1918 2807 11090 1932 2148 11091 1933 2148 11092 1923 2148 11093 1932 2808 11094 1923 2808 11095 1922 2808 11096 1931 2809 11097 1915 2809 11098 1897 2809 11099 1934 2810 11100 1918 2810 11101 1919 2810 11102 1934 1451 11103 1919 1451 11104 1935 1451 11105 1934 2811 11106 1935 2811 11107 1901 2811 11108 1936 1453 11109 1922 1453 11110 1911 1453 11111 1934 2812 11112 1901 2812 11113 1900 2812 11114 1936 2813 11115 1911 2813 11116 1924 2813 11117 1937 2814 11118 1906 2814 11119 1925 2814 11120 1937 1457 11121 1938 1457 11122 1921 1457 11123 1937 2815 11124 1921 2815 11125 1920 2815 11126 1937 1459 11127 1920 1459 11128 1906 1459 11129 1939 2816 11130 1924 2816 11131 1914 2816 11132 1939 2817 11133 1914 2817 11134 1927 2817 11135 1940 2818 11136 1909 2818 11137 1926 2818 11138 1941 2819 11139 1927 2819 11140 1916 2819 11141 1940 2820 11142 1925 2820 11143 1909 2820 11144 1942 2821 11145 1926 2821 11146 1913 2821 11147 1942 1466 11148 1913 1466 11149 1928 1466 11150 1941 2822 11151 1916 2822 11152 1929 2822 11153 1943 2823 11154 1930 2823 11155 1944 2823 11156 1945 2824 11157 1915 2824 11158 1931 2824 11159 1945 2825 11160 1928 2825 11161 1915 2825 11162 1943 2826 11163 1929 2826 11164 1930 2826 11165 1946 2827 11166 1947 2827 11167 1948 2827 11168 1946 1473 11169 1948 1473 11170 1949 1473 11171 1946 2168 11172 1949 2168 11173 1933 2168 11174 1946 2828 11175 1933 2828 11176 1932 2828 11177 1950 2829 11178 1931 2829 11179 1918 2829 11180 1950 2830 11181 1918 2830 11182 1934 2830 11183 1950 2831 11184 1934 2831 11185 1900 2831 11186 1951 2173 11187 1922 2173 11188 1936 2173 11189 1950 1478 11190 1900 1478 11191 1907 1478 11192 1951 2174 11193 1932 2174 11194 1922 2174 11195 1952 1479 11196 1938 1479 11197 1937 1479 11198 1952 2832 11199 1953 2832 11200 1938 2832 11201 1954 2833 11202 1936 2833 11203 1924 2833 11204 1952 2834 11205 1925 2834 11206 1940 2834 11207 1952 2835 11208 1937 2835 11209 1925 2835 11210 1955 2836 11211 1926 2836 11212 1942 2836 11213 1954 2181 11214 1924 2181 11215 1939 2181 11216 1955 2837 11217 1940 2837 11218 1926 2837 11219 1956 1486 11220 1928 1486 11221 1945 1486 11222 1957 2838 11223 1939 2838 11224 1927 2838 11225 1957 2839 11226 1927 2839 11227 1941 2839 11228 1956 619 11229 1942 619 11230 1928 619 11231 1958 2840 11232 1945 2840 11233 1931 2840 11234 1958 2841 11235 1931 2841 11236 1950 2841 11237 1959 2842 11238 1941 2842 11239 1929 2842 11240 1959 2843 11241 1929 2843 11242 1943 2843 11243 1958 2844 11244 1950 2844 11245 1907 2844 11246 1958 1494 11247 1907 1494 11248 1912 1494 11249 1960 2845 11250 1961 2845 11251 1953 2845 11252 1962 2846 11253 1944 2846 11254 1963 2846 11255 1960 2847 11256 1952 2847 11257 1940 2847 11258 1960 2848 11259 1953 2848 11260 1952 2848 11261 1960 2192 11262 1940 2192 11263 1955 2192 11264 1962 2849 11265 1943 2849 11266 1944 2849 11267 1964 2850 11268 1965 2850 11269 1947 2850 11270 1966 2851 11271 1955 2851 11272 1942 2851 11273 1964 1502 11274 1947 1502 11275 1946 1502 11276 1966 635 11277 1942 635 11278 1956 635 11279 1964 636 11280 1932 636 11281 1951 636 11282 1964 637 11283 1946 637 11284 1932 637 11285 1967 2852 11286 1956 2852 11287 1945 2852 11288 1967 2853 11289 1945 2853 11290 1958 2853 11291 1968 2854 11292 1951 2854 11293 1936 2854 11294 1967 1506 11295 1958 1506 11296 1912 1506 11297 1968 1507 11298 1936 1507 11299 1954 1507 11300 1967 2199 11301 1912 2199 11302 1923 2199 11303 1969 2855 11304 1970 2855 11305 1961 2855 11306 1971 2856 11307 1954 2856 11308 1939 2856 11309 1969 2857 11310 1961 2857 11311 1960 2857 11312 1971 2858 11313 1939 2858 11314 1957 2858 11315 1969 2859 11316 1960 2859 11317 1955 2859 11318 1969 2205 11319 1955 2205 11320 1966 2205 11321 1972 2860 11322 1966 2860 11323 1956 2860 11324 1972 2207 11325 1923 2207 11326 1933 2207 11327 1973 2861 11328 1941 2861 11329 1959 2861 11330 1972 2862 11331 1967 2862 11332 1923 2862 11333 1973 2863 11334 1957 2863 11335 1941 2863 11336 1972 2864 11337 1956 2864 11338 1967 2864 11339 1974 2865 11340 1975 2865 11341 1970 2865 11342 1974 2866 11343 1948 2866 11344 1975 2866 11345 1974 2867 11346 1972 2867 11347 1933 2867 11348 1974 1521 11349 1949 1521 11350 1948 1521 11351 1974 2868 11352 1970 2868 11353 1969 2868 11354 1974 1523 11355 1966 1523 11356 1972 1523 11357 1976 2869 11358 1959 2869 11359 1943 2869 11360 1974 2216 11361 1933 2216 11362 1949 2216 11363 1974 1525 11364 1969 1525 11365 1966 1525 11366 1976 2870 11367 1943 2870 11368 1962 2870 11369 1977 1527 11370 1962 1527 11371 1963 1527 11372 1977 667 11373 1963 667 11374 1978 667 11375 1979 2871 11376 1980 2871 11377 1965 2871 11378 1979 2872 11379 1951 2872 11380 1968 2872 11381 1979 2873 11382 1965 2873 11383 1964 2873 11384 1979 2874 11385 1964 2874 11386 1951 2874 11387 1981 2875 11388 1954 2875 11389 1971 2875 11390 1981 2876 11391 1968 2876 11392 1954 2876 11393 1982 2877 11394 1957 2877 11395 1973 2877 11396 1982 2878 11397 1971 2878 11398 1957 2878 11399 1983 2879 11400 1973 2879 11401 1959 2879 11402 1983 2880 11403 1959 2880 11404 1976 2880 11405 1984 2881 11406 1976 2881 11407 1962 2881 11408 1984 2229 11409 1962 2229 11410 1977 2229 11411 1985 2882 11412 1977 2882 11413 1978 2882 11414 1985 2883 11415 1978 2883 11416 1986 2883 11417 1987 2884 11418 1988 2884 11419 1980 2884 11420 1987 2885 11421 1979 2885 11422 1968 2885 11423 1987 2886 11424 1968 2886 11425 1981 2886 11426 1987 2887 11427 1980 2887 11428 1979 2887 11429 1989 2888 11430 1971 2888 11431 1982 2888 11432 1989 2889 11433 1981 2889 11434 1971 2889 11435 1990 2890 11436 1973 2890 11437 1983 2890 11438 1990 2891 11439 1982 2891 11440 1973 2891 11441 1991 690 11442 1976 690 11443 1984 690 11444 1991 1549 11445 1983 1549 11446 1976 1549 11447 1992 2892 11448 1984 2892 11449 1977 2892 11450 1992 2893 11451 1977 2893 11452 1985 2893 11453 1993 2894 11454 1985 2894 11455 1986 2894 11456 1993 2895 11457 1986 2895 11458 1994 2895 11459 1995 2896 11460 1996 2896 11461 1988 2896 11462 1995 2897 11463 1988 2897 11464 1987 2897 11465 1995 1556 11466 1981 1556 11467 1989 1556 11468 1995 2898 11469 1987 2898 11470 1981 2898 11471 1997 2899 11472 1989 2899 11473 1982 2899 11474 1997 2246 11475 1982 2246 11476 1990 2246 11477 1998 2900 11478 1990 2900 11479 1983 2900 11480 1998 1560 11481 1983 1560 11482 1991 1560 11483 1999 2901 11484 1984 2901 11485 1992 2901 11486 1999 2902 11487 1991 2902 11488 1984 2902 11489 2000 2903 11490 1985 2903 11491 1993 2903 11492 2000 2904 11493 1992 2904 11494 1985 2904 11495 2001 2905 11496 1994 2905 11497 2002 2905 11498 2001 2906 11499 1993 2906 11500 1994 2906 11501 2003 2907 11502 2004 2907 11503 1996 2907 11504 2003 2254 11505 1989 2254 11506 1997 2254 11507 2003 2908 11508 1996 2908 11509 1995 2908 11510 2003 2909 11511 1995 2909 11512 1989 2909 11513 2005 2910 11514 1997 2910 11515 1990 2910 11516 2005 2911 11517 1990 2911 11518 1998 2911 11519 2006 2912 11520 1998 2912 11521 1991 2912 11522 2006 2913 11523 1991 2913 11524 1999 2913 11525 2007 2914 11526 1992 2914 11527 2000 2914 11528 2007 2915 11529 1999 2915 11530 1992 2915 11531 2008 2916 11532 2000 2916 11533 1993 2916 11534 2008 2917 11535 1993 2917 11536 2001 2917 11537 2009 2918 11538 2002 2918 11539 2010 2918 11540 2009 1579 11541 2001 1579 11542 2002 1579 11543 2011 1580 11544 2012 1580 11545 2004 1580 11546 2011 1581 11547 2004 1581 11548 2003 1581 11549 2011 2919 11550 2003 2919 11551 1997 2919 11552 2011 2268 11553 1997 2268 11554 2005 2268 11555 2013 2920 11556 2005 2920 11557 1998 2920 11558 2013 2921 11559 1998 2921 11560 2006 2921 11561 2014 2922 11562 2006 2922 11563 1999 2922 11564 2014 2272 11565 1999 2272 11566 2007 2272 11567 2015 2923 11568 2000 2923 11569 2008 2923 11570 2015 2924 11571 2007 2924 11572 2000 2924 11573 2016 2925 11574 2008 2925 11575 2001 2925 11576 2016 2926 11577 2001 2926 11578 2009 2926 11579 2017 1590 11580 2010 1590 11581 2018 1590 11582 2017 2927 11583 2009 2927 11584 2010 2927 11585 2019 1592 11586 2020 1592 11587 2012 1592 11588 2019 2928 11589 2012 2928 11590 2011 2928 11591 2019 2929 11592 2011 2929 11593 2005 2929 11594 2019 2930 11595 2005 2930 11596 2013 2930 11597 2021 2931 11598 2006 2931 11599 2014 2931 11600 2021 2932 11601 2013 2932 11602 2006 2932 11603 2022 2933 11604 2014 2933 11605 2007 2933 11606 2022 745 11607 2007 745 11608 2015 745 11609 2023 2934 11610 2008 2934 11611 2016 2934 11612 2023 2935 11613 2015 2935 11614 2008 2935 11615 2024 2936 11616 2016 2936 11617 2009 2936 11618 2024 2937 11619 2009 2937 11620 2017 2937 11621 1822 1603 11622 2018 1603 11623 2025 1603 11624 1822 2938 11625 2017 2938 11626 2018 2938 11627 2026 2939 11628 2019 2939 11629 2013 2939 11630 2026 2940 11631 2027 2940 11632 2020 2940 11633 2026 1607 11634 2020 1607 11635 2019 1607 11636 2026 2941 11637 2013 2941 11638 2021 2941 11639 1831 2942 11640 2021 2942 11641 2014 2942 11642 1831 2943 11643 2014 2943 11644 2022 2943 11645 1834 1611 11646 2022 1611 11647 2015 1611 11648 1834 759 11649 2015 759 11650 2023 759 11651 1837 2944 11652 2023 2944 11653 2016 2944 11654 1837 2945 11655 2016 2945 11656 2024 2945 11657 1821 2946 11658 2024 2946 11659 2017 2946 11660 1821 2947 11661 2017 2947 11662 1822 2947 11663 1823 2948 11664 1822 2948 11665 2025 2948 11666 1823 2949 11667 2025 2949 11668 1825 2949 11669 1830 2950 11670 1829 2950 11671 2027 2950 11672 1830 2951 11673 2027 2951 11674 2026 2951 11675 1830 2302 11676 2021 2302 11677 1831 2302 11678 1830 2952 11679 2026 2952 11680 2021 2952 11681 1832 770 11682 2022 770 11683 1834 770 11684 1832 2953 11685 1831 2953 11686 2022 2953 11687 1835 2954 11688 1834 2954 11689 2023 2954 11690 1835 2955 11691 2023 2955 11692 1837 2955 11693 1838 1624 11694 2024 1624 11695 1821 1624 11696 1838 2956 11697 1837 2956 11698 2024 2956 11699 2028 2309 11700 2029 2309 11701 2030 2309 11702 2028 2309 11703 2030 2309 11704 2031 2309 11705 2032 778 11706 2028 778 11707 2031 778 11708 2032 2957 11709 2031 2957 11710 2033 2957 11711 2034 2958 11712 2035 2958 11713 2036 2958 11714 2034 781 11715 2036 781 11716 2037 781 11717 2038 390 11718 2032 390 11719 2033 390 11720 2038 390 11721 2033 390 11722 2039 390 11723 2040 784 11724 2037 784 11725 2041 784 11726 2042 2312 11727 2038 2312 11728 2039 2312 11729 2040 784 11730 2034 784 11731 2037 784 11732 2042 783 11733 2039 783 11734 2043 783 11735 2044 2959 11736 2041 2959 11737 2045 2959 11738 2046 2315 11739 2042 2315 11740 2043 2315 11741 2046 2316 11742 2043 2316 11743 2047 2316 11744 2044 2960 11745 2040 2960 11746 2041 2960 11747 2048 2961 11748 2045 2961 11749 2049 2961 11750 2050 2319 11751 2046 2319 11752 2047 2319 11753 2050 1630 11754 2047 1630 11755 2051 1630 11756 2048 1631 11757 2044 1631 11758 2045 1631 11759 2052 2321 11760 2049 2321 11761 2053 2321 11762 2054 2962 11763 2051 2962 11764 2055 2962 11765 2052 2323 11766 2048 2323 11767 2049 2323 11768 2054 2962 11769 2050 2962 11770 2051 2962 11771 2056 2963 11772 2055 2963 11773 2057 2963 11774 2058 802 11775 2053 802 11776 2059 802 11777 2056 800 11778 2054 800 11779 2055 800 11780 2035 801 11781 2057 801 11782 2036 801 11783 2058 802 11784 2052 802 11785 2053 802 11786 2035 801 11787 2056 801 11788 2057 801 11789 2060 368 11790 2059 368 11791 2061 368 11792 2060 368 11793 2058 368 11794 2059 368 11795 2062 1636 11796 2061 1636 11797 2063 1636 11798 2062 1636 11799 2060 1636 11800 2061 1636 11801 2064 2964 11802 2063 2964 11803 2065 2964 11804 2064 2328 11805 2062 2328 11806 2063 2328 11807 2066 1637 11808 2065 1637 11809 2067 1637 11810 2066 2965 11811 2064 2965 11812 2065 2965 11813 2068 2966 11814 2067 2966 11815 2069 2966 11816 2068 2332 11817 2066 2332 11818 2067 2332 11819 2070 812 11820 2068 812 11821 2069 812 11822 2070 812 11823 2069 812 11824 2071 812 11825 2072 813 11826 2070 813 11827 2071 813 11828 2072 2967 11829 2071 2967 11830 2073 2967 11831 2074 815 11832 2072 815 11833 2073 815 11834 2074 815 11835 2073 815 11836 2075 815 11837 2076 2968 11838 2074 2968 11839 2075 2968 11840 2076 818 11841 2075 818 11842 2077 818 11843 2078 2969 11844 2076 2969 11845 2077 2969 11846 2078 2969 11847 2077 2969 11848 2079 2969 11849 2029 821 11850 2078 821 11851 2079 821 11852 2029 2335 11853 2079 2335 11854 2030 2335 11855 2068 829 11856 2018 829 11857 2010 829 11858 2070 823 11859 2018 823 11860 2068 823 11861 1917 2970 11862 2044 2970 11863 1930 2970 11864 1882 840 11865 1874 840 11866 2042 840 11867 2042 831 11868 1874 831 11869 2038 831 11870 1930 1644 11871 2048 1644 11872 1944 1644 11873 2044 823 11874 2048 823 11875 1930 823 11876 1910 823 11877 2040 823 11878 1917 823 11879 1917 849 11880 2040 849 11881 2044 849 11882 2048 1645 11883 2052 1645 11884 1944 1645 11885 2070 825 11886 2025 825 11887 2018 825 11888 2072 823 11889 2025 823 11890 2070 823 11891 2074 823 11892 2025 823 11893 2072 823 11894 1902 1647 11895 2034 1647 11896 1910 1647 11897 1910 844 11898 2034 844 11899 2040 844 11900 1944 1642 11901 2058 1642 11902 1963 1642 11903 2052 2971 11904 2058 2971 11905 1944 2971 11906 1874 833 11907 1866 833 11908 2038 833 11909 2032 831 11910 1866 831 11911 2028 831 11912 2038 1649 11913 1866 1649 11914 2032 1649 11915 1901 823 11916 2035 823 11917 1902 823 11918 1902 2972 11919 2035 2972 11920 2034 2972 11921 2074 2973 11922 1825 2973 11923 2025 2973 11924 1963 1652 11925 2060 1652 11926 1978 1652 11927 2028 826 11928 1858 826 11929 2029 826 11930 2058 1653 11931 2060 1653 11932 1963 1653 11933 1866 2342 11934 1858 2342 11935 2028 2342 11936 2076 1653 11937 1826 1653 11938 2074 1653 11939 1935 823 11940 2056 823 11941 1901 823 11942 2074 824 11943 1826 824 11944 1825 824 11945 1901 1654 11946 2056 1654 11947 2035 1654 11948 1858 823 11949 1850 823 11950 2029 823 11951 2029 2974 11952 1850 2974 11953 2078 2974 11954 1935 833 11955 1919 833 11956 2056 833 11957 2076 823 11958 1842 823 11959 1826 823 11960 1978 2344 11961 2062 2344 11962 1986 2344 11963 2078 885 11964 1842 885 11965 2076 885 11966 1850 823 11967 1842 823 11968 2078 823 11969 2060 844 11970 2062 844 11971 1978 844 11972 1919 831 11973 2054 831 11974 2056 831 11975 1986 823 11976 2064 823 11977 1994 823 11978 2062 1655 11979 2064 1655 11980 1986 1655 11981 1898 2975 11982 2050 2975 11983 1919 2975 11984 1919 1682 11985 2050 1682 11986 2054 1682 11987 2064 2976 11988 2066 2976 11989 1994 2976 11990 2066 823 11991 2002 823 11992 1994 823 11993 1898 2977 11994 1890 2977 11995 2050 2977 11996 2050 823 11997 1890 823 11998 2046 823 11999 2066 844 12000 2068 844 12001 2002 844 12002 2068 823 12003 2010 823 12004 2002 823 12005 1890 2978 12006 1882 2978 12007 2046 2978 12008 2046 2979 12009 1882 2979 12010 2042 2979 12011 1780 850 12012 1965 850 12013 1784 850 12014 1780 850 12015 1775 850 12016 1965 850 12017 1884 2980 12018 1892 2980 12019 1768 2980 12020 1768 850 12021 1892 850 12022 1769 850 12023 1775 850 12024 1947 850 12025 1965 850 12026 2027 2981 12027 1804 2981 12028 2020 2981 12029 1829 850 12030 1804 850 12031 2027 850 12032 1806 850 12033 1804 850 12034 1829 850 12035 1828 850 12036 1808 850 12037 1829 850 12038 1829 1663 12039 1808 1663 12040 1806 1663 12041 1804 850 12042 1802 850 12043 2020 850 12044 1844 900 12045 1810 900 12046 1828 900 12047 1892 1662 12048 1904 1662 12049 1769 1662 12050 1769 1663 12051 1904 1663 12052 1772 1663 12053 1772 850 12054 1904 850 12055 1778 850 12056 1828 863 12057 1810 863 12058 1808 863 12059 1775 862 12060 1948 862 12061 1947 862 12062 2020 850 12063 1800 850 12064 2012 850 12065 1774 1664 12066 1948 1664 12067 1775 1664 12068 1802 850 12069 1800 850 12070 2020 850 12071 1852 850 12072 1812 850 12073 1844 850 12074 1904 850 12075 1921 850 12076 1778 850 12077 1844 1668 12078 1812 1668 12079 1810 1668 12080 1794 2982 12081 1975 2982 12082 1796 2982 12083 2004 850 12084 1798 850 12085 1996 850 12086 1796 2983 12087 1975 2983 12088 1774 2983 12089 2012 850 12090 1798 850 12091 2004 850 12092 1774 860 12093 1975 860 12094 1948 860 12095 1800 850 12096 1798 850 12097 2012 850 12098 1921 850 12099 1938 850 12100 1778 850 12101 1778 850 12102 1938 850 12103 1782 850 12104 1860 850 12105 1814 850 12106 1852 850 12107 1782 1669 12108 1938 1669 12109 1786 1669 12110 1794 2364 12111 1970 2364 12112 1975 2364 12113 1852 2984 12114 1814 2984 12115 1812 2984 12116 1860 2365 12117 1868 2365 12118 1814 2365 12119 1786 858 12120 1953 858 12121 1790 858 12122 1938 2985 12123 1953 2985 12124 1786 2985 12125 1794 860 12126 1961 860 12127 1970 860 12128 1790 858 12129 1961 858 12130 1794 858 12131 1798 850 12132 1792 850 12133 1996 850 12134 1953 850 12135 1961 850 12136 1790 850 12137 1868 2986 12138 1816 2986 12139 1814 2986 12140 1996 2987 12141 1788 2987 12142 1988 2987 12143 1792 2988 12144 1788 2988 12145 1996 2988 12146 1868 863 12147 1818 863 12148 1816 863 12149 1876 850 12150 1818 850 12151 1868 850 12152 1788 2989 12153 1784 2989 12154 1988 2989 12155 1784 850 12156 1980 850 12157 1988 850 12158 1818 850 12159 1884 850 12160 1768 850 12161 1876 867 12162 1884 867 12163 1818 867 12164 1784 850 12165 1965 850 12166 1980 850 12167 1809 886 12168 1750 886 12169 1742 886 12170 1809 823 12171 1811 823 12172 1750 823 12173 1630 2990 12174 1622 2990 12175 1787 2990 12176 1783 823 12177 1622 823 12178 1779 823 12179 1787 823 12180 1622 823 12181 1783 823 12182 1657 1686 12183 1785 1686 12184 1670 1686 12185 1670 2991 12186 1789 2991 12187 1684 2991 12188 1811 1689 12189 1758 1689 12190 1750 1689 12191 1785 823 12192 1789 823 12193 1670 823 12194 1650 823 12195 1781 823 12196 1657 823 12197 1657 823 12198 1781 823 12199 1785 823 12200 1789 823 12201 1793 823 12202 1684 823 12203 1642 1678 12204 1777 1678 12205 1650 1678 12206 1650 823 12207 1777 823 12208 1781 823 12209 1684 823 12210 1799 823 12211 1703 823 12212 1793 823 12213 1799 823 12214 1684 823 12215 1622 823 12216 1614 823 12217 1779 823 12218 1641 1648 12219 1776 1648 12220 1642 1648 12221 1811 885 12222 1765 885 12223 1758 885 12224 1813 2992 12225 1765 2992 12226 1811 2992 12227 1815 877 12228 1765 877 12229 1813 877 12230 1642 2993 12231 1776 2993 12232 1777 2993 12233 1614 831 12234 1606 831 12235 1779 831 12236 1703 844 12237 1801 844 12238 1718 844 12239 1773 1681 12240 1606 1681 12241 1771 1681 12242 1779 823 12243 1606 823 12244 1773 823 12245 1799 823 12246 1801 823 12247 1703 823 12248 1815 1684 12249 1565 1684 12250 1765 1684 12251 1817 823 12252 1565 823 12253 1815 823 12254 1675 823 12255 1797 823 12256 1641 823 12257 1606 885 12258 1598 885 12259 1771 885 12260 1641 1687 12261 1797 1687 12262 1776 1687 12263 1771 2994 12264 1598 2994 12265 1770 2994 12266 1718 1693 12267 1803 1693 12268 1726 1693 12269 1817 886 12270 1566 886 12271 1565 886 12272 1801 1690 12273 1803 1690 12274 1718 1690 12275 1598 823 12276 1590 823 12277 1770 823 12278 1819 823 12279 1582 823 12280 1817 823 12281 1659 823 12282 1795 823 12283 1675 823 12284 1770 881 12285 1582 881 12286 1819 881 12287 1817 885 12288 1582 885 12289 1566 885 12290 1590 823 12291 1582 823 12292 1770 823 12293 1675 823 12294 1795 823 12295 1797 823 12296 1726 823 12297 1805 823 12298 1734 823 12299 1803 2995 12300 1805 2995 12301 1726 2995 12302 1638 823 12303 1791 823 12304 1659 823 12305 1659 2996 12306 1791 2996 12307 1795 2996 12308 1805 883 12309 1807 883 12310 1734 883 12311 1807 823 12312 1742 823 12313 1734 823 12314 1807 823 12315 1809 823 12316 1742 823 12317 1638 844 12318 1630 844 12319 1791 844 12320 1791 823 12321 1630 823 12322 1787 823 12323 2037 850 12324 1687 850 12325 1705 850 12326 1569 908 12327 2067 908 12328 1767 908 12329 2031 2997 12330 1644 2997 12331 2033 2997 12332 2033 850 12333 1644 850 12334 2039 850 12335 1632 1696 12336 1644 1696 12337 2031 1696 12338 1767 912 12339 2065 912 12340 1760 912 12341 2067 850 12342 2065 850 12343 1767 850 12344 1568 2998 12345 2069 2998 12346 1569 2998 12347 1569 901 12348 2069 901 12349 2067 901 12350 2065 903 12351 2063 903 12352 1760 903 12353 2037 2999 12354 1688 2999 12355 1687 2999 12356 2036 850 12357 1688 850 12358 2037 850 12359 2057 2365 12360 1688 2365 12361 2036 2365 12362 1584 850 12363 2071 850 12364 1568 850 12365 1568 850 12366 2071 850 12367 2069 850 12368 1752 1698 12369 2061 1698 12370 1744 1698 12371 1644 1699 12372 1661 1699 12373 2039 1699 12374 1760 3000 12375 2061 3000 12376 1752 3000 12377 2063 850 12378 2061 850 12379 1760 850 12380 2057 1696 12381 1715 1696 12382 1688 1696 12383 1592 850 12384 2073 850 12385 1584 850 12386 2055 850 12387 1715 850 12388 2057 850 12389 1584 3001 12390 2073 3001 12391 2071 3001 12392 1661 850 12393 1678 850 12394 2039 850 12395 2039 862 12396 1678 862 12397 2043 862 12398 2043 910 12399 1678 910 12400 2047 910 12401 2061 1702 12402 2059 1702 12403 1744 1702 12404 2055 1703 12405 1710 1703 12406 1715 1703 12407 2059 850 12408 1736 850 12409 1744 850 12410 1600 3002 12411 2075 3002 12412 1592 3002 12413 1678 850 12414 1693 850 12415 2047 850 12416 2047 850 12417 1701 850 12418 2051 850 12419 1592 872 12420 2075 872 12421 2073 872 12422 2051 865 12423 1701 865 12424 2055 865 12425 2055 2371 12426 1701 2371 12427 1710 2371 12428 1693 850 12429 1701 850 12430 2047 850 12431 2059 909 12432 2053 909 12433 1736 909 12434 1608 850 12435 2077 850 12436 1600 850 12437 1600 850 12438 2077 850 12439 2075 850 12440 1736 850 12441 2049 850 12442 1728 850 12443 2053 906 12444 2049 906 12445 1736 906 12446 1616 850 12447 2079 850 12448 1608 850 12449 1608 3003 12450 2079 3003 12451 2077 3003 12452 2045 850 12453 1720 850 12454 2049 850 12455 2049 850 12456 1720 850 12457 1728 850 12458 1616 2375 12459 1624 2375 12460 2079 2375 12461 2079 850 12462 1624 850 12463 2030 850 12464 2045 1698 12465 1705 1698 12466 1720 1698 12467 2041 850 12468 1705 850 12469 2045 850 12470 2041 850 12471 2037 850 12472 1705 850 12473 1624 897 12474 1632 897 12475 2030 897 12476 2030 901 12477 1632 901 12478 2031 901 12479 2080 3004 12480 2081 3004 12481 2082 3004 12482 2080 3005 12483 2082 3005 12484 2083 3005 12485 2084 3006 12486 2083 3006 12487 2085 3006 12488 2084 3007 12489 2085 3007 12490 2086 3007 12491 2087 3008 12492 2088 3008 12493 2089 3008 12494 2087 3009 12495 2089 3009 12496 2090 3009 12497 2087 3010 12498 2090 3010 12499 2091 3010 12500 2087 3011 12501 2091 3011 12502 2092 3011 12503 2093 3012 12504 2092 3012 12505 2094 3012 12506 2093 3013 12507 2094 3013 12508 2095 3013 12509 2096 3014 12510 2095 3014 12511 2097 3014 12512 2096 3015 12513 2097 3015 12514 2098 3015 12515 2099 3016 12516 2098 3016 12517 2081 3016 12518 2099 3017 12519 2081 3017 12520 2080 3017 12521 2100 3018 12522 2083 3018 12523 2084 3018 12524 2100 3019 12525 2080 3019 12526 2083 3019 12527 2101 3020 12528 2086 3020 12529 2102 3020 12530 2101 3021 12531 2084 3021 12532 2086 3021 12533 2103 18 12534 2104 18 12535 2088 18 12536 2103 3022 12537 2088 3022 12538 2087 3022 12539 2103 3023 12540 2092 3023 12541 2093 3023 12542 2103 3024 12543 2087 3024 12544 2092 3024 12545 2105 3025 12546 2093 3025 12547 2095 3025 12548 2105 3026 12549 2095 3026 12550 2096 3026 12551 2106 3027 12552 2096 3027 12553 2098 3027 12554 2106 3028 12555 2098 3028 12556 2099 3028 12557 2107 3029 12558 2099 3029 12559 2080 3029 12560 2107 3030 12561 2080 3030 12562 2100 3030 12563 2108 3031 12564 2100 3031 12565 2084 3031 12566 2108 3032 12567 2084 3032 12568 2101 3032 12569 2109 3033 12570 2102 3033 12571 2110 3033 12572 2109 3034 12573 2101 3034 12574 2102 3034 12575 2111 3035 12576 2112 3035 12577 2104 3035 12578 2111 3036 12579 2104 3036 12580 2103 3036 12581 2111 3037 12582 2103 3037 12583 2093 3037 12584 2111 3038 12585 2093 3038 12586 2105 3038 12587 2113 3039 12588 2105 3039 12589 2096 3039 12590 2113 3040 12591 2096 3040 12592 2106 3040 12593 2114 3041 12594 2099 3041 12595 2107 3041 12596 2114 3042 12597 2106 3042 12598 2099 3042 12599 2115 3043 12600 2100 3043 12601 2108 3043 12602 2115 3044 12603 2107 3044 12604 2100 3044 12605 2116 3045 12606 2108 3045 12607 2101 3045 12608 2116 3046 12609 2101 3046 12610 2109 3046 12611 2117 3047 12612 2110 3047 12613 2118 3047 12614 2117 3048 12615 2109 3048 12616 2110 3048 12617 2119 3049 12618 2120 3049 12619 2112 3049 12620 2119 3050 12621 2105 3050 12622 2113 3050 12623 2119 3051 12624 2112 3051 12625 2111 3051 12626 2119 3052 12627 2111 3052 12628 2105 3052 12629 2121 3053 12630 2113 3053 12631 2106 3053 12632 2121 51 12633 2106 51 12634 2114 51 12635 2122 3054 12636 2114 3054 12637 2107 3054 12638 2122 3055 12639 2107 3055 12640 2115 3055 12641 2123 3056 12642 2108 3056 12643 2116 3056 12644 2123 3057 12645 2115 3057 12646 2108 3057 12647 2124 3058 12648 2109 3058 12649 2117 3058 12650 2124 3059 12651 2116 3059 12652 2109 3059 12653 2125 3060 12654 2118 3060 12655 2126 3060 12656 2125 3061 12657 2117 3061 12658 2118 3061 12659 2127 3062 12660 2119 3062 12661 2113 3062 12662 2127 61 12663 2128 61 12664 2120 61 12665 2127 3063 12666 2120 3063 12667 2119 3063 12668 2127 3064 12669 2113 3064 12670 2121 3064 12671 2129 3065 12672 2121 3065 12673 2114 3065 12674 2129 3066 12675 2114 3066 12676 2122 3066 12677 2130 3067 12678 2122 3067 12679 2115 3067 12680 2130 3068 12681 2115 3068 12682 2123 3068 12683 2131 3069 12684 2116 3069 12685 2124 3069 12686 2131 3070 12687 2123 3070 12688 2116 3070 12689 2132 3071 12690 2124 3071 12691 2117 3071 12692 2132 3072 12693 2117 3072 12694 2125 3072 12695 2133 3073 12696 2125 3073 12697 2126 3073 12698 2133 3074 12699 2126 3074 12700 2134 3074 12701 2135 3075 12702 2136 3075 12703 2128 3075 12704 2135 3076 12705 2128 3076 12706 2127 3076 12707 2135 3077 12708 2127 3077 12709 2121 3077 12710 2135 3078 12711 2121 3078 12712 2129 3078 12713 2137 3079 12714 2129 3079 12715 2122 3079 12716 2137 3080 12717 2122 3080 12718 2130 3080 12719 2138 3081 12720 2130 3081 12721 2123 3081 12722 2138 3082 12723 2123 3082 12724 2131 3082 12725 2139 3083 12726 2131 3083 12727 2124 3083 12728 2139 3084 12729 2124 3084 12730 2132 3084 12731 2140 3085 12732 2125 3085 12733 2133 3085 12734 2140 3086 12735 2132 3086 12736 2125 3086 12737 2141 3087 12738 2133 3087 12739 2134 3087 12740 2141 3088 12741 2134 3088 12742 2142 3088 12743 2143 3089 12744 2144 3089 12745 2136 3089 12746 2143 3090 12747 2136 3090 12748 2135 3090 12749 2143 3091 12750 2135 3091 12751 2129 3091 12752 2143 3092 12753 2129 3092 12754 2137 3092 12755 2145 3093 12756 2130 3093 12757 2138 3093 12758 2145 3094 12759 2137 3094 12760 2130 3094 12761 2146 3095 12762 2138 3095 12763 2131 3095 12764 2146 3096 12765 2131 3096 12766 2139 3096 12767 2147 3097 12768 2139 3097 12769 2132 3097 12770 2147 3098 12771 2132 3098 12772 2140 3098 12773 2148 3099 12774 2140 3099 12775 2133 3099 12776 2148 3100 12777 2133 3100 12778 2141 3100 12779 2149 3101 12780 2142 3101 12781 2150 3101 12782 2149 3102 12783 2141 3102 12784 2142 3102 12785 2151 102 12786 2152 102 12787 2144 102 12788 2151 3103 12789 2143 3103 12790 2137 3103 12791 2151 3104 12792 2137 3104 12793 2145 3104 12794 2151 3105 12795 2144 3105 12796 2143 3105 12797 2153 3106 12798 2145 3106 12799 2138 3106 12800 2153 3107 12801 2138 3107 12802 2146 3107 12803 2154 3108 12804 2146 3108 12805 2139 3108 12806 2154 3109 12807 2139 3109 12808 2147 3109 12809 2155 3110 12810 2140 3110 12811 2148 3110 12812 2155 3111 12813 2147 3111 12814 2140 3111 12815 2156 3112 12816 2141 3112 12817 2149 3112 12818 2156 3113 12819 2148 3113 12820 2141 3113 12821 2157 3114 12822 2150 3114 12823 2158 3114 12824 2157 3115 12825 2149 3115 12826 2150 3115 12827 2159 3116 12828 2160 3116 12829 2161 3116 12830 2159 3117 12831 2161 3117 12832 2162 3117 12833 2163 118 12834 2164 118 12835 2152 118 12836 2163 3118 12837 2152 3118 12838 2151 3118 12839 2163 3119 12840 2151 3119 12841 2145 3119 12842 2165 3120 12843 2160 3120 12844 2159 3120 12845 2163 3121 12846 2145 3121 12847 2153 3121 12848 2166 3122 12849 2153 3122 12850 2146 3122 12851 2165 3123 12852 2167 3123 12853 2160 3123 12854 2166 3124 12855 2146 3124 12856 2154 3124 12857 2168 3125 12858 2159 3125 12859 2162 3125 12860 2169 3126 12861 2154 3126 12862 2147 3126 12863 2168 3127 12864 2162 3127 12865 2170 3127 12866 2169 3128 12867 2147 3128 12868 2155 3128 12869 2171 3129 12870 2172 3129 12871 2167 3129 12872 2171 3130 12873 2167 3130 12874 2165 3130 12875 2173 3131 12876 2155 3131 12877 2148 3131 12878 2173 3132 12879 2148 3132 12880 2156 3132 12881 2174 3133 12882 2165 3133 12883 2159 3133 12884 2175 3134 12885 2156 3134 12886 2149 3134 12887 2174 3135 12888 2159 3135 12889 2168 3135 12890 2175 3136 12891 2149 3136 12892 2157 3136 12893 2176 3137 12894 2170 3137 12895 2177 3137 12896 2178 3138 12897 2158 3138 12898 2179 3138 12899 2178 3139 12900 2157 3139 12901 2158 3139 12902 2176 3140 12903 2168 3140 12904 2170 3140 12905 2180 3141 12906 2181 3141 12907 2164 3141 12908 2180 3142 12909 2153 3142 12910 2166 3142 12911 2182 3143 12912 2183 3143 12913 2172 3143 12914 2180 3144 12915 2164 3144 12916 2163 3144 12917 2182 3145 12918 2172 3145 12919 2171 3145 12920 2180 3146 12921 2163 3146 12922 2153 3146 12923 2184 3147 12924 2165 3147 12925 2174 3147 12926 2185 3148 12927 2154 3148 12928 2169 3148 12929 2185 3149 12930 2166 3149 12931 2154 3149 12932 2184 3150 12933 2171 3150 12934 2165 3150 12935 2186 3151 12936 2169 3151 12937 2155 3151 12938 2187 3152 12939 2174 3152 12940 2168 3152 12941 2186 3153 12942 2155 3153 12943 2173 3153 12944 2187 3154 12945 2168 3154 12946 2176 3154 12947 2188 3155 12948 2173 3155 12949 2156 3155 12950 2189 3156 12951 2177 3156 12952 2190 3156 12953 2188 3157 12954 2156 3157 12955 2175 3157 12956 2189 3158 12957 2176 3158 12958 2177 3158 12959 2191 3159 12960 2157 3159 12961 2178 3159 12962 2192 3160 12963 2193 3160 12964 2183 3160 12965 2192 3161 12966 2183 3161 12967 2182 3161 12968 2191 3162 12969 2175 3162 12970 2157 3162 12971 2194 3163 12972 2178 3163 12973 2179 3163 12974 2194 3164 12975 2179 3164 12976 2195 3164 12977 2194 3165 12978 2195 3165 12979 2161 3165 12980 2196 3166 12981 2182 3166 12982 2171 3166 12983 2194 3167 12984 2161 3167 12985 2160 3167 12986 2196 3168 12987 2171 3168 12988 2184 3168 12989 2197 3169 12990 2166 3169 12991 2185 3169 12992 2197 171 12993 2198 171 12994 2181 171 12995 2197 3170 12996 2181 3170 12997 2180 3170 12998 2197 3171 12999 2180 3171 13000 2166 3171 13001 2199 3172 13002 2184 3172 13003 2174 3172 13004 2199 3173 13005 2174 3173 13006 2187 3173 13007 2200 3174 13008 2169 3174 13009 2186 3174 13010 2201 3175 13011 2187 3175 13012 2176 3175 13013 2200 3176 13014 2185 3176 13015 2169 3176 13016 2202 3177 13017 2186 3177 13018 2173 3177 13019 2202 3178 13020 2173 3178 13021 2188 3178 13022 2201 3179 13023 2176 3179 13024 2189 3179 13025 2203 3180 13026 2190 3180 13027 2204 3180 13028 2205 3181 13029 2175 3181 13030 2191 3181 13031 2205 3182 13032 2188 3182 13033 2175 3182 13034 2203 3183 13035 2189 3183 13036 2190 3183 13037 2206 3184 13038 2207 3184 13039 2208 3184 13040 2206 3185 13041 2208 3185 13042 2209 3185 13043 2206 3186 13044 2209 3186 13045 2193 3186 13046 2206 3187 13047 2193 3187 13048 2192 3187 13049 2210 3188 13050 2191 3188 13051 2178 3188 13052 2210 3189 13053 2178 3189 13054 2194 3189 13055 2210 3190 13056 2194 3190 13057 2160 3190 13058 2211 193 13059 2182 193 13060 2196 193 13061 2210 3191 13062 2160 3191 13063 2167 3191 13064 2211 3192 13065 2192 3192 13066 2182 3192 13067 2212 3193 13068 2198 3193 13069 2197 3193 13070 2212 3194 13071 2213 3194 13072 2198 3194 13073 2214 3195 13074 2196 3195 13075 2184 3195 13076 2212 3196 13077 2185 3196 13078 2200 3196 13079 2212 3197 13080 2197 3197 13081 2185 3197 13082 2215 3198 13083 2186 3198 13084 2202 3198 13085 2214 3199 13086 2184 3199 13087 2199 3199 13088 2215 3200 13089 2200 3200 13090 2186 3200 13091 2216 3201 13092 2188 3201 13093 2205 3201 13094 2217 3202 13095 2199 3202 13096 2187 3202 13097 2217 3203 13098 2187 3203 13099 2201 3203 13100 2216 3204 13101 2202 3204 13102 2188 3204 13103 2218 3205 13104 2205 3205 13105 2191 3205 13106 2218 3206 13107 2191 3206 13108 2210 3206 13109 2219 3207 13110 2201 3207 13111 2189 3207 13112 2219 3208 13113 2189 3208 13114 2203 3208 13115 2218 3209 13116 2210 3209 13117 2167 3209 13118 2218 3210 13119 2167 3210 13120 2172 3210 13121 2220 3211 13122 2221 3211 13123 2213 3211 13124 2222 3212 13125 2204 3212 13126 2223 3212 13127 2220 3213 13128 2212 3213 13129 2200 3213 13130 2220 3214 13131 2213 3214 13132 2212 3214 13133 2220 3215 13134 2200 3215 13135 2215 3215 13136 2222 3216 13137 2203 3216 13138 2204 3216 13139 2224 220 13140 2225 220 13141 2207 220 13142 2226 3217 13143 2215 3217 13144 2202 3217 13145 2224 3218 13146 2207 3218 13147 2206 3218 13148 2226 3219 13149 2202 3219 13150 2216 3219 13151 2224 3220 13152 2192 3220 13153 2211 3220 13154 2224 3221 13155 2206 3221 13156 2192 3221 13157 2227 3222 13158 2216 3222 13159 2205 3222 13160 2227 3223 13161 2205 3223 13162 2218 3223 13163 2228 3224 13164 2211 3224 13165 2196 3224 13166 2227 3225 13167 2218 3225 13168 2172 3225 13169 2228 3226 13170 2196 3226 13171 2214 3226 13172 2227 3227 13173 2172 3227 13174 2183 3227 13175 2229 232 13176 2230 232 13177 2221 232 13178 2231 3228 13179 2214 3228 13180 2199 3228 13181 2229 3229 13182 2221 3229 13183 2220 3229 13184 2231 3230 13185 2199 3230 13186 2217 3230 13187 2229 3231 13188 2220 3231 13189 2215 3231 13190 2229 3232 13191 2215 3232 13192 2226 3232 13193 2232 3233 13194 2226 3233 13195 2216 3233 13196 2232 3234 13197 2183 3234 13198 2193 3234 13199 2233 3235 13200 2201 3235 13201 2219 3235 13202 2232 3236 13203 2227 3236 13204 2183 3236 13205 2233 3237 13206 2217 3237 13207 2201 3237 13208 2232 3238 13209 2216 3238 13210 2227 3238 13211 2234 3239 13212 2235 3239 13213 2230 3239 13214 2234 3240 13215 2208 3240 13216 2235 3240 13217 2234 3241 13218 2232 3241 13219 2193 3241 13220 2234 3242 13221 2209 3242 13222 2208 3242 13223 2234 3243 13224 2230 3243 13225 2229 3243 13226 2234 3244 13227 2226 3244 13228 2232 3244 13229 2236 3245 13230 2219 3245 13231 2203 3245 13232 2234 3246 13233 2193 3246 13234 2209 3246 13235 2234 3247 13236 2229 3247 13237 2226 3247 13238 2236 3248 13239 2203 3248 13240 2222 3248 13241 2237 3249 13242 2222 3249 13243 2223 3249 13244 2237 3250 13245 2223 3250 13246 2238 3250 13247 2239 256 13248 2240 256 13249 2225 256 13250 2239 3251 13251 2211 3251 13252 2228 3251 13253 2239 3252 13254 2225 3252 13255 2224 3252 13256 2239 3253 13257 2224 3253 13258 2211 3253 13259 2241 3254 13260 2214 3254 13261 2231 3254 13262 2241 3255 13263 2228 3255 13264 2214 3255 13265 2242 3256 13266 2217 3256 13267 2233 3256 13268 2242 3257 13269 2231 3257 13270 2217 3257 13271 2243 3258 13272 2233 3258 13273 2219 3258 13274 2243 3259 13275 2219 3259 13276 2236 3259 13277 2244 3260 13278 2236 3260 13279 2222 3260 13280 2244 3261 13281 2222 3261 13282 2237 3261 13283 2245 3262 13284 2237 3262 13285 2238 3262 13286 2245 3263 13287 2238 3263 13288 2246 3263 13289 2247 270 13290 2248 270 13291 2240 270 13292 2247 3264 13293 2239 3264 13294 2228 3264 13295 2247 3265 13296 2228 3265 13297 2241 3265 13298 2247 3266 13299 2240 3266 13300 2239 3266 13301 2249 3267 13302 2231 3267 13303 2242 3267 13304 2249 3268 13305 2241 3268 13306 2231 3268 13307 2250 3269 13308 2233 3269 13309 2243 3269 13310 2250 3270 13311 2242 3270 13312 2233 3270 13313 2251 3271 13314 2236 3271 13315 2244 3271 13316 2251 3272 13317 2243 3272 13318 2236 3272 13319 2252 3273 13320 2244 3273 13321 2237 3273 13322 2252 3274 13323 2237 3274 13324 2245 3274 13325 2253 3275 13326 2245 3275 13327 2246 3275 13328 2253 3276 13329 2246 3276 13330 2254 3276 13331 2255 284 13332 2256 284 13333 2248 284 13334 2255 3277 13335 2248 3277 13336 2247 3277 13337 2255 3278 13338 2241 3278 13339 2249 3278 13340 2255 3279 13341 2247 3279 13342 2241 3279 13343 2257 3280 13344 2249 3280 13345 2242 3280 13346 2257 3281 13347 2242 3281 13348 2250 3281 13349 2258 3282 13350 2250 3282 13351 2243 3282 13352 2258 3283 13353 2243 3283 13354 2251 3283 13355 2259 3284 13356 2244 3284 13357 2252 3284 13358 2259 3285 13359 2251 3285 13360 2244 3285 13361 2260 3286 13362 2245 3286 13363 2253 3286 13364 2260 3287 13365 2252 3287 13366 2245 3287 13367 2261 3288 13368 2254 3288 13369 2262 3288 13370 2261 3289 13371 2253 3289 13372 2254 3289 13373 2263 298 13374 2264 298 13375 2256 298 13376 2263 3290 13377 2249 3290 13378 2257 3290 13379 2263 3291 13380 2256 3291 13381 2255 3291 13382 2263 3292 13383 2255 3292 13384 2249 3292 13385 2265 3293 13386 2257 3293 13387 2250 3293 13388 2265 3294 13389 2250 3294 13390 2258 3294 13391 2266 3295 13392 2258 3295 13393 2251 3295 13394 2266 3296 13395 2251 3296 13396 2259 3296 13397 2267 3297 13398 2252 3297 13399 2260 3297 13400 2267 3298 13401 2259 3298 13402 2252 3298 13403 2268 3299 13404 2260 3299 13405 2253 3299 13406 2268 3300 13407 2253 3300 13408 2261 3300 13409 2269 3301 13410 2262 3301 13411 2270 3301 13412 2269 3302 13413 2261 3302 13414 2262 3302 13415 2271 3303 13416 2272 3303 13417 2264 3303 13418 2271 3304 13419 2264 3304 13420 2263 3304 13421 2271 3305 13422 2263 3305 13423 2257 3305 13424 2271 3306 13425 2257 3306 13426 2265 3306 13427 2273 3307 13428 2265 3307 13429 2258 3307 13430 2273 3308 13431 2258 3308 13432 2266 3308 13433 2274 3309 13434 2266 3309 13435 2259 3309 13436 2274 3310 13437 2259 3310 13438 2267 3310 13439 2275 3311 13440 2260 3311 13441 2268 3311 13442 2275 3312 13443 2267 3312 13444 2260 3312 13445 2276 3313 13446 2268 3313 13447 2261 3313 13448 2276 3314 13449 2261 3314 13450 2269 3314 13451 2277 3315 13452 2270 3315 13453 2278 3315 13454 2277 3316 13455 2269 3316 13456 2270 3316 13457 2279 3317 13458 2280 3317 13459 2272 3317 13460 2279 3318 13461 2272 3318 13462 2271 3318 13463 2279 3319 13464 2271 3319 13465 2265 3319 13466 2279 3320 13467 2265 3320 13468 2273 3320 13469 2281 3321 13470 2266 3321 13471 2274 3321 13472 2281 3322 13473 2273 3322 13474 2266 3322 13475 2282 3323 13476 2274 3323 13477 2267 3323 13478 2282 3324 13479 2267 3324 13480 2275 3324 13481 2283 3325 13482 2268 3325 13483 2276 3325 13484 2283 3326 13485 2275 3326 13486 2268 3326 13487 2284 3327 13488 2276 3327 13489 2269 3327 13490 2284 3328 13491 2269 3328 13492 2277 3328 13493 2082 3329 13494 2278 3329 13495 2285 3329 13496 2082 3330 13497 2277 3330 13498 2278 3330 13499 2286 3331 13500 2279 3331 13501 2273 3331 13502 2286 3332 13503 2287 3332 13504 2280 3332 13505 2286 3333 13506 2280 3333 13507 2279 3333 13508 2286 3334 13509 2273 3334 13510 2281 3334 13511 2091 3335 13512 2281 3335 13513 2274 3335 13514 2091 345 13515 2274 345 13516 2282 345 13517 2094 3336 13518 2282 3336 13519 2275 3336 13520 2094 3337 13521 2275 3337 13522 2283 3337 13523 2097 3338 13524 2283 3338 13525 2276 3338 13526 2097 3339 13527 2276 3339 13528 2284 3339 13529 2081 3340 13530 2284 3340 13531 2277 3340 13532 2081 3341 13533 2277 3341 13534 2082 3341 13535 2083 3342 13536 2082 3342 13537 2285 3342 13538 2083 3343 13539 2285 3343 13540 2085 3343 13541 2090 3344 13542 2089 3344 13543 2287 3344 13544 2090 3345 13545 2287 3345 13546 2286 3345 13547 2090 3346 13548 2281 3346 13549 2091 3346 13550 2090 3347 13551 2286 3347 13552 2281 3347 13553 2092 3348 13554 2282 3348 13555 2094 3348 13556 2092 3349 13557 2091 3349 13558 2282 3349 13559 2095 3350 13560 2094 3350 13561 2283 3350 13562 2095 3351 13563 2283 3351 13564 2097 3351 13565 2098 3352 13566 2284 3352 13567 2081 3352 13568 2098 3353 13569 2097 3353 13570 2284 3353 13571 2288 3354 13572 2289 3354 13573 2290 3354 13574 2289 365 13575 2291 365 13576 2290 365 13577 2290 366 13578 2291 366 13579 2292 366 13580 2293 3355 13581 2294 3355 13582 2295 3355 13583 2291 368 13584 2296 368 13585 2292 368 13586 2292 368 13587 2296 368 13588 2297 368 13589 2295 3356 13590 2298 3356 13591 2299 3356 13592 2294 3357 13593 2298 3357 13594 2295 3357 13595 2296 371 13596 2300 371 13597 2297 371 13598 2297 3358 13599 2300 3358 13600 2301 3358 13601 2298 3359 13602 2302 3359 13603 2299 3359 13604 2300 374 13605 2303 374 13606 2301 374 13607 2301 375 13608 2303 375 13609 2304 375 13610 2299 3360 13611 2305 3360 13612 2306 3360 13613 2302 376 13614 2305 376 13615 2299 376 13616 2303 3361 13617 2307 3361 13618 2304 3361 13619 2304 3362 13620 2307 3362 13621 2308 3362 13622 2306 3363 13623 2309 3363 13624 2310 3363 13625 2310 380 13626 2309 380 13627 2311 380 13628 2305 3364 13629 2309 3364 13630 2306 3364 13631 2308 3365 13632 2312 3365 13633 2313 3365 13634 2307 383 13635 2312 383 13636 2308 383 13637 2309 384 13638 2314 384 13639 2311 384 13640 2313 3366 13641 2315 3366 13642 2316 3366 13643 2312 3367 13644 2315 3367 13645 2313 3367 13646 2315 3368 13647 2294 3368 13648 2316 3368 13649 2316 3369 13650 2294 3369 13651 2293 3369 13652 2311 3370 13653 2317 3370 13654 2318 3370 13655 2318 390 13656 2317 390 13657 2319 390 13658 2314 391 13659 2317 391 13660 2311 391 13661 2319 392 13662 2320 392 13663 2321 392 13664 2317 390 13665 2320 390 13666 2319 390 13667 2321 3371 13668 2322 3371 13669 2323 3371 13670 2320 394 13671 2322 394 13672 2321 394 13673 2323 3372 13674 2324 3372 13675 2325 3372 13676 2322 3373 13677 2324 3373 13678 2323 3373 13679 2324 3374 13680 2326 3374 13681 2325 3374 13682 2326 398 13683 2327 398 13684 2325 398 13685 2325 3375 13686 2327 3375 13687 2328 3375 13688 2327 3376 13689 2329 3376 13690 2328 3376 13691 2328 3377 13692 2329 3377 13693 2330 3377 13694 2329 3378 13695 2331 3378 13696 2330 3378 13697 2330 3379 13698 2331 3379 13699 2332 3379 13700 2331 3380 13701 2333 3380 13702 2332 3380 13703 2332 3381 13704 2333 3381 13705 2334 3381 13706 2333 3382 13707 2335 3382 13708 2334 3382 13709 2334 3383 13710 2335 3383 13711 2336 3383 13712 2335 407 13713 2337 407 13714 2336 407 13715 2336 3384 13716 2337 3384 13717 2338 3384 13718 2337 3385 13719 2339 3385 13720 2338 3385 13721 2338 3386 13722 2339 3386 13723 2288 3386 13724 2339 3387 13725 2289 3387 13726 2288 3387 13727 2340 3388 13728 2341 3388 13729 2342 3388 13730 2340 3389 13731 2342 3389 13732 2343 3389 13733 2344 3390 13734 2343 3390 13735 2345 3390 13736 2344 415 13737 2345 415 13738 2346 415 13739 2347 3391 13740 2348 3391 13741 2349 3391 13742 2347 3392 13743 2349 3392 13744 2350 3392 13745 2347 3393 13746 2350 3393 13747 2351 3393 13748 2347 3394 13749 2351 3394 13750 2352 3394 13751 2353 3395 13752 2352 3395 13753 2354 3395 13754 2353 3396 13755 2354 3396 13756 2355 3396 13757 2356 3397 13758 2355 3397 13759 2357 3397 13760 2356 3398 13761 2357 3398 13762 2358 3398 13763 2359 3399 13764 2358 3399 13765 2341 3399 13766 2359 3400 13767 2341 3400 13768 2340 3400 13769 2360 3401 13770 2343 3401 13771 2344 3401 13772 2360 3402 13773 2340 3402 13774 2343 3402 13775 2361 3403 13776 2346 3403 13777 2362 3403 13778 2361 3404 13779 2344 3404 13780 2346 3404 13781 2363 3405 13782 2364 3405 13783 2348 3405 13784 2363 3406 13785 2348 3406 13786 2347 3406 13787 2363 3407 13788 2352 3407 13789 2353 3407 13790 2363 3408 13791 2347 3408 13792 2352 3408 13793 2365 3409 13794 2353 3409 13795 2355 3409 13796 2365 3410 13797 2355 3410 13798 2356 3410 13799 2366 3411 13800 2356 3411 13801 2358 3411 13802 2366 3412 13803 2358 3412 13804 2359 3412 13805 2367 3413 13806 2359 3413 13807 2340 3413 13808 2367 3414 13809 2340 3414 13810 2360 3414 13811 2368 3415 13812 2360 3415 13813 2344 3415 13814 2368 3416 13815 2344 3416 13816 2361 3416 13817 2369 3417 13818 2362 3417 13819 2370 3417 13820 2369 3418 13821 2361 3418 13822 2362 3418 13823 2371 3419 13824 2372 3419 13825 2364 3419 13826 2371 3420 13827 2364 3420 13828 2363 3420 13829 2371 3421 13830 2363 3421 13831 2353 3421 13832 2371 3422 13833 2353 3422 13834 2365 3422 13835 2373 3423 13836 2365 3423 13837 2356 3423 13838 2373 3424 13839 2356 3424 13840 2366 3424 13841 2374 3425 13842 2359 3425 13843 2367 3425 13844 2374 3426 13845 2366 3426 13846 2359 3426 13847 2375 3427 13848 2360 3427 13849 2368 3427 13850 2375 3428 13851 2367 3428 13852 2360 3428 13853 2376 3429 13854 2368 3429 13855 2361 3429 13856 2376 3430 13857 2361 3430 13858 2369 3430 13859 2377 3431 13860 2370 3431 13861 2378 3431 13862 2377 3432 13863 2369 3432 13864 2370 3432 13865 2379 3433 13866 2380 3433 13867 2372 3433 13868 2379 3434 13869 2365 3434 13870 2373 3434 13871 2379 3435 13872 2372 3435 13873 2371 3435 13874 2379 3436 13875 2371 3436 13876 2365 3436 13877 2381 3437 13878 2373 3437 13879 2366 3437 13880 2381 3438 13881 2366 3438 13882 2374 3438 13883 2382 3439 13884 2374 3439 13885 2367 3439 13886 2382 3440 13887 2367 3440 13888 2375 3440 13889 2383 3441 13890 2368 3441 13891 2376 3441 13892 2383 467 13893 2375 467 13894 2368 467 13895 2384 3442 13896 2369 3442 13897 2377 3442 13898 2384 3443 13899 2376 3443 13900 2369 3443 13901 2385 3444 13902 2378 3444 13903 2386 3444 13904 2385 3445 13905 2377 3445 13906 2378 3445 13907 2387 3446 13908 2379 3446 13909 2373 3446 13910 2387 3447 13911 2388 3447 13912 2380 3447 13913 2387 3448 13914 2380 3448 13915 2379 3448 13916 2387 3449 13917 2373 3449 13918 2381 3449 13919 2389 3450 13920 2381 3450 13921 2374 3450 13922 2389 3451 13923 2374 3451 13924 2382 3451 13925 2390 3452 13926 2382 3452 13927 2375 3452 13928 2390 3453 13929 2375 3453 13930 2383 3453 13931 2391 3454 13932 2376 3454 13933 2384 3454 13934 2391 3455 13935 2383 3455 13936 2376 3455 13937 2392 3456 13938 2384 3456 13939 2377 3456 13940 2392 3457 13941 2377 3457 13942 2385 3457 13943 2393 3458 13944 2385 3458 13945 2386 3458 13946 2393 3459 13947 2386 3459 13948 2394 3459 13949 2395 3460 13950 2396 3460 13951 2388 3460 13952 2395 3461 13953 2388 3461 13954 2387 3461 13955 2395 3462 13956 2387 3462 13957 2381 3462 13958 2395 3463 13959 2381 3463 13960 2389 3463 13961 2397 3464 13962 2389 3464 13963 2382 3464 13964 2397 3465 13965 2382 3465 13966 2390 3465 13967 2398 3466 13968 2390 3466 13969 2383 3466 13970 2398 3467 13971 2383 3467 13972 2391 3467 13973 2399 3468 13974 2391 3468 13975 2384 3468 13976 2399 3469 13977 2384 3469 13978 2392 3469 13979 2400 3470 13980 2385 3470 13981 2393 3470 13982 2400 3471 13983 2392 3471 13984 2385 3471 13985 2401 3472 13986 2393 3472 13987 2394 3472 13988 2401 499 13989 2394 499 13990 2402 499 13991 2403 3473 13992 2404 3473 13993 2396 3473 13994 2403 3474 13995 2396 3474 13996 2395 3474 13997 2403 3475 13998 2395 3475 13999 2389 3475 14000 2403 3476 14001 2389 3476 14002 2397 3476 14003 2405 3477 14004 2390 3477 14005 2398 3477 14006 2405 3478 14007 2397 3478 14008 2390 3478 14009 2406 3479 14010 2398 3479 14011 2391 3479 14012 2406 3480 14013 2391 3480 14014 2399 3480 14015 2407 3481 14016 2399 3481 14017 2392 3481 14018 2407 509 14019 2392 509 14020 2400 509 14021 2408 3482 14022 2400 3482 14023 2393 3482 14024 2408 3483 14025 2393 3483 14026 2401 3483 14027 2409 3484 14028 2402 3484 14029 2410 3484 14030 2409 3485 14031 2401 3485 14032 2402 3485 14033 2411 3486 14034 2412 3486 14035 2404 3486 14036 2411 3487 14037 2403 3487 14038 2397 3487 14039 2411 3488 14040 2397 3488 14041 2405 3488 14042 2411 3489 14043 2404 3489 14044 2403 3489 14045 2413 3490 14046 2405 3490 14047 2398 3490 14048 2413 3491 14049 2398 3491 14050 2406 3491 14051 2414 3492 14052 2406 3492 14053 2399 3492 14054 2414 3493 14055 2399 3493 14056 2407 3493 14057 2415 522 14058 2400 522 14059 2408 522 14060 2415 3494 14061 2407 3494 14062 2400 3494 14063 2416 3495 14064 2401 3495 14065 2409 3495 14066 2416 3496 14067 2408 3496 14068 2401 3496 14069 2417 3497 14070 2410 3497 14071 2418 3497 14072 2417 3498 14073 2409 3498 14074 2410 3498 14075 2419 3499 14076 2420 3499 14077 2421 3499 14078 2419 3500 14079 2421 3500 14080 2422 3500 14081 2423 3501 14082 2424 3501 14083 2412 3501 14084 2423 3502 14085 2412 3502 14086 2411 3502 14087 2423 3503 14088 2411 3503 14089 2405 3503 14090 2425 3504 14091 2420 3504 14092 2419 3504 14093 2423 3505 14094 2405 3505 14095 2413 3505 14096 2426 3506 14097 2413 3506 14098 2406 3506 14099 2425 3507 14100 2427 3507 14101 2420 3507 14102 2426 1417 14103 2406 1417 14104 2414 1417 14105 2428 3508 14106 2419 3508 14107 2422 3508 14108 2429 3509 14109 2414 3509 14110 2407 3509 14111 2428 540 14112 2422 540 14113 2430 540 14114 2429 3510 14115 2407 3510 14116 2415 3510 14117 2431 3511 14118 2432 3511 14119 2427 3511 14120 2431 3512 14121 2427 3512 14122 2425 3512 14123 2433 3513 14124 2415 3513 14125 2408 3513 14126 2433 3514 14127 2408 3514 14128 2416 3514 14129 2434 3515 14130 2425 3515 14131 2419 3515 14132 2435 3516 14133 2416 3516 14134 2409 3516 14135 2434 3517 14136 2419 3517 14137 2428 3517 14138 2435 3518 14139 2409 3518 14140 2417 3518 14141 2436 550 14142 2430 550 14143 2437 550 14144 2438 551 14145 2418 551 14146 2439 551 14147 2438 3519 14148 2417 3519 14149 2418 3519 14150 2436 3520 14151 2428 3520 14152 2430 3520 14153 2440 3521 14154 2441 3521 14155 2424 3521 14156 2440 3522 14157 2413 3522 14158 2426 3522 14159 2442 3523 14160 2443 3523 14161 2432 3523 14162 2440 3524 14163 2424 3524 14164 2423 3524 14165 2442 3525 14166 2432 3525 14167 2431 3525 14168 2440 3526 14169 2423 3526 14170 2413 3526 14171 2444 560 14172 2425 560 14173 2434 560 14174 2445 3527 14175 2414 3527 14176 2429 3527 14177 2445 3528 14178 2426 3528 14179 2414 3528 14180 2444 3529 14181 2431 3529 14182 2425 3529 14183 2446 3530 14184 2429 3530 14185 2415 3530 14186 2447 3531 14187 2434 3531 14188 2428 3531 14189 2446 3532 14190 2415 3532 14191 2433 3532 14192 2447 3533 14193 2428 3533 14194 2436 3533 14195 2448 3534 14196 2433 3534 14197 2416 3534 14198 2449 3535 14199 2437 3535 14200 2450 3535 14201 2448 3536 14202 2416 3536 14203 2435 3536 14204 2449 3537 14205 2436 3537 14206 2437 3537 14207 2451 3538 14208 2417 3538 14209 2438 3538 14210 2452 3539 14211 2453 3539 14212 2443 3539 14213 2452 3540 14214 2443 3540 14215 2442 3540 14216 2451 3541 14217 2435 3541 14218 2417 3541 14219 2454 3542 14220 2438 3542 14221 2439 3542 14222 2454 3543 14223 2439 3543 14224 2455 3543 14225 2454 3544 14226 2455 3544 14227 2421 3544 14228 2456 3545 14229 2442 3545 14230 2431 3545 14231 2454 3546 14232 2421 3546 14233 2420 3546 14234 2456 3547 14235 2431 3547 14236 2444 3547 14237 2457 3548 14238 2426 3548 14239 2445 3548 14240 2457 3549 14241 2458 3549 14242 2441 3549 14243 2457 3550 14244 2441 3550 14245 2440 3550 14246 2457 3551 14247 2440 3551 14248 2426 3551 14249 2459 3552 14250 2444 3552 14251 2434 3552 14252 2459 3553 14253 2434 3553 14254 2447 3553 14255 2460 3554 14256 2429 3554 14257 2446 3554 14258 2461 3555 14259 2447 3555 14260 2436 3555 14261 2460 3556 14262 2445 3556 14263 2429 3556 14264 2462 3557 14265 2446 3557 14266 2433 3557 14267 2462 3558 14268 2433 3558 14269 2448 3558 14270 2461 3559 14271 2436 3559 14272 2449 3559 14273 2463 3560 14274 2450 3560 14275 2464 3560 14276 2465 3561 14277 2435 3561 14278 2451 3561 14279 2465 3562 14280 2448 3562 14281 2435 3562 14282 2463 3563 14283 2449 3563 14284 2450 3563 14285 2466 3564 14286 2467 3564 14287 2468 3564 14288 2466 3565 14289 2468 3565 14290 2469 3565 14291 2466 3566 14292 2469 3566 14293 2453 3566 14294 2466 3567 14295 2453 3567 14296 2452 3567 14297 2470 3568 14298 2451 3568 14299 2438 3568 14300 2470 3569 14301 2438 3569 14302 2454 3569 14303 2470 3570 14304 2454 3570 14305 2420 3570 14306 2471 3571 14307 2442 3571 14308 2456 3571 14309 2470 3572 14310 2420 3572 14311 2427 3572 14312 2471 3573 14313 2452 3573 14314 2442 3573 14315 2472 3574 14316 2458 3574 14317 2457 3574 14318 2472 3575 14319 2473 3575 14320 2458 3575 14321 2474 3576 14322 2456 3576 14323 2444 3576 14324 2472 3577 14325 2445 3577 14326 2460 3577 14327 2472 3578 14328 2457 3578 14329 2445 3578 14330 2475 3579 14331 2446 3579 14332 2462 3579 14333 2474 3580 14334 2444 3580 14335 2459 3580 14336 2475 3581 14337 2460 3581 14338 2446 3581 14339 2476 3582 14340 2448 3582 14341 2465 3582 14342 2477 3583 14343 2459 3583 14344 2447 3583 14345 2477 3584 14346 2447 3584 14347 2461 3584 14348 2476 3585 14349 2462 3585 14350 2448 3585 14351 2478 3586 14352 2465 3586 14353 2451 3586 14354 2478 621 14355 2451 621 14356 2470 621 14357 2479 3587 14358 2461 3587 14359 2449 3587 14360 2479 3588 14361 2449 3588 14362 2463 3588 14363 2478 3589 14364 2470 3589 14365 2427 3589 14366 2478 3590 14367 2427 3590 14368 2432 3590 14369 2480 3591 14370 2481 3591 14371 2473 3591 14372 2482 627 14373 2464 627 14374 2483 627 14375 2480 3592 14376 2472 3592 14377 2460 3592 14378 2480 3593 14379 2473 3593 14380 2472 3593 14381 2480 3594 14382 2460 3594 14383 2475 3594 14384 2482 3595 14385 2463 3595 14386 2464 3595 14387 2484 3596 14388 2485 3596 14389 2467 3596 14390 2486 3597 14391 2475 3597 14392 2462 3597 14393 2484 3598 14394 2467 3598 14395 2466 3598 14396 2486 3599 14397 2462 3599 14398 2476 3599 14399 2484 3600 14400 2452 3600 14401 2471 3600 14402 2484 3601 14403 2466 3601 14404 2452 3601 14405 2487 3602 14406 2476 3602 14407 2465 3602 14408 2487 3603 14409 2465 3603 14410 2478 3603 14411 2488 3604 14412 2471 3604 14413 2456 3604 14414 2487 3605 14415 2478 3605 14416 2432 3605 14417 2488 3606 14418 2456 3606 14419 2474 3606 14420 2487 3607 14421 2432 3607 14422 2443 3607 14423 2489 3608 14424 2490 3608 14425 2481 3608 14426 2491 3609 14427 2474 3609 14428 2459 3609 14429 2489 3610 14430 2481 3610 14431 2480 3610 14432 2491 3611 14433 2459 3611 14434 2477 3611 14435 2489 3612 14436 2480 3612 14437 2475 3612 14438 2489 3613 14439 2475 3613 14440 2486 3613 14441 2492 3614 14442 2486 3614 14443 2476 3614 14444 2492 3615 14445 2443 3615 14446 2453 3615 14447 2493 3616 14448 2461 3616 14449 2479 3616 14450 2492 3617 14451 2487 3617 14452 2443 3617 14453 2493 3618 14454 2477 3618 14455 2461 3618 14456 2492 3619 14457 2476 3619 14458 2487 3619 14459 2494 3620 14460 2495 3620 14461 2490 3620 14462 2494 3621 14463 2468 3621 14464 2495 3621 14465 2494 3622 14466 2492 3622 14467 2453 3622 14468 2494 3623 14469 2469 3623 14470 2468 3623 14471 2494 3624 14472 2490 3624 14473 2489 3624 14474 2494 3625 14475 2486 3625 14476 2492 3625 14477 2496 3626 14478 2479 3626 14479 2463 3626 14480 2494 3627 14481 2453 3627 14482 2469 3627 14483 2494 3628 14484 2489 3628 14485 2486 3628 14486 2496 3629 14487 2463 3629 14488 2482 3629 14489 2497 3630 14490 2482 3630 14491 2483 3630 14492 2497 3631 14493 2483 3631 14494 2498 3631 14495 2499 3632 14496 2500 3632 14497 2485 3632 14498 2499 3633 14499 2471 3633 14500 2488 3633 14501 2499 3634 14502 2485 3634 14503 2484 3634 14504 2499 3635 14505 2484 3635 14506 2471 3635 14507 2501 3636 14508 2474 3636 14509 2491 3636 14510 2501 3637 14511 2488 3637 14512 2474 3637 14513 2502 3638 14514 2477 3638 14515 2493 3638 14516 2502 3639 14517 2491 3639 14518 2477 3639 14519 2503 3640 14520 2493 3640 14521 2479 3640 14522 2503 3641 14523 2479 3641 14524 2496 3641 14525 2504 3642 14526 2496 3642 14527 2482 3642 14528 2504 3643 14529 2482 3643 14530 2497 3643 14531 2505 3644 14532 2497 3644 14533 2498 3644 14534 2505 3645 14535 2498 3645 14536 2506 3645 14537 2507 3646 14538 2508 3646 14539 2500 3646 14540 2507 3647 14541 2499 3647 14542 2488 3647 14543 2507 3648 14544 2488 3648 14545 2501 3648 14546 2507 3649 14547 2500 3649 14548 2499 3649 14549 2509 3650 14550 2491 3650 14551 2502 3650 14552 2509 3651 14553 2501 3651 14554 2491 3651 14555 2510 3652 14556 2493 3652 14557 2503 3652 14558 2510 3653 14559 2502 3653 14560 2493 3653 14561 2511 3654 14562 2496 3654 14563 2504 3654 14564 2511 3655 14565 2503 3655 14566 2496 3655 14567 2512 3656 14568 2504 3656 14569 2497 3656 14570 2512 3657 14571 2497 3657 14572 2505 3657 14573 2513 3658 14574 2505 3658 14575 2506 3658 14576 2513 3659 14577 2506 3659 14578 2514 3659 14579 2515 3660 14580 2516 3660 14581 2508 3660 14582 2515 3661 14583 2508 3661 14584 2507 3661 14585 2515 3662 14586 2501 3662 14587 2509 3662 14588 2515 3663 14589 2507 3663 14590 2501 3663 14591 2517 3664 14592 2509 3664 14593 2502 3664 14594 2517 3665 14595 2502 3665 14596 2510 3665 14597 2518 3666 14598 2510 3666 14599 2503 3666 14600 2518 3667 14601 2503 3667 14602 2511 3667 14603 2519 3668 14604 2504 3668 14605 2512 3668 14606 2519 3669 14607 2511 3669 14608 2504 3669 14609 2520 3670 14610 2505 3670 14611 2513 3670 14612 2520 3671 14613 2512 3671 14614 2505 3671 14615 2521 3672 14616 2514 3672 14617 2522 3672 14618 2521 3673 14619 2513 3673 14620 2514 3673 14621 2523 3674 14622 2524 3674 14623 2516 3674 14624 2523 3675 14625 2509 3675 14626 2517 3675 14627 2523 3676 14628 2516 3676 14629 2515 3676 14630 2523 3677 14631 2515 3677 14632 2509 3677 14633 2525 3678 14634 2517 3678 14635 2510 3678 14636 2525 1571 14637 2510 1571 14638 2518 1571 14639 2526 3679 14640 2518 3679 14641 2511 3679 14642 2526 3680 14643 2511 3680 14644 2519 3680 14645 2527 3681 14646 2512 3681 14647 2520 3681 14648 2527 3682 14649 2519 3682 14650 2512 3682 14651 2528 3683 14652 2520 3683 14653 2513 3683 14654 2528 3684 14655 2513 3684 14656 2521 3684 14657 2529 3685 14658 2522 3685 14659 2530 3685 14660 2529 3686 14661 2521 3686 14662 2522 3686 14663 2531 3687 14664 2532 3687 14665 2524 3687 14666 2531 3688 14667 2524 3688 14668 2523 3688 14669 2531 3689 14670 2523 3689 14671 2517 3689 14672 2531 3690 14673 2517 3690 14674 2525 3690 14675 2533 3691 14676 2525 3691 14677 2518 3691 14678 2533 3692 14679 2518 3692 14680 2526 3692 14681 2534 3693 14682 2526 3693 14683 2519 3693 14684 2534 3694 14685 2519 3694 14686 2527 3694 14687 2535 3695 14688 2520 3695 14689 2528 3695 14690 2535 3696 14691 2527 3696 14692 2520 3696 14693 2536 3697 14694 2528 3697 14695 2521 3697 14696 2536 3698 14697 2521 3698 14698 2529 3698 14699 2537 3699 14700 2530 3699 14701 2538 3699 14702 2537 3700 14703 2529 3700 14704 2530 3700 14705 2539 3701 14706 2540 3701 14707 2532 3701 14708 2539 3702 14709 2532 3702 14710 2531 3702 14711 2539 3703 14712 2531 3703 14713 2525 3703 14714 2539 3704 14715 2525 3704 14716 2533 3704 14717 2541 3705 14718 2526 3705 14719 2534 3705 14720 2541 3706 14721 2533 3706 14722 2526 3706 14723 2542 3707 14724 2534 3707 14725 2527 3707 14726 2542 3708 14727 2527 3708 14728 2535 3708 14729 2543 3709 14730 2528 3709 14731 2536 3709 14732 2543 747 14733 2535 747 14734 2528 747 14735 2544 3710 14736 2536 3710 14737 2529 3710 14738 2544 3711 14739 2529 3711 14740 2537 3711 14741 2342 750 14742 2538 750 14743 2545 750 14744 2342 3712 14745 2537 3712 14746 2538 3712 14747 2546 3713 14748 2539 3713 14749 2533 3713 14750 2546 3714 14751 2547 3714 14752 2540 3714 14753 2546 3715 14754 2540 3715 14755 2539 3715 14756 2546 3716 14757 2533 3716 14758 2541 3716 14759 2351 3717 14760 2541 3717 14761 2534 3717 14762 2351 3718 14763 2534 3718 14764 2542 3718 14765 2354 3719 14766 2542 3719 14767 2535 3719 14768 2354 3720 14769 2535 3720 14770 2543 3720 14771 2357 760 14772 2543 760 14773 2536 760 14774 2357 761 14775 2536 761 14776 2544 761 14777 2341 3721 14778 2544 3721 14779 2537 3721 14780 2341 3722 14781 2537 3722 14782 2342 3722 14783 2343 3723 14784 2342 3723 14785 2545 3723 14786 2343 765 14787 2545 765 14788 2345 765 14789 2350 3724 14790 2349 3724 14791 2547 3724 14792 2350 3725 14793 2547 3725 14794 2546 3725 14795 2350 3726 14796 2541 3726 14797 2351 3726 14798 2350 3727 14799 2546 3727 14800 2541 3727 14801 2352 3728 14802 2542 3728 14803 2354 3728 14804 2352 3729 14805 2351 3729 14806 2542 3729 14807 2355 3730 14808 2354 3730 14809 2543 3730 14810 2355 3731 14811 2543 3731 14812 2357 3731 14813 2358 3732 14814 2544 3732 14815 2341 3732 14816 2358 3733 14817 2357 3733 14818 2544 3733 14819 2548 3734 14820 2549 3734 14821 2550 3734 14822 2548 3735 14823 2550 3735 14824 2551 3735 14825 2552 3736 14826 2548 3736 14827 2551 3736 14828 2552 779 14829 2551 779 14830 2553 779 14831 2554 781 14832 2555 781 14833 2556 781 14834 2554 3737 14835 2556 3737 14836 2557 3737 14837 2558 390 14838 2552 390 14839 2553 390 14840 2558 390 14841 2553 390 14842 2559 390 14843 2560 3738 14844 2557 3738 14845 2561 3738 14846 2562 3739 14847 2558 3739 14848 2559 3739 14849 2560 3740 14850 2554 3740 14851 2557 3740 14852 2562 785 14853 2559 785 14854 2563 785 14855 2564 3741 14856 2561 3741 14857 2565 3741 14858 2566 3742 14859 2562 3742 14860 2563 3742 14861 2566 2316 14862 2563 2316 14863 2567 2316 14864 2564 1628 14865 2560 1628 14866 2561 1628 14867 2568 3743 14868 2565 3743 14869 2569 3743 14870 2570 3744 14871 2566 3744 14872 2567 3744 14873 2570 3745 14874 2567 3745 14875 2571 3745 14876 2568 3743 14877 2564 3743 14878 2565 3743 14879 2572 2321 14880 2569 2321 14881 2573 2321 14882 2574 3746 14883 2571 3746 14884 2575 3746 14885 2572 794 14886 2568 794 14887 2569 794 14888 2574 1633 14889 2570 1633 14890 2571 1633 14891 2576 798 14892 2575 798 14893 2577 798 14894 2578 799 14895 2573 799 14896 2579 799 14897 2576 3747 14898 2574 3747 14899 2575 3747 14900 2555 801 14901 2577 801 14902 2556 801 14903 2578 3748 14904 2572 3748 14905 2573 3748 14906 2555 801 14907 2576 801 14908 2577 801 14909 2580 368 14910 2579 368 14911 2581 368 14912 2580 368 14913 2578 368 14914 2579 368 14915 2582 804 14916 2581 804 14917 2583 804 14918 2582 3749 14919 2580 3749 14920 2581 3749 14921 2584 3750 14922 2583 3750 14923 2585 3750 14924 2584 3751 14925 2582 3751 14926 2583 3751 14927 2586 808 14928 2585 808 14929 2587 808 14930 2586 3752 14931 2584 3752 14932 2585 3752 14933 2588 3753 14934 2587 3753 14935 2589 3753 14936 2588 810 14937 2586 810 14938 2587 810 14939 2590 2333 14940 2588 2333 14941 2589 2333 14942 2590 3754 14943 2589 3754 14944 2591 3754 14945 2592 3755 14946 2590 3755 14947 2591 3755 14948 2592 3756 14949 2591 3756 14950 2593 3756 14951 2594 815 14952 2592 815 14953 2593 815 14954 2594 3757 14955 2593 3757 14956 2595 3757 14957 2596 817 14958 2594 817 14959 2595 817 14960 2596 3758 14961 2595 3758 14962 2597 3758 14963 2598 820 14964 2596 820 14965 2597 820 14966 2598 820 14967 2597 820 14968 2599 820 14969 2549 3759 14970 2598 3759 14971 2599 3759 14972 2549 822 14973 2599 822 14974 2550 822 14975 2410 3760 14976 2402 3760 14977 2562 3760 14978 2590 3761 14979 2538 3761 14980 2530 3761 14981 2437 1650 14982 2564 1650 14983 2450 1650 14984 2402 823 14985 2394 823 14986 2562 823 14987 2562 3762 14988 2394 3762 14989 2558 3762 14990 2450 823 14991 2568 823 14992 2464 823 14993 2564 823 14994 2568 823 14995 2450 823 14996 2430 823 14997 2560 823 14998 2437 823 14999 2437 832 15000 2560 832 15001 2564 832 15002 2568 823 15003 2572 823 15004 2464 823 15005 2590 1646 15006 2545 1646 15007 2538 1646 15008 2592 823 15009 2545 823 15010 2590 823 15011 2594 823 15012 2545 823 15013 2592 823 15014 2422 3760 15015 2554 3760 15016 2430 3760 15017 2430 1654 15018 2554 1654 15019 2560 1654 15020 2464 3763 15021 2578 3763 15022 2483 3763 15023 2572 823 15024 2578 823 15025 2464 823 15026 2394 823 15027 2386 823 15028 2558 823 15029 2552 823 15030 2386 823 15031 2548 823 15032 2558 3764 15033 2386 3764 15034 2552 3764 15035 2421 1642 15036 2555 1642 15037 2422 1642 15038 2455 840 15039 2555 840 15040 2421 840 15041 2594 1650 15042 2345 1650 15043 2545 1650 15044 2422 3765 15045 2555 3765 15046 2554 3765 15047 2483 3766 15048 2580 3766 15049 2498 3766 15050 2548 3767 15051 2378 3767 15052 2549 3767 15053 2386 3768 15054 2378 3768 15055 2548 3768 15056 2578 823 15057 2580 823 15058 2483 823 15059 2596 823 15060 2346 823 15061 2594 823 15062 2594 3766 15063 2346 3766 15064 2345 3766 15065 2378 823 15066 2370 823 15067 2549 823 15068 2596 3769 15069 2362 3769 15070 2346 3769 15071 2455 3770 15072 2576 3770 15073 2555 3770 15074 2598 1655 15075 2362 1655 15076 2596 1655 15077 2549 823 15078 2362 823 15079 2598 823 15080 2370 1642 15081 2362 1642 15082 2549 1642 15083 2498 3771 15084 2582 3771 15085 2506 3771 15086 2580 823 15087 2582 823 15088 2498 823 15089 2439 823 15090 2574 823 15091 2455 823 15092 2455 3772 15093 2574 3772 15094 2576 3772 15095 2506 823 15096 2584 823 15097 2514 823 15098 2582 3762 15099 2584 3762 15100 2506 3762 15101 2418 3773 15102 2570 3773 15103 2439 3773 15104 2439 832 15105 2570 832 15106 2574 832 15107 2584 3774 15108 2586 3774 15109 2514 3774 15110 2586 3775 15111 2522 3775 15112 2514 3775 15113 2570 823 15114 2410 823 15115 2566 823 15116 2418 2337 15117 2410 2337 15118 2570 2337 15119 2410 3776 15120 2562 3776 15121 2566 3776 15122 2586 1644 15123 2530 1644 15124 2522 1644 15125 2588 823 15126 2530 823 15127 2586 823 15128 2588 823 15129 2590 823 15130 2530 823 15131 2404 850 15132 2412 850 15133 2339 850 15134 2339 871 15135 2412 871 15136 2289 871 15137 2289 850 15138 2412 850 15139 2291 850 15140 2298 3777 15141 2467 3777 15142 2485 3777 15143 2547 850 15144 2324 850 15145 2540 850 15146 2349 850 15147 2324 850 15148 2547 850 15149 2326 850 15150 2324 850 15151 2349 850 15152 2348 850 15153 2327 850 15154 2349 850 15155 2349 3778 15156 2327 3778 15157 2326 3778 15158 2412 3779 15159 2424 3779 15160 2291 3779 15161 2324 869 15162 2322 869 15163 2540 869 15164 2294 850 15165 2468 850 15166 2298 850 15167 2298 3780 15168 2468 3780 15169 2467 3780 15170 2364 850 15171 2329 850 15172 2348 850 15173 2424 850 15174 2441 850 15175 2291 850 15176 2348 3781 15177 2329 3781 15178 2327 3781 15179 2291 3782 15180 2441 3782 15181 2296 3782 15182 2540 3783 15183 2320 3783 15184 2532 3783 15185 2294 3784 15186 2495 3784 15187 2468 3784 15188 2312 3785 15189 2495 3785 15190 2315 3785 15191 2322 850 15192 2320 850 15193 2540 850 15194 2315 850 15195 2495 850 15196 2294 850 15197 2372 850 15198 2331 850 15199 2364 850 15200 2441 850 15201 2458 850 15202 2296 850 15203 2296 850 15204 2458 850 15205 2300 850 15206 2300 3786 15207 2458 3786 15208 2303 3786 15209 2364 3787 15210 2331 3787 15211 2329 3787 15212 2312 3788 15213 2490 3788 15214 2495 3788 15215 2524 850 15216 2317 850 15217 2516 850 15218 2532 3783 15219 2317 3783 15220 2524 3783 15221 2303 3789 15222 2473 3789 15223 2307 3789 15224 2458 850 15225 2473 850 15226 2303 850 15227 2320 850 15228 2317 850 15229 2532 850 15230 2307 850 15231 2481 850 15232 2312 850 15233 2380 854 15234 2333 854 15235 2372 854 15236 2312 3777 15237 2481 3777 15238 2490 3777 15239 2473 850 15240 2481 850 15241 2307 850 15242 2372 3790 15243 2333 3790 15244 2331 3790 15245 2380 850 15246 2388 850 15247 2333 850 15248 2317 850 15249 2314 850 15250 2516 850 15251 2314 850 15252 2508 850 15253 2516 850 15254 2388 3791 15255 2335 3791 15256 2333 3791 15257 2314 3792 15258 2309 3792 15259 2508 3792 15260 2388 850 15261 2396 850 15262 2335 850 15263 2396 856 15264 2337 856 15265 2335 856 15266 2305 850 15267 2500 850 15268 2309 850 15269 2309 850 15270 2500 850 15271 2508 850 15272 2396 3789 15273 2339 3789 15274 2337 3789 15275 2396 850 15276 2404 850 15277 2339 850 15278 2305 3779 15279 2485 3779 15280 2500 3779 15281 2302 850 15282 2485 850 15283 2305 850 15284 2302 858 15285 2298 858 15286 2485 858 15287 2325 823 15288 2270 823 15289 2262 823 15290 2328 823 15291 2270 823 15292 2325 823 15293 2328 3793 15294 2330 3793 15295 2270 3793 15296 2150 3794 15297 2142 3794 15298 2304 3794 15299 2301 1690 15300 2142 1690 15301 2297 1690 15302 2304 823 15303 2142 823 15304 2301 823 15305 2177 2972 15306 2306 2972 15307 2190 2972 15308 2330 3767 15309 2278 3767 15310 2270 3767 15311 2332 823 15312 2278 823 15313 2330 823 15314 2306 823 15315 2310 823 15316 2190 823 15317 2170 823 15318 2299 823 15319 2177 823 15320 2177 823 15321 2299 823 15322 2306 823 15323 2190 823 15324 2311 823 15325 2204 823 15326 2310 823 15327 2311 823 15328 2190 823 15329 2162 3776 15330 2295 3776 15331 2170 3776 15332 2170 3795 15333 2295 3795 15334 2299 3795 15335 2142 823 15336 2134 823 15337 2297 823 15338 2204 823 15339 2318 823 15340 2223 823 15341 2311 1681 15342 2318 1681 15343 2204 1681 15344 2332 3796 15345 2285 3796 15346 2278 3796 15347 2161 823 15348 2293 823 15349 2162 823 15350 2134 823 15351 2126 823 15352 2297 823 15353 2162 3797 15354 2293 3797 15355 2295 3797 15356 2292 3798 15357 2126 3798 15358 2290 3798 15359 2297 823 15360 2126 823 15361 2292 823 15362 2223 823 15363 2319 823 15364 2238 823 15365 2332 3799 15366 2085 3799 15367 2285 3799 15368 2334 823 15369 2085 823 15370 2332 823 15371 2318 823 15372 2319 823 15373 2223 823 15374 2195 823 15375 2316 823 15376 2161 823 15377 2290 3800 15378 2118 3800 15379 2288 3800 15380 2126 3801 15381 2118 3801 15382 2290 3801 15383 2161 3795 15384 2316 3795 15385 2293 3795 15386 2336 1690 15387 2086 1690 15388 2334 1690 15389 2238 1651 15390 2321 1651 15391 2246 1651 15392 2334 3802 15393 2086 3802 15394 2085 3802 15395 2118 823 15396 2110 823 15397 2288 823 15398 2336 823 15399 2102 823 15400 2086 823 15401 2319 3803 15402 2321 3803 15403 2238 3803 15404 2110 823 15405 2102 823 15406 2288 823 15407 2338 823 15408 2102 823 15409 2336 823 15410 2288 823 15411 2102 823 15412 2338 823 15413 2179 823 15414 2313 823 15415 2195 823 15416 2195 3804 15417 2313 3804 15418 2316 3804 15419 2246 823 15420 2323 823 15421 2254 823 15422 2321 3805 15423 2323 3805 15424 2246 3805 15425 2158 823 15426 2308 823 15427 2179 823 15428 2179 823 15429 2308 823 15430 2313 823 15431 2323 3803 15432 2325 3803 15433 2254 3803 15434 2325 823 15435 2262 823 15436 2254 823 15437 2158 3801 15438 2150 3801 15439 2308 3801 15440 2308 823 15441 2150 823 15442 2304 823 15443 2557 3806 15444 2207 3806 15445 2225 3806 15446 2089 3807 15447 2587 3807 15448 2287 3807 15449 2551 3808 15450 2164 3808 15451 2553 3808 15452 2553 850 15453 2164 850 15454 2559 850 15455 2152 850 15456 2164 850 15457 2551 850 15458 2287 899 15459 2585 899 15460 2280 899 15461 2587 850 15462 2585 850 15463 2287 850 15464 2088 850 15465 2589 850 15466 2089 850 15467 2089 850 15468 2589 850 15469 2587 850 15470 2585 3809 15471 2583 3809 15472 2280 3809 15473 2557 897 15474 2208 897 15475 2207 897 15476 2556 850 15477 2208 850 15478 2557 850 15479 2577 850 15480 2208 850 15481 2556 850 15482 2104 850 15483 2591 850 15484 2088 850 15485 2088 850 15486 2591 850 15487 2589 850 15488 2272 3810 15489 2581 3810 15490 2264 3810 15491 2164 3811 15492 2181 3811 15493 2559 3811 15494 2280 3812 15495 2581 3812 15496 2272 3812 15497 2583 850 15498 2581 850 15499 2280 850 15500 2577 3813 15501 2235 3813 15502 2208 3813 15503 2112 1696 15504 2593 1696 15505 2104 1696 15506 2575 850 15507 2235 850 15508 2577 850 15509 2104 896 15510 2593 896 15511 2591 896 15512 2181 850 15513 2198 850 15514 2559 850 15515 2559 850 15516 2198 850 15517 2563 850 15518 2563 850 15519 2198 850 15520 2567 850 15521 2581 3808 15522 2579 3808 15523 2264 3808 15524 2575 3814 15525 2230 3814 15526 2235 3814 15527 2579 850 15528 2256 850 15529 2264 850 15530 2120 850 15531 2595 850 15532 2112 850 15533 2198 850 15534 2213 850 15535 2567 850 15536 2567 850 15537 2221 850 15538 2571 850 15539 2112 872 15540 2595 872 15541 2593 872 15542 2571 850 15543 2221 850 15544 2575 850 15545 2575 850 15546 2221 850 15547 2230 850 15548 2213 850 15549 2221 850 15550 2567 850 15551 2579 850 15552 2573 850 15553 2256 850 15554 2128 850 15555 2597 850 15556 2120 850 15557 2120 850 15558 2597 850 15559 2595 850 15560 2256 850 15561 2569 850 15562 2248 850 15563 2573 850 15564 2569 850 15565 2256 850 15566 2136 850 15567 2599 850 15568 2128 850 15569 2128 896 15570 2599 896 15571 2597 896 15572 2565 850 15573 2240 850 15574 2569 850 15575 2569 850 15576 2240 850 15577 2248 850 15578 2136 3815 15579 2144 3815 15580 2599 3815 15581 2599 850 15582 2144 850 15583 2550 850 15584 2565 3810 15585 2225 3810 15586 2240 3810 15587 2561 850 15588 2225 850 15589 2565 850 15590 2561 850 15591 2557 850 15592 2225 850 15593 2144 2368 15594 2152 2368 15595 2550 2368 15596 2550 3783 15597 2152 3783 15598 2551 3783 15599 2600 3816 15600 2601 3816 15601 2602 3816 15602 2600 3817 15603 2602 3817 15604 2603 3817 15605 2604 3818 15606 2603 3818 15607 2605 3818 15608 2604 3819 15609 2605 3819 15610 2606 3819 15611 2607 3820 15612 2608 3820 15613 2609 3820 15614 2607 3821 15615 2609 3821 15616 2610 3821 15617 2607 3822 15618 2610 3822 15619 2611 3822 15620 2607 3823 15621 2611 3823 15622 2612 3823 15623 2613 3824 15624 2612 3824 15625 2614 3824 15626 2613 3825 15627 2614 3825 15628 2615 3825 15629 2616 3826 15630 2615 3826 15631 2617 3826 15632 2616 3827 15633 2617 3827 15634 2618 3827 15635 2619 3828 15636 2618 3828 15637 2601 3828 15638 2619 3829 15639 2601 3829 15640 2600 3829 15641 2620 3830 15642 2603 3830 15643 2604 3830 15644 2620 3831 15645 2600 3831 15646 2603 3831 15647 2621 3832 15648 2606 3832 15649 2622 3832 15650 2621 3833 15651 2604 3833 15652 2606 3833 15653 2623 18 15654 2624 18 15655 2608 18 15656 2623 3834 15657 2608 3834 15658 2607 3834 15659 2623 3835 15660 2612 3835 15661 2613 3835 15662 2623 3836 15663 2607 3836 15664 2612 3836 15665 2625 3837 15666 2613 3837 15667 2615 3837 15668 2625 3026 15669 2615 3026 15670 2616 3026 15671 2626 3838 15672 2616 3838 15673 2618 3838 15674 2626 3839 15675 2618 3839 15676 2619 3839 15677 2627 3840 15678 2619 3840 15679 2600 3840 15680 2627 3841 15681 2600 3841 15682 2620 3841 15683 2628 3842 15684 2620 3842 15685 2604 3842 15686 2628 3843 15687 2604 3843 15688 2621 3843 15689 2629 3844 15690 2622 3844 15691 2630 3844 15692 2629 3845 15693 2621 3845 15694 2622 3845 15695 2631 3846 15696 2632 3846 15697 2624 3846 15698 2631 3847 15699 2624 3847 15700 2623 3847 15701 2631 3848 15702 2623 3848 15703 2613 3848 15704 2631 3849 15705 2613 3849 15706 2625 3849 15707 2633 3850 15708 2625 3850 15709 2616 3850 15710 2633 3851 15711 2616 3851 15712 2626 3851 15713 2634 3852 15714 2619 3852 15715 2627 3852 15716 2634 3853 15717 2626 3853 15718 2619 3853 15719 2635 3854 15720 2620 3854 15721 2628 3854 15722 2635 3855 15723 2627 3855 15724 2620 3855 15725 2636 3856 15726 2628 3856 15727 2621 3856 15728 2636 3857 15729 2621 3857 15730 2629 3857 15731 2637 3858 15732 2630 3858 15733 2638 3858 15734 2637 3859 15735 2629 3859 15736 2630 3859 15737 2639 3860 15738 2640 3860 15739 2632 3860 15740 2639 3861 15741 2625 3861 15742 2633 3861 15743 2639 3862 15744 2632 3862 15745 2631 3862 15746 2639 3863 15747 2631 3863 15748 2625 3863 15749 2641 3864 15750 2633 3864 15751 2626 3864 15752 2641 3865 15753 2626 3865 15754 2634 3865 15755 2642 3866 15756 2634 3866 15757 2627 3866 15758 2642 3867 15759 2627 3867 15760 2635 3867 15761 2643 3868 15762 2628 3868 15763 2636 3868 15764 2643 3869 15765 2635 3869 15766 2628 3869 15767 2644 3870 15768 2629 3870 15769 2637 3870 15770 2644 3871 15771 2636 3871 15772 2629 3871 15773 2645 3872 15774 2638 3872 15775 2646 3872 15776 2645 3873 15777 2637 3873 15778 2638 3873 15779 2647 3874 15780 2639 3874 15781 2633 3874 15782 2647 61 15783 2648 61 15784 2640 61 15785 2647 3875 15786 2640 3875 15787 2639 3875 15788 2647 3876 15789 2633 3876 15790 2641 3876 15791 2649 3877 15792 2641 3877 15793 2634 3877 15794 2649 3878 15795 2634 3878 15796 2642 3878 15797 2650 3879 15798 2642 3879 15799 2635 3879 15800 2650 3880 15801 2635 3880 15802 2643 3880 15803 2651 3881 15804 2636 3881 15805 2644 3881 15806 2651 3882 15807 2643 3882 15808 2636 3882 15809 2652 3883 15810 2644 3883 15811 2637 3883 15812 2652 3884 15813 2637 3884 15814 2645 3884 15815 2653 3885 15816 2645 3885 15817 2646 3885 15818 2653 986 15819 2646 986 15820 2654 986 15821 2655 3886 15822 2656 3886 15823 2648 3886 15824 2655 3887 15825 2648 3887 15826 2647 3887 15827 2655 3888 15828 2647 3888 15829 2641 3888 15830 2655 3889 15831 2641 3889 15832 2649 3889 15833 2657 3890 15834 2649 3890 15835 2642 3890 15836 2657 3891 15837 2642 3891 15838 2650 3891 15839 2658 3892 15840 2650 3892 15841 2643 3892 15842 2658 3893 15843 2643 3893 15844 2651 3893 15845 2659 3894 15846 2651 3894 15847 2644 3894 15848 2659 3895 15849 2644 3895 15850 2652 3895 15851 2660 3896 15852 2645 3896 15853 2653 3896 15854 2660 3897 15855 2652 3897 15856 2645 3897 15857 2661 3898 15858 2653 3898 15859 2654 3898 15860 2661 3899 15861 2654 3899 15862 2662 3899 15863 2663 3900 15864 2664 3900 15865 2656 3900 15866 2663 3901 15867 2656 3901 15868 2655 3901 15869 2663 3902 15870 2655 3902 15871 2649 3902 15872 2663 3903 15873 2649 3903 15874 2657 3903 15875 2665 1779 15876 2650 1779 15877 2658 1779 15878 2665 3904 15879 2657 3904 15880 2650 3904 15881 2666 3905 15882 2658 3905 15883 2651 3905 15884 2666 3906 15885 2651 3906 15886 2659 3906 15887 2667 3907 15888 2659 3907 15889 2652 3907 15890 2667 3908 15891 2652 3908 15892 2660 3908 15893 2668 3909 15894 2660 3909 15895 2653 3909 15896 2668 3910 15897 2653 3910 15898 2661 3910 15899 2669 3911 15900 2662 3911 15901 2670 3911 15902 2669 3912 15903 2661 3912 15904 2662 3912 15905 2671 3913 15906 2672 3913 15907 2664 3913 15908 2671 3914 15909 2663 3914 15910 2657 3914 15911 2671 3915 15912 2657 3915 15913 2665 3915 15914 2671 3916 15915 2664 3916 15916 2663 3916 15917 2673 3917 15918 2665 3917 15919 2658 3917 15920 2673 3918 15921 2658 3918 15922 2666 3918 15923 2674 3919 15924 2666 3919 15925 2659 3919 15926 2674 3920 15927 2659 3920 15928 2667 3920 15929 2675 3921 15930 2660 3921 15931 2668 3921 15932 2675 3922 15933 2667 3922 15934 2660 3922 15935 2676 3923 15936 2661 3923 15937 2669 3923 15938 2676 3924 15939 2668 3924 15940 2661 3924 15941 2677 3925 15942 2670 3925 15943 2678 3925 15944 2677 3926 15945 2669 3926 15946 2670 3926 15947 2679 3927 15948 2680 3927 15949 2681 3927 15950 2679 3928 15951 2681 3928 15952 2682 3928 15953 2683 1028 15954 2684 1028 15955 2672 1028 15956 2683 3929 15957 2672 3929 15958 2671 3929 15959 2683 3930 15960 2671 3930 15961 2665 3930 15962 2685 3931 15963 2680 3931 15964 2679 3931 15965 2683 3932 15966 2665 3932 15967 2673 3932 15968 2686 3933 15969 2673 3933 15970 2666 3933 15971 2685 3934 15972 2687 3934 15973 2680 3934 15974 2686 3935 15975 2666 3935 15976 2674 3935 15977 2688 3936 15978 2679 3936 15979 2682 3936 15980 2689 3937 15981 2674 3937 15982 2667 3937 15983 2688 3938 15984 2682 3938 15985 2690 3938 15986 2689 3939 15987 2667 3939 15988 2675 3939 15989 2691 3940 15990 2692 3940 15991 2687 3940 15992 2691 3941 15993 2687 3941 15994 2685 3941 15995 2693 3942 15996 2675 3942 15997 2668 3942 15998 2693 3943 15999 2668 3943 16000 2676 3943 16001 2694 3944 16002 2685 3944 16003 2679 3944 16004 2695 3945 16005 2676 3945 16006 2669 3945 16007 2694 3946 16008 2679 3946 16009 2688 3946 16010 2695 3947 16011 2669 3947 16012 2677 3947 16013 2696 3948 16014 2690 3948 16015 2697 3948 16016 2698 3949 16017 2678 3949 16018 2699 3949 16019 2698 3950 16020 2677 3950 16021 2678 3950 16022 2696 3951 16023 2688 3951 16024 2690 3951 16025 2700 142 16026 2701 142 16027 2684 142 16028 2700 2488 16029 2673 2488 16030 2686 2488 16031 2702 3952 16032 2703 3952 16033 2692 3952 16034 2700 3953 16035 2684 3953 16036 2683 3953 16037 2702 3954 16038 2692 3954 16039 2691 3954 16040 2700 3955 16041 2683 3955 16042 2673 3955 16043 2704 3956 16044 2685 3956 16045 2694 3956 16046 2705 3957 16047 2674 3957 16048 2689 3957 16049 2705 3958 16050 2686 3958 16051 2674 3958 16052 2704 3959 16053 2691 3959 16054 2685 3959 16055 2706 3960 16056 2689 3960 16057 2675 3960 16058 2707 3961 16059 2694 3961 16060 2688 3961 16061 2706 3962 16062 2675 3962 16063 2693 3962 16064 2707 3963 16065 2688 3963 16066 2696 3963 16067 2708 3964 16068 2693 3964 16069 2676 3964 16070 2709 3965 16071 2697 3965 16072 2710 3965 16073 2708 3966 16074 2676 3966 16075 2695 3966 16076 2709 3967 16077 2696 3967 16078 2697 3967 16079 2711 3968 16080 2677 3968 16081 2698 3968 16082 2712 3969 16083 2713 3969 16084 2703 3969 16085 2712 3970 16086 2703 3970 16087 2702 3970 16088 2711 3971 16089 2695 3971 16090 2677 3971 16091 2714 3972 16092 2698 3972 16093 2699 3972 16094 2714 3973 16095 2699 3973 16096 2715 3973 16097 2714 3974 16098 2715 3974 16099 2681 3974 16100 2716 3975 16101 2702 3975 16102 2691 3975 16103 2714 3976 16104 2681 3976 16105 2680 3976 16106 2716 3977 16107 2691 3977 16108 2704 3977 16109 2717 3978 16110 2686 3978 16111 2705 3978 16112 2717 1842 16113 2718 1842 16114 2701 1842 16115 2717 3979 16116 2701 3979 16117 2700 3979 16118 2717 3980 16119 2700 3980 16120 2686 3980 16121 2719 3981 16122 2704 3981 16123 2694 3981 16124 2719 3982 16125 2694 3982 16126 2707 3982 16127 2720 3983 16128 2689 3983 16129 2706 3983 16130 2721 3984 16131 2707 3984 16132 2696 3984 16133 2720 3985 16134 2705 3985 16135 2689 3985 16136 2722 3986 16137 2706 3986 16138 2693 3986 16139 2722 3987 16140 2693 3987 16141 2708 3987 16142 2721 3988 16143 2696 3988 16144 2709 3988 16145 2723 3989 16146 2710 3989 16147 2724 3989 16148 2725 3990 16149 2695 3990 16150 2711 3990 16151 2725 3991 16152 2708 3991 16153 2695 3991 16154 2723 3992 16155 2709 3992 16156 2710 3992 16157 2726 3993 16158 2727 3993 16159 2728 3993 16160 2726 3994 16161 2728 3994 16162 2729 3994 16163 2726 3995 16164 2729 3995 16165 2713 3995 16166 2726 3996 16167 2713 3996 16168 2712 3996 16169 2730 3997 16170 2711 3997 16171 2698 3997 16172 2730 3998 16173 2698 3998 16174 2714 3998 16175 2730 3999 16176 2714 3999 16177 2680 3999 16178 2731 4000 16179 2702 4000 16180 2716 4000 16181 2730 4001 16182 2680 4001 16183 2687 4001 16184 2731 4002 16185 2712 4002 16186 2702 4002 16187 2732 4003 16188 2718 4003 16189 2717 4003 16190 2732 4004 16191 2733 4004 16192 2718 4004 16193 2734 4005 16194 2716 4005 16195 2704 4005 16196 2732 3196 16197 2705 3196 16198 2720 3196 16199 2732 4006 16200 2717 4006 16201 2705 4006 16202 2735 4007 16203 2706 4007 16204 2722 4007 16205 2734 4008 16206 2704 4008 16207 2719 4008 16208 2735 4009 16209 2720 4009 16210 2706 4009 16211 2736 4010 16212 2708 4010 16213 2725 4010 16214 2737 4011 16215 2719 4011 16216 2707 4011 16217 2737 4012 16218 2707 4012 16219 2721 4012 16220 2736 4013 16221 2722 4013 16222 2708 4013 16223 2738 4014 16224 2725 4014 16225 2711 4014 16226 2738 4015 16227 2711 4015 16228 2730 4015 16229 2739 4016 16230 2721 4016 16231 2709 4016 16232 2739 4017 16233 2709 4017 16234 2723 4017 16235 2738 4018 16236 2730 4018 16237 2687 4018 16238 2738 4019 16239 2687 4019 16240 2692 4019 16241 2740 3211 16242 2741 3211 16243 2733 3211 16244 2742 4020 16245 2724 4020 16246 2743 4020 16247 2740 4021 16248 2732 4021 16249 2720 4021 16250 2740 4022 16251 2733 4022 16252 2732 4022 16253 2740 4023 16254 2720 4023 16255 2735 4023 16256 2742 4024 16257 2723 4024 16258 2724 4024 16259 2744 220 16260 2745 220 16261 2727 220 16262 2746 4025 16263 2735 4025 16264 2722 4025 16265 2744 4026 16266 2727 4026 16267 2726 4026 16268 2746 4027 16269 2722 4027 16270 2736 4027 16271 2744 4028 16272 2712 4028 16273 2731 4028 16274 2744 4029 16275 2726 4029 16276 2712 4029 16277 2747 4030 16278 2736 4030 16279 2725 4030 16280 2747 4031 16281 2725 4031 16282 2738 4031 16283 2748 4032 16284 2731 4032 16285 2716 4032 16286 2747 4033 16287 2738 4033 16288 2692 4033 16289 2748 4034 16290 2716 4034 16291 2734 4034 16292 2747 4035 16293 2692 4035 16294 2703 4035 16295 2749 4036 16296 2750 4036 16297 2741 4036 16298 2751 4037 16299 2734 4037 16300 2719 4037 16301 2749 4038 16302 2741 4038 16303 2740 4038 16304 2751 4039 16305 2719 4039 16306 2737 4039 16307 2749 4040 16308 2740 4040 16309 2735 4040 16310 2749 4041 16311 2735 4041 16312 2746 4041 16313 2752 4042 16314 2746 4042 16315 2736 4042 16316 2752 4043 16317 2703 4043 16318 2713 4043 16319 2753 4044 16320 2721 4044 16321 2739 4044 16322 2752 4045 16323 2747 4045 16324 2703 4045 16325 2753 4046 16326 2737 4046 16327 2721 4046 16328 2752 4047 16329 2736 4047 16330 2747 4047 16331 2754 4048 16332 2755 4048 16333 2750 4048 16334 2754 4049 16335 2728 4049 16336 2755 4049 16337 2754 4050 16338 2752 4050 16339 2713 4050 16340 2754 4051 16341 2729 4051 16342 2728 4051 16343 2754 4052 16344 2750 4052 16345 2749 4052 16346 2754 4053 16347 2746 4053 16348 2752 4053 16349 2756 4054 16350 2739 4054 16351 2723 4054 16352 2754 4055 16353 2713 4055 16354 2729 4055 16355 2754 4056 16356 2749 4056 16357 2746 4056 16358 2756 4057 16359 2723 4057 16360 2742 4057 16361 2757 4058 16362 2742 4058 16363 2743 4058 16364 2757 1164 16365 2743 1164 16366 2758 1164 16367 2759 1909 16368 2760 1909 16369 2745 1909 16370 2759 4059 16371 2731 4059 16372 2748 4059 16373 2759 4060 16374 2745 4060 16375 2744 4060 16376 2759 4061 16377 2744 4061 16378 2731 4061 16379 2761 4062 16380 2734 4062 16381 2751 4062 16382 2761 1913 16383 2748 1913 16384 2734 1913 16385 2762 4063 16386 2737 4063 16387 2753 4063 16388 2762 4064 16389 2751 4064 16390 2737 4064 16391 2763 4065 16392 2753 4065 16393 2739 4065 16394 2763 4066 16395 2739 4066 16396 2756 4066 16397 2764 4067 16398 2756 4067 16399 2742 4067 16400 2764 4068 16401 2742 4068 16402 2757 4068 16403 2765 4069 16404 2757 4069 16405 2758 4069 16406 2765 4070 16407 2758 4070 16408 2766 4070 16409 2767 1922 16410 2768 1922 16411 2760 1922 16412 2767 4071 16413 2759 4071 16414 2748 4071 16415 2767 4072 16416 2748 4072 16417 2761 4072 16418 2767 4073 16419 2760 4073 16420 2759 4073 16421 2769 4074 16422 2751 4074 16423 2762 4074 16424 2769 4075 16425 2761 4075 16426 2751 4075 16427 2770 4076 16428 2753 4076 16429 2763 4076 16430 2770 4077 16431 2762 4077 16432 2753 4077 16433 2771 4078 16434 2756 4078 16435 2764 4078 16436 2771 4079 16437 2763 4079 16438 2756 4079 16439 2772 4080 16440 2764 4080 16441 2757 4080 16442 2772 4081 16443 2757 4081 16444 2765 4081 16445 2773 4082 16446 2765 4082 16447 2766 4082 16448 2773 4083 16449 2766 4083 16450 2774 4083 16451 2775 4084 16452 2776 4084 16453 2768 4084 16454 2775 4085 16455 2768 4085 16456 2767 4085 16457 2775 4086 16458 2761 4086 16459 2769 4086 16460 2775 4087 16461 2767 4087 16462 2761 4087 16463 2777 4088 16464 2769 4088 16465 2762 4088 16466 2777 1939 16467 2762 1939 16468 2770 1939 16469 2778 4089 16470 2770 4089 16471 2763 4089 16472 2778 4090 16473 2763 4090 16474 2771 4090 16475 2779 4091 16476 2764 4091 16477 2772 4091 16478 2779 4092 16479 2771 4092 16480 2764 4092 16481 2780 4093 16482 2765 4093 16483 2773 4093 16484 2780 4094 16485 2772 4094 16486 2765 4094 16487 2781 4095 16488 2774 4095 16489 2782 4095 16490 2781 4096 16491 2773 4096 16492 2774 4096 16493 2783 1946 16494 2784 1946 16495 2776 1946 16496 2783 4097 16497 2769 4097 16498 2777 4097 16499 2783 4098 16500 2776 4098 16501 2775 4098 16502 2783 4099 16503 2775 4099 16504 2769 4099 16505 2785 4100 16506 2777 4100 16507 2770 4100 16508 2785 1209 16509 2770 1209 16510 2778 1209 16511 2786 4101 16512 2778 4101 16513 2771 4101 16514 2786 4102 16515 2771 4102 16516 2779 4102 16517 2787 4103 16518 2772 4103 16519 2780 4103 16520 2787 4104 16521 2779 4104 16522 2772 4104 16523 2788 4105 16524 2780 4105 16525 2773 4105 16526 2788 4106 16527 2773 4106 16528 2781 4106 16529 2789 4107 16530 2782 4107 16531 2790 4107 16532 2789 4108 16533 2781 4108 16534 2782 4108 16535 2791 312 16536 2792 312 16537 2784 312 16538 2791 4109 16539 2784 4109 16540 2783 4109 16541 2791 4110 16542 2783 4110 16543 2777 4110 16544 2791 4111 16545 2777 4111 16546 2785 4111 16547 2793 4112 16548 2785 4112 16549 2778 4112 16550 2793 4113 16551 2778 4113 16552 2786 4113 16553 2794 4114 16554 2786 4114 16555 2779 4114 16556 2794 4115 16557 2779 4115 16558 2787 4115 16559 2795 4116 16560 2780 4116 16561 2788 4116 16562 2795 4117 16563 2787 4117 16564 2780 4117 16565 2796 4118 16566 2788 4118 16567 2781 4118 16568 2796 4119 16569 2781 4119 16570 2789 4119 16571 2797 4120 16572 2790 4120 16573 2798 4120 16574 2797 4121 16575 2789 4121 16576 2790 4121 16577 2799 4122 16578 2800 4122 16579 2792 4122 16580 2799 4123 16581 2792 4123 16582 2791 4123 16583 2799 4124 16584 2791 4124 16585 2785 4124 16586 2799 4125 16587 2785 4125 16588 2793 4125 16589 2801 1972 16590 2786 1972 16591 2794 1972 16592 2801 4126 16593 2793 4126 16594 2786 4126 16595 2802 4127 16596 2794 4127 16597 2787 4127 16598 2802 4128 16599 2787 4128 16600 2795 4128 16601 2803 4129 16602 2788 4129 16603 2796 4129 16604 2803 4130 16605 2795 4130 16606 2788 4130 16607 2804 4131 16608 2796 4131 16609 2789 4131 16610 2804 4132 16611 2789 4132 16612 2797 4132 16613 2602 4133 16614 2798 4133 16615 2805 4133 16616 2602 4134 16617 2797 4134 16618 2798 4134 16619 2806 4135 16620 2799 4135 16621 2793 4135 16622 2806 4136 16623 2807 4136 16624 2800 4136 16625 2806 4137 16626 2800 4137 16627 2799 4137 16628 2806 4138 16629 2793 4138 16630 2801 4138 16631 2611 4139 16632 2801 4139 16633 2794 4139 16634 2611 4140 16635 2794 4140 16636 2802 4140 16637 2614 4141 16638 2802 4141 16639 2795 4141 16640 2614 4142 16641 2795 4142 16642 2803 4142 16643 2617 4143 16644 2803 4143 16645 2796 4143 16646 2617 4144 16647 2796 4144 16648 2804 4144 16649 2601 4145 16650 2804 4145 16651 2797 4145 16652 2601 4146 16653 2797 4146 16654 2602 4146 16655 2603 4147 16656 2602 4147 16657 2805 4147 16658 2603 4148 16659 2805 4148 16660 2605 4148 16661 2610 3344 16662 2609 3344 16663 2807 3344 16664 2610 4149 16665 2807 4149 16666 2806 4149 16667 2610 4150 16668 2801 4150 16669 2611 4150 16670 2610 4151 16671 2806 4151 16672 2801 4151 16673 2612 4152 16674 2802 4152 16675 2614 4152 16676 2612 4153 16677 2611 4153 16678 2802 4153 16679 2615 4154 16680 2614 4154 16681 2803 4154 16682 2615 4155 16683 2803 4155 16684 2617 4155 16685 2618 4156 16686 2804 4156 16687 2601 4156 16688 2618 4157 16689 2617 4157 16690 2804 4157 16691 2808 3387 16692 2809 3387 16693 2810 3387 16694 2809 4158 16695 2811 4158 16696 2810 4158 16697 2810 4159 16698 2811 4159 16699 2812 4159 16700 2813 3355 16701 2814 3355 16702 2815 3355 16703 2811 368 16704 2816 368 16705 2812 368 16706 2812 368 16707 2816 368 16708 2817 368 16709 2815 4160 16710 2818 4160 16711 2819 4160 16712 2814 3357 16713 2818 3357 16714 2815 3357 16715 2816 1276 16716 2820 1276 16717 2817 1276 16718 2817 4161 16719 2820 4161 16720 2821 4161 16721 2818 4162 16722 2822 4162 16723 2819 4162 16724 2820 375 16725 2823 375 16726 2821 375 16727 2821 2004 16728 2823 2004 16729 2824 2004 16730 2819 2005 16731 2825 2005 16732 2826 2005 16733 2822 4163 16734 2825 4163 16735 2819 4163 16736 2823 3362 16737 2827 3362 16738 2824 3362 16739 2824 3361 16740 2827 3361 16741 2828 3361 16742 2826 3364 16743 2829 3364 16744 2830 3364 16745 2830 384 16746 2829 384 16747 2831 384 16748 2825 3363 16749 2829 3363 16750 2826 3363 16751 2828 2010 16752 2832 2010 16753 2833 2010 16754 2827 4164 16755 2832 4164 16756 2828 4164 16757 2829 2011 16758 2834 2011 16759 2831 2011 16760 2833 4165 16761 2835 4165 16762 2836 4165 16763 2832 4166 16764 2835 4166 16765 2833 4166 16766 2835 3368 16767 2814 3368 16768 2836 3368 16769 2836 3369 16770 2814 3369 16771 2813 3369 16772 2831 4167 16773 2837 4167 16774 2838 4167 16775 2838 390 16776 2837 390 16777 2839 390 16778 2834 4168 16779 2837 4168 16780 2831 4168 16781 2839 4169 16782 2840 4169 16783 2841 4169 16784 2837 390 16785 2840 390 16786 2839 390 16787 2841 4170 16788 2842 4170 16789 2843 4170 16790 2840 4171 16791 2842 4171 16792 2841 4171 16793 2843 3374 16794 2844 3374 16795 2845 3374 16796 2842 4172 16797 2844 4172 16798 2843 4172 16799 2844 3372 16800 2846 3372 16801 2845 3372 16802 2846 4173 16803 2847 4173 16804 2845 4173 16805 2845 2018 16806 2847 2018 16807 2848 2018 16808 2847 4174 16809 2849 4174 16810 2848 4174 16811 2848 4175 16812 2849 4175 16813 2850 4175 16814 2849 3378 16815 2851 3378 16816 2850 3378 16817 2850 3379 16818 2851 3379 16819 2852 3379 16820 2851 3380 16821 2853 3380 16822 2852 3380 16823 2852 3381 16824 2853 3381 16825 2854 3381 16826 2853 4176 16827 2855 4176 16828 2854 4176 16829 2854 4177 16830 2855 4177 16831 2856 4177 16832 2855 4178 16833 2857 4178 16834 2856 4178 16835 2856 2023 16836 2857 2023 16837 2858 2023 16838 2857 3386 16839 2859 3386 16840 2858 3386 16841 2858 3385 16842 2859 3385 16843 2808 3385 16844 2859 1996 16845 2809 1996 16846 2808 1996 16847 2860 4179 16848 2861 4179 16849 2862 4179 16850 2860 3389 16851 2862 3389 16852 2863 3389 16853 2864 4180 16854 2863 4180 16855 2865 4180 16856 2864 415 16857 2865 415 16858 2866 415 16859 2867 4181 16860 2868 4181 16861 2869 4181 16862 2867 4182 16863 2869 4182 16864 2870 4182 16865 2867 4183 16866 2870 4183 16867 2871 4183 16868 2867 4184 16869 2871 4184 16870 2872 4184 16871 2873 4185 16872 2872 4185 16873 2874 4185 16874 2873 4186 16875 2874 4186 16876 2875 4186 16877 2876 4187 16878 2875 4187 16879 2877 4187 16880 2876 4188 16881 2877 4188 16882 2878 4188 16883 2879 424 16884 2878 424 16885 2861 424 16886 2879 4189 16887 2861 4189 16888 2860 4189 16889 2880 4190 16890 2863 4190 16891 2864 4190 16892 2880 4191 16893 2860 4191 16894 2863 4191 16895 2881 4192 16896 2866 4192 16897 2882 4192 16898 2881 4193 16899 2864 4193 16900 2866 4193 16901 2883 4194 16902 2884 4194 16903 2868 4194 16904 2883 4195 16905 2868 4195 16906 2867 4195 16907 2883 4196 16908 2872 4196 16909 2873 4196 16910 2883 4197 16911 2867 4197 16912 2872 4197 16913 2885 4198 16914 2873 4198 16915 2875 4198 16916 2885 4199 16917 2875 4199 16918 2876 4199 16919 2886 4200 16920 2876 4200 16921 2878 4200 16922 2886 4201 16923 2878 4201 16924 2879 4201 16925 2887 4202 16926 2879 4202 16927 2860 4202 16928 2887 4203 16929 2860 4203 16930 2880 4203 16931 2888 4204 16932 2880 4204 16933 2864 4204 16934 2888 4205 16935 2864 4205 16936 2881 4205 16937 2889 4206 16938 2882 4206 16939 2890 4206 16940 2889 4207 16941 2881 4207 16942 2882 4207 16943 2891 4208 16944 2892 4208 16945 2884 4208 16946 2891 4209 16947 2884 4209 16948 2883 4209 16949 2891 4210 16950 2883 4210 16951 2873 4210 16952 2891 4211 16953 2873 4211 16954 2885 4211 16955 2893 4212 16956 2885 4212 16957 2876 4212 16958 2893 4213 16959 2876 4213 16960 2886 4213 16961 2894 4214 16962 2879 4214 16963 2887 4214 16964 2894 4215 16965 2886 4215 16966 2879 4215 16967 2895 4216 16968 2880 4216 16969 2888 4216 16970 2895 4217 16971 2887 4217 16972 2880 4217 16973 2896 4218 16974 2888 4218 16975 2881 4218 16976 2896 4219 16977 2881 4219 16978 2889 4219 16979 2897 4220 16980 2890 4220 16981 2898 4220 16982 2897 4221 16983 2889 4221 16984 2890 4221 16985 2899 4222 16986 2900 4222 16987 2892 4222 16988 2899 4223 16989 2885 4223 16990 2893 4223 16991 2899 4224 16992 2892 4224 16993 2891 4224 16994 2899 4225 16995 2891 4225 16996 2885 4225 16997 2901 4226 16998 2893 4226 16999 2886 4226 17000 2901 4227 17001 2886 4227 17002 2894 4227 17003 2902 4228 17004 2894 4228 17005 2887 4228 17006 2902 3440 17007 2887 3440 17008 2895 3440 17009 2903 4229 17010 2888 4229 17011 2896 4229 17012 2903 4230 17013 2895 4230 17014 2888 4230 17015 2904 4231 17016 2889 4231 17017 2897 4231 17018 2904 4232 17019 2896 4232 17020 2889 4232 17021 2905 4233 17022 2898 4233 17023 2906 4233 17024 2905 4234 17025 2897 4234 17026 2898 4234 17027 2907 4235 17028 2899 4235 17029 2893 4235 17030 2907 4236 17031 2908 4236 17032 2900 4236 17033 2907 4237 17034 2900 4237 17035 2899 4237 17036 2907 4238 17037 2893 4238 17038 2901 4238 17039 2909 4239 17040 2901 4239 17041 2894 4239 17042 2909 4240 17043 2894 4240 17044 2902 4240 17045 2910 4241 17046 2902 4241 17047 2895 4241 17048 2910 4242 17049 2895 4242 17050 2903 4242 17051 2911 4243 17052 2896 4243 17053 2904 4243 17054 2911 4244 17055 2903 4244 17056 2896 4244 17057 2912 4245 17058 2904 4245 17059 2897 4245 17060 2912 4246 17061 2897 4246 17062 2905 4246 17063 2913 4247 17064 2905 4247 17065 2906 4247 17066 2913 4248 17067 2906 4248 17068 2914 4248 17069 2915 4249 17070 2916 4249 17071 2908 4249 17072 2915 4250 17073 2908 4250 17074 2907 4250 17075 2915 4251 17076 2907 4251 17077 2901 4251 17078 2915 4252 17079 2901 4252 17080 2909 4252 17081 2917 4253 17082 2909 4253 17083 2902 4253 17084 2917 4254 17085 2902 4254 17086 2910 4254 17087 2918 4255 17088 2910 4255 17089 2903 4255 17090 2918 4256 17091 2903 4256 17092 2911 4256 17093 2919 4257 17094 2911 4257 17095 2904 4257 17096 2919 4258 17097 2904 4258 17098 2912 4258 17099 2920 4259 17100 2905 4259 17101 2913 4259 17102 2920 4260 17103 2912 4260 17104 2905 4260 17105 2921 4261 17106 2913 4261 17107 2914 4261 17108 2921 4262 17109 2914 4262 17110 2922 4262 17111 2923 4263 17112 2924 4263 17113 2916 4263 17114 2923 4264 17115 2916 4264 17116 2915 4264 17117 2923 4265 17118 2915 4265 17119 2909 4265 17120 2923 4266 17121 2909 4266 17122 2917 4266 17123 2925 4267 17124 2910 4267 17125 2918 4267 17126 2925 4268 17127 2917 4268 17128 2910 4268 17129 2926 4269 17130 2918 4269 17131 2911 4269 17132 2926 4270 17133 2911 4270 17134 2919 4270 17135 2927 4271 17136 2919 4271 17137 2912 4271 17138 2927 4272 17139 2912 4272 17140 2920 4272 17141 2928 4273 17142 2920 4273 17143 2913 4273 17144 2928 4274 17145 2913 4274 17146 2921 4274 17147 2929 4275 17148 2922 4275 17149 2930 4275 17150 2929 4276 17151 2921 4276 17152 2922 4276 17153 2931 4277 17154 2932 4277 17155 2924 4277 17156 2931 4278 17157 2923 4278 17158 2917 4278 17159 2931 4279 17160 2917 4279 17161 2925 4279 17162 2931 4280 17163 2924 4280 17164 2923 4280 17165 2933 4281 17166 2925 4281 17167 2918 4281 17168 2933 4282 17169 2918 4282 17170 2926 4282 17171 2934 4283 17172 2926 4283 17173 2919 4283 17174 2934 4284 17175 2919 4284 17176 2927 4284 17177 2935 4285 17178 2920 4285 17179 2928 4285 17180 2935 4286 17181 2927 4286 17182 2920 4286 17183 2936 4287 17184 2921 4287 17185 2929 4287 17186 2936 4288 17187 2928 4288 17188 2921 4288 17189 2937 4289 17190 2930 4289 17191 2938 4289 17192 2937 4290 17193 2929 4290 17194 2930 4290 17195 2939 4291 17196 2940 4291 17197 2941 4291 17198 2939 4292 17199 2941 4292 17200 2942 4292 17201 2943 4293 17202 2944 4293 17203 2932 4293 17204 2943 4294 17205 2932 4294 17206 2931 4294 17207 2943 4295 17208 2931 4295 17209 2925 4295 17210 2945 4296 17211 2940 4296 17212 2939 4296 17213 2943 4297 17214 2925 4297 17215 2933 4297 17216 2946 4298 17217 2933 4298 17218 2926 4298 17219 2945 4299 17220 2947 4299 17221 2940 4299 17222 2946 2783 17223 2926 2783 17224 2934 2783 17225 2948 4300 17226 2939 4300 17227 2942 4300 17228 2949 4301 17229 2934 4301 17230 2927 4301 17231 2948 540 17232 2942 540 17233 2950 540 17234 2949 4302 17235 2927 4302 17236 2935 4302 17237 2951 542 17238 2952 542 17239 2947 542 17240 2951 4303 17241 2947 4303 17242 2945 4303 17243 2953 4304 17244 2935 4304 17245 2928 4304 17246 2953 4305 17247 2928 4305 17248 2936 4305 17249 2954 4306 17250 2945 4306 17251 2939 4306 17252 2955 4307 17253 2936 4307 17254 2929 4307 17255 2954 4308 17256 2939 4308 17257 2948 4308 17258 2955 4309 17259 2929 4309 17260 2937 4309 17261 2956 2128 17262 2950 2128 17263 2957 2128 17264 2958 2129 17265 2938 2129 17266 2959 2129 17267 2958 4310 17268 2937 4310 17269 2938 4310 17270 2956 4311 17271 2948 4311 17272 2950 4311 17273 2960 554 17274 2961 554 17275 2944 554 17276 2960 4312 17277 2933 4312 17278 2946 4312 17279 2962 4313 17280 2963 4313 17281 2952 4313 17282 2960 4314 17283 2944 4314 17284 2943 4314 17285 2962 4315 17286 2952 4315 17287 2951 4315 17288 2960 4316 17289 2943 4316 17290 2933 4316 17291 2964 2135 17292 2945 2135 17293 2954 2135 17294 2965 4317 17295 2934 4317 17296 2949 4317 17297 2965 4318 17298 2946 4318 17299 2934 4318 17300 2964 2138 17301 2951 2138 17302 2945 2138 17303 2966 4319 17304 2949 4319 17305 2935 4319 17306 2967 4320 17307 2954 4320 17308 2948 4320 17309 2966 4321 17310 2935 4321 17311 2953 4321 17312 2967 4322 17313 2948 4322 17314 2956 4322 17315 2968 4323 17316 2953 4323 17317 2936 4323 17318 2969 4324 17319 2957 4324 17320 2970 4324 17321 2968 4325 17322 2936 4325 17323 2955 4325 17324 2969 4326 17325 2956 4326 17326 2957 4326 17327 2971 4327 17328 2937 4327 17329 2958 4327 17330 2972 4328 17331 2973 4328 17332 2963 4328 17333 2972 4329 17334 2963 4329 17335 2962 4329 17336 2971 4330 17337 2955 4330 17338 2937 4330 17339 2974 4331 17340 2958 4331 17341 2959 4331 17342 2974 3543 17343 2959 3543 17344 2975 3543 17345 2974 4332 17346 2975 4332 17347 2941 4332 17348 2976 4333 17349 2962 4333 17350 2951 4333 17351 2974 4334 17352 2941 4334 17353 2940 4334 17354 2976 4335 17355 2951 4335 17356 2964 4335 17357 2977 4336 17358 2946 4336 17359 2965 4336 17360 2977 4337 17361 2978 4337 17362 2961 4337 17363 2977 4338 17364 2961 4338 17365 2960 4338 17366 2977 4339 17367 2960 4339 17368 2946 4339 17369 2979 4340 17370 2964 4340 17371 2954 4340 17372 2979 4341 17373 2954 4341 17374 2967 4341 17375 2980 4342 17376 2949 4342 17377 2966 4342 17378 2981 4343 17379 2967 4343 17380 2956 4343 17381 2980 4344 17382 2965 4344 17383 2949 4344 17384 2982 4345 17385 2966 4345 17386 2953 4345 17387 2982 4346 17388 2953 4346 17389 2968 4346 17390 2981 4347 17391 2956 4347 17392 2969 4347 17393 2983 4348 17394 2970 4348 17395 2984 4348 17396 2985 4349 17397 2955 4349 17398 2971 4349 17399 2985 4350 17400 2968 4350 17401 2955 4350 17402 2983 4351 17403 2969 4351 17404 2970 4351 17405 2986 4352 17406 2987 4352 17407 2988 4352 17408 2986 4353 17409 2988 4353 17410 2989 4353 17411 2986 4354 17412 2989 4354 17413 2973 4354 17414 2986 4355 17415 2973 4355 17416 2972 4355 17417 2990 4356 17418 2971 4356 17419 2958 4356 17420 2990 4357 17421 2958 4357 17422 2974 4357 17423 2990 3570 17424 2974 3570 17425 2940 3570 17426 2991 4358 17427 2962 4358 17428 2976 4358 17429 2990 4359 17430 2940 4359 17431 2947 4359 17432 2991 4360 17433 2972 4360 17434 2962 4360 17435 2992 4361 17436 2978 4361 17437 2977 4361 17438 2992 4362 17439 2993 4362 17440 2978 4362 17441 2994 4363 17442 2976 4363 17443 2964 4363 17444 2992 4364 17445 2965 4364 17446 2980 4364 17447 2992 4365 17448 2977 4365 17449 2965 4365 17450 2995 4366 17451 2966 4366 17452 2982 4366 17453 2994 4367 17454 2964 4367 17455 2979 4367 17456 2995 4368 17457 2980 4368 17458 2966 4368 17459 2996 4369 17460 2968 4369 17461 2985 4369 17462 2997 4370 17463 2979 4370 17464 2967 4370 17465 2997 4371 17466 2967 4371 17467 2981 4371 17468 2996 4372 17469 2982 4372 17470 2968 4372 17471 2998 2185 17472 2985 2185 17473 2971 2185 17474 2998 2186 17475 2971 2186 17476 2990 2186 17477 2999 3587 17478 2981 3587 17479 2969 3587 17480 2999 4373 17481 2969 4373 17482 2983 4373 17483 2998 4374 17484 2990 4374 17485 2947 4374 17486 2998 625 17487 2947 625 17488 2952 625 17489 3000 4375 17490 3001 4375 17491 2993 4375 17492 3002 2189 17493 2984 2189 17494 3003 2189 17495 3000 4376 17496 2992 4376 17497 2980 4376 17498 3000 4377 17499 2993 4377 17500 2992 4377 17501 3000 4378 17502 2980 4378 17503 2995 4378 17504 3002 4379 17505 2983 4379 17506 2984 4379 17507 3004 4380 17508 3005 4380 17509 2987 4380 17510 3006 4381 17511 2995 4381 17512 2982 4381 17513 3004 4382 17514 2987 4382 17515 2986 4382 17516 3006 4383 17517 2982 4383 17518 2996 4383 17519 3004 4384 17520 2972 4384 17521 2991 4384 17522 3004 4385 17523 2986 4385 17524 2972 4385 17525 3007 4386 17526 2996 4386 17527 2985 4386 17528 3007 4387 17529 2985 4387 17530 2998 4387 17531 3008 4388 17532 2991 4388 17533 2976 4388 17534 3007 4389 17535 2998 4389 17536 2952 4389 17537 3008 4390 17538 2976 4390 17539 2994 4390 17540 3007 4391 17541 2952 4391 17542 2963 4391 17543 3009 4392 17544 3010 4392 17545 3001 4392 17546 3011 4393 17547 2994 4393 17548 2979 4393 17549 3009 4394 17550 3001 4394 17551 3000 4394 17552 3011 3611 17553 2979 3611 17554 2997 3611 17555 3009 4395 17556 3000 4395 17557 2995 4395 17558 3009 4396 17559 2995 4396 17560 3006 4396 17561 3012 4397 17562 3006 4397 17563 2996 4397 17564 3012 4398 17565 2963 4398 17566 2973 4398 17567 3013 4399 17568 2981 4399 17569 2999 4399 17570 3012 4400 17571 3007 4400 17572 2963 4400 17573 3013 4401 17574 2997 4401 17575 2981 4401 17576 3012 4402 17577 2996 4402 17578 3007 4402 17579 3014 4403 17580 3015 4403 17581 3010 4403 17582 3014 4404 17583 2988 4404 17584 3015 4404 17585 3014 4405 17586 3012 4405 17587 2973 4405 17588 3014 4406 17589 2989 4406 17590 2988 4406 17591 3014 4407 17592 3010 4407 17593 3009 4407 17594 3014 4408 17595 3006 4408 17596 3012 4408 17597 3016 4409 17598 2999 4409 17599 2983 4409 17600 3014 4410 17601 2973 4410 17602 2989 4410 17603 3014 4411 17604 3009 4411 17605 3006 4411 17606 3016 4412 17607 2983 4412 17608 3002 4412 17609 3017 3630 17610 3002 3630 17611 3003 3630 17612 3017 4413 17613 3003 4413 17614 3018 4413 17615 3019 4414 17616 3020 4414 17617 3005 4414 17618 3019 4415 17619 2991 4415 17620 3008 4415 17621 3019 4416 17622 3005 4416 17623 3004 4416 17624 3019 4417 17625 3004 4417 17626 2991 4417 17627 3021 4418 17628 2994 4418 17629 3011 4418 17630 3021 4419 17631 3008 4419 17632 2994 4419 17633 3022 4420 17634 2997 4420 17635 3013 4420 17636 3022 4421 17637 3011 4421 17638 2997 4421 17639 3023 4422 17640 3013 4422 17641 2999 4422 17642 3023 4423 17643 2999 4423 17644 3016 4423 17645 3024 4424 17646 3016 4424 17647 3002 4424 17648 3024 4425 17649 3002 4425 17650 3017 4425 17651 3025 4426 17652 3017 4426 17653 3018 4426 17654 3025 4427 17655 3018 4427 17656 3026 4427 17657 3027 4428 17658 3028 4428 17659 3020 4428 17660 3027 4429 17661 3019 4429 17662 3008 4429 17663 3027 4430 17664 3008 4430 17665 3021 4430 17666 3027 4431 17667 3020 4431 17668 3019 4431 17669 3029 4432 17670 3011 4432 17671 3022 4432 17672 3029 4433 17673 3021 4433 17674 3011 4433 17675 3030 4434 17676 3013 4434 17677 3023 4434 17678 3030 4435 17679 3022 4435 17680 3013 4435 17681 3031 4436 17682 3016 4436 17683 3024 4436 17684 3031 4437 17685 3023 4437 17686 3016 4437 17687 3032 4438 17688 3024 4438 17689 3017 4438 17690 3032 4439 17691 3017 4439 17692 3025 4439 17693 3033 4440 17694 3025 4440 17695 3026 4440 17696 3033 4441 17697 3026 4441 17698 3034 4441 17699 3035 4442 17700 3036 4442 17701 3028 4442 17702 3035 4443 17703 3028 4443 17704 3027 4443 17705 3035 4444 17706 3021 4444 17707 3029 4444 17708 3035 4445 17709 3027 4445 17710 3021 4445 17711 3037 4446 17712 3029 4446 17713 3022 4446 17714 3037 4447 17715 3022 4447 17716 3030 4447 17717 3038 4448 17718 3030 4448 17719 3023 4448 17720 3038 4449 17721 3023 4449 17722 3031 4449 17723 3039 4450 17724 3024 4450 17725 3032 4450 17726 3039 4451 17727 3031 4451 17728 3024 4451 17729 3040 4452 17730 3025 4452 17731 3033 4452 17732 3040 4453 17733 3032 4453 17734 3025 4453 17735 3041 708 17736 3034 708 17737 3042 708 17738 3041 4454 17739 3033 4454 17740 3034 4454 17741 3043 4455 17742 3044 4455 17743 3036 4455 17744 3043 4456 17745 3029 4456 17746 3037 4456 17747 3043 4457 17748 3036 4457 17749 3035 4457 17750 3043 4458 17751 3035 4458 17752 3029 4458 17753 3045 4459 17754 3037 4459 17755 3030 4459 17756 3045 2911 17757 3030 2911 17758 3038 2911 17759 3046 4460 17760 3038 4460 17761 3031 4460 17762 3046 4461 17763 3031 4461 17764 3039 4461 17765 3047 4462 17766 3032 4462 17767 3040 4462 17768 3047 4463 17769 3039 4463 17770 3032 4463 17771 3048 4464 17772 3040 4464 17773 3033 4464 17774 3048 4465 17775 3033 4465 17776 3041 4465 17777 3049 2265 17778 3042 2265 17779 3050 2265 17780 3049 4466 17781 3041 4466 17782 3042 4466 17783 3051 724 17784 3052 724 17785 3044 724 17786 3051 4467 17787 3044 4467 17788 3043 4467 17789 3051 4468 17790 3043 4468 17791 3037 4468 17792 3051 4469 17793 3037 4469 17794 3045 4469 17795 3053 4470 17796 3045 4470 17797 3038 4470 17798 3053 4471 17799 3038 4471 17800 3046 4471 17801 3054 4472 17802 3046 4472 17803 3039 4472 17804 3054 4473 17805 3039 4473 17806 3047 4473 17807 3055 4474 17808 3040 4474 17809 3048 4474 17810 3055 4475 17811 3047 4475 17812 3040 4475 17813 3056 4476 17814 3048 4476 17815 3041 4476 17816 3056 4477 17817 3041 4477 17818 3049 4477 17819 3057 3699 17820 3050 3699 17821 3058 3699 17822 3057 4478 17823 3049 4478 17824 3050 4478 17825 3059 4479 17826 3060 4479 17827 3052 4479 17828 3059 4480 17829 3052 4480 17830 3051 4480 17831 3059 4481 17832 3051 4481 17833 3045 4481 17834 3059 4482 17835 3045 4482 17836 3053 4482 17837 3061 4483 17838 3046 4483 17839 3054 4483 17840 3061 4484 17841 3053 4484 17842 3046 4484 17843 3062 4485 17844 3054 4485 17845 3047 4485 17846 3062 4486 17847 3047 4486 17848 3055 4486 17849 3063 3709 17850 3048 3709 17851 3056 3709 17852 3063 4487 17853 3055 4487 17854 3048 4487 17855 3064 4488 17856 3056 4488 17857 3049 4488 17858 3064 4489 17859 3049 4489 17860 3057 4489 17861 2862 4490 17862 3058 4490 17863 3065 4490 17864 2862 4491 17865 3057 4491 17866 3058 4491 17867 3066 4492 17868 3059 4492 17869 3053 4492 17870 3066 4493 17871 3067 4493 17872 3060 4493 17873 3066 4494 17874 3060 4494 17875 3059 4494 17876 3066 4495 17877 3053 4495 17878 3061 4495 17879 2871 4496 17880 3061 4496 17881 3054 4496 17882 2871 4497 17883 3054 4497 17884 3062 4497 17885 2874 4498 17886 3062 4498 17887 3055 4498 17888 2874 4499 17889 3055 4499 17890 3063 4499 17891 2877 4500 17892 3063 4500 17893 3056 4500 17894 2877 2295 17895 3056 2295 17896 3064 2295 17897 2861 4501 17898 3064 4501 17899 3057 4501 17900 2861 4502 17901 3057 4502 17902 2862 4502 17903 2863 4503 17904 2862 4503 17905 3065 4503 17906 2863 4504 17907 3065 4504 17908 2865 4504 17909 2870 4505 17910 2869 4505 17911 3067 4505 17912 2870 4506 17913 3067 4506 17914 3066 4506 17915 2870 4507 17916 3061 4507 17917 2871 4507 17918 2870 4508 17919 3066 4508 17920 3061 4508 17921 2872 4509 17922 3062 4509 17923 2874 4509 17924 2872 4510 17925 2871 4510 17926 3062 4510 17927 2875 4511 17928 2874 4511 17929 3063 4511 17930 2875 4512 17931 3063 4512 17932 2877 4512 17933 2878 4513 17934 3064 4513 17935 2861 4513 17936 2878 4514 17937 2877 4514 17938 3064 4514 17939 3068 2309 17940 3069 2309 17941 3070 2309 17942 3068 777 17943 3070 777 17944 3071 777 17945 3072 3736 17946 3068 3736 17947 3071 3736 17948 3072 2311 17949 3071 2311 17950 3073 2311 17951 3074 4515 17952 3075 4515 17953 3076 4515 17954 3074 4516 17955 3076 4516 17956 3077 4516 17957 3078 390 17958 3072 390 17959 3073 390 17960 3078 390 17961 3073 390 17962 3079 390 17963 3080 3738 17964 3077 3738 17965 3081 3738 17966 3082 4517 17967 3078 4517 17968 3079 4517 17969 3080 4518 17970 3074 4518 17971 3077 4518 17972 3082 785 17973 3079 785 17974 3083 785 17975 3084 4519 17976 3081 4519 17977 3085 4519 17978 3086 3742 17979 3082 3742 17980 3083 3742 17981 3086 2316 17982 3083 2316 17983 3087 2316 17984 3084 4520 17985 3080 4520 17986 3081 4520 17987 3088 2318 17988 3085 2318 17989 3089 2318 17990 3090 4521 17991 3086 4521 17992 3087 4521 17993 3090 2320 17994 3087 2320 17995 3091 2320 17996 3088 4522 17997 3084 4522 17998 3085 4522 17999 3092 2321 18000 3089 2321 18001 3093 2321 18002 3094 4523 18003 3091 4523 18004 3095 4523 18005 3092 794 18006 3088 794 18007 3089 794 18008 3094 4524 18009 3090 4524 18010 3091 4524 18011 3096 2325 18012 3095 2325 18013 3097 2325 18014 3098 2326 18015 3093 2326 18016 3099 2326 18017 3096 3747 18018 3094 3747 18019 3095 3747 18020 3075 4525 18021 3097 4525 18022 3076 4525 18023 3098 3748 18024 3092 3748 18025 3093 3748 18026 3075 4526 18027 3096 4526 18028 3097 4526 18029 3100 368 18030 3099 368 18031 3101 368 18032 3100 368 18033 3098 368 18034 3099 368 18035 3102 804 18036 3101 804 18037 3103 804 18038 3102 4527 18039 3100 4527 18040 3101 4527 18041 3104 806 18042 3103 806 18043 3105 806 18044 3104 2328 18045 3102 2328 18046 3103 2328 18047 3106 4528 18048 3105 4528 18049 3107 4528 18050 3106 4529 18051 3104 4529 18052 3105 4529 18053 3108 4530 18054 3107 4530 18055 3109 4530 18056 3108 4531 18057 3106 4531 18058 3107 4531 18059 3110 2333 18060 3108 2333 18061 3109 2333 18062 3110 2333 18063 3109 2333 18064 3111 2333 18065 3112 813 18066 3110 813 18067 3111 813 18068 3112 814 18069 3111 814 18070 3113 814 18071 3114 815 18072 3112 815 18073 3113 815 18074 3114 4532 18075 3113 4532 18076 3115 4532 18077 3116 818 18078 3114 818 18079 3115 818 18080 3116 817 18081 3115 817 18082 3117 817 18083 3118 4533 18084 3116 4533 18085 3117 4533 18086 3118 4534 18087 3117 4534 18088 3119 4534 18089 3069 4535 18090 3118 4535 18091 3119 4535 18092 3069 4535 18093 3119 4535 18094 3070 4535 18095 3110 3761 18096 3058 3761 18097 3050 3761 18098 2922 823 18099 2914 823 18100 3082 823 18101 3082 2972 18102 2914 2972 18103 3078 2972 18104 2957 3768 18105 3088 3768 18106 2970 3768 18107 3084 1686 18108 3088 1686 18109 2957 1686 18110 2950 4536 18111 3080 4536 18112 2957 4536 18113 2957 2345 18114 3080 2345 18115 3084 2345 18116 2970 4536 18117 3092 4536 18118 2984 4536 18119 3110 4537 18120 3065 4537 18121 3058 4537 18122 3088 823 18123 3092 823 18124 2970 823 18125 3112 1684 18126 3065 1684 18127 3110 1684 18128 2942 823 18129 3074 823 18130 2950 823 18131 2950 1654 18132 3074 1654 18133 3080 1654 18134 2984 4538 18135 3098 4538 18136 3003 4538 18137 3003 823 18138 3098 823 18139 3018 823 18140 2914 823 18141 2906 823 18142 3078 823 18143 3092 823 18144 3098 823 18145 2984 823 18146 3072 823 18147 2906 823 18148 3068 823 18149 3078 4539 18150 2906 4539 18151 3072 4539 18152 3114 844 18153 2865 844 18154 3112 844 18155 2941 840 18156 3075 840 18157 2942 840 18158 3116 823 18159 2865 823 18160 3114 823 18161 2942 4540 18162 3075 4540 18163 3074 4540 18164 3112 4541 18165 2865 4541 18166 3065 4541 18167 3068 823 18168 2898 823 18169 3069 823 18170 2906 4542 18171 2898 4542 18172 3068 4542 18173 3098 3764 18174 3100 3764 18175 3018 3764 18176 3116 4538 18177 2866 4538 18178 2865 4538 18179 2975 841 18180 3096 841 18181 2941 841 18182 2898 3769 18183 2890 3769 18184 3069 3769 18185 2941 3770 18186 3096 3770 18187 3075 3770 18188 2890 4543 18189 2882 4543 18190 3069 4543 18191 3118 823 18192 2882 823 18193 3116 823 18194 3069 823 18195 2882 823 18196 3118 823 18197 3116 1644 18198 2882 1644 18199 2866 1644 18200 3018 2337 18201 3102 2337 18202 3026 2337 18203 3100 823 18204 3102 823 18205 3018 823 18206 2959 823 18207 3094 823 18208 2975 823 18209 2975 2972 18210 3094 2972 18211 3096 2972 18212 3026 2978 18213 3104 2978 18214 3034 2978 18215 3102 823 18216 3104 823 18217 3026 823 18218 2938 823 18219 3090 823 18220 2959 823 18221 2959 876 18222 3090 876 18223 3094 876 18224 3104 4544 18225 3106 4544 18226 3034 4544 18227 3106 823 18228 3042 823 18229 3034 823 18230 2938 4545 18231 2930 4545 18232 3090 4545 18233 3090 823 18234 2930 823 18235 3086 823 18236 2930 4546 18237 3082 4546 18238 3086 4546 18239 3106 823 18240 3050 823 18241 3042 823 18242 3108 823 18243 3050 823 18244 3106 823 18245 3108 823 18246 3110 823 18247 3050 823 18248 2930 4538 18249 2922 4538 18250 3082 4538 18251 2825 850 18252 3005 850 18253 3020 850 18254 2822 850 18255 2818 850 18256 3005 850 18257 2924 4547 18258 2932 4547 18259 2859 4547 18260 2859 3786 18261 2932 3786 18262 2809 3786 18263 2818 850 18264 2987 850 18265 3005 850 18266 2869 850 18267 2846 850 18268 3067 850 18269 2846 850 18270 2844 850 18271 3067 850 18272 2868 2352 18273 2847 2352 18274 2869 2352 18275 2869 856 18276 2847 856 18277 2846 856 18278 3067 4548 18279 2842 4548 18280 3060 4548 18281 2932 4549 18282 2944 4549 18283 2809 4549 18284 2844 850 18285 2842 850 18286 3067 850 18287 2809 850 18288 2944 850 18289 2811 850 18290 2811 850 18291 2944 850 18292 2816 850 18293 2814 850 18294 2988 850 18295 2818 850 18296 2884 911 18297 2849 911 18298 2868 911 18299 2835 850 18300 2988 850 18301 2814 850 18302 2818 850 18303 2988 850 18304 2987 850 18305 2868 870 18306 2849 870 18307 2847 870 18308 3060 4550 18309 2840 4550 18310 3052 4550 18311 2944 3783 18312 2961 3783 18313 2816 3783 18314 2842 850 18315 2840 850 18316 3060 850 18317 2835 850 18318 3015 850 18319 2988 850 18320 2892 850 18321 2851 850 18322 2884 850 18323 2832 850 18324 3015 850 18325 2835 850 18326 2884 866 18327 2851 866 18328 2849 866 18329 2961 850 18330 2978 850 18331 2816 850 18332 2816 850 18333 2978 850 18334 2820 850 18335 2820 4551 18336 2978 4551 18337 2823 4551 18338 3052 3809 18339 2837 3809 18340 3044 3809 18341 2832 2352 18342 3010 2352 18343 3015 2352 18344 2840 850 18345 2837 850 18346 3052 850 18347 2900 850 18348 2853 850 18349 2892 850 18350 2978 4552 18351 2993 4552 18352 2823 4552 18353 2823 4553 18354 3001 4553 18355 2827 4553 18356 2827 869 18357 3001 869 18358 2832 869 18359 2892 4554 18360 2853 4554 18361 2851 4554 18362 2832 850 18363 3001 850 18364 3010 850 18365 2993 850 18366 3001 850 18367 2823 850 18368 2900 896 18369 2908 896 18370 2853 896 18371 3044 4555 18372 2834 4555 18373 3036 4555 18374 2837 850 18375 2834 850 18376 3044 850 18377 2908 4556 18378 2855 4556 18379 2853 4556 18380 3036 4557 18381 2829 4557 18382 3028 4557 18383 2834 4558 18384 2829 4558 18385 3036 4558 18386 2908 3786 18387 2857 3786 18388 2855 3786 18389 2916 850 18390 2857 850 18391 2908 850 18392 2829 3789 18393 2825 3789 18394 3028 3789 18395 2825 4559 18396 3020 4559 18397 3028 4559 18398 2916 850 18399 2924 850 18400 2857 850 18401 2857 850 18402 2924 850 18403 2859 850 18404 2822 850 18405 3005 850 18406 2825 850 18407 2848 1692 18408 2850 1692 18409 2790 1692 18410 2670 2990 18411 2662 2990 18412 2824 2990 18413 2821 823 18414 2662 823 18415 2817 823 18416 2824 823 18417 2662 823 18418 2821 823 18419 2850 4560 18420 2798 4560 18421 2790 4560 18422 2697 4561 18423 2826 4561 18424 2710 4561 18425 2826 4562 18426 2830 4562 18427 2710 4562 18428 2690 2976 18429 2819 2976 18430 2697 2976 18431 2697 823 18432 2819 823 18433 2826 823 18434 2662 823 18435 2654 823 18436 2817 823 18437 2710 823 18438 2831 823 18439 2724 823 18440 2817 823 18441 2654 823 18442 2812 823 18443 2850 4563 18444 2805 4563 18445 2798 4563 18446 2830 823 18447 2831 823 18448 2710 823 18449 2852 823 18450 2805 823 18451 2850 823 18452 2854 823 18453 2805 823 18454 2852 823 18455 2682 823 18456 2815 823 18457 2690 823 18458 2690 4564 18459 2815 4564 18460 2819 4564 18461 2654 823 18462 2646 823 18463 2812 823 18464 2724 823 18465 2838 823 18466 2743 823 18467 2856 823 18468 2605 823 18469 2854 823 18470 2854 3765 18471 2605 3765 18472 2805 3765 18473 2831 823 18474 2838 823 18475 2724 823 18476 2681 1686 18477 2813 1686 18478 2682 1686 18479 2810 4565 18480 2638 4565 18481 2808 4565 18482 2812 823 18483 2638 823 18484 2810 823 18485 2646 823 18486 2638 823 18487 2812 823 18488 2682 4566 18489 2813 4566 18490 2815 4566 18491 2856 4560 18492 2606 4560 18493 2605 4560 18494 2743 823 18495 2839 823 18496 2758 823 18497 2638 832 18498 2630 832 18499 2808 832 18500 2838 823 18501 2839 823 18502 2743 823 18503 2858 1690 18504 2622 1690 18505 2856 1690 18506 2715 823 18507 2836 823 18508 2681 823 18509 2808 823 18510 2622 823 18511 2858 823 18512 2630 823 18513 2622 823 18514 2808 823 18515 2856 823 18516 2622 823 18517 2606 823 18518 2681 4567 18519 2836 4567 18520 2813 4567 18521 2758 823 18522 2841 823 18523 2766 823 18524 2839 823 18525 2841 823 18526 2758 823 18527 2699 823 18528 2833 823 18529 2715 823 18530 2715 3797 18531 2833 3797 18532 2836 3797 18533 2766 880 18534 2843 880 18535 2774 880 18536 2841 4568 18537 2843 4568 18538 2766 4568 18539 2678 823 18540 2828 823 18541 2699 823 18542 2699 875 18543 2828 875 18544 2833 875 18545 2843 2976 18546 2782 2976 18547 2774 2976 18548 2845 823 18549 2782 823 18550 2843 823 18551 2828 3793 18552 2670 3793 18553 2824 3793 18554 2678 1654 18555 2670 1654 18556 2828 1654 18557 2845 823 18558 2790 823 18559 2782 823 18560 2848 823 18561 2790 823 18562 2845 823 18563 3077 4569 18564 2727 4569 18565 2745 4569 18566 2609 4570 18567 3107 4570 18568 2807 4570 18569 3071 4571 18570 2684 4571 18571 3073 4571 18572 3073 850 18573 2684 850 18574 3079 850 18575 2672 850 18576 2684 850 18577 3071 850 18578 2807 4572 18579 3105 4572 18580 2800 4572 18581 3107 850 18582 3105 850 18583 2807 850 18584 2608 850 18585 3109 850 18586 2609 850 18587 2609 3809 18588 3109 3809 18589 3107 3809 18590 3105 850 18591 3103 850 18592 2800 850 18593 3077 3813 18594 2728 3813 18595 2727 3813 18596 3076 4573 18597 2728 4573 18598 3077 4573 18599 3097 903 18600 2728 903 18601 3076 903 18602 2624 850 18603 3111 850 18604 2608 850 18605 2608 4574 18606 3111 4574 18607 3109 4574 18608 2792 850 18609 3101 850 18610 2784 850 18611 2684 3806 18612 2701 3806 18613 3079 3806 18614 2800 4575 18615 3101 4575 18616 2792 4575 18617 3103 850 18618 3101 850 18619 2800 850 18620 3097 897 18621 2755 897 18622 2728 897 18623 2632 850 18624 3113 850 18625 2624 850 18626 3095 4576 18627 2755 4576 18628 3097 4576 18629 2624 4577 18630 3113 4577 18631 3111 4577 18632 2701 908 18633 2718 908 18634 3079 908 18635 3079 4578 18636 2718 4578 18637 3083 4578 18638 3083 850 18639 2718 850 18640 3087 850 18641 3101 3809 18642 3099 3809 18643 2784 3809 18644 3095 850 18645 2750 850 18646 2755 850 18647 3099 4579 18648 2776 4579 18649 2784 4579 18650 2640 850 18651 3115 850 18652 2632 850 18653 2718 4580 18654 2733 4580 18655 3087 4580 18656 3087 850 18657 2741 850 18658 3091 850 18659 2632 4571 18660 3115 4571 18661 3113 4571 18662 3091 4552 18663 2741 4552 18664 3095 4552 18665 3095 850 18666 2741 850 18667 2750 850 18668 2733 850 18669 2741 850 18670 3087 850 18671 3099 1662 18672 3093 1662 18673 2776 1662 18674 2648 850 18675 3117 850 18676 2640 850 18677 2640 4581 18678 3117 4581 18679 3115 4581 18680 2776 4582 18681 3089 4582 18682 2768 4582 18683 3093 850 18684 3089 850 18685 2776 850 18686 2656 4583 18687 3119 4583 18688 2648 4583 18689 2648 4584 18690 3119 4584 18691 3117 4584 18692 3085 850 18693 2760 850 18694 3089 850 18695 3089 850 18696 2760 850 18697 2768 850 18698 2656 4585 18699 2664 4585 18700 3119 4585 18701 3119 850 18702 2664 850 18703 3070 850 18704 3085 4586 18705 2745 4586 18706 2760 4586 18707 3081 4587 18708 2745 4587 18709 3085 4587 18710 3081 850 18711 3077 850 18712 2745 850 18713 2664 4588 18714 2672 4588 18715 3070 4588 18716 3070 850 18717 2672 850 18718 3071 850 18719 3120 4589 18720 3121 4589 18721 3122 4589 18722 3120 4590 18723 3122 4590 18724 3123 4590 18725 3124 3818 18726 3123 3818 18727 3125 3818 18728 3124 4591 18729 3125 4591 18730 3126 4591 18731 3127 4592 18732 3128 4592 18733 3129 4592 18734 3127 4593 18735 3129 4593 18736 3130 4593 18737 3127 4594 18738 3130 4594 18739 3131 4594 18740 3127 4595 18741 3131 4595 18742 3132 4595 18743 3133 4596 18744 3132 4596 18745 3134 4596 18746 3133 4597 18747 3134 4597 18748 3135 4597 18749 3136 4598 18750 3135 4598 18751 3137 4598 18752 3136 4599 18753 3137 4599 18754 3138 4599 18755 3139 4600 18756 3138 4600 18757 3121 4600 18758 3139 4601 18759 3121 4601 18760 3120 4601 18761 3140 4602 18762 3123 4602 18763 3124 4602 18764 3140 4603 18765 3120 4603 18766 3123 4603 18767 3141 4604 18768 3126 4604 18769 3142 4604 18770 3141 4605 18771 3124 4605 18772 3126 4605 18773 3143 18 18774 3144 18 18775 3128 18 18776 3143 4606 18777 3128 4606 18778 3127 4606 18779 3143 4607 18780 3132 4607 18781 3133 4607 18782 3143 4608 18783 3127 4608 18784 3132 4608 18785 3145 3025 18786 3133 3025 18787 3135 3025 18788 3145 3026 18789 3135 3026 18790 3136 3026 18791 3146 3838 18792 3136 3838 18793 3138 3838 18794 3146 3839 18795 3138 3839 18796 3139 3839 18797 3147 4609 18798 3139 4609 18799 3120 4609 18800 3147 3841 18801 3120 3841 18802 3140 3841 18803 3148 4610 18804 3140 4610 18805 3124 4610 18806 3148 4611 18807 3124 4611 18808 3141 4611 18809 3149 4612 18810 3142 4612 18811 3150 4612 18812 3149 4613 18813 3141 4613 18814 3142 4613 18815 3151 4614 18816 3152 4614 18817 3144 4614 18818 3151 4615 18819 3144 4615 18820 3143 4615 18821 3151 4616 18822 3143 4616 18823 3133 4616 18824 3151 4617 18825 3133 4617 18826 3145 4617 18827 3153 3039 18828 3145 3039 18829 3136 3039 18830 3153 3040 18831 3136 3040 18832 3146 3040 18833 3154 4618 18834 3139 4618 18835 3147 4618 18836 3154 4619 18837 3146 4619 18838 3139 4619 18839 3155 4620 18840 3140 4620 18841 3148 4620 18842 3155 4621 18843 3147 4621 18844 3140 4621 18845 3156 4622 18846 3148 4622 18847 3141 4622 18848 3156 4623 18849 3141 4623 18850 3149 4623 18851 3157 4624 18852 3150 4624 18853 3158 4624 18854 3157 4625 18855 3149 4625 18856 3150 4625 18857 3159 4626 18858 3160 4626 18859 3152 4626 18860 3159 4627 18861 3145 4627 18862 3153 4627 18863 3159 4628 18864 3152 4628 18865 3151 4628 18866 3159 4629 18867 3151 4629 18868 3145 4629 18869 3161 3053 18870 3153 3053 18871 3146 3053 18872 3161 4630 18873 3146 4630 18874 3154 4630 18875 3162 3866 18876 3154 3866 18877 3147 3866 18878 3162 4631 18879 3147 4631 18880 3155 4631 18881 3163 4632 18882 3148 4632 18883 3156 4632 18884 3163 4633 18885 3155 4633 18886 3148 4633 18887 3164 4634 18888 3149 4634 18889 3157 4634 18890 3164 4635 18891 3156 4635 18892 3149 4635 18893 3165 4636 18894 3158 4636 18895 3166 4636 18896 3165 4637 18897 3157 4637 18898 3158 4637 18899 3167 4638 18900 3159 4638 18901 3153 4638 18902 3167 61 18903 3168 61 18904 3160 61 18905 3167 4639 18906 3160 4639 18907 3159 4639 18908 3167 4640 18909 3153 4640 18910 3161 4640 18911 3169 3877 18912 3161 3877 18913 3154 3877 18914 3169 3066 18915 3154 3066 18916 3162 3066 18917 3170 4641 18918 3162 4641 18919 3155 4641 18920 3170 4642 18921 3155 4642 18922 3163 4642 18923 3171 3881 18924 3156 3881 18925 3164 3881 18926 3171 4643 18927 3163 4643 18928 3156 4643 18929 3172 4644 18930 3164 4644 18931 3157 4644 18932 3172 4645 18933 3157 4645 18934 3165 4645 18935 3173 3885 18936 3165 3885 18937 3166 3885 18938 3173 986 18939 3166 986 18940 3174 986 18941 3175 4646 18942 3176 4646 18943 3168 4646 18944 3175 3887 18945 3168 3887 18946 3167 3887 18947 3175 4647 18948 3167 4647 18949 3161 4647 18950 3175 3889 18951 3161 3889 18952 3169 3889 18953 3177 4648 18954 3169 4648 18955 3162 4648 18956 3177 4649 18957 3162 4649 18958 3170 4649 18959 3178 4650 18960 3170 4650 18961 3163 4650 18962 3178 4651 18963 3163 4651 18964 3171 4651 18965 3179 4652 18966 3171 4652 18967 3164 4652 18968 3179 4653 18969 3164 4653 18970 3172 4653 18971 3180 4654 18972 3165 4654 18973 3173 4654 18974 3180 4655 18975 3172 4655 18976 3165 4655 18977 3181 4656 18978 3173 4656 18979 3174 4656 18980 3181 4657 18981 3174 4657 18982 3182 4657 18983 3183 3089 18984 3184 3089 18985 3176 3089 18986 3183 4658 18987 3176 4658 18988 3175 4658 18989 3183 4659 18990 3175 4659 18991 3169 4659 18992 3183 4660 18993 3169 4660 18994 3177 4660 18995 3185 92 18996 3170 92 18997 3178 92 18998 3185 4661 18999 3177 4661 19000 3170 4661 19001 3186 4662 19002 3178 4662 19003 3171 4662 19004 3186 4663 19005 3171 4663 19006 3179 4663 19007 3187 4664 19008 3179 4664 19009 3172 4664 19010 3187 3098 19011 3172 3098 19012 3180 3098 19013 3188 4665 19014 3180 4665 19015 3173 4665 19016 3188 4666 19017 3173 4666 19018 3181 4666 19019 3189 3911 19020 3182 3911 19021 3190 3911 19022 3189 4667 19023 3181 4667 19024 3182 4667 19025 3191 4668 19026 3192 4668 19027 3184 4668 19028 3191 4669 19029 3183 4669 19030 3177 4669 19031 3191 3915 19032 3177 3915 19033 3185 3915 19034 3191 3916 19035 3184 3916 19036 3183 3916 19037 3193 4670 19038 3185 4670 19039 3178 4670 19040 3193 4671 19041 3178 4671 19042 3186 4671 19043 3194 3919 19044 3186 3919 19045 3179 3919 19046 3194 4672 19047 3179 4672 19048 3187 4672 19049 3195 4673 19050 3180 4673 19051 3188 4673 19052 3195 3922 19053 3187 3922 19054 3180 3922 19055 3196 4674 19056 3181 4674 19057 3189 4674 19058 3196 4675 19059 3188 4675 19060 3181 4675 19061 3197 4676 19062 3190 4676 19063 3198 4676 19064 3197 4677 19065 3189 4677 19066 3190 4677 19067 3199 4678 19068 3200 4678 19069 3201 4678 19070 3199 4679 19071 3201 4679 19072 3202 4679 19073 3203 118 19074 3204 118 19075 3192 118 19076 3203 4680 19077 3192 4680 19078 3191 4680 19079 3203 4681 19080 3191 4681 19081 3185 4681 19082 3205 4682 19083 3200 4682 19084 3199 4682 19085 3203 4683 19086 3185 4683 19087 3193 4683 19088 3206 3933 19089 3193 3933 19090 3186 3933 19091 3205 4684 19092 3207 4684 19093 3200 4684 19094 3206 3935 19095 3186 3935 19096 3194 3935 19097 3208 3936 19098 3199 3936 19099 3202 3936 19100 3209 4685 19101 3194 4685 19102 3187 4685 19103 3208 4686 19104 3202 4686 19105 3210 4686 19106 3209 4687 19107 3187 4687 19108 3195 4687 19109 3211 4688 19110 3212 4688 19111 3207 4688 19112 3211 4689 19113 3207 4689 19114 3205 4689 19115 3213 4690 19116 3195 4690 19117 3188 4690 19118 3213 4691 19119 3188 4691 19120 3196 4691 19121 3214 4692 19122 3205 4692 19123 3199 4692 19124 3215 4693 19125 3196 4693 19126 3189 4693 19127 3214 4694 19128 3199 4694 19129 3208 4694 19130 3215 4695 19131 3189 4695 19132 3197 4695 19133 3216 4696 19134 3210 4696 19135 3217 4696 19136 3218 4697 19137 3198 4697 19138 3219 4697 19139 3218 4698 19140 3197 4698 19141 3198 4698 19142 3216 4699 19143 3208 4699 19144 3210 4699 19145 3220 142 19146 3221 142 19147 3204 142 19148 3220 1052 19149 3193 1052 19150 3206 1052 19151 3222 3952 19152 3223 3952 19153 3212 3952 19154 3220 3953 19155 3204 3953 19156 3203 3953 19157 3222 3954 19158 3212 3954 19159 3211 3954 19160 3220 4700 19161 3203 4700 19162 3193 4700 19163 3224 3956 19164 3205 3956 19165 3214 3956 19166 3225 4701 19167 3194 4701 19168 3209 4701 19169 3225 4702 19170 3206 4702 19171 3194 4702 19172 3224 4703 19173 3211 4703 19174 3205 4703 19175 3226 4704 19176 3209 4704 19177 3195 4704 19178 3227 4705 19179 3214 4705 19180 3208 4705 19181 3226 4706 19182 3195 4706 19183 3213 4706 19184 3227 4707 19185 3208 4707 19186 3216 4707 19187 3228 4708 19188 3213 4708 19189 3196 4708 19190 3229 4709 19191 3217 4709 19192 3230 4709 19193 3228 4710 19194 3196 4710 19195 3215 4710 19196 3229 4711 19197 3216 4711 19198 3217 4711 19199 3231 4712 19200 3197 4712 19201 3218 4712 19202 3232 3160 19203 3233 3160 19204 3223 3160 19205 3232 3161 19206 3223 3161 19207 3222 3161 19208 3231 4713 19209 3215 4713 19210 3197 4713 19211 3234 4714 19212 3218 4714 19213 3219 4714 19214 3234 3973 19215 3219 3973 19216 3235 3973 19217 3234 4715 19218 3235 4715 19219 3201 4715 19220 3236 4716 19221 3222 4716 19222 3211 4716 19223 3234 4717 19224 3201 4717 19225 3200 4717 19226 3236 4718 19227 3211 4718 19228 3224 4718 19229 3237 3169 19230 3206 3169 19231 3225 3169 19232 3237 171 19233 3238 171 19234 3221 171 19235 3237 4719 19236 3221 4719 19237 3220 4719 19238 3237 4720 19239 3220 4720 19240 3206 4720 19241 3239 4721 19242 3224 4721 19243 3214 4721 19244 3239 4722 19245 3214 4722 19246 3227 4722 19247 3240 4723 19248 3209 4723 19249 3226 4723 19250 3241 4724 19251 3227 4724 19252 3216 4724 19253 3240 4725 19254 3225 4725 19255 3209 4725 19256 3242 4726 19257 3226 4726 19258 3213 4726 19259 3242 4727 19260 3213 4727 19261 3228 4727 19262 3241 4728 19263 3216 4728 19264 3229 4728 19265 3243 4729 19266 3230 4729 19267 3244 4729 19268 3245 3990 19269 3215 3990 19270 3231 3990 19271 3245 3991 19272 3228 3991 19273 3215 3991 19274 3243 4730 19275 3229 4730 19276 3230 4730 19277 3246 4731 19278 3247 4731 19279 3248 4731 19280 3246 4732 19281 3248 4732 19282 3249 4732 19283 3246 4733 19284 3249 4733 19285 3233 4733 19286 3246 4734 19287 3233 4734 19288 3232 4734 19289 3250 4735 19290 3231 4735 19291 3218 4735 19292 3250 4736 19293 3218 4736 19294 3234 4736 19295 3250 4737 19296 3234 4737 19297 3200 4737 19298 3251 4738 19299 3222 4738 19300 3236 4738 19301 3250 4739 19302 3200 4739 19303 3207 4739 19304 3251 3192 19305 3232 3192 19306 3222 3192 19307 3252 4740 19308 3238 4740 19309 3237 4740 19310 3252 4741 19311 3253 4741 19312 3238 4741 19313 3254 4005 19314 3236 4005 19315 3224 4005 19316 3252 4742 19317 3225 4742 19318 3240 4742 19319 3252 4743 19320 3237 4743 19321 3225 4743 19322 3255 3198 19323 3226 3198 19324 3242 3198 19325 3254 4744 19326 3224 4744 19327 3239 4744 19328 3255 4745 19329 3240 4745 19330 3226 4745 19331 3256 4746 19332 3228 4746 19333 3245 4746 19334 3257 4747 19335 3239 4747 19336 3227 4747 19337 3257 4748 19338 3227 4748 19339 3241 4748 19340 3256 4749 19341 3242 4749 19342 3228 4749 19343 3258 4750 19344 3245 4750 19345 3231 4750 19346 3258 4751 19347 3231 4751 19348 3250 4751 19349 3259 4752 19350 3241 4752 19351 3229 4752 19352 3259 4753 19353 3229 4753 19354 3243 4753 19355 3258 4754 19356 3250 4754 19357 3207 4754 19358 3258 4755 19359 3207 4755 19360 3212 4755 19361 3260 3211 19362 3261 3211 19363 3253 3211 19364 3262 4756 19365 3244 4756 19366 3263 4756 19367 3260 4757 19368 3252 4757 19369 3240 4757 19370 3260 4758 19371 3253 4758 19372 3252 4758 19373 3260 4759 19374 3240 4759 19375 3255 4759 19376 3262 4760 19377 3243 4760 19378 3244 4760 19379 3264 220 19380 3265 220 19381 3247 220 19382 3266 4761 19383 3255 4761 19384 3242 4761 19385 3264 4762 19386 3247 4762 19387 3246 4762 19388 3266 4763 19389 3242 4763 19390 3256 4763 19391 3264 4764 19392 3232 4764 19393 3251 4764 19394 3264 4765 19395 3246 4765 19396 3232 4765 19397 3267 4766 19398 3256 4766 19399 3245 4766 19400 3267 4767 19401 3245 4767 19402 3258 4767 19403 3268 4768 19404 3251 4768 19405 3236 4768 19406 3267 4033 19407 3258 4033 19408 3212 4033 19409 3268 3226 19410 3236 3226 19411 3254 3226 19412 3267 4035 19413 3212 4035 19414 3223 4035 19415 3269 4769 19416 3270 4769 19417 3261 4769 19418 3271 4770 19419 3254 4770 19420 3239 4770 19421 3269 4771 19422 3261 4771 19423 3260 4771 19424 3271 4772 19425 3239 4772 19426 3257 4772 19427 3269 4773 19428 3260 4773 19429 3255 4773 19430 3269 4774 19431 3255 4774 19432 3266 4774 19433 3272 3233 19434 3266 3233 19435 3256 3233 19436 3272 3234 19437 3223 3234 19438 3233 3234 19439 3273 4044 19440 3241 4044 19441 3259 4044 19442 3272 3236 19443 3267 3236 19444 3223 3236 19445 3273 4046 19446 3257 4046 19447 3241 4046 19448 3272 4775 19449 3256 4775 19450 3267 4775 19451 3274 4048 19452 3275 4048 19453 3270 4048 19454 3274 4776 19455 3248 4776 19456 3275 4776 19457 3274 4777 19458 3272 4777 19459 3233 4777 19460 3274 4778 19461 3249 4778 19462 3248 4778 19463 3274 4779 19464 3270 4779 19465 3269 4779 19466 3274 4780 19467 3266 4780 19468 3272 4780 19469 3276 4781 19470 3259 4781 19471 3243 4781 19472 3274 4782 19473 3233 4782 19474 3249 4782 19475 3274 4783 19476 3269 4783 19477 3266 4783 19478 3276 4784 19479 3243 4784 19480 3262 4784 19481 3277 4058 19482 3262 4058 19483 3263 4058 19484 3277 1164 19485 3263 1164 19486 3278 1164 19487 3279 256 19488 3280 256 19489 3265 256 19490 3279 4059 19491 3251 4059 19492 3268 4059 19493 3279 4785 19494 3265 4785 19495 3264 4785 19496 3279 4786 19497 3264 4786 19498 3251 4786 19499 3281 3254 19500 3254 3254 19501 3271 3254 19502 3281 261 19503 3268 261 19504 3254 261 19505 3282 4787 19506 3257 4787 19507 3273 4787 19508 3282 4788 19509 3271 4788 19510 3257 4788 19511 3283 4789 19512 3273 4789 19513 3259 4789 19514 3283 4790 19515 3259 4790 19516 3276 4790 19517 3284 4791 19518 3276 4791 19519 3262 4791 19520 3284 4792 19521 3262 4792 19522 3277 4792 19523 3285 4793 19524 3277 4793 19525 3278 4793 19526 3285 4794 19527 3278 4794 19528 3286 4794 19529 3287 270 19530 3288 270 19531 3280 270 19532 3287 4071 19533 3279 4071 19534 3268 4071 19535 3287 4795 19536 3268 4795 19537 3281 4795 19538 3287 4796 19539 3280 4796 19540 3279 4796 19541 3289 3267 19542 3271 3267 19543 3282 3267 19544 3289 4797 19545 3281 4797 19546 3271 4797 19547 3290 4798 19548 3273 4798 19549 3283 4798 19550 3290 4799 19551 3282 4799 19552 3273 4799 19553 3291 3271 19554 3276 3271 19555 3284 3271 19556 3291 4800 19557 3283 4800 19558 3276 4800 19559 3292 4801 19560 3284 4801 19561 3277 4801 19562 3292 4081 19563 3277 4081 19564 3285 4081 19565 3293 4802 19566 3285 4802 19567 3286 4802 19568 3293 4083 19569 3286 4083 19570 3294 4083 19571 3295 4803 19572 3296 4803 19573 3288 4803 19574 3295 4085 19575 3288 4085 19576 3287 4085 19577 3295 4086 19578 3281 4086 19579 3289 4086 19580 3295 4804 19581 3287 4804 19582 3281 4804 19583 3297 4805 19584 3289 4805 19585 3282 4805 19586 3297 289 19587 3282 289 19588 3290 289 19589 3298 4806 19590 3290 4806 19591 3283 4806 19592 3298 4807 19593 3283 4807 19594 3291 4807 19595 3299 4808 19596 3284 4808 19597 3292 4808 19598 3299 4092 19599 3291 4092 19600 3284 4092 19601 3300 4809 19602 3285 4809 19603 3293 4809 19604 3300 4810 19605 3292 4810 19606 3285 4810 19607 3301 4811 19608 3294 4811 19609 3302 4811 19610 3301 4812 19611 3293 4812 19612 3294 4812 19613 3303 298 19614 3304 298 19615 3296 298 19616 3303 4813 19617 3289 4813 19618 3297 4813 19619 3303 4814 19620 3296 4814 19621 3295 4814 19622 3303 4815 19623 3295 4815 19624 3289 4815 19625 3305 4100 19626 3297 4100 19627 3290 4100 19628 3305 1209 19629 3290 1209 19630 3298 1209 19631 3306 4816 19632 3298 4816 19633 3291 4816 19634 3306 4817 19635 3291 4817 19636 3299 4817 19637 3307 4818 19638 3292 4818 19639 3300 4818 19640 3307 4819 19641 3299 4819 19642 3292 4819 19643 3308 4820 19644 3300 4820 19645 3293 4820 19646 3308 4821 19647 3293 4821 19648 3301 4821 19649 3309 4822 19650 3302 4822 19651 3310 4822 19652 3309 4823 19653 3301 4823 19654 3302 4823 19655 3311 312 19656 3312 312 19657 3304 312 19658 3311 4109 19659 3304 4109 19660 3303 4109 19661 3311 4824 19662 3303 4824 19663 3297 4824 19664 3311 4825 19665 3297 4825 19666 3305 4825 19667 3313 4826 19668 3305 4826 19669 3298 4826 19670 3313 4827 19671 3298 4827 19672 3306 4827 19673 3314 4828 19674 3306 4828 19675 3299 4828 19676 3314 4115 19677 3299 4115 19678 3307 4115 19679 3315 4116 19680 3300 4116 19681 3308 4116 19682 3315 4829 19683 3307 4829 19684 3300 4829 19685 3316 4830 19686 3308 4830 19687 3301 4830 19688 3316 4831 19689 3301 4831 19690 3309 4831 19691 3317 4832 19692 3310 4832 19693 3318 4832 19694 3317 4833 19695 3309 4833 19696 3310 4833 19697 3319 4834 19698 3320 4834 19699 3312 4834 19700 3319 4835 19701 3312 4835 19702 3311 4835 19703 3319 4836 19704 3311 4836 19705 3305 4836 19706 3319 4837 19707 3305 4837 19708 3313 4837 19709 3321 330 19710 3306 330 19711 3314 330 19712 3321 4838 19713 3313 4838 19714 3306 4838 19715 3322 4839 19716 3314 4839 19717 3307 4839 19718 3322 4840 19719 3307 4840 19720 3315 4840 19721 3323 4129 19722 3308 4129 19723 3316 4129 19724 3323 4841 19725 3315 4841 19726 3308 4841 19727 3324 4842 19728 3316 4842 19729 3309 4842 19730 3324 4843 19731 3309 4843 19732 3317 4843 19733 3122 4133 19734 3318 4133 19735 3325 4133 19736 3122 4134 19737 3317 4134 19738 3318 4134 19739 3326 4844 19740 3319 4844 19741 3313 4844 19742 3326 4845 19743 3327 4845 19744 3320 4845 19745 3326 4846 19746 3320 4846 19747 3319 4846 19748 3326 4847 19749 3313 4847 19750 3321 4847 19751 3131 4848 19752 3321 4848 19753 3314 4848 19754 3131 4849 19755 3314 4849 19756 3322 4849 19757 3134 4850 19758 3322 4850 19759 3315 4850 19760 3134 4851 19761 3315 4851 19762 3323 4851 19763 3137 4143 19764 3323 4143 19765 3316 4143 19766 3137 4852 19767 3316 4852 19768 3324 4852 19769 3121 4853 19770 3324 4853 19771 3317 4853 19772 3121 4854 19773 3317 4854 19774 3122 4854 19775 3123 4855 19776 3122 4855 19777 3325 4855 19778 3123 4856 19779 3325 4856 19780 3125 4856 19781 3130 3344 19782 3129 3344 19783 3327 3344 19784 3130 4857 19785 3327 4857 19786 3326 4857 19787 3130 4858 19788 3321 4858 19789 3131 4858 19790 3130 4859 19791 3326 4859 19792 3321 4859 19793 3132 4860 19794 3322 4860 19795 3134 4860 19796 3132 4861 19797 3131 4861 19798 3322 4861 19799 3135 4862 19800 3134 4862 19801 3323 4862 19802 3135 4863 19803 3323 4863 19804 3137 4863 19805 3138 4156 19806 3324 4156 19807 3121 4156 19808 3138 4864 19809 3137 4864 19810 3324 4864 19811 3328 4159 19812 3329 4159 19813 3330 4159 19814 3330 4158 19815 3329 4158 19816 3331 4158 19817 3332 3355 19818 3333 3355 19819 3334 3355 19820 3329 368 19821 3335 368 19822 3331 368 19823 3331 368 19824 3335 368 19825 3336 368 19826 3334 4865 19827 3337 4865 19828 3338 4865 19829 3333 3357 19830 3337 3357 19831 3334 3357 19832 3335 371 19833 3339 371 19834 3336 371 19835 3336 3358 19836 3339 3358 19837 3340 3358 19838 3338 376 19839 3341 376 19840 3342 376 19841 3337 4866 19842 3341 4866 19843 3338 4866 19844 3339 374 19845 3343 374 19846 3340 374 19847 3340 375 19848 3343 375 19849 3344 375 19850 3342 3364 19851 3345 3364 19852 3346 3364 19853 3341 3360 19854 3345 3360 19855 3342 3360 19856 3343 3361 19857 3347 3361 19858 3344 3361 19859 3344 3362 19860 3347 3362 19861 3348 3362 19862 3346 380 19863 3349 380 19864 3350 380 19865 3345 3363 19866 3349 3363 19867 3346 3363 19868 3348 382 19869 3351 382 19870 3352 382 19871 3347 4867 19872 3351 4867 19873 3348 4867 19874 3350 4167 19875 3353 4167 19876 3354 4167 19877 3349 384 19878 3353 384 19879 3350 384 19880 3352 4868 19881 3355 4868 19882 3356 4868 19883 3351 4869 19884 3355 4869 19885 3352 4869 19886 3355 3368 19887 3333 3368 19888 3356 3368 19889 3356 3369 19890 3333 3369 19891 3332 3369 19892 3353 4168 19893 3357 4168 19894 3354 4168 19895 3354 390 19896 3358 390 19897 3359 390 19898 3359 4171 19899 3358 4171 19900 3360 4171 19901 3357 390 19902 3358 390 19903 3354 390 19904 3360 3371 19905 3361 3371 19906 3362 3371 19907 3358 4169 19908 3361 4169 19909 3360 4169 19910 3362 3372 19911 3363 3372 19912 3364 3372 19913 3361 396 19914 3363 396 19915 3362 396 19916 3363 3374 19917 3365 3374 19918 3364 3374 19919 3365 3375 19920 3366 3375 19921 3364 3375 19922 3364 398 19923 3366 398 19924 3367 398 19925 3366 4870 19926 3368 4870 19927 3367 4870 19928 3367 4871 19929 3368 4871 19930 3369 4871 19931 3368 3378 19932 3370 3378 19933 3369 3378 19934 3369 3379 19935 3370 3379 19936 3371 3379 19937 3370 3380 19938 3372 3380 19939 3371 3380 19940 3371 3381 19941 3372 3381 19942 3373 3381 19943 3372 4872 19944 3374 4872 19945 3373 4872 19946 3373 4873 19947 3374 4873 19948 3375 4873 19949 3374 4874 19950 3376 4874 19951 3375 4874 19952 3375 408 19953 3376 408 19954 3377 408 19955 3376 3385 19956 3378 3385 19957 3377 3385 19958 3377 3386 19959 3378 3386 19960 3379 3386 19961 3378 411 19962 3328 411 19963 3379 411 19964 3379 3354 19965 3328 3354 19966 3330 3354 19967 3380 4179 19968 3381 4179 19969 3382 4179 19970 3380 4875 19971 3382 4875 19972 3383 4875 19973 3384 3390 19974 3383 3390 19975 3385 3390 19976 3384 415 19977 3385 415 19978 3386 415 19979 3387 4876 19980 3388 4876 19981 3389 4876 19982 3387 4877 19983 3389 4877 19984 3390 4877 19985 3387 4878 19986 3390 4878 19987 3391 4878 19988 3387 4879 19989 3391 4879 19990 3392 4879 19991 3393 4880 19992 3392 4880 19993 3394 4880 19994 3393 4881 19995 3394 4881 19996 3395 4881 19997 3396 4187 19998 3395 4187 19999 3397 4187 20000 3396 3398 20001 3397 3398 20002 3398 3398 20003 3399 424 20004 3398 424 20005 3381 424 20006 3399 4882 20007 3381 4882 20008 3380 4882 20009 3400 4883 20010 3383 4883 20011 3384 4883 20012 3400 4884 20013 3380 4884 20014 3383 4884 20015 3401 3403 20016 3386 3403 20017 3402 3403 20018 3401 4193 20019 3384 4193 20020 3386 4193 20021 3403 4885 20022 3404 4885 20023 3388 4885 20024 3403 4886 20025 3388 4886 20026 3387 4886 20027 3403 4887 20028 3392 4887 20029 3393 4887 20030 3403 3408 20031 3387 3408 20032 3392 3408 20033 3405 4888 20034 3393 4888 20035 3395 4888 20036 3405 4199 20037 3395 4199 20038 3396 4199 20039 3406 3411 20040 3396 3411 20041 3398 3411 20042 3406 3412 20043 3398 3412 20044 3399 3412 20045 3407 3413 20046 3399 3413 20047 3380 3413 20048 3407 3414 20049 3380 3414 20050 3400 3414 20051 3408 4889 20052 3400 4889 20053 3384 4889 20054 3408 4890 20055 3384 4890 20056 3401 4890 20057 3409 3417 20058 3402 3417 20059 3410 3417 20060 3409 4891 20061 3401 4891 20062 3402 4891 20063 3411 4892 20064 3412 4892 20065 3404 4892 20066 3411 4209 20067 3404 4209 20068 3403 4209 20069 3411 3421 20070 3403 3421 20071 3393 3421 20072 3411 4893 20073 3393 4893 20074 3405 4893 20075 3413 4212 20076 3405 4212 20077 3396 4212 20078 3413 4894 20079 3396 4894 20080 3406 4894 20081 3414 4895 20082 3399 4895 20083 3407 4895 20084 3414 4896 20085 3406 4896 20086 3399 4896 20087 3415 3427 20088 3400 3427 20089 3408 3427 20090 3415 4897 20091 3407 4897 20092 3400 4897 20093 3416 4898 20094 3408 4898 20095 3401 4898 20096 3416 4899 20097 3401 4899 20098 3409 4899 20099 3417 4900 20100 3410 4900 20101 3418 4900 20102 3417 4221 20103 3409 4221 20104 3410 4221 20105 3419 4901 20106 3420 4901 20107 3412 4901 20108 3419 4902 20109 3405 4902 20110 3413 4902 20111 3419 4224 20112 3412 4224 20113 3411 4224 20114 3419 3436 20115 3411 3436 20116 3405 3436 20117 3421 4903 20118 3413 4903 20119 3406 4903 20120 3421 4904 20121 3406 4904 20122 3414 4904 20123 3422 4905 20124 3414 4905 20125 3407 4905 20126 3422 3440 20127 3407 3440 20128 3415 3440 20129 3423 4906 20130 3408 4906 20131 3416 4906 20132 3423 4907 20133 3415 4907 20134 3408 4907 20135 3424 4908 20136 3409 4908 20137 3417 4908 20138 3424 4909 20139 3416 4909 20140 3409 4909 20141 3425 3444 20142 3418 3444 20143 3426 3444 20144 3425 4910 20145 3417 4910 20146 3418 4910 20147 3427 3446 20148 3419 3446 20149 3413 3446 20150 3427 4911 20151 3428 4911 20152 3420 4911 20153 3427 4237 20154 3420 4237 20155 3419 4237 20156 3427 3449 20157 3413 3449 20158 3421 3449 20159 3429 4912 20160 3421 4912 20161 3414 4912 20162 3429 4240 20163 3414 4240 20164 3422 4240 20165 3430 4913 20166 3422 4913 20167 3415 4913 20168 3430 4242 20169 3415 4242 20170 3423 4242 20171 3431 4914 20172 3416 4914 20173 3424 4914 20174 3431 4915 20175 3423 4915 20176 3416 4915 20177 3432 4916 20178 3424 4916 20179 3417 4916 20180 3432 4917 20181 3417 4917 20182 3425 4917 20183 3433 4247 20184 3425 4247 20185 3426 4247 20186 3433 4248 20187 3426 4248 20188 3434 4248 20189 3435 4918 20190 3436 4918 20191 3428 4918 20192 3435 4919 20193 3428 4919 20194 3427 4919 20195 3435 4920 20196 3427 4920 20197 3421 4920 20198 3435 4921 20199 3421 4921 20200 3429 4921 20201 3437 4922 20202 3429 4922 20203 3422 4922 20204 3437 4923 20205 3422 4923 20206 3430 4923 20207 3438 4924 20208 3430 4924 20209 3423 4924 20210 3438 4925 20211 3423 4925 20212 3431 4925 20213 3439 4926 20214 3431 4926 20215 3424 4926 20216 3439 3469 20217 3424 3469 20218 3432 3469 20219 3440 3470 20220 3425 3470 20221 3433 3470 20222 3440 4927 20223 3432 4927 20224 3425 4927 20225 3441 4928 20226 3433 4928 20227 3434 4928 20228 3441 4929 20229 3434 4929 20230 3442 4929 20231 3443 4930 20232 3444 4930 20233 3436 4930 20234 3443 4931 20235 3436 4931 20236 3435 4931 20237 3443 4932 20238 3435 4932 20239 3429 4932 20240 3443 3476 20241 3429 3476 20242 3437 3476 20243 3445 4267 20244 3430 4267 20245 3438 4267 20246 3445 4933 20247 3437 4933 20248 3430 4933 20249 3446 4934 20250 3438 4934 20251 3431 4934 20252 3446 4935 20253 3431 4935 20254 3439 4935 20255 3447 4271 20256 3439 4271 20257 3432 4271 20258 3447 4272 20259 3432 4272 20260 3440 4272 20261 3448 4936 20262 3440 4936 20263 3433 4936 20264 3448 4274 20265 3433 4274 20266 3441 4274 20267 3449 4937 20268 3442 4937 20269 3450 4937 20270 3449 4938 20271 3441 4938 20272 3442 4938 20273 3451 4939 20274 3452 4939 20275 3444 4939 20276 3451 4940 20277 3443 4940 20278 3437 4940 20279 3451 4941 20280 3437 4941 20281 3445 4941 20282 3451 4942 20283 3444 4942 20284 3443 4942 20285 3453 4281 20286 3445 4281 20287 3438 4281 20288 3453 4282 20289 3438 4282 20290 3446 4282 20291 3454 4943 20292 3446 4943 20293 3439 4943 20294 3454 4944 20295 3439 4944 20296 3447 4944 20297 3455 4945 20298 3440 4945 20299 3448 4945 20300 3455 4946 20301 3447 4946 20302 3440 4946 20303 3456 4947 20304 3441 4947 20305 3449 4947 20306 3456 4948 20307 3448 4948 20308 3441 4948 20309 3457 4289 20310 3450 4289 20311 3458 4289 20312 3457 4949 20313 3449 4949 20314 3450 4949 20315 3459 4950 20316 3460 4950 20317 3461 4950 20318 3459 3500 20319 3461 3500 20320 3462 3500 20321 3463 4951 20322 3464 4951 20323 3452 4951 20324 3463 4952 20325 3452 4952 20326 3451 4952 20327 3463 4295 20328 3451 4295 20329 3445 4295 20330 3465 4953 20331 3460 4953 20332 3459 4953 20333 3463 4954 20334 3445 4954 20335 3453 4954 20336 3466 4955 20337 3453 4955 20338 3446 4955 20339 3465 4299 20340 3467 4299 20341 3460 4299 20342 3466 1417 20343 3446 1417 20344 3454 1417 20345 3468 4956 20346 3459 4956 20347 3462 4956 20348 3469 4957 20349 3454 4957 20350 3447 4957 20351 3468 540 20352 3462 540 20353 3470 540 20354 3469 4958 20355 3447 4958 20356 3455 4958 20357 3471 542 20358 3472 542 20359 3467 542 20360 3471 4959 20361 3467 4959 20362 3465 4959 20363 3473 4960 20364 3455 4960 20365 3448 4960 20366 3473 3514 20367 3448 3514 20368 3456 3514 20369 3474 4961 20370 3465 4961 20371 3459 4961 20372 3475 4962 20373 3456 4962 20374 3449 4962 20375 3474 4963 20376 3459 4963 20377 3468 4963 20378 3475 4309 20379 3449 4309 20380 3457 4309 20381 3476 550 20382 3470 550 20383 3477 550 20384 3478 551 20385 3458 551 20386 3479 551 20387 3478 4964 20388 3457 4964 20389 3458 4964 20390 3476 4965 20391 3468 4965 20392 3470 4965 20393 3480 554 20394 3481 554 20395 3464 554 20396 3480 4966 20397 3453 4966 20398 3466 4966 20399 3482 4967 20400 3483 4967 20401 3472 4967 20402 3480 4314 20403 3464 4314 20404 3463 4314 20405 3482 3525 20406 3472 3525 20407 3471 3525 20408 3480 4968 20409 3463 4968 20410 3453 4968 20411 3484 560 20412 3465 560 20413 3474 560 20414 3485 4969 20415 3454 4969 20416 3469 4969 20417 3485 4970 20418 3466 4970 20419 3454 4970 20420 3484 563 20421 3471 563 20422 3465 563 20423 3486 4971 20424 3469 4971 20425 3455 4971 20426 3487 4972 20427 3474 4972 20428 3468 4972 20429 3486 4973 20430 3455 4973 20431 3473 4973 20432 3487 4974 20433 3468 4974 20434 3476 4974 20435 3488 4975 20436 3473 4975 20437 3456 4975 20438 3489 3535 20439 3477 3535 20440 3490 3535 20441 3488 4976 20442 3456 4976 20443 3475 4976 20444 3489 4977 20445 3476 4977 20446 3477 4977 20447 3491 4978 20448 3457 4978 20449 3478 4978 20450 3492 4979 20451 3493 4979 20452 3483 4979 20453 3492 4980 20454 3483 4980 20455 3482 4980 20456 3491 4981 20457 3475 4981 20458 3457 4981 20459 3494 4982 20460 3478 4982 20461 3479 4982 20462 3494 3543 20463 3479 3543 20464 3495 3543 20465 3494 3544 20466 3495 3544 20467 3461 3544 20468 3496 4983 20469 3482 4983 20470 3471 4983 20471 3494 4984 20472 3461 4984 20473 3460 4984 20474 3496 4985 20475 3471 4985 20476 3484 4985 20477 3497 4986 20478 3466 4986 20479 3485 4986 20480 3497 4337 20481 3498 4337 20482 3481 4337 20483 3497 4987 20484 3481 4987 20485 3480 4987 20486 3497 4988 20487 3480 4988 20488 3466 4988 20489 3499 4989 20490 3484 4989 20491 3474 4989 20492 3499 4990 20493 3474 4990 20494 3487 4990 20495 3500 4991 20496 3469 4991 20497 3486 4991 20498 3501 4992 20499 3487 4992 20500 3476 4992 20501 3500 4344 20502 3485 4344 20503 3469 4344 20504 3502 4993 20505 3486 4993 20506 3473 4993 20507 3502 4994 20508 3473 4994 20509 3488 4994 20510 3501 4995 20511 3476 4995 20512 3489 4995 20513 3503 4996 20514 3490 4996 20515 3504 4996 20516 3505 3561 20517 3475 3561 20518 3491 3561 20519 3505 4997 20520 3488 4997 20521 3475 4997 20522 3503 4351 20523 3489 4351 20524 3490 4351 20525 3506 4998 20526 3507 4998 20527 3508 4998 20528 3506 4353 20529 3508 4353 20530 3509 4353 20531 3506 4999 20532 3509 4999 20533 3493 4999 20534 3506 5000 20535 3493 5000 20536 3492 5000 20537 3510 5001 20538 3491 5001 20539 3478 5001 20540 3510 5002 20541 3478 5002 20542 3494 5002 20543 3510 5003 20544 3494 5003 20545 3460 5003 20546 3511 5004 20547 3482 5004 20548 3496 5004 20549 3510 4359 20550 3460 4359 20551 3467 4359 20552 3511 5005 20553 3492 5005 20554 3482 5005 20555 3512 5006 20556 3498 5006 20557 3497 5006 20558 3512 5007 20559 3513 5007 20560 3498 5007 20561 3514 3576 20562 3496 3576 20563 3484 3576 20564 3512 3577 20565 3485 3577 20566 3500 3577 20567 3512 5008 20568 3497 5008 20569 3485 5008 20570 3515 5009 20571 3486 5009 20572 3502 5009 20573 3514 4367 20574 3484 4367 20575 3499 4367 20576 3515 5010 20577 3500 5010 20578 3486 5010 20579 3516 5011 20580 3488 5011 20581 3505 5011 20582 3517 5012 20583 3499 5012 20584 3487 5012 20585 3517 3584 20586 3487 3584 20587 3501 3584 20588 3516 4372 20589 3502 4372 20590 3488 4372 20591 3518 620 20592 3505 620 20593 3491 620 20594 3518 621 20595 3491 621 20596 3510 621 20597 3519 5013 20598 3501 5013 20599 3489 5013 20600 3519 5014 20601 3489 5014 20602 3503 5014 20603 3518 5015 20604 3510 5015 20605 3467 5015 20606 3518 625 20607 3467 625 20608 3472 625 20609 3520 5016 20610 3521 5016 20611 3513 5016 20612 3522 627 20613 3504 627 20614 3523 627 20615 3520 5017 20616 3512 5017 20617 3500 5017 20618 3520 5018 20619 3513 5018 20620 3512 5018 20621 3520 3594 20622 3500 3594 20623 3515 3594 20624 3522 5019 20625 3503 5019 20626 3504 5019 20627 3524 4380 20628 3525 4380 20629 3507 4380 20630 3526 5020 20631 3515 5020 20632 3502 5020 20633 3524 4382 20634 3507 4382 20635 3506 4382 20636 3526 4383 20637 3502 4383 20638 3516 4383 20639 3524 5021 20640 3492 5021 20641 3511 5021 20642 3524 5022 20643 3506 5022 20644 3492 5022 20645 3527 5023 20646 3516 5023 20647 3505 5023 20648 3527 5024 20649 3505 5024 20650 3518 5024 20651 3528 5025 20652 3511 5025 20653 3496 5025 20654 3527 3605 20655 3518 3605 20656 3472 3605 20657 3528 4390 20658 3496 4390 20659 3514 4390 20660 3527 5026 20661 3472 5026 20662 3483 5026 20663 3529 5027 20664 3530 5027 20665 3521 5027 20666 3531 5028 20667 3514 5028 20668 3499 5028 20669 3529 5029 20670 3521 5029 20671 3520 5029 20672 3531 3611 20673 3499 3611 20674 3517 3611 20675 3529 5030 20676 3520 5030 20677 3515 5030 20678 3529 5031 20679 3515 5031 20680 3526 5031 20681 3532 5032 20682 3526 5032 20683 3516 5032 20684 3532 5033 20685 3483 5033 20686 3493 5033 20687 3533 5034 20688 3501 5034 20689 3519 5034 20690 3532 5035 20691 3527 5035 20692 3483 5035 20693 3533 5036 20694 3517 5036 20695 3501 5036 20696 3532 5037 20697 3516 5037 20698 3527 5037 20699 3534 5038 20700 3535 5038 20701 3530 5038 20702 3534 5039 20703 3508 5039 20704 3535 5039 20705 3534 5040 20706 3532 5040 20707 3493 5040 20708 3534 4406 20709 3509 4406 20710 3508 4406 20711 3534 5041 20712 3530 5041 20713 3529 5041 20714 3534 3625 20715 3526 3625 20716 3532 3625 20717 3536 5042 20718 3519 5042 20719 3503 5042 20720 3534 5043 20721 3493 5043 20722 3509 5043 20723 3534 3628 20724 3529 3628 20725 3526 3628 20726 3536 5044 20727 3503 5044 20728 3522 5044 20729 3537 3630 20730 3522 3630 20731 3523 3630 20732 3537 4413 20733 3523 4413 20734 3538 4413 20735 3539 5045 20736 3540 5045 20737 3525 5045 20738 3539 5046 20739 3511 5046 20740 3528 5046 20741 3539 5047 20742 3525 5047 20743 3524 5047 20744 3539 5048 20745 3524 5048 20746 3511 5048 20747 3541 5049 20748 3514 5049 20749 3531 5049 20750 3541 5050 20751 3528 5050 20752 3514 5050 20753 3542 5051 20754 3517 5051 20755 3533 5051 20756 3542 5052 20757 3531 5052 20758 3517 5052 20759 3543 3640 20760 3533 3640 20761 3519 3640 20762 3543 3641 20763 3519 3641 20764 3536 3641 20765 3544 5053 20766 3536 5053 20767 3522 5053 20768 3544 3643 20769 3522 3643 20770 3537 3643 20771 3545 5054 20772 3537 5054 20773 3538 5054 20774 3545 5055 20775 3538 5055 20776 3546 5055 20777 3547 5056 20778 3548 5056 20779 3540 5056 20780 3547 5057 20781 3539 5057 20782 3528 5057 20783 3547 3648 20784 3528 3648 20785 3541 3648 20786 3547 5058 20787 3540 5058 20788 3539 5058 20789 3549 4432 20790 3531 4432 20791 3542 4432 20792 3549 5059 20793 3541 5059 20794 3531 5059 20795 3550 5060 20796 3533 5060 20797 3543 5060 20798 3550 5061 20799 3542 5061 20800 3533 5061 20801 3551 4436 20802 3536 4436 20803 3544 4436 20804 3551 4437 20805 3543 4437 20806 3536 4437 20807 3552 5062 20808 3544 5062 20809 3537 5062 20810 3552 4439 20811 3537 4439 20812 3545 4439 20813 3553 5063 20814 3545 5063 20815 3546 5063 20816 3553 5064 20817 3546 5064 20818 3554 5064 20819 3555 5065 20820 3556 5065 20821 3548 5065 20822 3555 5066 20823 3548 5066 20824 3547 5066 20825 3555 5067 20826 3541 5067 20827 3549 5067 20828 3555 5068 20829 3547 5068 20830 3541 5068 20831 3557 4446 20832 3549 4446 20833 3542 4446 20834 3557 5069 20835 3542 5069 20836 3550 5069 20837 3558 5070 20838 3550 5070 20839 3543 5070 20840 3558 4449 20841 3543 4449 20842 3551 4449 20843 3559 5071 20844 3544 5071 20845 3552 5071 20846 3559 5072 20847 3551 5072 20848 3544 5072 20849 3560 5073 20850 3545 5073 20851 3553 5073 20852 3560 5074 20853 3552 5074 20854 3545 5074 20855 3561 708 20856 3554 708 20857 3562 708 20858 3561 5075 20859 3553 5075 20860 3554 5075 20861 3563 5076 20862 3564 5076 20863 3556 5076 20864 3563 5077 20865 3549 5077 20866 3557 5077 20867 3563 5078 20868 3556 5078 20869 3555 5078 20870 3563 5079 20871 3555 5079 20872 3549 5079 20873 3565 5080 20874 3557 5080 20875 3550 5080 20876 3565 1571 20877 3550 1571 20878 3558 1571 20879 3566 5081 20880 3558 5081 20881 3551 5081 20882 3566 5082 20883 3551 5082 20884 3559 5082 20885 3567 5083 20886 3552 5083 20887 3560 5083 20888 3567 5084 20889 3559 5084 20890 3552 5084 20891 3568 5085 20892 3560 5085 20893 3553 5085 20894 3568 5086 20895 3553 5086 20896 3561 5086 20897 3569 722 20898 3562 722 20899 3570 722 20900 3569 5087 20901 3561 5087 20902 3562 5087 20903 3571 724 20904 3572 724 20905 3564 724 20906 3571 4467 20907 3564 4467 20908 3563 4467 20909 3571 5088 20910 3563 5088 20911 3557 5088 20912 3571 5089 20913 3557 5089 20914 3565 5089 20915 3573 5090 20916 3565 5090 20917 3558 5090 20918 3573 5091 20919 3558 5091 20920 3566 5091 20921 3574 5092 20922 3566 5092 20923 3559 5092 20924 3574 5093 20925 3559 5093 20926 3567 5093 20927 3575 4474 20928 3560 4474 20929 3568 4474 20930 3575 5094 20931 3567 5094 20932 3560 5094 20933 3576 5095 20934 3568 5095 20935 3561 5095 20936 3576 5096 20937 3561 5096 20938 3569 5096 20939 3577 3699 20940 3570 3699 20941 3578 3699 20942 3577 5097 20943 3569 5097 20944 3570 5097 20945 3579 4479 20946 3580 4479 20947 3572 4479 20948 3579 5098 20949 3572 5098 20950 3571 5098 20951 3579 5099 20952 3571 5099 20953 3565 5099 20954 3579 5100 20955 3565 5100 20956 3573 5100 20957 3581 5101 20958 3566 5101 20959 3574 5101 20960 3581 4484 20961 3573 4484 20962 3566 4484 20963 3582 5102 20964 3574 5102 20965 3567 5102 20966 3582 5103 20967 3567 5103 20968 3575 5103 20969 3583 3709 20970 3568 3709 20971 3576 3709 20972 3583 5104 20973 3575 5104 20974 3568 5104 20975 3584 5105 20976 3576 5105 20977 3569 5105 20978 3584 5106 20979 3569 5106 20980 3577 5106 20981 3382 5107 20982 3578 5107 20983 3585 5107 20984 3382 5108 20985 3577 5108 20986 3578 5108 20987 3586 5109 20988 3579 5109 20989 3573 5109 20990 3586 5110 20991 3587 5110 20992 3580 5110 20993 3586 5111 20994 3580 5111 20995 3579 5111 20996 3586 3716 20997 3573 3716 20998 3581 3716 20999 3391 5112 21000 3581 5112 21001 3574 5112 21002 3391 5113 21003 3574 5113 21004 3582 5113 21005 3394 4498 21006 3582 4498 21007 3575 4498 21008 3394 5114 21009 3575 5114 21010 3583 5114 21011 3397 5115 21012 3583 5115 21013 3576 5115 21014 3397 761 21015 3576 761 21016 3584 761 21017 3381 5116 21018 3584 5116 21019 3577 5116 21020 3381 5117 21021 3577 5117 21022 3382 5117 21023 3383 3723 21024 3382 3723 21025 3585 3723 21026 3383 5118 21027 3585 5118 21028 3385 5118 21029 3390 5119 21030 3389 5119 21031 3587 5119 21032 3390 5120 21033 3587 5120 21034 3586 5120 21035 3390 3726 21036 3581 3726 21037 3391 3726 21038 3390 5121 21039 3586 5121 21040 3581 5121 21041 3392 4509 21042 3582 4509 21043 3394 4509 21044 3392 5122 21045 3391 5122 21046 3582 5122 21047 3395 5123 21048 3394 5123 21049 3583 5123 21050 3395 4512 21051 3583 4512 21052 3397 4512 21053 3398 3732 21054 3584 3732 21055 3381 3732 21056 3398 3733 21057 3397 3733 21058 3584 3733 21059 3588 2309 21060 3589 2309 21061 3590 2309 21062 3588 777 21063 3590 777 21064 3591 777 21065 3592 3736 21066 3588 3736 21067 3591 3736 21068 3592 779 21069 3591 779 21070 3593 779 21071 3594 4515 21072 3595 4515 21073 3596 4515 21074 3594 5124 21075 3596 5124 21076 3597 5124 21077 3598 390 21078 3592 390 21079 3593 390 21080 3598 390 21081 3593 390 21082 3599 390 21083 3600 3738 21084 3597 3738 21085 3601 3738 21086 3602 3739 21087 3598 3739 21088 3599 3739 21089 3600 3740 21090 3594 3740 21091 3597 3740 21092 3602 785 21093 3599 785 21094 3603 785 21095 3604 3741 21096 3601 3741 21097 3605 3741 21098 3606 3742 21099 3602 3742 21100 3603 3742 21101 3606 2316 21102 3603 2316 21103 3607 2316 21104 3604 5125 21105 3600 5125 21106 3601 5125 21107 3608 790 21108 3605 790 21109 3609 790 21110 3610 3744 21111 3606 3744 21112 3607 3744 21113 3610 792 21114 3607 792 21115 3611 792 21116 3608 3743 21117 3604 3743 21118 3605 3743 21119 3612 2321 21120 3609 2321 21121 3613 2321 21122 3614 3746 21123 3611 3746 21124 3615 3746 21125 3612 794 21126 3608 794 21127 3609 794 21128 3614 5126 21129 3610 5126 21130 3611 5126 21131 3616 798 21132 3615 798 21133 3617 798 21134 3618 799 21135 3613 799 21136 3619 799 21137 3616 3747 21138 3614 3747 21139 3615 3747 21140 3595 4525 21141 3617 4525 21142 3596 4525 21143 3618 3748 21144 3612 3748 21145 3613 3748 21146 3595 5127 21147 3616 5127 21148 3617 5127 21149 3620 368 21150 3619 368 21151 3621 368 21152 3620 368 21153 3618 368 21154 3619 368 21155 3622 804 21156 3621 804 21157 3623 804 21158 3622 3749 21159 3620 3749 21160 3621 3749 21161 3624 806 21162 3623 806 21163 3625 806 21164 3624 2328 21165 3622 2328 21166 3623 2328 21167 3626 3752 21168 3625 3752 21169 3627 3752 21170 3626 3752 21171 3624 3752 21172 3625 3752 21173 3628 5128 21174 3627 5128 21175 3629 5128 21176 3628 5129 21177 3626 5129 21178 3627 5129 21179 3630 2333 21180 3628 2333 21181 3629 2333 21182 3630 812 21183 3629 812 21184 3631 812 21185 3632 3755 21186 3630 3755 21187 3631 3755 21188 3632 814 21189 3631 814 21190 3633 814 21191 3634 815 21192 3632 815 21193 3633 815 21194 3634 816 21195 3633 816 21196 3635 816 21197 3636 817 21198 3634 817 21199 3635 817 21200 3636 817 21201 3635 817 21202 3637 817 21203 3638 5130 21204 3636 5130 21205 3637 5130 21206 3638 5131 21207 3637 5131 21208 3639 5131 21209 3589 3759 21210 3638 3759 21211 3639 3759 21212 3589 5132 21213 3639 5132 21214 3590 5132 21215 3450 4538 21216 3442 4538 21217 3602 4538 21218 3630 3761 21219 3578 3761 21220 3570 3761 21221 3477 5133 21222 3604 5133 21223 3490 5133 21224 3442 823 21225 3434 823 21226 3602 823 21227 3604 823 21228 3608 823 21229 3490 823 21230 3602 2972 21231 3434 2972 21232 3598 2972 21233 3470 4536 21234 3600 4536 21235 3477 4536 21236 3477 3764 21237 3600 3764 21238 3604 3764 21239 3490 4536 21240 3612 4536 21241 3504 4536 21242 3608 823 21243 3612 823 21244 3490 823 21245 3630 5134 21246 3585 5134 21247 3578 5134 21248 3462 823 21249 3594 823 21250 3470 823 21251 3632 1684 21252 3585 1684 21253 3630 1684 21254 3634 823 21255 3585 823 21256 3632 823 21257 3470 1654 21258 3594 1654 21259 3600 1654 21260 3504 4538 21261 3618 4538 21262 3523 4538 21263 3612 823 21264 3618 823 21265 3504 823 21266 3434 823 21267 3426 823 21268 3598 823 21269 3461 829 21270 3595 829 21271 3462 829 21272 3592 823 21273 3426 823 21274 3588 823 21275 3598 4539 21276 3426 4539 21277 3592 4539 21278 3636 823 21279 3385 823 21280 3634 823 21281 3462 5135 21282 3595 5135 21283 3594 5135 21284 3523 3761 21285 3620 3761 21286 3538 3761 21287 3634 5136 21288 3385 5136 21289 3585 5136 21290 3588 823 21291 3418 823 21292 3589 823 21293 3426 848 21294 3418 848 21295 3588 848 21296 3618 823 21297 3620 823 21298 3523 823 21299 3636 4538 21300 3386 4538 21301 3385 4538 21302 3620 823 21303 3546 823 21304 3538 823 21305 3495 2342 21306 3616 2342 21307 3461 2342 21308 3418 1644 21309 3410 1644 21310 3589 1644 21311 3461 5137 21312 3616 5137 21313 3595 5137 21314 3638 823 21315 3402 823 21316 3636 823 21317 3410 829 21318 3402 829 21319 3589 829 21320 3589 823 21321 3402 823 21322 3638 823 21323 3636 3769 21324 3402 3769 21325 3386 3769 21326 3620 3801 21327 3622 3801 21328 3546 3801 21329 3479 823 21330 3614 823 21331 3495 823 21332 3495 3764 21333 3614 3764 21334 3616 3764 21335 3546 5138 21336 3624 5138 21337 3554 5138 21338 3622 823 21339 3624 823 21340 3546 823 21341 3458 823 21342 3610 823 21343 3479 823 21344 3479 832 21345 3610 832 21346 3614 832 21347 3624 2343 21348 3626 2343 21349 3554 2343 21350 3626 823 21351 3562 823 21352 3554 823 21353 3458 5139 21354 3450 5139 21355 3610 5139 21356 3610 823 21357 3450 823 21358 3606 823 21359 3450 3776 21360 3602 3776 21361 3606 3776 21362 3626 823 21363 3570 823 21364 3562 823 21365 3628 823 21366 3570 823 21367 3626 823 21368 3628 823 21369 3630 823 21370 3570 823 21371 3444 5140 21372 3452 5140 21373 3378 5140 21374 3378 3789 21375 3452 3789 21376 3328 3789 21377 3328 850 21378 3452 850 21379 3329 850 21380 3337 850 21381 3507 850 21382 3525 850 21383 3587 5141 21384 3363 5141 21385 3580 5141 21386 3389 850 21387 3363 850 21388 3587 850 21389 3365 850 21390 3363 850 21391 3389 850 21392 3388 872 21393 3366 872 21394 3389 872 21395 3389 5142 21396 3366 5142 21397 3365 5142 21398 3452 3779 21399 3464 3779 21400 3329 3779 21401 3363 5143 21402 3361 5143 21403 3580 5143 21404 3333 850 21405 3508 850 21406 3337 850 21407 3337 850 21408 3508 850 21409 3507 850 21410 3404 911 21411 3368 911 21412 3388 911 21413 3464 911 21414 3481 911 21415 3329 911 21416 3388 5144 21417 3368 5144 21418 3366 5144 21419 3329 850 21420 3481 850 21421 3335 850 21422 3580 3783 21423 3358 3783 21424 3572 3783 21425 3333 850 21426 3535 850 21427 3508 850 21428 3351 850 21429 3535 850 21430 3355 850 21431 3361 850 21432 3358 850 21433 3580 850 21434 3355 850 21435 3535 850 21436 3333 850 21437 3412 850 21438 3370 850 21439 3404 850 21440 3481 850 21441 3498 850 21442 3335 850 21443 3335 850 21444 3498 850 21445 3339 850 21446 3339 4551 21447 3498 4551 21448 3343 4551 21449 3404 866 21450 3370 866 21451 3368 866 21452 3351 868 21453 3530 868 21454 3535 868 21455 3564 850 21456 3357 850 21457 3556 850 21458 3572 3809 21459 3357 3809 21460 3564 3809 21461 3343 5145 21462 3513 5145 21463 3347 5145 21464 3498 5146 21465 3513 5146 21466 3343 5146 21467 3358 850 21468 3357 850 21469 3572 850 21470 3347 869 21471 3521 869 21472 3351 869 21473 3420 850 21474 3372 850 21475 3412 850 21476 3351 850 21477 3521 850 21478 3530 850 21479 3513 4578 21480 3521 4578 21481 3347 4578 21482 3412 859 21483 3372 859 21484 3370 859 21485 3420 896 21486 3428 896 21487 3372 896 21488 3357 850 21489 3353 850 21490 3556 850 21491 3353 850 21492 3548 850 21493 3556 850 21494 3428 864 21495 3374 864 21496 3372 864 21497 3353 3792 21498 3349 3792 21499 3548 3792 21500 3428 5147 21501 3436 5147 21502 3374 5147 21503 3436 5148 21504 3376 5148 21505 3374 5148 21506 3345 850 21507 3540 850 21508 3349 850 21509 3349 850 21510 3540 850 21511 3548 850 21512 3436 850 21513 3378 850 21514 3376 850 21515 3436 850 21516 3444 850 21517 3378 850 21518 3345 850 21519 3525 850 21520 3540 850 21521 3341 850 21522 3525 850 21523 3345 850 21524 3341 850 21525 3337 850 21526 3525 850 21527 3364 823 21528 3310 823 21529 3302 823 21530 3367 823 21531 3310 823 21532 3364 823 21533 3367 883 21534 3369 883 21535 3310 883 21536 3190 1677 21537 3182 1677 21538 3344 1677 21539 3340 823 21540 3182 823 21541 3336 823 21542 3344 823 21543 3182 823 21544 3340 823 21545 3217 2972 21546 3342 2972 21547 3230 2972 21548 3369 1655 21549 3318 1655 21550 3310 1655 21551 3371 823 21552 3318 823 21553 3369 823 21554 3342 2362 21555 3346 2362 21556 3230 2362 21557 3210 2356 21558 3338 2356 21559 3217 2356 21560 3217 823 21561 3338 823 21562 3342 823 21563 3230 823 21564 3350 823 21565 3244 823 21566 3346 823 21567 3350 823 21568 3230 823 21569 3202 823 21570 3334 823 21571 3210 823 21572 3210 3795 21573 3334 3795 21574 3338 3795 21575 3182 823 21576 3174 823 21577 3336 823 21578 3244 823 21579 3354 823 21580 3263 823 21581 3350 823 21582 3354 823 21583 3244 823 21584 3371 3770 21585 3325 3770 21586 3318 3770 21587 3201 885 21588 3332 885 21589 3202 885 21590 3174 823 21591 3166 823 21592 3336 823 21593 3202 5149 21594 3332 5149 21595 3334 5149 21596 3331 823 21597 3166 823 21598 3330 823 21599 3336 823 21600 3166 823 21601 3331 823 21602 3263 823 21603 3359 823 21604 3278 823 21605 3371 3765 21606 3125 3765 21607 3325 3765 21608 3373 823 21609 3125 823 21610 3371 823 21611 3354 823 21612 3359 823 21613 3263 823 21614 3235 823 21615 3356 823 21616 3201 823 21617 3330 5150 21618 3158 5150 21619 3379 5150 21620 3166 823 21621 3158 823 21622 3330 823 21623 3201 4567 21624 3356 4567 21625 3332 4567 21626 3375 5151 21627 3126 5151 21628 3373 5151 21629 3278 823 21630 3360 823 21631 3286 823 21632 3373 5152 21633 3126 5152 21634 3125 5152 21635 3158 876 21636 3150 876 21637 3379 876 21638 3375 823 21639 3142 823 21640 3126 823 21641 3359 823 21642 3360 823 21643 3278 823 21644 3150 823 21645 3142 823 21646 3379 823 21647 3377 2362 21648 3142 2362 21649 3375 2362 21650 3379 823 21651 3142 823 21652 3377 823 21653 3219 823 21654 3352 823 21655 3235 823 21656 3235 3804 21657 3352 3804 21658 3356 3804 21659 3286 4546 21660 3362 4546 21661 3294 4546 21662 3360 5153 21663 3362 5153 21664 3286 5153 21665 3198 823 21666 3348 823 21667 3219 823 21668 3219 5154 21669 3348 5154 21670 3352 5154 21671 3362 3803 21672 3364 3803 21673 3294 3803 21674 3364 5155 21675 3302 5155 21676 3294 5155 21677 3198 3801 21678 3190 3801 21679 3348 3801 21680 3348 5156 21681 3190 5156 21682 3344 5156 21683 3597 4569 21684 3247 4569 21685 3265 4569 21686 3129 5157 21687 3627 5157 21688 3327 5157 21689 3591 3808 21690 3204 3808 21691 3593 3808 21692 3593 850 21693 3204 850 21694 3599 850 21695 3192 850 21696 3204 850 21697 3591 850 21698 3327 4572 21699 3625 4572 21700 3320 4572 21701 3627 850 21702 3625 850 21703 3327 850 21704 3128 850 21705 3629 850 21706 3129 850 21707 3129 3779 21708 3629 3779 21709 3627 3779 21710 3625 850 21711 3623 850 21712 3320 850 21713 3597 912 21714 3248 912 21715 3247 912 21716 3596 901 21717 3248 901 21718 3597 901 21719 3617 2349 21720 3248 2349 21721 3596 2349 21722 3144 850 21723 3631 850 21724 3128 850 21725 3128 3809 21726 3631 3809 21727 3629 3809 21728 3312 850 21729 3621 850 21730 3304 850 21731 3204 3806 21732 3221 3806 21733 3599 3806 21734 3320 5158 21735 3621 5158 21736 3312 5158 21737 3623 850 21738 3621 850 21739 3320 850 21740 3617 5159 21741 3275 5159 21742 3248 5159 21743 3152 850 21744 3633 850 21745 3144 850 21746 3615 2349 21747 3275 2349 21748 3617 2349 21749 3144 5160 21750 3633 5160 21751 3631 5160 21752 3221 908 21753 3238 908 21754 3599 908 21755 3599 4578 21756 3238 4578 21757 3603 4578 21758 3603 850 21759 3238 850 21760 3607 850 21761 3621 3809 21762 3619 3809 21763 3304 3809 21764 3615 850 21765 3270 850 21766 3275 850 21767 3619 4579 21768 3296 4579 21769 3304 4579 21770 3160 850 21771 3635 850 21772 3152 850 21773 3238 4580 21774 3253 4580 21775 3607 4580 21776 3607 850 21777 3261 850 21778 3611 850 21779 3152 4571 21780 3635 4571 21781 3633 4571 21782 3611 4552 21783 3261 4552 21784 3615 4552 21785 3615 850 21786 3261 850 21787 3270 850 21788 3253 850 21789 3261 850 21790 3607 850 21791 3619 1662 21792 3613 1662 21793 3296 1662 21794 3168 850 21795 3637 850 21796 3160 850 21797 3160 5161 21798 3637 5161 21799 3635 5161 21800 3296 4582 21801 3609 4582 21802 3288 4582 21803 3613 850 21804 3609 850 21805 3296 850 21806 3176 2998 21807 3639 2998 21808 3168 2998 21809 3168 3809 21810 3639 3809 21811 3637 3809 21812 3605 850 21813 3280 850 21814 3609 850 21815 3609 850 21816 3280 850 21817 3288 850 21818 3176 5162 21819 3184 5162 21820 3639 5162 21821 3639 850 21822 3184 850 21823 3590 850 21824 3605 4586 21825 3265 4586 21826 3280 4586 21827 3601 5163 21828 3265 5163 21829 3605 5163 21830 3601 850 21831 3597 850 21832 3265 850 21833 3184 4588 21834 3192 4588 21835 3590 4588 21836 3590 850 21837 3192 850 21838 3591 850 21839 3640 3004 21840 3641 3004 21841 3642 3004 21842 3640 3005 21843 3642 3005 21844 3643 3005 21845 3644 3006 21846 3643 3006 21847 3645 3006 21848 3644 5164 21849 3645 5164 21850 3646 5164 21851 3647 5165 21852 3648 5165 21853 3649 5165 21854 3647 5166 21855 3649 5166 21856 3650 5166 21857 3647 5167 21858 3650 5167 21859 3651 5167 21860 3647 5168 21861 3651 5168 21862 3652 5168 21863 3653 5169 21864 3652 5169 21865 3654 5169 21866 3653 5170 21867 3654 5170 21868 3655 5170 21869 3656 3014 21870 3655 3014 21871 3657 3014 21872 3656 5171 21873 3657 5171 21874 3658 5171 21875 3659 5172 21876 3658 5172 21877 3641 5172 21878 3659 5173 21879 3641 5173 21880 3640 5173 21881 3660 5174 21882 3643 5174 21883 3644 5174 21884 3660 5175 21885 3640 5175 21886 3643 5175 21887 3661 5176 21888 3646 5176 21889 3662 5176 21890 3661 5177 21891 3644 5177 21892 3646 5177 21893 3663 18 21894 3664 18 21895 3648 18 21896 3663 5178 21897 3648 5178 21898 3647 5178 21899 3663 5179 21900 3652 5179 21901 3653 5179 21902 3663 5180 21903 3647 5180 21904 3652 5180 21905 3665 3837 21906 3653 3837 21907 3655 3837 21908 3665 3026 21909 3655 3026 21910 3656 3026 21911 3666 3027 21912 3656 3027 21913 3658 3027 21914 3666 5181 21915 3658 5181 21916 3659 5181 21917 3667 5182 21918 3659 5182 21919 3640 5182 21920 3667 3030 21921 3640 3030 21922 3660 3030 21923 3668 5183 21924 3660 5183 21925 3644 5183 21926 3668 5184 21927 3644 5184 21928 3661 5184 21929 3669 5185 21930 3662 5185 21931 3670 5185 21932 3669 5186 21933 3661 5186 21934 3662 5186 21935 3671 5187 21936 3672 5187 21937 3664 5187 21938 3671 5188 21939 3664 5188 21940 3663 5188 21941 3671 5189 21942 3663 5189 21943 3653 5189 21944 3671 3038 21945 3653 3038 21946 3665 3038 21947 3673 3850 21948 3665 3850 21949 3656 3850 21950 3673 3851 21951 3656 3851 21952 3666 3851 21953 3674 5190 21954 3659 5190 21955 3667 5190 21956 3674 3042 21957 3666 3042 21958 3659 3042 21959 3675 5191 21960 3660 5191 21961 3668 5191 21962 3675 3044 21963 3667 3044 21964 3660 3044 21965 3676 5192 21966 3668 5192 21967 3661 5192 21968 3676 5193 21969 3661 5193 21970 3669 5193 21971 3677 5194 21972 3670 5194 21973 3678 5194 21974 3677 5195 21975 3669 5195 21976 3670 5195 21977 3679 5196 21978 3680 5196 21979 3672 5196 21980 3679 5197 21981 3665 5197 21982 3673 5197 21983 3679 5198 21984 3672 5198 21985 3671 5198 21986 3679 5199 21987 3671 5199 21988 3665 5199 21989 3681 3864 21990 3673 3864 21991 3666 3864 21992 3681 1744 21993 3666 1744 21994 3674 1744 21995 3682 5200 21996 3674 5200 21997 3667 5200 21998 3682 5201 21999 3667 5201 22000 3675 5201 22001 3683 5202 22002 3668 5202 22003 3676 5202 22004 3683 5203 22005 3675 5203 22006 3668 5203 22007 3684 5204 22008 3669 5204 22009 3677 5204 22010 3684 5205 22011 3676 5205 22012 3669 5205 22013 3685 5206 22014 3678 5206 22015 3686 5206 22016 3685 5207 22017 3677 5207 22018 3678 5207 22019 3687 5208 22020 3679 5208 22021 3673 5208 22022 3687 61 22023 3688 61 22024 3680 61 22025 3687 5209 22026 3680 5209 22027 3679 5209 22028 3687 5210 22029 3673 5210 22030 3681 5210 22031 3689 3065 22032 3681 3065 22033 3674 3065 22034 3689 3878 22035 3674 3878 22036 3682 3878 22037 3690 5211 22038 3682 5211 22039 3675 5211 22040 3690 5212 22041 3675 5212 22042 3683 5212 22043 3691 5213 22044 3676 5213 22045 3684 5213 22046 3691 5214 22047 3683 5214 22048 3676 5214 22049 3692 3071 22050 3684 3071 22051 3677 3071 22052 3692 5215 22053 3677 5215 22054 3685 5215 22055 3693 3073 22056 3685 3073 22057 3686 3073 22058 3693 3074 22059 3686 3074 22060 3694 3074 22061 3695 5216 22062 3696 5216 22063 3688 5216 22064 3695 3076 22065 3688 3076 22066 3687 3076 22067 3695 5217 22068 3687 5217 22069 3681 5217 22070 3695 5218 22071 3681 5218 22072 3689 5218 22073 3697 5219 22074 3689 5219 22075 3682 5219 22076 3697 5220 22077 3682 5220 22078 3690 5220 22079 3698 5221 22080 3690 5221 22081 3683 5221 22082 3698 5222 22083 3683 5222 22084 3691 5222 22085 3699 5223 22086 3691 5223 22087 3684 5223 22088 3699 5224 22089 3684 5224 22090 3692 5224 22091 3700 5225 22092 3685 5225 22093 3693 5225 22094 3700 5226 22095 3692 5226 22096 3685 5226 22097 3701 5227 22098 3693 5227 22099 3694 5227 22100 3701 3088 22101 3694 3088 22102 3702 3088 22103 3703 3900 22104 3704 3900 22105 3696 3900 22106 3703 5228 22107 3696 5228 22108 3695 5228 22109 3703 5229 22110 3695 5229 22111 3689 5229 22112 3703 5230 22113 3689 5230 22114 3697 5230 22115 3705 5231 22116 3690 5231 22117 3698 5231 22118 3705 5232 22119 3697 5232 22120 3690 5232 22121 3706 5233 22122 3698 5233 22123 3691 5233 22124 3706 5234 22125 3691 5234 22126 3699 5234 22127 3707 5235 22128 3699 5235 22129 3692 5235 22130 3707 3908 22131 3692 3908 22132 3700 3908 22133 3708 5236 22134 3700 5236 22135 3693 5236 22136 3708 5237 22137 3693 5237 22138 3701 5237 22139 3709 5238 22140 3702 5238 22141 3710 5238 22142 3709 5239 22143 3701 5239 22144 3702 5239 22145 3711 1789 22146 3712 1789 22147 3704 1789 22148 3711 5240 22149 3703 5240 22150 3697 5240 22151 3711 5241 22152 3697 5241 22153 3705 5241 22154 3711 3105 22155 3704 3105 22156 3703 3105 22157 3713 5242 22158 3705 5242 22159 3698 5242 22160 3713 5243 22161 3698 5243 22162 3706 5243 22163 3714 3108 22164 3706 3108 22165 3699 3108 22166 3714 5244 22167 3699 5244 22168 3707 5244 22169 3715 3110 22170 3700 3110 22171 3708 3110 22172 3715 3111 22173 3707 3111 22174 3700 3111 22175 3716 5245 22176 3701 5245 22177 3709 5245 22178 3716 5246 22179 3708 5246 22180 3701 5246 22181 3717 5247 22182 3710 5247 22183 3718 5247 22184 3717 5248 22185 3709 5248 22186 3710 5248 22187 3719 3116 22188 3720 3116 22189 3721 3116 22190 3719 5249 22191 3721 5249 22192 3722 5249 22193 3723 1028 22194 3724 1028 22195 3712 1028 22196 3723 5250 22197 3712 5250 22198 3711 5250 22199 3723 3119 22200 3711 3119 22201 3705 3119 22202 3725 3120 22203 3720 3120 22204 3719 3120 22205 3723 5251 22206 3705 5251 22207 3713 5251 22208 3726 3122 22209 3713 3122 22210 3706 3122 22211 3725 5252 22212 3727 5252 22213 3720 5252 22214 3726 3124 22215 3706 3124 22216 3714 3124 22217 3728 3125 22218 3719 3125 22219 3722 3125 22220 3729 5253 22221 3714 5253 22222 3707 5253 22223 3728 3127 22224 3722 3127 22225 3730 3127 22226 3729 5254 22227 3707 5254 22228 3715 5254 22229 3731 5255 22230 3732 5255 22231 3727 5255 22232 3731 5256 22233 3727 5256 22234 3725 5256 22235 3733 5257 22236 3715 5257 22237 3708 5257 22238 3733 3132 22239 3708 3132 22240 3716 3132 22241 3734 5258 22242 3725 5258 22243 3719 5258 22244 3735 5259 22245 3716 5259 22246 3709 5259 22247 3734 5260 22248 3719 5260 22249 3728 5260 22250 3735 5261 22251 3709 5261 22252 3717 5261 22253 3736 5262 22254 3730 5262 22255 3737 5262 22256 3738 5263 22257 3718 5263 22258 3739 5263 22259 3738 5264 22260 3717 5264 22261 3718 5264 22262 3736 5265 22263 3728 5265 22264 3730 5265 22265 3740 3141 22266 3741 3141 22267 3724 3141 22268 3740 5266 22269 3713 5266 22270 3726 5266 22271 3742 3143 22272 3743 3143 22273 3732 3143 22274 3740 3144 22275 3724 3144 22276 3723 3144 22277 3742 5267 22278 3732 5267 22279 3731 5267 22280 3740 5268 22281 3723 5268 22282 3713 5268 22283 3744 3147 22284 3725 3147 22285 3734 3147 22286 3745 5269 22287 3714 5269 22288 3729 5269 22289 3745 5270 22290 3726 5270 22291 3714 5270 22292 3744 5271 22293 3731 5271 22294 3725 5271 22295 3746 5272 22296 3729 5272 22297 3715 5272 22298 3747 5273 22299 3734 5273 22300 3728 5273 22301 3746 5274 22302 3715 5274 22303 3733 5274 22304 3747 5275 22305 3728 5275 22306 3736 5275 22307 3748 5276 22308 3733 5276 22309 3716 5276 22310 3749 5277 22311 3737 5277 22312 3750 5277 22313 3748 5278 22314 3716 5278 22315 3735 5278 22316 3749 5279 22317 3736 5279 22318 3737 5279 22319 3751 5280 22320 3717 5280 22321 3738 5280 22322 3752 3969 22323 3753 3969 22324 3743 3969 22325 3752 3970 22326 3743 3970 22327 3742 3970 22328 3751 5281 22329 3735 5281 22330 3717 5281 22331 3754 5282 22332 3738 5282 22333 3739 5282 22334 3754 5283 22335 3739 5283 22336 3755 5283 22337 3754 5284 22338 3755 5284 22339 3721 5284 22340 3756 5285 22341 3742 5285 22342 3731 5285 22343 3754 3167 22344 3721 3167 22345 3720 3167 22346 3756 5286 22347 3731 5286 22348 3744 5286 22349 3757 5287 22350 3726 5287 22351 3745 5287 22352 3757 1842 22353 3758 1842 22354 3741 1842 22355 3757 5288 22356 3741 5288 22357 3740 5288 22358 3757 5289 22359 3740 5289 22360 3726 5289 22361 3759 3172 22362 3744 3172 22363 3734 3172 22364 3759 3173 22365 3734 3173 22366 3747 3173 22367 3760 5290 22368 3729 5290 22369 3746 5290 22370 3761 5291 22371 3747 5291 22372 3736 5291 22373 3760 5292 22374 3745 5292 22375 3729 5292 22376 3762 5293 22377 3746 5293 22378 3733 5293 22379 3762 3178 22380 3733 3178 22381 3748 3178 22382 3761 5294 22383 3736 5294 22384 3749 5294 22385 3763 5295 22386 3750 5295 22387 3764 5295 22388 3765 3181 22389 3735 3181 22390 3751 3181 22391 3765 3182 22392 3748 3182 22393 3735 3182 22394 3763 5296 22395 3749 5296 22396 3750 5296 22397 3766 5297 22398 3767 5297 22399 3768 5297 22400 3766 5298 22401 3768 5298 22402 3769 5298 22403 3766 5299 22404 3769 5299 22405 3753 5299 22406 3766 5300 22407 3753 5300 22408 3752 5300 22409 3770 5301 22410 3751 5301 22411 3738 5301 22412 3770 5302 22413 3738 5302 22414 3754 5302 22415 3770 3190 22416 3754 3190 22417 3720 3190 22418 3771 1858 22419 3742 1858 22420 3756 1858 22421 3770 5303 22422 3720 5303 22423 3727 5303 22424 3771 4002 22425 3752 4002 22426 3742 4002 22427 3772 5304 22428 3758 5304 22429 3757 5304 22430 3772 5305 22431 3773 5305 22432 3758 5305 22433 3774 5306 22434 3756 5306 22435 3744 5306 22436 3772 5307 22437 3745 5307 22438 3760 5307 22439 3772 5308 22440 3757 5308 22441 3745 5308 22442 3775 4007 22443 3746 4007 22444 3762 4007 22445 3774 5309 22446 3744 5309 22447 3759 5309 22448 3775 5310 22449 3760 5310 22450 3746 5310 22451 3776 5311 22452 3748 5311 22453 3765 5311 22454 3777 5312 22455 3759 5312 22456 3747 5312 22457 3777 5313 22458 3747 5313 22459 3761 5313 22460 3776 5314 22461 3762 5314 22462 3748 5314 22463 3778 5315 22464 3765 5315 22465 3751 5315 22466 3778 5316 22467 3751 5316 22468 3770 5316 22469 3779 5317 22470 3761 5317 22471 3749 5317 22472 3779 5318 22473 3749 5318 22474 3763 5318 22475 3778 5319 22476 3770 5319 22477 3727 5319 22478 3778 5320 22479 3727 5320 22480 3732 5320 22481 3780 3211 22482 3781 3211 22483 3773 3211 22484 3782 5321 22485 3764 5321 22486 3783 5321 22487 3780 5322 22488 3772 5322 22489 3760 5322 22490 3780 5323 22491 3773 5323 22492 3772 5323 22493 3780 5324 22494 3760 5324 22495 3775 5324 22496 3782 5325 22497 3763 5325 22498 3764 5325 22499 3784 220 22500 3785 220 22501 3767 220 22502 3786 5326 22503 3775 5326 22504 3762 5326 22505 3784 5327 22506 3767 5327 22507 3766 5327 22508 3786 5328 22509 3762 5328 22510 3776 5328 22511 3784 5329 22512 3752 5329 22513 3771 5329 22514 3784 5330 22515 3766 5330 22516 3752 5330 22517 3787 5331 22518 3776 5331 22519 3765 5331 22520 3787 3223 22521 3765 3223 22522 3778 3223 22523 3788 5332 22524 3771 5332 22525 3756 5332 22526 3787 5333 22527 3778 5333 22528 3732 5333 22529 3788 4034 22530 3756 4034 22531 3774 4034 22532 3787 3227 22533 3732 3227 22534 3743 3227 22535 3789 1891 22536 3790 1891 22537 3781 1891 22538 3791 5334 22539 3774 5334 22540 3759 5334 22541 3789 5335 22542 3781 5335 22543 3780 5335 22544 3791 5336 22545 3759 5336 22546 3777 5336 22547 3789 5337 22548 3780 5337 22549 3775 5337 22550 3789 5338 22551 3775 5338 22552 3786 5338 22553 3792 4042 22554 3786 4042 22555 3776 4042 22556 3792 4043 22557 3743 4043 22558 3753 4043 22559 3793 5339 22560 3761 5339 22561 3779 5339 22562 3792 4045 22563 3787 4045 22564 3743 4045 22565 3793 3237 22566 3777 3237 22567 3761 3237 22568 3792 5340 22569 3776 5340 22570 3787 5340 22571 3794 3239 22572 3795 3239 22573 3790 3239 22574 3794 5341 22575 3768 5341 22576 3795 5341 22577 3794 5342 22578 3792 5342 22579 3753 5342 22580 3794 5343 22581 3769 5343 22582 3768 5343 22583 3794 5344 22584 3790 5344 22585 3789 5344 22586 3794 5345 22587 3786 5345 22588 3792 5345 22589 3796 3245 22590 3779 3245 22591 3763 3245 22592 3794 5346 22593 3753 5346 22594 3769 5346 22595 3794 5347 22596 3789 5347 22597 3786 5347 22598 3796 3248 22599 3763 3248 22600 3782 3248 22601 3797 3249 22602 3782 3249 22603 3783 3249 22604 3797 3250 22605 3783 3250 22606 3798 3250 22607 3799 1909 22608 3800 1909 22609 3785 1909 22610 3799 5348 22611 3771 5348 22612 3788 5348 22613 3799 5349 22614 3785 5349 22615 3784 5349 22616 3799 5350 22617 3784 5350 22618 3771 5350 22619 3801 4062 22620 3774 4062 22621 3791 4062 22622 3801 5351 22623 3788 5351 22624 3774 5351 22625 3802 5352 22626 3777 5352 22627 3793 5352 22628 3802 5353 22629 3791 5353 22630 3777 5353 22631 3803 5354 22632 3793 5354 22633 3779 5354 22634 3803 5355 22635 3779 5355 22636 3796 5355 22637 3804 5356 22638 3796 5356 22639 3782 5356 22640 3804 5357 22641 3782 5357 22642 3797 5357 22643 3805 5358 22644 3797 5358 22645 3798 5358 22646 3805 3263 22647 3798 3263 22648 3806 3263 22649 3807 1922 22650 3808 1922 22651 3800 1922 22652 3807 3264 22653 3799 3264 22654 3788 3264 22655 3807 5359 22656 3788 5359 22657 3801 5359 22658 3807 5360 22659 3800 5360 22660 3799 5360 22661 3809 4074 22662 3791 4074 22663 3802 4074 22664 3809 5361 22665 3801 5361 22666 3791 5361 22667 3810 5362 22668 3793 5362 22669 3803 5362 22670 3810 5363 22671 3802 5363 22672 3793 5363 22673 3811 4078 22674 3796 4078 22675 3804 4078 22676 3811 5364 22677 3803 5364 22678 3796 5364 22679 3812 5365 22680 3804 5365 22681 3797 5365 22682 3812 3274 22683 3797 3274 22684 3805 3274 22685 3813 5366 22686 3805 5366 22687 3806 5366 22688 3813 5367 22689 3806 5367 22690 3814 5367 22691 3815 1935 22692 3816 1935 22693 3808 1935 22694 3815 3277 22695 3808 3277 22696 3807 3277 22697 3815 5368 22698 3801 5368 22699 3809 5368 22700 3815 5369 22701 3807 5369 22702 3801 5369 22703 3817 5370 22704 3809 5370 22705 3802 5370 22706 3817 5371 22707 3802 5371 22708 3810 5371 22709 3818 5372 22710 3810 5372 22711 3803 5372 22712 3818 5373 22713 3803 5373 22714 3811 5373 22715 3819 3284 22716 3804 3284 22717 3812 3284 22718 3819 3285 22719 3811 3285 22720 3804 3285 22721 3820 5374 22722 3805 5374 22723 3813 5374 22724 3820 5375 22725 3812 5375 22726 3805 5375 22727 3821 5376 22728 3814 5376 22729 3822 5376 22730 3821 5377 22731 3813 5377 22732 3814 5377 22733 3823 1946 22734 3824 1946 22735 3816 1946 22736 3823 5378 22737 3809 5378 22738 3817 5378 22739 3823 5379 22740 3816 5379 22741 3815 5379 22742 3823 3292 22743 3815 3292 22744 3809 3292 22745 3825 3293 22746 3817 3293 22747 3810 3293 22748 3825 3294 22749 3810 3294 22750 3818 3294 22751 3826 5380 22752 3818 5380 22753 3811 5380 22754 3826 5381 22755 3811 5381 22756 3819 5381 22757 3827 3297 22758 3812 3297 22759 3820 3297 22760 3827 5382 22761 3819 5382 22762 3812 5382 22763 3828 5383 22764 3820 5383 22765 3813 5383 22766 3828 5384 22767 3813 5384 22768 3821 5384 22769 3829 5385 22770 3822 5385 22771 3830 5385 22772 3829 5386 22773 3821 5386 22774 3822 5386 22775 3831 3303 22776 3832 3303 22777 3824 3303 22778 3831 3304 22779 3824 3304 22780 3823 3304 22781 3831 5387 22782 3823 5387 22783 3817 5387 22784 3831 5388 22785 3817 5388 22786 3825 5388 22787 3833 5389 22788 3825 5389 22789 3818 5389 22790 3833 5390 22791 3818 5390 22792 3826 5390 22793 3834 5391 22794 3826 5391 22795 3819 5391 22796 3834 5392 22797 3819 5392 22798 3827 5392 22799 3835 3311 22800 3820 3311 22801 3828 3311 22802 3835 5393 22803 3827 5393 22804 3820 5393 22805 3836 5394 22806 3828 5394 22807 3821 5394 22808 3836 5395 22809 3821 5395 22810 3829 5395 22811 3837 5396 22812 3830 5396 22813 3838 5396 22814 3837 5397 22815 3829 5397 22816 3830 5397 22817 3839 5398 22818 3840 5398 22819 3832 5398 22820 3839 5399 22821 3832 5399 22822 3831 5399 22823 3839 5400 22824 3831 5400 22825 3825 5400 22826 3839 5401 22827 3825 5401 22828 3833 5401 22829 3841 5402 22830 3826 5402 22831 3834 5402 22832 3841 5403 22833 3833 5403 22834 3826 5403 22835 3842 5404 22836 3834 5404 22837 3827 5404 22838 3842 3324 22839 3827 3324 22840 3835 3324 22841 3843 3325 22842 3828 3325 22843 3836 3325 22844 3843 5405 22845 3835 5405 22846 3828 5405 22847 3844 5406 22848 3836 5406 22849 3829 5406 22850 3844 5407 22851 3829 5407 22852 3837 5407 22853 3642 5408 22854 3838 5408 22855 3845 5408 22856 3642 3330 22857 3837 3330 22858 3838 3330 22859 3846 5409 22860 3839 5409 22861 3833 5409 22862 3846 5410 22863 3847 5410 22864 3840 5410 22865 3846 5411 22866 3840 5411 22867 3839 5411 22868 3846 5412 22869 3833 5412 22870 3841 5412 22871 3651 5413 22872 3841 5413 22873 3834 5413 22874 3651 1981 22875 3834 1981 22876 3842 1981 22877 3654 5414 22878 3842 5414 22879 3835 5414 22880 3654 5415 22881 3835 5415 22882 3843 5415 22883 3657 5416 22884 3843 5416 22885 3836 5416 22886 3657 5417 22887 3836 5417 22888 3844 5417 22889 3641 5418 22890 3844 5418 22891 3837 5418 22892 3641 5419 22893 3837 5419 22894 3642 5419 22895 3643 3342 22896 3642 3342 22897 3845 3342 22898 3643 5420 22899 3845 5420 22900 3645 5420 22901 3650 3344 22902 3649 3344 22903 3847 3344 22904 3650 5421 22905 3847 5421 22906 3846 5421 22907 3650 5422 22908 3841 5422 22909 3651 5422 22910 3650 5423 22911 3846 5423 22912 3841 5423 22913 3652 5424 22914 3842 5424 22915 3654 5424 22916 3652 5425 22917 3651 5425 22918 3842 5425 22919 3655 5426 22920 3654 5426 22921 3843 5426 22922 3655 3351 22923 3843 3351 22924 3657 3351 22925 3658 5427 22926 3844 5427 22927 3641 5427 22928 3658 5428 22929 3657 5428 22930 3844 5428 22931 3848 1272 22932 3849 1272 22933 3850 1272 22934 3850 1998 22935 3849 1998 22936 3851 1998 22937 3852 3355 22938 3853 3355 22939 3854 3355 22940 3849 368 22941 3855 368 22942 3851 368 22943 3851 368 22944 3855 368 22945 3856 368 22946 3854 5429 22947 3857 5429 22948 3858 5429 22949 3853 3357 22950 3857 3357 22951 3854 3357 22952 3855 1276 22953 3859 1276 22954 3856 1276 22955 3856 4161 22956 3859 4161 22957 3860 4161 22958 3858 4163 22959 3861 4163 22960 3862 4163 22961 3857 5430 22962 3861 5430 22963 3858 5430 22964 3859 375 22965 3863 375 22966 3860 375 22967 3860 2004 22968 3863 2004 22969 3864 2004 22970 3862 3363 22971 3865 3363 22972 3866 3363 22973 3861 2005 22974 3865 2005 22975 3862 2005 22976 3863 3362 22977 3867 3362 22978 3864 3362 22979 3864 3361 22980 3867 3361 22981 3868 3361 22982 3866 384 22983 3869 384 22984 3870 384 22985 3865 3364 22986 3869 3364 22987 3866 3364 22988 3868 4164 22989 3871 4164 22990 3872 4164 22991 3867 2010 22992 3871 2010 22993 3868 2010 22994 3870 3370 22995 3873 3370 22996 3874 3370 22997 3869 2011 22998 3873 2011 22999 3870 2011 23000 3872 5431 23001 3875 5431 23002 3876 5431 23003 3871 5432 23004 3875 5432 23005 3872 5432 23006 3875 3368 23007 3853 3368 23008 3876 3368 23009 3876 3369 23010 3853 3369 23011 3852 3369 23012 3873 391 23013 3877 391 23014 3874 391 23015 3874 390 23016 3878 390 23017 3879 390 23018 3879 2014 23019 3878 2014 23020 3880 2014 23021 3877 390 23022 3878 390 23023 3874 390 23024 3880 4170 23025 3881 4170 23026 3882 4170 23027 3878 1289 23028 3881 1289 23029 3880 1289 23030 3882 3374 23031 3883 3374 23032 3884 3374 23033 3881 3371 23034 3883 3371 23035 3882 3371 23036 3883 3372 23037 3885 3372 23038 3884 3372 23039 3885 2017 23040 3886 2017 23041 3884 2017 23042 3884 5433 23043 3886 5433 23044 3887 5433 23045 3886 5434 23046 3888 5434 23047 3887 5434 23048 3887 5435 23049 3888 5435 23050 3889 5435 23051 3888 3378 23052 3890 3378 23053 3889 3378 23054 3889 3379 23055 3890 3379 23056 3891 3379 23057 3890 3380 23058 3892 3380 23059 3891 3380 23060 3891 3381 23061 3892 3381 23062 3893 3381 23063 3892 5436 23064 3894 5436 23065 3893 5436 23066 3893 5437 23067 3894 5437 23068 3895 5437 23069 3894 2023 23070 3896 2023 23071 3895 2023 23072 3895 4178 23073 3896 4178 23074 3897 4178 23075 3896 3386 23076 3898 3386 23077 3897 3386 23078 3897 3385 23079 3898 3385 23080 3899 3385 23081 3898 5438 23082 3848 5438 23083 3899 5438 23084 3899 3387 23085 3848 3387 23086 3850 3387 23087 3900 5439 23088 3901 5439 23089 3902 5439 23090 3900 5440 23091 3902 5440 23092 3903 5440 23093 3904 4180 23094 3903 4180 23095 3905 4180 23096 3904 415 23097 3905 415 23098 3906 415 23099 3907 5441 23100 3908 5441 23101 3909 5441 23102 3907 5442 23103 3909 5442 23104 3910 5442 23105 3907 5443 23106 3910 5443 23107 3911 5443 23108 3907 5444 23109 3911 5444 23110 3912 5444 23111 3913 5445 23112 3912 5445 23113 3914 5445 23114 3913 5446 23115 3914 5446 23116 3915 5446 23117 3916 3397 23118 3915 3397 23119 3917 3397 23120 3916 4188 23121 3917 4188 23122 3918 4188 23123 3919 3399 23124 3918 3399 23125 3901 3399 23126 3919 5447 23127 3901 5447 23128 3900 5447 23129 3920 5448 23130 3903 5448 23131 3904 5448 23132 3920 5449 23133 3900 5449 23134 3903 5449 23135 3921 4192 23136 3906 4192 23137 3922 4192 23138 3921 3404 23139 3904 3404 23140 3906 3404 23141 3923 5450 23142 3924 5450 23143 3908 5450 23144 3923 5451 23145 3908 5451 23146 3907 5451 23147 3923 5452 23148 3912 5452 23149 3913 5452 23150 3923 4197 23151 3907 4197 23152 3912 4197 23153 3925 5453 23154 3913 5453 23155 3915 5453 23156 3925 3410 23157 3915 3410 23158 3916 3410 23159 3926 4200 23160 3916 4200 23161 3918 4200 23162 3926 4201 23163 3918 4201 23164 3919 4201 23165 3927 4202 23166 3919 4202 23167 3900 4202 23168 3927 4203 23169 3900 4203 23170 3920 4203 23171 3928 5454 23172 3920 5454 23173 3904 5454 23174 3928 5455 23175 3904 5455 23176 3921 5455 23177 3929 4206 23178 3922 4206 23179 3930 4206 23180 3929 5456 23181 3921 5456 23182 3922 5456 23183 3931 3419 23184 3932 3419 23185 3924 3419 23186 3931 3420 23187 3924 3420 23188 3923 3420 23189 3931 4210 23190 3923 4210 23191 3913 4210 23192 3931 5457 23193 3913 5457 23194 3925 5457 23195 3933 3423 23196 3925 3423 23197 3916 3423 23198 3933 5458 23199 3916 5458 23200 3926 5458 23201 3934 5459 23202 3919 5459 23203 3927 5459 23204 3934 5460 23205 3926 5460 23206 3919 5460 23207 3935 4216 23208 3920 4216 23209 3928 4216 23210 3935 5461 23211 3927 5461 23212 3920 5461 23213 3936 5462 23214 3928 5462 23215 3921 5462 23216 3936 5463 23217 3921 5463 23218 3929 5463 23219 3937 5464 23220 3930 5464 23221 3938 5464 23222 3937 3432 23223 3929 3432 23224 3930 3432 23225 3939 5465 23226 3940 5465 23227 3932 5465 23228 3939 5466 23229 3925 5466 23230 3933 5466 23231 3939 5467 23232 3932 5467 23233 3931 5467 23234 3939 4225 23235 3931 4225 23236 3925 4225 23237 3941 5468 23238 3933 5468 23239 3926 5468 23240 3941 3438 23241 3926 3438 23242 3934 3438 23243 3942 5469 23244 3934 5469 23245 3927 5469 23246 3942 3440 23247 3927 3440 23248 3935 3440 23249 3943 5470 23250 3928 5470 23251 3936 5470 23252 3943 2064 23253 3935 2064 23254 3928 2064 23255 3944 5471 23256 3929 5471 23257 3937 5471 23258 3944 5472 23259 3936 5472 23260 3929 5472 23261 3945 4233 23262 3938 4233 23263 3946 4233 23264 3945 5473 23265 3937 5473 23266 3938 5473 23267 3947 4235 23268 3939 4235 23269 3933 4235 23270 3947 5474 23271 3948 5474 23272 3940 5474 23273 3947 3448 23274 3940 3448 23275 3939 3448 23276 3947 4238 23277 3933 4238 23278 3941 4238 23279 3949 5475 23280 3941 5475 23281 3934 5475 23282 3949 3451 23283 3934 3451 23284 3942 3451 23285 3950 5476 23286 3942 5476 23287 3935 5476 23288 3950 3453 23289 3935 3453 23290 3943 3453 23291 3951 5477 23292 3936 5477 23293 3944 5477 23294 3951 5478 23295 3943 5478 23296 3936 5478 23297 3952 5479 23298 3944 5479 23299 3937 5479 23300 3952 5480 23301 3937 5480 23302 3945 5480 23303 3953 3458 23304 3945 3458 23305 3946 3458 23306 3953 3459 23307 3946 3459 23308 3954 3459 23309 3955 5481 23310 3956 5481 23311 3948 5481 23312 3955 5482 23313 3948 5482 23314 3947 5482 23315 3955 5483 23316 3947 5483 23317 3941 5483 23318 3955 5484 23319 3941 5484 23320 3949 5484 23321 3957 5485 23322 3949 5485 23323 3942 5485 23324 3957 5486 23325 3942 5486 23326 3950 5486 23327 3958 5487 23328 3950 5487 23329 3943 5487 23330 3958 5488 23331 3943 5488 23332 3951 5488 23333 3959 5489 23334 3951 5489 23335 3944 5489 23336 3959 4258 23337 3944 4258 23338 3952 4258 23339 3960 4259 23340 3945 4259 23341 3953 4259 23342 3960 5490 23343 3952 5490 23344 3945 5490 23345 3961 5491 23346 3953 5491 23347 3954 5491 23348 3961 2087 23349 3954 2087 23350 3962 2087 23351 3963 5492 23352 3964 5492 23353 3956 5492 23354 3963 5493 23355 3956 5493 23356 3955 5493 23357 3963 5494 23358 3955 5494 23359 3949 5494 23360 3963 4266 23361 3949 4266 23362 3957 4266 23363 3965 3477 23364 3950 3477 23365 3958 3477 23366 3965 5495 23367 3957 5495 23368 3950 5495 23369 3966 5496 23370 3958 5496 23371 3951 5496 23372 3966 5497 23373 3951 5497 23374 3959 5497 23375 3967 3481 23376 3959 3481 23377 3952 3481 23378 3967 509 23379 3952 509 23380 3960 509 23381 3968 5498 23382 3960 5498 23383 3953 5498 23384 3968 5499 23385 3953 5499 23386 3961 5499 23387 3969 5500 23388 3962 5500 23389 3970 5500 23390 3969 5501 23391 3961 5501 23392 3962 5501 23393 3971 5502 23394 3972 5502 23395 3964 5502 23396 3971 5503 23397 3963 5503 23398 3957 5503 23399 3971 5504 23400 3957 5504 23401 3965 5504 23402 3971 5505 23403 3964 5505 23404 3963 5505 23405 3973 3490 23406 3965 3490 23407 3958 3490 23408 3973 5506 23409 3958 5506 23410 3966 5506 23411 3974 5507 23412 3966 5507 23413 3959 5507 23414 3974 5508 23415 3959 5508 23416 3967 5508 23417 3975 2105 23418 3960 2105 23419 3968 2105 23420 3975 5509 23421 3967 5509 23422 3960 5509 23423 3976 5510 23424 3961 5510 23425 3969 5510 23426 3976 3496 23427 3968 3496 23428 3961 3496 23429 3977 3497 23430 3970 3497 23431 3978 3497 23432 3977 5511 23433 3969 5511 23434 3970 5511 23435 3979 5512 23436 3980 5512 23437 3981 5512 23438 3979 4292 23439 3981 4292 23440 3982 4292 23441 3983 5513 23442 3984 5513 23443 3972 5513 23444 3983 5514 23445 3972 5514 23446 3971 5514 23447 3983 3503 23448 3971 3503 23449 3965 3503 23450 3985 4953 23451 3980 4953 23452 3979 4953 23453 3983 5515 23454 3965 5515 23455 3973 5515 23456 3986 5516 23457 3973 5516 23458 3966 5516 23459 3985 5517 23460 3987 5517 23461 3980 5517 23462 3986 2783 23463 3966 2783 23464 3974 2783 23465 3988 5518 23466 3979 5518 23467 3982 5518 23468 3989 5519 23469 3974 5519 23470 3967 5519 23471 3988 540 23472 3982 540 23473 3990 540 23474 3989 5520 23475 3967 5520 23476 3975 5520 23477 3991 3511 23478 3992 3511 23479 3987 3511 23480 3991 5521 23481 3987 5521 23482 3985 5521 23483 3993 5522 23484 3975 5522 23485 3968 5522 23486 3993 4305 23487 3968 4305 23488 3976 4305 23489 3994 5523 23490 3985 5523 23491 3979 5523 23492 3995 5524 23493 3976 5524 23494 3969 5524 23495 3994 5525 23496 3979 5525 23497 3988 5525 23498 3995 3518 23499 3969 3518 23500 3977 3518 23501 3996 2128 23502 3990 2128 23503 3997 2128 23504 3998 2129 23505 3978 2129 23506 3999 2129 23507 3998 5526 23508 3977 5526 23509 3978 5526 23510 3996 5527 23511 3988 5527 23512 3990 5527 23513 4000 3521 23514 4001 3521 23515 3984 3521 23516 4000 5528 23517 3973 5528 23518 3986 5528 23519 4002 5529 23520 4003 5529 23521 3992 5529 23522 4000 3524 23523 3984 3524 23524 3983 3524 23525 4002 4315 23526 3992 4315 23527 3991 4315 23528 4000 5530 23529 3983 5530 23530 3973 5530 23531 4004 2135 23532 3985 2135 23533 3994 2135 23534 4005 5531 23535 3974 5531 23536 3989 5531 23537 4005 5532 23538 3986 5532 23539 3974 5532 23540 4004 5533 23541 3991 5533 23542 3985 5533 23543 4006 5534 23544 3989 5534 23545 3975 5534 23546 4007 5535 23547 3994 5535 23548 3988 5535 23549 4006 5536 23550 3975 5536 23551 3993 5536 23552 4007 5537 23553 3988 5537 23554 3996 5537 23555 4008 5538 23556 3993 5538 23557 3976 5538 23558 4009 4324 23559 3997 4324 23560 4010 4324 23561 4008 5539 23562 3976 5539 23563 3995 5539 23564 4009 5540 23565 3996 5540 23566 3997 5540 23567 4011 5541 23568 3977 5541 23569 3998 5541 23570 4012 5542 23571 4013 5542 23572 4003 5542 23573 4012 5543 23574 4003 5543 23575 4002 5543 23576 4011 3541 23577 3995 3541 23578 3977 3541 23579 4014 5544 23580 3998 5544 23581 3999 5544 23582 4014 3543 23583 3999 3543 23584 4015 3543 23585 4014 4332 23586 4015 4332 23587 3981 4332 23588 4016 5545 23589 4002 5545 23590 3991 5545 23591 4014 5546 23592 3981 5546 23593 3980 5546 23594 4016 5547 23595 3991 5547 23596 4004 5547 23597 4017 5548 23598 3986 5548 23599 4005 5548 23600 4017 5549 23601 4018 5549 23602 4001 5549 23603 4017 5550 23604 4001 5550 23605 4000 5550 23606 4017 5551 23607 4000 5551 23608 3986 5551 23609 4019 5552 23610 4004 5552 23611 3994 5552 23612 4019 5553 23613 3994 5553 23614 4007 5553 23615 4020 5554 23616 3989 5554 23617 4006 5554 23618 4021 5555 23619 4007 5555 23620 3996 5555 23621 4020 5556 23622 4005 5556 23623 3989 5556 23624 4022 5557 23625 4006 5557 23626 3993 5557 23627 4022 5558 23628 3993 5558 23629 4008 5558 23630 4021 5559 23631 3996 5559 23632 4009 5559 23633 4023 5560 23634 4010 5560 23635 4024 5560 23636 4025 4349 23637 3995 4349 23638 4011 4349 23639 4025 5561 23640 4008 5561 23641 3995 5561 23642 4023 3563 23643 4009 3563 23644 4010 3563 23645 4026 5562 23646 4027 5562 23647 4028 5562 23648 4026 5563 23649 4028 5563 23650 4029 5563 23651 4026 5564 23652 4029 5564 23653 4013 5564 23654 4026 5565 23655 4013 5565 23656 4012 5565 23657 4030 5566 23658 4011 5566 23659 3998 5566 23660 4030 5567 23661 3998 5567 23662 4014 5567 23663 4030 5568 23664 4014 5568 23665 3980 5568 23666 4031 5569 23667 4002 5569 23668 4016 5569 23669 4030 5570 23670 3980 5570 23671 3987 5570 23672 4031 5571 23673 4012 5571 23674 4002 5571 23675 4032 5572 23676 4018 5572 23677 4017 5572 23678 4032 3575 23679 4033 3575 23680 4018 3575 23681 4034 4363 23682 4016 4363 23683 4004 4363 23684 4032 4364 23685 4005 4364 23686 4020 4364 23687 4032 5573 23688 4017 5573 23689 4005 5573 23690 4035 5574 23691 4006 5574 23692 4022 5574 23693 4034 3580 23694 4004 3580 23695 4019 3580 23696 4035 5575 23697 4020 5575 23698 4006 5575 23699 4036 5576 23700 4008 5576 23701 4025 5576 23702 4037 5577 23703 4019 5577 23704 4007 5577 23705 4037 4371 23706 4007 4371 23707 4021 4371 23708 4036 3585 23709 4022 3585 23710 4008 3585 23711 4038 5578 23712 4025 5578 23713 4011 5578 23714 4038 2186 23715 4011 2186 23716 4030 2186 23717 4039 5579 23718 4021 5579 23719 4009 5579 23720 4039 5580 23721 4009 5580 23722 4023 5580 23723 4038 5581 23724 4030 5581 23725 3987 5581 23726 4038 3590 23727 3987 3590 23728 3992 3590 23729 4040 5582 23730 4041 5582 23731 4033 5582 23732 4042 2189 23733 4024 2189 23734 4043 2189 23735 4040 5583 23736 4032 5583 23737 4020 5583 23738 4040 5584 23739 4033 5584 23740 4032 5584 23741 4040 4378 23742 4020 4378 23743 4035 4378 23744 4042 5585 23745 4023 5585 23746 4024 5585 23747 4044 5586 23748 4045 5586 23749 4027 5586 23750 4046 5587 23751 4035 5587 23752 4022 5587 23753 4044 3598 23754 4027 3598 23755 4026 3598 23756 4046 3599 23757 4022 3599 23758 4036 3599 23759 4044 5588 23760 4012 5588 23761 4031 5588 23762 4044 5589 23763 4026 5589 23764 4012 5589 23765 4047 5590 23766 4036 5590 23767 4025 5590 23768 4047 5591 23769 4025 5591 23770 4038 5591 23771 4048 5592 23772 4031 5592 23773 4016 5592 23774 4047 4389 23775 4038 4389 23776 3992 4389 23777 4048 3606 23778 4016 3606 23779 4034 3606 23780 4047 5593 23781 3992 5593 23782 4003 5593 23783 4049 5594 23784 4050 5594 23785 4041 5594 23786 4051 5595 23787 4034 5595 23788 4019 5595 23789 4049 5596 23790 4041 5596 23791 4040 5596 23792 4051 3611 23793 4019 3611 23794 4037 3611 23795 4049 5597 23796 4040 5597 23797 4035 5597 23798 4049 5598 23799 4035 5598 23800 4046 5598 23801 4052 5599 23802 4046 5599 23803 4036 5599 23804 4052 5600 23805 4003 5600 23806 4013 5600 23807 4053 5601 23808 4021 5601 23809 4039 5601 23810 4052 5602 23811 4047 5602 23812 4003 5602 23813 4053 5603 23814 4037 5603 23815 4021 5603 23816 4052 5604 23817 4036 5604 23818 4047 5604 23819 4054 3620 23820 4055 3620 23821 4050 3620 23822 4054 5605 23823 4028 5605 23824 4055 5605 23825 4054 5606 23826 4052 5606 23827 4013 5606 23828 4054 5607 23829 4029 5607 23830 4028 5607 23831 4054 5608 23832 4050 5608 23833 4049 5608 23834 4054 4408 23835 4046 4408 23836 4052 4408 23837 4056 5609 23838 4039 5609 23839 4023 5609 23840 4054 5610 23841 4013 5610 23842 4029 5610 23843 4054 4411 23844 4049 4411 23845 4046 4411 23846 4056 5611 23847 4023 5611 23848 4042 5611 23849 4057 3630 23850 4042 3630 23851 4043 3630 23852 4057 3631 23853 4043 3631 23854 4058 3631 23855 4059 5612 23856 4060 5612 23857 4045 5612 23858 4059 5613 23859 4031 5613 23860 4048 5613 23861 4059 5614 23862 4045 5614 23863 4044 5614 23864 4059 5615 23865 4044 5615 23866 4031 5615 23867 4061 5616 23868 4034 5616 23869 4051 5616 23870 4061 5617 23871 4048 5617 23872 4034 5617 23873 4062 5618 23874 4037 5618 23875 4053 5618 23876 4062 5619 23877 4051 5619 23878 4037 5619 23879 4063 4422 23880 4053 4422 23881 4039 4422 23882 4063 4423 23883 4039 4423 23884 4056 4423 23885 4064 5620 23886 4056 5620 23887 4042 5620 23888 4064 4425 23889 4042 4425 23890 4057 4425 23891 4065 5621 23892 4057 5621 23893 4058 5621 23894 4065 5622 23895 4058 5622 23896 4066 5622 23897 4067 5623 23898 4068 5623 23899 4060 5623 23900 4067 5624 23901 4059 5624 23902 4048 5624 23903 4067 4430 23904 4048 4430 23905 4061 4430 23906 4067 5625 23907 4060 5625 23908 4059 5625 23909 4069 3650 23910 4051 3650 23911 4062 3650 23912 4069 5626 23913 4061 5626 23914 4051 5626 23915 4070 5627 23916 4053 5627 23917 4063 5627 23918 4070 5628 23919 4062 5628 23920 4053 5628 23921 4071 3654 23922 4056 3654 23923 4064 3654 23924 4071 3655 23925 4063 3655 23926 4056 3655 23927 4072 5629 23928 4064 5629 23929 4057 5629 23930 4072 5630 23931 4057 5630 23932 4065 5630 23933 4073 5631 23934 4065 5631 23935 4066 5631 23936 4073 5632 23937 4066 5632 23938 4074 5632 23939 4075 5633 23940 4076 5633 23941 4068 5633 23942 4075 5634 23943 4068 5634 23944 4067 5634 23945 4075 5635 23946 4061 5635 23947 4069 5635 23948 4075 5636 23949 4067 5636 23950 4061 5636 23951 4077 3664 23952 4069 3664 23953 4062 3664 23954 4077 5637 23955 4062 5637 23956 4070 5637 23957 4078 5638 23958 4070 5638 23959 4063 5638 23960 4078 3667 23961 4063 3667 23962 4071 3667 23963 4079 5639 23964 4064 5639 23965 4072 5639 23966 4079 5640 23967 4071 5640 23968 4064 5640 23969 4080 5641 23970 4065 5641 23971 4073 5641 23972 4080 3671 23973 4072 3671 23974 4065 3671 23975 4081 3672 23976 4074 3672 23977 4082 3672 23978 4081 5642 23979 4073 5642 23980 4074 5642 23981 4083 5643 23982 4084 5643 23983 4076 5643 23984 4083 5644 23985 4069 5644 23986 4077 5644 23987 4083 5645 23988 4076 5645 23989 4075 5645 23990 4083 5646 23991 4075 5646 23992 4069 5646 23993 4085 5647 23994 4077 5647 23995 4070 5647 23996 4085 2911 23997 4070 2911 23998 4078 2911 23999 4086 5648 24000 4078 5648 24001 4071 5648 24002 4086 5649 24003 4071 5649 24004 4079 5649 24005 4087 5650 24006 4072 5650 24007 4080 5650 24008 4087 5651 24009 4079 5651 24010 4072 5651 24011 4088 5652 24012 4080 5652 24013 4073 5652 24014 4088 5653 24015 4073 5653 24016 4081 5653 24017 4089 5654 24018 4082 5654 24019 4090 5654 24020 4089 5655 24021 4081 5655 24022 4082 5655 24023 4091 3687 24024 4092 3687 24025 4084 3687 24026 4091 3688 24027 4084 3688 24028 4083 3688 24029 4091 5656 24030 4083 5656 24031 4077 5656 24032 4091 5657 24033 4077 5657 24034 4085 5657 24035 4093 5658 24036 4085 5658 24037 4078 5658 24038 4093 5659 24039 4078 5659 24040 4086 5659 24041 4094 5660 24042 4086 5660 24043 4079 5660 24044 4094 5661 24045 4079 5661 24046 4087 5661 24047 4095 3695 24048 4080 3695 24049 4088 3695 24050 4095 5662 24051 4087 5662 24052 4080 5662 24053 4096 3697 24054 4088 3697 24055 4081 3697 24056 4096 5663 24057 4081 5663 24058 4089 5663 24059 4097 3699 24060 4090 3699 24061 4098 3699 24062 4097 5664 24063 4089 5664 24064 4090 5664 24065 4099 5665 24066 4100 5665 24067 4092 5665 24068 4099 5666 24069 4092 5666 24070 4091 5666 24071 4099 5667 24072 4091 5667 24073 4085 5667 24074 4099 5668 24075 4085 5668 24076 4093 5668 24077 4101 5669 24078 4086 5669 24079 4094 5669 24080 4101 5670 24081 4093 5670 24082 4086 5670 24083 4102 5671 24084 4094 5671 24085 4087 5671 24086 4102 5672 24087 4087 5672 24088 4095 5672 24089 4103 3709 24090 4088 3709 24091 4096 3709 24092 4103 2283 24093 4095 2283 24094 4088 2283 24095 4104 5673 24096 4096 5673 24097 4089 5673 24098 4104 5674 24099 4089 5674 24100 4097 5674 24101 3902 2286 24102 4098 2286 24103 4105 2286 24104 3902 5675 24105 4097 5675 24106 4098 5675 24107 4106 5676 24108 4099 5676 24109 4093 5676 24110 4106 3714 24111 4107 3714 24112 4100 3714 24113 4106 5677 24114 4100 5677 24115 4099 5677 24116 4106 4495 24117 4093 4495 24118 4101 4495 24119 3911 5678 24120 4101 5678 24121 4094 5678 24122 3911 5679 24123 4094 5679 24124 4102 5679 24125 3914 3719 24126 4102 3719 24127 4095 3719 24128 3914 5680 24129 4095 5680 24130 4103 5680 24131 3917 2294 24132 4103 2294 24133 4096 2294 24134 3917 2295 24135 4096 2295 24136 4104 2295 24137 3901 5681 24138 4104 5681 24139 4097 5681 24140 3901 5682 24141 4097 5682 24142 3902 5682 24143 3903 4503 24144 3902 4503 24145 4105 4503 24146 3903 2299 24147 4105 2299 24148 3905 2299 24149 3910 5683 24150 3909 5683 24151 4107 5683 24152 3910 5684 24153 4107 5684 24154 4106 5684 24155 3910 4507 24156 4101 4507 24157 3911 4507 24158 3910 5685 24159 4106 5685 24160 4101 5685 24161 3912 3728 24162 4102 3728 24163 3914 3728 24164 3912 5686 24165 3911 5686 24166 4102 5686 24167 3915 5687 24168 3914 5687 24169 4103 5687 24170 3915 3731 24171 4103 3731 24172 3917 3731 24173 3918 4513 24174 4104 4513 24175 3901 4513 24176 3918 4514 24177 3917 4514 24178 4104 4514 24179 4108 3734 24180 4109 3734 24181 4110 3734 24182 4108 3735 24183 4110 3735 24184 4111 3735 24185 4112 3736 24186 4108 3736 24187 4111 3736 24188 4112 2311 24189 4111 2311 24190 4113 2311 24191 4114 781 24192 4115 781 24193 4116 781 24194 4114 781 24195 4116 781 24196 4117 781 24197 4118 390 24198 4112 390 24199 4113 390 24200 4118 390 24201 4113 390 24202 4119 390 24203 4120 3738 24204 4117 3738 24205 4121 3738 24206 4122 4517 24207 4118 4517 24208 4119 4517 24209 4120 4518 24210 4114 4518 24211 4117 4518 24212 4122 785 24213 4119 785 24214 4123 785 24215 4124 4519 24216 4121 4519 24217 4125 4519 24218 4126 3742 24219 4122 3742 24220 4123 3742 24221 4126 2316 24222 4123 2316 24223 4127 2316 24224 4124 2959 24225 4120 2959 24226 4121 2959 24227 4128 5688 24228 4125 5688 24229 4129 5688 24230 4130 4521 24231 4126 4521 24232 4127 4521 24233 4130 4521 24234 4127 4521 24235 4131 4521 24236 4128 4522 24237 4124 4522 24238 4125 4522 24239 4132 2321 24240 4129 2321 24241 4133 2321 24242 4134 4523 24243 4131 4523 24244 4135 4523 24245 4132 794 24246 4128 794 24247 4129 794 24248 4134 1632 24249 4130 1632 24250 4131 1632 24251 4136 2325 24252 4135 2325 24253 4137 2325 24254 4138 2326 24255 4133 2326 24256 4139 2326 24257 4136 3747 24258 4134 3747 24259 4135 3747 24260 4115 801 24261 4137 801 24262 4116 801 24263 4138 3748 24264 4132 3748 24265 4133 3748 24266 4115 5689 24267 4136 5689 24268 4137 5689 24269 4140 368 24270 4139 368 24271 4141 368 24272 4140 368 24273 4138 368 24274 4139 368 24275 4142 804 24276 4141 804 24277 4143 804 24278 4142 4527 24279 4140 4527 24280 4141 4527 24281 4144 3750 24282 4143 3750 24283 4145 3750 24284 4144 3751 24285 4142 3751 24286 4143 3751 24287 4146 2329 24288 4145 2329 24289 4147 2329 24290 4146 4529 24291 4144 4529 24292 4145 4529 24293 4148 2331 24294 4147 2331 24295 4149 2331 24296 4148 2331 24297 4146 2331 24298 4147 2331 24299 4150 2333 24300 4148 2333 24301 4149 2333 24302 4150 5690 24303 4149 5690 24304 4151 5690 24305 4152 813 24306 4150 813 24307 4151 813 24308 4152 3756 24309 4151 3756 24310 4153 3756 24311 4154 815 24312 4152 815 24313 4153 815 24314 4154 5691 24315 4153 5691 24316 4155 5691 24317 4156 818 24318 4154 818 24319 4155 818 24320 4156 3758 24321 4155 3758 24322 4157 3758 24323 4158 2334 24324 4156 2334 24325 4157 2334 24326 4158 5692 24327 4157 5692 24328 4159 5692 24329 4109 4535 24330 4158 4535 24331 4159 4535 24332 4109 2336 24333 4159 2336 24334 4110 2336 24335 4148 5693 24336 4098 5693 24337 4090 5693 24338 4150 889 24339 4098 889 24340 4148 889 24341 3962 823 24342 3954 823 24343 4122 823 24344 4118 823 24345 3954 823 24346 4112 823 24347 4122 3762 24348 3954 3762 24349 4118 3762 24350 3997 823 24351 4128 823 24352 4010 823 24353 4124 823 24354 4128 823 24355 3997 823 24356 3990 823 24357 4120 823 24358 3997 823 24359 3997 2976 24360 4120 2976 24361 4124 2976 24362 4010 830 24363 4132 830 24364 4024 830 24365 4150 825 24366 4105 825 24367 4098 825 24368 4128 823 24369 4132 823 24370 4010 823 24371 4152 823 24372 4105 823 24373 4150 823 24374 4154 823 24375 4105 823 24376 4152 823 24377 3981 823 24378 4114 823 24379 3982 823 24380 3982 3760 24381 4114 3760 24382 3990 3760 24383 3990 1654 24384 4114 1654 24385 4120 1654 24386 4024 3763 24387 4138 3763 24388 4043 3763 24389 4043 823 24390 4138 823 24391 4058 823 24392 3954 3761 24393 3946 3761 24394 4112 3761 24395 4132 823 24396 4138 823 24397 4024 823 24398 4154 2973 24399 3905 2973 24400 4105 2973 24401 3946 823 24402 3938 823 24403 4112 823 24404 3981 5694 24405 4115 5694 24406 4114 5694 24407 4108 3767 24408 3938 3767 24409 4109 3767 24410 4112 823 24411 3938 823 24412 4108 823 24413 4138 4539 24414 4140 4539 24415 4058 4539 24416 4156 823 24417 3906 823 24418 4154 823 24419 4154 3766 24420 3906 3766 24421 3905 3766 24422 4015 846 24423 4136 846 24424 3981 846 24425 3938 823 24426 3930 823 24427 4109 823 24428 3981 5695 24429 4136 5695 24430 4115 5695 24431 4156 1644 24432 3922 1644 24433 3906 1644 24434 4158 880 24435 3922 880 24436 4156 880 24437 4109 823 24438 3922 823 24439 4158 823 24440 3930 5696 24441 3922 5696 24442 4109 5696 24443 4058 5697 24444 4142 5697 24445 4066 5697 24446 4140 823 24447 4142 823 24448 4058 823 24449 3999 823 24450 4134 823 24451 4015 823 24452 4015 5698 24453 4134 5698 24454 4136 5698 24455 4066 823 24456 4144 823 24457 4074 823 24458 4142 3762 24459 4144 3762 24460 4066 3762 24461 3978 5699 24462 4130 5699 24463 3999 5699 24464 3999 876 24465 4130 876 24466 4134 876 24467 4146 823 24468 4082 823 24469 4144 823 24470 4144 830 24471 4082 830 24472 4074 830 24473 3978 825 24474 3970 825 24475 4130 825 24476 4130 823 24477 3970 823 24478 4126 823 24479 3970 4546 24480 4122 4546 24481 4126 4546 24482 4146 3769 24483 4090 3769 24484 4082 3769 24485 4148 823 24486 4090 823 24487 4146 823 24488 3970 3760 24489 3962 3760 24490 4122 3760 24491 3861 850 24492 4045 850 24493 3865 850 24494 3861 858 24495 3857 858 24496 4045 858 24497 3964 850 24498 3972 850 24499 3898 850 24500 3898 863 24501 3972 863 24502 3848 863 24503 3857 3777 24504 4027 3777 24505 4045 3777 24506 4107 850 24507 3883 850 24508 4100 850 24509 3909 850 24510 3883 850 24511 4107 850 24512 3885 850 24513 3883 850 24514 3909 850 24515 3908 850 24516 3886 850 24517 3909 850 24518 3909 5148 24519 3886 5148 24520 3885 5148 24521 3883 2347 24522 3881 2347 24523 4100 2347 24524 3924 850 24525 3888 850 24526 3908 850 24527 3972 850 24528 3984 850 24529 3848 850 24530 3848 856 24531 3984 856 24532 3849 856 24533 3849 850 24534 3984 850 24535 3855 850 24536 3908 5700 24537 3888 5700 24538 3886 5700 24539 3857 5701 24540 4028 5701 24541 4027 5701 24542 4100 4550 24543 3878 4550 24544 4092 4550 24545 3853 850 24546 4028 850 24547 3857 850 24548 3881 850 24549 3878 850 24550 4100 850 24551 3932 850 24552 3890 850 24553 3924 850 24554 3984 3809 24555 4001 3809 24556 3855 3809 24557 3924 3787 24558 3890 3787 24559 3888 3787 24560 3871 1668 24561 4055 1668 24562 3875 1668 24563 4084 850 24564 3877 850 24565 4076 850 24566 3875 850 24567 4055 850 24568 3853 850 24569 4092 3783 24570 3877 3783 24571 4084 3783 24572 3853 5702 24573 4055 5702 24574 4028 5702 24575 3878 850 24576 3877 850 24577 4092 850 24578 4001 850 24579 4018 850 24580 3855 850 24581 3855 850 24582 4018 850 24583 3859 850 24584 3940 5703 24585 3892 5703 24586 3932 5703 24587 3859 3786 24588 4018 3786 24589 3863 3786 24590 3871 5704 24591 4050 5704 24592 4055 5704 24593 3932 5705 24594 3892 5705 24595 3890 5705 24596 3940 850 24597 3948 850 24598 3892 850 24599 3863 3786 24600 4033 3786 24601 3867 3786 24602 4018 850 24603 4033 850 24604 3863 850 24605 3871 4550 24606 4041 4550 24607 4050 4550 24608 3867 850 24609 4041 850 24610 3871 850 24611 3877 850 24612 3873 850 24613 4076 850 24614 4033 850 24615 4041 850 24616 3867 850 24617 3948 5706 24618 3894 5706 24619 3892 5706 24620 4076 850 24621 3869 850 24622 4068 850 24623 3873 5143 24624 3869 5143 24625 4076 5143 24626 3948 3786 24627 3896 3786 24628 3894 3786 24629 3956 850 24630 3896 850 24631 3948 850 24632 3869 5145 24633 3865 5145 24634 4068 5145 24635 3865 850 24636 4060 850 24637 4068 850 24638 3896 869 24639 3964 869 24640 3898 869 24641 3956 850 24642 3964 850 24643 3896 850 24644 3865 5704 24645 4045 5704 24646 4060 5704 24647 3884 823 24648 3830 823 24649 3822 823 24650 3887 823 24651 3830 823 24652 3884 823 24653 3887 1681 24654 3889 1681 24655 3830 1681 24656 3710 5707 24657 3702 5707 24658 3864 5707 24659 3860 1690 24660 3702 1690 24661 3856 1690 24662 3864 823 24663 3702 823 24664 3860 823 24665 3737 4561 24666 3862 4561 24667 3750 4561 24668 3889 5708 24669 3838 5708 24670 3830 5708 24671 3891 823 24672 3838 823 24673 3889 823 24674 3862 823 24675 3866 823 24676 3750 823 24677 3730 823 24678 3858 823 24679 3737 823 24680 3737 823 24681 3858 823 24682 3862 823 24683 3750 823 24684 3870 823 24685 3764 823 24686 3866 823 24687 3870 823 24688 3750 823 24689 3722 3776 24690 3854 3776 24691 3730 3776 24692 3730 4564 24693 3854 4564 24694 3858 4564 24695 3702 823 24696 3694 823 24697 3856 823 24698 3764 823 24699 3874 823 24700 3783 823 24701 3870 1681 24702 3874 1681 24703 3764 1681 24704 3891 5709 24705 3845 5709 24706 3838 5709 24707 3721 823 24708 3852 823 24709 3722 823 24710 3694 823 24711 3686 823 24712 3856 823 24713 3722 5710 24714 3852 5710 24715 3854 5710 24716 3851 3798 24717 3686 3798 24718 3850 3798 24719 3856 823 24720 3686 823 24721 3851 823 24722 3783 823 24723 3879 823 24724 3798 823 24725 3891 5711 24726 3645 5711 24727 3845 5711 24728 3893 823 24729 3645 823 24730 3891 823 24731 3874 823 24732 3879 823 24733 3783 823 24734 3755 823 24735 3876 823 24736 3721 823 24737 3850 5712 24738 3678 5712 24739 3899 5712 24740 3686 5713 24741 3678 5713 24742 3850 5713 24743 3721 3795 24744 3876 3795 24745 3852 3795 24746 3895 2362 24747 3646 2362 24748 3893 2362 24749 3798 4561 24750 3880 4561 24751 3806 4561 24752 3893 3762 24753 3646 3762 24754 3645 3762 24755 3678 823 24756 3670 823 24757 3899 823 24758 3895 823 24759 3662 823 24760 3646 823 24761 3879 3803 24762 3880 3803 24763 3798 3803 24764 3670 823 24765 3662 823 24766 3899 823 24767 3897 823 24768 3662 823 24769 3895 823 24770 3899 823 24771 3662 823 24772 3897 823 24773 3739 823 24774 3872 823 24775 3755 823 24776 3755 3797 24777 3872 3797 24778 3876 3797 24779 3806 823 24780 3882 823 24781 3814 823 24782 3880 5714 24783 3882 5714 24784 3806 5714 24785 3718 823 24786 3868 823 24787 3739 823 24788 3739 823 24789 3868 823 24790 3872 823 24791 3882 3797 24792 3884 3797 24793 3814 3797 24794 3884 823 24795 3822 823 24796 3814 823 24797 3718 1654 24798 3710 1654 24799 3868 1654 24800 3868 823 24801 3710 823 24802 3864 823 24803 4117 3806 24804 3767 3806 24805 3785 3806 24806 3649 5715 24807 4147 5715 24808 3847 5715 24809 4111 4571 24810 3724 4571 24811 4113 4571 24812 4113 850 24813 3724 850 24814 4119 850 24815 3712 850 24816 3724 850 24817 4111 850 24818 3847 899 24819 4145 899 24820 3840 899 24821 4147 850 24822 4145 850 24823 3847 850 24824 3648 850 24825 4149 850 24826 3649 850 24827 3649 850 24828 4149 850 24829 4147 850 24830 4145 3809 24831 4143 3809 24832 3840 3809 24833 4117 5159 24834 3768 5159 24835 3767 5159 24836 4116 850 24837 3768 850 24838 4117 850 24839 4137 850 24840 3768 850 24841 4116 850 24842 3664 850 24843 4151 850 24844 3648 850 24845 3648 850 24846 4151 850 24847 4149 850 24848 3832 3810 24849 4141 3810 24850 3824 3810 24851 3724 3811 24852 3741 3811 24853 4119 3811 24854 3840 5716 24855 4141 5716 24856 3832 5716 24857 4143 850 24858 4141 850 24859 3840 850 24860 4137 912 24861 3795 912 24862 3768 912 24863 3672 1696 24864 4153 1696 24865 3664 1696 24866 4135 850 24867 3795 850 24868 4137 850 24869 3664 872 24870 4153 872 24871 4151 872 24872 3741 850 24873 3758 850 24874 4119 850 24875 4119 850 24876 3758 850 24877 4123 850 24878 4123 850 24879 3758 850 24880 4127 850 24881 4141 3808 24882 4139 3808 24883 3824 3808 24884 4135 3814 24885 3790 3814 24886 3795 3814 24887 4139 850 24888 3816 850 24889 3824 850 24890 3680 850 24891 4155 850 24892 3672 850 24893 3758 850 24894 3773 850 24895 4127 850 24896 4127 850 24897 3781 850 24898 4131 850 24899 3672 872 24900 4155 872 24901 4153 872 24902 4131 850 24903 3781 850 24904 4135 850 24905 4135 850 24906 3781 850 24907 3790 850 24908 3773 850 24909 3781 850 24910 4127 850 24911 4139 850 24912 4133 850 24913 3816 850 24914 3688 850 24915 4157 850 24916 3680 850 24917 3680 850 24918 4157 850 24919 4155 850 24920 3816 850 24921 4129 850 24922 3808 850 24923 4133 850 24924 4129 850 24925 3816 850 24926 3696 850 24927 4159 850 24928 3688 850 24929 3688 2373 24930 4159 2373 24931 4157 2373 24932 4125 850 24933 3800 850 24934 4129 850 24935 4129 850 24936 3800 850 24937 3808 850 24938 3696 5717 24939 3704 5717 24940 4159 5717 24941 4159 850 24942 3704 850 24943 4110 850 24944 4125 3810 24945 3785 3810 24946 3800 3810 24947 4121 850 24948 3785 850 24949 4125 850 24950 4121 850 24951 4117 850 24952 3785 850 24953 3704 2368 24954 3712 2368 24955 4110 2368 24956 4110 3783 24957 3712 3783 24958 4111 3783 24959</p>
        </triangles>
      </mesh>
    </geometry>
    </library_geometries>
  <library_visual_scenes>
    <visual_scene id="Scene" name="Scene">
      <node id="RailsRubber" name="RailsRubber" type="NODE">
        <matrix sid="transform">1 0 0 0 0 1 0 0 0 0 1 0 0 0 0 1</matrix>
        <instance_geometry url="#RailsRubber-mesh" name="RailsRubber">
          <bind_material>
            <technique_common>
              <instance_material symbol="RailsRubber-material" target="#RailsRubber-material">
                <bind_vertex_input semantic="UVMap" input_semantic="TEXCOORD" input_set="0" />
              </instance_material>
            </technique_common>
          </bind_material>
        </instance_geometry>
      </node>
      </visual_scene>
  </library_visual_scenes>
  <scene>
    <instance_visual_scene url="#Scene" />
  </scene>
</COLLADA>