<?xml version='1.0' encoding='utf-8'?>
<COLLADA xmlns="http://www.collada.org/2005/11/COLLADASchema" version="1.4.1">
  <asset>
    <contributor>
      <author>Blender User</author>
      <authoring_tool>Blender 2.82.7</authoring_tool>
    </contributor>
    <created>2021-04-21T20:42:04</created>
    <modified>2021-04-21T20:42:04</modified>
    <unit name="meter" meter="1" />
    <up_axis>Z_UP</up_axis>
  </asset>
  <library_lights>
    <light id="Sun-light" name="Sun">
      <technique_common>
        <directional>
          <color sid="color">1 1 1</color>
        </directional>
      </technique_common>
      <extra>
        <technique profile="blender">
          <type sid="type" type="int">1</type>
          <flag sid="flag" type="int">0</flag>
          <mode sid="mode" type="int">1</mode>
          <gamma sid="blender_gamma" type="float">1</gamma>
          <red sid="red" type="float">1</red>
          <green sid="green" type="float">1</green>
          <blue sid="blue" type="float">1</blue>
          <shadow_r sid="blender_shadow_r" type="float">0</shadow_r>
          <shadow_g sid="blender_shadow_g" type="float">0</shadow_g>
          <shadow_b sid="blender_shadow_b" type="float">0</shadow_b>
          <energy sid="blender_energy" type="float">1</energy>
          <dist sid="blender_dist" type="float">12.5</dist>
          <spotsize sid="spotsize" type="float">45</spotsize>
          <spotblend sid="spotblend" type="float">0.15</spotblend>
          <att1 sid="att1" type="float">0</att1>
          <att2 sid="att2" type="float">1</att2>
          <falloff_type sid="falloff_type" type="int">2</falloff_type>
          <clipsta sid="clipsta" type="float">0.04999995</clipsta>
          <clipend sid="clipend" type="float">40</clipend>
          <bias sid="bias" type="float">1</bias>
          <soft sid="soft" type="float">3</soft>
          <bufsize sid="bufsize" type="int">512</bufsize>
          <samp sid="samp" type="int">3</samp>
          <buffers sid="buffers" type="int">1</buffers>
          <area_shape sid="area_shape" type="int">0</area_shape>
          <area_size sid="area_size" type="float">0.125</area_size>
          <area_sizey sid="area_sizey" type="float">0.125</area_sizey>
          <area_sizez sid="area_sizez" type="float">0.125</area_sizez>
        </technique>
      </extra>
    </light>
  </library_lights>
  <library_effects>
    <effect id="LandingFoam-effect">
      <profile_COMMON>
        <technique sid="common">
          <lambert>
            <emission>
              <color sid="emission">0 0 0 1</color>
            </emission>
            <ambient>
              <color sid="ambient">0.7019608 0.7019608 0.7019608 1</color>
            </ambient>
            <diffuse>
              <color sid="diffuse">0.7019608 0.7019608 0.7019608 1</color>
            </diffuse>
            <reflectivity>
              <float sid="specular">0.3</float>
            </reflectivity>
            <index_of_refraction>
              <float sid="ior">1.45</float>
            </index_of_refraction>
          </lambert>
        </technique>
      </profile_COMMON>
    </effect>
    <effect id="LandingRubber-effect">
      <profile_COMMON>
        <technique sid="common">
          <lambert>
            <emission>
              <color sid="emission">0 0 0 1</color>
            </emission>
            <ambient>
              <color sid="ambient">0.003921569 0.003921569 0.003921569 1</color>
            </ambient>
            <diffuse>
              <color sid="diffuse">0.003921569 0.003921569 0.003921569 1</color>
            </diffuse>
            <reflectivity>
              <float sid="specular">1</float>
            </reflectivity>
            <index_of_refraction>
              <float sid="ior">1.45</float>
            </index_of_refraction>
          </lambert>
        </technique>
      </profile_COMMON>
    </effect>
    <effect id="CarbonFiber-effect">
      <profile_COMMON>
        <newparam sid="CF_png-surface">
          <surface type="2D">
            <init_from>CF_png</init_from>
          </surface>
        </newparam>
        <newparam sid="CF_png-sampler">
          <sampler2D>
            <source>CF_png-surface</source>
          </sampler2D>
        </newparam>
        <technique sid="common">
          <lambert>
            <emission>
              <color sid="emission">0 0 0 1</color>
            </emission>
            <diffuse>
              <texture texture="CF_png-sampler" texcoord="UVMap" />
            </diffuse>
            <reflectivity>
              <float sid="specular">1</float>
            </reflectivity>
            <index_of_refraction>
              <float sid="ior">1.45</float>
            </index_of_refraction>
          </lambert>
        </technique>
      </profile_COMMON>
    </effect>
    <effect id="Metal-effect">
      <profile_COMMON>
        <technique sid="common">
          <lambert>
            <emission>
              <color sid="emission">0 0 0 1</color>
            </emission>
            <ambient>
              <color sid="ambient">0.3185468 0.3185468 0.3185468 1</color>
            </ambient>
            <diffuse>
              <color sid="diffuse">0.3185468 0.3185468 0.3185468 1</color>
            </diffuse>
            <reflectivity>
              <float sid="specular">1</float>
            </reflectivity>
            <index_of_refraction>
              <float sid="ior">1.45</float>
            </index_of_refraction>
          </lambert>
        </technique>
      </profile_COMMON>
    </effect>
    <effect id="RailsRubber-effect">
      <profile_COMMON>
        <technique sid="common">
          <lambert>
            <emission>
              <color sid="emission">0 0 0 1</color>
            </emission>
            <ambient>
              <color sid="ambient">0.1004815 0.1004815 0.1004815 1</color>
            </ambient>
            <diffuse>
              <color sid="diffuse">0.1004815 0.1004815 0.1004815 1</color>
            </diffuse>
            <reflectivity>
              <float sid="specular">0.5</float>
            </reflectivity>
            <index_of_refraction>
              <float sid="ior">1.45</float>
            </index_of_refraction>
          </lambert>
        </technique>
      </profile_COMMON>
    </effect>
    <effect id="FMUK66-effect">
      <profile_COMMON>
        <technique sid="common">
          <lambert>
            <emission>
              <color sid="emission">0 0 0 1</color>
            </emission>
            <ambient>
              <color sid="ambient">0.9960784 0.9960784 0.9960784 1</color>
            </ambient>
            <diffuse>
              <color sid="diffuse">0.9960784 0.9960784 0.9960784 1</color>
            </diffuse>
            <reflectivity>
              <float sid="specular">0.5</float>
            </reflectivity>
            <index_of_refraction>
              <float sid="ior">1.45</float>
            </index_of_refraction>
          </lambert>
        </technique>
      </profile_COMMON>
    </effect>
    <effect id="RailsAntennaHolder-effect">
      <profile_COMMON>
        <technique sid="common">
          <lambert>
            <emission>
              <color sid="emission">0 0 0 1</color>
            </emission>
            <ambient>
              <color sid="ambient">0.9568627 0.9568627 0 1</color>
            </ambient>
            <diffuse>
              <color sid="diffuse">0.9568627 0.9568627 0 1</color>
            </diffuse>
            <reflectivity>
              <float sid="specular">0.5</float>
            </reflectivity>
            <index_of_refraction>
              <float sid="ior">1.45</float>
            </index_of_refraction>
          </lambert>
        </technique>
      </profile_COMMON>
    </effect>
    <effect id="LandingPlastic-effect">
      <profile_COMMON>
        <technique sid="common">
          <lambert>
            <emission>
              <color sid="emission">0 0 0 1</color>
            </emission>
            <ambient>
              <color sid="ambient">0.5225216 0.5225216 0.5225216 1</color>
            </ambient>
            <diffuse>
              <color sid="diffuse">0.5225216 0.5225216 0.5225216 1</color>
            </diffuse>
            <reflectivity>
              <float sid="specular">0.5</float>
            </reflectivity>
            <index_of_refraction>
              <float sid="ior">1.45</float>
            </index_of_refraction>
          </lambert>
        </technique>
      </profile_COMMON>
    </effect>
    <effect id="FMURubber-effect">
      <profile_COMMON>
        <technique sid="common">
          <lambert>
            <emission>
              <color sid="emission">0 0 0 1</color>
            </emission>
            <ambient>
              <color sid="ambient">0.1882353 0.2313726 0.5882354 1</color>
            </ambient>
            <diffuse>
              <color sid="diffuse">0.1882353 0.2313726 0.5882354 1</color>
            </diffuse>
            <reflectivity>
              <float sid="specular">0.5</float>
            </reflectivity>
            <index_of_refraction>
              <float sid="ior">1.45</float>
            </index_of_refraction>
          </lambert>
        </technique>
      </profile_COMMON>
    </effect>
  </library_effects>
  <library_images>
    <image id="CF_png" name="CF_png">
      <init_from>CF.png</init_from>
    </image>
  </library_images>
  <library_materials>
    <material id="LandingFoam-material" name="LandingFoam">
      <instance_effect url="#LandingFoam-effect" />
    </material>
    <material id="LandingRubber-material" name="LandingRubber">
      <instance_effect url="#LandingRubber-effect" />
    </material>
    <material id="CarbonFiber-material" name="CarbonFiber">
      <instance_effect url="#CarbonFiber-effect" />
    </material>
    <material id="Metal-material" name="Metal">
      <instance_effect url="#Metal-effect" />
    </material>
    <material id="RailsRubber-material" name="RailsRubber">
      <instance_effect url="#RailsRubber-effect" />
    </material>
    <material id="FMUK66-material" name="FMUK66">
      <instance_effect url="#FMUK66-effect" />
    </material>
    <material id="RailsAntennaHolder-material" name="RailsAntennaHolder">
      <instance_effect url="#RailsAntennaHolder-effect" />
    </material>
    <material id="LandingPlastic-material" name="LandingPlastic">
      <instance_effect url="#LandingPlastic-effect" />
    </material>
    <material id="FMURubber-material" name="FMURubber">
      <instance_effect url="#FMURubber-effect" />
    </material>
  </library_materials>
  <library_geometries>
    <geometry id="RailsAntennaHolder-mesh" name="RailsAntennaHolder">
      <mesh>
        <source id="RailsAntennaHolder-mesh-positions">
          <float_array id="RailsAntennaHolder-mesh-positions-array" count="10326">0.07232564 0.03585755 -0.03256624 0.07221722 0.03558516 -0.03207004 0.07290297 0.03568887 -0.0325402 0.07187843 0.03610283 -0.03260409 0.07285821 0.03539437 -0.03205651 0.07128632 0.03623163 -0.03211605 0.07221066 0.03449565 -0.031614 0.07204264 0.03515148 -0.03173303 0.07137292 0.03484582 -0.031614 0.0709564 0.03588122 -0.03174573 0.07113528 0.03607124 -0.03190445 0.07278728 0.03493618 -0.03172934 0.07512229 0.03643488 -0.03265535 0.07463538 0.0360465 -0.03259539 0.07519769 0.03635483 -0.03237038 0.07584184 0.03567069 -0.03164732 0.07571303 0.03516411 -0.031614 0.07604998 0.03544962 -0.031614 0.07147771 0.03643488 -0.03265535 0.07140231 0.03635483 -0.03237038 0.07075816 0.03567069 -0.03164732 0.07054996 0.03544962 -0.031614 0.07531362 0.03623163 -0.03211605 0.07478183 0.03579992 -0.03208541 0.07546466 0.03607124 -0.03190445 0.07535016 0.03491735 -0.031614 0.07502168 0.03539395 -0.0317372 0.07460987 0.03456658 -0.031614 0.07564359 0.03588122 -0.03174573 0.07408565 0.03578561 -0.0325551 0.07417315 0.03550916 -0.03206449 0.07431375 0.03506559 -0.03173148 0.07381963 0.03437554 -0.031614 0.07349902 0.03566449 -0.03253638 0.07352107 0.03537017 -0.03205472 0.0735566 0.03490877 -0.03172886 0.07300961 0.03435164 -0.031614 0.07574522 0.0412321 -0.03186553 0.07590276 0.04136914 -0.03174608 0.07517445 0.04172998 -0.03187954 0.075872 0.03985649 -0.03318375 0.07587867 0.03985989 -0.03279036 0.07581716 0.04001283 -0.03281015 0.07623684 0.04155093 -0.03163146 0.0760349 0.04148405 -0.03167814 0.07624971 0.0415287 -0.03163224 0.07623088 0.04156029 -0.03163123 0.07621127 0.04158776 -0.03163081 0.07619869 0.0416032 -0.03163069 0.07618695 0.04161626 -0.03163075 0.07617717 0.04162639 -0.03163087 0.07110249 0.03689295 -0.0327261 0.07617151 0.04163187 -0.03163093 0.07613849 0.04166018 -0.03163188 0.07611793 0.04167491 -0.03163278 0.07607215 0.04170161 -0.03163546 0.07605677 0.041709 -0.03163653 0.07604998 0.04171216 -0.03163635 0.0758509 0.04111295 -0.03186231 0.07601374 0.04124206 -0.03174436 0.07537925 0.04073905 -0.03290712 0.07592129 0.04005682 -0.03242915 0.07545268 0.04079729 -0.03250104 0.07615029 0.04135024 -0.0316773 0.07628035 0.04145395 -0.0316354 0.07657796 0.04032909 -0.03173089 0.07598835 0.03989952 -0.03241467 0.07601451 0.03925341 -0.03309065 0.0760138 0.03925335 -0.03309059 0.07604771 0.03863096 -0.0329945 0.07016259 0.03657764 -0.03167557 0.07612055 0.04013979 -0.03209513 0.07561653 0.04092717 -0.03214007 0.07619261 0.03997248 -0.03208607 0.0760436 0.03925806 -0.03271389 0.07639276 0.04025256 -0.03184026 0.07646918 0.04007077 -0.03183585 0.07617193 0.03927773 -0.032359 0.07596975 0.03801363 -0.0328992 0.07604771 0.03863066 -0.03299444 0.07638984 0.03931099 -0.03205168 0.07609975 0.03862869 -0.0326361 0.07667505 0.03935444 -0.0318191 0.07672059 0.03911888 -0.03180909 0.07624173 0.03862327 -0.03230297 0.07646447 0.03861469 -0.03201729 0.07662206 0.03743451 -0.03175258 0.07578384 0.03742641 -0.03280848 0.07603925 0.03799813 -0.03256016 0.07618743 0.0379638 -0.03224891 0.07640558 0.03791326 -0.03198432 0.0754975 0.03689295 -0.0327261 0.07586216 0.03739213 -0.032489 0.0760079 0.03732711 -0.03219872 0.07621198 0.03723603 -0.03195399 0.07645761 0.03712642 -0.03177207 0.07081609 0.03742641 -0.03280848 0.07073783 0.03739219 -0.03248906 0.07063019 0.03801363 -0.0328992 0.06992834 0.03778922 -0.03177952 0.07059204 0.03732711 -0.03219872 0.07038795 0.03723609 -0.03195405 0.07055228 0.03863096 -0.0329945 0.07055252 0.03863084 -0.0329945 0.07050031 0.03862851 -0.0326361 0.07035827 0.03862279 -0.03230303 0.07058662 0.03925329 -0.03309059 0.07058542 0.03925341 -0.03309065 0.07013553 0.03861421 -0.03201735 0.07055652 0.03925746 -0.03271389 0.07042807 0.03927683 -0.03235906 0.07072836 0.03985577 -0.03318363 0.0707286 0.03985631 -0.03318375 0.07021021 0.03930997 -0.03205174 0.07072156 0.03985911 -0.03279036 0.06992512 0.0393536 -0.03181916 0.06990307 0.03947961 -0.03179436 0.07061171 0.03989839 -0.03241467 0.07097429 0.04041451 -0.03326994 0.0709753 0.04041367 -0.03326982 0.07131624 0.04090464 -0.03334558 0.07040745 0.03997123 -0.03208613 0.07098722 0.04040729 -0.03286236 0.07089871 0.04046005 -0.03246766 0.07071602 0.04056859 -0.03211915 0.07134854 0.04088598 -0.03292757 0.07046043 0.04072028 -0.031852 0.07173788 0.04130935 -0.0334081 0.07173746 0.04130876 -0.03340798 0.07128226 0.04094529 -0.03251636 0.0702843 0.04082477 -0.03173881 0.07031959 0.04145395 -0.0316354 0.07177048 0.04126316 -0.03298068 0.07112872 0.0410844 -0.03214979 0.07090675 0.04128623 -0.03186702 0.07172489 0.04132407 -0.03255635 0.07222163 0.04161167 -0.03345477 0.07222181 0.04160964 -0.03345447 0.07075196 0.04142713 -0.03174686 0.07160502 0.04148691 -0.03217512 0.07225167 0.04154622 -0.03302139 0.07048082 0.04167407 -0.03163266 0.07062202 0.04154551 -0.03167849 0.07054996 0.04171216 -0.03163635 0.07046639 0.04166382 -0.031632 0.07045543 0.04165536 -0.03163164 0.0704264 0.04162973 -0.03163087 0.07041174 0.04161471 -0.03163069 0.07040011 0.04160153 -0.03163069 0.07039678 0.04159754 -0.03163069 0.07038718 0.04158544 -0.03163081 0.07036584 0.0415548 -0.03163135 0.07035106 0.04152947 -0.03163212 0.07033765 0.04150277 -0.03163325 0.07122772 0.04197609 -0.03170776 0.07142645 0.04173064 -0.0318796 0.07222455 0.04160636 -0.03258728 0.07274937 0.04179608 -0.03348326 0.07274979 0.04179519 -0.03348314 0.0713005 0.04190284 -0.03175359 0.07192486 0.04217296 -0.03179752 0.07214283 0.04178684 -0.03219485 0.07276755 0.04171812 -0.03304636 0.07201737 0.04206341 -0.03188931 0.07275539 0.04177737 -0.0326063 0.07385021 0.04179519 -0.03348314 0.0733 0.04185706 -0.03349268 0.0733 0.04185789 -0.0334928 0.07271403 0.04196846 -0.03220695 0.07319027 0.04232913 -0.03189575 0.07330054 0.04177504 -0.03305464 0.07330083 0.04183405 -0.03261262 0.07385057 0.04179483 -0.03348308 0.07437813 0.04160964 -0.03345447 0.07330089 0.04202866 -0.03221094 0.0738334 0.04171723 -0.03304618 0.0738461 0.04177665 -0.03260618 0.07486253 0.04130876 -0.03340798 0.07437843 0.04160988 -0.03345453 0.07388758 0.04196768 -0.03220683 0.0744273 0.04222428 -0.03182691 0.07434916 0.04154503 -0.03302109 0.07437664 0.04160553 -0.03258705 0.0752837 0.04090464 -0.03334558 0.07486242 0.0413078 -0.03340786 0.07445853 0.04178595 -0.03219467 0.07483017 0.04126238 -0.03298038 0.07487601 0.04132372 -0.03255611 0.07499593 0.04148656 -0.032175 0.07529366 0.04083991 -0.03292101 0.07587158 0.03985577 -0.03318363 0.0753622 0.04089927 -0.03251141 0.07551914 0.04103553 -0.03214663 0.07655543 0.0419743 -0.03182154 0.07617157 0.04201197 -0.03172802 0.07655543 0.04169356 -0.03174149 0.07632815 0.0428341 -0.03261166 0.07604998 0.04286354 -0.03260093 0.07604998 0.0427258 -0.03231871 0.07617157 0.04171091 -0.03164219 0.07604998 0.04201418 -0.03172248 0.07729995 0.04151445 -0.03287142 0.07726681 0.04154616 -0.03258591 0.07729995 0.04145395 -0.03286397 0.07617157 0.0422883 -0.03187453 0.07604998 0.04229164 -0.03186964 0.07655543 0.04223203 -0.03195822 0.07726681 0.04145395 -0.03257793 0.07604998 0.04253232 -0.03207135 0.07617157 0.04252809 -0.03207546 0.07729995 0.04157137 -0.03289324 0.07726681 0.04165416 -0.03261667 0.07655543 0.04245561 -0.0321455 0.07716906 0.04159277 -0.03231906 0.07716906 0.04145395 -0.03230702 0.07729995 0.04162126 -0.03292822 0.07726681 0.04175335 -0.0326693 0.07716906 0.04175531 -0.03236538 0.07701188 0.04163426 -0.0320813 0.07701188 0.04145395 -0.03206568 0.07729995 0.04168891 -0.03302848 0.07726866 0.04195028 -0.03293335 0.07729995 0.04166126 -0.03297418 0.07717621 0.04219853 -0.03284299 0.07726681 0.04183936 -0.03274136 0.07716906 0.04190462 -0.03244453 0.07701188 0.0418455 -0.0321415 0.07680362 0.04166847 -0.03188532 0.07680362 0.04145395 -0.03186672 0.07702726 0.04242128 -0.03276193 0.07716906 0.04203414 -0.03255307 0.07701188 0.04203939 -0.03224438 0.07680362 0.04191976 -0.03195697 0.07655543 0.04145395 -0.03172069 0.07682931 0.04260724 -0.03269422 0.07701188 0.04220759 -0.03238528 0.07680362 0.04215049 -0.03207933 0.07680362 0.04235064 -0.032247 0.07659232 0.04274719 -0.03264331 0.07434624 0.04541808 -0.05874949 0.0748201 0.04566383 -0.05869036 0.07522815 0.04597479 -0.05857723 0.0733 0.05036586 -0.05686861 0.07276552 0.05032467 -0.05690854 0.07556581 0.04635292 -0.05843955 0.07225298 0.05019658 -0.0570085 0.0758208 0.04678452 -0.05828249 0.07177984 0.04997074 -0.05712276 0.07601279 0.047387 -0.05804067 0.07137179 0.04965984 -0.05723595 0.07604533 0.04795581 -0.05782425 0.07103413 0.04928165 -0.05737358 0.07597476 0.04841274 -0.05767506 0.07077914 0.04885005 -0.0575307 0.0758208 0.04885005 -0.0575307 0.07556581 0.04928165 -0.05737358 0.07058721 0.04823309 -0.0577327 0.07522815 0.04965984 -0.05723595 0.07055461 0.04765832 -0.05793255 0.07062518 0.04721236 -0.05811196 0.0748201 0.04997074 -0.05712276 0.07077914 0.04678452 -0.05828249 0.0743463 0.050197 -0.05701017 0.07103413 0.04635292 -0.05843955 0.07383358 0.05032479 -0.05690908 0.07356828 0.05035555 -0.05687856 0.07137179 0.04597479 -0.05857723 0.07177984 0.04566383 -0.05869036 0.07225292 0.04541736 -0.05874794 0.07276546 0.04525506 -0.05875372 0.07329976 0.04519796 -0.05874979 0.0738334 0.04525524 -0.0587542 0.07572597 0.04633277 -0.05870628 0.07595056 0.04680842 -0.05851346 0.07599896 0.04679489 -0.05853807 0.07604998 0.04677617 -0.05855154 0.0757718 0.04630529 -0.05872297 0.07536441 0.04592788 -0.05885362 0.07568246 0.04635459 -0.05867862 0.07532739 0.04595696 -0.0588234 0.07582658 0.0468012 -0.0583356 0.07540345 0.04589277 -0.05887311 0.07495826 0.04555356 -0.05899655 0.07492756 0.04559499 -0.0589748 0.07523256 0.04598957 -0.058631 0.07482355 0.04567795 -0.05874443 0.07524549 0.04599529 -0.05868518 0.07483381 0.04568153 -0.05879938 0.075571 0.04636859 -0.05849307 0.07526636 0.04599153 -0.05873697 0.07485026 0.04567444 -0.05885237 0.07558619 0.04637688 -0.0585463 0.07584351 0.04681235 -0.05838781 0.07529413 0.04597854 -0.05878382 0.07487213 0.04565697 -0.05890089 0.07561075 0.04637718 -0.05859661 0.07587081 0.04681736 -0.05843639 0.0748983 0.04563003 -0.05894237 0.07564336 0.04636967 -0.05864149 0.07590711 0.04681605 -0.05847901 0.07256376 0.04525351 -0.05900543 0.07254916 0.04520416 -0.05904847 0.07222527 0.04538112 -0.05898678 0.07337814 0.04514145 -0.05901175 0.07385593 0.04515033 -0.05905348 0.07337969 0.04508513 -0.05905419 0.07276886 0.04526883 -0.05882096 0.07276827 0.04526418 -0.05888944 0.07258248 0.04531496 -0.05882 0.07384526 0.04520285 -0.05901068 0.07338351 0.04494887 -0.05908477 0.07386845 0.04508835 -0.05908 0.07388192 0.04502165 -0.05908834 0.07258105 0.04531103 -0.058887 0.07338154 0.0450192 -0.05907917 0.07218235 0.04528844 -0.05905991 0.07253193 0.04514551 -0.05907618 0.07251334 0.04508185 -0.05908668 0.07220536 0.04533922 -0.05902987 0.07434493 0.04543083 -0.05881166 0.07383108 0.04526913 -0.05882161 0.07276374 0.04524147 -0.05895406 0.07257467 0.04529005 -0.05895036 0.07275557 0.04520237 -0.05900985 0.07434958 0.04542887 -0.0588749 0.07383239 0.04526466 -0.05889022 0.07297635 0.0452336 -0.05882048 0.07177639 0.04567795 -0.05874443 0.07436001 0.04541224 -0.0589351 0.07383722 0.04524195 -0.05895489 0.07274448 0.04514992 -0.0590527 0.07167243 0.04559499 -0.0589748 0.07186567 0.04539847 -0.05904388 0.07164168 0.04555356 -0.05899655 0.07170164 0.04563003 -0.05894237 0.07172781 0.04565697 -0.05890089 0.07174968 0.04567444 -0.05885237 0.07176619 0.04568153 -0.05879938 0.07437545 0.04538196 -0.05898851 0.07297623 0.0452286 -0.05889016 0.07273125 0.04508805 -0.05907928 0.07294434 0.04497528 -0.05908697 0.074395 0.04534012 -0.0590316 0.07297354 0.04520457 -0.05895572 0.07444137 0.04523295 -0.0590769 0.07441741 0.04528933 -0.0590617 0.07296854 0.04516351 -0.05901193 0.07296162 0.04510861 -0.05905461 0.07295334 0.04504424 -0.05908024 0.07329988 0.04521256 -0.05881893 0.0733 0.04520732 -0.05888932 0.07337617 0.04521363 -0.05881875 0.0733 0.04518258 -0.05895549 0.07337629 0.04520839 -0.05888915 0.0733 0.04514026 -0.05901199 0.07337701 0.04518371 -0.05895525 0.07225507 0.04543012 -0.05881005 0.07225096 0.04542809 -0.05887323 0.07329994 0.04508388 -0.05905443 0.07224082 0.0454114 -0.05893343 0.0721001 0.0452618 -0.05907094 0.07329982 0.04501789 -0.0590794 0.07119655 0.04589277 -0.05887311 0.07102894 0.04636859 -0.05849307 0.07075643 0.04681235 -0.05838781 0.07077342 0.0468012 -0.0583356 0.07101374 0.04637688 -0.0585463 0.07072913 0.04681736 -0.05843639 0.07136744 0.04598957 -0.058631 0.07098919 0.04637718 -0.05859661 0.07069289 0.04681605 -0.05847901 0.07135444 0.04599529 -0.05868518 0.07095658 0.04636967 -0.05864149 0.07133358 0.04599153 -0.05873697 0.07091754 0.04635459 -0.05867862 0.07060098 0.04679489 -0.05853807 0.07064938 0.04680842 -0.05851346 0.07130581 0.04597854 -0.05878382 0.07087397 0.04633277 -0.05870628 0.07054996 0.04677617 -0.05855154 0.07082813 0.04630529 -0.05872297 0.07127261 0.04595696 -0.0588234 0.07123553 0.04592788 -0.05885362 0.07536441 0.04987341 -0.05741757 0.07572597 0.04946851 -0.05756497 0.07568246 0.04943406 -0.05755782 0.07532739 0.04983168 -0.0574131 0.07582658 0.04887145 -0.05758208 0.07495826 0.05025202 -0.05728644 0.07540345 0.04991286 -0.05740994 0.07492756 0.05020636 -0.05729645 0.075571 0.04930406 -0.05742466 0.07584351 0.04889649 -0.05762922 0.07558619 0.04933196 -0.05747073 0.07587081 0.04892385 -0.05766969 0.07523256 0.04968309 -0.05728667 0.07482355 0.0499947 -0.05717325 0.07561075 0.04936403 -0.05750948 0.07590711 0.04895228 -0.05770146 0.07524549 0.04971355 -0.05733186 0.07483381 0.05002725 -0.05721765 0.07564336 0.04939866 -0.05753904 0.07595056 0.04898023 -0.05772298 0.07526636 0.04974973 -0.05736911 0.07485026 0.05006676 -0.05725371 0.07599896 0.0490064 -0.05773317 0.07529413 0.04978978 -0.05739665 0.07487213 0.05011135 -0.05727964 0.07604998 0.04902946 -0.05773144 0.0757718 0.04950028 -0.05756008 0.0748983 0.05015861 -0.05729413 0.07275563 0.05052959 -0.05707091 0.07274448 0.05059731 -0.05707001 0.07274448 0.05059736 -0.05706995 0.0732997 0.05077314 -0.05696457 0.07273125 0.05066186 -0.05705058 0.07271689 0.0507183 -0.05701422 0.07383126 0.05035746 -0.05696964 0.07383257 0.05040496 -0.05701929 0.07399898 0.05032593 -0.05699646 0.07329982 0.05071568 -0.05700558 0.07400113 0.05037212 -0.0570454 0.07329994 0.05064904 -0.05702888 0.07273125 0.05066186 -0.05705058 0.07401823 0.05049288 -0.05709916 0.07403194 0.05055862 -0.05710011 0.07437556 0.05037826 -0.05716997 0.07225507 0.05022674 -0.05706423 0.07177639 0.0499947 -0.05717325 0.07439512 0.0504381 -0.05717611 0.07176619 0.05002725 -0.05721765 0.07383739 0.05046391 -0.05705428 0.07400768 0.05042922 -0.0570805 0.07276886 0.05035734 -0.05696892 0.07174968 0.05006676 -0.05725371 0.07225096 0.05026888 -0.05711132 0.07441753 0.05049633 -0.05716651 0.07404798 0.05062162 -0.0570833 0.07406514 0.05067729 -0.05705004 0.07276827 0.0504049 -0.05701839 0.07384544 0.05052977 -0.05707186 0.07172781 0.05011135 -0.05727964 0.07224082 0.05032038 -0.05714672 0.07276374 0.05046385 -0.05705332 0.07385611 0.05059748 -0.05707085 0.07356679 0.05038857 -0.05694049 0.07472485 0.05040687 -0.05722099 0.07222527 0.0503779 -0.05716812 0.07275557 0.05052959 -0.05707091 0.07170164 0.05015861 -0.05729413 0.07220536 0.05043768 -0.0571742 0.07363402 0.05075526 -0.05698072 0.07386863 0.05066204 -0.05705136 0.07356721 0.05043739 -0.05699092 0.07218235 0.05049586 -0.05716454 0.07215774 0.05054879 -0.05713993 0.07167243 0.05020636 -0.05729645 0.07356953 0.05049824 -0.05702573 0.07357364 0.05056625 -0.05704218 0.07357913 0.05063605 -0.05703908 0.07329988 0.05039912 -0.05693119 0.07358562 0.05070215 -0.05701667 0.0733 0.05044835 -0.05698174 0.07330006 0.05050987 -0.05701649 0.0733 0.05057853 -0.05703264 0.07164168 0.05025202 -0.05728644 0.07276886 0.05035734 -0.05696892 0.07434505 0.05022716 -0.05706596 0.0743497 0.0502693 -0.05711311 0.07276833 0.0504049 -0.05701839 0.07436007 0.0503208 -0.05714857 0.07447993 0.05053251 -0.05715233 0.07276374 0.05046385 -0.05705332 0.07087397 0.04946851 -0.05756497 0.07123553 0.04987341 -0.05741757 0.07127261 0.04983168 -0.0574131 0.07077342 0.04887145 -0.05758208 0.07119655 0.04991286 -0.05740994 0.07054996 0.04902946 -0.05773144 0.07082813 0.04950028 -0.05756008 0.07060098 0.0490064 -0.05773317 0.07136744 0.04968309 -0.05728667 0.07135444 0.04971355 -0.05733186 0.07102894 0.04930406 -0.05742466 0.07075643 0.04889649 -0.05762922 0.07133358 0.04974973 -0.05736911 0.07101374 0.04933196 -0.05747073 0.07130581 0.04978978 -0.05739665 0.07098919 0.04936403 -0.05750948 0.07072913 0.04892385 -0.05766969 0.07095658 0.04939866 -0.05753904 0.07069289 0.04895228 -0.05770146 0.07091754 0.04943406 -0.05755782 0.07064938 0.04898023 -0.05772298 0.07605707 0.04790997 -0.05790841 0.07607865 0.0479983 -0.05794078 0.07608199 0.04793071 -0.05796468 0.07605385 0.04797732 -0.05788475 0.07612109 0.04794913 -0.05801302 0.07617217 0.04796391 -0.05804979 0.07609713 0.04752838 -0.05817055 0.07614672 0.04753702 -0.05820971 0.07611763 0.04801738 -0.05798882 0.07623195 0.04797405 -0.0580728 0.07620483 0.04753941 -0.05823618 0.07616847 0.04803317 -0.0580253 0.07629621 0.04797905 -0.05808079 0.07633054 0.04752582 -0.05824577 0.07636052 0.04797846 -0.05807286 0.07626748 0.04753565 -0.05824857 0.07622802 0.04804462 -0.05804789 0.07622575 0.04714506 -0.05840539 0.07629203 0.04805123 -0.05805552 0.07627898 0.04848712 -0.05790668 0.07599693 0.04837423 -0.05775201 0.07601994 0.04839646 -0.05780559 0.07605588 0.04841911 -0.05785125 0.07610291 0.04844075 -0.05788576 0.07615822 0.04846 -0.0579071 0.07621818 0.04847586 -0.05791431 0.07602113 0.04740911 -0.0580995 0.07604491 0.04742735 -0.05815541 0.07603496 0.04749524 -0.05806493 0.07608211 0.0474407 -0.05820494 0.07605916 0.04751414 -0.05812114 0.07613074 0.04744803 -0.05824458 0.07618784 0.04744899 -0.05827194 0.07624948 0.04744368 -0.05828571 0.07054287 0.04774755 -0.05796754 0.07052129 0.04770064 -0.05804914 0.07051795 0.04776775 -0.05802398 0.07054609 0.04768067 -0.05799269 0.07050281 0.04820829 -0.05792307 0.07042777 0.04779708 -0.05811053 0.07045328 0.04822689 -0.0579586 0.07047885 0.04778468 -0.05807286 0.07048237 0.04771691 -0.05809819 0.07036799 0.04780405 -0.05813467 0.07039511 0.04824203 -0.05798041 0.07043147 0.0477283 -0.05813628 0.07030373 0.04780536 -0.05814403 0.0702694 0.04825866 -0.05797904 0.07023942 0.04780071 -0.05813753 0.07033246 0.04825288 -0.05798757 0.07037192 0.04773396 -0.05816096 0.07037425 0.04865288 -0.05785661 0.07030791 0.04773384 -0.05817103 0.07032096 0.04730427 -0.05833727 0.07060301 0.04729133 -0.05814617 0.07058 0.04730874 -0.05820155 0.07054406 0.04732072 -0.05825108 0.07049709 0.04732638 -0.05829137 0.07044172 0.04732531 -0.0583201 0.07038182 0.0473178 -0.05833584 0.07057881 0.04825395 -0.057792 0.07055503 0.04827594 -0.05784654 0.07056498 0.04816579 -0.05782091 0.07051783 0.04829758 -0.05789303 0.07054078 0.04818749 -0.05787605 0.07046926 0.04831743 -0.05792814 0.07041209 0.0483343 -0.05794972 0.07035046 0.04834723 -0.05795687 0.07604998 0.04522705 -0.05907535 0.07604998 0.04555356 -0.05899655 0.07054996 0.04555356 -0.05899655 0.07604998 0.04489117 -0.05907958 0.07604998 0.04456281 -0.05900889 0.07054996 0.04522705 -0.05907535 0.07054996 0.04489117 -0.05907958 0.07054996 0.04456281 -0.05900889 0.07604998 0.04425841 -0.05886697 0.07054996 0.04425841 -0.05886697 0.07604998 0.04399317 -0.0586608 0.07054996 0.04399317 -0.0586608 0.07604998 0.0437805 -0.0584008 0.07054996 0.0437805 -0.0584008 0.07604998 0.04363101 -0.05810004 0.07054996 0.04363101 -0.05810004 0.07726866 0.04991966 -0.05637323 0.07729995 0.04982453 -0.05611187 0.07729995 0.04512608 -0.05782192 0.07726866 0.0452212 -0.05808329 0.07717621 0.05001002 -0.05662149 0.07717621 0.04531157 -0.0583316 0.07702726 0.05009108 -0.05684423 0.07702726 0.04539263 -0.05855429 0.07682931 0.05015879 -0.0570302 0.07682931 0.04546028 -0.05874031 0.07659232 0.04551124 -0.0588802 0.07632815 0.04554283 -0.05896711 0.07659232 0.0502097 -0.05717015 0.07632815 0.05024135 -0.05725699 0.07604998 0.05025202 -0.05728644 0.07054996 0.05114853 -0.05536389 0.07604998 0.05114853 -0.05536389 0.07604998 0.05122739 -0.0556904 0.07054996 0.05122739 -0.0556904 0.07604998 0.05123156 -0.05602627 0.07054996 0.05123156 -0.05602627 0.07604998 0.05116093 -0.05635464 0.07054996 0.05116093 -0.05635464 0.07604998 0.05101895 -0.0566591 0.07604998 0.05081284 -0.05692428 0.07054996 0.05101895 -0.0566591 0.07604998 0.05055284 -0.05713695 0.07054996 0.05081284 -0.05692428 0.07054996 0.05055284 -0.05713695 0.07054996 0.05025202 -0.05728644 0.07604998 0.03623372 -0.04476863 0.07634532 0.03621834 -0.04473608 0.07604998 0.03603285 -0.04486197 0.07604998 0.03518015 -0.04475951 0.07622551 0.03501474 -0.04461079 0.07604998 0.03500717 -0.04462116 0.07728862 0.03581428 -0.04376316 0.07726502 0.03557938 -0.04384195 0.07725447 0.03587317 -0.04392039 0.07729995 0.03575664 -0.04360288 0.07604998 0.03581643 -0.04490888 0.07645547 0.03581315 -0.04483711 0.07604998 0.03559494 -0.04490697 0.0766167 0.03617602 -0.04464459 0.07604998 0.03537935 -0.0448563 0.07645547 0.03539723 -0.04478657 0.07684713 0.0361135 -0.04450565 0.07672244 0.03580683 -0.04470378 0.0763964 0.03503662 -0.04458081 0.07639646 0.03503674 -0.04458093 0.07664293 0.03509652 -0.04449874 0.07672244 0.03543132 -0.04465717 0.07703065 0.03603845 -0.04433214 0.07692897 0.03579801 -0.0445314 0.07664299 0.03509664 -0.0444988 0.07685351 0.03518187 -0.04438197 0.07692897 0.03547739 -0.04449039 0.07708632 0.03578746 -0.04433351 0.07685357 0.03518199 -0.04438203 0.07702368 0.03528583 -0.04424023 0.07708632 0.03553301 -0.04429978 0.07715928 0.03540998 -0.04407137 0.07716625 0.03595703 -0.04413449 0.07719784 0.03577661 -0.04412204 0.07719784 0.03559517 -0.04409706 0.07604998 0.03418326 -0.04379725 0.07635098 0.03421401 -0.04377543 0.07604998 0.03403866 -0.04361414 0.07604998 0.03396326 -0.04271548 0.0762909 0.03409671 -0.04252189 0.07604998 0.03407531 -0.0425108 0.07729995 0.035214 -0.04306024 0.07728886 0.03507751 -0.04315829 0.07726585 0.03494697 -0.04293829 0.07604998 0.03394043 -0.04340249 0.07641065 0.03399717 -0.04338955 0.07604998 0.03389388 -0.04317378 0.07604998 0.03390163 -0.04294055 0.07641077 0.03395861 -0.04294484 0.07651835 0.03415721 -0.042553 0.07662522 0.03429925 -0.04371476 0.07671421 0.03413712 -0.04335683 0.07671433 0.0341019 -0.04295593 0.07676732 0.03427916 -0.04261505 0.07685542 0.03442656 -0.0436241 0.0769397 0.03432285 -0.04331099 0.07693982 0.03429239 -0.04297226 0.07698839 0.03445816 -0.04270434 0.07703709 0.03458243 -0.04351288 0.07709813 0.03452342 -0.04325836 0.07709819 0.03449881 -0.04299157 0.0771631 0.03469163 -0.04281789 0.07716989 0.03475677 -0.04338824 0.07720381 0.03472685 -0.04320228 0.0772556 0.0349425 -0.04325515 0.07720381 0.03470873 -0.04301208 0.07604998 0.02592462 -0.0425108 0.07635098 0.02589124 -0.04252809 0.07604998 0.02603673 -0.04271548 0.07604998 0.02596127 -0.04361414 0.0762909 0.02579694 -0.04378324 0.07604998 0.02581667 -0.04379725 0.07729995 0.02478599 -0.04306024 0.07728886 0.024939 -0.04299086 0.07726585 0.02502447 -0.04323154 0.07604998 0.02609831 -0.04294055 0.07641065 0.02604031 -0.04294484 0.07604998 0.02610605 -0.04317378 0.07604998 0.02605956 -0.04340249 0.07641077 0.02600377 -0.04338967 0.07651835 0.02574127 -0.04374366 0.07662522 0.02579855 -0.04257559 0.07671421 0.02589726 -0.04295593 0.07671433 0.02586358 -0.04335695 0.07676732 0.0256294 -0.04366403 0.07685542 0.02565956 -0.04264581 0.0769397 0.02570694 -0.04297226 0.07693982 0.02567768 -0.04331111 0.07698839 0.02546602 -0.04354751 0.07703709 0.02548843 -0.04273062 0.07709813 0.02550071 -0.04299157 0.07709819 0.02547693 -0.04325842 0.0771631 0.0252543 -0.04339623 0.07716989 0.02529603 -0.04282379 0.07720381 0.0252909 -0.04301208 0.0772556 0.02508968 -0.04292124 0.07720381 0.02527344 -0.04320234 0.07643824 0.02363342 -0.04435396 0.07677483 0.02386909 -0.04435384 0.07669723 0.02370995 -0.04425865 0.07650196 0.02380073 -0.04449486 0.07685565 0.02424341 -0.04446947 0.07656908 0.024217 -0.04466199 0.07701373 0.02460747 -0.04427117 0.0771532 0.02430593 -0.04406499 0.07703644 0.02427428 -0.04426103 0.07713758 0.02456945 -0.044079 0.07604998 0.025101 -0.04451292 0.07635021 0.02508056 -0.04448026 0.07604998 0.02490848 -0.04466331 0.07696902 0.0239554 -0.04418939 0.07690334 0.02381193 -0.04413336 0.0772221 0.02465981 -0.04380196 0.07722312 0.02452814 -0.04388445 0.07713258 0.02476197 -0.04396754 0.07710659 0.02404946 -0.04402261 0.07706069 0.02392899 -0.0439921 0.07723164 0.02433955 -0.0438711 0.07727682 0.0245552 -0.04363185 0.07728242 0.0244764 -0.04364895 0.07729423 0.02449035 -0.04352623 0.07729995 0.02442568 -0.04342049 0.07720607 0.02415359 -0.04384785 0.07718068 0.02406328 -0.04383313 0.07604998 0.0237621 -0.04458099 0.07624888 0.02360367 -0.04439121 0.07604998 0.023593 -0.04440468 0.07728469 0.02438223 -0.04364085 0.0772711 0.02424174 -0.04362702 0.07727789 0.02428841 -0.04363173 0.07604998 0.02468526 -0.04476249 0.07654631 0.0246703 -0.0446487 0.07604998 0.02444463 -0.04480457 0.07661777 0.02502667 -0.04439389 0.07683539 0.0249499 -0.04427063 0.07682836 0.02464264 -0.04446983 0.07604998 0.02420097 -0.04478704 0.07604998 0.02396887 -0.04471105 0.07700532 0.02485978 -0.04412543 0.07632815 0.0225355 -0.03370767 0.07632815 0.02234572 -0.03353345 0.07604998 0.02232599 -0.03355783 0.07659232 0.02319276 -0.03505915 0.07632815 0.02302628 -0.03456807 0.07632815 0.02310037 -0.03506153 0.07632815 0.02305185 -0.03555822 0.07604998 0.0230695 -0.03514194 0.07604998 0.02301216 -0.03559011 0.07702726 0.02162426 -0.03270637 0.07705008 0.0210697 -0.03261387 0.07685101 0.0210697 -0.03282362 0.07632815 0.02288371 -0.03602808 0.07682931 0.0215798 -0.03289926 0.07717621 0.02342158 -0.0337724 0.07702726 0.02285248 -0.03340351 0.07702726 0.02321571 -0.03388983 0.07682931 0.02206397 -0.03307026 0.07659232 0.02154642 -0.03304439 0.07659232 0.02199882 -0.03320419 0.07717621 0.02302354 -0.03323948 0.07702726 0.02344942 -0.03444999 0.07682931 0.02304381 -0.03398787 0.07659232 0.02240377 -0.03346151 0.07632815 0.02195835 -0.03328734 0.07682931 0.0232588 -0.03450316 0.07682931 0.02334165 -0.03505533 0.07659232 0.02311533 -0.03454321 0.07725328 0.02359861 -0.03367137 0.07729995 0.0238927 -0.03350365 0.07729995 0.0234149 -0.03286397 0.07659232 0.0226022 -0.03364366 0.07725328 0.02317059 -0.03309834 0.07659232 0.02314203 -0.03557842 0.07659232 0.02296626 -0.03606969 0.07717621 0.02167743 -0.03247541 0.07721269 0.02174198 -0.03240507 0.07719564 0.0210697 -0.03236401 0.07702726 0.02215051 -0.03289228 0.07717621 0.0236777 -0.03438627 0.07632815 0.02283412 -0.0341075 0.07604998 0.02264326 -0.03387951 0.07604998 0.02288019 -0.03426426 0.07702726 0.02353948 -0.03505021 0.07682931 0.02328741 -0.03561103 0.07682931 0.0230993 -0.03613668 0.07682931 0.02249729 -0.03334563 0.07725328 0.02387404 -0.0343315 0.07729995 0.02420008 -0.03424054 0.07682931 0.02270966 -0.03354054 0.07717621 0.02377641 -0.03504407 0.07717621 0.02225422 -0.0326792 0.07725328 0.02240234 -0.03252542 0.07702726 0.02348053 -0.0356543 0.07702726 0.02327603 -0.03622579 0.07604998 0.02285575 -0.03601396 0.07725328 0.0239802 -0.03503882 0.07729995 0.02424103 -0.03582471 0.07729995 0.02431863 -0.03503006 0.07659232 0.02291446 -0.03406167 0.07717621 0.0237118 -0.0357061 0.07717621 0.02348768 -0.03633242 0.07702726 0.02262163 -0.03319162 0.07604998 0.02302473 -0.03469234 0.07725328 0.02391064 -0.03575068 0.07726866 0.02372366 -0.03645133 0.07717621 0.02277052 -0.0330072 0.07729995 0.02397203 -0.0365765 0.07632815 0.02152568 -0.03313446 0.07633721 0.0210697 -0.03308051 0.07604998 0.0210697 -0.03311395 0.07604998 0.02151858 -0.03316503 0.07660907 0.0210697 -0.03298199 0.07604998 0.02194464 -0.03331553 0.07725328 0.02289855 -0.03284859 0.07706093 0.0226618 -0.04109025 0.07718056 0.02335065 -0.04258567 0.07718056 0.02285987 -0.04105037 0.0766974 0.02286118 -0.04280441 0.0769037 0.02300381 -0.0427407 0.07718056 0.02271878 -0.03944474 0.0772708 0.02311927 -0.04099822 0.0772708 0.02298331 -0.03945088 0.0769037 0.02248746 -0.04112529 0.07706093 0.02316623 -0.0426681 0.0772708 0.02319097 -0.03791159 0.07729995 0.02325546 -0.03934133 0.07729995 0.02346587 -0.03792059 0.07643854 0.02275276 -0.04285287 0.07604998 0.02269619 -0.04287815 0.07706093 0.02251684 -0.03944003 0.0766974 0.02233427 -0.04115611 0.07718056 0.02293431 -0.03784739 0.0769037 0.02233898 -0.03943592 0.07643854 0.02221781 -0.04117953 0.07604998 0.02215713 -0.04119175 0.07706093 0.02273833 -0.0377984 0.0766974 0.02218282 -0.03943228 0.0769037 0.02256578 -0.03775525 0.07643854 0.02206403 -0.03942954 0.07604998 0.02200216 -0.03942811 0.0766974 0.0224142 -0.03771734 0.07604998 0.02223885 -0.03767353 0.0772708 0.02359223 -0.04247772 0.07643854 0.02229893 -0.03768855 0.07729995 0.02374649 -0.04215496 0.07729995 0.02335047 -0.0407744 0.0767675 0.03519749 -0.04016274 0.07651841 0.03504526 -0.03893262 0.07651841 0.0350629 -0.04014849 0.0767675 0.03517937 -0.0389145 0.07651841 0.03479176 -0.04133391 0.07629102 0.0347281 -0.04131108 0.07629102 0.03499567 -0.0401414 0.07725566 0.03551167 -0.03745293 0.07729995 0.03581869 -0.03733253 0.07729995 0.03511166 -0.03601771 0.07725566 0.03484195 -0.03620749 0.0771631 0.03464651 -0.036345 0.0771631 0.03528916 -0.03754013 0.0771631 0.0356301 -0.03885364 0.07698857 0.03505009 -0.03763389 0.07698857 0.03537559 -0.03888797 0.07698857 0.03539443 -0.04018348 0.0767675 0.03491914 -0.04137963 0.07725566 0.03586691 -0.03882163 0.07729995 0.03619372 -0.03877753 0.0771631 0.03564977 -0.04021048 0.07698857 0.03510546 -0.0414465 0.07725566 0.03588742 -0.04023557 0.07729995 0.03621542 -0.0402702 0.07729995 0.02411741 -0.04172545 0.0771631 0.03534716 -0.04153329 0.07725566 0.03557211 -0.04161399 0.07729995 0.03588253 -0.04172545 0.07604998 0.03465294 -0.04144418 0.07629102 0.02532517 -0.04145276 0.07604998 0.02534699 -0.04144418 0.07651841 0.02526223 -0.04147756 0.07629102 0.02501994 -0.04027295 0.07604998 0.02504318 -0.04026991 0.0767675 0.02513629 -0.04152709 0.07651841 0.02495288 -0.04028183 0.07629102 0.02500778 -0.03905439 0.07604998 0.02503108 -0.03905695 0.07698857 0.02495205 -0.04159957 0.0767675 0.02481871 -0.04029959 0.07651841 0.02494055 -0.03904682 0.07629102 0.02528947 -0.03786867 0.07604998 0.02531147 -0.03787684 0.0771631 0.02471303 -0.04169356 0.07698857 0.02462244 -0.04032558 0.0767675 0.02480608 -0.03903174 0.07651841 0.02522599 -0.03784519 0.07725566 0.02449065 -0.041781 0.07629102 0.02584832 -0.03678572 0.07604998 0.0258677 -0.03679895 0.0771631 0.02436786 -0.04035925 0.07698857 0.02460932 -0.03900969 0.0767675 0.02509909 -0.03779816 0.07651841 0.02579241 -0.03674763 0.07725566 0.02413094 -0.04039061 0.07729995 0.02378451 -0.0402702 0.07629102 0.02665156 -0.03586924 0.07604998 0.02666717 -0.0358867 0.0771631 0.0243541 -0.03898108 0.07698857 0.02491348 -0.03772938 0.0767675 0.0256806 -0.03667145 0.07651841 0.02660644 -0.03581881 0.07725566 0.02411663 -0.03895443 0.07729995 0.02380621 -0.03877753 0.07629102 0.02765184 -0.03517311 0.07604998 0.02766281 -0.03519386 0.0771631 0.02467262 -0.03764015 0.07698857 0.02551692 -0.03655999 0.0767675 0.02651625 -0.0357179 0.07651841 0.02762019 -0.03511333 0.07725566 0.02444857 -0.03755712 0.07729995 0.02418124 -0.03733253 0.07629102 0.02879029 -0.03473836 0.07604998 0.02879595 -0.03476113 0.0771631 0.02530473 -0.03641539 0.07698857 0.02638429 -0.03557032 0.0767675 0.02755695 -0.03499364 0.07651841 0.02877402 -0.03467267 0.07725566 0.0251072 -0.03628087 0.07729995 0.02488827 -0.03601771 0.07629102 0.02999997 -0.03459054 0.07604998 0.02999997 -0.03461396 0.0771631 0.0262131 -0.03537887 0.07698857 0.02746438 -0.03481864 0.0767675 0.02874141 -0.0345413 0.07651841 0.02999997 -0.03452289 0.07725566 0.02605384 -0.03520077 0.07729995 0.02588689 -0.03490811 0.07629102 0.03119128 -0.03473383 0.07604998 0.03120398 -0.03476113 0.0771631 0.02734434 -0.03459161 0.07698857 0.02869373 -0.0343492 0.0767675 0.02999997 -0.03438752 0.07651841 0.03120732 -0.03466808 0.07725566 0.02723264 -0.03438037 0.07729995 0.02712023 -0.03406697 0.07629102 0.03231459 -0.03515553 0.07604998 0.03233712 -0.03519386 0.0771631 0.02863192 -0.03409993 0.07698857 0.02999997 -0.03418958 0.0767675 0.03123939 -0.03453665 0.07651841 0.03234577 -0.03509551 0.07725566 0.02857434 -0.03386801 0.07729995 0.02851784 -0.03354227 0.07629102 0.03330588 -0.03583163 0.07604998 0.03333276 -0.0358867 0.0771631 0.02999997 -0.03393274 0.07698857 0.03128635 -0.03434431 0.0767675 0.03240811 -0.0349754 0.07651841 0.03335034 -0.03578066 0.07725566 0.02999997 -0.03369379 0.07729995 0.02999997 -0.03336399 0.07629102 0.03410851 -0.03672349 0.07604998 0.03413224 -0.03679895 0.0771631 0.03134727 -0.03409481 0.07698857 0.03249931 -0.03479969 0.0767675 0.03343945 -0.0356788 0.07651841 0.03416383 -0.03668457 0.07725566 0.03140389 -0.03386265 0.07729995 0.03148216 -0.03354227 0.07629102 0.03467679 -0.03778028 0.07604998 0.03468853 -0.03787684 0.0771631 0.03261768 -0.03457176 0.07698857 0.03356975 -0.03552973 0.0767675 0.03427451 -0.03660666 0.07651841 0.03473979 -0.03775554 0.07725566 0.03272777 -0.03435969 0.07729995 0.03287971 -0.03406697 0.07629102 0.03497821 -0.03894168 0.07604998 0.03496885 -0.03905695 0.0771631 0.03373873 -0.03533637 0.07698857 0.03443646 -0.03649276 0.0767675 0.03486573 -0.03770619 0.07725566 0.03389596 -0.03515642 0.07729995 0.03411304 -0.03490811 0.07604998 0.03495675 -0.04026991 0.07659232 0.03705161 -0.0443654 0.07632815 0.03662353 -0.0445528 0.07632815 0.03706127 -0.04445737 0.07716614 0.03758567 -0.04380875 0.07702726 0.03727859 -0.04400706 0.07702726 0.0375604 -0.04402393 0.07632815 0.0375092 -0.04446023 0.07632815 0.03727751 -0.04444634 0.07604998 0.03750556 -0.04449135 0.07725429 0.03727966 -0.04356259 0.07716614 0.03699302 -0.043805 0.07716614 0.03727912 -0.04379045 0.07725429 0.03696936 -0.04357838 0.07729995 0.03728049 -0.04322773 0.07659232 0.03727769 -0.0443539 0.07682931 0.03834241 -0.04447263 0.07659232 0.03797632 -0.04447394 0.07659232 0.03827232 -0.044604 0.07702726 0.03648322 -0.04413652 0.07682931 0.03802567 -0.04433345 0.07702726 0.03809124 -0.04414671 0.07682931 0.03782665 -0.04427361 0.07702726 0.03787493 -0.04408162 0.07682931 0.03654646 -0.0443241 0.07682931 0.03703618 -0.04421728 0.07659232 0.03659403 -0.04446518 0.07659232 0.03869509 -0.04490083 0.07632815 0.0382288 -0.04468554 0.07632815 0.03863316 -0.04496949 0.07632815 0.03776776 -0.04450768 0.07604998 0.03793525 -0.04459071 0.07716614 0.03792774 -0.04387158 0.07725429 0.03761219 -0.04358243 0.07729995 0.03806495 -0.04332578 0.07659232 0.03751999 -0.04436838 0.07632815 0.03895711 -0.04534262 0.07604998 0.0386787 -0.04505556 0.07604998 0.03895622 -0.04539835 0.07716614 0.03641402 -0.04393124 0.07632815 0.03918129 -0.04578292 0.07702726 0.03843557 -0.04429799 0.07632815 0.03794568 -0.04456114 0.07682931 0.03727805 -0.044205 0.07729995 0.03649556 -0.0433219 0.07716614 0.03816306 -0.04394233 0.07702726 0.03701555 -0.04402047 0.07725429 0.03798329 -0.04365056 0.07682931 0.03879487 -0.04479026 0.07659232 0.03779035 -0.04441803 0.07725429 0.03823858 -0.04372727 0.07729995 0.0388025 -0.04361039 0.07604998 0.03915184 -0.04579365 0.07682931 0.03753733 -0.0442205 0.07659232 0.03903377 -0.04529094 0.07659232 0.03926819 -0.04575133 0.07682931 0.03940814 -0.04570037 0.07725429 0.03634119 -0.04371529 0.07604998 0.03833276 -0.04478192 0.07716614 0.03853756 -0.0441069 0.07702726 0.03892743 -0.04464328 0.07725429 0.03864485 -0.04390585 0.07682931 0.03915727 -0.04520773 0.07702726 0.03959411 -0.04563271 0.07716614 0.03907257 -0.04448246 0.07702726 0.03932142 -0.04509717 0.07729995 0.04032647 -0.04536616 0.07729995 0.03996777 -0.04466164 0.07726866 0.0400651 -0.04546129 0.07725429 0.03922522 -0.04431325 0.07604998 0.03663355 -0.04458248 0.07729995 0.03944951 -0.04406464 0.07716614 0.03950107 -0.04497611 0.07717621 0.03981679 -0.04555165 0.07725429 0.03969001 -0.04484879 0.07604998 0.03706449 -0.04448854 0.07729995 0.04480564 -0.0576725 0.07726866 0.04454427 -0.05776762 0.07717621 0.04429596 -0.05785799 0.07702726 0.04407328 -0.05793911 0.07682931 0.04388725 -0.05800676 0.07659232 0.0437473 -0.05805772 0.07632815 0.04366046 -0.05808931 0.07717621 0.04513907 -0.05837321 0.07682931 0.04491835 -0.0588082 0.07682931 0.04519313 -0.05880481 0.07717621 0.04447895 -0.05814599 0.07729995 0.04486596 -0.05776596 0.07729995 0.04491019 -0.05780035 0.07729995 0.04483056 -0.05772262 0.07717621 0.04462331 -0.05826061 0.07729995 0.04507166 -0.0578351 0.07717621 0.04478818 -0.0583381 0.07682931 0.04464966 -0.05875039 0.07717621 0.04496169 -0.05837541 0.07632815 0.04522317 -0.0590443 0.07682931 0.04439431 -0.0586304 0.07632815 0.04489433 -0.05904835 0.07682931 0.04417073 -0.05845284 0.07632815 0.04457283 -0.05897921 0.07632815 0.04426723 -0.05883556 0.07632815 0.04399967 -0.05862313 0.07729995 0.04501569 -0.05783575 0.07729995 0.04496091 -0.05782401 0.07717621 0.05052524 -0.05577838 0.07682931 0.05096018 -0.0559991 0.07682931 0.05095678 -0.05572432 0.07717621 0.05029797 -0.0564385 0.07729995 0.04991799 -0.05605149 0.07729995 0.04995232 -0.05600726 0.07729995 0.04987466 -0.05608689 0.07717621 0.05041265 -0.05629414 0.07729995 0.04998707 -0.05584585 0.07726866 0.05023533 -0.05569624 0.07729995 0.04997396 -0.05579143 0.07717621 0.05049014 -0.05612927 0.07682931 0.05090236 -0.05626779 0.07717621 0.05052745 -0.05595582 0.07632815 0.05119627 -0.05569428 0.07632815 0.05111908 -0.05537462 0.07659232 0.05103224 -0.05540621 0.07682931 0.05078238 -0.05652314 0.07632815 0.05120038 -0.05602312 0.07682931 0.05060482 -0.05674672 0.07632815 0.05113118 -0.05634468 0.07632815 0.0509876 -0.05665022 0.07632815 0.05077511 -0.05691778 0.07729995 0.04998779 -0.05590182 0.07717621 0.05048358 -0.05560588 0.07702726 0.05070632 -0.05552482 0.07729995 0.04997599 -0.05595654 0.07682931 0.05089229 -0.05545717 0.07054996 0.03623372 -0.04476863 0.07054996 0.03603285 -0.04486197 0.07054996 0.03581643 -0.04490888 0.07054996 0.03559494 -0.04490697 0.07054996 0.03537935 -0.0448563 0.07054996 0.03518015 -0.04475951 0.07054996 0.03500717 -0.04462116 0.07054996 0.03418326 -0.04379725 0.07054996 0.03403866 -0.04361414 0.07054996 0.03394043 -0.04340249 0.07054996 0.03389388 -0.04317378 0.07054996 0.03390163 -0.04294055 0.07054996 0.03396326 -0.04271548 0.07054996 0.03407531 -0.0425108 0.07054996 0.02592462 -0.0425108 0.07054996 0.02534699 -0.04144418 0.07054996 0.02504318 -0.04026991 0.07054996 0.02503108 -0.03905695 0.07054996 0.02531147 -0.03787684 0.07054996 0.0258677 -0.03679895 0.07054996 0.02666717 -0.0358867 0.07054996 0.02766281 -0.03519386 0.07054996 0.02879595 -0.03476113 0.07054996 0.02999997 -0.03461396 0.07054996 0.03120398 -0.03476113 0.07054996 0.03233712 -0.03519386 0.07054996 0.03333276 -0.0358867 0.07054996 0.03413224 -0.03679895 0.07054996 0.03468853 -0.03787684 0.07054996 0.03496885 -0.03905695 0.07054996 0.03495675 -0.04026991 0.07054996 0.03465294 -0.04144418 0.07054996 0.02603673 -0.04271548 0.07054996 0.02609831 -0.04294055 0.07054996 0.02610605 -0.04317378 0.07054996 0.02605956 -0.04340249 0.07054996 0.02596127 -0.04361414 0.07054996 0.02581667 -0.04379725 0.07054996 0.025101 -0.04451292 0.07054996 0.02490848 -0.04466331 0.07054996 0.02468526 -0.04476249 0.07054996 0.02444463 -0.04480457 0.07054996 0.02420097 -0.04478704 0.07054996 0.02396887 -0.04471105 0.07054996 0.0237621 -0.04458099 0.07054996 0.023593 -0.04440468 0.07054996 0.02269619 -0.04287815 0.07054996 0.02215713 -0.04119175 0.07054996 0.02200216 -0.03942811 0.07054996 0.02223885 -0.03767353 0.07054996 0.02285575 -0.03601396 0.07054996 0.0210697 -0.03311395 0.07054996 0.02151858 -0.03316503 0.07054996 0.02194464 -0.03331553 0.07054996 0.02232599 -0.03355783 0.07054996 0.02264326 -0.03387951 0.07054996 0.02288019 -0.03426426 0.07054996 0.02302473 -0.03469234 0.07054996 0.0230695 -0.03514194 0.07054996 0.02301216 -0.03559011 0.07000762 0.02319324 -0.03514367 0.07000762 0.02313244 -0.03561955 0.07027184 0.02304261 -0.03559756 0.06957268 0.02301353 -0.03358906 0.06957268 0.02330625 -0.03406429 0.06977063 0.02312707 -0.03414839 0.07027184 0.02310085 -0.03514236 0.07027184 0.02305537 -0.03468573 0.06977063 0.02285784 -0.03371119 0.06977063 0.02249729 -0.03334563 0.07000762 0.02274066 -0.0338031 0.07000762 0.02240377 -0.03346151 0.07000762 0.02204179 -0.03322577 0.07027184 0.02234572 -0.03353345 0.06957268 0.02346926 -0.03570216 0.06957268 0.02327603 -0.03622579 0.06977063 0.0230993 -0.03613668 0.06977063 0.02327704 -0.03565502 0.07027184 0.02199947 -0.0333079 0.07027184 0.021559 -0.03314244 0.06977063 0.02334219 -0.03514575 0.07026273 0.0210697 -0.03308051 0.06934672 0.0237053 -0.03387701 0.06929999 0.0238927 -0.03350365 0.06929999 0.02420008 -0.03424054 0.06934672 0.0239157 -0.03450018 0.06942379 0.02371644 -0.03454315 0.07000762 0.02314573 -0.03466624 0.06942379 0.02352076 -0.03396362 0.06942379 0.02320003 -0.03344273 0.07027184 0.02290856 -0.03425091 0.06957268 0.02262163 -0.03319162 0.06942379 0.02369946 -0.03575855 0.06942379 0.02348768 -0.03633242 0.06977063 0.02210998 -0.03309333 0.06957268 0.02354007 -0.0351485 0.07000762 0.02158123 -0.03305274 0.06999087 0.0210697 -0.03298199 0.06934672 0.02336037 -0.03331696 0.06929999 0.0234149 -0.03286397 0.06977063 0.02329128 -0.03463482 0.06929999 0.02424103 -0.03582471 0.06929999 0.02397203 -0.0365765 0.06933134 0.02372366 -0.03645133 0.06942379 0.02277052 -0.0330072 0.07000762 0.02299225 -0.03421163 0.06957268 0.02220058 -0.03291738 0.07027184 0.02266794 -0.0338602 0.06977063 0.02161711 -0.0329082 0.06974893 0.0210697 -0.03282362 0.06934672 0.0238974 -0.03580707 0.06934672 0.02289855 -0.03284859 0.06934666 0.02240234 -0.03252542 0.06942379 0.02230906 -0.03270661 0.06938725 0.02174198 -0.03240507 0.06942379 0.02377706 -0.03515183 0.06957268 0.02166479 -0.03271609 0.06954985 0.0210697 -0.03261387 0.06957268 0.02348476 -0.0345931 0.06942379 0.02172189 -0.03248608 0.06940436 0.0210697 -0.03236401 0.06934672 0.02398085 -0.03515464 0.06929999 0.02431863 -0.03503006 0.07027184 0.02288371 -0.03602808 0.07000762 0.02296626 -0.03606969 0.0701617 0.02506691 -0.04445838 0.06982511 0.02483111 -0.04442578 0.06990271 0.02500271 -0.04435539 0.07009798 0.02488088 -0.0445736 0.07003086 0.02444475 -0.04467862 0.06974428 0.0244438 -0.04448443 0.06946235 0.02417552 -0.04404729 0.06944674 0.02443784 -0.0440756 0.06958621 0.02411055 -0.04423266 0.07024973 0.02361714 -0.04437428 0.0695635 0.0244413 -0.04427397 0.06963098 0.02476745 -0.04425227 0.0696966 0.02491784 -0.04421901 0.06937783 0.02412909 -0.04375648 0.06937682 0.02424567 -0.04386073 0.06946736 0.02400225 -0.04390496 0.06949335 0.02469778 -0.04407477 0.0695393 0.02482163 -0.04406392 0.0693683 0.02443385 -0.04387903 0.06932312 0.02426052 -0.04360562 0.06931751 0.0243352 -0.04363644 0.06930571 0.02434283 -0.04351276 0.06929999 0.02442568 -0.04342049 0.06939387 0.02462112 -0.04388707 0.06941926 0.02471262 -0.04388761 0.07035106 0.02509194 -0.0444985 0.06931525 0.02442926 -0.04364502 0.06932884 0.02457004 -0.04365605 0.06932204 0.02452325 -0.04365253 0.07005363 0.0239982 -0.04459971 0.06998223 0.02368122 -0.04429423 0.06976455 0.02377325 -0.04418063 0.06977164 0.02404892 -0.04442536 0.06959462 0.02388244 -0.04404795 0.06943655 0.02530819 -0.04281789 0.06939518 0.02529108 -0.04301208 0.06933373 0.02505284 -0.04293829 0.06950116 0.02550077 -0.04299157 0.06950116 0.02547609 -0.04325824 0.06939518 0.02527296 -0.04320228 0.07024896 0.02578592 -0.04377537 0.07037091 0.02591276 -0.04251694 0.06929999 0.02478599 -0.04306024 0.0693109 0.02492237 -0.04315823 0.07012921 0.02598261 -0.04338496 0.06997448 0.02570056 -0.0437147 0.06974399 0.02557319 -0.04362398 0.06985801 0.02584445 -0.04335242 0.07012909 0.02602076 -0.04294639 0.06956261 0.02541732 -0.04351276 0.06965351 0.02567034 -0.04330933 0.06985789 0.02587926 -0.04295748 0.07019704 0.02587866 -0.04253458 0.07019698 0.02587872 -0.0425347 0.06994807 0.02578568 -0.04258215 0.06965345 0.02570068 -0.04297286 0.06994801 0.02578574 -0.04258227 0.06973761 0.02565443 -0.04264837 0.06973761 0.02565449 -0.04264849 0.0695694 0.02549612 -0.04272681 0.06942969 0.02524304 -0.04338812 0.06934386 0.02505731 -0.04325509 0.07024896 0.03410869 -0.04252809 0.07030904 0.03420299 -0.04378324 0.06929999 0.035214 -0.04306024 0.06931108 0.035061 -0.04299086 0.06933414 0.03497546 -0.04323154 0.07018929 0.03395962 -0.04294484 0.07018917 0.03399616 -0.04338967 0.07008159 0.03425866 -0.04374366 0.06997478 0.03420144 -0.04257559 0.06988573 0.03410267 -0.04295593 0.06988561 0.03413635 -0.04335695 0.06983262 0.03437054 -0.04366403 0.06974452 0.03434038 -0.04264581 0.06966024 0.03429299 -0.04297226 0.06966018 0.03432226 -0.04331111 0.0696116 0.03453391 -0.04354751 0.06956285 0.0345115 -0.04273062 0.06950181 0.03449922 -0.04299157 0.06950175 0.03452301 -0.04325842 0.06943684 0.03474563 -0.04339623 0.06943005 0.03470391 -0.04282379 0.06939619 0.03470903 -0.04301208 0.06934434 0.03491026 -0.04292124 0.06939613 0.03472656 -0.04320234 0.06934547 0.035555 -0.04387485 0.06941401 0.03550577 -0.04407995 0.06943368 0.03541815 -0.04406028 0.06953465 0.03540945 -0.04427021 0.06957626 0.03604191 -0.04434025 0.06953465 0.03591442 -0.04433715 0.06944072 0.03596216 -0.04414725 0.06969952 0.03595769 -0.04452484 0.06966131 0.03563654 -0.04451996 0.06950652 0.03565967 -0.04432106 0.06931132 0.03565508 -0.04373973 0.06939816 0.03568565 -0.04411113 0.06933492 0.03585869 -0.04388219 0.07025462 0.03502851 -0.0445919 0.06941401 0.03586733 -0.04412978 0.07037442 0.03622823 -0.04475706 0.06929999 0.03575664 -0.04360288 0.070167 0.03520572 -0.04470127 0.0699833 0.0350883 -0.04450994 0.07013678 0.03560262 -0.04483276 0.06975281 0.03517872 -0.04438632 0.06990772 0.03525567 -0.04459071 0.070167 0.03601956 -0.04480022 0.07020354 0.03621256 -0.04472374 0.06986719 0.03561723 -0.04469549 0.06956934 0.03529101 -0.04423314 0.06969952 0.03532451 -0.0444439 0.06990772 0.03599345 -0.04468232 0.06995701 0.03617024 -0.04463201 0.06974643 0.03611135 -0.04450076 0.07027184 0.04200243 -0.03175157 0.07054996 0.04201418 -0.03172248 0.07027184 0.04170662 -0.03166723 0.07004457 0.04145395 -0.03172069 0.07000762 0.0416907 -0.0317583 0.06979632 0.04145395 -0.03186672 0.07054996 0.04229164 -0.03186964 0.07027184 0.04227411 -0.03189563 0.07000762 0.04196792 -0.03183734 0.06977063 0.04166513 -0.03190499 0.06958806 0.04145395 -0.03206568 0.07054996 0.04253232 -0.03207135 0.07027184 0.04250979 -0.0320931 0.07054996 0.0427258 -0.03231871 0.07027184 0.0428341 -0.03261166 0.07000762 0.04222249 -0.03197234 0.06977063 0.04191231 -0.0319755 0.06957268 0.04163104 -0.03209996 0.06943094 0.04145395 -0.03230702 0.07000762 0.04274719 -0.03264331 0.07000762 0.04244333 -0.03215736 0.06977063 0.04260724 -0.03269422 0.06977063 0.04213935 -0.0320959 0.06957268 0.0418384 -0.03215909 0.06942379 0.04159027 -0.03233343 0.06933313 0.04145395 -0.03257793 0.06977063 0.04233628 -0.03226089 0.07054996 0.04286354 -0.03260093 0.06957268 0.04202878 -0.03226006 0.06942379 0.04174989 -0.03237897 0.06929999 0.04151445 -0.03287142 0.06929999 0.04157137 -0.03289324 0.06957268 0.042194 -0.03239846 0.06957268 0.04242128 -0.03276193 0.06942379 0.04189646 -0.03245669 0.06929999 0.04162126 -0.03292822 0.06929999 0.04145395 -0.03286397 0.06942379 0.04202359 -0.0325632 0.06929999 0.04166126 -0.03297418 0.06933134 0.04195028 -0.03293335 0.06942379 0.04219853 -0.03284299 0.06929999 0.04168891 -0.03302848 0.06933134 0.05023533 -0.05569624 0.06929999 0.04997396 -0.05579143 0.06942379 0.05048358 -0.05560588 0.06957268 0.05070632 -0.05552482 0.06977063 0.05089229 -0.05545717 0.07000762 0.05103224 -0.05540621 0.07027184 0.05111908 -0.05537462 0.07000762 0.05110836 -0.05601394 0.06957268 0.05076324 -0.05597943 0.07000762 0.05110454 -0.05570578 0.07000762 0.0507099 -0.05685228 0.07000762 0.0502097 -0.05717015 0.07027184 0.05024135 -0.05725699 0.06977063 0.05015879 -0.0570302 0.07000762 0.05090898 -0.05660158 0.06957268 0.05071479 -0.05620473 0.07000762 0.05104357 -0.05631524 0.06933134 0.05026304 -0.05581122 0.06929999 0.04998707 -0.05584585 0.06929999 0.04998779 -0.05590182 0.06957268 0.05076038 -0.05574893 0.06957268 0.05061411 -0.05641895 0.06933134 0.05026453 -0.05592948 0.06929999 0.04997599 -0.05595654 0.06957268 0.05009108 -0.05684423 0.06957268 0.05046516 -0.05660647 0.06942379 0.05001002 -0.05662149 0.06933134 0.05023968 -0.05604511 0.06929999 0.04995232 -0.05600726 0.06933134 0.050188 -0.05615502 0.06929999 0.04991799 -0.05605149 0.06933134 0.05011159 -0.05625122 0.06929999 0.04987466 -0.05608689 0.06933134 0.04991966 -0.05637323 0.06929999 0.04982453 -0.05611187 0.06933134 0.0452212 -0.05808329 0.06929999 0.04512608 -0.05782192 0.06942379 0.04531157 -0.0583316 0.06957268 0.04539263 -0.05855429 0.06977063 0.04546028 -0.05874031 0.07000762 0.04551124 -0.0588802 0.07027184 0.04554283 -0.05896711 0.07000762 0.04490351 -0.05895638 0.06957268 0.04493808 -0.05861127 0.07000762 0.04521167 -0.05895256 0.07000762 0.04406517 -0.05855786 0.07000762 0.0437473 -0.05805772 0.07027184 0.04366046 -0.05808931 0.06977063 0.04388725 -0.05800676 0.07000762 0.04431593 -0.058757 0.06957268 0.04471272 -0.05856281 0.07000762 0.04460227 -0.05889159 0.06933134 0.04510623 -0.05811107 0.06929999 0.04507166 -0.0578351 0.06929999 0.04501569 -0.05783575 0.06957268 0.04516851 -0.05860841 0.06957268 0.04449856 -0.05846214 0.06933134 0.04498797 -0.05811256 0.06929999 0.04496091 -0.05782401 0.06957268 0.04407328 -0.05793911 0.06957268 0.04431098 -0.05831319 0.06942379 0.04429596 -0.05785799 0.06933134 0.04487234 -0.05808764 0.06929999 0.04491019 -0.05780035 0.06933134 0.04476243 -0.05803602 0.06929999 0.04486596 -0.05776596 0.06933134 0.04466623 -0.05795961 0.06929999 0.04483056 -0.05772262 0.06933134 0.04454427 -0.05776762 0.06929999 0.04480564 -0.0576725 0.06933134 0.0400651 -0.04546129 0.06929999 0.04032647 -0.04536616 0.06942379 0.03981679 -0.04555165 0.06957268 0.03959411 -0.04563271 0.06977063 0.03940814 -0.04570037 0.07000762 0.03926819 -0.04575133 0.07027184 0.03918129 -0.04578292 0.07054996 0.03915184 -0.04579365 0.06957614 0.03934878 -0.0451467 0.0693351 0.03656595 -0.04360777 0.06929999 0.03649556 -0.0433219 0.0693351 0.03696513 -0.04353809 0.07027184 0.03678691 -0.04450523 0.07054996 0.03706449 -0.04448854 0.07054996 0.03663355 -0.04458248 0.06944078 0.03699445 -0.04381859 0.06944078 0.03663337 -0.04388159 0.07027184 0.03706127 -0.04445737 0.06977063 0.03918582 -0.04525119 0.06944078 0.03602546 -0.04411268 0.06957614 0.0366829 -0.04408288 0.06957614 0.03787386 -0.04408586 0.06977063 0.03802567 -0.04433345 0.06977063 0.03782665 -0.04427361 0.06957614 0.03612214 -0.04429608 0.06977063 0.03887045 -0.04486161 0.07000762 0.03906041 -0.04533153 0.06957614 0.03808981 -0.04415076 0.07054996 0.03895622 -0.04539835 0.0693351 0.03589391 -0.04386323 0.07000762 0.03876572 -0.04496753 0.07000762 0.03705161 -0.0443654 0.07027184 0.03727751 -0.04444634 0.07000762 0.03727769 -0.0443539 0.07000762 0.03839838 -0.04467695 0.07027184 0.03870075 -0.04503327 0.0693351 0.03883939 -0.04397159 0.0693351 0.03935062 -0.04437601 0.06944078 0.03915232 -0.04457652 0.06929999 0.0388025 -0.04361039 0.06929999 0.03944951 -0.04406464 0.07027184 0.03834939 -0.04475533 0.06944078 0.03868991 -0.04421073 0.06944078 0.03952336 -0.04503482 0.06944078 0.03815853 -0.04395514 0.06957614 0.03858 -0.0443865 0.07027184 0.03794568 -0.04456114 0.07054996 0.03833276 -0.04478192 0.07054996 0.03793525 -0.04459071 0.06977063 0.03727805 -0.044205 0.07000762 0.03751999 -0.04436838 0.06977063 0.03753733 -0.0442205 0.06957614 0.03755992 -0.04402822 0.06957614 0.03900653 -0.04472398 0.07027184 0.03776776 -0.04450768 0.07054996 0.03750556 -0.04449135 0.06944078 0.0379244 -0.04388475 0.07000762 0.0367648 -0.04441547 0.06977063 0.03847736 -0.04455065 0.06977063 0.03703618 -0.04421728 0.07000762 0.03797632 -0.04447394 0.07027184 0.03632503 -0.04468083 0.0693351 0.03976076 -0.04488265 0.06929999 0.03996777 -0.04466164 0.0693351 0.03825199 -0.04368913 0.06929999 0.03806495 -0.04332578 0.06957614 0.03727859 -0.04401141 0.07027184 0.0375092 -0.04446023 0.07000762 0.03779035 -0.04441803 0.06944078 0.03758406 -0.04382228 0.06977063 0.03672921 -0.04427087 0.0693351 0.03799319 -0.04361128 0.06957614 0.03701603 -0.04402476 0.06944078 0.03727906 -0.04380404 0.07000762 0.03628188 -0.04459905 0.0693351 0.03761696 -0.0435422 0.06929999 0.03728049 -0.04322773 0.07027184 0.03898262 -0.04538142 0.06977063 0.03621244 -0.04446732 0.07054996 0.0386787 -0.04505556 0.0693351 0.03727978 -0.04352205 0.06974434 0.02475333 -0.03890544 0.06974434 0.02507102 -0.0376814 0.06997472 0.02521443 -0.0377376 0.06997472 0.02490597 -0.038926 0.06934428 0.02515798 -0.03620749 0.06929999 0.02488827 -0.03601771 0.06929999 0.02588689 -0.03490811 0.06934428 0.02610397 -0.03515642 0.06943678 0.02626103 -0.03533613 0.06943678 0.02535325 -0.03634488 0.06997472 0.02488815 -0.04015368 0.07024884 0.02500849 -0.03893989 0.07024884 0.02499103 -0.04014283 0.07024884 0.02525931 -0.04131555 0.06943678 0.02471053 -0.03754007 0.06956934 0.02552223 -0.03646373 0.06956934 0.02490293 -0.03761547 0.06956934 0.02457439 -0.03888124 0.06974434 0.02473497 -0.04016983 0.06934428 0.02448832 -0.03745293 0.06929999 0.02418124 -0.03733253 0.06997472 0.02516192 -0.04135054 0.06943678 0.02436959 -0.03885358 0.06929999 0.03588253 -0.04172545 0.06956934 0.02455538 -0.04018878 0.06974434 0.02501702 -0.04140257 0.06934428 0.02413308 -0.03882163 0.06929999 0.02380621 -0.03877753 0.06943678 0.02434992 -0.04021048 0.06956934 0.02484703 -0.04146355 0.06934428 0.02411252 -0.04023557 0.06929999 0.02378451 -0.0402702 0.06943678 0.02465254 -0.04153335 0.06934428 0.02442789 -0.04161399 0.06929999 0.02411741 -0.04172545 0.07024884 0.03468722 -0.04145765 0.06997472 0.03478348 -0.04149556 0.07024884 0.03499323 -0.04027473 0.06974434 0.03492677 -0.04155188 0.06997472 0.03509581 -0.04028826 0.07024884 0.03500545 -0.0390529 0.06956934 0.03509485 -0.04161798 0.06974434 0.03524845 -0.04030847 0.06997472 0.0351082 -0.03904134 0.07024884 0.03472304 -0.03786402 0.06943678 0.03528714 -0.04169362 0.06956934 0.03542751 -0.04033219 0.06974434 0.03526127 -0.03902417 0.06934428 0.03550928 -0.041781 0.06997472 0.03482002 -0.03782808 0.07024884 0.03416264 -0.03677821 0.06943678 0.03563237 -0.04035925 0.06956934 0.03544074 -0.03900408 0.06974434 0.03496444 -0.03777462 0.06934428 0.035869 -0.04039061 0.06929999 0.03621542 -0.0402702 0.06997472 0.03424817 -0.03671997 0.07024884 0.03335732 -0.03585928 0.06943678 0.03564608 -0.03898108 0.06956934 0.03513377 -0.03771185 0.06974434 0.03437542 -0.03663325 0.06934428 0.0358833 -0.03895443 0.06929999 0.03619372 -0.03877753 0.06997472 0.03342622 -0.03578215 0.07024884 0.03235435 -0.03516131 0.06943678 0.03532755 -0.03764009 0.06956934 0.03452467 -0.03653156 0.06974434 0.03352892 -0.03566735 0.06934428 0.03555136 -0.03755712 0.06929999 0.03581869 -0.03733253 0.06997472 0.03240269 -0.03506988 0.07024884 0.03121286 -0.03472536 0.06943678 0.03469544 -0.03641527 0.06956934 0.03364926 -0.03553271 0.06974434 0.03247469 -0.03493368 0.06934428 0.03489273 -0.03628087 0.06929999 0.03511166 -0.03601771 0.06997472 0.03123778 -0.03462499 0.07024884 0.02999997 -0.03457719 0.06943678 0.03378701 -0.03537869 0.06956934 0.03255909 -0.03477406 0.06974434 0.03127485 -0.0344755 0.06934428 0.03394609 -0.03520077 0.06929999 0.03411304 -0.03490811 0.06997472 0.02999997 -0.03447371 0.07024884 0.02880549 -0.03472083 0.06943678 0.03265571 -0.03459137 0.06956934 0.0313183 -0.0343002 0.06974434 0.02999997 -0.03431969 0.06934428 0.03276729 -0.03438037 0.06929999 0.03287971 -0.03406697 0.06997472 0.02878099 -0.03462034 0.07024884 0.0276792 -0.03514367 0.06943678 0.03136807 -0.03409969 0.06956934 0.02999997 -0.03413915 0.06974434 0.02874445 -0.03447073 0.06934428 0.03142559 -0.03386801 0.06929999 0.03148216 -0.03354227 0.06997472 0.02763152 -0.03505188 0.07024884 0.02668529 -0.03582155 0.06943678 0.02999997 -0.0339325 0.06956934 0.02870166 -0.03429532 0.06974434 0.02756059 -0.0349152 0.06934428 0.02999997 -0.03369379 0.06929999 0.02999997 -0.03336399 0.06997472 0.02661722 -0.03574371 0.07024884 0.02588051 -0.0367158 0.06943678 0.02865266 -0.03409457 0.06956934 0.02747738 -0.03475493 0.06974434 0.0265159 -0.03562772 0.06934428 0.02859604 -0.03386265 0.06929999 0.02851784 -0.03354227 0.06997472 0.02579587 -0.03665626 0.07024884 0.02531075 -0.03777539 0.06943678 0.02738219 -0.03457152 0.06956934 0.02639704 -0.03549176 0.06974434 0.02566993 -0.03656768 0.06934428 0.02727216 -0.03435969 0.06929999 0.02712023 -0.03406697 0.06977063 0.02242445 -0.04113799 0.07000762 0.0228092 -0.04282766 0.07000762 0.02227848 -0.04116731 0.06977063 0.02294516 -0.04276686 0.06946724 0.02326709 -0.04262304 0.06959432 0.0231018 -0.04269689 0.07000762 0.02212589 -0.03943097 0.07027184 0.02218782 -0.04118555 0.07027184 0.02203345 -0.03942883 0.07027184 0.0222693 -0.0376811 0.06959432 0.02259266 -0.04110413 0.06977063 0.02227479 -0.03943443 0.06933134 0.02358347 -0.0424816 0.06929999 0.02374649 -0.04215496 0.06946724 0.02277016 -0.04106843 0.07000762 0.02235895 -0.03770357 0.06959432 0.02244627 -0.03943842 0.06977063 0.02250343 -0.03773969 0.06933134 0.02310985 -0.04100006 0.06929999 0.02335047 -0.0407744 0.06946724 0.02262729 -0.03944259 0.06959432 0.02266991 -0.03778129 0.06933134 0.02297371 -0.0394507 0.06929999 0.02325546 -0.03934133 0.06946724 0.0228455 -0.03782516 0.06929999 0.02346587 -0.03792059 0.06933134 0.02318167 -0.03790926 0.07027184 0.0227248 -0.04286539 0.07389289 -0.03570133 -0.0325464 0.07391989 -0.03558075 -0.03228795 0.0733 -0.03562843 -0.03253513 0.07330006 -0.03550499 -0.03227961 0.07278031 -0.03434759 -0.031614 0.0733 -0.03459739 -0.03164321 0.07359033 -0.03432369 -0.031614 0.0723617 -0.03527599 -0.03187364 0.07220304 -0.03477603 -0.03164392 0.07330006 -0.03511697 -0.03186744 0.07147771 -0.03640693 -0.03265535 0.07196456 -0.03601855 -0.03259539 0.07140231 -0.03632688 -0.03237038 0.07400834 -0.0352025 -0.03187084 0.07445788 -0.03591668 -0.03257966 0.07450979 -0.03580975 -0.03231322 0.07480585 -0.03613466 -0.03261333 0.07531362 -0.03620368 -0.03211605 0.07412779 -0.03469371 -0.03164356 0.07438927 -0.03446769 -0.031614 0.07546466 -0.03604328 -0.03190445 0.07468169 -0.03546094 -0.03188109 0.07564359 -0.03585326 -0.03174573 0.07491683 -0.03498482 -0.03164482 0.07522702 -0.03481787 -0.031614 0.07584184 -0.03564274 -0.03164732 0.07075816 -0.03564274 -0.03164732 0.0708869 -0.03513616 -0.031614 0.07054996 -0.03542166 -0.031614 0.07512229 -0.03640693 -0.03265535 0.07519769 -0.03632688 -0.03237038 0.07604998 -0.03542166 -0.031614 0.07251429 -0.03575766 -0.0325551 0.07190537 -0.03591966 -0.03232538 0.07128632 -0.03620368 -0.03211605 0.07113528 -0.03604328 -0.03190445 0.07170766 -0.03558498 -0.03188604 0.0709564 -0.03585326 -0.03174573 0.07290297 -0.03566092 -0.0325402 0.07247877 -0.03564572 -0.03229498 0.07124978 -0.0348894 -0.031614 0.07143545 -0.03512459 -0.03164541 0.07199007 -0.03453862 -0.031614 0.07555311 -0.03695142 -0.03273946 0.07643735 -0.03654968 -0.03167557 0.07618844 -0.04158675 -0.03163075 0.07614469 -0.04162734 -0.03163164 0.07617378 -0.04160177 -0.03163093 0.07620006 -0.04157364 -0.03163069 0.07620352 -0.04156953 -0.03163075 0.07621306 -0.04155755 -0.03163081 0.07613378 -0.04163575 -0.03163206 0.07623434 -0.04152697 -0.03163141 0.07611936 -0.041646 -0.03163272 0.07624924 -0.04150158 -0.03163218 0.07604998 -0.04168421 -0.03163635 0.07626253 -0.04147499 -0.03163331 0.07628035 -0.04142606 -0.0316354 0.07042866 -0.04160392 -0.03163093 0.07041323 -0.0415883 -0.03163069 0.07042306 -0.04159849 -0.03163081 0.07046169 -0.04163229 -0.03163182 0.07040148 -0.04157519 -0.03163069 0.07048225 -0.04164707 -0.03163272 0.07038891 -0.04155975 -0.03163075 0.07052791 -0.04167377 -0.0316354 0.07036936 -0.04153221 -0.03163123 0.07036346 -0.04152297 -0.03163146 0.07054334 -0.04168117 -0.03163653 0.07035052 -0.04150056 -0.03163218 0.07054996 -0.04168421 -0.03163635 0.07031959 -0.04142606 -0.0316354 0.07123368 -0.03668308 -0.03269803 0.07585918 -0.03759431 -0.03283876 0.07569211 -0.03700095 -0.03244704 0.07583189 -0.03691625 -0.03216934 0.07602238 -0.03680092 -0.03193634 0.07667165 -0.03776127 -0.03177952 0.07602351 -0.03830003 -0.03294771 0.0760293 -0.03792053 -0.03255426 0.07617759 -0.03788381 -0.03224474 0.07608532 -0.03829216 -0.03259867 0.07639491 -0.03782993 -0.03198182 0.07623136 -0.03827303 -0.03227627 0.07645308 -0.03824394 -0.03200095 0.07669687 -0.03945165 -0.03179436 0.07607352 -0.03903293 -0.03268927 0.07603704 -0.03902959 -0.03306037 0.075899 -0.03974246 -0.03317046 0.07602447 -0.03932809 -0.03272616 0.0762068 -0.03904515 -0.03234124 0.07615011 -0.03935134 -0.03236794 0.07642722 -0.03906536 -0.03204077 0.07590901 -0.03974735 -0.03277945 0.07636642 -0.0393911 -0.03205716 0.07602161 -0.03978449 -0.03240668 0.07622838 -0.0398519 -0.03208112 0.07561701 -0.04039925 -0.03327184 0.07560497 -0.04039329 -0.03286403 0.07569271 -0.04044669 -0.03246891 0.07587474 -0.04055619 -0.03211992 0.07521528 -0.04089689 -0.03293281 0.07520675 -0.04096353 -0.03335899 0.07527959 -0.04095697 -0.03252023 0.07483875 -0.04122811 -0.03297948 0.07469093 -0.04140406 -0.03342705 0.07543027 -0.04109859 -0.03215223 0.07537221 -0.04194813 -0.03170776 0.07488501 -0.04128944 -0.03255546 0.07437592 -0.04150468 -0.0330193 0.07415986 -0.04167449 -0.03346878 0.07500559 -0.04145193 -0.03217452 0.07467508 -0.04214501 -0.03179752 0.0741347 -0.04160368 -0.03303372 0.07440429 -0.04156523 -0.03258568 0.07415556 -0.04166358 -0.03259664 0.07448828 -0.04174488 -0.03219377 0.07363706 -0.04172408 -0.03305125 0.07364821 -0.04180502 -0.03348898 0.07422059 -0.04184937 -0.03220081 0.07364505 -0.04178327 -0.03260999 0.07312977 -0.04174143 -0.03305381 0.07312387 -0.04182356 -0.03349184 0.07367128 -0.04197645 -0.03220927 0.07340973 -0.04230117 -0.03189575 0.07312619 -0.04180037 -0.03261196 0.0726273 -0.04165548 -0.03304135 0.0726059 -0.04172956 -0.0334773 0.07311302 -0.04199469 -0.03221052 0.07217264 -0.04219633 -0.03182691 0.07261151 -0.0417149 -0.03260248 0.07211327 -0.04152637 -0.03344595 0.07214432 -0.04146629 -0.03301388 0.07255917 -0.04190385 -0.0322045 0.07211351 -0.04152667 -0.03258156 0.07169616 -0.04117888 -0.03297263 0.07166379 -0.04122138 -0.0333988 0.0712738 -0.04082572 -0.03333771 0.07202327 -0.04170393 -0.03219115 0.07164722 -0.04123973 -0.03255027 0.07152146 -0.04139906 -0.03217124 0.07125645 -0.04075354 -0.03291314 0.0709576 -0.04035371 -0.03326487 0.07118499 -0.04081189 -0.03250551 0.07096832 -0.04034799 -0.03285813 0.07102406 -0.04094439 -0.03214293 0.0708785 -0.04040014 -0.03246456 0.07072663 -0.03982263 -0.03318285 0.07071954 -0.03982579 -0.0327897 0.07069432 -0.04050666 -0.03211724 0.07002198 -0.04030114 -0.03173089 0.0706095 -0.03986489 -0.03241419 0.07056134 -0.03925573 -0.03271716 0.0705893 -0.03925174 -0.0330947 0.07040506 -0.03993737 -0.03208583 0.07043361 -0.03927606 -0.03236138 0.07050073 -0.0386601 -0.03264343 0.07055062 -0.03866183 -0.03300356 0.07021611 -0.03931099 -0.03205317 0.06987935 -0.03909093 -0.03180909 0.0703597 -0.03865694 -0.03230822 0.07054454 -0.03806108 -0.03257107 0.07061201 -0.03807443 -0.03291285 0.07077115 -0.03751081 -0.03282582 0.07013702 -0.0386523 -0.0320205 0.07039666 -0.03803098 -0.0322566 0.07017731 -0.03798645 -0.03198903 0.06997787 -0.03740656 -0.03175258 0.07094168 -0.03694039 -0.03244012 0.07102239 -0.03699147 -0.03274565 0.07080328 -0.03685235 -0.03216451 0.07061547 -0.03673297 -0.03193348 0.07027184 -0.04280614 -0.03261166 0.07054996 -0.04283559 -0.03260093 0.07054996 -0.04269784 -0.03231871 0.07004457 -0.04166573 -0.03174149 0.0704286 -0.04198402 -0.03172796 0.0704286 -0.04168307 -0.03164213 0.07004457 -0.04194635 -0.03182154 0.07054996 -0.04198622 -0.03172248 0.06929999 -0.0414865 -0.03287142 0.06933313 -0.04151827 -0.03258591 0.06929999 -0.04142606 -0.03286397 0.0704286 -0.04226034 -0.03187453 0.07054996 -0.04226368 -0.03186964 0.07004457 -0.04220408 -0.03195822 0.06933313 -0.04142606 -0.03257793 0.07054996 -0.04250437 -0.03207135 0.0704286 -0.04250013 -0.03207546 0.06929999 -0.04154342 -0.03289324 0.06933313 -0.04162621 -0.03261667 0.07004457 -0.04242765 -0.0321455 0.06943094 -0.04156488 -0.03231906 0.06943094 -0.04142606 -0.03230702 0.06929999 -0.04159331 -0.03292822 0.06933313 -0.04172539 -0.0326693 0.06943094 -0.04172742 -0.03236538 0.06958806 -0.04160636 -0.0320813 0.06958806 -0.04142606 -0.03206568 0.06929999 -0.04166096 -0.03302848 0.06933134 -0.04192233 -0.03293335 0.06929999 -0.0416333 -0.03297418 0.06942379 -0.04217058 -0.03284299 0.06933313 -0.0418114 -0.03274136 0.06943094 -0.04187667 -0.03244453 0.06958806 -0.04181754 -0.0321415 0.06979632 -0.04164057 -0.03188532 0.06979632 -0.04142606 -0.03186672 0.06943094 -0.04200619 -0.03255307 0.06957268 -0.04239332 -0.03276193 0.06958806 -0.04201143 -0.03224438 0.06979632 -0.04189181 -0.03195697 0.07004457 -0.04142606 -0.03172069 0.06958806 -0.04217964 -0.03238528 0.06977063 -0.04257929 -0.03269422 0.06979632 -0.04212254 -0.03207933 0.07000762 -0.04271924 -0.03264331 0.06979632 -0.04232269 -0.032247 0.06940436 -0.02104175 -0.03236401 0.06938034 -0.0218473 -0.03242295 0.06932938 -0.02263307 -0.0325942 0.06929999 -0.02338695 -0.03286397 0.07329982 -0.05033791 -0.05686885 0.07383346 -0.0502969 -0.05690908 0.07434624 -0.05016911 -0.05701011 0.0733 -0.04516983 -0.05874955 0.07276546 -0.04522711 -0.05875372 0.0748201 -0.04994279 -0.05712276 0.07225292 -0.04538941 -0.05874794 0.07522815 -0.04963189 -0.05723595 0.07556581 -0.0492537 -0.05737358 0.07177984 -0.04563587 -0.05869036 0.0758208 -0.0488221 -0.0575307 0.07601279 -0.04820513 -0.0577327 0.07137179 -0.04594683 -0.05857723 0.07103413 -0.04632496 -0.05843955 0.07604533 -0.04763036 -0.05793255 0.07077914 -0.04675662 -0.05828249 0.07597476 -0.0471844 -0.05811196 0.0758208 -0.04675662 -0.05828249 0.07058721 -0.04735904 -0.05804067 0.07556581 -0.04632496 -0.05843955 0.07522815 -0.04594683 -0.05857723 0.07055461 -0.04792785 -0.05782425 0.0748201 -0.04563587 -0.05869036 0.07062518 -0.04838478 -0.05767506 0.07077914 -0.0488221 -0.0575307 0.07434636 -0.04539018 -0.05874949 0.07103413 -0.0492537 -0.05737358 0.07383364 -0.04522728 -0.05875426 0.07356828 -0.04518419 -0.05875056 0.07137179 -0.04963189 -0.05723595 0.07177984 -0.04994279 -0.05712276 0.07225292 -0.05016863 -0.0570085 0.07276552 -0.05029666 -0.05690854 0.07087397 -0.04630482 -0.05870628 0.07060098 -0.04676693 -0.05853807 0.07054996 -0.04674822 -0.05855154 0.07082813 -0.04627734 -0.05872297 0.07123553 -0.04589992 -0.05885362 0.07091754 -0.04632663 -0.05867862 0.07064938 -0.04678046 -0.05851346 0.07127261 -0.04592901 -0.0588234 0.07077342 -0.04677325 -0.0583356 0.07119655 -0.04586482 -0.05887311 0.07164168 -0.04552561 -0.05899655 0.07167243 -0.04556703 -0.0589748 0.07136744 -0.04596161 -0.058631 0.07177639 -0.04565 -0.05874443 0.07135444 -0.04596734 -0.05868518 0.07176619 -0.04565358 -0.05879938 0.07102894 -0.0463407 -0.05849307 0.07133358 -0.04596358 -0.05873697 0.07174968 -0.04564648 -0.05885237 0.07101374 -0.04634892 -0.0585463 0.07075643 -0.0467844 -0.05838781 0.07130581 -0.04595059 -0.05878382 0.07172781 -0.04562902 -0.05890089 0.07098919 -0.04634922 -0.05859661 0.07072913 -0.0467894 -0.05843639 0.07170164 -0.04560208 -0.05894237 0.07095658 -0.04634171 -0.05864149 0.07069289 -0.04678809 -0.05847901 0.07329988 -0.04498994 -0.0590794 0.07273125 -0.04506009 -0.05907928 0.07271689 -0.04499346 -0.05908769 0.07400774 -0.04525756 -0.05895268 0.07401829 -0.04522073 -0.05900788 0.07436013 -0.04538428 -0.0589351 0.0733 -0.04505598 -0.05905443 0.07437556 -0.04535406 -0.05898851 0.07274448 -0.04512196 -0.0590527 0.07399904 -0.04528266 -0.05882185 0.07383257 -0.0452367 -0.05889022 0.07400119 -0.04527872 -0.05888909 0.07273125 -0.04506009 -0.05907928 0.07215774 -0.0452041 -0.05907505 0.07383126 -0.04524123 -0.05882161 0.07274448 -0.04512196 -0.0590527 0.07225507 -0.04540216 -0.05881005 0.07276886 -0.04524087 -0.05882096 0.074032 -0.04517102 -0.05905091 0.07439512 -0.04531216 -0.0590316 0.07383745 -0.04521405 -0.05895489 0.07225096 -0.04540014 -0.05887323 0.07276827 -0.04523622 -0.05888944 0.07441753 -0.04526144 -0.0590617 0.07404804 -0.04511195 -0.05907851 0.0740652 -0.04504793 -0.05908882 0.0738455 -0.04517495 -0.05901068 0.07224082 -0.04538345 -0.05893343 0.07276374 -0.04521358 -0.05895406 0.07482355 -0.04565 -0.05874443 0.07385611 -0.04512238 -0.05905348 0.07492756 -0.04556703 -0.0589748 0.07472485 -0.04536497 -0.05904591 0.07495826 -0.04552561 -0.05899655 0.07222527 -0.04535317 -0.05898678 0.0748983 -0.04560208 -0.05894237 0.07356679 -0.04519867 -0.05881929 0.07487213 -0.04562902 -0.05890089 0.07275557 -0.04517447 -0.05900985 0.07485026 -0.04564648 -0.05885237 0.07483381 -0.04565358 -0.05879938 0.07220536 -0.04531127 -0.05902987 0.07363408 -0.04494363 -0.05908578 0.07386863 -0.04506039 -0.05908 0.07356721 -0.04519367 -0.05888926 0.07218235 -0.04526048 -0.05905991 0.07356959 -0.04516941 -0.05895507 0.07357364 -0.04512792 -0.05901139 0.07357913 -0.04507243 -0.05905389 0.07329994 -0.04518461 -0.05881893 0.07358562 -0.0450074 -0.05907922 0.07329976 -0.04491961 -0.05908495 0.0733 -0.04517936 -0.05888932 0.07330006 -0.04515463 -0.05895549 0.07330006 -0.04511237 -0.05901199 0.07276886 -0.04524087 -0.05882096 0.07434505 -0.04540294 -0.05881166 0.07276827 -0.04523622 -0.05888944 0.0743497 -0.04540097 -0.0588749 0.07447993 -0.0452246 -0.0590741 0.07276374 -0.04521352 -0.05895406 0.07275557 -0.04517447 -0.05900985 0.07536441 -0.04589992 -0.05885362 0.07568246 -0.04632663 -0.05867862 0.07532739 -0.04592901 -0.0588234 0.07540345 -0.04586482 -0.05887311 0.0757718 -0.04627734 -0.05872297 0.07572597 -0.04630482 -0.05870628 0.07604998 -0.04674822 -0.05855154 0.07599896 -0.04676693 -0.05853807 0.075571 -0.0463407 -0.05849307 0.07582658 -0.04677325 -0.0583356 0.07558619 -0.04634892 -0.0585463 0.07584351 -0.0467844 -0.05838781 0.07523256 -0.04596161 -0.058631 0.07561075 -0.04634922 -0.05859661 0.07587081 -0.0467894 -0.05843639 0.07524549 -0.04596734 -0.05868518 0.07564336 -0.04634171 -0.05864149 0.07590711 -0.04678809 -0.05847901 0.07526636 -0.04596358 -0.05873697 0.07595056 -0.04678046 -0.05851346 0.07529413 -0.04595059 -0.05878382 0.07123553 -0.04984545 -0.05741757 0.07127261 -0.04980373 -0.0574131 0.07167243 -0.0501784 -0.05729645 0.07119655 -0.04988491 -0.05740994 0.07082813 -0.04947233 -0.05756008 0.07087397 -0.04944062 -0.05756497 0.07091754 -0.04940611 -0.05755782 0.07054996 -0.04900151 -0.05773144 0.07060098 -0.04897844 -0.05773317 0.07164168 -0.05022406 -0.05728644 0.07102894 -0.04927611 -0.05742466 0.07077342 -0.0488435 -0.05758208 0.07101374 -0.049304 -0.05747073 0.07075643 -0.04886853 -0.05762922 0.07136744 -0.04965513 -0.05728667 0.07177639 -0.04996675 -0.05717325 0.07098919 -0.04933607 -0.05750948 0.07072913 -0.04889589 -0.05766969 0.07135444 -0.04968559 -0.05733186 0.07176619 -0.04999929 -0.05721765 0.07095658 -0.0493707 -0.05753904 0.07069289 -0.04892432 -0.05770146 0.07133358 -0.04972177 -0.05736911 0.07174968 -0.05003887 -0.05725371 0.07064938 -0.04895234 -0.05772298 0.07130581 -0.04976183 -0.05739665 0.07172781 -0.05008339 -0.05727964 0.07170164 -0.05013066 -0.05729413 0.07572597 -0.04944062 -0.05756497 0.07540345 -0.04988491 -0.05740994 0.07536441 -0.04984545 -0.05741757 0.07532739 -0.04980373 -0.0574131 0.07582658 -0.0488435 -0.05758208 0.07495826 -0.05022406 -0.05728644 0.07492756 -0.0501784 -0.05729645 0.07604998 -0.04900151 -0.05773144 0.0757718 -0.04947233 -0.05756008 0.07599896 -0.04897844 -0.05773317 0.07523256 -0.04965513 -0.05728667 0.07483381 -0.04999929 -0.05721765 0.07482355 -0.04996675 -0.05717325 0.07524549 -0.04968559 -0.05733186 0.075571 -0.04927611 -0.05742466 0.07526636 -0.04972177 -0.05736911 0.07485026 -0.05003887 -0.05725371 0.07558619 -0.049304 -0.05747073 0.07584351 -0.04886853 -0.05762922 0.07529413 -0.04976183 -0.05739665 0.07487213 -0.05008339 -0.05727964 0.07561075 -0.04933607 -0.05750948 0.07587081 -0.04889589 -0.05766969 0.0748983 -0.05013066 -0.05729413 0.07564336 -0.0493707 -0.05753904 0.07590711 -0.04892432 -0.05770146 0.07568246 -0.04940611 -0.05755782 0.07595056 -0.04895234 -0.05772298 0.07384532 -0.05050182 -0.05707186 0.07385599 -0.05056959 -0.05707085 0.07337826 -0.0505495 -0.05703324 0.07256376 -0.05045968 -0.05710041 0.07254916 -0.05052512 -0.0571016 0.07222527 -0.05034989 -0.05716812 0.07337981 -0.05061995 -0.05702954 0.07276886 -0.05032938 -0.05696892 0.07276827 -0.05037695 -0.05701839 0.07258248 -0.05029338 -0.05699789 0.07338356 -0.05074399 -0.05696535 0.07386851 -0.05063414 -0.0570513 0.07388198 -0.05069059 -0.05701482 0.0733816 -0.05068653 -0.05700623 0.07258105 -0.05033946 -0.05704665 0.07434499 -0.05019927 -0.05706596 0.07218235 -0.0504679 -0.05716454 0.07253193 -0.05058789 -0.05708515 0.07251328 -0.05064338 -0.05705231 0.07220536 -0.05040973 -0.0571742 0.07383114 -0.0503295 -0.05696964 0.07276374 -0.05043584 -0.05705332 0.07257467 -0.05039626 -0.05708169 0.07434964 -0.05024141 -0.05711311 0.07383245 -0.05037707 -0.05701929 0.07275557 -0.05050164 -0.05707091 0.07297641 -0.05035603 -0.05694591 0.07436001 -0.0502929 -0.05714851 0.07383728 -0.05043601 -0.05705422 0.07274448 -0.05056935 -0.05707001 0.07186567 -0.05037331 -0.05722302 0.07437551 -0.05035036 -0.05716997 0.07297623 -0.05040466 -0.05699604 0.07439506 -0.05041015 -0.05717611 0.07273125 -0.05063384 -0.05705058 0.0729444 -0.05072516 -0.056984 0.07441747 -0.05046838 -0.05716651 0.07444137 -0.05052137 -0.0571419 0.0729736 -0.05046516 -0.05703085 0.0729686 -0.05053275 -0.05704754 0.07296168 -0.05060219 -0.05704492 0.0729534 -0.05066806 -0.05702316 0.07329994 -0.05037117 -0.05693119 0.07330006 -0.0504204 -0.05698174 0.07337623 -0.05037021 -0.05693173 0.07330012 -0.05048185 -0.05701649 0.07337641 -0.05041944 -0.05698233 0.07330006 -0.05055058 -0.05703264 0.07225507 -0.05019879 -0.05706423 0.07337707 -0.0504809 -0.05701708 0.07225096 -0.05024093 -0.05711132 0.0733 -0.05062109 -0.05702888 0.07224082 -0.05029243 -0.05714672 0.07329988 -0.05068767 -0.05700558 0.0721001 -0.05049544 -0.05715584 0.07054287 -0.04788202 -0.05790841 0.07052129 -0.04797035 -0.05794078 0.07051795 -0.04790276 -0.05796468 0.07054609 -0.04794937 -0.05788475 0.07047885 -0.04792118 -0.05801302 0.07042777 -0.04793596 -0.05804979 0.07050281 -0.04750043 -0.05817055 0.07045328 -0.04750907 -0.05820971 0.07048237 -0.04798942 -0.05798882 0.07036799 -0.04794615 -0.0580728 0.07039511 -0.04751145 -0.05823618 0.07043147 -0.04800522 -0.0580253 0.07030373 -0.04795116 -0.05808079 0.0702694 -0.04749786 -0.05824577 0.07023942 -0.0479505 -0.05807286 0.07033246 -0.0475077 -0.05824857 0.07037192 -0.04801666 -0.05804789 0.07037425 -0.04711717 -0.05840539 0.07030791 -0.04802328 -0.05805552 0.07032096 -0.04845923 -0.05790668 0.07060301 -0.04834628 -0.05775201 0.07058 -0.04836851 -0.05780559 0.07054406 -0.04839116 -0.05785125 0.07049709 -0.04841279 -0.05788576 0.07044172 -0.04843205 -0.0579071 0.07038182 -0.0484479 -0.05791431 0.07057881 -0.04738116 -0.0580995 0.07055503 -0.0473994 -0.05815541 0.07056498 -0.04746729 -0.05806493 0.07051783 -0.04741275 -0.05820494 0.07054078 -0.04748618 -0.05812114 0.07046926 -0.04742008 -0.05824458 0.07041209 -0.04742103 -0.05827194 0.07035046 -0.04741573 -0.05828571 0.07605707 -0.04771953 -0.05796754 0.07607865 -0.04767268 -0.05804914 0.07608199 -0.0477398 -0.05802398 0.07605385 -0.04765272 -0.05799269 0.07612109 -0.04775679 -0.05807286 0.07617217 -0.04776912 -0.05811053 0.07609713 -0.04818034 -0.05792307 0.07614672 -0.04819893 -0.0579586 0.07611763 -0.04768896 -0.05809819 0.07623195 -0.0477761 -0.05813467 0.07620483 -0.04821407 -0.05798041 0.07616847 -0.04770034 -0.05813628 0.07629621 -0.04777741 -0.05814403 0.07633054 -0.0482307 -0.05797904 0.07636052 -0.04777282 -0.05813753 0.07626748 -0.04822492 -0.05798757 0.07622802 -0.047706 -0.05816096 0.07622575 -0.04862493 -0.05785661 0.07629203 -0.04770588 -0.05817103 0.07627898 -0.04727631 -0.05833727 0.07599693 -0.04726338 -0.05814617 0.07601994 -0.04728078 -0.05820155 0.07605588 -0.04729276 -0.05825108 0.07610291 -0.04729843 -0.05829137 0.07615822 -0.04729735 -0.0583201 0.07621818 -0.04728984 -0.05833584 0.07602113 -0.04822599 -0.057792 0.07604491 -0.04824799 -0.05784654 0.07603496 -0.04813784 -0.05782085 0.07608211 -0.04826962 -0.05789303 0.07605916 -0.04815953 -0.05787605 0.07613074 -0.04828947 -0.05792814 0.07618784 -0.04830634 -0.05794972 0.07624948 -0.04831928 -0.05795687 0.07027184 -0.05021339 -0.05725699 0.07054996 -0.05022406 -0.05728644 0.07000762 -0.05018174 -0.05717015 0.07054996 -0.04552561 -0.05899655 0.07027184 -0.04551488 -0.05896711 0.07000762 -0.04548329 -0.0588802 0.06977063 -0.05013084 -0.0570302 0.06977063 -0.04543232 -0.05874031 0.06957268 -0.05006313 -0.05684423 0.06957268 -0.04536467 -0.05855429 0.06942379 -0.04998207 -0.05662149 0.06942379 -0.04528361 -0.0583316 0.06933134 -0.04989171 -0.05637323 0.06933134 -0.04519325 -0.05808329 0.06929999 -0.04979658 -0.05611187 0.06929999 -0.04509812 -0.05782192 0.07604998 -0.05112057 -0.05536389 0.07054996 -0.05112057 -0.05536389 0.07054996 -0.05119943 -0.0556904 0.07604998 -0.05119943 -0.0556904 0.07054996 -0.0512036 -0.05602627 0.07604998 -0.0512036 -0.05602627 0.07054996 -0.05113297 -0.05635464 0.07604998 -0.05113297 -0.05635464 0.07054996 -0.05099099 -0.0566591 0.07054996 -0.05078488 -0.05692428 0.07604998 -0.05099099 -0.0566591 0.07054996 -0.05052489 -0.05713695 0.07604998 -0.05078488 -0.05692428 0.07604998 -0.05052489 -0.05713695 0.07604998 -0.05022406 -0.05728644 0.07054996 -0.04519909 -0.05907535 0.07604998 -0.04552561 -0.05899655 0.07054996 -0.04486322 -0.05907958 0.07054996 -0.04453486 -0.05900889 0.07604998 -0.04519909 -0.05907535 0.07604998 -0.04486322 -0.05907958 0.07604998 -0.04453486 -0.05900889 0.07604998 -0.04423046 -0.05886697 0.07054996 -0.04423046 -0.05886697 0.07604998 -0.04396522 -0.0586608 0.07054996 -0.04396522 -0.0586608 0.07604998 -0.04375255 -0.0584008 0.07054996 -0.04375255 -0.0584008 0.07604998 -0.04360306 -0.05810004 0.07054996 -0.04360306 -0.05810004 0.07680362 -0.04142606 -0.03186672 0.07655543 -0.04142606 -0.03172069 0.07719564 -0.02104175 -0.03236401 0.07701188 -0.04142606 -0.03206568 0.07716906 -0.04142606 -0.03230702 0.07721966 -0.0218473 -0.03242295 0.07726681 -0.04142606 -0.03257793 0.07727062 -0.02263307 -0.0325942 0.07729995 -0.04142606 -0.03286397 0.07729995 -0.02338695 -0.03286397 0.07700222 -0.03602415 -0.04436439 0.07685816 -0.03593832 -0.04456198 0.07703906 -0.03589463 -0.04437243 0.07719534 -0.03565597 -0.04412448 0.07706117 -0.0354945 -0.04433482 0.07719135 -0.03556311 -0.04411 0.07706856 -0.03562736 -0.04435729 0.07688677 -0.03577238 -0.04457068 0.07706117 -0.03576153 -0.04436993 0.07703047 -0.03526294 -0.04423332 0.07703906 -0.03536534 -0.04430276 0.07684701 -0.0351507 -0.04438644 0.07717919 -0.03547143 -0.04409235 0.0768963 -0.03560423 -0.04455924 0.07657241 -0.03615707 -0.04466426 0.07661879 -0.03597474 -0.04472196 0.07681041 -0.03609746 -0.04453265 0.07688677 -0.03543853 -0.0445283 0.07664668 -0.0357815 -0.04474627 0.07685816 -0.03527998 -0.04447841 0.07661658 -0.03506028 -0.04451006 0.07632035 -0.03619289 -0.04474139 0.07637691 -0.03599536 -0.04481542 0.07604998 -0.0360049 -0.04486197 0.07604998 -0.0362057 -0.04476863 0.07665592 -0.03558474 -0.04473811 0.07639586 -0.03578656 -0.04485189 0.07604998 -0.03578847 -0.04490888 0.07664668 -0.03539192 -0.04469829 0.07640218 -0.03557336 -0.04484665 0.07604998 -0.03556698 -0.04490697 0.07726478 -0.03583067 -0.04388236 0.07726126 -0.03579217 -0.04391455 0.07729995 -0.03572869 -0.04360288 0.07661879 -0.03521037 -0.04462778 0.07715898 -0.0359342 -0.04414749 0.07634532 -0.03500056 -0.04459196 0.07604998 -0.03535139 -0.0448563 0.07639586 -0.03536504 -0.04480081 0.0772655 -0.03573894 -0.04390788 0.07726687 -0.03568565 -0.04390054 0.07637691 -0.03517097 -0.04471552 0.07604998 -0.03497922 -0.04462116 0.07604998 -0.03515219 -0.04475951 0.07717919 -0.03584235 -0.04414331 0.0772655 -0.03563249 -0.04389262 0.07728856 -0.03562706 -0.04373979 0.07719135 -0.03574937 -0.04413563 0.07725423 -0.03552699 -0.04387497 0.07726126 -0.03557956 -0.04388409 0.07716596 -0.03539007 -0.04406046 0.07604998 -0.0341553 -0.04379725 0.07604998 -0.0340107 -0.04361414 0.0762909 -0.03417503 -0.04378324 0.07604998 -0.03391242 -0.04340249 0.07604998 -0.03387367 -0.04294055 0.07604998 -0.03393524 -0.04271548 0.07635098 -0.03408074 -0.04252803 0.07604998 -0.03404736 -0.0425108 0.07726591 -0.03494751 -0.04323154 0.077268 -0.03490132 -0.04314434 0.07729995 -0.03518605 -0.04306024 0.0771631 -0.03471761 -0.04339629 0.07725572 -0.0348823 -0.04292124 0.077268 -0.03489047 -0.04303258 0.07716989 -0.03467589 -0.04282373 0.07728892 -0.03503304 -0.04299086 0.0771985 -0.03468579 -0.04320597 0.0771985 -0.03466755 -0.04301071 0.07703715 -0.03448355 -0.04273056 0.07698857 -0.03450596 -0.04354751 0.07705688 -0.03443515 -0.04327458 0.07705688 -0.03440922 -0.04298555 0.07685577 -0.03431254 -0.04264587 0.07676762 -0.03434264 -0.04366391 0.07685518 -0.03421747 -0.04333072 0.07685518 -0.03418558 -0.04296493 0.07662534 -0.03417348 -0.04257565 0.07651841 -0.0342307 -0.04374366 0.07659798 -0.03404825 -0.04337191 0.07604998 -0.03386592 -0.04317378 0.07659798 -0.03401231 -0.04295027 0.07604998 -0.02589666 -0.0425108 0.07604998 -0.02600878 -0.04271548 0.0762909 -0.02587532 -0.04252189 0.07604998 -0.02607035 -0.04294055 0.07604998 -0.02603161 -0.04340249 0.07604998 -0.02593338 -0.04361414 0.07635098 -0.02575796 -0.04377543 0.07604998 -0.02578872 -0.04379725 0.07726591 -0.02502501 -0.04293829 0.077268 -0.02505356 -0.04303258 0.07729995 -0.02475804 -0.04306024 0.0771631 -0.02528047 -0.04281783 0.077268 -0.02504277 -0.04314434 0.07725572 -0.02502942 -0.04325515 0.07716989 -0.02521532 -0.0433883 0.07728892 -0.02489447 -0.04315829 0.0771985 -0.02527648 -0.04301071 0.0771985 -0.02525824 -0.04320597 0.07703715 -0.02538961 -0.04351288 0.07698857 -0.02551382 -0.0427044 0.07705688 -0.02553486 -0.04298555 0.07705688 -0.02550888 -0.04327458 0.07685577 -0.02554535 -0.04362404 0.07676762 -0.02569276 -0.04261511 0.07685518 -0.02575844 -0.04296493 0.07685518 -0.02572655 -0.04333072 0.07662534 -0.02567267 -0.04371476 0.07651841 -0.02581477 -0.042553 0.07659798 -0.02593177 -0.04295027 0.07604998 -0.0260781 -0.04317378 0.07659798 -0.02589583 -0.04337191 0.07674908 -0.02400279 -0.04448813 0.0765981 -0.02379101 -0.0444563 0.07669526 -0.02381551 -0.04440563 0.07635033 -0.02358895 -0.0443747 0.07664895 -0.02398467 -0.04455077 0.07707411 -0.02468997 -0.04412537 0.07710939 -0.02455216 -0.04413288 0.07720756 -0.024594 -0.0438888 0.0772252 -0.0245006 -0.043886 0.07728332 -0.02435415 -0.0436418 0.07722532 -0.02421718 -0.04386222 0.07728123 -0.02430707 -0.04363727 0.07723426 -0.0243113 -0.04387265 0.07712739 -0.0244109 -0.04413104 0.0772342 -0.02440607 -0.04388058 0.07678359 -0.02494341 -0.04430508 0.07690602 -0.02476358 -0.04431712 0.07702195 -0.02482134 -0.04410856 0.07722258 -0.02410048 -0.04375737 0.07720756 -0.02412462 -0.04384946 0.07713323 -0.0239734 -0.04390621 0.07727706 -0.02426022 -0.04363238 0.07712757 -0.02426892 -0.04411983 0.0769549 -0.02459239 -0.04434406 0.07710969 -0.02412915 -0.04409939 0.07652509 -0.02502214 -0.04443144 0.07669484 -0.02482187 -0.04447966 0.07604998 -0.02507305 -0.04451292 0.07604998 -0.02488052 -0.04466331 0.07629668 -0.0250594 -0.04449111 0.07698005 -0.02441424 -0.0443511 0.07604998 -0.0246573 -0.04476249 0.07659775 -0.02483975 -0.04453265 0.07707422 -0.02399432 -0.04407012 0.07700508 -0.02385401 -0.0440486 0.07674825 -0.02462452 -0.04453307 0.07698047 -0.02423483 -0.04433774 0.07604998 -0.02394092 -0.04471105 0.07604998 -0.02373415 -0.04458099 0.07604998 -0.02356505 -0.04440468 0.07727098 -0.02454221 -0.04365622 0.07727706 -0.02449548 -0.04365319 0.07729995 -0.02439773 -0.04342049 0.07664805 -0.02463436 -0.04459702 0.07677602 -0.02441614 -0.04455304 0.07728117 -0.02444845 -0.04364979 0.07695543 -0.02405983 -0.04430383 0.07728332 -0.0244013 -0.04364597 0.07718139 -0.02468544 -0.04388886 0.07667434 -0.0244165 -0.0446226 0.07604998 -0.02441668 -0.04480457 0.07677662 -0.02420592 -0.04453825 0.07690626 -0.02389478 -0.0442509 0.07683461 -0.02374517 -0.04418075 0.07667499 -0.02419644 -0.04460746 0.07729393 -0.02431505 -0.04351252 0.07604998 -0.02417302 -0.04478704 0.07727664 -0.02423256 -0.04360568 0.07661759 -0.02365291 -0.04429477 0.07633721 -0.02104175 -0.03308051 0.07604998 -0.02104175 -0.03311395 0.07660907 -0.02104175 -0.03298199 0.07685101 -0.02104175 -0.03282362 0.07705008 -0.02104175 -0.03261387 0.07660907 -0.0225802 -0.033638 0.07660907 -0.02238094 -0.03345513 0.07685101 -0.02248048 -0.03333187 0.0772705 -0.02319228 -0.03305071 0.0772705 -0.02291381 -0.03279513 0.07685101 -0.02269446 -0.03352832 0.07685101 -0.02303123 -0.03397911 0.07705008 -0.02284586 -0.03338313 0.07705008 -0.02321338 -0.03387522 0.07705008 -0.02213549 -0.03286582 0.07719564 -0.02165901 -0.03243416 0.07719564 -0.02224481 -0.03264111 0.07633721 -0.02231907 -0.03353178 0.07660907 -0.02218014 -0.03331136 0.07705008 -0.02160292 -0.03267765 0.07604998 -0.02229803 -0.03355783 0.07633721 -0.0221275 -0.03339469 0.07719564 -0.02276915 -0.03297424 0.07719564 -0.02251017 -0.03278887 0.07705008 -0.02344989 -0.03444206 0.07719564 -0.0234304 -0.03375142 0.07719564 -0.02369058 -0.03437489 0.07705008 -0.02237671 -0.03300011 0.07719564 -0.02379083 -0.035043 0.0772705 -0.02391231 -0.03431302 0.0772705 -0.02402096 -0.03503704 0.07633721 -0.02250909 -0.03370618 0.07604998 -0.02261531 -0.03387951 0.07719564 -0.0230261 -0.03321015 0.0772705 -0.02394986 -0.03576576 0.07729995 -0.02429062 -0.03503006 0.07729995 -0.02421307 -0.03582471 0.07729995 -0.02394407 -0.0365765 0.07726866 -0.02369564 -0.03645133 0.07660907 -0.02152031 -0.03303641 0.07685101 -0.02155584 -0.03288203 0.07660907 -0.0228936 -0.03405761 0.07685101 -0.0220437 -0.03305441 0.07685101 -0.02324783 -0.03449845 0.07705008 -0.02261221 -0.03316867 0.07604998 -0.02149069 -0.03316503 0.0772705 -0.02363044 -0.03363734 0.07729995 -0.02386474 -0.03350365 0.07705008 -0.02354103 -0.03504943 0.07719564 -0.02372515 -0.0357154 0.07717621 -0.02345973 -0.03633242 0.07685101 -0.02226471 -0.03317749 0.07633721 -0.02280801 -0.03410643 0.07604998 -0.02285224 -0.03426426 0.07660907 -0.0230953 -0.03454101 0.07633721 -0.0214982 -0.03313243 0.07685101 -0.02333134 -0.03505486 0.07705008 -0.02348136 -0.03566074 0.07702726 -0.02324807 -0.03622579 0.07633721 -0.02300035 -0.03456747 0.07660907 -0.02197444 -0.0331968 0.07604998 -0.02299678 -0.03469234 0.07660907 -0.02317303 -0.03505897 0.07729995 -0.02417212 -0.03424054 0.07685101 -0.02327668 -0.03561484 0.07682931 -0.02307134 -0.03613668 0.07633721 -0.0230745 -0.03506147 0.07604998 -0.02304154 -0.03514194 0.07660907 -0.02312213 -0.03558021 0.07659232 -0.02293831 -0.03606969 0.07633721 -0.02302592 -0.0355587 0.07632815 -0.02285575 -0.03602808 0.07604998 -0.02298426 -0.03559011 0.07604998 -0.0228278 -0.03601396 0.07633721 -0.02193129 -0.03328543 0.07604998 -0.02191668 -0.03331553 0.07682931 -0.0223965 -0.04113799 0.07659232 -0.02278125 -0.04282766 0.07659232 -0.02225053 -0.04116731 0.07682931 -0.02291721 -0.04276686 0.07713222 -0.02323836 -0.04262334 0.0770052 -0.02307337 -0.04269713 0.07659232 -0.02209794 -0.03943097 0.07632815 -0.02215987 -0.04118555 0.07632815 -0.02200549 -0.03942883 0.07632815 -0.02224135 -0.0376811 0.07604998 -0.0219742 -0.03942811 0.07604998 -0.02221095 -0.03767353 0.0770052 -0.02256417 -0.04110425 0.07682931 -0.02224683 -0.03943443 0.07726866 -0.02355551 -0.0424816 0.07729995 -0.02371859 -0.04215496 0.07713222 -0.02274137 -0.04106861 0.07659232 -0.02233099 -0.03770357 0.0770052 -0.02241778 -0.03943836 0.07682931 -0.02247548 -0.03773969 0.07726866 -0.02308189 -0.04100006 0.07729995 -0.02332252 -0.0407744 0.07713222 -0.0225985 -0.03944259 0.0770052 -0.02264142 -0.03778111 0.07726866 -0.02294576 -0.0394507 0.07729995 -0.02322751 -0.03934133 0.07713222 -0.02281677 -0.03782498 0.07729995 -0.02343791 -0.03792059 0.07726866 -0.02315378 -0.03790926 0.07632815 -0.02269685 -0.04286539 0.07604998 -0.02266824 -0.04287815 0.07604998 -0.02212917 -0.04119175 0.07716983 -0.03563523 -0.04021185 0.07716983 -0.0356155 -0.03885179 0.07726591 -0.03587859 -0.03881627 0.07726591 -0.03589928 -0.04023975 0.07635104 -0.03409147 -0.0367158 0.07604998 -0.03410428 -0.03679895 0.07604998 -0.03330481 -0.0358867 0.07635104 -0.03328669 -0.03582155 0.0766254 -0.03335481 -0.03574365 0.0766254 -0.03417617 -0.03665626 0.07726591 -0.03558182 -0.04162752 0.07729995 -0.03585457 -0.04172545 0.07729995 -0.03618746 -0.0402702 0.0766254 -0.03475767 -0.0377376 0.07685589 -0.03430223 -0.03656756 0.07685589 -0.03490114 -0.03768134 0.07685589 -0.03521889 -0.03890538 0.07703721 -0.03507691 -0.03761237 0.07703721 -0.03540599 -0.0388801 0.07703721 -0.035425 -0.04018968 0.07716983 -0.0353319 -0.04153782 0.07635104 -0.03466129 -0.03777539 0.07604998 -0.03466057 -0.03787684 0.0766254 -0.03506606 -0.038926 0.07604998 -0.02531903 -0.04144418 0.07685589 -0.03523725 -0.04016989 0.07703721 -0.03513294 -0.04146641 0.07635104 -0.03496348 -0.03893989 0.07604998 -0.03494089 -0.03905695 0.0766254 -0.03508394 -0.04015368 0.07685589 -0.0349552 -0.04140263 0.07635104 -0.03498101 -0.04014283 0.07604998 -0.03492879 -0.04026991 0.0766254 -0.03481012 -0.04135054 0.07635104 -0.03471267 -0.04131555 0.07604998 -0.03462499 -0.04144418 0.07726591 -0.02442544 -0.04179567 0.07729995 -0.02408951 -0.04172545 0.07716983 -0.02467256 -0.04169845 0.07726591 -0.02406328 -0.04039585 0.07729995 -0.02375656 -0.0402702 0.07703721 -0.02486926 -0.04162108 0.07716983 -0.02432656 -0.04036104 0.07726591 -0.02404892 -0.03895002 0.07729995 -0.02377825 -0.03877753 0.07685589 -0.02504497 -0.041552 0.07703721 -0.02453613 -0.04033327 0.07716983 -0.02431279 -0.03897958 0.07726591 -0.02438306 -0.03754323 0.07729995 -0.02415329 -0.03733253 0.0766254 -0.02518844 -0.04149556 0.07685589 -0.02472329 -0.04030853 0.07703721 -0.02452284 -0.03900313 0.07716983 -0.02463209 -0.0376355 0.07635104 -0.02528476 -0.04145765 0.07726591 -0.02504616 -0.03625833 0.07729995 -0.02486032 -0.03601771 0.0766254 -0.02487611 -0.04028826 0.07685589 -0.02471053 -0.03902417 0.07703721 -0.02483028 -0.03770893 0.07716983 -0.02526563 -0.03640782 0.07635104 -0.02497875 -0.04027473 0.07604998 -0.02501523 -0.04026991 0.07726591 -0.02599918 -0.03517091 0.07729995 -0.02585893 -0.03490811 0.0766254 -0.02486371 -0.03904134 0.07685589 -0.02500736 -0.03777456 0.07703721 -0.02544033 -0.03652685 0.07716983 -0.02617621 -0.03536885 0.07635104 -0.02496659 -0.0390529 0.07604998 -0.02500313 -0.03905695 0.07726591 -0.02718603 -0.03434497 0.07729995 -0.02709227 -0.03406697 0.0766254 -0.0251519 -0.03782808 0.07685589 -0.02559638 -0.03663313 0.07703721 -0.02631705 -0.03552645 0.07716983 -0.02731013 -0.03457975 0.07635104 -0.025249 -0.03786402 0.07604998 -0.02528351 -0.03787684 0.07726591 -0.02853679 -0.03382915 0.07729995 -0.02848988 -0.03354227 0.0766254 -0.02572381 -0.03671991 0.07685589 -0.02644294 -0.03566718 0.07703721 -0.02740895 -0.03476661 0.07716983 -0.02860075 -0.03408688 0.07635104 -0.02580934 -0.03677821 0.07604998 -0.02583974 -0.03679895 0.07726591 -0.02997201 -0.03365373 0.07729995 -0.02997201 -0.03336399 0.0766254 -0.0265457 -0.03578209 0.07685589 -0.02749717 -0.0349335 0.07703721 -0.02865165 -0.03429204 0.07716983 -0.02997201 -0.03391927 0.07635104 -0.02661472 -0.03585928 0.07604998 -0.02663922 -0.0358867 0.07726591 -0.03138548 -0.03382378 0.07729995 -0.0314542 -0.03354227 0.0766254 -0.02756923 -0.03506982 0.07685589 -0.02869707 -0.03447526 0.07703721 -0.02997201 -0.03413069 0.07716983 -0.03132247 -0.03408175 0.07635104 -0.02761763 -0.03516131 0.07604998 -0.02763485 -0.03519386 0.07726591 -0.03271824 -0.03432416 0.07729995 -0.03285175 -0.03406697 0.0766254 -0.0287342 -0.03462493 0.07685589 -0.02997201 -0.03431951 0.07703721 -0.03127235 -0.03428709 0.07716983 -0.03259593 -0.03455978 0.07635104 -0.02875912 -0.03472536 0.07604998 -0.028768 -0.03476113 0.07726591 -0.03389436 -0.03512626 0.07729995 -0.03408509 -0.03490811 0.0766254 -0.02997201 -0.03447365 0.07685589 -0.03122758 -0.03447049 0.07703721 -0.03249853 -0.03474742 0.07716983 -0.03371965 -0.03532624 0.07635104 -0.02997201 -0.03457719 0.07604998 -0.02997201 -0.03461396 0.07726591 -0.03484672 -0.03618448 0.07729995 -0.03508371 -0.03601771 0.0766254 -0.03119105 -0.03462028 0.07685589 -0.03241151 -0.03491497 0.07703721 -0.03358054 -0.03548538 0.07716983 -0.03462958 -0.03633725 0.07635104 -0.03116649 -0.03472083 0.07604998 -0.03117603 -0.03476113 0.07726591 -0.03552097 -0.03743833 0.07729995 -0.03579074 -0.03733253 0.0766254 -0.03234046 -0.03505182 0.07685589 -0.03345626 -0.03562754 0.07703721 -0.03445667 -0.0364589 0.07716983 -0.03527373 -0.03753525 0.07635104 -0.03229278 -0.03514367 0.07604998 -0.03230923 -0.03519386 0.07729995 -0.03616577 -0.03877753 0.07717621 -0.03725123 -0.04377007 0.07726866 -0.0369355 -0.04352194 0.07726866 -0.03725188 -0.04350584 0.07702726 -0.03840762 -0.04429799 0.07702726 -0.03806328 -0.04414671 0.07717621 -0.03814184 -0.04392307 0.07717621 -0.03696298 -0.04378473 0.07682931 -0.03651851 -0.0443241 0.07717621 -0.0385192 -0.0440889 0.07682931 -0.03799772 -0.04433345 0.07682931 -0.0377987 -0.04427361 0.07702726 -0.03784698 -0.04408162 0.07702726 -0.03645527 -0.04413652 0.07632815 -0.03724956 -0.04444634 0.07632815 -0.03703331 -0.04445737 0.07659232 -0.03702366 -0.0443654 0.07702726 -0.0369876 -0.04402047 0.07717621 -0.03637957 -0.04391193 0.07604998 -0.03747761 -0.04449135 0.07604998 -0.03703653 -0.04448854 0.07659232 -0.03724974 -0.0443539 0.07717621 -0.03905826 -0.04446732 0.07726866 -0.03864359 -0.04385578 0.07726866 -0.03923523 -0.04427117 0.07726866 -0.03796917 -0.04359555 0.07726866 -0.03759086 -0.04352611 0.07729995 -0.038037 -0.04332578 0.07659232 -0.0377624 -0.04441803 0.07659232 -0.03749203 -0.04436838 0.07682931 -0.03750938 -0.0442205 0.07717621 -0.0375601 -0.04378849 0.07726866 -0.0382294 -0.04367381 0.07729995 -0.03877454 -0.04361039 0.07632815 -0.03748124 -0.04446023 0.07726866 -0.03970909 -0.04481709 0.07729995 -0.03942155 -0.04406464 0.07729995 -0.03993982 -0.04466164 0.07726866 -0.04003715 -0.04546129 0.07702726 -0.03725063 -0.04400706 0.07682931 -0.03831446 -0.04447263 0.07659232 -0.03656607 -0.04446518 0.07604998 -0.03660559 -0.04458248 0.07659232 -0.03794836 -0.04447394 0.07682931 -0.03700816 -0.04421728 0.07702726 -0.03889954 -0.04464328 0.07632815 -0.03773987 -0.04450768 0.07604998 -0.03790736 -0.04459071 0.07717621 -0.03790473 -0.04385179 0.07717621 -0.03948998 -0.04496473 0.07717621 -0.0397889 -0.04555165 0.07702726 -0.03753244 -0.04402393 0.07729995 -0.04029852 -0.04536616 0.07659232 -0.03824436 -0.044604 0.07632815 -0.03791773 -0.04456114 0.07682931 -0.03876692 -0.04479026 0.07702726 -0.03929346 -0.04509717 0.07702726 -0.03956615 -0.04563271 0.07682931 -0.03725016 -0.044205 0.07632815 -0.03659558 -0.0445528 0.07632815 -0.03820085 -0.04468554 0.07604998 -0.0383048 -0.04478192 0.07659232 -0.03866714 -0.04490083 0.07682931 -0.03912931 -0.04520773 0.07682931 -0.03938019 -0.04570037 0.07604998 -0.03912389 -0.04579365 0.07604998 -0.03892827 -0.04539835 0.07632815 -0.03915333 -0.04578292 0.07726866 -0.03629517 -0.04366159 0.07632815 -0.03860527 -0.04496949 0.07729995 -0.03646761 -0.0433219 0.07604998 -0.03865075 -0.04505556 0.07659232 -0.03900581 -0.04529094 0.07659232 -0.03924024 -0.04575133 0.07729995 -0.03725254 -0.04322773 0.07632815 -0.03892916 -0.04534262 0.07632815 -0.0436325 -0.05808931 0.07659232 -0.04371941 -0.05805772 0.07682931 -0.0438593 -0.05800676 0.07702726 -0.04404532 -0.05793911 0.07717621 -0.04426801 -0.05785799 0.07726866 -0.04451632 -0.05776762 0.07729995 -0.04477769 -0.0576725 0.07659232 -0.04518371 -0.05895256 0.07702726 -0.04491013 -0.05861127 0.07702726 -0.04514062 -0.05860841 0.07659232 -0.04403722 -0.05855786 0.07632815 -0.04551488 -0.05896711 0.07659232 -0.04428797 -0.058757 0.07659232 -0.04487556 -0.05895638 0.07702726 -0.04468476 -0.05856281 0.07659232 -0.04457432 -0.05889159 0.07729995 -0.0450437 -0.0578351 0.07726866 -0.04507827 -0.05811107 0.07729995 -0.04498767 -0.05783575 0.07717621 -0.04528361 -0.0583316 0.07726866 -0.04519325 -0.05808329 0.07702726 -0.0444706 -0.05846214 0.07726866 -0.04496002 -0.05811256 0.07729995 -0.04493296 -0.05782401 0.07702726 -0.04428303 -0.05831319 0.07726866 -0.04484438 -0.05808764 0.07729995 -0.04488223 -0.05780035 0.07726866 -0.04473447 -0.05803602 0.07729995 -0.04483807 -0.05776596 0.07726866 -0.04463827 -0.05795961 0.07729995 -0.0448026 -0.05772262 0.07729995 -0.04509812 -0.05782192 0.07659232 -0.04548329 -0.0588802 0.07682931 -0.04543232 -0.05874031 0.07702726 -0.04536467 -0.05855429 0.07632815 -0.05021339 -0.05725699 0.07659232 -0.05018174 -0.05717015 0.07682931 -0.05013084 -0.0570302 0.07702726 -0.05006313 -0.05684423 0.07717621 -0.04998207 -0.05662149 0.07726866 -0.04989171 -0.05637323 0.07729995 -0.04979658 -0.05611187 0.07659232 -0.05107659 -0.05570578 0.07702726 -0.05073529 -0.05597943 0.07702726 -0.05073243 -0.05574893 0.07659232 -0.05068194 -0.05685228 0.07632815 -0.05109113 -0.05537462 0.07659232 -0.05088102 -0.05660158 0.07659232 -0.0510804 -0.05601394 0.07702726 -0.05068683 -0.05620473 0.07659232 -0.05101561 -0.05631524 0.07729995 -0.04995912 -0.05584585 0.07726866 -0.05023509 -0.05581122 0.07729995 -0.04995983 -0.05590182 0.07717621 -0.05045562 -0.05560588 0.07726866 -0.05020737 -0.05569624 0.07702726 -0.05058616 -0.05641895 0.07726866 -0.05023658 -0.05592948 0.07729995 -0.04994803 -0.05595654 0.07702726 -0.05043727 -0.05660647 0.07726866 -0.05021172 -0.05604511 0.07729995 -0.04992437 -0.05600726 0.07726866 -0.05016005 -0.05615502 0.07729995 -0.04989004 -0.05605149 0.07726866 -0.05008363 -0.05625122 0.07729995 -0.0498467 -0.05608689 0.07729995 -0.04994601 -0.05579143 0.07659232 -0.05100429 -0.05540621 0.07682931 -0.05086433 -0.05545717 0.07702726 -0.05067837 -0.05552482 0.07729995 -0.04166096 -0.03302848 0.07726866 -0.04192233 -0.03293335 0.07717621 -0.04217058 -0.03284299 0.07702726 -0.04239332 -0.03276193 0.07682931 -0.04257929 -0.03269422 0.07659232 -0.04271924 -0.03264331 0.07632815 -0.04280614 -0.03261166 0.07604998 -0.04283559 -0.03260093 0.07632815 -0.04197454 -0.03175157 0.07604998 -0.04198622 -0.03172248 0.07632815 -0.0416786 -0.03166723 0.07659232 -0.04166269 -0.03175824 0.07604998 -0.04226368 -0.03186964 0.07632815 -0.04224616 -0.03189563 0.07659232 -0.04193997 -0.03183734 0.07682931 -0.04163712 -0.03190499 0.07604998 -0.04250437 -0.03207135 0.07632815 -0.04248183 -0.0320931 0.07604998 -0.04269784 -0.03231871 0.07659232 -0.04219454 -0.03197234 0.07682931 -0.04188436 -0.0319755 0.07702726 -0.04160302 -0.03209996 0.07659232 -0.04241538 -0.03215736 0.07682931 -0.04211139 -0.0320959 0.07702726 -0.04181045 -0.03215909 0.07717621 -0.04156231 -0.03233343 0.07682931 -0.04230833 -0.03226089 0.07702726 -0.04200083 -0.03226006 0.07729995 -0.0414865 -0.03287142 0.07717621 -0.04172194 -0.03237897 0.07729995 -0.04154342 -0.03289324 0.07702726 -0.04216605 -0.03239846 0.07717621 -0.0418685 -0.03245669 0.07729995 -0.04159331 -0.03292822 0.07717621 -0.04199564 -0.0325632 0.07729995 -0.0416333 -0.03297418 0.07054996 -0.02104175 -0.03311395 0.07054996 -0.02149069 -0.03316503 0.07054996 -0.02191668 -0.03331553 0.07054996 -0.02229803 -0.03355783 0.07054996 -0.02261531 -0.03387951 0.07054996 -0.02285224 -0.03426426 0.07054996 -0.02299678 -0.03469234 0.07054996 -0.02304154 -0.03514194 0.07054996 -0.02298426 -0.03559011 0.07054996 -0.0228278 -0.03601396 0.07054996 -0.02356505 -0.04440468 0.07054996 -0.02266824 -0.04287815 0.07054996 -0.02212917 -0.04119175 0.07054996 -0.0219742 -0.03942811 0.07054996 -0.02221095 -0.03767353 0.07054996 -0.02507305 -0.04451292 0.07054996 -0.02488052 -0.04466331 0.07054996 -0.0246573 -0.04476249 0.07054996 -0.02441668 -0.04480457 0.07054996 -0.02417302 -0.04478704 0.07054996 -0.02394092 -0.04471105 0.07054996 -0.02373415 -0.04458099 0.07026273 -0.02104175 -0.03308051 0.06999087 -0.02104175 -0.03298199 0.06974893 -0.02104175 -0.03282362 0.06954985 -0.02104175 -0.03261387 0.06954985 -0.02237671 -0.03300011 0.06954985 -0.02261221 -0.03316867 0.06940436 -0.02276915 -0.03297424 0.06974893 -0.02326625 -0.03565925 0.06977063 -0.02307134 -0.03613668 0.06957268 -0.02324807 -0.03622579 0.06954985 -0.02346998 -0.03570914 0.07026273 -0.02288252 -0.03425002 0.07026273 -0.0230295 -0.03468525 0.06999087 -0.02312582 -0.03466451 0.06999087 -0.02297174 -0.03420817 0.06954985 -0.02354162 -0.03514891 0.06940436 -0.02371269 -0.03576862 0.06940436 -0.02379149 -0.03515243 0.06999087 -0.02271914 -0.03379803 0.06974893 -0.02311509 -0.03414088 0.06974893 -0.02284377 -0.03370028 0.06940436 -0.02183037 -0.03247952 0.06940436 -0.02372992 -0.03453421 0.06932944 -0.02402168 -0.03515565 0.06932944 -0.02395498 -0.03448563 0.06940436 -0.02224481 -0.03264111 0.06932944 -0.02373963 -0.03384774 0.06929999 -0.02417212 -0.03424054 0.06929999 -0.02386474 -0.03350365 0.06974893 -0.02248048 -0.03333187 0.06954985 -0.02300882 -0.03357082 0.06999087 -0.02311241 -0.03562152 0.07000762 -0.02293831 -0.03606969 0.06954985 -0.02213549 -0.03286582 0.06940436 -0.02251017 -0.03278887 0.06974893 -0.02333188 -0.03514599 0.06974893 -0.02226471 -0.03317749 0.06954985 -0.02348566 -0.0345869 0.07026273 -0.02264159 -0.03385889 0.06940436 -0.02353119 -0.03394562 0.06954985 -0.02175873 -0.03271889 0.07027184 -0.02285575 -0.03602808 0.06932944 -0.02338653 -0.03327447 0.06999087 -0.02238094 -0.03345513 0.07026273 -0.02301669 -0.03559803 0.06974893 -0.0220437 -0.03305441 0.06999087 -0.02317351 -0.03514379 0.06974893 -0.02328062 -0.03463113 0.06999087 -0.02218014 -0.03331136 0.06974893 -0.02169859 -0.03291982 0.06954985 -0.02330499 -0.03405177 0.07026273 -0.02231907 -0.03353178 0.06940436 -0.02320539 -0.03341662 0.06932944 -0.02291381 -0.03279513 0.06999087 -0.02197444 -0.0331968 0.07026273 -0.02307498 -0.03514242 0.07026273 -0.0221275 -0.03339469 0.06999087 -0.02165317 -0.03307151 0.07026273 -0.02193129 -0.03328543 0.07026273 -0.02162486 -0.03316593 0.06932944 -0.02393627 -0.03582346 0.06933134 -0.02369564 -0.03645133 0.06929999 -0.02394407 -0.0365765 0.06929999 -0.02421307 -0.03582471 0.06942379 -0.02345973 -0.03633242 0.06929999 -0.02429062 -0.03503006 0.06978839 -0.02373307 -0.04419565 0.06985276 -0.02400302 -0.04448688 0.06964403 -0.02405995 -0.04430294 0.06961834 -0.0244143 -0.04435086 0.06949084 -0.02412945 -0.04409861 0.06947278 -0.02441084 -0.0441305 0.07028335 -0.02358406 -0.04438072 0.07015961 -0.02395969 -0.04464173 0.0700398 -0.0236355 -0.04431641 0.06982451 -0.0244162 -0.04455375 0.06959491 -0.02483189 -0.04412555 0.0696929 -0.02476358 -0.04431712 0.06976503 -0.02492213 -0.04427081 0.06952595 -0.02468961 -0.04412484 0.07013976 -0.0244165 -0.04472821 0.06990545 -0.02482169 -0.04447996 0.06998252 -0.0249989 -0.04439413 0.07024985 -0.02505272 -0.04448038 0.07019633 -0.02486371 -0.04460924 0.06932938 -0.02421385 -0.04362696 0.06931841 -0.02430725 -0.04363667 0.06929999 -0.02439773 -0.04342049 0.06931626 -0.0244013 -0.04364526 0.06930583 -0.0244624 -0.04352623 0.06941968 -0.02403539 -0.04383301 0.06937724 -0.02421772 -0.04386144 0.06932359 -0.02452719 -0.04363185 0.06932276 -0.02449536 -0.04365277 0.06937843 -0.02463179 -0.04380184 0.06936866 -0.02440589 -0.04387986 0.06957817 -0.02386772 -0.04403203 0.06939423 -0.02459335 -0.04388773 0.06946766 -0.02473402 -0.04396754 0.06978076 -0.02556961 -0.04364132 0.06972813 -0.02563536 -0.04348665 0.06959086 -0.02541875 -0.04353368 0.06955021 -0.0254566 -0.04340416 0.06951767 -0.02550238 -0.04312843 0.06952577 -0.02550983 -0.04298776 0.06939595 -0.0252707 -0.04310858 0.06940048 -0.02527809 -0.04301041 0.0696966 -0.02568137 -0.04331946 0.06952577 -0.02548456 -0.0432682 0.06956297 -0.02546137 -0.04273003 0.06955021 -0.02550661 -0.042849 0.0697444 -0.02563142 -0.04264593 0.06941413 -0.02528172 -0.04291284 0.06968605 -0.02570706 -0.04314512 0.07001912 -0.02569127 -0.04372793 0.06996595 -0.02579253 -0.04355585 0.0696966 -0.02571207 -0.04296898 0.06993407 -0.02586096 -0.04336363 0.07027435 -0.02576333 -0.04377925 0.07021254 -0.02588593 -0.04359537 0.07054996 -0.02593338 -0.04361414 0.07054996 -0.02578872 -0.04379725 0.06972813 -0.02569591 -0.04279637 0.06997466 -0.02577084 -0.04257541 0.06992346 -0.02589571 -0.04315984 0.07019066 -0.02597063 -0.04338937 0.07054996 -0.02603161 -0.04340249 0.06993407 -0.02589607 -0.04295313 0.07018339 -0.02601176 -0.04316872 0.07054996 -0.02600878 -0.04271548 0.07054996 -0.02589666 -0.0425108 0.07024896 -0.02586382 -0.04252779 0.07054996 -0.0260781 -0.04317378 0.06933385 -0.02499669 -0.04323166 0.06933671 -0.02503657 -0.04320013 0.06929999 -0.02475804 -0.04306024 0.06943684 -0.0252276 -0.04339706 0.06996595 -0.02586132 -0.04275208 0.07019066 -0.02600824 -0.04294425 0.0693323 -0.02504283 -0.0431444 0.07054996 -0.02607035 -0.04294055 0.06933081 -0.02504849 -0.04308843 0.07021254 -0.02595925 -0.04272699 0.06941413 -0.02524542 -0.04330295 0.0693323 -0.02505362 -0.0430324 0.06931096 -0.02491086 -0.04299092 0.06940048 -0.02525979 -0.04320645 0.06934404 -0.02506202 -0.04292094 0.06933671 -0.02505815 -0.04297655 0.06943005 -0.02526926 -0.04282295 0.07054996 -0.03404736 -0.0425108 0.07054996 -0.03393524 -0.04271548 0.07030904 -0.03406876 -0.04252189 0.07054996 -0.03387367 -0.04294055 0.07054996 -0.03391242 -0.04340249 0.07054996 -0.0340107 -0.04361414 0.07024902 -0.03418606 -0.04377543 0.07054996 -0.0341553 -0.04379725 0.06933403 -0.03491902 -0.04293829 0.06933194 -0.03489047 -0.04303258 0.06929999 -0.03518605 -0.04306024 0.0694369 -0.03466355 -0.04281783 0.06934428 -0.03491461 -0.04325515 0.06933194 -0.03490132 -0.04314434 0.06943005 -0.03472876 -0.0433883 0.06931102 -0.03504955 -0.04315829 0.0694015 -0.03466755 -0.04301071 0.0694015 -0.03468579 -0.04320597 0.06956279 -0.03455448 -0.04351288 0.06961137 -0.0344302 -0.0427044 0.06954306 -0.03440922 -0.04298555 0.06954306 -0.03443515 -0.04327458 0.06974416 -0.03439867 -0.04362404 0.06983232 -0.03425133 -0.04261511 0.06974476 -0.03418558 -0.04296493 0.06974476 -0.03421747 -0.04333072 0.0699746 -0.03427135 -0.04371476 0.07008153 -0.03412926 -0.042553 0.07000195 -0.03401231 -0.04295027 0.07054996 -0.03386592 -0.04317378 0.07000195 -0.03404825 -0.04337191 0.06971442 -0.03543865 -0.04452759 0.06994348 -0.03558468 -0.04473894 0.069705 -0.03560429 -0.04455846 0.06995284 -0.03539174 -0.04469907 0.07027965 -0.0349968 -0.04459708 0.07020401 -0.03536486 -0.04480129 0.0700277 -0.03504723 -0.04452794 0.07054996 -0.03535139 -0.0448563 0.07054996 -0.03515219 -0.04475951 0.06998348 -0.0361483 -0.04464501 0.06995284 -0.03578162 -0.04474711 0.07025474 -0.03619074 -0.04473656 0.06971442 -0.03577244 -0.04456996 0.07054996 -0.03556698 -0.04490697 0.07019764 -0.03557336 -0.04484713 0.07054996 -0.03578847 -0.04490888 0.07020401 -0.03578674 -0.04485237 0.07054996 -0.0360049 -0.04486197 0.07054996 -0.03497922 -0.04462116 0.07054996 -0.0362057 -0.04476863 0.0693351 -0.03555124 -0.04384219 0.06933486 -0.03563249 -0.04389262 0.06929999 -0.03572869 -0.04360288 0.06944119 -0.03538113 -0.04407262 0.06933349 -0.03568577 -0.04390048 0.06934565 -0.03584545 -0.04392081 0.06933486 -0.03573918 -0.04390782 0.06943416 -0.03592985 -0.04413574 0.06931138 -0.03578627 -0.0437631 0.06940799 -0.03556269 -0.04411154 0.06940382 -0.03565597 -0.04412609 0.06940799 -0.03574973 -0.04413712 0.06956982 -0.03601115 -0.04433315 0.06959807 -0.03524184 -0.04426205 0.06953924 -0.03549432 -0.04433536 0.06953185 -0.03562742 -0.04435783 0.06953924 -0.03576177 -0.04437053 0.06975317 -0.03608548 -0.04450577 0.0697897 -0.03513336 -0.04441016 0.07027184 -0.05109113 -0.05537462 0.07000762 -0.05100429 -0.05540621 0.06977063 -0.05086433 -0.05545717 0.06957268 -0.05067837 -0.05552482 0.06942379 -0.05045562 -0.05560588 0.06933134 -0.05020737 -0.05569624 0.06929999 -0.04994601 -0.05579143 0.06942379 -0.05049949 -0.05595582 0.06977063 -0.05093222 -0.0559991 0.06942379 -0.05049729 -0.05577838 0.06929999 -0.04989004 -0.05605149 0.06942379 -0.05027002 -0.0564385 0.06929999 -0.04992437 -0.05600726 0.06929999 -0.0498467 -0.05608689 0.06942379 -0.0503847 -0.05629414 0.06929999 -0.04995912 -0.05584585 0.06977063 -0.05087447 -0.05626779 0.06942379 -0.05046212 -0.05612927 0.07027184 -0.05116832 -0.05569428 0.06977063 -0.05092883 -0.05572432 0.06977063 -0.05075442 -0.05652314 0.07027184 -0.05117243 -0.05602312 0.06977063 -0.05057686 -0.05674672 0.07027184 -0.05110323 -0.05634468 0.07027184 -0.05095964 -0.05665022 0.07027184 -0.05074715 -0.05691778 0.06929999 -0.04995983 -0.05590182 0.06929999 -0.04994803 -0.05595654 0.06942379 -0.04493367 -0.05837541 0.06977063 -0.0448904 -0.0588082 0.06942379 -0.04511111 -0.05837321 0.06929999 -0.0448026 -0.05772262 0.06942379 -0.04445099 -0.05814599 0.06929999 -0.04483807 -0.05776596 0.06942379 -0.04426801 -0.05785799 0.06933134 -0.04451632 -0.05776762 0.06957268 -0.04404532 -0.05793911 0.06942379 -0.04459536 -0.05826061 0.06929999 -0.0450437 -0.0578351 0.06977063 -0.0446217 -0.05875039 0.06942379 -0.04476022 -0.0583381 0.07027184 -0.04519522 -0.0590443 0.06977063 -0.04516518 -0.05880481 0.06977063 -0.04436635 -0.0586304 0.07027184 -0.04486638 -0.05904835 0.06977063 -0.0438593 -0.05800676 0.06977063 -0.04414278 -0.05845284 0.07000762 -0.04371941 -0.05805772 0.07027184 -0.04454487 -0.05897921 0.06929999 -0.04477769 -0.0576725 0.07027184 -0.04423928 -0.05883556 0.07027184 -0.04397171 -0.05862313 0.07027184 -0.0436325 -0.05808931 0.06929999 -0.04498767 -0.05783575 0.06929999 -0.04493296 -0.05782401 0.06929999 -0.04488223 -0.05780035 0.07027184 -0.03915333 -0.04578292 0.07054996 -0.03912389 -0.04579365 0.07000762 -0.03924024 -0.04575133 0.06977063 -0.03938019 -0.04570037 0.06957268 -0.03956615 -0.04563271 0.06942379 -0.0397889 -0.04555165 0.06933134 -0.04003715 -0.04546129 0.06929999 -0.04029852 -0.04536616 0.0699836 -0.03624838 -0.04458856 0.0699836 -0.03673398 -0.04440391 0.06975293 -0.0366978 -0.04425692 0.06975293 -0.0391699 -0.04524344 0.06975293 -0.03617781 -0.04445463 0.06933134 -0.03653413 -0.04359203 0.06933134 -0.0369355 -0.04352194 0.06929999 -0.03646761 -0.0433219 0.06957 -0.03932732 -0.04514253 0.07025474 -0.03629517 -0.04467725 0.07054996 -0.03660559 -0.04458248 0.06975293 -0.03780221 -0.04425966 0.06957 -0.03806442 -0.04414349 0.06957 -0.03784775 -0.04407835 0.06975293 -0.03800249 -0.04431986 0.07025474 -0.036758 -0.04450136 0.06957 -0.03898406 -0.04471844 0.06942379 -0.03952401 -0.04501646 0.06942379 -0.03914827 -0.04455232 0.07025474 -0.03832358 -0.04475194 0.07025474 -0.0386756 -0.04503041 0.0699836 -0.03874611 -0.04495906 0.07054996 -0.0383048 -0.04478192 0.07054996 -0.03865075 -0.04505556 0.0699836 -0.03837674 -0.04466682 0.06942379 -0.03867995 -0.04418188 0.06933134 -0.03933405 -0.04436451 0.06942379 -0.03696298 -0.04378473 0.06933134 -0.03725188 -0.04350584 0.06933134 -0.03882002 -0.04395788 0.06942379 -0.03725123 -0.04377007 0.0699836 -0.03904247 -0.04532516 0.0699836 -0.0379523 -0.04446274 0.06975293 -0.03845703 -0.04453849 0.06933134 -0.0382294 -0.04367381 0.06929999 -0.03877454 -0.04361039 0.06929999 -0.038037 -0.04332578 0.06957 -0.03725063 -0.04400366 0.06942379 -0.0375601 -0.04378849 0.06957 -0.03753286 -0.04402053 0.06975293 -0.03885257 -0.04485142 0.06975293 -0.03751105 -0.04420626 0.06942379 -0.03659725 -0.04384857 0.06933134 -0.03796917 -0.04359555 0.06957 -0.03855615 -0.04437994 0.0699836 -0.03776526 -0.04440647 0.07054996 -0.03892827 -0.04539835 0.07025474 -0.03895807 -0.04537928 0.06957 -0.03698724 -0.04401707 0.06942379 -0.03814184 -0.04392307 0.06975293 -0.03725016 -0.04419064 0.07025474 -0.03791904 -0.04455739 0.07054996 -0.03790736 -0.04459071 0.06933134 -0.03759086 -0.04352611 0.06929999 -0.03725254 -0.04322773 0.0699836 -0.0374934 -0.04435658 0.06942379 -0.03790473 -0.04385179 0.06957 -0.0366531 -0.04407536 0.07025474 -0.03774082 -0.0445038 0.07054996 -0.03747761 -0.04449135 0.06975293 -0.03700667 -0.04420304 0.06942379 -0.03598165 -0.04408264 0.0699836 -0.0372498 -0.04434204 0.07025474 -0.03748172 -0.04445624 0.06933134 -0.03974646 -0.04487389 0.0699836 -0.03702247 -0.0443536 0.06929999 -0.03993982 -0.04466164 0.06957 -0.03609061 -0.04428923 0.07025474 -0.03724956 -0.04444235 0.07054996 -0.03703653 -0.04448854 0.06929999 -0.03942155 -0.04406464 0.07025474 -0.0370329 -0.04445338 0.06943064 -0.02430987 -0.04021173 0.06943064 -0.02432966 -0.03885197 0.06933403 -0.02406543 -0.03881627 0.06933403 -0.02404475 -0.04023975 0.07024902 -0.02585256 -0.0367158 0.07054996 -0.02583974 -0.03679895 0.07054996 -0.02663922 -0.0358867 0.07024902 -0.0266574 -0.03582155 0.06997478 -0.02658927 -0.03574371 0.06997478 -0.02576798 -0.03665632 0.06933403 -0.02436226 -0.04162752 0.06929999 -0.02408951 -0.04172545 0.06929999 -0.02375656 -0.0402702 0.06997478 -0.02518647 -0.03773766 0.06974416 -0.02564185 -0.03656756 0.06974416 -0.02504295 -0.03768134 0.06974416 -0.02472525 -0.03890538 0.06956332 -0.02486777 -0.03761267 0.06956332 -0.02453881 -0.03888022 0.06956332 -0.02451974 -0.04018962 0.06943064 -0.0246132 -0.04153746 0.07024902 -0.0252828 -0.03777539 0.07054996 -0.02528351 -0.03787684 0.06997478 -0.02487808 -0.03892606 0.07054996 -0.03462499 -0.04144418 0.06974416 -0.0247069 -0.04016983 0.06956332 -0.0248118 -0.04146617 0.07024902 -0.02498054 -0.03893989 0.07054996 -0.02500313 -0.03905695 0.06997478 -0.0248602 -0.04015368 0.06974416 -0.02498888 -0.04140257 0.07024902 -0.02496308 -0.04014283 0.07054996 -0.02501523 -0.04026991 0.06997478 -0.02513402 -0.04135054 0.07024902 -0.02523136 -0.04131555 0.07054996 -0.02531903 -0.04144418 0.06933403 -0.03551858 -0.04179567 0.06929999 -0.03585457 -0.04172545 0.06943064 -0.03527045 -0.04169809 0.06933403 -0.03588074 -0.04039585 0.06929999 -0.03618746 -0.0402702 0.06956332 -0.03507405 -0.04162085 0.06943064 -0.03561639 -0.04036086 0.06933403 -0.0358951 -0.03895002 0.06929999 -0.03616577 -0.03877753 0.06974416 -0.03489899 -0.04155194 0.06956332 -0.03540718 -0.04033321 0.06943064 -0.03563016 -0.0389797 0.06933403 -0.03556096 -0.03754323 0.06929999 -0.03579074 -0.03733253 0.06997478 -0.03475546 -0.0414955 0.06974416 -0.03522068 -0.04030853 0.06956332 -0.03542047 -0.03900319 0.06943064 -0.03531092 -0.03763586 0.07024902 -0.0346592 -0.04145765 0.06933403 -0.03489786 -0.03625833 0.06929999 -0.03508371 -0.03601771 0.06997478 -0.03506779 -0.04028826 0.06974416 -0.03523349 -0.03902417 0.06956332 -0.03511303 -0.03770917 0.06943064 -0.0346775 -0.03640842 0.07024902 -0.03496527 -0.04027473 0.07054996 -0.03492879 -0.04026991 0.06933403 -0.03394484 -0.03517091 0.06929999 -0.03408509 -0.03490811 0.06997478 -0.03508025 -0.03904134 0.06974416 -0.0349366 -0.03777456 0.06956332 -0.0345031 -0.03652727 0.06943064 -0.03376716 -0.03536969 0.07024902 -0.03497743 -0.0390529 0.07054996 -0.03494089 -0.03905695 0.06933403 -0.03275805 -0.03434497 0.06929999 -0.03285175 -0.03406697 0.06997478 -0.034792 -0.03782814 0.06974416 -0.03434759 -0.03663319 0.06956332 -0.03362643 -0.03552699 0.06943064 -0.03263342 -0.03458064 0.07024902 -0.03469502 -0.03786408 0.07054996 -0.03466057 -0.03787684 0.06933403 -0.03140723 -0.03382915 0.06929999 -0.0314542 -0.03354227 0.06997478 -0.03422015 -0.03671997 0.06974416 -0.03350102 -0.03566724 0.06956332 -0.03253477 -0.03476727 0.06943064 -0.03134304 -0.03408789 0.07024902 -0.03413468 -0.03677821 0.07054996 -0.03410428 -0.03679895 0.06933403 -0.02997201 -0.03365373 0.06929999 -0.02997201 -0.03336399 0.06997478 -0.03339827 -0.03578215 0.06974416 -0.0324468 -0.03493356 0.06956332 -0.03129225 -0.03429275 0.06943064 -0.02997201 -0.03392034 0.07024902 -0.0333293 -0.03585928 0.07054996 -0.03330481 -0.0358867 0.06933403 -0.02855861 -0.03382378 0.06929999 -0.02848988 -0.03354227 0.06997478 -0.03237473 -0.03506988 0.06974416 -0.03124696 -0.03447538 0.06956332 -0.02997201 -0.0341314 0.06943064 -0.02862179 -0.03408277 0.07024902 -0.0323264 -0.03516131 0.07054996 -0.03230923 -0.03519386 0.06933403 -0.02722579 -0.03432416 0.06929999 -0.02709227 -0.03406697 0.06997478 -0.03120982 -0.03462499 0.06974416 -0.02997201 -0.03431957 0.06956332 -0.02867186 -0.03428781 0.06943064 -0.02734863 -0.03456073 0.07024902 -0.03118491 -0.03472542 0.07054996 -0.03117603 -0.03476113 0.06933403 -0.02604967 -0.03512626 0.06929999 -0.02585893 -0.03490811 0.06997478 -0.02997201 -0.03447377 0.06974416 -0.0287165 -0.03447061 0.06956332 -0.02744585 -0.03474807 0.06943064 -0.02622514 -0.03532701 0.07024902 -0.02997201 -0.03457719 0.07054996 -0.02997201 -0.03461396 0.06933403 -0.02509731 -0.03618448 0.06929999 -0.02486032 -0.03601771 0.06997478 -0.02875304 -0.0346204 0.06974416 -0.02753257 -0.03491508 0.06956332 -0.02636402 -0.03548592 0.06943064 -0.0253154 -0.03633791 0.07024902 -0.02877759 -0.03472089 0.07054996 -0.028768 -0.03476113 0.06933403 -0.02442306 -0.03743833 0.06929999 -0.02415329 -0.03733253 0.06997478 -0.02760362 -0.03505188 0.06974416 -0.02648782 -0.0356276 0.06956332 -0.02548795 -0.03645932 0.06943064 -0.02467131 -0.03753566 0.07024902 -0.02765125 -0.03514373 0.07054996 -0.02763485 -0.03519386 0.06929999 -0.02377825 -0.03877753 0.06941944 -0.02269071 -0.03944474 0.0693292 -0.02309125 -0.04099822 0.0693292 -0.02295529 -0.03945088 0.06941944 -0.02283179 -0.04105043 0.07000762 -0.02278125 -0.04282766 0.06977063 -0.02291721 -0.04276686 0.0693292 -0.02316296 -0.03791153 0.06929999 -0.02322751 -0.03934133 0.06929999 -0.02343791 -0.03792059 0.06977063 -0.0223965 -0.04113799 0.06957268 -0.02309793 -0.0426861 0.06957268 -0.02259051 -0.04109895 0.06957268 -0.02244472 -0.03943902 0.07027184 -0.02269685 -0.04286539 0.06941944 -0.02290624 -0.03784734 0.07000762 -0.02225053 -0.04116731 0.06977063 -0.02224683 -0.03943443 0.06957268 -0.02266752 -0.03778767 0.07027184 -0.02215987 -0.04118555 0.07000762 -0.02209794 -0.03943097 0.06977063 -0.02247548 -0.03773969 0.07027184 -0.02200549 -0.03942883 0.07000762 -0.02233099 -0.03770357 0.07027184 -0.02224135 -0.0376811 0.0693292 -0.02356421 -0.04247772 0.06929999 -0.02371859 -0.04215496 0.06941944 -0.02332258 -0.04258573 0.06929999 -0.02332252 -0.0407744</float_array>
          <technique_common>
            <accessor source="#RailsAntennaHolder-mesh-positions-array" count="3442" stride="3">
              <param name="X" type="float" />
              <param name="Y" type="float" />
              <param name="Z" type="float" />
            </accessor>
          </technique_common>
        </source>
        <source id="RailsAntennaHolder-mesh-normals">
          <float_array id="RailsAntennaHolder-mesh-normals-array" count="20127">0.2207776 0.8337953 0.5060067 0.3808851 0.7728678 0.5075452 0.2332499 0.8208447 0.5213527 0.5055248 0.7573174 0.413419 0.08297693 0.1985312 0.9765757 0.2863985 0.4410952 0.8505357 0.05031311 0.1908411 0.9803307 0.1571907 0.5576559 0.8150528 0.3418378 0.4870461 0.8036996 0.1518338 0.5677317 0.8090904 0.09923416 0.1647619 0.9813287 -0.5549527 0.7509905 0.3578279 -0.07061809 0.08335775 0.9940144 0.56806 0.7408247 0.3584503 0.585276 0.5922795 0.5537662 0.2395154 0.2167358 0.9463921 0.06502759 0.08862543 0.9939402 -0.4127461 0.5594922 0.7187553 -0.5062032 0.6627467 0.551838 -0.5616135 0.6701269 0.4853044 -0.09029436 0.190561 0.9775139 -0.1171109 0.1722067 0.9780746 -0.1918996 0.2613767 0.9459688 -0.3146997 0.4164484 0.8529565 -0.1420139 0.1008884 0.9847099 -0.3923906 0.4541774 0.7998453 -0.3389658 0.7924962 0.507003 -0.3624857 0.7940069 0.4880136 -0.04871124 0.2015111 0.9782743 -0.2286604 0.5370471 0.8119698 -0.2455819 0.5434021 0.8027476 -0.07772487 0.1846283 0.9797302 -0.1567503 0.8395706 0.5201448 -0.172426 0.8447015 0.506704 -0.00613898 0.2076797 0.9781777 -0.03654789 0.1931854 0.9804814 -0.1156979 0.5725886 0.8116381 -0.108776 0.5678642 0.8159032 0.03153419 0.8524235 0.5219003 0.02974545 0.8535608 0.5201434 0.03733712 0.2071324 0.9776002 0.006360471 0.1959204 0.9805992 0.01891696 0.5790725 0.8150567 0.02006137 0.5778048 0.8159285 0.3746581 0.5903329 0.7149394 -0.3397145 -0.3650813 0.8667812 -0.9284506 -0.3709681 0.01903837 -0.1801062 -0.1356794 0.9742448 -0.1790969 -0.1386744 0.9740091 -0.1774228 -0.142711 0.9737324 -0.1740998 -0.148238 0.9735065 -0.1718754 -0.1511102 0.9734602 -0.170138 -0.1535925 0.9733769 0.6940937 0.6239826 0.3589982 -0.1671972 -0.1557338 0.9735462 0.5174857 0.6534724 0.5524332 -0.1640229 -0.1593149 0.9735068 -0.157721 -0.1627035 0.9739876 -0.1535971 -0.1649672 0.9742658 -0.1493601 -0.1655469 0.9748261 -0.05626589 -0.1760399 0.9827737 -0.3486122 -0.1465018 0.9257466 -0.3807941 -0.3141697 0.8696513 -0.3798136 -0.3200069 0.86795 -0.8333503 -0.5056534 0.2232534 -0.8376228 -0.4673429 0.2828049 -0.2104879 -0.12753 0.9692425 -0.2036431 -0.136205 0.9695245 -0.3145948 -0.180697 0.9318684 -0.2768225 -0.2327553 0.932306 -0.276797 -0.2291382 0.9332091 -0.1775407 -0.1468753 0.9730914 -0.8987777 -0.3230646 0.2963577 -0.8910872 -0.3537486 0.2842985 -0.00811249 -0.1561657 -0.9876976 -0.004255414 -0.1511626 -0.9884998 0.3840685 0.3517602 0.8536723 0.2580027 0.1988752 0.945454 0.07436716 0.07981771 0.9940316 -0.7429583 -0.4471144 0.4980982 -0.7338703 -0.4119952 0.5400876 -0.7848326 -0.2836534 0.5509797 -0.7816616 -0.3075279 0.5426158 -0.9730228 -0.2165037 0.07970392 -0.964877 -0.2620345 0.01871961 -0.5720455 -0.3231049 0.7539014 -0.5868334 -0.350861 0.7297418 -0.4307472 -0.2490524 0.8674272 -0.4160672 -0.2442434 0.8759186 -0.6094857 -0.237978 0.7562365 -0.4488549 -0.1674771 0.8777703 -0.6097611 -0.2216369 0.7609656 -0.9231241 -0.2461607 0.2953758 -0.9162043 -0.2075232 0.3427882 0.02374571 0.133451 0.990771 -0.7525767 0 0.6585046 -0.8080318 -0.2123152 0.5495517 -0.7927541 -0.1820085 0.5817337 -0.9937034 -0.07882124 0.07963001 -0.9891413 -0.03169691 0.1435097 -0.8096255 -0.1324094 0.5718167 -0.6215442 -0.08709847 0.7785221 -0.5142127 -0.1279648 0.8480628 -0.6294282 -0.1631296 0.7597427 -0.6124523 -0.1421372 0.7776241 -0.9368038 -0.07059216 0.3426595 -0.9196079 -0.03367459 0.3913914 -0.7886936 -0.03155696 0.6139762 -0.7032356 0.06489473 0.707989 -0.6005704 -0.02493172 0.7991832 -0.8113965 -0.05828619 0.5815827 -0.9237569 0.3239842 0.2042242 -0.9665598 0.1537989 0.2052028 -0.9833402 0.1116431 0.1434506 -0.8882729 0.1380074 0.4380928 -0.9139726 0.107363 0.3913149 -0.6293998 0.08910542 0.7719561 -0.755502 0.1151093 0.6449548 -0.7837182 0.09463417 0.613865 -0.8344314 0.487598 0.256851 -0.9189828 0.2987695 0.257308 -0.8006686 0.3560838 0.4818032 -0.8248155 0.2974948 0.480808 -0.7858473 0.5229586 0.3300883 -0.8557472 0.2757638 0.43778 -0.6960812 0.249318 0.6732842 -0.7269082 0.2366814 0.6446599 -0.6057326 0.4342013 0.6667513 -0.575434 0.3995308 0.7136182 -0.5029761 0.1816356 0.8449993 -0.5143607 0.2220432 0.8283296 -0.4616498 0.3311927 0.8229161 -0.4676061 0.1949856 0.8621631 -0.0473482 0.1051758 0.9933258 -0.2642564 0.1927907 0.9449869 -0.4335279 0.3014403 0.8492275 -0.6940674 0.6240196 0.3589847 -0.5174994 0.6534492 0.5524478 0.8344867 0.487599 0.2566697 0.9089732 0.327569 0.2578109 0.6838906 0.5020691 0.5293586 0.8006749 0.3559362 0.4819017 0.7550907 0.4471805 0.4794455 0.7858582 0.5229554 0.3300679 0.6057443 0.4341999 0.6667416 0.6586706 0.3347585 0.6738619 0.5754312 0.399541 0.7136148 0.5246517 0.1729795 0.8335579 0.3480653 0.2616122 0.9002275 -0.02352285 -0.1528989 -0.987962 0.9789019 0.1453878 0.1435745 0.8518237 -0.1189596 0.5101423 0.9193664 0.02626341 0.392525 0 -0.1512731 -0.9884921 0 -0.1521465 -0.988358 0.7887995 -0.02103906 0.6142906 0.9958969 -0.04220396 0.08005243 0.9871528 -0.07051318 0.1433784 0.9183164 -0.06456285 0.3905467 0.9387385 -0.04159301 0.3421112 -0.05201828 -0.1430503 -0.9883475 0.009604573 -0.1536738 -0.988075 0.7882968 -0.0543031 0.6128944 0.8133351 -0.03707915 0.5806129 0.9738577 -0.2263512 0.01914602 0.9638496 -0.2541959 0.07986497 0.7201366 0.01904463 0.6935709 0.629211 -0.02911716 0.7766889 0.6275436 -0.04319238 0.7773824 0.7890202 0.01717841 0.614127 0.9304427 -0.2177166 0.2947473 0.9090375 -0.2379794 0.3420771 0.7844645 -0.1961161 -0.5883484 -0.009366095 0.15337 0.9881244 -0.004988074 0.1539463 0.9880667 0.8139457 -0.1914045 0.5485042 0.7879301 -0.2048153 0.5807037 0.5914978 -0.1350755 0.7949119 0.9007301 -0.4339498 0.01931107 0.9126159 -0.4072247 -0.03606069 0.8169813 -0.5755383 -0.03601771 0.8836402 -0.3952616 0.2508953 0.8618206 -0.4125612 0.2950568 0.7546294 -0.359511 0.5488955 0.7804731 -0.3499503 0.5180702 0.7891805 -0.6078094 -0.08810138 0.6118613 -0.2750982 0.741584 0.6833713 -0.7250841 -0.08518648 0.04125463 0.1340776 0.9901118 0.7938268 -0.5706534 0.2102233 0.7714832 -0.5846248 0.2510534 0.3831619 -0.3001773 0.8735448 0.6352154 -0.2107007 0.7430389 0.4693712 -0.1688132 0.8667138 0.651569 -0.7472776 -0.1305153 0.7071935 -0.5099117 0.4897627 0.6825618 -0.5153049 0.5182376 0.5360662 -0.4030566 0.7417401 0.5577213 -0.4031331 0.7255555 0.6682733 -0.7228757 0.1756748 0.6466166 -0.7333446 0.2099828 0 0.1451843 0.9894046 0.003457129 0.1495229 0.9887523 0.4035422 -0.2952102 0.8660281 0.2360619 -0.1705223 0.9566593 0.3892201 -0.2905422 0.8741242 0.5991537 -0.6507994 0.4663422 0.5778043 -0.6528553 0.4898185 0.5115417 -0.8436719 -0.1629202 0.4944695 -0.8593206 -0.1306453 0.1515198 -0.1801388 0.9719012 0.1621757 -0.1686091 0.97225 0.1643128 -0.166005 0.9723393 0.1673958 -0.1611763 0.9726258 0.1701918 -0.1547006 0.9731919 0.1719585 -0.1500909 0.9736032 0.1730799 -0.147302 0.9738303 0.1731614 -0.1454006 0.9741016 0.174342 -0.1393635 0.9747732 0.1746881 -0.1326168 0.9756521 0.1746457 -0.1284039 0.9762231 0.1717957 -0.1063327 0.9793772 0.1692474 -0.1720864 0.9704338 0.2400183 -0.2743607 0.9311915 0.2214911 -0.2939292 0.9298105 0.457155 -0.5140573 0.7257785 0.4745038 -0.5165897 0.7127282 0.5107488 -0.8466794 0.14923 0.4924594 -0.8524844 0.1753692 0.001626014 0.1504072 0.9886229 -0.001668274 0.1568189 0.987626 0.2170223 -0.353389 0.9099548 0.3334455 -0.3723064 0.866142 0.2527194 -0.4441883 0.8595521 0.3437743 -0.3777195 0.8597368 0.2722597 -0.3009927 0.9139356 0.4605928 -0.7661549 0.448175 0.4437941 -0.7652018 0.4663832 0.3047729 -0.9383891 -0.1629098 0.3158511 -0.931683 -0.1794575 0.2775598 -0.4683181 0.8388318 0.3529431 -0.6059167 0.712949 0.3659826 -0.6101493 0.702691 0.3079714 -0.9395878 0.1494271 0.3190933 -0.9380432 0.1351093 9.65162e-4 -0.1523523 -0.9883258 -8.87788e-4 0.159358 0.9872205 -9.65141e-4 -0.1524922 -0.9883043 0.1426175 -0.7477365 0.6484985 0.3251035 -0.4307361 0.8418872 0.2898407 -0.8512963 0.4373638 0.2289083 -0.6730194 0.7033107 0.2794383 -0.8489674 0.4485182 0.1017856 -0.9785891 -0.1788945 0.1051099 -0.9774497 -0.1831502 0.1039742 -0.9853047 0.1355137 0.1073219 -0.9854992 0.1314283 0 -0.1650237 -0.9862897 -0.006100118 -0.1705656 -0.9853274 0.09474265 -0.8941463 0.4376372 0.07742702 -0.7078965 0.7020595 0.0980798 -0.8955759 0.4339635 -0.1074121 -0.978155 -0.1779767 -0.1031334 -0.9777015 -0.1829301 -0.1052563 -0.9856984 0.131605 -0.1089448 -0.9846872 0.1360972 -0.006796777 0.144396 0.9894967 -0.005500495 0.140264 0.990099 -0.1000414 -0.7528874 0.6505016 -0.08110463 -0.7354621 0.6726943 -0.09607994 -0.8957484 0.4340547 -0.09917414 -0.8935764 0.4378193 -0.3038311 -0.935917 -0.1781746 -0.3186201 -0.9340684 -0.1612376 -0.3085815 -0.941421 0.1360296 -0.3196667 -0.9354875 0.1505874 -0.009508967 -0.1608899 -0.9869266 -0.007534861 -0.1601162 -0.9870694 -0.2889049 -0.8455228 0.4490272 -0.2183695 -0.6363023 0.739888 -0.2812332 -0.8539595 0.437791 -0.5160201 -0.8468075 -0.1289976 -0.6757373 -0.7259106 -0.128191 -0.4898688 -0.8567557 -0.1612405 -0.4929537 -0.8569126 0.1506572 -0.5097659 -0.8419401 0.1768495 -0.4563421 -0.7573 0.467171 -0.4473264 -0.7735127 0.4489736 -0.663555 -0.7417431 -0.09752964 -0.7543055 -0.6514278 -0.08164113 -0.8726924 -0.4882359 0.005816996 -0.3574458 -0.615103 0.7027665 -0.3609113 -0.6009622 0.7131533 -0.2459705 -0.4624823 0.8518267 -0.6564534 -0.7333149 0.1769693 -0.6727539 -0.7078935 0.2151487 -0.7579423 -0.6123199 0.2249177 -0.7409927 -0.6357827 0.2161252 -0.5917391 -0.6571221 0.4669426 -0.5973954 -0.6322877 0.4932859 -0.6609326 -0.5639861 0.4950637 -0.6718614 -0.5453464 0.5011984 -0.001384735 0.1519377 0.9883891 -0.4709033 -0.5198255 0.7127634 -0.4701475 -0.4996989 0.7275043 -0.8581827 -0.5057983 0.08769619 0.8539613 -0.4256505 0.2992855 -0.5276682 -0.4299116 0.732627 -0.5216363 -0.4428831 0.7292121 -0.266358 -0.1880024 0.9453616 0.2527251 0.2653366 0.9304443 0.1113522 0.8931355 0.4357864 0.03942453 0.2740447 0.9609086 0.2527162 0.2653279 0.9304492 0.04839491 0.2712228 0.9612993 0.9933986 0.01383304 0.1138774 0.04840427 0.4679425 0.8824324 0.2527192 0.4532772 0.854794 0.0484395 0.4679145 0.8824453 0.9932922 0.009993851 0.1151995 0.2527238 0.4532933 0.8547842 0.04836082 0.7868095 0.6152985 0.04838782 0.6414173 0.7656648 0.2473402 0.8087159 0.5336679 0.9934251 0.04099571 0.1068927 0.2527331 0.6213567 0.7416481 0.04845857 0.6414973 0.7655933 0.2499769 0.8077566 0.5338923 0.2527078 0.6213328 0.7416768 0.9932092 0.03196936 0.1118645 0.9402199 0.02944582 0.3392926 0.9402087 0.02931088 0.3393353 0.9934198 0.06573003 0.09379148 0.9932038 0.05454784 0.1028138 0.9400289 0.09357905 0.3280071 0.9400162 0.09358298 0.3280427 0.8370238 0.04721337 0.5451259 0.9936239 0.1004474 0.05120402 0.8370134 0.04727858 0.5451361 0.9418234 0.2870321 0.1748754 0.9933987 0.08653509 0.07530516 0.9929373 0.09839403 0.06628805 0.9932135 0.07468771 0.08915513 0.9400237 0.1597995 0.3013629 0.9400275 0.1597737 0.3013648 0.8365737 0.1501831 0.5268679 0.8365799 0.1502371 0.5268424 0.6894663 0.06249672 0.7216165 0.6894825 0.06251966 0.7215991 0.8418316 0.4603281 0.2818117 0.9400351 0.2190391 0.2614495 0.9400048 0.219095 0.2615115 0.9385392 0.2897998 0.1875106 0.8365818 0.2566497 0.4840061 0.8365655 0.2567264 0.4839936 0.6888385 0.1987878 0.6971263 0.6888014 0.1987859 0.6971635 0.5055609 0.07443785 0.8595739 0.2952572 0.08246022 0.9518527 0.5056386 0.07448673 0.8595239 0.296412 0.08111608 0.9516092 0.2726244 0.1266484 0.9537485 0.2645307 0.1439192 0.9535779 0.6998125 0.6086322 0.3739375 0.8365709 0.3518177 0.4199683 0.8365741 0.3518685 0.4199194 0.8329231 0.466026 0.2984277 0.6888077 0.3396325 0.6404637 0.6888382 0.3396441 0.6404248 0.5049223 0.2367156 0.8300719 0.5049281 0.2367107 0.8300696 0.6888118 0.4655537 0.555696 0.5241944 0.72529 0.4462899 0.6888361 0.4655375 0.5556796 0.6834328 0.6155377 0.3924705 0.06104713 0.2716975 0.9604446 0.1510191 0.2709954 0.9506602 0.5049677 0.4044052 0.7625381 0.5049208 0.4043747 0.7625853 0.2652609 0.1731383 0.948504 0.1935295 0.1517234 0.9692918 0.1560484 0.1435742 0.9772592 0.1338886 0.1400925 0.9810444 0.1192367 0.139527 0.9830132 0.09200537 0.1398962 0.9858824 0.06926864 0.1546123 0.985544 0.04929274 0.1834342 0.9817954 0.2540426 0.1690478 0.9523053 0.3242067 0.8055703 0.4959299 0.5049617 0.5542914 0.6616456 0.4993429 0.7309091 0.4652188 0.5049417 0.554329 0.6616294 -0.3880535 0.8662474 0.3146902 -0.4682891 0.8301333 0.3026284 -0.5776706 0.7672255 0.2786784 -0.6298428 0.729757 0.2659941 0.09750968 -0.9352151 -0.340389 -0.734706 0.637607 0.2316558 -0.7660381 0.6039238 0.2201405 0.288614 -0.8997286 -0.3273997 0.1005529 -0.934908 -0.3403471 -0.855578 0.4865701 0.1767375 -0.8743062 0.4560135 0.1662546 0.4691097 -0.8299224 -0.3019353 0.2975727 -0.8970772 -0.3266543 -0.9589182 0.2663444 0.09765601 -0.9418469 0.315872 0.1146708 0.6298263 -0.7299553 -0.2654886 0.4825358 -0.8229876 -0.2997512 -0.9985687 0.05004113 0.01888269 0.7660581 -0.6040953 -0.2195999 -0.9900593 0.132333 0.04765236 0.6479804 -0.7156298 -0.2607594 -0.9981825 -0.0564481 -0.02110731 -0.9893722 -0.136774 -0.04935175 0.8742955 -0.4562292 -0.1657177 0.7872421 -0.5793415 -0.2112187 -0.9483731 -0.2981452 -0.1081573 -0.8743032 -0.4558946 -0.1665958 0.9589225 -0.2667374 -0.09653449 0.8946835 -0.4196242 -0.1531575 -0.9659497 -0.2429558 -0.08895897 0.9660112 -0.2428987 -0.08844625 -0.8448178 -0.5020672 -0.1849634 -0.7660491 -0.6041057 -0.2196023 0.9985673 -0.05034989 -0.01812374 0.9893745 0.1366793 0.04956674 0.9982019 -0.0563414 -0.02046465 -0.6298344 -0.7299472 -0.2654919 -0.6479727 -0.7156379 -0.2607563 0.9900245 0.1324254 0.04811757 0.9483695 0.2980182 0.1085388 -0.4683308 -0.8303157 -0.302063 0.941847 0.3158721 0.1146706 -0.4825292 -0.822993 -0.2997469 0.8743055 0.4560131 0.1662592 -0.2888016 -0.8996757 -0.3273797 -0.1464759 -0.9295492 -0.3383536 -0.2975644 -0.8970894 -0.3266285 0.8555651 0.4865936 0.1767348 -0.04879862 -0.9385786 -0.3415976 0.7660614 0.6038936 0.2201422 -0.1005261 -0.9347432 -0.3408073 0.7347132 0.6375979 0.2316579 0.6298355 0.7297645 0.2659909 0.5922908 0.7572326 0.2753006 0.4691172 0.8297648 0.3023566 0.4374619 0.8450803 0.307354 0.2886091 0.8996275 0.3276818 0.2508771 0.9097822 0.330692 0.09742754 0.9350994 0.3407302 0.03621971 0.9392492 0.3413199 -0.09752172 0.93506 0.3408114 -0.1801601 0.9245099 0.3358927 -0.2887099 0.8995149 0.3279018 -0.2898457 0.473912 -0.8315029 -0.09846746 0.3911494 -0.9150444 -0.09817969 0.3910675 -0.9151104 -0.08612084 0.4077394 -0.9090279 -0.2899946 0.4739729 -0.8314163 -0.2539985 0.5229177 -0.8136596 -0.2540039 0.5231299 -0.8135214 -0.8688868 0.4913465 0.06011939 -0.07078272 0.421877 -0.9038859 -0.6259285 0.7634852 0.1590722 -0.6258416 0.7634947 0.1593681 -0.5947612 0.8017815 -0.05835843 -0.5948118 0.8017673 -0.05803644 -0.7612996 0.6383337 0.1138114 -0.761221 0.6384392 0.1137455 -0.8688263 0.4914461 0.06018084 -0.5340896 0.8001552 -0.2729468 -0.5340397 0.8002002 -0.2729127 -0.8256157 0.5432818 -0.1523275 -0.7234498 0.6829051 -0.1012966 -0.8257052 0.5431849 -0.1521881 -0.7234437 0.6828819 -0.1014969 -0.4463591 0.7585273 -0.4747632 -0.4462766 0.7585244 -0.4748451 -0.7412649 0.5680953 -0.3574829 -0.6494025 0.6934121 -0.3121797 -0.6495078 0.6935118 -0.3117387 -0.7412612 0.567977 -0.3576788 -0.3362048 0.6788275 -0.652809 -0.3363142 0.6788675 -0.6527111 -0.6195648 0.5644921 -0.5454249 -0.5428882 0.6693562 -0.5071831 -0.542936 0.6693091 -0.5071942 -0.6196051 0.5645979 -0.5452694 -0.2090353 0.5648089 -0.7983078 -0.08611398 0.4078454 -0.908981 -0.07079541 0.4219292 -0.9038605 -0.208737 0.5647241 -0.7984458 -0.4668145 0.5327141 -0.7059037 -0.4088146 0.611602 -0.6773579 -0.4666597 0.5326568 -0.7060493 -0.4089878 0.6115785 -0.6772745 0.1885866 0.6125872 -0.7675755 -0.08066689 0.5984563 -0.797084 0.2396672 0.9685359 -0.06706678 -0.07960975 0.6198006 -0.7807109 -0.02452695 0.119147 -0.9925737 0.2415845 0.9683818 -0.06224012 -0.01287311 0.07860058 -0.9968231 -0.05162 0.3523785 -0.9344329 0.01855957 0.1577069 -0.9873116 -0.05111843 0.3842774 -0.9218015 0.1449124 0.4544662 -0.8788975 -0.2983369 0.9336819 0.1980739 0.107553 0.3990696 -0.910591 -0.2974588 0.9328081 0.2034392 0.2243322 0.9142947 -0.3372539 0.2290499 0.9168513 -0.326986 -0.4712371 0.8619702 0.186931 0.1996694 0.7980626 -0.5685316 -0.4591173 0.8879534 -0.02738881 -0.3001301 0.9514602 -0.0681582 0.1914921 0.7903046 -0.582022 0.1061381 0.9942145 0.01650041 -0.2988803 0.9528841 -0.05179381 0.1630303 0.9649353 0.2057212 -0.4511108 0.8903758 -0.06107342 0.4717569 0.8600405 0.1943599 -0.4239761 0.8709402 -0.2484099 -0.2805378 0.9115759 -0.300546 -0.2801733 0.8991264 -0.3362658 0.1439622 0.6073278 -0.7812988 0.1560091 0.6220175 -0.7673041 0.09122544 0.4088686 -0.9080222 0.2547976 0.5339147 -0.8062341 -0.4019947 0.8623651 -0.3077769 0.4374894 0.6027054 -0.667345 0.6199125 0.606204 -0.4982221 0.7774169 0.544767 -0.3144075 -0.3676578 0.8096402 -0.4575045 0.1668446 0.9833784 -0.0716241 -0.2387604 0.7785351 -0.5804108 0.1682202 0.9834218 -0.06770259 -0.2442277 0.8115101 -0.5308524 -0.3260027 0.7787155 -0.5360267 0.08498656 0.3780201 -0.9218884 0.03019934 0.1246769 -0.9917377 -0.2931925 0.7068508 -0.6437392 0.02921229 0.1546375 -0.9875394 0.1013256 0.4007701 -0.9105584 -0.1793499 0.5991972 -0.7802541 -0.2282199 0.6446921 -0.7295806 0.1573651 0.9253032 -0.3450367 -0.1921891 0.6589938 -0.7271798 -0.008880257 0.2564309 -0.9665217 -0.06790763 0.2323553 -0.9702575 0.160533 0.9275862 -0.337362 -0.09066891 0.4093087 -0.9078797 -0.2042998 0.567668 -0.7975053 -0.01156723 0.1217776 -0.9924901 -0.1058799 0.3731143 -0.9217241 -0.1146629 0.4686791 -0.8758953 -0.1275886 0.463464 -0.8768821 0.1350557 0.7945464 -0.5919933 0.1404544 0.8010337 -0.5819087 0.1099271 0.6145123 -0.781211 0.1020959 0.6023055 -0.79171 0.01446795 0.09515857 -0.995357 0.07119101 0.3810104 -0.9218258 0.06068134 0.3623765 -0.9300544 0.06261849 0.9764119 0.2066372 0.06520301 0.9951383 -0.07381397 0.06553846 0.9952099 -0.07253962 -0.4705896 0.8606225 0.1946138 -0.1052054 0.9885355 0.1083021 -0.01415079 0.9782816 0.2067965 0.0622707 0.9347957 -0.3496848 0.06342071 0.936357 -0.3452728 -0.01418095 0.9971333 -0.07432419 -0.01388138 0.9971821 -0.07372456 0.05635446 0.8039748 -0.5919871 0.05437964 0.7994734 -0.5982351 -0.0128473 0.9364854 -0.3504715 0.4718971 0.8603053 0.1928421 -0.01266109 0.9365867 -0.3502071 0.4599006 0.8875451 -0.02747958 0.251796 0.6818212 -0.6868178 0.04496717 0.6094332 -0.7915612 0.4527113 0.8897735 -0.05792832 0.04210543 0.6008964 -0.7982172 0.04757672 0.9605272 -0.2740876 -0.010549 0.8005788 -0.5991345 -0.01021665 0.8009219 -0.5986816 0.1229823 0.8471834 -0.5168712 0.1004919 0.3559932 -0.9290696 0.009700596 0.09576791 -0.9953564 0.1474772 0.6740151 -0.7238468 0.0104475 0.08987188 -0.9958986 0.03009921 0.3663288 -0.9299986 0.05878478 0.2204773 -0.9736192 0.02638506 0.3536285 -0.9350138 -0.05759686 0.5277281 -0.8474584 0.3021038 0.9528651 0.02795195 0.3303629 0.9222699 0.2006954 -0.007008135 0.601712 -0.7986824 -0.007232129 0.6014261 -0.7988958 0.001420021 0.07899981 -0.9968736 -0.00302726 0.353869 -0.9352902 -0.002908706 0.3540157 -0.935235 -0.1173102 0.9716544 0.2052461 0.331887 0.9419103 -0.05153852 0.3293308 0.9421393 -0.06256973 0.3037008 0.8948285 -0.3271816 0.3120851 0.900714 -0.3021873 -0.1222238 0.9897711 -0.07358384 -0.1213153 0.9903282 -0.06732684 0.2554396 0.7818104 -0.568791 -0.1174396 0.9298141 -0.3487888 0.2723224 0.8004756 -0.5339282 0.2363957 0.9495301 0.2061787 -0.116006 0.9345608 -0.3363612 -0.1031584 0.7956762 -0.5968734 0.2152737 0.6483559 -0.7302683 -0.101786 0.8076223 -0.5808495 0.07073843 0.4218962 -0.9038803 0.825668 0.5432065 -0.1523128 0.8688707 0.4913631 0.06021666 0.8688308 0.4914386 0.06017738 0.7411838 0.5681024 -0.3576399 0.8256235 0.5432718 -0.1523209 0.7613297 0.6382971 0.1138159 0.6258121 0.7635205 0.1593606 0.6259466 0.7634454 0.1591916 0.7612459 0.6384057 0.1137673 0.6197355 0.5645186 -0.5452033 0.7413368 0.5679979 -0.3574888 0.594765 0.8017866 -0.05824762 0.7233703 0.6829771 -0.1013795 0.7234437 0.6828819 -0.1014969 0.5948118 0.8017673 -0.05803644 0.6195302 0.564626 -0.5453256 0.5340736 0.8001312 -0.2730487 0.5340135 0.8002223 -0.2728993 0.6496191 0.6933812 -0.3117975 0.6494061 0.6935101 -0.3119543 0.28986 0.4738633 -0.8315257 0.4667744 0.5327125 -0.7059314 0.4666548 0.5325912 -0.7061019 0.4463235 0.7585718 -0.4747254 0.5429278 0.6693738 -0.5071177 0.5428805 0.6693013 -0.5072638 0.4462766 0.7585244 -0.4748451 0.09843808 0.3911849 -0.9150325 0.09818482 0.3910878 -0.9151011 0.2900537 0.4739478 -0.8314099 0.3361824 0.6787528 -0.6528983 0.4089706 0.6115785 -0.6772849 0.336408 0.6788768 -0.652653 0.408881 0.6117014 -0.677228 0.209071 0.5648182 -0.7982918 0.08611595 0.4077979 -0.9090021 0.2540333 0.5230064 -0.8135917 0.2087104 0.564711 -0.7984619 0.07079458 0.4219531 -0.9038494 0.08615833 0.4077762 -0.9090079 0.2540022 0.52297 -0.8136249 -0.2539619 0.1224058 -0.9594375 -0.2540879 0.1223189 -0.9594151 -0.8688552 -0.4151146 -0.2697603 -0.07073247 0.2578148 -0.9636019 -0.8256707 -0.3181801 -0.4658641 -0.868841 -0.4151033 -0.2698233 -0.7412314 -0.2053656 -0.6390627 -0.825687 -0.3182795 -0.4657674 -0.7613036 -0.562103 -0.3231984 -0.6259911 -0.6871554 -0.3687176 -0.6259416 -0.6871227 -0.3688626 -0.761203 -0.5621386 -0.3233736 -0.6196787 -0.0819441 -0.7805661 -0.741217 -0.2053741 -0.6390765 -0.5947517 -0.5768455 -0.5599282 -0.723446 -0.457989 -0.5165966 -0.5948536 -0.5767623 -0.5599058 -0.7234233 -0.4579129 -0.5166957 -0.4665657 0.0457648 -0.8833017 -0.6196935 -0.08198648 -0.78055 -0.5340271 -0.437471 -0.7234875 -0.6494768 -0.3306918 -0.6847064 -0.6494534 -0.3306849 -0.684732 -0.5339782 -0.4374939 -0.7235098 -0.2899516 0.171535 -0.9415434 -0.4666984 0.04573738 -0.8832332 -0.4464622 -0.2760959 -0.851142 -0.5429818 -0.1868274 -0.8186981 -0.54291 -0.1868456 -0.8187415 -0.4464342 -0.2760283 -0.8511785 -0.09831148 0.2885497 -0.9524043 -0.09840559 0.288554 -0.9523933 -0.2899236 0.1713554 -0.9415847 -0.3361214 -0.1003112 -0.9364616 -0.4086427 -0.03306341 -0.9120954 -0.3360534 -0.1000959 -0.936509 -0.4089019 -0.03320962 -0.9119739 -0.2088117 0.08048325 -0.9746385 -0.08611798 0.2719097 -0.9584617 -0.208952 0.08061599 -0.9745975 -0.07102608 0.2577017 -0.9636105 -0.08628451 0.2719238 -0.9584428 0.6589153 0.1823368 -0.7297836 0.02007848 0.5450266 -0.8381784 -0.2392141 -0.698193 -0.6747616 0.009492576 0.5805882 -0.8141421 -0.2406476 -0.7003802 -0.6719795 0.04338085 0.3300434 -0.9429684 0.04305195 0.29587 -0.9542576 0 0.5881717 -0.8087362 0.7807201 0.39036 -0.48795 -0.1867014 0.02469158 -0.9821065 0 0.2928797 -0.9561493 0.471758 -0.7830061 -0.4053959 0.4718628 -0.7836421 -0.404043 -0.2142043 -0.02987867 -0.9763318 0.456794 -0.6640732 -0.5919004 -0.2253412 -0.4834223 -0.8458867 -0.2297353 -0.4906426 -0.8405305 0.2972477 -0.8445318 -0.4454322 0.4190661 -0.5102572 -0.7510136 -0.01748448 0.5167943 -0.855931 -0.1447155 0.2145819 -0.9659255 0.2994314 -0.6861867 -0.6629394 -0.1061308 0.2813832 -0.9537085 0.4556033 -0.6432952 -0.6153024 -0.202017 -0.2442979 -0.9484239 -0.4706435 -0.7842644 -0.4042575 0.2982658 -0.698372 -0.650626 0.360636 -0.3304865 -0.8721929 -0.1941855 -0.2311472 -0.953343 0.2791247 -0.4734202 -0.8354417 -0.1482345 0.03778308 -0.9882302 -0.1600108 0.0190736 -0.986931 0.4093571 -0.4605765 -0.7875888 0.2795732 -0.5056521 -0.8161831 -0.1542015 -0.8732303 -0.4622672 -0.7686065 -0.2258529 -0.598527 -0.0513401 -0.8816379 -0.4691255 -0.6120331 -0.1511112 -0.7762609 0.2372232 -0.2236078 -0.9453701 -0.4318304 -0.03649663 -0.9012162 -0.1537675 -0.8724184 -0.4639416 -0.2517237 0.1073825 -0.9618234 -0.08983314 0.269556 -0.9587855 0.2427235 -0.2799549 -0.9288222 0.3362222 -0.2471672 -0.9087702 0.2952584 -0.1260849 -0.9470614 -0.1573865 0.3135457 -0.9364393 -0.09066003 0.3041922 -0.9482868 -0.03671997 0.5433442 -0.8387066 0.1774945 0.04246973 -0.9832051 -0.03480035 0.5203787 -0.8532263 -0.1065621 0.2815505 -0.9536109 0.2299748 -0.02221888 -0.972943 0.1901828 -0.03627908 -0.9810782 -0.1601395 -0.7109138 -0.6848043 0.06534063 0.4463301 -0.8924798 -0.1591345 -0.7082185 -0.6878247 0.2070354 0.07932931 -0.9751119 0.0100668 0.5432902 -0.8394847 0.1039506 0.3060844 -0.9463122 -0.004256546 0.4208204 -0.907134 0.1168416 0.206694 -0.971404 0.1252632 0.2097026 -0.9697082 -0.1514807 -0.486499 -0.8604489 -0.1545822 -0.4947313 -0.8551874 -0.1317691 -0.2259267 -0.9651912 -0.1371607 -0.2401755 -0.9609904 -0.0388543 0.4540838 -0.8901115 -0.101478 0.05184608 -0.9934859 -0.1094865 0.0317294 -0.9934818 0.1025839 -0.8783186 -0.4669402 -0.05117255 -0.8819614 -0.4685356 0.371459 0.2650034 -0.8898267 -0.009338915 0.5669789 -0.8236793 -0.05322164 -0.7167612 -0.6952848 -0.05258262 -0.7151196 -0.6970216 -0.05096119 -0.4945569 -0.86765 -0.04997175 -0.4916542 -0.8693554 -0.0430485 -0.2281368 -0.9726769 -0.04445117 -0.2326998 -0.9715324 -0.03247559 0.05266696 -0.998084 -0.03434985 0.04673951 -0.9983164 -0.02157682 0.3229099 -0.9461838 -0.004283785 0.580566 -0.814202 -0.0191549 0.3302035 -0.9437155 0.1089756 0.2812376 -0.9534305 0.1023117 -0.8771539 -0.4691837 -0.4712632 -0.7804685 -0.4108285 0.2975917 -0.8464437 -0.4415567 -0.4590876 -0.6627461 -0.5916132 0.4533385 -0.7207663 -0.5243856 -0.4511737 -0.6428192 -0.6190524 -0.2483666 -0.0798062 -0.965373 0.1061009 -0.7122454 -0.6938654 -0.03142994 -0.5624195 -0.8262546 0.1053492 -0.71649 -0.6895968 -0.1111928 -0.3207688 -0.9406081 0.3087072 -0.6174145 -0.7235326 -0.097386 0.3243076 -0.9409254 0 -0.3938265 -0.9191849 -0.1398538 -0.05544173 -0.9886188 -0.06095451 0.4535261 -0.8891562 0.1664663 0.09714484 -0.9812502 0.101478 -0.4897801 -0.8659202 -0.302834 -0.7543743 -0.5824183 0.1002671 -0.5012394 -0.85948 -0.3271595 -0.8345617 -0.4432533 0 -0.3222638 -0.9466499 -0.3259482 -0.6801609 -0.6566118 0.1421946 -0.5429309 -0.8276514 -0.3285874 -0.6878294 -0.6472411 0.08746397 -0.2473234 -0.9649773 0.08866524 -0.2274169 -0.9697526 -0.3092514 -0.4959816 -0.8113974 -0.3006426 -0.4744803 -0.8273346 0 -0.2747212 -0.961524 0.108656 0 -0.9940794 -0.2343083 -0.8596595 -0.4539663 0.06878483 0.05266749 -0.9962403 0.06793093 0.02487629 -0.9973798 -0.2530179 -0.2331275 -0.9389534 -0.8 0 -0.6 -0.2701929 -0.2716613 -0.9236861 0.2538835 0.1223335 -0.9594675 0.625995 -0.6872061 -0.3686164 0.8688948 -0.4150877 -0.2696741 0.0707435 0.2578672 -0.9635871 0.09828054 0.2885781 -0.952399 0.6259272 -0.6871994 -0.3687441 0.5947915 -0.5768688 -0.5598621 0.5948536 -0.5767623 -0.5599058 0.8256464 -0.3182633 -0.4658504 0.7612211 -0.5621335 -0.3233396 0.8688188 -0.4151544 -0.2698164 0.7613078 -0.5621004 -0.3231933 0.5339923 -0.4373969 -0.723558 0.5339926 -0.4374443 -0.7235292 0.7234346 -0.4579092 -0.5166832 0.825672 -0.3181511 -0.4658816 0.7235027 -0.4578232 -0.5166642 0.4464723 -0.2760197 -0.8511614 0.4464342 -0.2760283 -0.8511785 0.7411679 -0.2053318 -0.6391472 0.649505 -0.3308289 -0.6846134 0.6494534 -0.3307914 -0.6846806 0.7412725 -0.2053906 -0.6390069 0.3360948 -0.1002663 -0.9364759 0.3360852 -0.1002854 -0.9364773 0.6198582 -0.08194947 -0.7804231 0.6196367 -0.08199822 -0.7805939 0.5428898 -0.1868464 -0.8187546 0.543056 -0.1867932 -0.8186565 0.2088383 0.08049172 -0.9746321 0.2089269 0.0806654 -0.9745988 0.07102817 0.2575933 -0.9636393 0.4666355 0.04581159 -0.8832625 0.2899972 0.171455 -0.9415439 0.4088657 -0.03311532 -0.9119936 0.4664843 0.04578429 -0.8833438 0.4087402 -0.03324162 -0.9120452 0.08621358 0.2717949 -0.9584857 0.254113 0.1224492 -0.959392 0.08628594 0.2719125 -0.9584458 0.2898948 0.1712804 -0.9416072 0.09829092 0.2886064 -0.9523893 -0.9225193 0.08765685 -0.3758649 -0.922799 0.08821737 -0.3750466 -0.6132524 0.3073774 -0.7276268 -0.622098 0.3069826 -0.720247 -0.7965826 0.1653659 -0.5814726 -0.7974066 0.1659142 -0.5801857 -0.3866397 0.3435907 -0.855836 -0.4004294 0.344232 -0.8492118 -0.6121379 0.2346911 -0.7551207 -0.6132117 0.2357403 -0.7539217 -0.1429273 0.3559882 -0.9234957 0.1184815 0.3475236 -0.9301557 0.09578245 0.346956 -0.9329776 -0.1610929 0.3584109 -0.91956 -0.387328 0.2893554 -0.8753574 -0.6570566 0.7519723 -0.05304902 -0.6370494 0.7167887 -0.2835173 -0.3853585 0.2878959 -0.8767069 -0.5632842 0.6575452 -0.5003453 -0.4412786 0.5804064 -0.6843987 -0.1416755 0.3200513 -0.9367472 -0.2802495 0.4934276 -0.8234012 -0.1444609 0.3220861 -0.9356237 -0.09224003 0.4044487 -0.9098973 0.1065741 0.3239805 -0.9400418 0.1188154 0.3345811 -0.9348468 -0.967227 -0.06966447 -0.2441697 -0.9820675 -0.08453255 -0.1685164 -0.919146 -1.03476e-4 -0.3939172 -0.929838 0.1421822 -0.33939 -0.9148451 0.00205028 -0.4037997 -0.7679252 0.5467499 -0.3336998 -0.8023869 0.08225286 -0.591109 -0.668609 0.02225255 -0.7432812 -0.8915577 -0.1769554 -0.4169074 -0.9414437 -0.2607719 -0.2137331 -0.7905445 0.08611124 -0.6063202 -0.6081464 0.1677913 -0.7758892 -0.5004104 0.1174719 -0.857782 -0.8835631 -0.1995667 -0.423662 -0.6064877 0.05353385 -0.7932887 -0.6310374 0.1628417 -0.7584685 -0.7695021 -0.1500109 -0.6207765 -0.4192977 0.2329059 -0.8774648 -0.3063459 0.2065297 -0.9292458 -0.4025974 0.1583568 -0.9015756 -0.3838658 0.2379307 -0.8922086 -0.1426359 0.2898148 -0.9463945 0.0585165 0.3241199 -0.9442045 -0.1810721 0.2499049 -0.9511891 -0.1895745 0.2864638 -0.9391486 0.05420553 0.3426634 -0.9378932 -0.09040421 0.2714773 -0.9581895 -0.9504993 0.3101794 -0.01843529 -0.9516469 0.3071215 -0.006686925 -0.5141769 0.4485354 -0.7310528 -0.8825548 -0.1812755 -0.4338623 -0.9611546 0.1445453 -0.2351355 -0.9801757 0.1854841 -0.06965208 -0.8013712 0.01600718 -0.5979533 -0.9148908 0.2695457 -0.3005332 -0.9141211 0.268808 -0.3035209 -0.6373213 0.1958352 -0.7452987 -0.7942806 0.3348261 -0.5069616 -0.7920024 0.3328657 -0.5117937 -0.4135949 0.3221302 -0.85157 -0.6182971 0.3805477 -0.6876716 -0.6134818 0.3770404 -0.6938881 0.0876007 0.3645737 -0.9270449 -0.1705157 0.3782591 -0.9098596 -0.3935726 0.395869 -0.8296917 -0.4015432 0.4015432 -0.8231198 0.09705626 0.3561396 -0.9293787 -0.1673722 0.3972244 -0.9023299 -0.1569148 0.3890091 -0.9077718 -0.9700939 0.1291549 -0.2055163 -0.9240718 0.1776325 -0.3384346 -0.9224578 0.178476 -0.3423711 -0.9903005 0.001865863 -0.1389296 -0.7971442 0.2500289 -0.5495879 -0.801684 0.2490711 -0.5433841 0.9225183 0.1743261 -0.3443404 0.9227743 0.1736825 -0.3439797 0.6220493 0.227872 -0.7490855 0.6132369 0.2323113 -0.754965 0.7966328 0.2470239 -0.551684 0.7973457 0.2458041 -0.5511988 0.4004867 0.2821667 -0.8717755 0.386752 0.2869232 -0.8764121 0.611996 0.3055199 -0.7294646 0.9519695 -0.2300641 -0.2020508 0.6134563 0.3037625 -0.7289717 0.1427989 0.320965 -0.9362639 -0.1184233 0.3315933 -0.9359604 -0.0959466 0.3340096 -0.9376736 0.1611984 0.3163999 -0.9348295 0.3853736 0.3430274 -0.8566327 0.6570785 -0.5418688 -0.5240478 0.636998 -0.3666953 -0.6780621 0.3873186 0.3408862 -0.8566103 0.5633839 -0.1822496 -0.8058436 0.4412739 -0.004540741 -0.8973611 -0.1190218 0.3445947 -0.9311759 0.2804596 0.1512238 -0.9478785 -0.1064612 0.3559353 -0.9284267 0.09191465 0.2750704 -0.9570204 0.1418604 0.3568477 -0.9233285 0.1446486 0.3546889 -0.9237275 0.9672803 0.2101976 -0.1420764 0.9820696 0.173056 -0.07477253 0.9191602 0.2532451 -0.3016813 0.9297901 0.109084 -0.3515552 0.9148529 0.2579761 -0.3106327 0.8024002 0.3169178 -0.505685 0.7680314 -0.204613 -0.6068454 0.668689 0.4607633 -0.5835686 0.7904929 0.3238188 -0.5198678 0.8915722 0.4035328 -0.2055736 0.9414676 0.3370802 0.003984153 0.6079737 0.370257 -0.7023374 0.6311417 0.3627768 -0.6856042 0.8835328 0.4252555 -0.1962847 0.5004321 0.4614133 -0.7325745 0.6064075 0.4687961 -0.6422618 0.3837872 0.3912215 -0.8364527 0.7695778 0.5138581 -0.3790779 0.3062723 0.4391559 -0.8445943 0.4025247 0.4581868 -0.7924891 0.4192761 0.3856322 -0.8218853 0.1894408 0.3842023 -0.9036045 0.1426296 0.3863196 -0.9112706 -0.05823767 0.3587229 -0.9316256 0.1811441 0.4200018 -0.8892612 -0.05399477 0.3404128 -0.9387245 0.09039473 0.4079936 -0.9084988 0.9501516 -0.2266602 -0.2140961 0.5141993 0.1263141 -0.8483183 0.8825648 0.4176479 -0.2159853 0.961127 0.04042649 -0.2731312 0.9801302 -0.09744745 -0.1727685 0.8015593 0.3720774 -0.4680396 0.9148275 -0.01298862 -0.4036361 0.9141331 -0.01075267 -0.4052717 0.6373218 0.3290721 -0.6968017 0.7945134 0.06930732 -0.6032786 0.7920525 0.07401937 -0.6059488 0.4136713 0.3004593 -0.8594186 0.6135431 0.1572381 -0.7738482 0.6182081 0.1504653 -0.7714784 -0.08753788 0.3166334 -0.9445002 0.1703876 0.2951868 -0.9401238 0.4012588 0.2214268 -0.8887978 0.3936703 0.2301185 -0.8899828 -0.09717327 0.3245711 -0.9408566 0.1672517 0.2757875 -0.946556 0.1570398 0.2855532 -0.9454088 0.9700788 0.03316342 -0.2405146 0.9240812 0.08143901 -0.373419 0.9224774 0.08338528 -0.3769381 0.9902964 0.08797395 -0.1075803 0.8016073 0.1585499 -0.5764439 0.7972738 0.1617218 -0.5815502 0 0.2346517 -0.9720796 0.001796841 0.2403165 -0.970693 0 0.2919398 -0.9564368 0.004800677 0.01247692 -0.9999107 0.00113219 0.05107724 -0.9986941 7.58525e-4 -0.05450928 -0.998513 -0.002655386 -0.2103683 -0.9776186 8.58708e-4 0.08932566 -0.9960021 -0.001468598 0.1914933 -0.9814928 -0.007321715 0.2346442 -0.9720538 -0.002778053 -0.008801996 -0.9999575 -0.004848837 0.01247668 -0.9999105 -0.004627168 -0.1599404 -0.9871159 0 -0.4225877 -0.9063221 0 -0.192759 -0.9812462 0.004370868 -0.210375 -0.977611 0 -0.613704 -0.7895363 0 -0.422599 -0.9063168 0 -0.7739958 -0.6331907 0 -0.6137193 -0.7895244 0 -0.8954913 -0.4450793 0 -0.7740105 -0.6331728 0 -0.8954845 -0.4450927 -5.0261e-5 0.3420308 -0.9396888 1.74563e-5 0.3420206 -0.9396926 0 0.3420114 -0.9396958 0.9937129 0.0383045 -0.1052024 0.993713 0.03829485 -0.1052047 0.9438868 0.1129639 -0.3103498 0.9438741 0.1129621 -0.3103891 0.8467303 0.1819756 -0.4999327 0.8467261 0.1819642 -0.499944 0.7070713 0.2418567 -0.6644965 0.7071241 0.2418353 -0.6644481 0.3302794 0.3222994 -0.887152 0.306697 0.3219226 -0.8957136 0.1120092 0.3351226 -0.9354929 0.1867459 0.3356362 -0.9232953 0.5320199 0.2895941 -0.7956697 0.5320469 0.2896044 -0.7956478 0.3447437 0.321052 -0.8820871 0.06350839 0.3413259 -0.937797 0.2133863 0.3340595 -0.9180798 0.3302878 0.324301 -0.8864192 0.09789645 0.3432247 -0.9341377 0.1119237 0.3398669 -0.93379 0 0.3420125 -0.9396955 0 0.3420336 -0.9396877 2.01043e-5 0.3420352 -0.9396872 0 0.9720696 0.2346932 0 0.9999222 0.01247721 0 0.9720839 0.2346336 0 0.9776206 -0.210376 0 0.9063165 -0.4225997 -0.004478335 0.7895109 -0.6137203 0 0.9063286 -0.4225738 0.007640063 0.74449 -0.6675899 0 0.7791049 -0.6268935 0.005819678 0.6331652 -0.7739948 0.001414179 0.6691389 -0.7431361 5.1943e-4 0.5779425 -0.8160774 0.007780671 0.445064 -0.895465 0.002329051 0.4830495 -0.87559 -0.0010221 0.6769204 -0.7360556 0.002394855 0.7895485 -0.6136836 0 0.3893421 -0.9210932 1.59532e-5 0.5956109 -0.8032732 -0.004507124 0.6331644 -0.7740042 -5.38586e-4 0.4435254 -0.8962617 0 0.4450852 -0.8954882 0 0.3420277 -0.9396899 0 0.3420318 -0.9396884 -2.01039e-5 0.3420183 -0.9396934 0 0.3420084 -0.9396969 -1.74559e-5 0.3420318 -0.9396884 5.02599e-5 0.3420183 -0.9396934 0.1209228 0.4184687 -0.9001453 0.07290905 -0.6228347 -0.7789488 0.9750561 -0.02397429 -0.2206602 0.9931741 -0.06797516 -0.09478747 0.1741977 -0.008526384 -0.9846739 0.1720835 0.2084687 -0.9627711 0.3469451 0.3145678 -0.8835589 0.2148467 0.2908388 -0.9323378 0.1714513 -0.4307585 -0.8860315 0.1748616 -0.2250486 -0.9585284 0.2295874 -0.1174093 -0.9661805 0.2193133 -0.5131232 -0.829823 0.5503082 0.2835655 -0.7853354 0.4360181 0.2628896 -0.8606842 0.3799843 -0.6887215 -0.6174744 0.2099647 -0.6885367 -0.6941412 0.2111648 -0.5101048 -0.8337882 0.4419119 -0.1105507 -0.8902205 0.4447557 -0.1080473 -0.8891109 0.7169741 0.239396 -0.6547043 0.6300896 0.2241013 -0.7434821 0.5656929 -0.6382176 -0.5221781 0.3512315 -0.6550765 -0.6689628 0.4332014 -0.4674479 -0.7706031 0.3808342 -0.50431 -0.7750076 0.6352308 -0.09793496 -0.7660878 0.6380727 -0.09487843 -0.7641083 0.7751371 0.1752603 -0.6069978 0.7082051 -0.5150583 -0.4828671 0.7182549 -0.3938857 -0.5735539 0.5658832 -0.4585337 -0.6852176 0.6274107 -0.4044309 -0.665426 0.5607584 -0.4441172 -0.6987919 0.8396729 -0.3187769 -0.4396939 0.7734544 -0.326795 -0.5431145 0.7800117 -0.07934063 -0.6207149 0.7778993 -0.08258122 -0.6229392 0.8401948 0.1103731 -0.5309337 0.9335409 0.1407463 -0.3296847 0.966243 -0.03372144 -0.2554163 0.8715528 0.1958007 -0.4495086 0.9371539 -0.2314592 -0.2610923 0.879828 -0.2400572 -0.4102136 0.9658901 -0.03530263 -0.2565352 0.8824318 -0.06182849 -0.4663599 0.8813773 -0.06445819 -0.467995 0.1242129 -0.778682 -0.6150005 0.09943944 -0.8727702 0.4778953 0.9932662 -0.1089568 0.03937715 0.1594015 -0.9673967 -0.1968117 0.1560173 -0.895952 -0.4158468 0.2174481 -0.8362109 -0.5034558 0.1536006 -0.9530822 0.2608476 0.1562693 -0.9871697 0.03279995 0.2858142 -0.884137 0.3696107 0.2274935 -0.9701284 -0.08424705 0.2158246 -0.9085264 0.3577702 0.3546746 -0.8153547 -0.4576055 0.4071874 -0.7679413 -0.4944336 0.4807225 -0.8063561 0.3445227 0.424292 -0.9020394 -0.07938075 0.4141084 -0.8527048 0.3184476 0.4232021 -0.9026339 -0.07843512 0.558512 -0.7308187 -0.3923881 0.6212349 -0.6440985 -0.4463233 0.6706085 -0.6791021 0.2985041 0.6316569 -0.7236743 0.2780379 0.6425421 -0.7631658 -0.06868636 0.6411378 -0.7644674 -0.06732136 0.7219051 -0.6156077 -0.3160384 0.7723739 -0.5110571 -0.3771728 0.8296115 -0.5010927 0.2462742 0.7895696 -0.6111862 -0.05505853 0.7906445 -0.6096694 -0.05643337 0.7840054 -0.5814103 0.2174803 0.8464216 -0.4796041 -0.2314096 0.9362306 -0.2776833 -0.2153239 0.9719638 -0.2350447 -0.006361663 0.8783675 -0.3740829 -0.2975445 0.9721879 -0.2314956 -0.03550189 0.9393517 -0.2974662 0.1706817 0.8908964 -0.4522694 -0.04190534 0.8892091 -0.4328294 0.1482098 0.9691905 -0.2451994 -0.02338773 0.891484 -0.45101 -0.04297131 0.1238178 0.8703346 0.4766412 0.09976404 0.7808709 -0.616675 0.9932759 0.09906983 -0.05990135 0.1590822 0.9867206 0.0327925 0.1563163 0.9526872 0.2606766 0.2174294 0.9087986 0.3561034 0.1532766 0.8963291 -0.4160536 0.1565536 0.9678577 -0.1968311 0.2873203 0.8090801 -0.5126758 0.2274864 0.9705209 -0.07961887 0.2157179 0.8357647 -0.504939 0.3524521 0.8824341 0.3115889 0.4085746 0.8393137 0.3586354 0.4825685 0.7345948 -0.4769677 0.422784 0.9030655 -0.07567375 0.4128622 0.7871254 -0.4582341 0.424614 0.9023465 -0.07398432 0.5557472 0.7902262 0.2582394 0.6226993 0.7094995 0.3299335 0.6720681 0.6149567 -0.4124957 0.6303126 0.6659078 -0.3990899 0.6407938 0.7648807 -0.06588584 0.6425994 0.7635322 -0.0639128 0.7196803 0.6649548 0.1997385 0.773383 0.5677009 0.2821251 0.8301579 0.4476754 -0.3323022 0.7906205 0.6100525 -0.0524916 0.789367 0.6115114 -0.05434834 0.7831023 0.5346143 -0.3177083 0.8451036 0.5164522 0.1381204 0.9360924 0.3132575 0.1600028 0.9717909 0.2325929 -0.03902608 0.8788492 0.4204703 0.2254527 0.9720708 0.2344838 -0.00979489 0.9394572 0.2602807 -0.222877 0.8913899 0.4514639 -0.04005485 0.888755 0.3988679 -0.2258739 0.9694463 0.2442764 -0.02242857 0.8908011 0.452486 -0.04159116 0.4260631 -0.6081438 -0.6697996 0.4671973 -0.6669041 -0.5804874 0.544059 -0.3526318 -0.761348 0.4980742 -0.391025 -0.7739648 0.8552808 0.04254668 -0.5164152 0.8422737 0.02134656 -0.5386273 0.1265925 0.6104984 -0.7818351 0.6168917 -0.5149288 -0.5952252 0.656432 -0.5962814 -0.4621099 0.7434505 -0.2923631 -0.6015024 0.6911859 -0.3452941 -0.6348497 0.9084157 0.2270355 -0.3510496 0.9083927 0.2269988 -0.3511332 0.7590598 -0.4160715 -0.5007123 0.8515924 -0.2325089 -0.4698193 0.8121222 -0.2859934 -0.5085915 0.7846627 -0.5015527 -0.3643478 0.924398 0.03466159 -0.3798512 0.9164245 0.01318925 -0.3999903 0.9642348 0.1201251 -0.2362652 0.9899641 0.09362649 -0.1058549 0.9943875 -0.05705332 -0.08909779 0.9669461 0.1407265 -0.2126294 0.8661573 -0.3079081 -0.3936553 0.8781642 -0.4007835 -0.261152 0.8983024 -0.2257248 -0.3769631 0.08533912 -0.7191145 -0.6896315 0.9234567 -0.1699652 -0.3440053 0.9971995 0.01762515 -0.07268112 0.9729667 0.02775335 -0.229272 0.9698292 0.002270281 -0.2437748 0.9894013 -0.1449283 -0.008993744 0.9478798 -0.1657615 -0.2721158 0.9478425 -0.2888052 -0.1348559 0.9955483 -0.07735401 -0.05385357 0.9622943 -0.1598302 -0.2200998 0.9740353 -0.09040182 -0.2075636 0.2249947 0.167909 -0.9597834 0.2164072 0.3963866 -0.892214 0.3556317 0.4953587 -0.7925565 0.2491362 0.4673418 -0.8482469 0.5550835 0.4434365 -0.7037374 0.5135579 0.4285476 -0.7433744 0.2319957 -0.3027693 -0.9243965 0.2356165 -0.06959283 -0.9693512 0.2817364 0.04230892 -0.9585586 0.7090263 0.370213 -0.6001867 0.7107301 0.3710998 -0.5976182 0.5537033 0.05223643 -0.8310741 0.5378348 0.03604102 -0.8422795 0.2024662 -0.5213782 -0.8289586 0.242904 -0.6773924 -0.6943611 0.196076 -0.6419073 -0.741289 0.2720903 -0.3959961 -0.8770142 0.8250486 0.2991328 -0.4793897 0.8275651 0.3011721 -0.4737421 0.7333111 0.0293405 -0.67926 0.7506904 0.05076521 -0.658701 0.1117663 -0.6720263 -0.7320443 0.3280703 -0.9341914 -0.1402016 0.08206498 -0.9919108 0.09684282 0.1259257 -0.9840297 0.1258108 0.7227339 -0.08474427 -0.6859112 0.09522366 -0.9372618 0.3353699 0.7045099 -0.07477432 -0.705744 0.8449127 -0.4285441 -0.3201135 0.5296008 -0.2825415 -0.7998083 0.8448963 -0.4285705 -0.3201214 0.5295753 -0.2825365 -0.799827 0.7044363 -0.6550429 -0.2732918 0.3284056 -0.5064947 -0.7972534 0.7043936 -0.6550858 -0.273299 0.3284328 -0.5064869 -0.7972471 0.5291346 -0.8391413 -0.1259311 0.529105 -0.8391599 -0.1259313 0.990469 -0.110361 -0.0824123 0.3296961 -0.6384283 -0.6954925 0.9904741 -0.1103134 -0.0824145 0.9344655 -0.2852541 -0.2130829 0.3297008 -0.6384459 -0.6954741 0.9344492 -0.2853072 -0.2130834 0.3280636 -0.8894264 0.3182687 0.904082 -0.04894089 -0.4245477 0.3280442 -0.9401923 0.09179055 0.862304 -0.06454986 -0.5022602 0.3280559 -0.9401876 0.09179633 0.8448354 -0.05408036 -0.5322864 0.3280447 -0.8894353 0.3182634 0.7048195 -0.2362815 -0.6688801 0.8448677 -0.4937375 -0.2059661 0.8449009 -0.4936791 -0.2059698 0.704826 -0.2362842 -0.6688724 0.1527376 -0.8414731 -0.5182609 0.05926477 -0.7997775 -0.597364 0.7044161 -0.7019281 -0.1053327 0.704393 -0.7019513 -0.1053324 0.5291391 -0.7989338 0.2858613 0.5291667 -0.7989051 0.2858903 0.529573 -0.4548618 -0.7159982 0.5291133 -0.8445367 0.08244413 0.529142 -0.8445177 0.08245468 0.5295962 -0.4548761 -0.7159718 0.9904748 -0.1270743 -0.05302679 0.9904704 -0.1271095 -0.05302661 0.9344651 -0.3286004 -0.1371018 0.5312684 -0.572939 -0.6240952 0.5312491 -0.5729481 -0.6241034 0.9344447 -0.3286581 -0.137102 0.8449125 -0.5289802 -0.07938951 0.9291167 -0.1207798 -0.3495062 0.8449058 -0.5289929 -0.07937854 0.9233301 -0.1278873 -0.3620862 0.8451878 -0.1780443 -0.5039423 0.8451839 -0.1780362 -0.5039517 0.7043743 -0.6683393 0.2391225 0.7044099 -0.6682962 0.2391378 0.1112385 -0.9323146 0.3441157 0.7044041 -0.7064404 0.06896966 0.704387 -0.7064579 0.06896573 0.9904733 -0.1361799 -0.02043896 0.9904642 -0.1371192 0.01338297 0.9904695 -0.1362075 -0.0204395 0.3280481 -0.7568382 -0.5653147 0.3280832 -0.7568343 -0.5652993 0.9344651 -0.3521118 -0.05284321 0.9344489 -0.3521546 -0.05284494 0.8449122 -0.503633 0.1802145 0.7048231 -0.3804188 -0.5987538 0.8449238 -0.5323547 0.05198377 0.8448949 -0.5324013 0.05197679 0.7048086 -0.3804333 -0.5987616 0.8449115 -0.5036355 0.1802108 0.1466524 -0.9372124 -0.3164273 0.9427782 -0.3164021 0.1051626 0.9904741 -0.1370472 0.01338326 0.9344468 -0.3352876 0.1199641 0.06403446 -0.921006 -0.3842494 0.9344737 -0.3543465 0.03460431 0.9344404 -0.3544348 0.03460049 0.9902635 -0.1275409 0.05578172 0.7063738 -0.4786586 -0.5214616 0.7064091 -0.4786564 -0.5214157 0.5291368 -0.6798195 -0.5077989 0.5291188 -0.6798349 -0.5077971 0.9383179 -0.1854109 -0.2918602 0.8451939 -0.2865902 -0.4511244 0.8451772 -0.2866229 -0.4511351 0.3280501 -0.871829 -0.3637269 0.3280724 -0.871816 -0.3637382 0.9936203 -0.1061816 0.03800266 0.1149266 -0.1144607 -0.9867576 0.11123 -0.1122584 -0.9874341 0.1377137 -0.9855995 -0.09812551 0.338701 -0.110426 -0.9343917 0.07167255 -0.9863845 -0.1480165 0.8462476 -0.360298 -0.3924925 0.3283292 -0.1045391 -0.9387606 0.8462314 -0.3603238 -0.3925037 0.1112586 -0.3310284 -0.9370388 0.9852423 -0.09335243 -0.1434678 0.1112421 -0.5329378 -0.8388103 0.1112417 -0.3310334 -0.9370391 0.9347333 -0.1939448 -0.2977569 0.7044022 -0.568681 -0.4247583 0.7044176 -0.568671 -0.4247462 0.544968 -0.1003397 -0.8324313 0.5293688 -0.09182882 -0.8434075 0.5291074 -0.7831375 -0.3267126 0.5291456 -0.7831021 -0.3267356 0.3283996 -0.3146395 -0.8905929 0.3284018 -0.31463 -0.8905954 0.9905735 -0.0926451 -0.1009023 0.9351245 -0.2395882 -0.2610361 0.9351267 -0.2395786 -0.2610371 0.1112933 -0.5329445 -0.8387992 0.328069 -0.9341926 -0.1401967 0.1560627 -0.7032831 -0.6935685 0.8590509 -0.4875806 -0.1558746 0.5917798 -0.6961803 -0.4063615 0.6015647 -0.6908467 -0.4010623 0.9458953 -0.3232268 -0.02840173 0.9458736 -0.3232902 -0.02840119 0.7472192 -0.6330238 -0.202347 0.7472232 -0.6330141 -0.2023628 0.9943405 -0.1050949 0.0155608 0.9937666 -0.1042537 0.03948706 0.9935157 -0.1126741 0.01520276 0.4035161 -0.789141 -0.4630674 0.2286224 -0.839652 -0.4926626 0.1565815 -0.8559411 -0.4927953 0.4150599 -0.7857434 -0.4586203 0.8590362 -0.5099504 -0.04480767 0.8590151 -0.5099859 -0.04480528 0.6013258 -0.7610596 -0.2433018 0.6013438 -0.7610491 -0.2432897 0.9432767 -0.3109594 0.1163336 0.9459009 -0.3043683 0.1123904 0.9459044 -0.321531 0.04339063 0.9458828 -0.3215947 0.0433892 0.9936398 -0.105383 0.03967958 0.7472428 -0.6620005 -0.05816864 0.7472155 -0.6620313 -0.05816906 0.08038181 -0.859438 -0.5048815 0.1564351 -0.9407842 -0.3007543 0.1564347 -0.9407897 -0.3007373 0.4149497 -0.8666408 -0.2770389 0.4149702 -0.8666338 -0.2770298 0.8454034 -0.4996011 0.1889234 0.8590375 -0.5073156 0.06845062 0.8590635 -0.4799914 0.1778151 0.8590233 -0.5073398 0.06844997 0.601327 -0.7959361 -0.06993961 0.6013 -0.795957 -0.06993573 0.7472278 -0.6586001 0.08886325 0.7051056 -0.6631982 0.2509869 0.7472146 -0.658615 0.08886349 0.7473438 -0.6236433 0.2292299 0.4149774 -0.9063399 -0.07963621 0.156437 -0.9838964 -0.08646023 0.1564236 -0.9838996 -0.08644837 0.4149818 -0.9063378 -0.07963627 0.601327 -0.7918279 0.1068392 0.6015245 -0.75007 0.2748879 0.5299409 -0.7933391 0.2996264 0.1112561 -0.9315153 0.3462678 0.6013397 -0.7918171 0.1068465 0.9939516 -0.09573006 -0.05381512 0.1564278 -0.9788199 0.1320682 0.4149839 -0.9016585 0.121657 0.415156 -0.8543103 0.3127292 0.3286373 -0.883764 0.3331045 0.9949216 -0.08869129 -0.04759097 0.1564297 -0.9788193 0.1320705 0.4149618 -0.9016687 0.1216564 0.1565486 -0.9282817 0.3373213 0.9433893 -0.2880316 -0.1644826 0.9460752 -0.2821251 -0.1592085 0.9947559 -0.0983141 -0.02819734 0.9929916 -0.112573 -0.03598952 0.8525823 -0.4527475 -0.2610043 0.8593241 -0.444092 -0.2536623 0.9458991 -0.3090522 -0.09880161 0.9458835 -0.3090993 -0.09880405 0.7381333 -0.5834465 -0.3387472 0.7475121 -0.5755044 -0.3316932 0.9945646 -0.1038942 -0.006886065 0.99325 -0.1155487 -0.01015436 0.8590249 -0.487624 -0.1558823 0.09850728 0.7036756 -0.7036598 0.2842264 0.6805589 -0.6753185 0.1242267 0.6972262 -0.7060052 0.4783121 0.6264979 -0.6154007 0.3481582 0.6569631 -0.6687193 0.6677121 0.5318562 -0.5208545 0.5456649 0.5878524 -0.5972265 0.6999357 0.5029504 -0.5070808 0.8272649 0.4029753 -0.3914635 0.8175354 0.4091876 -0.4052178 0.9390153 0.2524729 -0.2334693 0.904484 0.297998 -0.3051326 0.9627987 0.1880639 -0.194038 0.9933087 0.09157991 -0.07036274 0.9894694 0.1066425 -0.09786581 0.9988631 0.03374034 -0.03367561 0.47476 -0.8800224 -0.01279097 0.4748308 -0.8799843 -0.01278007 0.4815468 -0.7774193 0.4046381 0.2826747 -0.8508712 0.4428467 0.2832139 -0.9349043 0.2138782 0.2831963 -0.9349098 0.2138772 0.9909796 -0.1180278 -0.0634734 0.9909788 -0.1180346 -0.06347405 0.9315299 -0.3203002 -0.1722204 0.9315407 -0.3202684 -0.1722216 0.8252102 -0.5467078 -0.1419116 0.8251861 -0.5467468 -0.1419003 0.664476 -0.7472307 -0.01086336 0.6644946 -0.7472143 -0.01085573 0.6709908 -0.6584048 0.3409903 0.474164 -0.7817786 0.4049579 0.4748017 -0.8579263 0.1962798 0.4747846 -0.8579401 0.1962606 0.9909763 -0.1297392 -0.03367006 0.9909763 -0.1297399 -0.03366947 0.9315417 -0.3519716 -0.09135752 0.9315412 -0.3519734 -0.09135597 0.8252249 -0.5647448 -0.008201599 0.8251702 -0.5648247 -0.008207976 0.8295465 -0.496591 0.2554411 0.6639585 -0.6649327 0.3420872 0.6645302 -0.7284377 0.1666676 0.6644573 -0.7285091 0.1666463 0.9909769 -0.134019 -0.001946508 0.9909808 -0.1339898 -0.001946926 0.9315292 -0.3636283 -0.005281984 0.9315431 -0.3635927 -0.005280435 0.997824 0.05896282 0.029509 0.8249673 -0.5034043 0.2569302 0.8252053 -0.5506083 0.1259645 0.825171 -0.5506592 0.1259655 0.9396735 -0.3065048 0.1518839 0.9909775 -0.1306543 0.02988827 0.9314184 -0.3241785 0.1654328 0.9909137 -0.1185365 0.06355595 0.9909746 -0.1306756 0.02988815 0.9315407 -0.3544797 0.08109283 0.9315487 -0.3544586 0.08109456 0.09944474 -0.874975 0.4738457 0.9932979 -0.1033416 0.05176568 0.123853 0.8751835 0.4676691 0.09614551 0.875244 0.4740296 0.3552235 0.8258622 0.4379132 0.2830426 0.8420825 0.4591124 0.09614992 0.9636403 0.249304 0.09619486 0.9636336 0.2493127 0.4744653 0.7719013 0.4231445 0.5601804 0.7325659 0.3867107 0.2831201 0.9285135 0.24022 0.2831554 0.9285044 0.2402139 0.0961557 0.9953169 0.009918808 0.09618169 0.9953144 0.009918093 0.7244901 0.6102346 0.3205119 0.6641981 0.6557527 0.3589279 0.4747186 0.8520861 0.220435 0.4747142 0.8520851 0.2204483 0.2831198 0.959037 0.009558737 0.2831457 0.9590294 0.009551882 0.09619206 0.9684115 -0.2300571 0.09614473 0.9684199 -0.2300418 0.8492801 0.4671018 0.2460478 0.8250233 0.4960714 0.2706469 0.664411 0.7235456 0.1871894 0.6644074 0.723547 0.1871969 0.4746825 0.8801136 0.008771836 0.4747274 0.8800892 0.008765399 0.2831589 0.9331042 -0.2216701 0.2831129 0.9331225 -0.2216518 0.936028 0.3115792 0.1636161 0.9804374 0.1742793 0.09148377 0.9888909 0.1284834 0.07474488 0.9316308 0.3206335 0.1710504 0.09615874 0.8845167 -0.4564908 0.09619647 0.8845282 -0.4564607 0.8251401 0.5469229 0.1414892 0.8251271 0.5469408 0.1414958 0.6643895 0.7473495 0.007444918 0.6644049 0.7473357 0.0074445 0.4747214 0.8563041 -0.2034277 0.4747089 0.8563153 -0.2034102 0.2831216 0.8522847 -0.4398331 0.2830953 0.8522822 -0.4398546 0.9315086 0.3521276 0.09109389 0.9900031 0.1374936 0.03145331 0.9315127 0.352117 0.09109252 0.9919732 0.1224181 0.03167086 0.09613329 0.7485538 -0.6560684 0.09615468 0.7485826 -0.6560323 0.8251421 0.5648973 0.005628526 0.825148 0.5648885 0.005632817 0.6643787 0.727163 -0.1727283 0.6643939 0.7271476 -0.1727343 0.4747517 0.7821105 -0.4036263 0.4747321 0.7821125 -0.4036453 0.2831463 0.721267 -0.6321409 0.2831123 0.7212777 -0.632144 0.990135 0.140102 -0.002035379 0.9315049 0.3637108 0.003625988 0.9315129 0.3636904 0.003626883 0.9918714 0.1272385 0.001268565 0.09615331 0.5685885 -0.8169834 0.09614324 0.5685606 -0.8170039 0.825133 0.5496442 -0.1305633 0.8251566 0.5496071 -0.1305705 0.6643997 0.6641473 -0.3427556 0.664376 0.664182 -0.3427344 0.4747476 0.6618897 -0.5801006 0.474733 0.6619137 -0.5800853 0.2831563 0.5478317 -0.7872122 0.2831156 0.5478591 -0.7872076 0.9902658 0.1347286 -0.03495794 0.9315237 0.3538322 -0.08406162 0.9315117 0.3538644 -0.08406043 0.991764 0.1246115 -0.02960205 0.09614229 0.3550899 -0.9298752 0.09616374 0.3551123 -0.9298644 0.8251509 0.5019963 -0.2590863 0.8251262 0.502043 -0.2590751 0.6644069 0.5620498 -0.492609 0.6643814 0.5621032 -0.4925823 0.474739 0.5027273 -0.7224183 0.4747045 0.5027667 -0.7224135 0.2831646 0.3421599 -0.8959602 0.283133 0.3421517 -0.8959733 0.9315101 0.3232157 -0.1667948 0.990411 0.1216735 -0.06543403 0.9916492 0.1146054 -0.05913883 0.9315243 0.3231742 -0.166796 0.09613084 0.1207369 -0.988019 0.09611797 0.1207296 -0.9880212 0.8251215 0.4249004 -0.372336 0.8251383 0.4248495 -0.3723574 0.6644228 0.4268869 -0.6134411 0.6643828 0.4269355 -0.6134506 0.4747297 0.3139922 -0.8222169 0.4747105 0.3139964 -0.8222264 0.283178 0.1163228 -0.951987 0.2831387 0.1163436 -0.9519962 0.9915313 0.09766405 -0.0856018 0.9905492 0.1019501 -0.09175258 0.9315205 0.2735059 -0.2397167 0.9315091 0.27355 -0.2397106 0.09616458 -0.1188746 -0.9882415 0.1053578 -0.1206158 -0.9870925 0.8251181 0.3227416 -0.4637005 0.8251413 0.3226752 -0.4637054 0.6643997 0.2666244 -0.6982009 0.664378 0.266632 -0.6982187 0.4747347 0.1067517 -0.8736311 0.4747076 0.1067691 -0.8736437 0.2832074 -0.1145389 -0.9521946 0.2832349 -0.1145303 -0.9521874 0.9315122 0.2077582 -0.2985321 0.9906909 0.07670599 -0.1124625 0.9315128 0.2077607 -0.298529 0.9914036 0.07472813 -0.1073988 0.08713495 -0.3501378 -0.9326366 0.1143031 -0.3544064 -0.9280793 0.8251282 0.2015496 -0.5277701 0.8251386 0.2015374 -0.5277585 0.664387 0.09065645 -0.7418702 0.6644123 0.09065896 -0.7418473 0.4747864 -0.1051087 -0.8738021 0.4747844 -0.1051065 -0.8738034 0.2831646 -0.3370971 -0.8978772 0.2832171 -0.3370926 -0.8978623 0.9908336 0.0474714 -0.1264722 0.9912683 0.04703956 -0.1231843 0.9315115 0.1297614 -0.339777 0.9315207 0.1297395 -0.3397603 0.1229289 -0.5668758 -0.8145799 0.07826977 -0.5617241 -0.823614 0.8251304 0.0685243 -0.5607714 0.8251274 0.0685473 -0.5607727 0.6645016 -0.08924877 -0.7419382 0.6645012 -0.08924669 -0.7419388 0.4747784 -0.3093049 -0.8239635 0.4748328 -0.3093316 -0.8239223 0.2832085 -0.5403931 -0.7923183 0.2832082 -0.5403842 -0.7923245 0.9909786 0.01600325 -0.1330613 0.9911243 0.0161274 -0.1319562 0.9315194 0.04411727 -0.3610059 0.931515 0.04411375 -0.3610178 0.1311905 -0.7455433 -0.6534175 0.06976425 -0.7415022 -0.6673137 0.8251934 -0.06746029 -0.5608076 0.8251995 -0.06745803 -0.560799 0.6644904 -0.2626472 -0.6996206 0.6644823 -0.2626721 -0.699619 0.4748245 -0.4958803 -0.7270793 0.4747827 -0.4959044 -0.7270903 0.283217 -0.7128675 -0.6415669 0.2831948 -0.7128903 -0.6415514 0.9315367 -0.04342901 -0.3610447 0.9909782 -0.01601088 -0.1330641 0.9315412 -0.04342746 -0.3610335 0.9909786 -0.01599955 -0.1330623 0.06151849 -0.8790802 -0.4726876 0.1392214 -0.8799858 -0.4541393 0.8251972 -0.1985194 -0.5288096 0.8251993 -0.1985211 -0.5288057 0.664474 -0.4210864 -0.6173821 0.6644804 -0.4210637 -0.6173908 0.4747956 -0.6541892 -0.5887323 0.4747924 -0.6541739 -0.5887519 0.2831796 -0.8446895 -0.4542127 0.2831836 -0.8446792 -0.4542292 0.9315397 -0.1278084 -0.3404394 0.9909779 -0.04711145 -0.125473 0.9315457 -0.1277906 -0.3404296 0.9909784 -0.04708999 -0.1254769 0.05357748 -0.9665446 -0.2508409 0.1468546 -0.9623723 -0.2286342 0.8252003 -0.3182602 -0.4666424 0.8251957 -0.3182721 -0.466642 0.6644939 -0.5554546 -0.4999181 0.6644788 -0.5554859 -0.4999033 0.4748116 -0.7751137 -0.4168366 0.4748021 -0.7751423 -0.4167944 0.2831959 -0.9283015 -0.2409492 0.283186 -0.9283052 -0.2409465 0.9315371 -0.2049065 -0.3004198 0.9909779 -0.07551991 -0.1107235 0.990979 -0.07550609 -0.110722 0.931545 -0.204886 -0.3004092 0.0458163 -0.9988445 -0.01451385 0.1542088 -0.9879893 0.009848415 0.8251948 -0.4198579 -0.377853 0.8251945 -0.4198445 -0.3778687 0.6644921 -0.658173 -0.353919 0.6644737 -0.6581885 -0.3539246 0.4748227 -0.8518533 -0.2211098 0.4747913 -0.8518726 -0.2211027 0.2831952 -0.9589611 -0.01393479 0.2832249 -0.9589524 -0.01393038 0.990978 -0.09962141 -0.08965688 0.9909775 -0.09962719 -0.08965599 0.9315463 -0.2702754 -0.2432547 0.9315438 -0.2702818 -0.2432573 0.2866417 -0.8494904 0.4429476 0.02098739 -0.8864881 0.4622753 0.03842061 -0.9740983 0.2228372 0.1612906 -0.9554507 0.2471829 0.8251975 -0.4974883 -0.2674972 0.825209 -0.4974568 -0.2675201 0.6644667 -0.7233521 -0.1877387 0.6644961 -0.7233229 -0.1877474 0.9977731 -0.04716908 -0.04715925 0.9800854 -0.1422029 -0.1386032 0.9931485 -0.07490825 -0.08969253 0.8468877 -0.3776966 -0.3743346 0.9345931 -0.2497071 -0.2533422 0.9365254 -0.2449457 -0.2508422 0.7210083 -0.4914608 -0.4884808 0.8369568 -0.3856246 -0.388326 0.7143227 -0.4947785 -0.4949114 0.556384 -0.5888426 -0.5862604 0.5615413 -0.5853508 -0.5848383 0.3523298 -0.6646261 -0.65889 0.3774108 -0.6535454 -0.6560788 0.1227886 -0.7071809 -0.6962889 0.2096909 -0.6899183 -0.6928511 0.07206517 -0.7052528 -0.7052838 0.3284978 0.2011922 -0.9228277 0.8414645 -0.0321806 -0.5393534 0.1117214 -0.05924087 -0.9919723 0.9324861 0.01837778 -0.3607382 0.9324843 0.01837533 -0.3607427 0.9907948 0.006869018 -0.135198 0.3298689 0.04794639 -0.9428085 0.3298379 0.04800355 -0.9428164 0.5309317 -0.3408592 -0.7758394 0.7175121 0.2849983 -0.6355725 0.8442899 0.2211169 -0.4881414 0.5309209 -0.3409075 -0.7758255 0.7067239 -0.2036888 -0.6775339 0.7067105 -0.2037324 -0.6775349 0.7049641 0.2988287 -0.6432163 0.5297269 0.1806807 -0.8287001 0.3280782 -0.5427798 -0.7731461 0.5296987 0.1806523 -0.8287243 0.3281099 -0.5427871 -0.7731274 0.1533692 -0.2226989 -0.9627478 0.8413511 -0.09759926 -0.531604 0.8413401 -0.09762895 -0.5316159 0.1117141 -0.179441 -0.9774053 0.9893679 -0.01804709 -0.1443108 0.3298193 -0.05627995 -0.942365 0.9324644 -0.02153885 -0.3606196 0.9324543 -0.02152878 -0.3606462 0.9907915 -0.008058428 -0.1351568 0.3298279 -0.05629187 -0.9423613 0.1274408 -0.7708804 -0.6241013 0.9334807 0.1459199 -0.3275994 0.0790593 -0.7528284 -0.6534518 0.8407675 0.2201691 -0.4946066 0.09327906 -0.8872518 -0.451756 0.7060744 -0.2848524 -0.6483195 0.1118702 -0.2861219 -0.9516404 0.70607 -0.2848557 -0.6483228 0.5314578 0.04304432 -0.8459905 0.9977882 0.02363955 -0.06212842 0.8416177 -0.1554979 -0.5172044 0.5315078 0.04307341 -0.8459575 0.841592 -0.1555267 -0.5172373 0.7049376 0.1510766 -0.6929927 0.9324121 -0.06525146 -0.3554576 0.9907824 -0.0244736 -0.1332345 0.9323958 -0.06527626 -0.3554956 0.7049343 0.15108 -0.6929953 0.5292103 -0.487538 -0.6944373 0.3296706 -0.1704623 -0.9285795 0.3296622 -0.1704623 -0.9285826 0.5292001 -0.4875546 -0.6944335 0.9894539 -0.05213099 -0.1351423 0.9325358 -0.1039183 -0.3458006 0.1112906 -0.8906789 -0.4408012 0.9325394 -0.1039773 -0.3457734 0.9907996 -0.03900903 -0.1295939 0.5314067 -0.05048829 -0.845611 0.3280791 -0.8418012 -0.4286431 0.5292276 -0.7560908 -0.3850257 0.5314018 -0.05048692 -0.8456141 0.3280839 -0.8417901 -0.4286611 0.9798986 0.08041292 -0.1825727 0.3280855 -0.7133771 -0.6192359 0.3280894 -0.7133931 -0.6192153 0.9864056 0.07741159 -0.1449532 0.9321731 0.145673 -0.3314102 0.148469 -0.4286043 -0.8912101 0.841144 -0.2175609 -0.4951202 0.8411396 -0.2175564 -0.4951297 0.1116829 -0.3997451 -0.9097972 0.7044601 -0.4078139 -0.580882 0.3299819 -0.2717931 -0.9040136 0.7044276 -0.4078228 -0.580915 0.3299629 -0.2717907 -0.9040212 0.9907686 -0.05452644 -0.1241152 0.9323027 -0.1455095 -0.3311173 0.9323067 -0.1454779 -0.3311201 0.7065981 0.0359795 -0.7066999 0.704461 -0.6324586 -0.3220727 0.7066093 0.03595691 -0.7066898 0.5291862 -0.7561217 -0.3850223 0.529208 -0.6407861 -0.5561764 0.8403484 0.1154648 -0.5296059 0.5291902 -0.6407765 -0.5562044 0.8400284 -0.3117619 -0.4440236 0.8403428 0.1154665 -0.5296148 0.8400261 -0.3117292 -0.4440507 0.5312312 -0.1529764 -0.8333017 0.7044609 -0.5360085 -0.4652203 0.7044621 -0.6324639 -0.32206 0.5312429 -0.1529665 -0.8332961 0.9936207 -0.1004945 -0.05117565 0.1209385 0.4133465 -0.9025068 0.7044215 -0.5360209 -0.4652656 0.7065074 -0.04217565 -0.7064478 0.9317511 -0.2086071 -0.2971918 0.1112782 0.4193417 -0.9009827 0.7065338 -0.04218178 -0.7064211 0.9906834 -0.07826381 -0.1114507 0.9906842 -0.07824939 -0.1114542 0.9317452 -0.2086512 -0.2971795 0.3294532 -0.3798168 -0.8644072 0.8400298 -0.4097152 -0.3556451 0.3482314 0.386763 -0.8539023 0.8447515 -0.4752477 -0.2460377 0.8400373 -0.4097043 -0.3556402 0.8400133 -0.4834942 -0.2461932 0.328392 0.4008018 -0.8552876 0.3294155 -0.3798053 -0.8644266 0.8415169 0.02747303 -0.5395318 0.9906833 -0.1028522 -0.08926457 0.9317597 -0.2741818 -0.2380092 0.1112754 0.2117062 -0.9709781 0.942792 -0.2937049 -0.1577368 0.990684 -0.1028459 -0.0892632 0.8414927 0.02747195 -0.5395697 0.9316224 -0.3252295 -0.1621896 0.9904971 -0.1263987 -0.05421113 0.5316078 -0.2438293 -0.8111354 0.1113227 0.2116919 -0.9709757 0.9317447 -0.27423 -0.2380122 0.5316694 -0.2438978 -0.8110744 0.1545964 -0.006242334 -0.987958 0.9916562 0.02747792 -0.1259488 0.9319167 0.07723665 -0.3543528 0.9893869 0.01730692 -0.1442706 0.111823 0.05049109 -0.9924446 0.9319186 0.07724881 -0.3543452 0.5514252 0.3418619 -0.7609605 0.1398239 -0.6142914 -0.7765922 0.5295777 0.3604221 -0.7678825 0.06851887 -0.5732704 -0.8164963 0.7063562 -0.1278263 -0.6962194 0.7063374 -0.1278117 -0.6962411 0.3284456 0.2012035 -0.9228439 0.8414515 -0.03221845 -0.5393714 0.9937159 -0.1051788 -0.03829008 0.9438808 -0.3103663 -0.1129679 0.9937121 -0.1052147 -0.03829127 0.8467411 -0.4999175 -0.1819669 0.9438697 -0.3103995 -0.1129697 0.707093 -0.6644769 -0.241847 0.8467324 -0.4999384 -0.18195 0.5320385 -0.7956596 -0.2895876 0.707105 -0.6644626 -0.2418513 0.3302823 -0.8869582 -0.3228296 0.5320472 -0.7956492 -0.2896 0.1119582 -0.9337877 -0.3398619 0.3302732 -0.8869638 -0.3228235 0.1119472 -0.933783 -0.339878 0.7799025 0.007831335 -0.6258521 0.8409888 -0.4566574 -0.2901758 0.9413737 -0.2847623 -0.1809037 0.9744955 -0.1377158 -0.177181 0.9747369 -0.172854 -0.1414552 0.9746174 -0.1392055 -0.1753365 0.9936353 0.02639877 -0.1095083 0.971724 -0.07091844 -0.2252181 0.779919 -0.1316328 -0.6118818 0.7799075 -0.1316766 -0.611887 0.3284354 0.2216296 -0.9181561 0.4338718 0.1112067 -0.8940852 0.1112717 0.2332056 -0.9660403 0.7798128 -0.2662819 -0.5665565 0.7797895 -0.2662636 -0.5665971 0.1112876 0.01239717 -0.993711 0.4316609 0.01124536 -0.9019659 0.1112949 0.01238036 -0.9937104 0.4316459 0.01124674 -0.9019731 0.5230169 -0.719371 -0.45712 0.6986458 -0.6038779 -0.3837001 0.7797346 -0.3893507 -0.4903265 0.7797582 -0.3893386 -0.4902986 0.780185 -0.4867506 -0.3929192 0.1112516 -0.41997 -0.9006932 0.1112738 -0.2090668 -0.9715499 0.4316545 -0.1897124 -0.8818637 0.1112971 -0.2090181 -0.9715577 0.4316844 -0.189791 -0.8818323 0.9936345 -0.1008758 -0.05014592 0.1079273 -0.6101106 -0.7849312 0.4315564 -0.3836831 -0.816423 0.1147832 -0.4225433 -0.8990451 0.4315498 -0.3836903 -0.8164231 0.1032615 -0.7698519 -0.6298137 0.3233298 -0.7986719 -0.5075246 0.4314902 -0.5610043 -0.7064633 0.230018 -0.821375 -0.5219531 0.4294257 -0.7328695 -0.5277273 0.4314938 -0.5609978 -0.7064664 0.1197011 -0.6174007 -0.7774883 0.1112512 0.2331827 -0.9660481 0.1112551 -0.8899246 -0.4423308 0.9746177 0.002820611 -0.2238585 0.8452118 0.1253855 -0.5195147 0.9432196 0.07796937 -0.3228897 0.9476376 -0.206241 -0.2438192 0.9746196 -0.04700714 -0.218877 0.9746209 0.002754032 -0.223845 0.9746288 -0.09447813 -0.2029106 0.974621 -0.04709595 -0.2188513 0.5296134 0.199061 -0.8245511 0.7048717 0.1664689 -0.6895246 0.7801103 0.01139491 -0.6255382 0.9745869 -0.09530836 -0.2027235 0.7799203 0.007770121 -0.6258307 0.7799201 0.6258308 0.007787644 0.8409869 0.2901498 -0.4566774 0.9413833 0.1809297 -0.2847142 0.9744935 0.177202 -0.1377027 0.9747368 0.1414089 -0.1728917 0.9746131 0.1753348 -0.1392381 0.9936267 0.1095722 0.0264585 0.9717101 0.2252652 -0.07095938 0.77989 0.6119171 -0.1316404 0.7799293 0.6118657 -0.1316464 0.1112785 0.9660413 0.2331982 0.1112606 0.9660471 0.2331824 0.3284392 0.9181548 0.221629 0.4338758 0.8940821 0.1112157 0.7797876 0.5665841 -0.2662971 0.7798019 0.5665743 -0.2662755 0.1112838 0.9937116 0.0123834 0.4316617 0.9019656 0.01124477 0.4316617 0.9019658 0.0112285 0.1112856 0.9937111 0.0124095 0.5229691 0.457171 -0.7193734 0.6986615 0.3837177 -0.6038486 0.7797331 0.4903367 -0.3893411 0.7797725 0.4902701 -0.3893457 0.7801712 0.3929498 -0.4867477 0.1112803 0.9006903 -0.4199687 0.1112768 0.9715505 -0.2090627 0.4316779 0.8818408 -0.1897665 0.1112822 0.971553 -0.2090481 0.9936414 0.04999595 -0.1008827 0.4316518 0.8818618 -0.1897276 0.1079052 0.7849309 -0.6101147 0.431535 0.8164275 -0.3836975 0.1148064 0.8990586 -0.4225081 0.4315509 0.8164231 -0.3836892 0.1032556 0.6297972 -0.7698661 0.3233429 0.5075129 -0.7986739 0.4315077 0.7064404 -0.5610197 0.4294401 0.5277132 -0.7328711 0.4314975 0.7064719 -0.560988 0.2300173 0.5219414 -0.8213826 0.1197142 0.7775 -0.6173834 0.1112512 0.4423156 -0.8899327 0.9746128 0.2238801 0.002791106 0.8452733 0.5194153 0.1253837 0.9432086 0.322926 0.07795077 0.9476668 0.2437985 -0.2061309 0.9746137 0.2188826 -0.0471028 0.9746265 0.2238202 0.002790093 0.9746238 0.2028802 -0.09459513 0.9746251 0.2188348 -0.04708915 0.5296322 0.8245408 0.1990532 0.7048513 0.6895401 0.1664906 0.780081 0.6255746 0.0114085 0.9745854 0.2027393 -0.09528928 0.7798913 0.6258665 0.007806658 0.1119634 0.9337835 0.3398716 0.3302775 0.88696 0.3228292 0.1119672 0.9337844 0.339868 0.5320451 0.7956532 0.289593 0.3302785 0.8869583 0.3228332 0.7070772 0.6644917 0.2418528 0.5320488 0.7956523 0.2895885 0.8467202 0.4999576 0.1819546 0.7070987 0.6644665 0.241859 0.9438709 0.3103964 0.1129682 0.8467532 0.4999 0.1819588 0.9438757 0.3103816 0.1129682 0.9937146 0.1051909 0.03828936 0.9937126 0.1052113 0.03829008 0 0.4215835 -0.9067896 0 0.2116277 -0.9773504 0 0.4215841 -0.9067893 0 -0.00866276 -0.9999625 0 0.2116228 -0.9773515 0 -0.2285671 -0.9735282 0 -0.008662939 -0.9999625 0 -0.4372095 -0.8993598 0 -0.6244969 -0.7810273 0 -0.4372289 -0.8993503 0 -0.6244862 -0.7810359 0 -0.7071028 -0.7071108 0 -0.7071023 -0.7071114 0 -0.784767 -0.6197908 0 -0.9070615 -0.4209981 0 -0.9799306 -0.1993386 0 -0.9070699 -0.42098 0 -0.9994474 0.03324282 0 -0.9799264 -0.1993599 0 -0.9645313 0.2639687 0 -0.9994488 0.03319752 0 -0.8771044 0.4803001 0 -0.9645369 0.2639484 0 -0.8771142 0.480282 0 -0.8793281 0.4762164 0 0.8793262 0.4762198 0 0.9681261 0.2504631 0 0.9681253 0.2504667 0 0.9999504 0.00996834 0 0.972924 -0.2311255 0 0.972923 -0.2311297 0 0.8886443 -0.4585973 0 0.8886447 -0.4585964 0 0.7520607 -0.6590939 0 0.7520576 -0.6590974 0 0.5712115 -0.8208031 0 0.5712094 -0.8208045 0 0.356757 -0.9341973 0 0.356756 -0.9341976 0 0.121297 -0.9926162 0 -0.1212965 -0.9926163 0 -0.121297 -0.9926162 0 -0.356757 -0.9341973 0 -0.356756 -0.9341976 0 -0.5712115 -0.8208031 0 -0.7520586 -0.6590964 0 -0.7520576 -0.6590974 0 -0.8886443 -0.4585973 0 -0.8886465 -0.4585929 0 -0.972923 -0.2311297 0 -0.972924 -0.2311255 0 -0.9999504 0.00996834 0 -0.9999504 0.009963989 0 -0.9681253 0.2504667 0 -0.9681251 0.2504672 0 -0.8793245 0.4762232 0 0.8770948 0.4803175 0 0.9645429 0.2639266 0 0.8770856 0.4803344 0 0.9994481 0.03322017 0 0.9645426 0.2639273 0 0.9799395 -0.1992951 0 0.9994488 0.03319752 0 0.9070529 -0.4210168 0 0.9799352 -0.1993163 0 0.784767 -0.6197908 0 0.9070526 -0.4210173 0 0.7071055 -0.7071081 0 0.7071075 -0.7071062 0 0.6154532 -0.7881736 0 0.4060246 -0.9138622 0 0.4060166 -0.9138658 0 0.1723225 -0.9850406 0 -0.07160258 -0.9974333 0 -0.311257 -0.9503258 0 -0.3112634 -0.9503237 0 -0.5323988 -0.8464938 0 -0.5324075 -0.8464883 0 -0.7217351 -0.6921694 0 -0.8622168 -0.5065395 0 -0.9525133 -0.3044971 0 -0.996162 -0.08752858 0 -0.9525142 -0.3044944 0 -0.9910197 0.1337166 0 -0.9961618 -0.08753156 0 -0.9373392 0.3484183 0 -0.9910197 0.1337162 0 -0.9373375 0.3484231 0 -0.1129649 -0.9935991 0 -0.3330999 -0.9428917 0 -0.5362623 -0.8440515 0 -0.333098 -0.9428923 0 -0.7120268 -0.7021524 0 -0.5362607 -0.8440524 0 -0.8514585 -0.5244222 0 -0.7120261 -0.7021531 0 -0.9474589 -0.3198777 0 -0.8514689 -0.5244052 0 -0.9950806 -0.09906858 0 -0.9474591 -0.3198772 0 -0.9950807 -0.09906888 0 -0.991925 0.1268267 0 -0.9381455 0.3462415 0 -0.9381494 0.3462308 1 2.75379e-6 0 1 0 0 1 -9.30116e-6 0 1 -9.10059e-6 0 1 4.42282e-4 0 1 -5.82081e-6 0 1 -1.78945e-5 0 1 2.1918e-5 0 1 7.71734e-6 0 1 5.7414e-6 0 1 1.68492e-5 0 1 -1.15209e-5 0 1 3.79933e-6 0 1 -1.30716e-6 0 1 8.73788e-7 0 0.9999998 6.88705e-4 0 1 -3.54799e-4 0 1 2.21779e-4 0 1 4.32387e-6 0 1 -2.9446e-5 0 -0.3283746 -0.93692 0.1197971 -0.7048065 -0.6040364 -0.3720054 -0.3283821 -0.9369187 0.1197859 -0.1112734 -0.9889015 -0.09844857 -0.7048217 -0.6040204 -0.3720023 -0.5296038 -0.6039782 -0.5955923 -0.52961 -0.603986 -0.595579 -0.1112624 -0.9889022 -0.09845459 -0.3287778 -0.5154042 -0.7913683 -0.7048081 -0.6655155 0.2456313 -0.7048425 -0.6654874 0.2456089 -0.3287327 -0.5154604 -0.7913504 -0.09448325 -0.3500818 -0.9319419 -0.1238635 -0.3305276 -0.9356331 -0.5296496 -0.8413652 0.1075929 -0.09800386 -0.1231598 -0.9875358 -0.5295794 -0.8414108 0.1075807 -0.989287 -0.1347336 -0.0561971 -0.9913331 -0.1244668 -0.04203206 -0.9346163 -0.3369668 -0.1137799 -0.3284065 -0.9398894 -0.09357935 -0.9345998 -0.3370123 -0.1137807 -0.3283742 -0.9399024 -0.0935617 -0.8451832 -0.4550905 -0.2802822 -0.1112489 -0.9415742 -0.3179025 -0.8451764 -0.455102 -0.2802838 -0.7048233 -0.5051049 -0.4980896 -0.7048298 -0.505091 -0.4980944 -0.1112847 -0.9415711 -0.3178987 -0.8451808 -0.5014188 0.1850644 -0.53005 -0.4628254 -0.7105207 -0.8451764 -0.5014224 0.185074 -0.5300871 -0.4627546 -0.7105393 -0.7048186 -0.7036594 0.08996814 -0.3383857 -0.1180235 -0.9335768 -0.7048386 -0.7036387 0.08997368 -0.3282848 -0.3321681 -0.8842476 -0.3282881 -0.3321956 -0.8842359 -0.3280422 -0.1126064 -0.9379277 -0.9891573 -0.1176753 -0.0878663 -0.9914667 -0.1109955 -0.06836611 -0.5296455 -0.8440458 -0.08403819 -0.9346085 -0.3028486 -0.1865203 -0.9346206 -0.3028072 -0.1865268 -0.529586 -0.8440848 -0.08402091 -0.9936104 -0.1062717 0.03801131 -0.8451752 -0.3805748 -0.3752892 -0.3283756 -0.8949171 -0.3021469 -0.8451661 -0.3805915 -0.3752928 -0.328369 -0.8949218 -0.3021402 -0.7052421 -0.3869464 -0.5940591 -0.7052455 -0.3869294 -0.594066 -0.1112769 -0.8461707 -0.5211647 -0.1112624 -0.84619 -0.5211365 -0.544581 -0.1070014 -0.8318547 -0.5289995 -0.0992456 -0.8427988 -0.5294917 -0.298316 -0.7941324 -0.5294464 -0.2983322 -0.7941564 -0.9429056 -0.3152157 0.1075561 -0.9346002 -0.3337014 0.1231498 -0.9852296 -0.09341877 -0.1435124 -0.989551 -0.1315123 0.05910575 -0.9915392 -0.09242105 -0.09115034 -0.9346081 -0.2532577 -0.2497367 -0.934606 -0.2532594 -0.2497426 -0.9342231 -0.1186993 -0.3363596 -0.8454879 -0.2914213 -0.4474639 -0.8451709 -0.5301796 0.06779199 -0.9347121 -0.1939151 -0.2978426 -0.8451952 -0.5301415 0.06778824 -0.8454628 -0.2914739 -0.4474769 -0.9347561 -0.1939129 -0.2977061 -0.7223715 -0.09010428 -0.6856097 -0.7047008 -0.2495098 -0.664185 -0.7048352 -0.7058807 -0.07028436 -0.7046864 -0.2495113 -0.6641997 -0.7047958 -0.7059211 -0.07027339 -0.1149383 -0.1122162 -0.9870141 -0.7041645 -0.08113515 -0.7053862 -0.9149649 -0.04777169 -0.4006961 -0.8620782 -0.06830036 -0.5021516 -0.8445914 -0.05904626 -0.5321457 -0.9151313 -0.1417745 -0.3774052 -0.5296119 -0.8036624 -0.2713636 -0.8450973 -0.1880128 -0.5004618 -0.8451089 -0.1879858 -0.5004521 -0.5296134 -0.8036671 -0.2713465 -0.3283773 -0.8042528 -0.495324 -0.3283503 -0.8042682 -0.4953169 -0.1112752 -0.7076104 -0.6977861 -0.1112664 -0.7076035 -0.6977944 -0.9346027 -0.3528213 0.04511016 -0.9897598 -0.1420687 0.01386862 -0.9908585 -0.1338153 0.01711618 -0.934604 -0.3528177 0.04511088 -0.8451709 -0.531867 -0.0529499 -0.8451766 -0.5318572 -0.05295819 -0.7048033 -0.6721281 -0.2269276 -0.7048245 -0.6721031 -0.2269357 -0.529591 -0.7222774 -0.4448022 -0.1112323 -0.9323162 0.3441135 -0.5296296 -0.722221 -0.4448476 -0.1112683 -0.9323207 0.3440895 -0.1112641 -0.9857668 0.1260329 -0.3283594 -0.6725559 -0.6632109 -0.3283818 -0.8861122 0.3270637 -0.3283997 -0.6725286 -0.6632186 -0.127732 -0.5318865 -0.8371269 -0.3283674 -0.8861228 0.3270495 -0.1112701 -0.9857644 0.126046 -0.1114066 -0.5423654 -0.8327235 -0.9894912 -0.1429923 -0.02145695 -0.9346036 -0.353942 -0.03523075 -0.5296048 -0.795783 0.2936804 -0.9346153 -0.3539108 -0.035236 -0.9911295 -0.1322466 -0.01316481 -0.5296207 -0.7957642 0.293703 -0.8452005 -0.5063612 -0.1709811 -0.8451868 -0.5063863 -0.1709744 -0.4241702 0.5013316 -0.7541528 -0.4681375 0.5756694 -0.6704118 -0.4961987 0.2746859 -0.8236107 -0.5456802 0.2356076 -0.8041905 -0.8436319 -0.1071491 -0.5261221 -0.1271182 -0.715892 -0.6865418 -0.8543908 -0.1216925 -0.5051806 -0.6147058 0.416676 -0.6697148 -0.7449831 0.1963793 -0.6375228 -0.6574076 0.5208011 -0.5445929 -0.6894452 0.2469269 -0.6809497 -0.9088562 -0.2822979 -0.3070639 -0.9080249 -0.2813862 -0.3103427 -0.7572617 0.3301138 -0.5635422 -0.8525494 0.1545606 -0.49927 -0.8109242 0.2040624 -0.5484163 -0.7852387 0.4394816 -0.4361836 -0.9239347 -0.09509897 -0.3705415 -0.917176 -0.07962489 -0.3904461 -0.9643962 -0.1597775 -0.2107396 -0.9899965 -0.1106125 -0.08759003 -0.9944695 0.03945934 -0.09733229 -0.9669032 -0.1745973 -0.1860487 -0.8650606 0.2374925 -0.4418911 -0.8784313 0.3538808 -0.3211337 -0.8977344 0.1623342 -0.409537 -0.9238852 0.1104203 -0.3663927 -0.08500999 0.613224 -0.7853214 -0.9971985 -0.03020185 -0.06843411 -0.9728838 -0.06579023 -0.2217401 -0.9700717 -0.0449301 -0.2386258 -0.9894004 0.141025 -0.03462511 -0.9472918 0.1156235 -0.2987802 -0.9479797 0.2619227 -0.1809175 -0.9955408 0.06664049 -0.06676542 -0.9621471 0.1209962 -0.2441987 -0.9741562 0.05246293 -0.2196986 -0.2255287 -0.3032484 -0.9258387 -0.2160566 -0.5198265 -0.8264986 -0.3577334 -0.6050053 -0.7113336 -0.2490669 -0.5849149 -0.7719069 -0.5573757 -0.5431748 -0.6279281 -0.5121024 -0.5334289 -0.6732048 -0.2323919 0.1676037 -0.9580726 -0.2352153 -0.06958794 -0.9694491 -0.2817882 -0.1807962 -0.9422888 -0.7109091 -0.458165 -0.5335664 -0.7093313 -0.4577289 -0.5360348 -0.5521165 -0.1722432 -0.8157817 -0.5397785 -0.1609386 -0.8262796 -0.2018982 0.3976572 -0.8950453 -0.2417492 0.5694792 -0.7856532 -0.1961487 0.5289629 -0.8256658 -0.2720544 0.264651 -0.9251738 -0.8261874 -0.3718114 -0.4232855 -0.8267474 -0.3720359 -0.4219931 -0.7493281 -0.1483791 -0.6453612 -0.7351667 -0.1334759 -0.6646158 -0.9391595 0.2962078 0.1738976 -0.8881599 0.4340468 0.1509158 -0.8900704 0.4538703 -0.04214847 -0.9697434 0.2430195 -0.02322089 -0.8905971 0.4527351 -0.04322022 -0.1243324 0.7786775 -0.614982 -0.07440882 0.8746585 0.4789948 -0.9934003 0.1077975 0.03918635 -0.1842229 0.9631671 -0.1958854 -0.1803417 0.892179 -0.4141178 -0.3561728 0.7860019 -0.505314 -0.2257687 0.8403955 -0.4927107 -0.5611107 0.6914177 -0.4550784 -0.4476303 0.7723268 -0.4507089 -0.1784183 0.949062 0.2597082 -0.181505 0.9828483 0.03263831 -0.2413771 0.9667757 -0.08415526 -0.2303497 0.9051064 0.3573815 -0.7257556 0.5702634 -0.3848097 -0.6434027 0.6595054 -0.3886975 -0.4587565 0.8852095 -0.0771147 -0.4600768 0.8844374 -0.07810127 -0.3677432 0.7125025 0.5975828 -0.2091242 0.7533611 0.6234695 -0.2141702 0.9119423 0.3499891 -0.6535393 0.753951 -0.06666511 -0.654946 0.7526147 -0.06794822 -0.5734624 0.6553856 0.4915392 -0.4490494 0.8357093 0.3161401 -0.3858823 0.8506112 0.3571492 -0.400008 0.7745065 0.4900341 -0.7856388 0.5338089 -0.312762 -0.7378649 0.5270463 0.4216371 -0.607253 0.689003 0.3956246 -0.7238637 0.6315553 0.2777754 -0.5720619 0.7530375 0.3250842 -0.6449807 0.7152091 0.2692138 -0.8438071 0.4867624 0.2259471 -0.7867195 0.5794441 0.2128785 -0.7917868 0.6083185 -0.05497646 -0.7928448 0.6068182 -0.05629301 -0.846598 0.4780218 -0.2340235 -0.9360137 0.2761863 -0.2181731 -0.9724486 0.2330232 -0.006631135 -0.8774715 0.3755242 -0.2983713 -0.9726694 0.2295103 -0.03520494 -0.1238235 -0.8703497 0.4766122 -0.09976238 -0.7808369 -0.6167182 -0.9932686 -0.09915363 -0.05988508 -0.159123 -0.9867132 0.03281784 -0.156342 -0.9526752 0.2607052 -0.2174293 -0.9088005 0.3560989 -0.1533054 -0.8963413 -0.4160166 -0.1565887 -0.9678382 -0.1968989 -0.2872936 -0.8091026 -0.5126553 -0.2275109 -0.9705148 -0.07962304 -0.2157381 -0.8357939 -0.5048817 -0.3524447 -0.8824468 0.3115613 -0.4085712 -0.8393225 0.3586188 -0.4826012 -0.7346194 -0.4768967 -0.4227621 -0.9030727 -0.07571029 -0.4128895 -0.7871382 -0.4581876 -0.4246652 -0.9023217 -0.07399326 -0.5557897 -0.7902036 0.2582176 -0.6226661 -0.7095292 0.3299322 -0.6720656 -0.6149721 -0.412477 -0.6302945 -0.6659607 -0.3990305 -0.6407573 -0.7649101 -0.06590032 -0.6425901 -0.7635375 -0.06394106 -0.7196596 -0.6649754 0.1997447 -0.7733625 -0.5677477 0.2820867 -0.8301545 -0.4476736 -0.3323129 -0.7906044 -0.6100715 -0.05251258 -0.7893923 -0.6114785 -0.05435013 -0.7830905 -0.5346322 -0.3177068 -0.8451313 -0.5164094 0.1381105 -0.9360785 -0.3133065 0.1599885 -0.971773 -0.2326677 -0.03902786 -0.8788679 -0.4204284 0.2254575 -0.9720739 -0.234471 -0.009795129 -0.9394443 -0.2603497 -0.2228511 -0.8914005 -0.4514399 -0.04009044 -0.8887918 -0.3988035 -0.2258427 -0.9694623 -0.2442123 -0.02243036 -0.8907684 -0.4525513 -0.04157942 -0.9318426 -0.2651827 -0.2476843 -0.8681054 -0.2862774 -0.40551 -0.8373699 0.2617318 -0.4799042 -0.7566186 0.2322871 -0.6112046 -0.7579738 0.08030426 -0.647323 -0.7855811 0.04776704 -0.6169123 -0.9731097 -0.0222072 -0.2292693 -0.9491817 -0.1330736 -0.2852116 -0.8821026 -0.1869496 -0.4323714 -0.9716815 -0.04905915 -0.2311462 -0.8681495 -0.158096 -0.4704491 -0.1215985 -0.6198474 -0.7752439 -0.9336301 0.2092399 -0.2907808 -0.9518467 0.05222672 -0.3020933 -0.868672 0.1582081 -0.4694456 -0.8688932 0.06491601 -0.4907246 -0.8865854 0.03010964 -0.461584 -0.07246077 0.4204842 -0.9044018 -0.9931533 0.03789049 -0.1105033 -0.1635845 -0.4313453 -0.8872325 -0.3491955 -0.6112127 -0.7102686 -0.1602578 -0.5746977 -0.8025211 -0.1767917 -0.008530437 -0.9842114 -0.1761941 -0.2250002 -0.9582957 -0.2262625 -0.3217433 -0.9193948 -0.5519503 -0.5511613 -0.6257572 -0.4160163 -0.5406752 -0.731164 -0.1628924 0.2088052 -0.9642959 -0.2106584 0.3941375 -0.894583 -0.1610746 0.3506299 -0.9225582 -0.2262352 0.09219628 -0.9696998 -0.4223976 -0.2956358 -0.8568429 -0.4444857 -0.3119636 -0.8397091 -0.7173845 -0.4665672 -0.5173729 -0.6067659 -0.4739023 -0.6381629 -0.378902 0.3493553 -0.8569623 -0.448935 0.07957297 -0.8900144 -0.4202218 0.1009394 -0.9017899 -0.4122846 0.4018707 -0.8176316 -0.6122808 -0.2571828 -0.7476425 -0.6379871 -0.2794396 -0.7175556 -0.8434398 -0.3692142 -0.390244 -0.7558073 -0.3866975 -0.5284132 -0.716127 0.3159929 -0.6223429 -0.5633132 0.292962 -0.7725616 -0.6106972 0.0933687 -0.7863404 -0.6000884 0.3691293 -0.7096742 -0.6438869 0.06499421 -0.7623552 -0.7798824 -0.2367312 -0.5794324 -0.7582653 -0.2105715 -0.6170036 -0.1407229 0.2566421 0.9562071 -0.1555214 0.2480551 0.9561809 -0.1113736 0.2749611 0.9549829 -0.1092463 0.2725716 0.9559132 -0.5061942 0.0575962 0.8604942 -0.3295337 0.09760481 0.9390852 -0.1113556 0.4655786 0.877973 -0.1113666 0.4656093 0.8779553 -0.3286367 0.2590137 0.9082455 -0.3286598 0.2590132 0.9082373 -0.6900478 0.04685479 0.7222456 -0.5311351 0.0880236 0.8427025 -0.11138 0.6381897 0.7617799 -0.1113541 0.7828262 0.6121956 -0.1113753 0.6382179 0.761757 -0.2226858 0.8265917 0.5168726 -0.328665 0.4424848 0.834378 -0.3286126 0.442464 0.8344097 -0.09892863 0.2729496 0.9569282 -0.5299544 0.2325621 0.8155142 -0.5299566 0.2325823 0.8155069 -0.7063001 0.07482522 0.703947 -0.8375075 0.03272664 0.5454449 -0.323768 0.80222 0.5016148 -0.5236355 0.7223534 0.4516762 -0.323787 0.8022015 0.5016322 -0.32862 0.6065546 0.7239479 -0.3286457 0.6065192 0.7239659 -0.5299465 0.3973395 0.7491849 -0.5300072 0.3972513 0.7491888 -0.7051566 0.19447 0.6818618 -0.7051132 0.1944879 0.6819016 -0.9404885 0.01640099 0.3394297 -0.8462502 0.05819487 0.5295979 -0.5236228 0.7223575 0.4516845 -0.5299819 0.5445721 0.6500466 -0.5299572 0.5446232 0.6500239 -0.1113665 0.8931263 0.4358016 -0.7051818 0.332174 0.6264017 -0.7051302 0.3322138 0.6264387 -0.8454034 0.1465118 0.5136414 -0.9750791 0.07959389 0.2070886 -0.845407 0.146455 0.5136516 -0.9690686 0.196017 0.1499451 -0.9489058 0.08660769 0.3034418 -0.7051319 0.4553623 0.5435386 -0.6992196 0.6061538 0.3790377 -0.6992107 0.6061643 0.3790374 -0.7051438 0.4553402 0.5435417 -0.9750906 0.1271299 0.1817593 -0.9932379 0.01416873 0.1152299 -0.8454105 0.250233 0.4718735 -0.8453866 0.2502416 0.4719119 -0.9745392 0.105027 0.1980975 -0.9745453 0.1440005 0.1718297 -0.9709106 0.0730279 0.2280339 -0.9749931 0.1677327 0.1457881 -0.8453832 0.3429988 0.4094865 -0.8413602 0.4582544 0.2865591 -0.9415558 0.2856273 0.1785773 -0.8453964 0.3430468 0.409419 -0.841337 0.4582867 0.2865754 -0.9936149 0.1005298 0.05121833 -0.2957106 0.06417292 0.9531198 -0.1373785 0.1839802 0.9732823 -0.1508044 0.1580101 0.9758539 -0.160206 0.144002 0.9765232 -0.1659979 0.1364645 0.9766382 -0.1729823 0.1292157 0.9764121 -0.1891341 0.1132048 0.9754041 -0.2156878 0.09590369 0.9717414 -0.2445725 0.0819807 0.9661592 -0.2894661 0.06562739 0.9549359 -0.993705 0.1052782 0.0382986 -0.9937162 0.1051728 0.03829884 -0.9438795 0.3103736 0.1129601 -0.9438868 0.3103509 0.1129605 -0.8467307 0.4999356 0.1819658 -0.8467373 0.4999249 0.1819645 -0.7070789 0.6644896 0.2418534 -0.7070665 0.6645048 0.2418479 -0.5320793 0.7956302 0.2895933 -0.5320661 0.795644 0.2895798 -0.3302576 0.886968 0.3228279 -0.3302565 0.8869676 0.3228299 -0.1119647 0.9337852 0.3398665 -0.1119711 0.9337829 0.3398709 -0.6210945 0.783675 0.009763717 -0.2175543 0.6180112 -0.7554684 -0.3233491 0.5075044 -0.7986769 -0.5229912 0.4571343 -0.7193806 -0.22522 0.7629944 -0.6059007 -0.1112632 0.9660422 0.2332018 -0.2621821 0.5418516 -0.7985347 -0.6210752 0.7662138 -0.1648692 -0.621079 0.766218 -0.1648368 -0.9432345 0.3228539 0.07793688 -0.9936282 0.1126999 0.001401424 -0.8935953 0.4428434 -0.07332903 -0.9936296 0.1095508 0.02643734 -0.6209793 0.7093858 -0.3334016 -0.6209638 0.7094042 -0.3333911 -0.9936279 0.1101857 -0.02372801 -0.8998938 0.4360746 0.005502343 -0.9936369 0.1126217 0.001423656 -0.8998889 0.4360851 0.005446732 -0.6986583 0.3837265 -0.6038465 -0.8409626 0.2902113 -0.4566831 -0.6209204 0.6138563 -0.4874817 -0.6196611 0.469498 -0.6289609 -0.6208969 0.6138868 -0.4874731 -0.9936335 0.1020968 -0.04763156 -0.9936304 0.1101668 -0.02370589 -0.8999018 0.4263292 -0.09176313 -0.8998879 0.426361 -0.09175109 -0.1112532 0.4423233 -0.8899286 -0.8998259 0.3948147 -0.1855663 -0.9936224 0.1020468 -0.04797089 -0.8998571 0.3947818 -0.185485 -0.9936664 0.07115918 -0.08696907 -0.9935832 0.08932399 -0.06938141 -0.9413977 0.1808786 -0.2846986 -0.9009717 0.3049427 -0.3086424 -0.993115 0.06285232 -0.09885495 -0.8998051 0.3416694 -0.2713173 -0.9936352 0.08821195 -0.07005614 -0.8998211 0.3416353 -0.2713069 -0.9936334 0.1095114 0.0264579 -0.9936355 0.05008327 -0.1008967 -0.3284007 0.9181758 0.2215995 -0.5296935 0.8245075 0.1990285 -0.222512 0.9655299 0.1350573 -0.2212057 0.9751515 0.01215285 -0.2211925 0.9751543 0.01216286 -0.2211795 0.9534069 -0.2051709 -0.2211862 0.8838708 -0.4121278 -0.2212024 0.9534141 -0.2051126 -0.7048312 0.689573 0.1664398 -0.8452016 0.5195359 0.1253671 -0.6232709 0.7787984 0.07075631 -0.2196463 0.7702647 -0.5987051 -0.2228436 0.8822808 -0.4146341 -0.6210935 0.7836755 0.009784162 -0.9937108 0.03830277 -0.1052228 -0.9937101 0.03830057 -0.1052311 -0.943884 0.1129699 -0.3103559 -0.9438917 0.1129438 -0.3103421 -0.8467172 0.1819749 -0.4999553 -0.8467271 0.1819554 -0.4999454 -0.7070927 0.2418468 -0.6644773 -0.7071003 0.2418518 -0.6644674 -0.3302443 0.3233315 -0.8867894 -0.3066429 0.3291859 -0.8930884 -0.1119656 0.3446046 -0.9320469 -0.1868235 0.3364382 -0.9229877 -0.5320466 0.289589 -0.7956537 -0.5320721 0.2895869 -0.7956374 -0.3447363 0.3210467 -0.8820918 -0.06344866 0.3413146 -0.9378052 -0.2135198 0.3342235 -0.9179891 -0.3302696 0.321344 -0.8875023 -0.09789538 0.3375091 -0.9362181 -0.1120056 0.339863 -0.9337816 -0.6210788 0.009742856 -0.7836876 -0.2175303 -0.7554745 -0.6180122 -0.3233304 -0.7986741 -0.5075206 -0.5230435 -0.7193503 -0.4571222 -0.2251999 -0.6058811 -0.7630158 -0.1112712 0.2331911 -0.9660438 -0.2621917 -0.798509 -0.5418847 -0.6211032 -0.1648068 -0.7662046 -0.6210716 -0.164883 -0.7662138 -0.9432297 0.07803148 -0.3228452 -0.9936333 0.001401782 -0.112654 -0.8935781 -0.07331675 -0.4428804 -0.9936308 0.02642971 -0.109541 -0.6209628 -0.3333795 -0.7094106 -0.6209643 -0.333397 -0.7094011 -0.9936335 -0.02359497 -0.1101636 -0.8998844 0.005319416 -0.4360962 -0.9936321 0.001326918 -0.1126658 -0.8998972 0.005475223 -0.4360679 -0.6986623 -0.60385 -0.383714 -0.8409665 -0.4566704 -0.2902201 -0.6208774 -0.4875047 -0.6138816 -0.6196521 -0.6289771 -0.4694882 -0.6208823 -0.4874898 -0.6138883 -0.9936291 -0.04765492 -0.1021282 -0.9936324 -0.02366381 -0.1101571 -0.8998995 -0.09175175 -0.4263362 -0.8998954 -0.09170687 -0.4263544 -0.1112551 -0.8899246 -0.4423308 -0.9936486 -0.06905841 -0.08884567 -0.8998365 -0.1855328 -0.394806 -0.9936238 -0.04786986 -0.1020807 -0.8998438 -0.1855462 -0.3947833 -0.9936764 -0.08687245 -0.07113701 -0.941397 -0.2846807 -0.180911 -0.9009617 -0.3086617 -0.3049523 -0.8998152 -0.2713025 -0.3416544 -0.8998205 -0.2712814 -0.3416572 -0.9931188 -0.09883666 -0.06282269 -0.9936009 -0.07028204 -0.08841913 -0.9936293 0.02650815 -0.1095369 -0.9936278 -0.100941 -0.05014926 -0.3284127 0.2216532 -0.9181585 -0.5296287 0.1990834 -0.8245359 -0.2224711 0.1350829 -0.9655357 -0.2211787 0.01216214 -0.9751574 -0.2211872 0.0121439 -0.9751557 -0.2212025 -0.2051644 -0.9534029 -0.2211782 -0.412122 -0.8838754 -0.2211852 -0.2051482 -0.9534103 -0.7048797 0.1664417 -0.689523 -0.8452032 0.1254565 -0.5195118 -0.6232711 0.07078433 -0.7787957 -0.2196666 -0.59873 -0.7702396 -0.2228615 -0.4146488 -0.8822694 -0.6211088 0.009772777 -0.7836634 -0.9937088 -0.1052427 -0.03829902 -0.9438776 -0.310379 -0.1129602 -0.9937148 -0.1051866 -0.03830039 -0.8467418 -0.499918 -0.1819629 -0.9438817 -0.3103664 -0.1129603 -0.7070882 -0.6644811 -0.2418495 -0.8467153 -0.4999611 -0.1819677 -0.532053 -0.7956502 -0.2895867 -0.707094 -0.6644766 -0.2418449 -0.3302512 -0.8869719 -0.3228235 -0.5320939 -0.79562 -0.2895945 -0.1119583 -0.9337825 -0.3398759 -0.330262 -0.8869652 -0.3228309 -0.1119554 -0.9337852 -0.3398699 -0.704856 -0.6352584 -0.315634 -0.9929119 0.02044343 -0.1170813 -0.1521428 0.2105482 -0.9656718 -0.9361554 0.0604642 -0.3463484 -0.1116859 0.1708315 -0.9789499 -0.7033908 -0.6370462 -0.3152993 -0.936147 0.06043547 -0.3463763 -0.9363524 0.1691961 -0.3075988 -0.8354448 0.1952861 -0.5137076 -0.7051309 -0.2041924 -0.6790404 -0.8354633 0.1953017 -0.5136716 -0.5296981 -0.6592524 -0.5336725 -0.7051572 -0.204095 -0.6790424 -0.837292 0.2627997 -0.4794566 -0.1112899 -0.8906841 -0.4407908 -0.992926 0.0600937 -0.1024045 -0.5297482 -0.6591934 -0.5336956 -0.9928407 0.04243952 -0.111652 -0.9355577 0.1254947 -0.3301257 -0.9355589 0.1255102 -0.3301164 -0.3298138 0.04795962 -0.942827 -0.9363944 0.1699106 -0.3070764 -0.9928403 0.04245293 -0.1116507 -0.329864 0.04798877 -0.942808 -0.3284729 -0.5859927 -0.7407552 -0.9357104 -0.2188814 -0.276653 -0.9918951 -0.07301658 -0.1039853 -0.993449 -0.07089418 -0.08962821 -0.3284651 -0.5859829 -0.7407664 -0.9357213 -0.218832 -0.2766555 -0.8449242 -0.4765949 -0.2428177 -0.8357805 -0.2379999 -0.4948 -0.8357872 -0.2379472 -0.4948142 -0.8357373 -0.4925898 -0.24269 -0.1113339 -0.430719 -0.8955925 -0.5314378 -0.05049699 -0.8455909 -0.5314313 -0.05051386 -0.8455941 -0.1113024 -0.4307292 -0.8955915 -0.7047891 -0.1280686 -0.6977613 -0.704791 -0.1281296 -0.6977483 -0.7033418 -0.5525063 -0.4472664 -0.7033699 -0.5524762 -0.4472595 -0.1533737 -0.2226982 -0.9627472 -0.837064 -0.1575349 -0.5239337 -0.8370622 -0.1575033 -0.5239462 -0.1118753 -0.2861233 -0.9516393 -0.3295676 0.1623098 -0.9300757 -0.5297414 -0.5262281 -0.6651754 -0.3295763 0.1623046 -0.9300734 -0.5297302 -0.5261997 -0.6652066 -0.5315166 0.04306828 -0.8459523 -0.5315091 0.04304802 -0.8459581 -0.328459 -0.409398 -0.8511804 -0.3284852 -0.4093804 -0.8511787 -0.2104547 0.4574266 -0.8639848 -0.06358325 0.3546345 -0.9328406 -0.2063911 0.4610973 -0.8630133 -0.9924672 -0.1091691 -0.05559808 -0.9431606 -0.2966477 -0.1498273 -0.991729 -0.04620742 -0.1197444 -0.9936692 -0.1019888 -0.04711639 -0.9936138 -0.04889267 -0.1016911 -0.9354305 -0.3197639 -0.150735 -0.935717 -0.1528978 -0.3178929 -0.93571 -0.1529064 -0.3179097 -0.8357852 -0.4267498 -0.3454677 -0.7049598 -0.04227203 -0.7079865 -0.07250201 0.4208821 -0.9042134 -0.7049503 -0.04227536 -0.7079957 -0.8357945 -0.4267312 -0.3454678 -0.1117128 -0.1794321 -0.977407 -0.3299756 -0.2717844 -0.9040184 -0.8367865 -0.09886169 -0.5385302 -0.8368064 -0.09888988 -0.5384941 -0.3299412 -0.2717816 -0.9040319 -0.5311545 0.1456496 -0.8346624 -0.531147 0.1456567 -0.834666 -0.7033466 -0.4410281 -0.5574925 -0.9362992 -0.1011002 -0.3363372 -0.9929304 -0.03418093 -0.1136705 -0.70336 -0.4410029 -0.5574955 -0.9362968 -0.1011584 -0.336326 -0.1117228 -0.05923557 -0.9919725 -0.1546031 -0.006242394 -0.987957 -0.705037 0.03602921 -0.7082547 -0.7050253 0.03603595 -0.708266 -0.529721 -0.3676163 -0.764365 -0.5297575 -0.3676166 -0.7643398 -0.836912 -0.03261643 -0.5463647 -0.8369176 -0.03264045 -0.5463548 -0.3790661 0.4156381 -0.8267732 -0.3296476 -0.1704667 -0.928587 -0.3293372 0.5045426 -0.7981065 -0.3280925 0.3356928 -0.8829868 -0.3280503 0.3356974 -0.8830007 -0.3296453 -0.1704844 -0.9285845 -0.9357165 -0.2741672 -0.221962 -0.9916513 -0.0160073 -0.1279519 -0.9929165 -0.02144157 -0.116864 -0.9921473 -0.09445118 -0.08199286 -0.9361826 -0.06345856 -0.3457387 -0.9932018 -0.09047335 -0.07324504 -0.9361793 -0.06346976 -0.3457458 -0.9357072 -0.2742011 -0.2219593 -0.3284558 -0.8465162 -0.4189597 -0.5316652 -0.2438584 -0.8110889 -0.7046974 0.1219632 -0.6989467 -0.5316681 -0.243843 -0.8110917 -0.7046981 0.1219844 -0.6989424 -0.111275 -0.890693 -0.4407765 -0.8357984 -0.3406131 -0.4306086 -0.5297572 -0.7601486 -0.3762069 -0.8369603 0.02782636 -0.5465558 -0.8369797 0.02781462 -0.5465266 -0.8357785 -0.3406651 -0.4306062 -0.3284721 -0.8465189 -0.4189414 -0.5292345 0.3015139 -0.7930954 -0.1112771 -0.7723979 -0.6253151 -0.5634884 0.3777441 -0.7347042 -0.1118355 0.05049258 -0.9924432 -0.5308889 0.4520708 -0.7167909 -0.1112785 -0.7723973 -0.6253154 -0.5292009 0.3015322 -0.7931108 -0.9362341 -0.0209527 -0.3507517 -0.703354 -0.3081043 -0.6405974 -0.9929226 -0.007059633 -0.1185544 -0.936235 -0.02095788 -0.3507491 -0.7033748 -0.3080946 -0.6405792 -0.329802 -0.05627351 -0.9423714 -0.8367198 0.09414398 -0.5394784 -0.529704 -0.7601898 -0.3761985 -0.8367415 0.09414458 -0.5394446 -0.9916678 0.0153467 -0.1279047 -0.936258 0.01788187 -0.350858 -0.3297881 -0.05627739 -0.9423761 -0.3284689 -0.7340961 -0.5943158 -0.9929254 0.006046056 -0.1185862 -0.3284597 -0.7341137 -0.5942991 -0.9362569 0.01785314 -0.3508625 -0.5312817 -0.1529591 -0.8332727 -0.1113087 -0.616545 -0.7794118 -0.7048965 0.3689522 -0.6058014 -0.8372809 0.2627156 -0.4795221 -0.7151722 0.3362349 -0.61276 -0.1112812 -0.616546 -0.7794149 -0.7029022 0.2527738 -0.6648564 -0.5312546 -0.1529855 -0.833285 -0.7028586 0.252785 -0.6648982 -0.9977406 -0.04750508 -0.04750949 -0.9796515 -0.1402089 -0.1436123 -0.9932698 -0.08888328 -0.07426285 -0.8425455 -0.3804453 -0.3812853 -0.9325006 -0.2559751 -0.2547931 -0.9386504 -0.2478421 -0.2398119 -0.7154526 -0.4905051 -0.4975264 -0.8271336 -0.4019271 -0.3928163 -0.5494047 -0.5863015 -0.5953193 -0.6677192 -0.5316065 -0.5211004 -0.3468319 -0.6582515 -0.6681413 -0.4782561 -0.625777 -0.6161772 -0.1203642 -0.6987049 -0.7052119 -0.2841563 -0.6804215 -0.6754865 -0.09849667 -0.7036619 -0.7036749 -0.5530369 0.8064326 -0.2093248 -0.5530428 0.8064329 -0.2093079 -0.9909679 0.0996809 -0.08970201 -0.9909718 0.09964215 -0.08970123 -0.9315896 0.2702048 -0.2431674 -0.9316 0.2701756 -0.2431593 -0.1238229 -0.8725574 0.4725583 -0.3507632 0.9363654 -0.01361036 -0.3507905 0.9363553 -0.0135951 -0.2156424 0.8668145 0.44959 -0.05411612 0.8794682 0.4728713 -0.07460039 0.9720987 0.2223941 -0.1723345 0.9536409 0.2467181 -0.8398867 0.4780219 -0.2570711 -0.8398408 0.4780982 -0.2570794 -0.7156538 0.676052 -0.1754807 -0.7156393 0.6760691 -0.1754735 -0.5529858 0.8331028 -0.01210695 -0.5530525 0.8330585 -0.01209843 -0.9909667 0.1181183 -0.0635063 -0.9909698 0.1180928 -0.06350564 -0.9316073 0.3201122 -0.1721517 -0.9315823 0.32018 -0.172161 -0.3867781 0.819273 0.4233139 -0.349981 0.8290592 0.4360898 -0.3507937 0.9128688 0.2088407 -0.3507817 0.9128743 0.2088371 -0.8398758 0.5253689 -0.1363686 -0.9978254 -0.0589286 0.02952814 -0.8398579 0.5253967 -0.1363717 -0.7156497 0.6983858 -0.01014113 -0.7156685 0.6983665 -0.01014256 -0.7240501 0.6124649 0.3172354 -0.572716 0.7285104 0.3758579 -0.5521452 0.7389356 0.3861475 -0.5530231 0.8121813 0.1858142 -0.5529912 0.8122068 0.1857985 -0.9909682 0.1297966 -0.03368765 -0.9909737 0.1297554 -0.03368747 -0.9315885 0.3518574 -0.09131985 -0.9315812 0.3518753 -0.09132504 -0.839852 0.5427585 -0.007882535 -0.8398568 0.5427511 -0.007882535 -0.8437207 0.4774541 0.245302 -0.7156659 0.6808526 0.1557629 -0.7152283 0.621621 0.3194305 -0.7156589 0.6808592 0.1557661 -0.9909656 0.1341023 -0.00194782 -0.9909748 0.1340346 -0.001947879 -0.9315795 0.3634995 -0.005280077 -0.9315939 0.3634627 -0.005279302 -0.8398509 0.5291478 0.1210501 -0.8396149 0.4837481 0.2470513 -0.839855 0.5291411 0.1210513 -0.9395822 0.3066306 0.1521939 -0.9909696 0.1307104 0.02990329 -0.9908953 0.1185379 0.0638377 -0.9316063 0.3543136 0.08106642 -0.9909721 0.1306911 0.02990281 -0.9315885 0.3543609 0.08106344 -0.9314766 0.3239712 0.1655115 -0.07444351 0.8768872 0.474897 -0.9934433 0.102221 0.05119979 -0.3551715 -0.8223813 0.4444575 -0.1204875 -0.8733296 0.4719939 -0.5600914 -0.7292863 0.3929877 -0.3507902 -0.8243712 0.4442505 -0.1204817 -0.9610744 0.2486369 -0.1204508 -0.9610751 0.2486488 -0.5531578 -0.7342646 0.3935378 -0.3507144 -0.9066334 0.2345536 -0.3507338 -0.9066247 0.2345582 -0.1204645 -0.9926683 0.009897768 -0.1204563 -0.9926694 0.009889662 -0.7244478 -0.6087669 0.3233857 -0.7157256 -0.6155813 0.3298436 -0.5529153 -0.8066772 0.2087025 -0.5529581 -0.8066512 0.2086899 -0.3507326 -0.9364292 0.009327352 -0.3506799 -0.9364489 0.009335577 -0.1204714 -0.9658373 -0.2294448 -0.1204874 -0.9658374 -0.2294358 -0.8493111 -0.4670327 0.2460717 -0.8399595 -0.4785762 0.2557985 -0.715568 -0.6762775 0.174961 -0.7155621 -0.6762876 0.1749458 -0.5529298 -0.8331865 0.008299112 -0.5529208 -0.8331925 0.008303999 -0.9360335 -0.3115599 0.1636208 -0.9804354 -0.1742865 0.09149152 -0.98888 -0.1285473 0.07477849 -0.9316529 -0.3206141 0.1709669 -0.3506939 -0.9111357 -0.2164382 -0.3507225 -0.9111239 -0.2164418 -0.1204468 -0.8821755 -0.4552574 -0.1204955 -0.8821668 -0.4552612 -0.8397945 -0.5255998 0.1359786 -0.8398053 -0.5255842 0.1359716 -0.7155818 -0.6984943 0.006959617 -0.7155832 -0.6984929 0.006962597 -0.5529068 -0.8106859 -0.192568 -0.5529458 -0.8106566 -0.1925799 -0.9919683 -0.1224537 0.03168696 -0.9899896 -0.1375881 0.03146815 -0.9315655 -0.3519864 0.09105777 -0.9315684 -0.3519766 0.09106522 -0.3506954 -0.8322029 -0.4294776 -0.35071 -0.8322014 -0.4294687 -0.1204745 -0.7465769 -0.6543004 -0.1204554 -0.7465823 -0.6542977 -0.839811 -0.542852 0.005408406 -0.8397886 -0.5428867 0.005411863 -0.715587 -0.6796128 -0.1614369 -0.7155666 -0.6796324 -0.1614446 -0.5529281 -0.7404452 -0.3821145 -0.5529401 -0.7404308 -0.3821251 -0.9918659 -0.1272811 0.001269519 -0.990122 -0.1401939 -0.002035796 -0.9315625 -0.3635635 0.003624856 -0.9315621 -0.3635645 0.003624081 -0.3506706 -0.7043108 -0.617233 -0.3507003 -0.7042955 -0.6172336 -0.1204763 -0.5670614 -0.8148171 -0.1204711 -0.5670622 -0.8148173 -0.8398216 -0.5281645 -0.1254677 -0.8398029 -0.528193 -0.1254733 -0.7155832 -0.620736 -0.3203553 -0.71558 -0.6207419 -0.3203512 -0.5529567 -0.6266202 -0.5491685 -0.5529582 -0.6266064 -0.5491828 -0.9902617 -0.1347544 -0.03497391 -0.9917571 -0.1246628 -0.02961671 -0.9315617 -0.3537401 -0.08402985 -0.9315741 -0.3537077 -0.0840283 -0.3506755 -0.5349582 -0.7686654 -0.350698 -0.5349152 -0.7686851 -0.1204756 -0.3541592 -0.9273926 -0.120459 -0.3541384 -0.9274026 -0.8398052 -0.4824318 -0.2489714 -0.8398108 -0.4824233 -0.2489696 -0.715587 -0.5253224 -0.4604038 -0.7155472 -0.5253814 -0.4603984 -0.5529586 -0.4759234 -0.6839107 -0.5529314 -0.4759641 -0.6839043 -0.9903978 -0.1217632 -0.0654664 -0.9315594 -0.3231039 -0.1667366 -0.9916464 -0.1146165 -0.05916684 -0.9315655 -0.3230864 -0.1667367 -0.3507471 -0.3340894 -0.874849 -0.3506901 -0.3340831 -0.8748742 -0.1204367 -0.1204169 -0.9853907 -0.1204478 -0.1204172 -0.9853894 -0.8398107 -0.4082685 -0.3578199 -0.839803 -0.4082824 -0.3578219 -0.7155669 -0.3990191 -0.5733655 -0.7155735 -0.3990133 -0.5733611 -0.5529134 -0.2972576 -0.7784116 -0.5529457 -0.2972497 -0.7783918 -0.9315621 -0.2734481 -0.2396211 -0.9315639 -0.2734373 -0.2396267 -0.9905388 -0.1020094 -0.09179836 -0.9915241 -0.09769976 -0.0856437 -0.350713 -0.1135907 -0.9295685 -0.3507463 -0.1135948 -0.9295554 -0.1204913 0.1185609 -0.9856091 -0.1277935 0.1203052 -0.9844773 -0.8397834 -0.3101353 -0.4456232 -0.8398084 -0.3100895 -0.4456081 -0.7155827 -0.2491976 -0.6525657 -0.7155752 -0.2492142 -0.6525677 -0.5529427 -0.1010677 -0.827067 -0.5529186 -0.1010698 -0.8270829 -0.9906809 -0.07675129 -0.1125202 -0.931567 -0.207676 -0.2984185 -0.9913952 -0.0747649 -0.1074517 -0.9315674 -0.2076814 -0.2984136 -0.3507983 0.1118373 -0.9297489 -0.3507712 0.1118363 -0.9297592 -0.113288 0.3492025 -0.9301739 -0.1349167 0.3534975 -0.9256549 -0.8398004 -0.1936897 -0.5071684 -0.839798 -0.1936873 -0.5071732 -0.7155683 -0.08472138 -0.6933861 -0.7155633 -0.08473861 -0.6933892 -0.5530347 0.09950089 -0.8271954 -0.5530075 0.09951066 -0.8272125 -0.9315633 -0.1296974 -0.3396592 -0.9908236 -0.04751551 -0.1265346 -0.9912602 -0.04705387 -0.1232445 -0.9315692 -0.1297079 -0.3396393 -0.3507863 0.3291386 -0.8767079 -0.3507633 0.3291453 -0.8767147 -0.1417282 0.5654537 -0.8125118 -0.1063007 0.5602606 -0.8214671 -0.8398107 -0.06584757 -0.5388711 -0.8398071 -0.0658549 -0.5388758 -0.7156743 0.08341646 -0.693435 -0.7156352 0.08341342 -0.6934757 -0.5530323 0.2928373 -0.7800011 -0.5530081 0.2928244 -0.7800231 -0.9909694 -0.01601785 -0.1331278 -0.9315704 -0.0441057 -0.360876 -0.9911156 -0.01613479 -0.132021 -0.9315614 -0.04409885 -0.3608999 -0.3507652 0.527657 -0.7736549 -0.3508027 0.5276501 -0.7736427 -0.148346 0.7437395 -0.6518014 -0.09950137 0.7396087 -0.6656414 -0.8398528 0.06483495 -0.5389286 -0.839849 0.06482231 -0.5389358 -0.7156575 0.2454876 -0.6538886 -0.7156418 0.2454909 -0.6539045 -0.5530174 0.4694711 -0.6883086 -0.5530285 0.4694507 -0.6883137 -0.990969 0.01602572 -0.1331312 -0.9909697 0.01600724 -0.1331278 -0.9315899 0.04340499 -0.3609104 -0.9316037 0.04340648 -0.3608747 -0.3507792 0.696073 -0.6264475 -0.3507823 0.6960697 -0.6264494 -0.1547724 0.8779359 -0.4530719 -0.09293049 0.876929 -0.4715501 -0.8398494 0.1907904 -0.5081852 -0.8398709 0.1907606 -0.5081608 -0.7156492 0.393563 -0.5770221 -0.7156555 0.393552 -0.5770218 -0.5530216 0.6192932 -0.5573537 -0.5530373 0.6192659 -0.5573685 -0.9315996 0.1277571 -0.3402945 -0.9909684 0.04714047 -0.1255364 -0.9909693 0.04711991 -0.125537 -0.9315952 0.1277561 -0.340307 -0.3507766 0.8247743 -0.4435125 -0.3507664 0.8247764 -0.4435166 -0.08664691 0.9642866 -0.2502874 -0.1608537 0.9602562 -0.22811 -0.8398696 0.3058436 -0.448418 -0.8398634 0.3058376 -0.4484338 -0.7156588 0.5191577 -0.4672341 -0.7156413 0.5191761 -0.4672407 -0.5530565 0.7337687 -0.3946037 -0.5530163 0.7338114 -0.3945807 -0.931591 0.2048143 -0.3003152 -0.9909673 0.07557809 -0.1107776 -0.9909715 0.0755223 -0.1107789 -0.9315948 0.204819 -0.3003003 -0.3507728 0.9064259 -0.2352672 -0.350748 0.9064356 -0.2352668 -0.08049917 0.9966496 -0.01447451 -0.1667155 0.9859561 0.009828805 -0.8398637 0.4034601 -0.36311 -0.839855 0.403482 -0.363106 -0.7156523 0.615162 -0.3307832 -0.7156397 0.6151738 -0.3307886 -0.9978357 0.04650813 -0.0464853 -0.9804577 0.1421508 -0.1359996 -0.9944962 0.06517839 -0.08203148 -0.9347198 0.2531979 -0.2493786 -0.9468522 0.2213084 -0.233439 -0.8468575 0.3786687 -0.3734198 -0.8597644 0.3589644 -0.3632488 -0.721543 0.4933094 -0.4858205 -0.7491674 0.4653689 -0.4713598 -0.556537 0.5922089 -0.5827136 -0.6052439 0.5586746 -0.5670649 -0.3525568 0.6666285 -0.6567422 -0.4158902 0.6378661 -0.6481993 -0.122939 0.7072972 -0.6961442 -0.2366878 0.6840939 -0.6899235 -0.08326476 0.7046536 -0.7046491 -0.5297272 -0.8078905 -0.2582678 -0.5296952 -0.8079139 -0.2582601 -0.8990594 -0.3797638 -0.21788 -0.81718 -0.4999623 -0.2868007 -0.3284659 -0.9408906 -0.08267414 -0.3284434 -0.9408987 -0.08267271 -0.1113092 -0.9848606 0.1328905 -0.1113042 -0.9315163 0.3462498 -0.1112537 -0.9315198 0.3462563 -0.1112821 -0.9848644 0.1328853 -0.6951623 -0.6847205 -0.2188773 -0.6951974 -0.6846824 -0.2188854 -0.5297122 -0.8449221 -0.07424217 -0.5297014 -0.8449288 -0.07424163 -0.9605865 -0.241163 -0.1382534 -0.9890806 -0.1292665 -0.07078087 -0.9306432 -0.3228932 -0.172172 -0.9941599 -0.0971964 -0.04689323 -0.8168882 -0.5494084 -0.1756257 -0.8168889 -0.5494064 -0.1756283 -0.3284611 -0.8853369 0.3290776 -0.3284704 -0.885331 0.3290843 -0.3284824 -0.9360281 0.1262964 -0.3284716 -0.9360312 0.1263013 -0.6951746 -0.7160817 -0.06292432 -0.6951414 -0.716114 -0.06292188 -0.5297256 -0.7950234 0.2955145 -0.9987835 -0.04345905 -0.02329796 -0.5297083 -0.7950294 0.295529 -0.5296878 -0.8405762 0.1134139 -0.5296934 -0.8405717 0.1134206 -0.9943448 -0.1020835 -0.02928191 -0.9925179 -0.1162999 -0.03718316 -0.930159 -0.349724 -0.1117919 -0.9301741 -0.3496837 -0.1117919 -0.8168785 -0.5745965 -0.05048292 -0.8169333 -0.5745183 -0.05048662 -0.6951683 -0.7123919 0.09611922 -0.7050214 -0.6640459 0.2489736 -0.6951796 -0.673793 0.2504565 -0.6951711 -0.7123878 0.09612894 -0.9301577 -0.3657516 -0.03213512 -0.9941443 -0.1078245 -0.007146656 -0.9927822 -0.1194714 -0.01049864 -0.9301678 -0.3657258 -0.03213524 -0.8169047 -0.5715938 0.07711887 -0.8169896 -0.5410445 0.1994963 -0.8454433 -0.4990968 0.1900738 -0.8168905 -0.5716129 0.07712888 -0.9936318 -0.1054554 0.03968882 -0.9930598 -0.1165549 0.01572966 -0.1198336 -0.855308 -0.5040715 -0.930164 -0.3638474 0.04909205 -0.9303824 -0.3458189 0.1216464 -0.9432531 -0.3112656 0.1157043 -0.9939043 -0.1090586 0.01613825 -0.1112706 -0.8568627 -0.5033937 -0.9301667 -0.3638406 0.04909223 -0.9933477 -0.1079321 0.04013687 -0.3370903 -0.8117906 -0.4768295 -0.3285067 -0.8150768 -0.477214 -0.1113276 -0.9465932 -0.3026013 -0.1112721 -0.9466016 -0.3025956 -0.5318298 -0.7317195 -0.4263141 -0.6878821 -0.6275757 -0.3646466 -0.5298656 -0.7329551 -0.4266372 -0.3284441 -0.8996744 -0.2875941 -0.3284428 -0.8996723 -0.2876022 -0.1112822 -0.9899744 -0.08698982 -0.1113116 -0.9899709 -0.08698993 -0.8093953 -0.5084128 -0.2939314 -0.6954362 -0.6221474 -0.3595845 -1 0 0 -1 -3.34685e-6 0 -1 -5.19235e-6 0 -1 -1.10558e-4 0 -1 -1.95906e-4 0 -1 3.52014e-4 0 -1 -3.4004e-4 0 -1 2.2097e-4 0 -0.9999992 0.001304149 0 -1 2.35467e-6 0 -1 2.91039e-6 0 -1 5.33271e-6 0 -0.9999999 6.53168e-4 0 -1 2.244e-6 0 -1 -2.26706e-4 0 -1 1.09606e-5 0 -1 -4.04057e-7 0 -1 1.09591e-5 0 -1 8.99143e-6 0 -1 -3.43654e-6 0 -1 4.35601e-6 0 -1 5.78802e-6 0 -1 2.13398e-6 0 -1 1.38763e-6 0 -1 -7.01139e-6 0 -1 4.10502e-7 0 -1 -1.05307e-5 0 -1 -2.00694e-6 0 -1 -1.89966e-6 0 -1 7.68061e-6 0 -1 4.05245e-6 0 -1 5.35132e-6 0 -1 -1.44364e-5 0 -1 1.48607e-5 0 -1 -8.73787e-7 0 -1 1.72087e-4 0 -1 -2.53036e-4 0 -1 2.76055e-6 0 0 0.4219831 -0.9066037 0 0.2130274 -0.9770463 0 0.4219785 -0.9066058 0 -0.006317615 -0.9999801 0 0.2130295 -0.9770458 0 -0.2253667 -0.974274 0 -0.006317615 -0.9999801 0 -0.4334235 -0.9011904 0 -0.6204 -0.7842857 0 -0.4334188 -0.9011927 0 -0.7772237 -0.6292244 0 -0.6204048 -0.7842817 0 -0.8962553 -0.4435387 0 -0.7772355 -0.6292099 0 -0.9396925 -0.3420204 0 -0.9396927 -0.3420201 0 0.9396925 0.3420205 0 0.9396928 0.3420197 0.00384432 0.4684906 0.8834603 0.002955317 0.4061126 0.9138183 -0.00549525 0.2742818 0.9616338 0.001431941 0.6421949 0.7665401 -5.04047e-4 0.5447645 0.838589 9.08892e-4 0.5270643 0.849825 -0.005910277 0.4684763 0.8834564 0 0.6538016 0.756666 -0.001552045 0.6421924 0.766542 0 0.7877218 0.6160311 0 0.7877293 0.6160217 0 0.8987293 0.4385038 0 0.8987231 0.4385166 -0.02633017 0.2741798 0.961318 -0.1022063 -0.8973193 0.4293856 -0.1036335 -0.8956035 0.4326137 0.003232538 -0.1094596 0.993986 0.06446921 -0.3996962 0.9143778 0.01365476 -0.0880081 0.9960262 0.06097382 -0.395547 0.9164196 0.5549451 -0.7509803 0.3578612 -0.08431047 -0.7255185 0.6830188 -0.08004021 -0.7298758 0.6788778 -0.3046438 -0.8619163 0.4053303 -0.4563981 -0.7914523 0.406576 -0.3109957 -0.848414 0.4283403 -0.4805392 -0.789869 0.3810371 -0.01942247 -0.1077473 0.9939886 -0.04376178 -0.3988695 0.9159629 -0.0105552 -0.09498476 0.9954228 -0.04561656 -0.3958886 0.9171649 -0.4015941 -0.5687496 0.7178065 -0.2963024 -0.4325771 0.8515174 -0.2541494 -0.6890142 0.6787251 -0.4544671 -0.5960963 0.661913 -0.2449568 -0.7045034 0.6660865 -0.04317492 -0.1032752 0.9937154 -0.1867301 -0.2661214 0.9456804 -0.03263819 -0.09262365 0.9951661 -0.2599201 -0.3232231 0.9099278 0.0706287 -0.08335429 0.9940139 -0.05513983 -0.08130353 0.995163 -0.1376097 -0.3768506 0.9159952 -0.134429 -0.3864395 0.9124656 -0.5809502 -0.7304975 0.358985 -0.6173424 -0.5598843 0.5526464 -0.0650261 -0.08862334 0.9939405 0.3713306 -0.8426232 0.3899998 0.4946259 -0.6720641 0.5510673 0.5578291 -0.7323641 0.3904737 0.3095977 -0.4209879 0.8525952 0.4199538 -0.5534274 0.7192753 0.4863498 -0.5756266 0.6573569 0.2054089 -0.8884543 0.4104343 0.3756174 -0.8315456 0.4091988 0.0458014 -0.09665131 0.994264 0.05878275 -0.08643633 0.9945217 0.1950636 -0.258467 0.946121 0.05867713 -0.08038622 0.9950352 0.2801992 -0.3092936 0.9087496 0.2883966 -0.6785814 0.6755403 0.3104767 -0.6836426 0.6604824 0.06801199 -0.8983866 0.4339077 0.1538802 -0.9334456 0.3240376 0.02491807 -0.1030536 0.9943637 0.1690669 -0.3761635 0.9109981 0.03913533 -0.09039348 0.995137 0.1577183 -0.3705273 0.915333 0.1192095 -0.729649 0.6733509 0.1112172 -0.7235924 0.6812084 -0.7043105 -0.6127089 0.358517 -0.2580163 -0.1988713 0.9454512 -0.07436835 -0.07982468 0.994031 -0.1059598 0.09123051 0.9901766 -0.1070124 0.0933572 0.9898651 -0.1233239 0.1069031 0.9865916 -0.1053869 0.09166461 0.9901977 -0.1079035 0.09518486 0.9895943 -0.1083266 0.0943554 0.9896274 -0.1169402 0.1004372 0.9880473 -0.1070677 0.09399712 0.9897986 -0.1081299 0.09575313 0.9895147 -0.08761918 0.07432103 0.9933778 -0.09955787 0.08514589 0.9913821 0.1141911 0.08683282 0.9896568 0.1139839 0.09624069 0.9888102 0.1057266 0.0939998 0.9899425 0.1146308 0.09942328 0.9884203 0.1072288 0.09156501 0.990009 0.117773 0.1030136 0.9876831 0.1085278 0.09478205 0.9895646 0.1129319 0.09512031 0.9890392 0.1237066 0.1087188 0.9863452 0.1133814 0.09737133 0.9887687 -0.03566634 -0.03753328 0.9986587 0.101537 0.08487814 0.9912043 0.6709546 -0.6484008 0.3597173 -0.8348466 -0.4470447 0.3212199 -0.7634178 -0.58991 0.2630578 -0.6684414 -0.5475537 0.5033597 -0.6844795 -0.5259405 0.5048509 -0.655478 -0.517858 0.5497015 -0.562035 -0.4601479 0.6872996 -0.5461633 -0.4322454 0.7175442 -0.403225 -0.332712 0.8524742 -0.4525206 -0.1627423 0.8767783 -0.3579271 -0.3195967 0.8773518 -0.9303222 -0.2570574 0.2615761 -0.8875756 -0.3412221 0.3094791 -0.8947184 -0.08407199 0.4386467 -0.9701841 -0.1671683 0.1754925 -0.7035737 -0.3014943 0.6434946 -0.5364999 -0.2301005 0.8119248 -0.6735472 -0.2741699 0.6864148 -0.8912182 -0.1838703 0.4146348 -0.8831229 -0.1577798 0.4418138 -0.7498323 -0.1352776 0.6476507 -0.5669732 -0.1173678 0.815332 -0.6932346 -0.01668316 0.720519 -0.7611371 -0.1561193 0.6295214 -0.984656 -0.005675196 0.1744149 -0.9946781 -0.03344959 0.09745061 -0.9782823 0.17147 0.1164554 -0.9836562 0.1510214 0.09804582 -0.9338086 -0.02874362 0.3566164 -0.9107476 -0.005781531 0.412923 -0.9352687 0.1132982 0.3353148 -0.9230592 0.1396346 0.3584186 -0.8068826 -0.02400678 0.5902238 -0.6850342 -0.01367866 0.7283825 -0.7784882 -0.005868732 0.6276318 -0.9646459 0.2620496 0.02807521 -0.6123244 0.07451969 0.7870869 -0.8106355 0.09969502 0.5770019 -0.7968084 0.1188061 0.5924369 -0.911035 0.2403439 0.3350377 -0.9282435 0.217253 0.3019361 -0.8102679 0.1907973 0.5541322 -0.7904019 0.2068043 0.5766254 -0.6006752 0.1389849 0.7873198 -0.626923 0.1930409 0.7547866 -0.9165475 0.3985667 -0.03294456 -0.9058218 0.4226929 0.02859598 -0.8883398 0.3855466 0.249412 -0.8650108 0.4013113 0.3011737 -0.7565149 0.3493971 0.5528172 -0.5216493 0.2164677 0.8252416 -0.7851763 0.3413977 0.5166681 -0.7883368 0.6143953 -0.0323075 -0.8007271 0.5940787 -0.07685548 -0.7871862 0.5808379 0.2072808 -0.7646697 0.5939135 0.2500939 -0.649506 0.7531043 -0.1047664 -0.640078 0.7631777 -0.0886566 -0.6767603 0.5237851 0.5173439 -0.7020123 0.5193409 0.4873027 -0.268573 0.4608909 0.8458418 -0.3880298 0.3429969 0.8554449 -0.4141083 0.28792 0.8634908 -0.6622764 0.7279307 0.177502 -0.6410651 0.7388952 0.2075319 -0.4944252 0.8520817 -0.171757 -0.4426119 0.8882663 -0.1227919 -0.2583476 0.5537369 0.7916008 -0.5732023 0.6582425 0.4880123 -0.4115105 0.4444347 0.795699 -0.5936283 0.6551057 0.4673779 -0.3653989 0.915179 -0.1700916 -0.4981803 0.8487963 0.1770918 -0.5166284 0.8426981 0.1515099 -0.3830009 0.9125446 0.1434319 -0.3692757 0.9167734 0.1521911 -0.4488623 0.7618218 0.4670655 -0.4657185 0.7623873 0.4493016 -0.3510283 0.5710174 0.7421039 -0.2261365 0.9592878 -0.1692023 -0.2362606 0.9543969 -0.1825038 -0.2597094 0.6155687 0.7440607 -0.3463152 0.826103 0.4445444 -0.3347237 0.827367 0.4510254 -0.2293651 0.9627798 0.1429916 -0.2375009 0.9621913 0.133347 -0.03268688 0.982656 -0.1825342 -0.03381925 0.9823734 -0.1838448 -0.1425111 0.7444972 0.6522381 -0.1710819 0.6926524 0.700688 -0.2085197 0.8717682 0.4433283 -0.2161757 0.8738564 0.4354805 -0.03325802 0.9904991 0.1334374 -0.03454113 0.9906501 0.1319827 0.1612614 0.9695925 -0.1840791 0.171182 0.9698859 -0.1732574 0.1001483 0.7583758 0.6440781 -0.02458262 0.7045509 0.7092277 -0.03033947 0.899577 0.4357073 -0.03140014 0.900097 0.4345567 0.1648121 0.9774743 0.1318371 0.1702942 0.97565 0.1382278 0.3683517 0.9168391 -0.1540232 0.3506112 0.9202864 -0.1736229 0.1252673 0.7181506 0.6845202 0.1503934 0.8879509 0.4346551 0.1550309 0.8844085 0.4402126 0.3552007 0.9245501 0.1379848 0.3679643 0.9169411 0.1543421 0.5232979 0.8380818 -0.1542019 0.5482018 0.8270711 -0.1242102 0.6972206 0.7061464 -0.1234537 0.2510834 0.6237559 0.7401931 0.3234095 0.837661 0.4401483 0.3318392 0.8277455 0.4524602 0.5426904 0.820166 0.181149 0.525302 0.8367953 0.1543743 0.2683733 0.5583134 0.7850236 0.4033821 0.6201124 0.6728621 0.4760455 0.7541439 0.45238 0.4850862 0.7369559 0.4707308 0.6854585 0.7219395 -0.09460449 0.8247617 0.562101 -0.06173127 0.6934322 0.6862134 0.2196881 0.6774631 0.7128697 0.1812748 0.8129491 0.5815832 -0.02957922 0.3702792 0.3514854 0.8598554 0.6098439 0.6377789 0.4704558 0.6150011 0.6123549 0.4967848 0.3852197 0.3404639 0.8577239 0.7928118 0.5682836 0.2202349 0.8043339 0.536859 0.2546163 0.9179581 0.3961855 0.01975172 0.9008802 0.4330438 -0.02979898 0.5346697 0.2109466 0.8183092 0.4314653 0.2745281 0.859344 0.7084693 0.4755074 0.5215017 0.7066484 0.5030943 0.4975383 0.8735234 0.4150886 0.2542803 0.8767512 0.3787947 0.2963476 0.9640412 0.2650343 0.01952952 0.9721288 0.22236 0.07430839 0.5365121 0.2277575 0.812577 0.7722234 0.363631 0.5210027 0.7657234 0.3329954 0.5502562 0.9221399 0.2489498 0.2961117 0.9160991 0.2108628 0.3410268 0.9929857 0.09183686 0.07446831 0.9896248 0.04375267 0.1368522 0.8071156 0.2148313 0.5499199 0.793029 0.1849289 0.5804363 0.5984618 0.1394217 0.7889266 0.6341664 0.124051 0.7631804 0.9208838 0.04576444 0.3871415 0.9364334 0.08249622 0.3410085 0.9865874 -0.08864754 0.137066 0.971517 -0.1318896 0.1968755 0.9353388 -0.2944373 0.196082 0.8114884 0.06867909 0.5803189 0.6003693 0.03247332 0.7990633 0.7904871 0.04188787 0.6110447 0.9179751 -0.08620053 0.3871577 0.8943094 -0.1174984 0.4317466 0.8864155 -0.1647958 0.4325622 0.7615361 -0.09784394 0.6406944 0.6796426 -0.0642811 0.7307215 0.787937 -0.07653301 0.6109812 0.7065671 -0.0759589 0.7035576 0.7739071 0.007864713 0.6332502 0.7575772 -0.5983989 0.2607601 0.840537 -0.4525983 0.2977454 0.7655075 -0.5704391 0.2976535 0.6600243 -0.5532817 0.5081805 0.667509 -0.5436072 0.5088448 0.898337 -0.332357 0.2872797 0.5637338 -0.255834 0.7853364 0.6494814 -0.5247337 0.5502985 0.6067901 -0.3880759 0.6936879 0.4487689 -0.1903162 0.8731474 -0.1005844 -0.2402639 0.9654823 0.1805624 -0.2717377 0.9452809 0.3992227 -0.3367158 0.8527859 0.5409425 -0.4378982 0.7180714 0.5544233 -0.4644392 0.6905875 -0.1113604 -0.8931187 0.4358186 -0.2526194 -0.2653514 0.9304687 -0.2526431 -0.2653722 0.9304565 -0.04005283 -0.2740257 0.960888 -0.04827773 -0.27147 0.9612353 -0.9933909 -0.01403975 0.1139183 -0.04837107 -0.4679315 0.8824401 -0.2526373 -0.4533168 0.8547974 -0.9932911 -0.009981691 0.1152091 -0.2526328 -0.4533034 0.8548057 -0.0482887 -0.4680036 0.8824063 -0.04833614 -0.7868213 0.6152852 -0.04834359 -0.6414026 0.76568 -0.247406 -0.8086404 0.533752 -0.9934153 -0.04120129 0.1069045 -0.04835718 -0.6414925 0.7656037 -0.2526406 -0.6213587 0.7416779 -0.2499105 -0.8077454 0.5339402 -0.2526456 -0.6213593 0.7416757 -0.9932094 -0.03185069 0.1118965 -0.9402074 -0.02945965 0.339326 -0.9402119 -0.02943724 0.3393156 -0.993416 -0.06573659 0.09382659 -0.9932044 -0.05449575 0.1028369 -0.9400027 -0.09349435 0.3281064 -0.9400155 -0.0935772 0.328046 -0.8370441 -0.04719728 0.5450959 -0.9936165 -0.1005272 0.05119019 -0.8370397 -0.04726338 0.5450972 -0.9418106 -0.2870877 0.1748526 -0.9933977 -0.08653503 0.07531797 -0.9929479 -0.0982747 0.0663076 -0.9932112 -0.07468324 0.08918529 -0.9400082 -0.1599196 0.3013477 -0.9400138 -0.1598277 0.3013792 -0.8365866 -0.1502691 0.5268226 -0.8365945 -0.1502358 0.5268197 -0.6894558 -0.06249451 0.7216267 -0.6894592 -0.06253826 0.7216197 -0.9400242 -0.219051 0.2614789 -0.8418236 -0.4603059 0.2818713 -0.9400111 -0.2190701 0.26151 -0.9385148 -0.2898508 0.1875545 -0.836574 -0.2566539 0.4840173 -0.8365935 -0.2566534 0.4839839 -0.6888102 -0.1988062 0.6971489 -0.6887989 -0.1987979 0.6971626 -0.5056113 -0.07449489 0.8595393 -0.2953139 -0.08248829 0.9518327 -0.2957507 -0.08177238 0.9517589 -0.2726633 -0.1262455 0.9537908 -0.2646045 -0.143747 0.9535834 -0.5056223 -0.07447534 0.8595345 -0.8365828 -0.3518516 0.4199165 -0.6997824 -0.6086937 0.3738937 -0.8365916 -0.3518165 0.4199282 -0.8329385 -0.4659957 0.2984316 -0.6888265 -0.3396381 0.6404407 -0.6888278 -0.3396726 0.6404209 -0.5049487 -0.2367128 0.8300566 -0.5049389 -0.2367348 0.8300563 -0.524202 -0.7252849 0.4462894 -0.688811 -0.4655776 0.5556771 -0.6834485 -0.6155143 0.3924796 -0.6887947 -0.4655663 0.5557065 -0.06013184 -0.2719089 0.9604426 -0.1441791 -0.2715229 0.9515712 -0.5049369 -0.4043928 0.7625648 -0.5049169 -0.4044106 0.7625687 -0.2539209 -0.1688835 0.9523669 -0.2674471 -0.1735959 0.9478062 -0.1918931 -0.1518172 0.9696024 -0.1571897 -0.1436431 0.977066 -0.1341035 -0.1402643 0.9809905 -0.1207333 -0.1397565 0.9827979 -0.09262681 -0.1401409 0.9857894 -0.06928652 -0.1550559 0.985473 -0.04982918 -0.1834456 0.9817662 -0.3242087 -0.8055646 0.4959381 -0.504947 -0.554296 0.661653 -0.5049548 -0.5543173 0.661629 -0.4993296 -0.7309119 0.4652287 -0.5796712 -0.001484394 0.8148492 -0.5070244 0.004166662 0.8619216 -0.4052827 6.02344e-5 0.9141914 -0.5506832 2.96234e-5 0.8347144 -0.4973133 -1.70836e-5 0.8675711 -0.4938521 -0.002030789 0.8695436 -0.6908156 0 0.7230311 -0.5702685 0 0.8214583 -0.507014 -0.003247141 0.8619317 -0.8379654 -4.31317e-4 0.5457233 -0.9226227 1.25515e-4 0.3857035 -0.9406137 3.94919e-4 0.3394786 -0.6908053 0 0.7230409 -0.8514177 0 0.5244882 -0.9472342 2.1209e-4 0.3205426 -0.8514201 0 0.5244845 -0.9254812 -1.48347e-4 0.3787935 -0.8379655 4.31317e-4 0.5457231 -0.9933392 0 0.115227 -0.9907552 -3.28921e-4 0.1356617 -0.9585191 5.34271e-5 0.2850287 -0.940614 -4.2035e-4 0.3394778 -0.9941201 0 0.1082841 -0.9933394 -1.00656e-4 0.1152258 -0.2340559 -4.27552e-4 0.9722231 -0.2963279 0.002708792 0.9550825 -0.296252 -0.01440215 0.9550013 -0.1570172 0 0.9875959 0 0 1 9.02793e-6 0 1 3.89664e-6 0 1 -3.3923e-6 0 1 -8.36868e-6 0 1 2.71586e-6 0 1 1.1934e-5 0 1 -3.18682e-6 0 1 -9.52155e-7 0 1 -8.0446e-6 0 1 6.11685e-6 0 1 6.62748e-6 0 1 -0.03141528 0.9390798 -0.3422603 -0.0975064 0.9353817 -0.339932 -0.2205897 0.9163909 -0.3340179 -0.2887221 0.8998419 -0.3269928 0.07236433 -0.9372298 0.3411214 -0.4114341 0.8562891 -0.3122355 0.09749597 -0.9350882 0.3407416 -0.4683253 0.8304172 -0.3017929 -0.603646 0.7489869 -0.2731854 0.2885829 -0.8995555 0.3279022 -0.6298426 0.729915 -0.265561 -0.7660408 0.6039903 -0.219949 0.2156168 -0.9176706 0.3337517 -0.7732555 0.5957263 -0.2172236 0.4691042 -0.8297275 0.3024791 -0.8743071 0.456197 -0.1657456 0.3880626 -0.8662491 0.3146744 -0.9589188 0.2668115 -0.09636616 -0.8999447 0.4094868 -0.1497338 0.6298354 -0.7297645 0.2659911 0.5776714 -0.7672265 0.2786741 0.7660534 -0.6038645 0.22025 -0.9985679 0.05046093 -0.01777422 0.7084767 -0.6632355 0.2412045 -0.97692 0.2005194 -0.07361614 0.8743062 -0.4560773 0.1660794 0.7913707 -0.5744854 0.2090428 -0.9893714 -0.1365059 0.05010515 -0.9997888 -0.01952964 0.006412923 0.8779112 -0.4499681 0.1637091 -0.9483816 -0.2979158 0.1087139 -0.9673076 -0.2385441 0.08609837 0.9589263 -0.2663786 0.09748274 0.9528319 -0.2851738 0.1038625 -0.8743041 -0.4561354 0.1659305 -0.766033 -0.604013 0.2199134 -0.8811706 -0.4444101 0.1613639 0.9931592 -0.1098457 0.03960812 0.998568 -0.05006808 0.01884675 -0.6298427 -0.7297569 0.2659944 -0.7463051 -0.6256265 0.2272009 0.9972593 0.06936722 -0.02573305 0.9893783 0.1367277 -0.04935771 -0.6067202 -0.746992 0.2718338 0.9650585 0.2460878 -0.09001618 0.9483758 0.298137 -0.1081562 -0.4683315 -0.8301509 0.3025146 -0.4855789 -0.821457 0.2990342 0.8977754 0.4137625 -0.1509966 0.8742979 0.4562469 -0.1656561 -0.2887851 -0.8995892 0.3276318 -0.1464782 -0.9295992 0.3382154 -0.32029 -0.8903142 0.3236588 -0.04879468 -0.9385744 0.3416097 0.7978213 0.5664013 -0.2065692 -0.1084601 -0.9343435 0.3394685 0.7660527 0.6041483 -0.2194726 0.668844 0.6984366 -0.2546253 0.6298241 0.7300314 -0.2652844 0.5155262 0.8050631 -0.2934386 0.4691019 0.830029 -0.3016544 0.3434583 0.8823857 -0.3216084 0.288551 0.8998748 -0.327053 0.1588885 0.9276109 -0.3380721 0.09743279 0.9353796 -0.3399586 0.09839367 -0.3911814 -0.9150388 0.09817463 -0.3910471 -0.9151197 0.08622491 -0.4077407 -0.9090176 0.2900617 -0.4739053 -0.8314315 0.2539872 -0.5229234 -0.8136594 0.2541066 -0.5231572 -0.8134719 0.8688803 -0.4913429 0.06024265 0.07089102 -0.4219428 -0.9038468 0.6259248 -0.7634189 0.159404 0.6258367 -0.7635505 0.1591194 0.5947694 -0.8017926 -0.05812156 0.5948032 -0.8017557 -0.05828255 0.7613103 -0.6383427 0.1136893 0.7612593 -0.6384096 0.1136557 0.8688263 -0.4914461 0.06018084 0.5340725 -0.8001294 -0.2730557 0.5339777 -0.8001687 -0.2731265 0.8256841 -0.5431734 -0.1523439 0.7234302 -0.6828866 -0.1015622 0.8255989 -0.5433001 -0.1523537 0.7234222 -0.6829234 -0.1013705 0.446341 -0.7586014 -0.4746616 0.446374 -0.7584834 -0.4748194 0.7412391 -0.5680218 -0.3576532 0.6495048 -0.6934599 -0.3118605 0.6495205 -0.693412 -0.3119344 0.7413004 -0.5680685 -0.3574522 0.3361872 -0.6787626 -0.6528856 0.3362488 -0.6787979 -0.6528172 0.6196993 -0.5645836 -0.5451772 0.5429452 -0.6693594 -0.5071179 0.5428282 -0.6693868 -0.507207 0.6195514 -0.564599 -0.5453293 0.2088984 -0.5647438 -0.7983896 0.08611595 -0.4077979 -0.9090021 0.07080197 -0.4219974 -0.9038282 0.208843 -0.5647504 -0.7983995 0.4667125 -0.5326967 -0.7059842 0.4087296 -0.6115944 -0.677416 0.466635 -0.5325687 -0.706132 0.4089705 -0.6116522 -0.6772184 0.2899338 -0.4739572 -0.8314464 0.01487433 -0.1223508 -0.9923756 -0.2529653 -0.7821003 -0.5694979 0.04339909 -0.353439 -0.9344503 -0.2702422 -0.8018297 -0.5329526 0.04307067 -0.3866548 -0.9212182 -0.2407047 -0.968453 -0.06449878 0.02290779 -0.1206413 -0.9924318 -0.2391432 -0.9685912 -0.06812977 0 -0.1520572 -0.9883717 0 -0.2940859 -0.9557791 0 -0.3250709 -0.9456897 0.2977692 -0.933076 0.201749 0.2970887 -0.9323886 0.2058885 -0.2142826 -0.6505681 -0.7285905 -0.1867455 -0.6123399 -0.7682226 0.4719004 -0.8603268 0.1927375 -0.2253226 -0.9140138 -0.3373554 -0.2296756 -0.9160891 -0.328679 0.4598541 -0.8875693 -0.02748036 0.2995012 -0.9517603 -0.06671863 -0.01757246 -0.1543972 -0.9878526 -0.144731 -0.4564102 -0.8779195 0.2981704 -0.9532224 -0.04961502 -0.1060638 -0.3974419 -0.9114771 0.4527444 -0.8897684 -0.05774813 -0.2020218 -0.7967428 -0.569551 0.4250997 -0.8702634 -0.2488614 0.2791477 -0.8996524 -0.3357114 0.2795631 -0.9121032 -0.2998536 -0.1942127 -0.7899093 -0.581657 -0.4707139 -0.8605759 0.1945189 -0.1481572 -0.6063678 -0.7812603 0.403816 -0.8618493 -0.3068363 -0.1600413 -0.6198121 -0.7682576 -0.08986294 -0.4096959 -0.9077853 0.3694789 -0.8086099 -0.4578596 -0.2517023 -0.5360222 -0.8058078 -0.1542354 -0.9660733 0.2071567 -0.4320012 -0.6072753 -0.6667771 0.2371864 -0.7788645 -0.5806142 -0.05134594 -0.9769353 0.2072705 -0.6119572 -0.6147753 -0.4975539 -0.7686824 -0.5576351 -0.3133217 0.2426438 -0.8113943 -0.5317548 0.3275816 -0.7773044 -0.537111 -0.1537439 -0.9665504 0.2052879 0.2953677 -0.7054532 -0.6442778 -0.1573186 -0.3616265 -0.9189544 0.1774275 -0.5994078 -0.7805318 -0.0904861 -0.3763334 -0.922055 -0.03668576 -0.1229413 -0.9917356 0.2299725 -0.6424737 -0.7309858 -0.03484189 -0.149783 -0.9881048 -0.1066128 -0.3973854 -0.9114376 0.1902322 -0.6584965 -0.7281442 -0.1591169 -0.9846521 -0.07170784 0.01149964 -0.2544425 -0.9670195 0.09337991 -0.407604 -0.9083717 0.2070037 -0.5659329 -0.7980411 0.05246484 -0.2373335 -0.9700105 0.1039565 -0.3738442 -0.9216473 -0.1601412 -0.9847686 -0.06771796 0.116797 -0.4660143 -0.8770343 0.125267 -0.462598 -0.8776739 -0.1515163 -0.9257884 -0.3463506 -0.1545221 -0.9286584 -0.3372188 -0.1317733 -0.7934141 -0.5942474 -0.1371954 -0.8017112 -0.581753 -0.03890264 -0.2244048 -0.9737192 -0.1015224 -0.598888 -0.7943717 -0.1095513 -0.6142889 -0.7814395 -0.05112868 -0.9767721 0.2080919 -0.009420275 -0.095227 -0.995411 0.3700798 -0.3688046 -0.8526571 -0.05254763 -0.9958634 -0.07412821 -0.05317413 -0.995994 -0.07189196 -0.0508781 -0.9365814 -0.3467376 0.4717338 -0.8600004 0.1945932 -0.04990082 -0.9353822 -0.3501003 -0.04302227 -0.8000098 -0.5984427 -0.04437094 -0.8026231 -0.594834 -0.03431695 -0.6059869 -0.794734 -0.03248149 -0.6011437 -0.7984807 0.01469933 -0.07846277 -0.9968088 -0.004238486 -0.07848 -0.9969067 -0.02152949 -0.3608396 -0.9323794 -0.01915669 -0.3537994 -0.9351252 0.1026589 -0.9734623 0.20453 0.1022859 -0.9729794 0.2069996 -0.4556651 -0.8897525 -0.02664494 0 -0.9385699 0.3450894 -0.4712263 -0.8619406 0.1870944 0.106087 -0.9916288 -0.07360696 -0.2483885 -0.6816751 -0.6882021 -0.4542413 -0.8887661 -0.06131762 0.1053518 -0.9921231 -0.06777048 -0.03141844 -0.9619447 -0.2714319 0 -0.9983998 -0.05654996 -0.1111912 -0.850309 -0.5144038 0 -0.993699 -0.1120823 -0.097391 -0.3563361 -0.9292683 -0.1398793 -0.6780552 -0.7215781 0.1014607 -0.9317476 -0.3486436 -0.06090086 -0.2240883 -0.9726642 0.1002445 -0.9364501 -0.336173 0.1666139 -0.5560781 -0.8142586 -0.3028561 -0.9522626 0.03839433 0 -0.8715755 -0.4902612 -0.3271441 -0.9242739 0.1967089 0.4612066 -0.7608145 -0.456563 -0.3286198 -0.9429336 -0.05371552 -0.3259735 -0.9431013 -0.06558525 0.08746212 -0.809628 -0.5803905 0.08865934 -0.7975713 -0.5966738 -0.309264 -0.9015222 -0.3026774 -0.3006827 -0.8952046 -0.3289358 0.5533716 -0.5533716 -0.622543 0.2044242 -0.9013151 -0.3818926 0.068825 -0.6000199 -0.797019 -0.2341841 -0.9503893 0.204739 0.0679503 -0.6222128 -0.7798937 0.4082483 -0.8164967 -0.4082483 0 -0.3619856 -0.9321837 -0.2540979 -0.5230211 -0.8135621 -0.07080286 -0.4219735 -0.9038393 -0.08627152 -0.4076901 -0.9090358 -0.2540624 -0.5231058 -0.8135187 -0.09818154 -0.3911387 -0.9150798 -0.0708599 -0.4219129 -0.9038631 -0.8688259 -0.4914543 0.06012004 -0.8688611 -0.4913858 0.06017094 -0.8256229 -0.5432866 -0.1522713 -0.8256897 -0.5431746 -0.1523087 -0.761291 -0.6383883 0.1135627 -0.6258786 -0.7635397 0.1590063 -0.6258959 -0.7634454 0.1593908 -0.7612591 -0.6384015 0.1137018 -0.7412484 -0.5680593 -0.3575742 -0.7412937 -0.5680019 -0.3575717 -0.5947651 -0.8017868 -0.05824571 -0.7234028 -0.6829312 -0.1014569 -0.5948032 -0.8017557 -0.05828255 -0.7234527 -0.6828905 -0.1013748 -0.6196566 -0.5645148 -0.545297 -0.6195302 -0.5646405 -0.5453105 -0.5340908 -0.8001568 -0.2729398 -0.6494304 -0.6934366 -0.312067 -0.649573 -0.693463 -0.3117116 -0.5340039 -0.8001466 -0.2731399 -0.4667478 -0.5326927 -0.7059639 -0.4666202 -0.5326117 -0.7061094 -0.4463765 -0.7585569 -0.4746993 -0.5428838 -0.6693946 -0.5071374 -0.446374 -0.7584834 -0.4748194 -0.542903 -0.6693432 -0.5071845 -0.2899133 -0.4739454 -0.8314602 -0.2900373 -0.4740426 -0.8313615 -0.09840941 -0.3910266 -0.9151033 -0.3362145 -0.6788471 -0.6527836 -0.4088702 -0.6114889 -0.6774265 -0.3361551 -0.6787886 -0.6528751 -0.4087846 -0.6116771 -0.6773082 -0.2088568 -0.5647181 -0.7984187 -0.08611398 -0.4078454 -0.908981 -0.2088697 -0.5647634 -0.7983832 0.2087759 -0.08061069 -0.9746357 0.07102817 -0.2575933 -0.9636393 0.08619302 -0.2719208 -0.9584518 0.2539646 -0.1223201 -0.9594477 0.09832483 -0.2886051 -0.9523862 0.0707314 -0.2578679 -0.9635877 0.8688345 0.4152317 -0.2696468 0.8688736 0.4150158 -0.269853 0.8256309 0.3182792 -0.4658671 0.8256661 0.3181908 -0.4658648 0.7613163 0.5622656 -0.3228852 0.625993 0.6872194 -0.368595 0.6258607 0.6872465 -0.368769 0.7612217 0.5620914 -0.3234112 0.7411675 0.2053274 -0.639149 0.7413278 0.2053719 -0.6389487 0.5948694 0.5768254 -0.5598239 0.7234458 0.4579043 -0.516672 0.7233899 0.4578136 -0.5168306 0.5948125 0.5767224 -0.5599906 0.6198328 0.08194613 -0.7804436 0.619666 0.0820021 -0.7805701 0.5339454 0.4373584 -0.7236159 0.5340329 0.4373767 -0.7235403 0.6494504 0.3308011 -0.6846786 0.6494907 0.3307343 -0.6846727 0.466665 -0.0458123 -0.883247 0.4665534 -0.04577934 -0.8833075 0.4464353 0.2759968 -0.8511882 0.3360504 0.1002857 -0.9364898 0.5430516 0.186821 -0.8186531 0.54291 0.1868456 -0.8187415 0.4464293 0.2761005 -0.8511577 0.2898868 -0.1714589 -0.9415772 0.2900295 -0.1713005 -0.9415621 0.09828007 -0.2885745 -0.9524001 0.2090056 -0.08055007 -0.9745914 0.4088664 0.03320175 -0.9119901 0.4087314 0.03313064 -0.9120532 0.3360849 0.1002529 -0.9364809 0.08623373 -0.2718015 -0.958482 0.2540248 -0.1224657 -0.9594132 -0.08627057 -0.2718024 -0.9584785 -0.2539883 -0.1223097 -0.9594428 -0.8688725 0.4151389 -0.2696671 -0.07074767 -0.2578397 -0.963594 -0.09830349 -0.2885885 -0.9523934 -0.5949003 0.5767818 -0.5598362 -0.6258766 0.6871868 -0.3688536 -0.6260197 0.6871868 -0.3686107 -0.5947569 0.5767265 -0.5600454 -0.7613045 0.5620713 -0.3232513 -0.7612293 0.562197 -0.3232097 -0.8687964 0.4151409 -0.2699095 -0.5339289 0.4373905 -0.7236087 -0.534066 0.4374652 -0.7234624 -0.8256551 0.3181965 -0.4658807 -0.7234118 0.4579699 -0.5166614 -0.8257137 0.3182091 -0.4657682 -0.7234618 0.4579208 -0.5166349 -0.4464251 0.276073 -0.8511688 -0.4464293 0.2761005 -0.8511577 -0.7412464 0.2053037 -0.6390652 -0.6494222 0.330664 -0.6847716 -0.6495034 0.3307024 -0.6846761 -0.7412604 0.2054147 -0.6390133 -0.33614 0.1003167 -0.9364542 -0.3360157 0.1000847 -0.9365237 -0.6197536 0.08199554 -0.7805013 -0.5429633 0.1868061 -0.8187151 -0.5429641 0.1868642 -0.8187014 -0.6196397 0.08193784 -0.7805978 -0.2087866 -0.0804736 -0.9746446 -0.07102608 -0.2577017 -0.9636105 -0.208952 -0.08061599 -0.9745975 -0.4667156 -0.04572141 -0.8832249 -0.4087697 0.03308546 -0.9120377 -0.4665287 -0.0457769 -0.8833208 -0.4087411 0.03318166 -0.9120471 -0.2898557 -0.1714296 -0.9415922 -0.08622843 -0.2720125 -0.9584226 -0.2900207 -0.1714725 -0.9415335 -0.2540842 -0.1224353 -0.9594013 -0.09828716 -0.2885372 -0.9524106 -0.0795955 -0.02709543 -0.996459 0.1885352 -0.02428102 -0.9817663 -0.0806334 -0.05404722 -0.9952774 0.2396243 0.6988297 -0.6739565 -0.02454382 -0.5467695 -0.8369234 -0.01282185 -0.5804939 -0.8141636 -0.05161428 -0.3306427 -0.9423436 0.2415034 0.701898 -0.6700861 -0.05114698 -0.2981426 -0.9531501 -0.29834 0.8426008 -0.4483495 0.01859688 -0.5136851 -0.8577772 0.1450053 -0.2168052 -0.9653854 0.1074724 -0.2796565 -0.954066 -0.2974936 0.8453107 -0.4437875 0.2243749 0.4836904 -0.8459904 0.2290248 0.4921966 -0.8398156 -0.4712958 0.780497 -0.410737 -0.4591311 0.6625534 -0.5917953 -0.3001386 0.6850767 -0.6637671 0.1996708 0.2459406 -0.9484961 0.1914847 0.2314283 -0.953821 -0.2988821 0.6967167 -0.6521161 0.4717477 0.7838186 -0.403835 -0.451079 0.6429091 -0.619028 0.1061461 0.7721419 -0.6265222 0.163062 0.8713877 -0.4627032 -0.4238786 0.5074093 -0.7502419 -0.2805778 0.5050877 -0.8161878 -0.2801533 0.4726382 -0.8355401 0.1439437 -0.03698831 -0.9888944 -0.4020489 0.462694 -0.7901083 0.155942 -0.01688838 -0.9876219 0.7773108 0.2152893 -0.5911334 0.6199942 0.1442683 -0.7712288 0.4374147 0.03246748 -0.8986737 -0.3677152 0.3262127 -0.8708449 0.2546851 -0.1091759 -0.9608415 -0.3261026 0.2520195 -0.9111221 0.09111613 -0.2704092 -0.9584242 0.1667984 0.7072699 -0.6869844 -0.238796 0.2234965 -0.9450004 0.1681742 0.7098948 -0.6839349 -0.244239 0.2804313 -0.928281 -0.2930057 0.1275671 -0.9475623 0.08491426 -0.3030596 -0.949181 -0.1922643 0.03752624 -0.9806255 0.0302723 -0.5418015 -0.8399612 -0.1793074 -0.04260534 -0.9828702 0.02928721 -0.5161783 -0.8559803 0.1013796 -0.2782714 -0.9551373 -0.2282684 0.0249601 -0.9732784 -0.06800311 -0.4455707 -0.8926603 0.1573098 0.4868797 -0.8591867 -0.2043185 -0.07770162 -0.9758158 -0.01147609 -0.5446556 -0.8385814 -0.1058958 -0.3066758 -0.945905 0.1605492 0.4938385 -0.8546038 0.006811082 -0.4188819 -0.9080153 -0.114608 -0.2041925 -0.9721988 -0.1275312 -0.208786 -0.9696103 0.1350868 0.2281579 -0.9642072 0.1404028 0.2396143 -0.9606624 0.109898 -0.03150218 -0.9934436 0.1020138 -0.04764956 -0.9936412 0.01440995 -0.5669171 -0.8236489 0.07107055 -0.3007844 -0.9510404 0.06072735 -0.3201022 -0.9454347 0.06260806 0.8807319 -0.4694589 0.06517583 0.7148681 -0.6962153 0.06554663 0.7160236 -0.6949921 -0.4706931 0.7842664 -0.404196 -0.1051696 0.8268857 -0.5524487 -0.01418298 0.8822747 -0.4705212 0.06229513 0.4913737 -0.8687182 0.06338655 0.4952858 -0.8664146 -0.01404398 0.716222 -0.6977312 -0.01384985 0.7163925 -0.6975601 0.05637377 0.2355363 -0.9702292 -0.1060492 -0.2796372 -0.9542309 0.05433815 0.2278589 -0.9721769 0.4719115 0.7829573 -0.4053117 -0.01295787 0.4922078 -0.8703814 -0.01265734 0.4926239 -0.8701503 0.45989 0.6623005 -0.5914892 0.2517911 0.08082032 -0.964401 0.0450204 -0.04213815 -0.998097 0.4527153 0.6445651 -0.6161046 0.04208266 -0.05280721 -0.9977176 0.04769599 0.559289 -0.8275995 -0.01071119 0.228271 -0.9735388 -0.01021724 0.2285069 -0.9734888 0.1229922 0.3166057 -0.9405497 0.009700238 -0.5664258 -0.8240557 0.1004325 -0.3244519 -0.9405553 0.01042968 -0.5712979 -0.8206766 0.1475179 0.05135142 -0.9877254 0.03013342 -0.3171141 -0.9479086 0.02634632 -0.3300526 -0.9435949 0.0588749 -0.4570012 -0.8875155 -0.05765187 -0.1404251 -0.9884114 0.302084 0.7478107 -0.591206 0.3303338 0.8354361 -0.4392337 -0.007244944 -0.05280667 -0.9985785 -0.006926596 -0.05259406 -0.998592 0.001498997 -0.5802833 -0.8144134 -0.003044426 -0.330142 -0.9439263 -0.002827763 -0.3299244 -0.9440032 -0.1173228 0.8762018 -0.467446 0.3319097 0.6884373 -0.6448954 0.3293428 0.6816424 -0.6533737 0.3035977 0.475156 -0.8258664 -0.122235 0.7109626 -0.692525 0.3120636 0.4954879 -0.8106221 -0.1212855 0.7153369 -0.6881737 -0.1174204 0.4882627 -0.8647614 0.2553749 0.2333413 -0.9382619 0.2722524 0.2699109 -0.9235945 -0.115984 0.4996746 -0.8584131 0.2364001 0.8598749 -0.4524714 -0.1031474 0.2258381 -0.9686888 0.2152974 0.02753847 -0.9761602 -0.1017197 0.2453402 -0.9640858 0.9225329 -0.08780449 -0.3757973 0.9228139 -0.08782625 -0.3751017 0.6132594 -0.3073809 -0.7276194 0.6220995 -0.3069208 -0.7202722 0.7966449 -0.1653386 -0.581395 0.7974194 -0.1661617 -0.5800971 0.4003961 -0.3441421 -0.8492639 0.38666 -0.3436089 -0.8558195 0.6120406 -0.235014 -0.7550991 0.6133295 -0.2357351 -0.7538275 0.1429141 -0.3561367 -0.9234405 -0.1183819 -0.3475149 -0.9301716 -0.09582471 -0.3469889 -0.9329611 0.1610853 -0.358334 -0.9195914 0.3852227 -0.2879344 -0.8767538 0.3875254 -0.2893363 -0.8752763 0.6570997 -0.7519346 -0.05305254 0.6370221 -0.7167038 -0.2837932 -0.1188173 -0.3345404 -0.9348611 0.5634125 -0.6575599 -0.5001813 -0.1064675 -0.3240161 -0.9400416 0.4412242 -0.580372 -0.6844631 0.1446444 -0.3220774 -0.9355984 0.2803186 -0.4935491 -0.8233049 0.1416719 -0.3200889 -0.9367349 0.09220236 -0.4042835 -0.9099746 0.9672704 0.06975734 -0.2439713 0.98206 0.08454334 -0.1685546 0.9191339 1.03491e-4 -0.3939453 0.9297906 -0.1424589 -0.3394038 0.9148511 -0.002116441 -0.4037858 0.7679946 -0.5467256 -0.33358 0.8024377 -0.08227837 -0.5910365 0.6687873 -0.0221973 -0.7431224 0.8915879 0.1769765 -0.4168337 0.7905032 -0.08612102 -0.6063728 0.6081322 -0.1678522 -0.7758873 0.9414363 0.2609372 -0.213564 0.6310479 -0.1627421 -0.7584811 0.5003312 -0.117566 -0.8578152 0.6064198 -0.05357456 -0.7933378 0.3838716 -0.2378708 -0.892222 0.883566 0.1995506 -0.4236634 0.3063966 -0.2065086 -0.9292337 0.4026058 -0.1582288 -0.9015944 0.7694386 0.1499922 -0.6208597 0.4192804 -0.2329633 -0.8774578 0.1426296 -0.289802 -0.9463993 -0.05850422 -0.3241364 -0.9441996 -0.05725324 -0.3288209 -0.9426552 0.09700226 -0.2855518 -0.9534416 0.1810549 -0.2499822 -0.9511719 0.1895713 -0.2864589 -0.9391508 0.9504433 -0.3103307 -0.01877319 0.9516576 -0.3070911 -0.006545007 0.5141931 -0.4485515 -0.7310316 0.882575 0.1809641 -0.4339511 0.9611388 -0.1445405 -0.2352026 0.9801217 -0.1856743 -0.06990492 0.8014742 -0.0158407 -0.5978195 0.9148752 -0.2693579 -0.3007488 0.9141572 -0.2686293 -0.3035708 0.6372905 -0.195738 -0.7453505 0.7944523 -0.3347715 -0.5067285 0.7920222 -0.3327986 -0.5118065 0.4135596 -0.3221917 -0.851564 0.6183145 -0.3804841 -0.687691 0.6135244 -0.3770198 -0.6938616 -0.08761298 -0.36453 -0.9270609 0.1705653 -0.3781906 -0.9098788 0.3935344 -0.3959223 -0.8296845 0.401465 -0.401465 -0.823196 -0.09709572 -0.3562492 -0.9293326 0.1673864 -0.3970447 -0.9024065 0.1569082 -0.3891007 -0.9077337 0.9700763 -0.1292798 -0.2055206 0.9240644 -0.1776311 -0.3384558 0.9224838 -0.1783233 -0.3423807 0.9903017 -0.00171858 -0.1389236 0.7971373 -0.2500267 -0.5495989 0.801684 -0.2490711 -0.5433841 -0.9224731 -0.174659 -0.344293 -0.9228358 -0.1734794 -0.343917 -0.6131983 -0.2322189 -0.7550247 -0.6220279 -0.2279893 -0.7490676 -0.7966474 -0.2470652 -0.5516447 -0.7973073 -0.2459882 -0.5511723 -0.3867624 -0.2869309 -0.876405 -0.4006313 -0.2821209 -0.8717238 -0.6119552 -0.3054039 -0.7295474 -0.6133766 -0.3039175 -0.7289742 -0.1427976 -0.3209017 -0.9362857 0.1183993 -0.3316894 -0.9359294 0.09578388 -0.3340418 -0.9376788 -0.1609873 -0.3164565 -0.9348468 -0.3872755 -0.3411235 -0.8565352 -0.6570273 0.542105 -0.5238677 -0.6370214 0.3666258 -0.6780777 -0.3853091 -0.3428297 -0.8567408 -0.5633914 0.1821784 -0.8058543 -0.4413344 0.00468868 -0.8973305 -0.1416698 -0.3568286 -0.9233651 -0.2803186 -0.1513032 -0.9479076 -0.1447992 -0.3545054 -0.9237745 -0.09208476 -0.2750565 -0.957008 0.106459 -0.355928 -0.9284298 0.1187967 -0.3445653 -0.9312155 -0.9672269 -0.2103395 -0.1422304 -0.9820601 -0.1731012 -0.07479208 -0.9191417 -0.2533089 -0.3016839 -0.9298267 -0.1090883 -0.351457 -0.9148854 -0.2578818 -0.3106154 -0.768202 0.2038964 -0.6068706 -0.8023023 -0.3170709 -0.5057443 -0.8915545 -0.4035346 -0.2056464 -0.7905231 -0.3236343 -0.5199368 -0.9414253 -0.337199 0.003916978 -0.608077 -0.3701761 -0.7022907 -0.6651535 -0.4689175 -0.5811086 -0.6086179 -0.4613778 -0.6455345 -0.8835269 -0.4252527 -0.1963169 -0.6311141 -0.3628974 -0.6855658 -0.7695859 -0.5138189 -0.3791145 -0.419313 -0.385465 -0.8219449 -0.4956004 -0.4719899 -0.729113 -0.4050745 -0.4484344 -0.7967568 -0.3837528 -0.3913135 -0.8364255 -0.1895738 -0.3842055 -0.9035751 0.05707246 -0.3540035 -0.9335011 -0.1425137 -0.3863429 -0.9112789 0.05825197 -0.3587527 -0.9316133 -0.09701591 -0.3941138 -0.9139269 -0.3007118 -0.4511216 -0.8402748 -0.1839357 -0.4083976 -0.8940801 -0.9504469 0.2258286 -0.213664 -0.9516652 0.2309904 -0.202427 -0.5141872 -0.12633 -0.8483234 -0.882543 -0.4176967 -0.2159799 -0.9611451 -0.04045468 -0.2730633 -0.9801671 0.09738987 -0.1725918 -0.801512 -0.3720554 -0.4681382 -0.9148173 0.01322072 -0.4036517 -0.9141673 0.01090091 -0.4051905 -0.6372839 -0.3291403 -0.6968041 -0.7944205 -0.06936132 -0.6033947 -0.7920237 -0.07418149 -0.6059667 -0.4137243 -0.3004533 -0.8593952 -0.6182576 -0.1505154 -0.771429 -0.6134721 -0.15722 -0.7739083 0.08745539 -0.3166469 -0.9445032 -0.1703479 -0.2951626 -0.9401387 -0.393821 -0.2298269 -0.8899914 -0.4013043 -0.2215246 -0.8887529 0.09712439 -0.3243607 -0.9409341 -0.1673361 -0.275763 -0.9465482 -0.1569239 -0.2855324 -0.9454343 -0.9700734 -0.03310394 -0.2405448 -0.9240971 -0.08142918 -0.3733819 -0.9224628 -0.08357334 -0.3769322 -0.9903009 -0.08783024 -0.1076571 -0.7972738 -0.1617218 -0.5815502 -0.8016453 -0.1584309 -0.5764238 -0.1119263 -0.3398749 -0.9337868 -0.09789484 -0.3432348 -0.9341341 -0.3302301 -0.3243176 -0.8864345 -0.2134826 -0.3340188 -0.9180722 -0.06349641 -0.3413231 -0.9377989 -0.1867939 -0.3356642 -0.9232755 -0.1120154 -0.3351123 -0.9354957 -0.3065392 -0.3219637 -0.8957528 -0.5320779 -0.2895818 -0.7956352 -0.3447359 -0.3210463 -0.8820922 -0.3302419 -0.3222963 -0.887167 -0.7070897 -0.2418478 -0.66448 -0.5320417 -0.2896034 -0.7956516 -0.8467174 -0.181975 -0.4999548 -0.7071027 -0.2418422 -0.6644684 -0.9438839 -0.1129698 -0.3103565 -0.8467278 -0.1819556 -0.4999445 -0.9937103 -0.03829991 -0.1052291 -0.9438928 -0.1129336 -0.3103426 -0.9937102 -0.03830438 -0.1052271 0 -0.3420336 -0.9396877 0 -0.3420262 -0.9396905 -4.02078e-5 -0.3420227 -0.9396918 0 -0.9720839 0.2346336 0 -0.9999226 0.01244568 0 -0.9720767 0.2346634 0 -0.9776336 -0.2103158 0 -0.9063045 -0.4226256 0 -0.977627 -0.2103459 0.004367291 -0.7895332 -0.6136924 -0.004629254 -0.7571053 -0.6532765 0 -0.7783856 -0.6277866 -0.004851758 -0.6331736 -0.7739948 -0.002779424 -0.6495231 -0.7603369 8.55637e-4 -0.5717568 -0.8204228 -0.007325887 -0.4450569 -0.8954724 -0.001466691 -0.4842049 -0.8749535 7.60685e-4 -0.6835903 -0.7298656 -0.002652466 -0.7895458 -0.6136859 0 -0.3911381 -0.9203321 0.001132786 -0.6028196 -0.7978767 0.004794657 -0.6331668 -0.7740005 0.001799702 -0.4398501 -0.8980695 0 -0.4450694 -0.8954961 0 -0.3420163 -0.939694 4.02087e-5 -0.3420352 -0.9396872 0 -0.2346629 -0.9720768 -5.23911e-4 -0.2363349 -0.9716716 0 -0.2937948 -0.9558686 -0.004508197 -0.01247668 -0.9999121 2.55936e-5 -0.06006306 -0.9981946 -0.001016259 0.04550218 -0.9989637 0.002401113 0.2103676 -0.9776195 5.16292e-4 -0.08184796 -0.9966447 0.002323389 -0.1927865 -0.981238 0.007768392 -0.2346512 -0.9720486 0.001420378 0.03480589 -0.9993931 0.005822539 -0.01247692 -0.9999053 0.00762695 0.1412298 -0.9899475 0 0.1938809 -0.9810252 -0.00448215 0.2103748 -0.9776106 0 0.4225929 -0.9063196 0 0.4225938 -0.9063193 0 0.6137116 -0.7895303 0 0.7739951 -0.6331917 0 0.7740036 -0.6331813 0 0.895472 -0.445118 0 0.8954913 -0.4450793 -4.02089e-5 -0.3420369 -0.9396866 1.74562e-5 -0.3420192 -0.939693 0 -0.3420054 -0.9396981 -1.74561e-5 -0.3420346 -0.9396874 0 -0.3419995 -0.9397002 4.02081e-5 -0.3420199 -0.9396927 0.5797107 0.001490116 0.8148211 0.5070244 -0.004169821 0.8619216 0.4052933 -6.03307e-5 0.9141868 0.5506609 -2.96222e-5 0.8347291 0.4973424 1.69003e-5 0.8675544 0.4938498 0.00203973 0.8695449 0.5702685 0 0.8214583 0.507014 0.003247141 0.8619317 0.8379537 4.32551e-4 0.5457413 0.9254493 -1.48337e-4 0.3788719 0.9406223 -4.20676e-4 0.339455 0.6908053 0 0.7230409 0.6908156 0 0.7230311 0.8514262 0 0.5244746 0.9585189 5.34271e-5 0.285029 0.8514295 0 0.5244691 0.9933423 -1.00153e-4 0.1152002 0.9225122 1.24542e-4 0.3859682 0.8379537 -4.32551e-4 0.5457413 0.9941231 0 0.1082566 0.9472731 2.09805e-4 0.3204274 0.940622 3.96044e-4 0.3394557 0.9907554 -3.30048e-4 0.1356605 0.9933421 0 0.1152015 0.2962439 0.01439857 0.9550039 0.1570143 0 0.9875963 0.2340502 4.27584e-4 0.9722244 0.2963206 -0.002704501 0.9550847 0.7288418 -0.2469378 -0.6386012 0.8743973 0.1112377 -0.4722876 0.8775399 0.1271899 -0.4623274 0.7530506 -0.1130394 -0.6481798 0.7322764 -0.1609481 -0.6617152 0.7187908 0.4303053 -0.546056 0.8527187 0.3401165 -0.3964741 0.8591368 0.2040357 -0.4693117 0.8685484 0.2543277 -0.4253717 0.7617506 0.01902443 -0.6475911 0.7547819 0.001755654 -0.6559735 0.5187385 -0.375251 -0.7681779 0.5604887 -0.3097507 -0.7680541 0.7598901 0.1614266 -0.6296891 0.7555526 0.1500579 -0.6376699 0.5877908 -0.1429753 -0.796279 0.5654348 -0.182753 -0.8042916 0.7481118 0.318226 -0.5822894 0.5533272 0.5138985 -0.6555436 0.7236751 0.4402853 -0.5314539 0.7334229 0.2793692 -0.6197127 0.3196951 -0.4114871 -0.8535066 0.1412259 -0.3826847 -0.9130212 0.110703 -0.4190232 -0.9012017 0.3625053 -0.3639161 -0.8579948 0.5901635 0.005823731 -0.8072627 0.5979099 0.02053695 -0.8013002 0.3853431 -0.1696606 -0.9070425 0.1438695 -0.1828898 -0.9725497 0.1601101 -0.2089096 -0.9647392 0.367843 -0.192244 -0.9097988 0.5959081 0.1898027 -0.7803002 0.5914082 0.1809011 -0.7858188 0.1624156 0.01947081 -0.9865303 0.1689417 0.008537828 -0.9855891 0.3939829 0.01971542 -0.9189064 0.3877943 0.01119899 -0.921678 0.9925844 -0.01053887 -0.1211009 0.5562563 0.5180049 -0.6498077 0.9362766 -0.1714008 -0.3066072 0.3498547 0.5814644 -0.7345073 0.5835964 0.3700795 -0.7228115 0.5671578 0.3386782 -0.7507525 0.1630736 0.2255059 -0.9604969 0.3925428 0.2089878 -0.8956754 0.9918119 -0.06496453 -0.1099486 0.389121 0.2041323 -0.8982844 0.1685625 0.21669 -0.961578 0.1216033 0.597302 -0.7927441 0.1445176 0.4326581 -0.8898997 0.1395013 0.6183569 -0.7734171 0.1603171 0.4101472 -0.8978183 0.3694157 0.3850196 -0.8457494 0.9936509 -0.01072871 -0.1119951 0.3830233 0.402713 -0.8313336 0.3584195 0.5906611 -0.7229489 0.936367 -0.1924574 -0.2935591 0.9856681 -0.08515793 -0.145625 0.9936597 0.04178887 -0.1043745 0.950693 -0.03703159 -0.3079149 0.9434587 -0.09644687 -0.3171494 0.933139 0.1790342 -0.3117666 0.9788499 0.1543748 -0.1342435 0.983004 0.1030998 -0.1519001 0.9530752 0.01655936 -0.3022803 0.9509094 -0.004416704 -0.3094382 0.8301447 -0.2666563 -0.489647 0.8575938 -0.1664947 -0.4866336 0.9522467 0.08696836 -0.2926821 0.9507514 0.07023566 -0.3018921 0.8586598 -0.1335878 -0.4948309 0.8734216 -0.073942 -0.4813185 0.8454509 0.308216 -0.4361372 0.9384498 0.246945 -0.2415165 0.9435029 0.1249577 -0.3069006 0.9474387 0.1766694 -0.2667358 0.879006 0.01884585 -0.4764382 0.8742676 -0.002338349 -0.4854388 0.6908023 -0.3262104 -0.6452745 0.09975355 0.7808691 -0.6166789 0.3075478 0.8631041 -0.4005818 0.2888654 0.9234271 0.2526643 0.1237274 0.8703354 0.4766634 0.9933309 0.09027421 -0.07172393 0.9395154 0.2927494 -0.1777886 0.9330681 0.3512583 0.07746881 0.9804139 0.1720594 0.09583461 0.9882971 0.1161273 -0.09891116 0.9940425 0.1084895 -0.01047599 0.9455005 0.2432305 -0.2164895 0.846455 0.5102276 0.1522554 0.9534031 0.3003016 -0.02900755 0.9470138 0.280035 0.1573062 0.9536181 0.2997143 -0.02800035 0.8304076 0.4524241 -0.3251702 0.8725088 0.4289506 -0.2339441 0.7230436 0.6462032 0.2441915 0.8673299 0.4558373 0.1998786 0.8748653 0.4824226 -0.04334986 0.874161 0.4835317 -0.04516309 0.67195 0.6176313 -0.4086745 0.7324978 0.5916288 -0.3367825 0.5584771 0.7710836 0.3058324 0.739844 0.6702389 -0.05840086 0.7301412 0.6353301 0.2514948 0.7384613 0.6715906 -0.06034046 0.4822331 0.7411475 -0.4670672 0.2862666 0.8344331 -0.4709277 0.2461279 0.9497976 -0.1931469 0.2387292 0.8634323 -0.4444021 0.5452259 0.7274379 -0.4166089 0.3539354 0.8682288 0.3477193 0.24564 0.9688268 0.03218203 0.5450173 0.7838796 0.2974709 0.2880146 0.9541684 -0.08130425 0.5561218 0.8280993 -0.07057076 0.2395071 0.9264952 0.2902465 0.5544505 0.8290774 -0.07221716 0.09939819 -0.8727724 0.4779 0.3066864 -0.9180575 0.2512248 0.2899528 -0.8680985 -0.402905 0.1241775 -0.7786859 -0.6150026 0.9933224 -0.1024448 0.05306333 0.9392047 -0.3222933 0.1184136 0.9336799 -0.3282302 -0.1432022 0.9804561 -0.1502589 -0.1269971 0.9884659 -0.1325624 0.07322901 0.9940409 -0.1085031 -0.0104829 0.9456599 -0.2785267 0.1677805 0.8476738 -0.4711399 -0.2438778 0.9536778 -0.2994349 -0.02893936 0.94686 -0.246581 -0.206529 0.9534572 -0.300222 -0.02803897 0.8298118 -0.504156 0.2392471 0.8730136 -0.4638573 0.1506115 0.7246869 -0.5903679 -0.3553799 0.8668459 -0.4134593 -0.2786209 0.874315 -0.4834104 -0.04344934 0.8750035 -0.4820176 -0.04503107 0.6705125 -0.6804547 0.2956254 0.7336221 -0.6408468 0.2260842 0.5605669 -0.704957 -0.4345118 0.7386506 -0.6715427 -0.05853104 0.7291056 -0.5828617 -0.3587163 0.7399646 -0.6699462 -0.0602039 0.4802944 -0.8106477 0.3349145 0.2843828 -0.9027389 0.3227831 0.2456386 -0.9688271 0.03218185 0.5466936 -0.7874369 0.2847267 0.2393106 -0.9255238 0.2934898 0.3558108 -0.7959781 -0.4897117 0.246111 -0.9497857 -0.1932272 0.5437214 -0.7225778 -0.4269058 0.2880146 -0.9541684 -0.08130425 0.5562666 -0.8278663 -0.07214492 0.5545567 -0.8291408 -0.07065719 0.2388988 -0.8647968 -0.4416491 0.498968 0.4654892 -0.7309931 0.0773164 0.4534469 -0.8879235 0.8833434 -0.2480863 -0.3976905 0.9061262 -0.1597502 -0.3916829 0.9741689 0.06477272 -0.216332 0.9758948 0.1132516 -0.1865569 0.9184311 -0.06468957 -0.3902561 0.90849 -0.1104971 -0.4030343 0.6883835 -0.5034559 -0.5221689 0.7643138 -0.370782 -0.5275845 0.9038036 0.3543327 -0.2399737 0.9645407 0.1110938 -0.2394145 0.9643778 0.1709831 -0.2018427 0.9656705 0.2066152 -0.1574501 0.9197177 0.03210097 -0.3912659 0.9192898 0.02986037 -0.3924472 0.8050733 -0.235955 -0.5442262 0.7709602 -0.3077151 -0.5576127 0.9150143 0.1708427 -0.3654607 0.9093287 0.1300363 -0.3952364 0.4937462 -0.5757337 -0.6517249 0.1031876 -0.6121308 -0.7839952 0.6175099 -0.4628394 -0.6359728 0.8116621 -0.1371856 -0.5677895 0.8275853 -0.09821355 -0.5526815 0.3246646 -0.3840475 -0.8643497 0.2941349 -0.550696 -0.7811649 0.4727706 -0.5640696 -0.6769886 0.8955447 0.3057612 -0.3232798 0.8169316 0.4563563 -0.3526498 0.8843794 0.3006357 -0.3570591 0.8869777 0.2254706 -0.4030305 0.6297776 -0.3568229 -0.6899694 0.6690277 -0.2980622 -0.6808531 0.8300055 0.039586 -0.5563487 0.3081747 0.5065136 -0.8052778 0.831075 0.04257434 -0.5545287 0.1254948 0.7160196 -0.6867074 0.991149 -0.12481 -0.04523724 0.5281944 -0.3517248 -0.7728521 0.1040546 -0.3205961 -0.9414834 0.2561735 -0.4277416 -0.8668404 0.4963815 -0.3680626 -0.7862159 0.6796214 -0.1594493 -0.7160242 0.9945261 -0.08325749 -0.06313621 0.6983871 -0.126528 -0.7044475 0.8242067 0.2189949 -0.5222303 0.9965416 -0.03960841 -0.07304942 0.8137598 0.1850126 -0.5509678 0.9424997 -0.2699652 -0.1970109 0.5424011 -0.1622267 -0.8243079 0.2689483 -0.1442621 -0.9522895 0.9649089 -0.1088237 -0.2389737 0.2759377 -0.1656177 -0.9467994 0.558332 -0.1527716 -0.8154302 0.702441 0.04781496 -0.7101342 0.9972553 0.005807161 -0.073812 0.7040508 0.05121934 -0.7083001 0.702047 0.548951 -0.453633 0.974016 -0.07038342 -0.2152655 0.7945014 0.3869202 -0.4680387 0.961777 -0.1754428 -0.2102497 0.7754918 0.3219413 -0.5431079 0.7646518 0.4474728 -0.4637627 0.2791612 0.06514096 -0.9580322 0.9936609 -0.04300248 -0.1038697 0.277908 0.06879019 -0.9581416 0.9965808 0.05122929 -0.06482642 0.5653851 0.05628013 -0.8229049 0.5636334 0.0550965 -0.8241856 0.9785014 -0.02772194 -0.2043689 0.973751 -0.08016109 -0.2130334 0.6957398 0.259676 -0.6697123 0.6827791 0.2318231 -0.6928714 0.9654709 0.188185 -0.1801451 0.9903638 0.1035102 -0.09200698 0.2669302 0.299976 -0.9158399 0.2748373 0.2799229 -0.9198412 0.9906504 0.09832984 -0.09456777 0.5580025 0.2778403 -0.7819452 0.8440273 -0.3828687 -0.375539 0.5453203 0.2699051 -0.793585 0.2534824 0.5464512 -0.7982092 0.8829939 -0.2525174 -0.3956725 0.6170149 0.5564148 -0.5565027 0.5534803 0.6331188 -0.5411286 0.6348531 0.4010171 -0.6604142 0.6600946 0.4536198 -0.5987524 0.9785627 0.01668161 -0.2052724 0.3540104 0.6893109 -0.6320817 0.9786144 0.01737397 -0.2049689 0.4763113 0.6391403 -0.6038438 0.5259168 0.4804605 -0.7018328 0.1156921 0 -0.9932852 0.1156544 0 -0.9932895 0.3408139 0 -0.9401308 0.3407971 0 -0.9401369 0.547718 0 -0.8366631 0.5477313 0 -0.8366544 0.7253274 0 -0.6884042 0.7253455 0 -0.6883851 0.8640987 0 -0.5033226 0.8640939 0 -0.5033308 0.5469666 0.5660868 -0.6167441 0.994071 0.07353448 -0.08009773 0.5469483 0.5661432 -0.6167087 0.7227165 0.5537241 -0.4136067 0.722707 0.5537415 -0.4136 0.8626892 0.1684561 -0.4768541 0.3402884 0.5473251 -0.7646169 0.8626794 0.1684647 -0.476869 0.1154937 0.5781227 -0.8077347 0.9507769 0.1801724 -0.2521137 0.3403325 0.547294 -0.7646196 0.9506921 0.1805038 -0.2521964 0.8624442 0.4671194 -0.1949093 0.863765 0.2451253 -0.4402541 0.8624013 0.4672031 -0.194898 0.8637474 0.2451754 -0.440261 0.9502437 0.3080571 -0.04623514 0.9502198 0.308131 -0.04623669 0.1583214 0.7030361 -0.6933071 0.9507398 0.2096428 -0.2283501 0.1154537 0.6717177 -0.7317553 0.9507554 0.2095711 -0.2283511 0.3402096 0.635863 -0.692774 0.3401831 0.6359208 -0.6927339 0.9939979 0.1088828 0.0106222 0.9940068 0.1029272 0.03683185 0.9935987 0.1067901 0.03684431 0.5452705 0.09469479 -0.8328945 0.5452798 0.09468823 -0.832889 0.9940058 0.10881 0.0106253 0.5447969 0.6718534 -0.5018061 0.7231281 0.2301055 -0.6512582 0.5448183 0.6718114 -0.5018393 0.7231315 0.2300588 -0.6512709 0.7227083 0.637869 -0.2661127 0.8637258 0.2933132 -0.409811 0.8637156 0.2933533 -0.4098041 0.7227279 0.6378408 -0.2661269 0.1149359 0.1122139 -0.9870147 0.9940055 0.08759737 -0.06542205 0.8624384 0.5005565 -0.07512181 0.9940075 0.08757209 -0.0654242 0.8624162 0.5005956 -0.07511663 0.9428212 0.3159228 0.1062128 0.9502525 0.3100059 0.03027617 0.9502291 0.3100782 0.03027343 0.724837 0.3351277 -0.6019143 0.9501911 0.2930774 0.1060299 0.7248216 0.3351782 -0.6019047 0.155094 0.8411713 -0.5180508 0.0646432 0.7995138 -0.597159 0.3385165 0.7538875 -0.5630809 0.3385515 0.7538647 -0.5630906 0.8636598 0.340883 -0.3713361 0.8636618 0.3408773 -0.3713366 0.544836 0.7738833 -0.3228907 0.5447967 0.7739177 -0.3228747 0.3388956 0.1062688 -0.934803 0.1149353 0.1122034 -0.9870159 0.3388563 0.1062863 -0.9348154 0.7226942 0.6835161 -0.1025614 0.7227274 0.6834803 -0.1025663 0.9502385 0.2495804 -0.1864309 0.8445523 0.5061188 0.1748579 0.9502177 0.2496581 -0.1864326 0.8624274 0.503785 0.0491892 0.8620375 0.4748845 0.1771331 0.8624237 0.5037918 0.04918611 0.06928968 0.9206802 -0.3841184 0.5452786 0.279216 -0.7903859 0.1492106 0.9368421 -0.3163276 0.5452358 0.2792439 -0.7904055 0.3385466 0.8683984 -0.3623129 0.72478 0.4009924 -0.5602669 0.3385229 0.8684131 -0.3622996 0.544831 0.8292598 -0.1244487 0.7247686 0.4010186 -0.5602629 0.5447751 0.829297 -0.124446 0.9940059 0.1008986 -0.04209393 0.7040725 0.6702904 0.2345054 0.7223355 0.6490089 0.2387863 0.9940069 0.1008877 -0.04209452 0.7227109 0.6878798 0.06716066 0.722728 0.6878623 0.06715542 0.547102 0.4072353 -0.7313268 0.1405553 0.985202 -0.09808862 0.5471126 0.4071958 -0.7313409 0.3385316 0.9305346 -0.1396487 0.07664406 0.9860166 -0.1479764 0.3385382 0.9305326 -0.139646 0.7246405 0.4660277 -0.5076559 0.5289177 0.8003025 0.2824217 0.5445135 0.7879484 0.287476 0.7246267 0.4660471 -0.5076577 0.5448088 0.8345906 0.08149862 0.862426 0.4055368 -0.3029213 0.5447695 0.8346173 0.08148753 0.8624106 0.4055712 -0.3029193 0.3385423 0.936497 0.09144634 0.3279772 0.8901355 0.3163698 0.1291102 0.9836252 0.1257467 0.08670586 0.9915168 0.09683346 0.1112726 0.9322993 0.344146 0.09904807 0.9361096 0.3374735 0.803211 0.06730937 -0.5918798 0.3383793 0.8847035 0.3206235 0.3385227 0.9365038 0.09144902 0.8626788 0.05713748 -0.5025146 0.1149488 0.3309161 -0.9366329 0.3389001 0.3133878 -0.8870936 0.1149077 0.3308974 -0.9366446 0.3388854 0.3134131 -0.8870902 0.547077 0.4872027 -0.6806912 0.5470634 0.4872555 -0.6806643 0.8626855 0.05712813 -0.5025039 0.9264402 0.136551 -0.3508027 0.9502348 0.2875136 -0.1199578 0.9502421 0.1037194 -0.2937384 0.9502238 0.2875509 -0.1199557 0.9910635 0.07746624 -0.1085917 0.1589255 0.5294566 -0.8333178 0.340396 0.4574238 -0.8215193 0.3403624 0.457407 -0.8215426 0.1154665 0.4831881 -0.867869 0.9940067 0.1081085 -0.01622575 0.9506997 0.1508581 -0.2709465 0.7231188 0.07802331 -0.6863029 0.9940058 0.1081169 -0.01622545 0.723133 0.07801252 -0.6862891 0.5296596 0.8079341 -0.2582699 0.5296742 0.8079246 -0.2582699 0.8997358 0.379005 -0.2164046 0.8168587 0.5007908 -0.2862702 0.3284925 0.9408813 -0.08267474 0.328473 0.940888 -0.08267688 0.1113028 0.9848621 0.1328846 0.1112938 0.9315204 0.3462423 0.1112832 0.931517 0.3462547 0.1112808 0.9848641 0.1328893 0.6949658 0.684902 -0.2189334 0.6949729 0.6848923 -0.2189409 0.5296864 0.8449379 -0.07424426 0.5296635 0.8449529 -0.07423812 0.9618298 0.2373842 -0.1361333 0.989275 0.1281335 -0.07012081 0.9305064 0.3234894 -0.1717923 0.9941846 0.09688675 -0.04700982 0.8165367 0.5498751 -0.1757991 0.8165381 0.5498765 -0.1757881 0.3284798 0.8853285 0.3290814 0.3284544 0.885338 0.3290813 0.3284732 0.9360306 0.1263016 0.3284456 0.9360414 0.1262934 0.6949668 0.7162823 -0.06293481 0.6949654 0.7162839 -0.06293314 0.9986488 0.04580432 -0.02454698 0.5296888 0.7950443 0.2955243 0.5297062 0.79503 0.2955313 0.5296754 0.8405847 0.1134085 0.5297065 0.8405631 0.1134229 0.9943485 0.1020496 -0.02927505 0.9300253 0.3500421 -0.1119076 0.9925193 0.1162912 -0.03717476 0.9300035 0.3501016 -0.1119042 0.8165031 0.5751255 -0.05053359 0.8165421 0.5750699 -0.05053538 0.694997 0.7125543 0.09615391 0.7050525 0.6640027 0.249001 0.6949337 0.6740248 0.2505153 0.6949605 0.7125912 0.09614497 0.930005 0.3661368 -0.03216838 0.994148 0.1077904 -0.007145106 0.9300199 0.3660988 -0.03217005 0.9927823 0.1194704 -0.01049578 0.8165228 0.5721279 0.07720315 0.8166034 0.5415704 0.1996509 0.8454596 0.4990664 0.1900813 0.8165354 0.5721108 0.077196 0.9936404 0.1053787 0.03967821 0.9300156 0.3642199 0.04914164 0.1182971 0.8556067 -0.5039274 0.9930604 0.11655 0.01572579 0.9432456 0.311284 0.1157153 0.9302331 0.3461959 0.1217162 0.993912 0.1089892 0.01613491 0.1112698 0.8568572 -0.5034033 0.9933481 0.1079331 0.04012674 0.9300093 0.3642355 0.0491454 0.3368771 0.8119977 -0.4766272 0.3285441 0.8152003 -0.4769773 0.111285 0.9466016 -0.3025907 0.1112751 0.9466003 -0.3025985 0.5341913 0.7303552 -0.4257006 0.6855036 0.6293773 -0.3660179 0.5298407 0.7331086 -0.4264044 0.3284733 0.8996629 -0.2875972 0.3285029 0.8996475 -0.2876115 0.1112821 0.9899742 -0.08699166 0.111272 0.9899759 -0.08698421 0.806202 0.5122871 -0.2959735 0.6952563 0.6223793 -0.3595314 0.9977958 -0.04690086 -0.04694586 0.9801969 -0.1432947 -0.1366775 0.9944729 -0.06543594 -0.08210831 0.8467435 -0.3749235 -0.3774359 0.9348806 -0.2542832 -0.2476662 0.9480994 -0.2192954 -0.2302542 0.7212428 -0.4919054 -0.4876863 0.8448965 -0.3761153 -0.3803778 0.5565907 -0.5923494 -0.5825195 0.6880133 -0.5060638 -0.5201319 0.3526263 -0.6678095 -0.6555038 0.489975 -0.6102629 -0.6224981 0.1227118 -0.7055557 -0.6979491 0.2878294 -0.6743581 -0.6799967 0.1010879 -0.7034702 -0.7034991 0.9395622 0.3423426 -0.004973351 0.9395496 0.3423768 -0.004972755 0.1483464 0.7437223 -0.651821 0.09950232 0.7396101 -0.6656396 0.3507835 0.6960994 -0.6264157 0.3508313 0.6960393 -0.6264556 0.9805359 0.175834 0.08735972 0.9929662 0.1030824 0.05824363 0.9930725 0.1145437 0.02620923 0.9930664 0.1145964 0.02620869 0.5532068 0.7336965 -0.3945273 0.5532159 0.7336836 -0.3945385 0.7187289 0.6729912 -0.1746764 0.7187208 0.6729977 -0.1746843 0.8453966 0.5340828 -0.007759213 0.8453409 0.5341711 -0.007755935 0.9359881 0.3135794 0.1599814 0.9395612 0.3337578 0.07635885 0.939555 0.3337758 0.07635593 0.9393848 0.3046567 0.1572912 0.09292405 0.8769252 -0.4715585 0.1547131 0.8779509 -0.4530631 0.3508204 0.8247623 -0.4435002 0.3508248 0.824754 -0.4435121 0.5532387 0.8063028 -0.2092914 0.553182 0.8063434 -0.209285 0.09942167 -0.8749683 0.4738627 0.7187469 0.6951987 -0.01009756 0.7186879 0.6952595 -0.01009798 0.8495184 0.4692761 0.2410361 0.8451433 0.476148 0.2429319 0.8453577 0.5207499 0.1191216 0.8453502 0.5207592 0.1191341 0.160849 0.9602573 -0.2281088 0.08660411 0.9642875 -0.2502988 0.3507859 0.9064232 -0.235258 0.3508234 0.9064085 -0.2352584 0.5532215 0.8329463 -0.01210761 0.5532133 0.8329519 -0.0120933 0.7246984 0.6121426 0.3163762 0.7182919 0.6188718 0.3178909 0.718719 0.67779 0.1550605 0.7187153 0.677796 0.1550514 0.1666938 0.9859598 0.009832084 0.3507731 0.9363618 -0.01359319 0.3508352 0.9363384 -0.01361316 0.0804823 0.9966509 -0.01447594 0.5600136 0.7351696 0.3819823 0.5525938 0.7404015 0.3826825 0.5531819 0.8120831 0.1857711 0.5532385 0.8120425 0.1857802 0.3552621 0.8289301 0.4320459 0.172344 0.9536421 0.2467069 0.07457715 0.9721027 0.2223845 0.06069761 0.8851397 0.4613498 0.3502109 0.8311571 0.4318914 0.3508067 0.9128682 0.2088218 0.3508177 0.9128583 0.208846 0.997847 0.05864059 0.02937394 0.1237547 0.8725624 0.4725671 0.9933193 -0.1021843 0.05362141 0.9920779 -0.1123293 0.05624556 0.9395383 -0.3032875 0.1590116 0.9397074 -0.3028213 0.1589003 0.9921994 -0.1215222 0.02780139 0.9939322 -0.1064897 0.0275495 0.845501 -0.4713701 0.2508751 0.8297249 -0.495265 0.2574284 0.9395403 -0.3315228 0.0857709 0.9395315 -0.3315477 0.08577108 0.9923173 -0.1237061 -0.001797556 0.9938472 -0.1107549 0.001103758 0.6709492 -0.6566569 0.3444254 0.7186137 -0.6113342 0.3314588 0.8452854 -0.5172868 0.1338174 0.8453138 -0.517239 0.1338224 0.9395273 -0.3424573 0.003412544 0.939538 -0.3424278 0.003413259 0.9937549 -0.1085631 -0.02579396 0.9924417 -0.1187821 -0.0308296 0.4813965 -0.7746317 0.4101261 0.5529338 -0.7311592 0.399588 0.7186455 -0.673214 0.17416 0.7186597 -0.673197 0.1741667 0.8452699 -0.5343132 0.005325376 0.8453263 -0.534224 0.005325675 0.9395357 -0.3331799 -0.07914531 0.939522 -0.3332167 -0.07915151 0.2866027 -0.8445187 0.4523793 0.3505342 -0.8209453 0.4507489 0.1203702 -0.8709107 0.4764722 0.9936558 -0.09994065 -0.05157577 0.9925627 -0.1072212 -0.05764615 0.5531316 -0.8065396 0.2086613 0.5531252 -0.806546 0.2086531 0.7186911 -0.6952949 0.006931841 0.7186409 -0.695347 0.006928563 0.8452926 -0.5198375 -0.1234892 0.8453137 -0.5198046 -0.1234827 0.9395414 -0.3042982 -0.1570495 0.9395263 -0.3043437 -0.1570519 0.3507302 -0.9066278 0.2345513 0.1204611 -0.9610786 0.2486307 0.1204288 -0.9610773 0.2486511 0.3507506 -0.9066205 0.2345494 0.9926907 -0.08970117 -0.08074069 0.9935489 -0.08529943 -0.07472997 0.5531056 -0.8330699 0.008304595 0.5531113 -0.8330661 0.008303582 0.7186232 -0.6765733 -0.160715 0.7186744 -0.6765196 -0.1607124 0.8453319 -0.4747294 -0.2450429 0.8452779 -0.4748389 -0.2450171 0.9395346 -0.2575477 -0.2257074 0.9395377 -0.2575398 -0.225704 0.1204428 -0.992671 0.009891569 0.1204643 -0.9926685 0.009887874 0.3507197 -0.936434 0.00932914 0.3507581 -0.9364197 0.009335696 0.9928159 -0.06741517 -0.09885257 0.993441 -0.06531554 -0.09385651 0.5530942 -0.8105641 -0.1925426 0.5531426 -0.8105284 -0.1925542 0.718644 -0.6179412 -0.3189038 0.7186391 -0.6179478 -0.318902 0.8453061 -0.4018095 -0.3521459 0.8452935 -0.4018215 -0.3521627 0.9395375 -0.1956062 -0.2810831 0.9395357 -0.1956237 -0.2810769 0.1204484 -0.9658424 -0.2294355 0.3507485 -0.9111158 -0.2164338 0.3507453 -0.9111163 -0.2164369 0.1204475 -0.9658446 -0.2294269 0.9929422 -0.04167813 -0.1110344 0.9933239 -0.04115533 -0.1077678 0.5530937 -0.7403503 -0.3820586 0.5531582 -0.7402883 -0.3820855 0.7186644 -0.5229306 -0.4583286 0.7186191 -0.5230095 -0.4583097 0.8452923 -0.3052005 -0.4385585 0.8452919 -0.3051953 -0.4385632 0.9395387 -0.1221691 -0.3199091 0.9395358 -0.122173 -0.319916 0.1204665 -0.8821687 -0.455265 0.1204574 -0.8821688 -0.4552674 0.3507457 -0.8321821 -0.4294773 0.3507253 -0.8322058 -0.4294477 0.9930702 -0.01403421 -0.1166819 0.9931991 -0.01412677 -0.1155689 0.5531207 -0.6265515 -0.5490818 0.5531068 -0.6265404 -0.5491085 0.7186447 -0.3972197 -0.5707595 0.7186714 -0.3971873 -0.5707483 0.8453001 -0.1906121 -0.4991341 0.8452892 -0.1906332 -0.4991444 0.9395381 -0.04153698 -0.339916 0.9395343 -0.04153519 -0.3399269 0.3507616 -0.7042716 -0.617226 0.3507326 -0.7042853 -0.6172268 0.1204391 -0.7465862 -0.6542963 0.1204561 -0.7465746 -0.6543063 0.99307 0.01403319 -0.1166833 0.9930705 0.0140382 -0.1166794 0.5531155 -0.4758747 -0.6838177 0.5531255 -0.4758781 -0.6838071 0.7186494 -0.2480856 -0.6496126 0.7186527 -0.2480663 -0.6496163 0.8453077 -0.06480044 -0.5303356 0.8452939 -0.06480568 -0.530357 0.9395589 0.04088395 -0.3399379 0.9395592 0.04089313 -0.3399358 0.3507583 -0.5349287 -0.7686482 0.1204292 -0.5670595 -0.8148254 0.1204558 -0.5670588 -0.814822 0.3507404 -0.5349235 -0.76866 0.9930704 0.04129678 -0.1100265 0.9930706 0.0412994 -0.1100244 0.5531219 -0.2972164 -0.7782792 0.5531281 -0.297205 -0.7782793 0.718639 -0.08433753 -0.6902502 0.7186502 -0.08434689 -0.6902374 0.8453631 0.06379485 -0.5303691 0.8453494 0.06379616 -0.5303909 0.9395598 0.1203298 -0.3205437 0.939557 0.120338 -0.3205487 0.1204684 -0.3541666 -0.9273906 0.3507409 -0.3340911 -0.8748508 0.1204313 -0.3541584 -0.9273986 0.3507532 -0.3340947 -0.8748445 0.9930681 0.06624823 -0.09709292 0.9930706 0.06621348 -0.09709095 0.553114 -0.1010455 -0.8269552 0.5531393 -0.1010573 -0.8269367 0.7187168 0.08303445 -0.6903272 0.7187268 0.0830332 -0.6903169 0.8453539 0.1877511 -0.5001264 0.845365 0.1877433 -0.5001108 0.9395551 0.1929426 -0.2828593 0.9395668 0.1928932 -0.2828543 0.1204097 -0.1204097 -0.9853948 0.350743 -0.1135886 -0.9295575 0.3507421 -0.1135864 -0.9295581 0.1204596 -0.1204119 -0.9853885 0.9930689 0.08737337 -0.07861489 0.9930719 0.08733749 -0.07861655 0.5532358 0.0994724 -0.8270643 0.5531856 0.09949302 -0.8270955 0.7187249 0.2443699 -0.6509363 0.7187125 0.2443844 -0.6509445 0.8453429 0.3010078 -0.4413498 0.8453605 0.3009961 -0.4413244 0.9395598 0.2545018 -0.2290338 0.9395556 0.254507 -0.2290451 0.1277673 0.1202981 -0.9844816 0.1204646 0.1185565 -0.9856128 0.3508287 0.1118389 -0.9297372 0.3508232 0.111832 -0.9297402 0.9930717 0.1034935 -0.05565905 0.9930727 0.1034844 -0.05565822 0.5532197 0.2927928 -0.7798848 0.553238 0.2927672 -0.7798815 0.718722 0.3917737 -0.5744146 0.7187267 0.3917694 -0.5744116 0.8453398 0.3971107 -0.3573566 0.8453552 0.3970588 -0.3573782 0.9395633 0.301539 -0.1621573 0.939557 0.3015617 -0.1621524 0.3508111 0.3291509 -0.8766934 0.1349104 0.3535033 -0.9256536 0.1132352 0.3491948 -0.9301832 0.3508221 0.3291182 -0.8767012 0.9930686 0.1137671 -0.02952611 0.99307 0.1137561 -0.02952563 0.5532073 0.4694088 -0.6881985 0.553229 0.4693566 -0.6882166 0.7187516 0.5167706 -0.4651283 0.7187268 0.5168205 -0.4651113 0.8453551 0.4704939 -0.2530029 0.8453413 0.4705187 -0.2530024 0.939572 0.3313691 -0.08601701 0.9395604 0.3314017 -0.08601868 0.3508178 0.5276489 -0.7736366 0.141742 0.5654496 -0.8125121 0.1062914 0.5602554 -0.821472 0.3508085 0.5276388 -0.7736477 0.993069 0.1175205 -0.001706182 0.9930728 0.1174893 -0.001706957 0.5532107 0.6191985 -0.5572713 0.5531957 0.6192196 -0.5572628 0.7187379 0.6123527 -0.3293024 0.7187142 0.6123958 -0.329274 0.8453449 0.5170884 -0.1342082 0.8453468 0.5170844 -0.1342103 0.09847521 0.7036756 -0.7036643 0.2841573 0.6804224 -0.6754851 0.1202359 0.6987475 -0.7051917 0.4781391 0.6258707 -0.6161729 0.3467296 0.6582827 -0.6681636 0.6676476 0.5316063 -0.5211925 0.5494065 0.5862628 -0.5953558 0.8273241 0.4016336 -0.3927152 0.7153331 0.4905002 -0.4977029 0.8427737 0.3801068 -0.3811189 0.9385964 0.2477126 -0.2401568 0.9325663 0.2556933 -0.2548356 0.9933121 0.08848732 -0.07417029 0.9794543 0.1406887 -0.144485 0.9977065 0.04789304 -0.04783385 0.9437353 -0.0168069 -0.3302745 0.8460373 0.2144637 -0.4880841 0.94373 -0.01677322 -0.3302913 0.6913772 -0.2955176 -0.6592928 0.8460459 0.2144184 -0.4880894 0.7066895 0.2037661 -0.6775466 0.7049283 -0.2989814 -0.6431844 0.7067304 0.203662 -0.6775352 0.329847 -0.04797226 -0.9428148 0.8452572 -0.1138517 -0.5220901 0.1545986 0.006242454 -0.9879577 0.329869 -0.04797905 -0.9428068 0.111823 -0.05049109 -0.9924446 0.8452634 -0.1138233 -0.5220864 0.9431102 0.1910147 -0.2721335 0.9936872 0.0202496 -0.1103443 0.9431046 0.1910552 -0.2721242 0.531226 0.1529642 -0.8333072 0.9437122 0.01972723 -0.3301792 0.9437128 0.01968622 -0.3301797 0.5312311 0.1529803 -0.833301 0.9925571 0.04383343 -0.1136187 0.1117 0.05924439 -0.9919745 0.9937006 0.03226876 -0.1073212 0.3298151 0.05627018 -0.9423671 0.3298298 0.05629187 -0.9423607 0.9936209 0.08515894 -0.07392823 0.9936219 0.1004819 -0.05117595 0.846397 -0.02708452 -0.5318635 0.9936178 0.0851975 -0.07392746 0.8463906 -0.02702361 -0.5318765 0.7060859 0.2848429 -0.648311 0.5188888 -0.3535012 -0.778326 0.110701 -0.4193882 -0.9010321 0.7060735 0.2848597 -0.6483172 0.5297487 -0.3572698 -0.7692365 0.5316322 0.2438902 -0.8111011 0.5316544 0.2438147 -0.8111092 0.7049372 -0.1510819 -0.692992 0.7049338 -0.1510691 -0.6929982 0.8449278 0.3073493 -0.4377596 0.8449484 0.3073207 -0.43774 0.1533692 0.2226989 -0.9627478 0.1116942 0.1794282 -0.9774098 0.3296883 0.1704726 -0.9285714 0.9436572 0.05976355 -0.3254835 0.3296852 0.1704504 -0.9285765 0.9436667 0.05974769 -0.3254587 0.9431032 0.2962977 -0.1508777 0.943112 0.2962693 -0.1508788 0.9430997 0.2511178 -0.2179514 0.8463395 0.03177028 -0.5316956 0.9431128 0.2510672 -0.2179531 0.8463277 0.03175514 -0.5317153 0.9936205 0.1004948 -0.0511769 0.5309132 0.3409025 -0.7758329 0.993677 0.04516184 -0.1027937 0.5309157 0.340878 -0.775842 0.1118665 0.2861123 -0.9516437 0.9437761 0.09520447 -0.3165798 0.3299859 0.2717865 -0.9040141 0.3299808 0.271805 -0.9040105 0.7044417 0.4078306 -0.5808926 0.943763 0.09520685 -0.3166182 0.7044696 0.4077914 -0.5808863 0.8449267 0.4766546 -0.2426919 0.7065945 -0.03594326 -0.7067053 0.7065937 -0.0359686 -0.7067048 0.3197144 -0.396746 -0.8604506 0.8449606 0.4765824 -0.2427154 0.8449364 0.4039332 -0.3506001 0.111298 -0.4196842 -0.9008207 0.8449437 0.4039223 -0.3505951 0.3284083 -0.4003487 -0.8554934 0.5297232 -0.1806742 -0.8287039 0.1484709 0.4286099 -0.891207 0.3294343 0.3798427 -0.8644031 0.3294225 0.3797878 -0.8644316 0.111685 0.3997527 -0.9097936 0.5297173 -0.1806631 -0.82871 0.8462412 0.09619671 -0.524044 0.5292098 0.487559 -0.694423 0.5292046 0.4875376 -0.694442 0.8462348 0.09619671 -0.5240542 0.7044669 0.6324534 -0.32207 0.7065232 0.04221749 -0.7064295 0.7044834 0.6324538 -0.3220331 0.1112761 0.8906803 -0.4408019 0.9930636 -0.04366183 -0.1091709 0.704449 0.5360174 -0.465228 0.7065243 0.04215657 -0.7064321 0.7044687 0.5359815 -0.4652394 0.3280619 0.5427914 -0.7731448 0.992602 -0.04314726 -0.113489 0.9435744 0.1332266 -0.3031802 0.1398255 0.6142984 -0.7765864 0.06851738 0.5732581 -0.8165051 0.9373568 -0.1339637 -0.3215835 0.3280972 0.5427747 -0.7731416 0.5291614 0.6408081 -0.5561955 0.529203 0.7561096 -0.3850227 0.9435751 0.1332191 -0.3031811 0.9433948 -0.135908 -0.302548 0.5292231 0.6407377 -0.5562178 0.5291438 0.7561452 -0.3850342 0.8464812 0.1533074 -0.5098692 0.9924973 -0.01457017 -0.1213959 0.8464974 0.1533054 -0.5098428 0.07904756 0.7528421 -0.6534373 0.3280917 0.7133665 -0.6192448 0.9944102 -0.02248132 -0.103166 0.3280884 0.8417943 -0.4286499 0.1274576 0.770893 -0.6240822 0.3281103 0.8417915 -0.4286383 0.531488 -0.04307669 -0.8459698 0.09330356 0.8872337 -0.4517863 0.3280805 0.713399 -0.6192132 0.5314918 -0.04303139 -0.8459697 0.9936203 0.06479156 -0.09230774 0.9936963 -0.005670011 -0.1119629 0.8315834 -0.2209506 -0.5095584 0.9936189 0.06482011 -0.09230279 0.845345 -0.2239397 -0.4850187 0.1113227 -0.2116919 -0.9709757 0.3284751 -0.2011939 -0.9228354 0.3284704 -0.2012016 -0.9228355 0.111277 -0.2117092 -0.9709772 0.943242 -0.07075387 -0.3244819 0.7063586 0.1278352 -0.6962153 0.9432417 -0.07074409 -0.3244848 0.9924812 0.01518791 -0.1214517 0.7063453 0.1278086 -0.6962337 0.5313845 0.05049699 -0.8456245 0.9936932 0.006669402 -0.1119356 0.5314232 0.05049276 -0.8456003 0.111957 0.9337805 -0.3398819 0.3302752 0.8869603 -0.3228309 0.1119876 0.9337859 -0.3398569 0.5320297 0.7956606 -0.289601 0.3302803 0.8869614 -0.3228227 0.707102 0.6644681 -0.2418449 0.5320168 0.7956711 -0.2895959 0.8467279 0.4999451 -0.1819535 0.7071009 0.6644662 -0.2418532 0.9438696 0.3104004 -0.1129682 0.8467482 0.4999077 -0.1819615 0.9937128 0.1052094 -0.03828972 0.9438843 0.3103568 -0.1129658 0.9937153 0.1051841 -0.03829175 0.6210988 -0.009753286 -0.7836717 0.5229869 0.7193774 -0.4571444 0.3233454 0.7986671 -0.5075221 0.2175317 0.7554549 -0.6180357 0.1113073 -0.2331858 -0.966041 0.2252069 0.6059 -0.7629988 0.2622059 0.7985313 -0.5418449 0.6210891 0.1648285 -0.7662114 0.6210637 0.1648597 -0.7662253 0.9936339 -0.001401484 -0.1126488 0.9432327 -0.07799029 -0.3228462 0.8935671 0.07331585 -0.4429025 0.9936354 -0.02642983 -0.1095 0.6209374 0.333424 -0.7094119 0.6209464 0.3333914 -0.7094194 0.9936375 0.02359336 -0.1101267 0.8998941 -0.005474984 -0.4360742 0.9936351 -0.001326918 -0.1126385 0.8999059 -0.005391657 -0.436051 0.8409465 0.4567272 -0.2901885 0.6986787 0.6038345 -0.3837081 0.6208754 0.4874923 -0.6138934 0.6208712 0.4874854 -0.6139032 0.619627 0.628996 -0.4694961 0.9936417 0.04743307 -0.1021097 0.8999013 0.09173107 -0.426337 0.8998928 0.09171098 -0.4263592 0.9936344 0.02366453 -0.1101396 0.1112828 0.8899142 -0.442345 0.9936518 0.0690546 -0.08881157 0.9936214 0.04797494 -0.1020547 0.8998401 0.185535 -0.3947968 0.899838 0.1855525 -0.3947933 0.9936573 0.08710366 -0.07112103 0.9413918 0.2847052 -0.1808988 0.900978 0.308628 -0.3049383 0.8998078 0.2712919 -0.3416823 0.993123 0.09880423 -0.06280612 0.9936076 0.07022541 -0.08838832 0.8997997 0.2713622 -0.341648 0.9936329 -0.02642792 -0.1095227 0.9936318 0.1009151 -0.05012178 0.5296162 -0.1990708 -0.8245469 0.328463 -0.2216587 -0.9181392 0.2224654 -0.135079 -0.9655376 0.2211787 -0.01217192 -0.9751574 0.2211872 -0.01214128 -0.9751558 0.2212067 0.2051683 -0.9534012 0.2211867 0.4121282 -0.8838705 0.2211852 0.2051482 -0.9534103 0.8452154 -0.1254017 -0.5195052 0.7048492 -0.1664624 -0.6895491 0.6232747 -0.07077008 -0.7787942 0.2196659 0.5987085 -0.7702565 0.2228624 0.4146403 -0.8822731 0.6210581 -0.009742558 -0.783704 0.1120034 -0.3398462 -0.9337879 0.09789645 -0.3375129 -0.9362166 0.3302733 -0.3213391 -0.8875026 0.2134224 -0.3342427 -0.9180048 0.06342995 -0.3413232 -0.9378033 0.1868374 -0.3363886 -0.9230031 0.1119517 -0.3446129 -0.9320456 0.3066586 -0.3290883 -0.893119 0.3447437 -0.321052 -0.8820871 0.3302571 -0.3233582 -0.8867749 0.5320183 -0.2896036 -0.7956673 0.5320512 -0.2895859 -0.7956517 0.7071076 -0.2418268 -0.6644687 0.7070783 -0.2418689 -0.6644846 0.8467341 -0.1819556 -0.4999336 0.8467232 -0.1819843 -0.4999416 0.9438841 -0.1129477 -0.310364 0.9438765 -0.1129782 -0.3103756 0.993713 -0.03829485 -0.1052044 0.9937137 -0.0382837 -0.1052026 0.6210832 -0.7836835 0.009783565 0.5229907 -0.4571146 -0.7193936 0.3233669 -0.5075104 -0.798666 0.2175636 -0.6180099 -0.7554667 0.1112774 -0.9660395 0.233206 0.225229 -0.7630047 -0.6058843 0.2621902 -0.5418817 -0.7985115 0.6210752 -0.7662138 -0.1648692 0.6210739 -0.7662222 -0.1648355 0.9936441 -0.1125585 0.001415729 0.9432365 -0.3228546 0.07790946 0.8935984 -0.4428449 -0.07328331 0.9936313 -0.1095372 0.02643048 0.6209439 -0.7094073 -0.3334218 0.6209613 -0.709393 -0.3334197 0.9936378 -0.1101025 -0.0236935 0.8999001 -0.436062 0.005461096 0.993631 -0.1126751 0.001396119 0.8998868 -0.4360899 0.005419135 0.8409683 -0.2902132 -0.4566713 0.6986573 -0.3837127 -0.6038565 0.6208984 -0.6138752 -0.487486 0.6208674 -0.6139061 -0.4874865 0.6196401 -0.4695121 -0.6289711 0.9936313 -0.1021258 -0.04761683 0.8999062 -0.4263328 -0.0917024 0.8998863 -0.4263674 -0.09173667 0.9936323 -0.1101517 -0.02369475 0.1112532 -0.4423233 -0.8899286 0.9936178 -0.1020947 -0.04796129 0.8998396 -0.3947911 -0.1855495 0.8998413 -0.3947825 -0.1855602 0.9936606 -0.07127523 -0.08693945 0.9935857 -0.08931368 -0.06935876 0.9413839 -0.1809343 -0.2847089 0.9009636 -0.3049596 -0.3086494 0.9936448 -0.0881111 -0.07004725 0.8998051 -0.3416694 -0.2713173 0.9931213 -0.06279295 -0.09882944 0.8998094 -0.3416594 -0.2713154 0.9936289 -0.1095564 0.02644008 0.9936407 -0.05003964 -0.1008676 0.5296401 -0.8245325 0.1990666 0.3284401 -0.9181553 0.2216259 0.2225032 -0.9655337 0.1350451 0.2211961 -0.9751539 0.01213365 0.2211892 -0.9751554 0.01214194 0.2211862 -0.9534165 -0.2051187 0.221184 -0.883855 -0.4121628 0.2211822 -0.9534185 -0.2051136 0.8452058 -0.5195167 0.1254186 0.7048323 -0.6895685 0.1664534 0.6232625 -0.7788044 0.07076662 0.2196458 -0.7702557 -0.598717 0.2228556 -0.8822666 -0.4146578 0.6210712 -0.7836937 0.009742438 0.9937146 -0.1051918 0.03828972 0.9937127 -0.1052094 0.03828942 0.9438709 -0.3103964 0.1129682 0.9438748 -0.3103842 0.1129692 0.8467096 -0.4999736 0.1819603 0.8467436 -0.4999145 0.1819641 0.7070919 -0.6644778 0.2418481 0.7071245 -0.6644423 0.2418502 0.5320289 -0.7956627 0.2895964 0.532018 -0.7956706 0.2895951 0.3302977 -0.8869533 0.322827 0.3303015 -0.8869506 0.3228305 0.1119719 -0.9337827 0.3398711 0.1119757 -0.9337834 0.339868 0.1404997 -0.2569499 0.9561573 0.1558353 -0.2477717 0.9562033 0.1113536 -0.2748291 0.9550232 0.1090546 -0.2726045 0.9559257 0.5061752 -0.05755013 0.8605085 0.3296048 -0.0975905 0.9390617 0.1113546 -0.4655539 0.8779862 0.1113623 -0.4656337 0.8779429 0.3286527 -0.2590004 0.9082435 0.3286873 -0.2589939 0.9082328 0.6900507 -0.04681247 0.7222455 0.5311735 -0.08805 0.8426756 0.1113753 -0.6382042 0.7617684 0.1113637 -0.7828283 0.6121912 0.111372 -0.6382201 0.7617555 0.2226521 -0.8266052 0.5168654 0.3286733 -0.4424586 0.8343887 0.3286358 -0.4424952 0.834384 0.09947997 -0.2729471 0.9568719 0.5299312 -0.2325453 0.8155341 0.5299513 -0.2325149 0.8155297 0.837501 -0.03273683 0.5454544 0.7063112 -0.0748564 0.7039325 0.3238073 -0.8021984 0.501624 0.3238019 -0.8022011 0.5016233 0.3286491 -0.6065216 0.7239623 0.3286609 -0.606547 0.7239357 0.5299119 -0.3973485 0.7492046 0.5299814 -0.3972941 0.7491844 0.7051733 -0.1944187 0.6818593 0.7051359 -0.1944619 0.6818857 0.9404954 -0.01640677 0.3394103 0.8462485 -0.05826991 0.5295927 0.5235868 -0.7223978 0.4516617 0.5236115 -0.7223557 0.4517005 0.5299411 -0.5445808 0.6500726 0.5299379 -0.5445976 0.6500611 0.1113563 -0.8931269 0.4358029 0.705151 -0.3322147 0.6264148 0.7051392 -0.3322286 0.6264209 0.9750817 -0.07958978 0.2070778 0.8454074 -0.1464788 0.5136442 0.9690725 -0.1960178 0.149919 0.9488971 -0.08654433 0.3034872 0.8453904 -0.1465084 0.5136637 0.7051453 -0.4553421 0.5435382 0.6992185 -0.6061702 0.3790135 0.7051383 -0.4553582 0.5435338 0.6992228 -0.6061564 0.3790277 0.9932456 -0.01404488 0.1151785 0.8454267 -0.2501862 0.4718692 0.8454101 -0.2502486 0.4718659 0.9750735 -0.1273416 0.1817026 0.9745373 -0.1050269 0.1981071 0.8453956 -0.3430401 0.4094262 0.9745475 -0.1439611 0.1718499 0.9709088 -0.07302778 0.228042 0.9750068 -0.1676278 0.1458169 0.8453959 -0.3429725 0.4094825 0.9415524 -0.2856262 0.1785967 0.8413475 -0.4582802 0.2865551 0.8413422 -0.4582936 0.286549 0.9936249 -0.1004502 0.05117857 0.2956534 -0.06408691 0.9531432 0.1370947 -0.1843194 0.9732581 0.1504811 -0.1585978 0.9758085 0.1601452 -0.1442073 0.9765029 0.1679239 -0.1353417 0.9764652 0.1721567 -0.1297311 0.9764897 0.1891695 -0.1134871 0.9753644 0.2158296 -0.09590309 0.97171 0.2444757 -0.08211624 0.9661721 0.291676 -0.06510621 0.9542989 0 -0.9396924 0.3420207 0 -0.9396928 0.3420199 -0.003844201 -0.4684787 0.8834665 -0.002955198 -0.4060972 0.9138251 0.005494892 -0.2742598 0.96164 -0.001431941 -0.6421973 0.7665381 5.04025e-4 -0.5447446 0.838602 -9.08841e-4 -0.5270325 0.8498448 0.005910575 -0.4684972 0.8834452 0 -0.6538058 0.7566625 0.001552045 -0.6421992 0.7665362 0 -0.7877374 0.6160112 0 -0.7877383 0.6160103 0 -0.8987231 0.4385166 0 -0.8987095 0.4385446 0.02633374 -0.2741798 0.9613178 0 0 -1 0 0.1129649 -0.9935991 0 0.333098 -0.9428923 0 0.1129662 -0.9935989 0 0.5362607 -0.8440524 0 0.3330999 -0.9428917 0 0.7120143 -0.702165 0 0.536265 -0.8440498 0 0.8514741 -0.5243967 0 0.7120268 -0.7021524 0 0.9474484 -0.3199087 0 0.8514794 -0.5243882 0 0.9950807 -0.09906888 0 0.9474554 -0.3198882 0 0.9950818 -0.09905695 0 0.9919264 0.1268151 0 0.9381381 0.3462617 0 0.9381379 0.3462622 0 0.8622181 -0.5065373 0 0.9525133 -0.3044971 0 0.8622168 -0.5065395 0 0.9961619 -0.08753007 0 0.9525142 -0.3044944 0 0.9910195 0.1337177 0 0.9961618 -0.08753156 0 0.9373394 0.3484178 0 0.9910201 0.1337137 0 0.9373402 0.3484157 0 -0.6154322 -0.78819 0 -0.6154217 -0.7881982 0 -0.4060326 -0.9138587 0 -0.4060407 -0.9138551 0 -0.1723151 -0.9850419 0 0.07160562 -0.997433 0 0.3112634 -0.9503237 0 0.311257 -0.9503258 0 0.5323978 -0.8464944 0 0.5324085 -0.8464877 0 0.7217243 -0.6921808 0 0.7217351 -0.6921694 1 -1.03847e-5 0 1 7.36811e-5 0 1 -9.79624e-5 0 1 -7.03928e-5 0 1 4.53463e-4 0 1 -5.82065e-6 0 1 -1.06654e-5 0 1 1.82012e-5 0 1 5.09289e-5 0 1 1.08609e-5 0 1 2.83704e-5 0 0.9999999 -6.6357e-4 0 1 4.48736e-5 0 1 1.78947e-5 0 1 4.04057e-7 0 1 -1.09594e-5 0 1 -6.87314e-6 0 1 -3.85868e-6 0 1 -1.38763e-6 0 1 -5.74132e-6 0 1 -1.89962e-6 0 1 1.64201e-6 0 1 -8.4246e-6 0 1 1.53612e-5 0 1 2.6143e-6 0 1 1.7838e-6 0 1 -1.03115e-6 0 1 -2.70195e-6 0 1 -8.73787e-7 0 1 -1.72236e-4 0 1 -2.53165e-4 0 1 -5.76513e-6 0 1 2.66853e-5 0 -0.1156951 0 -0.9932848 -0.3407971 0 -0.9401369 -0.1156573 0 -0.9932892 -0.5477313 0 -0.8366544 -0.3408139 0 -0.9401308 -0.7253327 0 -0.6883986 -0.547718 0 -0.8366631 -0.8640939 0 -0.5033308 -0.7253145 0 -0.6884177 -0.8640987 0 -0.5033226 -0.8637156 0.2933533 -0.4098041 -0.704544 0.6676188 0.2406306 -0.7227025 0.6460539 0.2455922 -0.114964 0.9411628 -0.3177983 -0.1149361 0.9411802 -0.3177573 -0.3388898 0.8913804 -0.3009895 -0.3388915 0.8913906 -0.3009574 -0.8627084 0.5016168 0.06414675 -0.8626669 0.5016892 0.06413936 -0.5452383 0.7137709 -0.4395979 -0.5452862 0.7137477 -0.439576 -0.9248141 0.05509835 -0.3764084 -0.9503395 0.3096847 -0.03082847 -0.8617518 0.07351762 -0.5019753 -0.9503581 0.3096274 -0.03082889 -0.9258 0.1372604 -0.3522128 -0.9930238 0.1088195 -0.04541045 -0.994669 0.09770417 -0.03297823 -0.7231084 0.4918389 -0.4849832 -0.5293884 0.7972882 0.2899647 -0.7230975 0.4918319 -0.4850068 -0.5449521 0.784628 0.2956117 -0.863763 0.2451473 -0.4402458 -0.8637569 0.245114 -0.4402763 -0.7231181 0.6851474 0.08759707 -0.7231159 0.6851495 0.08759927 -0.7247638 0.4010257 -0.5602642 -0.7247668 0.4009949 -0.5602822 -0.8626688 0.5032826 -0.05009317 -0.8627104 0.5032096 -0.0501098 -0.1149235 0.8458453 -0.5209015 -0.1149417 0.8458136 -0.520949 -0.3388794 0.8010898 -0.493372 -0.338881 0.8010865 -0.4933764 -0.950337 0.294872 -0.09954959 -0.8617716 0.07352763 -0.5019397 -0.9503517 0.2948275 -0.09954124 -0.8633857 0.1832979 -0.4700713 -0.1112656 0.9323114 0.3441156 -0.8633701 0.1833181 -0.4700921 -0.9929092 0.0952354 -0.07114434 -0.9947763 0.08691751 -0.05353158 -0.5452268 0.5968865 -0.5886037 -0.5453065 0.5968286 -0.5885887 -0.3283142 0.8868928 0.3250095 -0.1148795 0.9311512 0.3460639 -0.3387362 0.8812298 0.3296845 -0.7248323 0.3351377 -0.6019143 -0.545264 0.8314957 0.1063122 -0.7248079 0.3351556 -0.6019337 -0.5452749 0.8314877 0.106319 -0.7231131 0.6873318 -0.06842809 -0.5470482 0.4872192 -0.6807025 -0.7231276 0.687317 -0.06842464 -0.5470944 0.4872376 -0.6806521 -0.7216497 0.1003281 -0.6849497 -0.5436789 0.1216381 -0.8304321 -0.7216591 0.1003289 -0.6849398 -0.7241924 0.2505339 -0.6424782 -0.8626838 0.4791684 -0.1617847 -0.8626939 0.4791517 -0.1617808 -0.7242217 0.2505322 -0.6424458 -0.1149513 0.7073069 -0.6974979 -0.3388839 0.6699021 -0.6605975 -0.3388563 0.6698968 -0.660617 -0.9503566 0.2649353 -0.1631922 -0.1149421 0.7073066 -0.6974996 -0.9503388 0.265003 -0.1631858 -0.9910606 0.07746601 -0.1086182 -0.9948276 0.07234507 -0.07130348 -0.5471199 0.4072053 -0.7313301 -0.3388924 0.9332249 0.1193454 -0.5470992 0.4072057 -0.7313454 -0.1149613 0.9853508 0.1259673 -0.3388726 0.9332329 0.1193399 -0.1589282 0.5294657 -0.8333114 -0.1149136 0.9853511 0.1260083 -0.1154967 0.5781112 -0.8077426 -0.5452381 0.8341587 -0.08303427 -0.3403095 0.5473436 -0.7645944 -0.3403104 0.5472747 -0.7646433 -0.5452482 0.8341511 -0.08304482 -0.5436341 0.1216324 -0.8304624 -0.7231251 0.6544225 -0.2209555 -0.5464298 0.304284 -0.780273 -0.5464547 0.3042965 -0.7802505 -0.7231139 0.6544343 -0.2209571 -0.1154698 0.4831945 -0.8678652 -0.3404079 0.4574218 -0.8215156 -0.340351 0.4574197 -0.8215402 -0.8626849 0.4306206 -0.2652183 -0.3398365 0.3416979 -0.8762156 -0.8626711 0.4306437 -0.2652252 -0.1152636 0.3608957 -0.9254559 -0.3376176 0.1364245 -0.9313446 -0.1508514 0.3292905 -0.9321007 -0.3398559 0.3417093 -0.8762036 -0.06439113 0.1446308 -0.9873884 -0.3376387 0.1364039 -0.9313399 -0.9503533 0.2215555 -0.2184994 -0.1149383 0.1122162 -0.9870141 -0.9936095 0.106368 0.03776264 -0.9503538 0.2215554 -0.2184969 -0.9936978 0.1055355 0.03777503 -0.9506958 0.180375 -0.2522748 -0.9507822 0.1803511 -0.2519659 -0.9429531 0.3146858 0.108685 -0.1149543 0.9884845 -0.09840846 -0.1149645 0.9884831 -0.09840947 -0.3388729 0.9362037 -0.09320902 -0.9503152 0.2916186 0.1089016 -0.3388847 0.936201 -0.09319269 -0.9934237 0.1139545 0.01112776 -0.5452331 0.7942336 -0.2681675 -0.5452551 0.7942189 -0.2681664 -0.9942962 0.1057944 0.01351964 -0.7230943 0.5881574 -0.3622232 -0.8448226 0.504131 0.1792392 -0.7231202 0.5881302 -0.3622157 -0.8622946 0.4724721 0.182259 -0.8626852 0.3601109 -0.3550978 -0.9503441 0.3086884 0.03946703 -0.8626881 0.3601103 -0.3550915 -0.9503511 0.3086671 0.03946667 -0.9264595 0.1365376 -0.3507571 -0.9931941 0.1151811 -0.01728522 -0.9507133 0.1508212 -0.2709189 -0.994515 0.1040804 -0.01036101 -0.8637258 0.2933132 -0.409811 -0.6499104 0.4803183 -0.5889915 -0.814315 0.1353345 -0.5644252 -0.827991 0.1153212 -0.5487549 -0.3200844 0.6095089 -0.7252895 -0.1732411 0.5243641 -0.8336845 -0.1806659 0.306134 -0.9346881 -0.2313308 0.6054464 -0.7615253 -0.4365849 0.5517467 -0.710612 -0.6932285 0.1457206 -0.7058327 -0.6768848 0.1624548 -0.7179383 -0.7034476 -0.4744532 -0.5292028 -0.7674797 -0.368885 -0.524308 -0.7750893 -0.1603376 -0.6111699 -0.8145312 -0.2254623 -0.5345145 -0.1824311 0.07041293 -0.9806942 -0.1803247 -0.1694869 -0.9688948 -0.2493243 0.1906305 -0.9494722 -0.4634648 0.1842678 -0.8667444 -0.4769312 0.1721105 -0.861925 -0.5506253 -0.5456407 -0.6317343 -0.6149805 -0.4655328 -0.6364577 -0.6784058 -0.2603735 -0.6870016 -0.6300185 -0.206831 -0.7485304 -0.1266371 -0.5831446 -0.8024372 -0.3528456 -0.593407 -0.7234419 -0.1569234 -0.4010218 -0.9025279 -0.1480094 -0.6086394 -0.7795199 -0.2406857 -0.2778284 -0.9299902 -0.4064517 -0.5354762 -0.7403123 -0.4648379 -0.282059 -0.8392667 -0.4231563 -0.2432538 -0.8727924 -0.1130746 0.7171059 -0.6877306 -0.9922087 0.1197382 -0.03442311 -0.9969529 0.02829778 -0.0726931 -0.9969162 0.02953428 -0.07270348 -0.9475244 0.2513108 -0.1975869 -0.9704097 0.1348239 -0.2003185 -0.9638481 -0.1631571 -0.2106581 -0.98956 -0.09592527 -0.1075615 -0.991312 -0.05959171 -0.1172583 -0.9714535 0.06657809 -0.2276963 -0.9749184 0.04216909 -0.218531 -0.8527597 0.3765789 -0.3619244 -0.9045742 0.2629972 -0.3355264 -0.9047179 -0.3011201 -0.3013508 -0.9623205 -0.1334049 -0.2369441 -0.9690216 -0.1233395 -0.2139734 -0.9608348 -0.04500776 -0.2734429 -0.9114907 0.1035628 -0.3980695 -0.9199687 0.07962542 -0.3838195 -0.7092754 0.4820027 -0.5143947 -0.7966472 0.3844714 -0.4664065 -0.8195284 -0.3947805 -0.4153574 -0.8866004 -0.1021339 -0.451119 -0.9094414 -0.1811308 -0.3743101 -0.8868097 -0.2381705 -0.3960346 -0.524982 0.5631281 -0.6381856 -0.6969939 -0.5433727 -0.4679164 -0.7360107 -0.5516896 -0.3923352 -0.8840242 -0.4666952 0.02640229 -0.8798897 -0.4751486 0.005296051 -0.7618511 -0.593774 -0.2588731 -0.7415906 -0.5978141 -0.3044038 -0.7227292 -0.6165276 0.31234 -0.8569493 -0.4442934 0.2612302 -0.8636919 -0.4935693 0.1021059 -0.8743596 -0.4566379 0.1642476 -0.7711235 -0.6243991 -0.1244757 -0.7654989 -0.628268 -0.138892 -0.5296226 -0.649331 -0.545774 -0.5769652 -0.6625021 -0.4777053 -0.7643813 -0.6446858 0.01006925 -0.7708196 -0.6364401 0.0279504 -0.6090357 -0.7278376 -0.3151633 -0.5851804 -0.7284755 -0.3562126 -0.3268476 -0.7319914 -0.5977955 -0.1448733 -0.8001558 -0.582033 -0.3710058 -0.7456438 -0.5535071 -0.1120842 -0.7798262 -0.6158801 -0.5615407 -0.7368471 0.3764684 -0.73126 -0.5947854 0.3339001 -0.7406303 -0.656 0.1453645 -0.7579948 -0.621829 0.1969079 -0.6207242 -0.769353 -0.1509883 -0.6142126 -0.7719705 -0.1637207 -0.3800291 -0.8405349 -0.3861077 -0.3967394 -0.8420785 -0.3653792 -0.1494562 -0.9087228 -0.3897256 -0.1668083 -0.8943642 -0.4150755 -0.6129627 -0.7899845 0.01419275 -0.6206783 -0.7834692 0.03057211 -0.401923 -0.8977335 -0.1803684 -0.4063389 -0.8969684 -0.1741738 -0.1219741 -0.8705544 0.4767154 -0.1773535 -0.9643973 -0.196173 -0.993084 -0.1078838 -0.04631894 -0.9392073 -0.2519344 -0.2332786 -0.1708855 -0.9676181 -0.1857782 -0.5841328 -0.7912143 0.1810216 -0.355797 -0.8245931 0.439835 -0.6057932 -0.7623267 0.2277558 -0.5729589 -0.7177079 0.3957444 -0.4066516 -0.9131711 0.0274409 -0.9923285 -0.08654791 -0.08828222 -0.1706233 -0.9847927 0.03272664 -0.1778597 -0.9838296 0.0211032 -0.4010681 -0.9158515 0.01898759 -0.3681518 -0.8104754 0.4556248 -0.1680137 -0.9578602 0.2329708 -0.9941146 -0.1019774 -0.03656208 -0.1489015 -0.953778 0.2610287 -0.3792185 -0.8998342 0.2156199 -0.3957867 -0.886488 0.2397749 -0.1447391 -0.881788 0.4488882 -0.9389541 -0.2161987 -0.2676254 -0.9877043 -0.1177696 -0.1028132 -0.9941003 -0.107215 0.01642096 -0.9568931 -0.2703687 -0.1060967 -0.9482231 -0.2659777 -0.1735765 -0.9348607 -0.3407407 0.09965634 -0.9800593 -0.1596006 0.1183704 -0.9840605 -0.165819 0.06425827 -0.9595695 -0.2763682 -0.05335766 -0.9572631 -0.2791454 -0.07566642 -0.83399 -0.4009984 -0.3790264 -0.8619964 -0.4177272 -0.2871694 -0.9567931 -0.2907668 -0.001274347 -0.9588372 -0.2829987 0.02330201 -0.8642168 -0.4392076 -0.2454102 -0.8788524 -0.4378686 -0.1894457 -0.8486239 -0.4824145 0.2170572 -0.9416447 -0.2678846 0.2038217 -0.9481095 -0.3140825 0.0494042 -0.9528681 -0.2774595 0.1227148 -0.884708 -0.456952 -0.09212338 -0.8807305 -0.4606686 -0.1099928 -0.09940731 0.8727561 0.4779279 -0.3067446 0.9180473 0.2511912 -0.2899181 0.8680936 -0.4029408 -0.1241889 0.7786898 -0.6149955 -0.9933223 0.1024383 0.05307966 -0.939223 0.3222348 0.1184263 -0.9336209 0.3283746 -0.1432559 -0.9804484 0.1502493 -0.1270678 -0.9884654 0.1326097 0.0731498 -0.9940439 0.1084758 -0.0104829 -0.9456351 0.2786046 0.1677911 -0.8476423 0.4711939 -0.2438835 -0.9536676 0.2994667 -0.02894783 -0.9468952 0.2464643 -0.2065062 -0.9534725 0.3001739 -0.02803325 -0.8298009 0.5041938 0.2392051 -0.873047 0.4637873 0.1506332 -0.7246863 0.5903567 -0.3553994 -0.8668141 0.4135316 -0.2786128 -0.8743003 0.4834378 -0.04344105 -0.8749905 0.4820422 -0.04502248 -0.6704791 0.6804921 0.2956151 -0.7336256 0.6408499 0.2260642 -0.5605737 0.7049677 -0.4344855 -0.7386424 0.6715533 -0.0585125 -0.7291276 0.5828291 -0.3587243 -0.7399849 0.6699247 -0.06019335 -0.4803104 0.8106434 0.3349022 -0.2843446 0.9027594 0.3227596 -0.2456406 0.9688266 0.03218215 -0.2393137 0.9255204 0.2934979 -0.5467213 0.7874183 0.284725 -0.3557692 0.7959999 -0.4897065 -0.2461279 0.9497976 -0.1931469 -0.543699 0.7226067 -0.4268851 -0.2880228 0.9541657 -0.08130657 -0.5545829 0.8291243 -0.07064658 -0.2389107 0.864781 -0.4416733 -0.5562304 0.8278921 -0.07212942 -0.6029824 0.179099 -0.7773905 -0.5975886 0.1898167 -0.7790105 -0.3209034 0.5091127 -0.7986397 -0.158022 0.4317358 -0.8880504 -0.2106416 0.5070895 -0.8357575 -0.3746563 0.4764755 -0.795364 -0.3458598 -0.2783418 -0.8960508 -0.5818657 -0.2629014 -0.7696203 -0.5956506 0.02165597 -0.8029518 -0.6036305 0.004337549 -0.7972525 -0.1669463 0.2253549 -0.9598668 -0.1615492 0.2166206 -0.9627967 -0.3912084 0.2042769 -0.8973444 -0.3877354 0.2091994 -0.8977176 -0.161037 0.008552074 -0.9869114 -0.158568 -0.2089667 -0.9649814 -0.3741768 -0.2987544 -0.8779166 -0.2111757 -0.2938663 -0.9322271 -0.386225 0.01986086 -0.9221908 -0.1676386 0.01923263 -0.985661 -0.3921139 0.01093739 -0.9198517 -0.1096749 0.6206909 -0.7763469 -0.1191315 -0.4185984 -0.9003239 -0.9930958 0.06389415 -0.09837883 -0.9374395 0.185501 -0.294613 -0.9935186 0.04081344 -0.10609 -0.9302474 -0.0499472 -0.3635177 -0.9798727 -0.07696771 -0.1841892 -0.9843776 0.1314532 -0.1171355 -0.9935083 -0.009815216 -0.1133351 -0.9435089 0.2247532 -0.2434692 -0.952903 0.08749407 -0.2903801 -0.9550375 0.06659507 -0.2889094 -0.8411234 -0.1263657 -0.5258737 -0.9543857 -0.006950676 -0.2984956 -0.9452257 -0.1397582 -0.2949852 -0.9523493 0.01794624 -0.3044812 -0.8317786 0.3246448 -0.4502779 -0.866512 0.250985 -0.431467 -0.8720992 0.128048 -0.4722784 -0.8756461 0.1120411 -0.4697774 -0.7126847 -0.1886102 -0.6756529 -0.8710103 0.01952576 -0.4908767 -0.875268 -0.002425611 -0.4836322 -0.8617426 -0.1769549 -0.4754859 -0.6914972 0.4015649 -0.600481 -0.7419744 0.3406019 -0.5774638 -0.7569812 0.1494597 -0.6361144 -0.7523077 0.1616936 -0.6386614 -0.5487465 -0.2325288 -0.8029993 -0.7384667 -0.2219336 -0.6367201 -0.7506214 0.02104461 -0.6603975 -0.7571814 0.002269208 -0.6532009 -0.5222332 0.4676833 -0.7131234 -0.5839419 0.4128777 -0.6989591 -0.1119732 -0.9337843 0.3398662 -0.3302778 -0.8869613 0.3228255 -0.1119796 -0.933782 0.3398705 -0.5320631 -0.7956398 0.2895968 -0.3302794 -0.8869602 0.3228272 -0.7070935 -0.6644757 0.2418486 -0.5320354 -0.7956622 0.2895861 -0.84672 -0.4999516 0.1819717 -0.7070922 -0.6644806 0.2418391 -0.9438795 -0.3103736 0.1129601 -0.8467276 -0.4999394 0.1819698 -0.9937162 -0.1051728 0.0382989 -0.9438859 -0.3103535 0.1129614 -0.9937052 -0.1052773 0.03829824 -0.7799057 -0.6258484 0.00780642 -0.9744955 -0.177181 -0.1377158 -0.9747257 -0.1415246 -0.1728605 -0.9413967 -0.1808837 -0.2846988 -0.8409662 -0.2901814 -0.4566953 -0.9746142 -0.1753351 -0.1392293 -0.9936345 -0.1095018 0.02645564 -0.9717206 -0.2252084 -0.07099616 -0.7799123 -0.6118837 -0.1316639 -0.7798861 -0.6119141 -0.1316767 -0.3284316 -0.9181573 0.2216303 -0.1112795 -0.9660429 0.2331909 -0.1112818 -0.9660392 0.2332051 -0.4338856 -0.8940802 0.1111941 -0.7798011 -0.5665885 -0.266248 -0.7798175 -0.5665436 -0.266295 -0.1112618 -0.9937143 0.01236426 -0.11129 -0.9937108 0.01239025 -0.4316543 -0.9019693 0.01122808 -0.43168 -0.9019562 0.01129287 -0.698647 -0.3837296 -0.6038576 -0.5230355 -0.4571362 -0.7193472 -0.7801851 -0.3929117 -0.4867564 -0.7797331 -0.4903367 -0.3893411 -0.7797479 -0.4903007 -0.3893564 -0.1112689 -0.9006766 -0.420001 -0.1112791 -0.9715576 -0.2090284 -0.4316644 -0.8818529 -0.1897405 -0.1112576 -0.971558 -0.2090379 -0.9936392 -0.04998117 -0.1009112 -0.4316666 -0.881844 -0.1897765 -0.1078695 -0.7849528 -0.6100929 -0.4315577 -0.8164229 -0.3836816 -0.1148074 -0.8990492 -0.4225279 -0.4315372 -0.816436 -0.383677 -0.1032763 -0.6298053 -0.7698568 -0.3233315 -0.5075156 -0.7986769 -0.4294342 -0.5277185 -0.7328706 -0.2300087 -0.5219275 -0.8213938 -0.4314989 -0.7064349 -0.5610335 -0.1197452 -0.7774851 -0.6173961 -0.4314765 -0.7064759 -0.560999 -0.1112551 -0.4423308 -0.8899246 -0.9746255 -0.2238242 0.002791166 -0.9432334 -0.3228576 0.07793366 -0.8451876 -0.519555 0.1253819 -0.9476687 -0.2438265 -0.206089 -0.9746091 -0.2188962 -0.04713195 -0.9746213 -0.2238426 0.002790153 -0.9746269 -0.2028563 -0.09461337 -0.974624 -0.2188429 -0.04707235 -0.704855 -0.6895446 0.1664565 -0.5296421 -0.8245351 0.199051 -0.7801016 -0.6255484 0.01143729 -0.9745911 -0.2027138 -0.09528523 -0.7799038 -0.6258506 0.007811188 -0.7799131 -0.007769346 -0.6258395 -0.9747427 0.1728342 -0.1414391 -0.9413885 0.2847161 -0.1808992 -0.8409692 0.4566855 -0.2901884 -0.9745588 0.139386 -0.1755188 -0.9717248 0.07098561 -0.2251932 -0.9936321 -0.02639871 -0.1095372 -0.7799063 0.1316883 -0.611886 -0.7799183 0.1316759 -0.6118733 -0.328428 -0.2216444 -0.9181551 -0.1112573 -0.2332057 -0.9660419 -0.1113123 -0.2331989 -0.9660373 -0.4338804 -0.1112141 -0.8940802 -0.7797809 0.266271 -0.5666054 -0.7797919 0.2662528 -0.5665988 -0.1112897 -0.01240223 -0.9937106 -0.1112971 -0.01238304 -0.9937101 -0.4316614 -0.0112369 -0.9019657 -0.4316331 -0.01124465 -0.9019792 -0.6986603 0.603846 -0.3837239 -0.5230019 0.7193844 -0.4571161 -0.7797421 0.389365 -0.490303 -0.7797567 0.3893618 -0.4902824 -0.780163 0.4867764 -0.3929308 -0.1112536 0.4199774 -0.9006896 -0.1112805 0.2090647 -0.9715496 -0.1112993 0.2090221 -0.9715566 -0.4316688 0.1897286 -0.8818532 -0.4316682 0.1897601 -0.8818467 -0.9936293 0.1009337 -0.05013108 -0.1079643 0.6101201 -0.7849186 -0.4315467 0.3836892 -0.8164252 -0.1148059 0.4225413 -0.8990432 -0.431555 0.3837046 -0.8164135 -0.1032571 0.7698583 -0.6298066 -0.3233233 0.7986716 -0.5075291 -0.4294302 0.7328677 -0.527726 -0.431508 0.5609862 -0.7064668 -0.4314902 0.5610043 -0.7064633 -0.2300304 0.8213791 -0.521941 -0.119705 0.6173922 -0.7774944 -0.1112961 0.889905 -0.4423598 -0.974625 -0.002820193 -0.2238265 -0.94323 -0.07797944 -0.3228565 -0.8451998 -0.1254205 -0.5195258 -0.9476481 0.2061892 -0.2438219 -0.9746233 0.04700374 -0.2188613 -0.9746196 -0.002769231 -0.2238504 -0.9746127 0.09473437 -0.202868 -0.9746235 0.04702925 -0.218855 -0.7048601 -0.1664661 -0.6895371 -0.5296353 -0.1990574 -0.8245378 -0.7800961 -0.01142317 -0.6255554 -0.9746882 0.1371279 -0.1765756 -0.9745894 0.09526342 -0.202733 -0.7799024 -0.0078336 -0.6258521 -0.1119554 0.9337852 -0.3398699 -0.1119945 0.9337785 -0.339875 -0.3302583 0.8869696 -0.3228227 -0.3302547 0.8869673 -0.3228326 -0.5320422 0.7956563 -0.28959 -0.5320655 0.7956368 -0.2896007 -0.7070882 0.6644811 -0.24185 -0.7070978 0.6644727 -0.2418445 -0.8467318 0.4999332 -0.1819677 -0.8467264 0.4999443 -0.1819618 -0.9438815 0.3103688 -0.1129565 -0.9438809 0.3103688 -0.1129608 -0.993708 0.1052502 -0.03830045 -0.9937156 0.1051791 -0.03829902 -0.5458542 -0.297754 -0.7831896 -0.7046565 0.6338756 -0.3188433 -0.5458774 -0.2977643 -0.7831695 -0.9936813 -0.01929491 -0.1105682 -0.9934239 -0.05007094 -0.1029659 -0.712554 0.6291827 -0.3104768 -0.5486145 -0.4043911 -0.7317718 -0.1187961 -0.4898407 -0.8636803 -0.3475465 -0.4626798 -0.8155605 -0.1508833 -0.4171457 -0.8962274 -0.7143552 0.2014832 -0.6701501 -0.3468152 -0.4609698 -0.8168391 -0.7143728 0.201488 -0.67013 -0.3447173 -0.3335526 -0.8774468 -0.07335329 -0.3543797 -0.9322202 -0.8461712 0.4141929 -0.3353188 -0.3446815 -0.3336147 -0.8774371 -0.3451616 0.5823033 -0.7360615 -0.8461797 0.41419 -0.3353008 -0.1182426 0.6160437 -0.7787868 -0.1181874 0.6160789 -0.7787674 -0.3450533 0.5823159 -0.7361022 -0.9432511 0.2060247 -0.2604443 -0.9437362 -0.01683115 -0.3302707 -0.9432466 0.2060523 -0.2604391 -0.9437434 -0.01677244 -0.330253 -0.5294169 0.7577911 -0.3814062 -0.5464092 0.3630068 -0.7547603 -0.5463549 0.3629977 -0.7548041 -0.5461244 0.7528098 -0.3674582 -0.9925523 0.04386901 -0.1136461 -0.8472375 0.03164696 -0.5302709 -0.9943426 0.04603081 -0.09572869 -0.8472486 0.03169161 -0.5302505 -0.7125954 0.5453124 -0.4414093 -0.7139989 0.1264167 -0.6886395 -0.7139998 0.1264294 -0.6886363 -0.7125918 0.5452791 -0.4414562 -0.9436456 -0.05687099 -0.3260349 -0.9936981 0.03226864 -0.1073448 -0.9436399 -0.05689966 -0.3260464 -0.9426956 -0.1275687 -0.3083037 -0.8461772 0.3306099 -0.4179492 -0.5483376 0.2408048 -0.8008365 -0.846181 0.3306123 -0.4179393 -0.5483155 0.2407926 -0.8008553 -0.1112753 0.8906855 -0.4407916 -0.3283303 0.844745 -0.4226168 -0.847284 -0.02700871 -0.5304533 -0.3448771 0.8438958 -0.410974 -0.1182028 0.8918926 -0.4365272 -0.8473129 -0.02696567 -0.5304089 -0.9432555 0.1439168 -0.299261 -0.7141642 0.04176008 -0.6987315 -0.9432568 0.1439111 -0.2992595 -0.7141392 0.04172289 -0.6987593 -0.1182702 0.4303838 -0.8948642 -0.5463463 0.6510003 -0.5269766 -0.1182539 0.4303766 -0.8948698 -0.5463911 0.6509484 -0.5269943 -0.9977717 -0.02370637 -0.06236618 -0.3451022 0.4067802 -0.8458335 -0.3450713 0.406803 -0.8458352 -0.9924773 0.01520133 -0.1214815 -0.5479341 0.1510541 -0.8227704 -0.5479189 0.1510274 -0.8227854 -0.9936844 0.02024954 -0.1103694 -0.9437779 0.09520661 -0.3165739 -0.8470794 -0.09135252 -0.5235565 -0.8470833 -0.09137189 -0.5235467 -0.9437764 0.09520578 -0.3165788 -0.1578666 0.2225431 -0.9620566 -0.3466708 0.2701197 -0.898251 -0.3466224 0.2700361 -0.8982948 -0.1188066 0.2858525 -0.9508803 -0.7126208 0.4352309 -0.5502234 -0.7142535 -0.03556346 -0.698983 -0.7125582 0.4352974 -0.5502517 -0.7142363 -0.0356059 -0.6989985 -0.8461727 0.2309823 -0.4802491 -0.8461788 0.2309677 -0.4802451 -0.9335358 -0.1476509 -0.3266654 -0.9312514 -0.1294714 -0.3405994 -0.9936901 0.006669402 -0.1119624 -0.5481129 0.04988378 -0.8349156 -0.3450964 0.7294796 -0.5905659 -0.5481039 0.04983973 -0.8349241 -0.1181877 0.7717993 -0.624786 -0.1186824 0.1792981 -0.9766098 -0.3463104 0.1693645 -0.9227052 -0.3451073 0.7294867 -0.5905508 -0.118249 0.7717639 -0.6248182 -0.3463549 0.1694031 -0.9226814 -0.9436695 0.05975121 -0.3254502 -0.7139086 -0.1203838 -0.6898133 -0.7139106 -0.120357 -0.6898159 -0.9436738 0.05973494 -0.3254405 -0.8473914 0.1528767 -0.5084845 -0.9936358 0.1009506 -0.04996907 -0.548178 -0.04249495 -0.8352814 -0.8473812 0.1528882 -0.5084981 -0.5481809 -0.042539 -0.8352773 -0.9932557 0.103328 -0.05259674 -0.5463896 0.519595 -0.6568709 -0.8423591 -0.2620894 -0.4708933 -0.8467126 -0.2883961 -0.447108 -0.8458634 -0.1895365 -0.4985892 -0.9432581 0.2976023 -0.1472992 -0.8458501 -0.1895652 -0.498601 -0.5463499 0.5196322 -0.6568746 -0.3464512 0.05590754 -0.9364006 -0.1589943 0.006239354 -0.9872599 -0.1187654 0.0591706 -0.9911578 -0.9936933 -0.00567007 -0.111989 -0.94326 0.2976019 -0.1472881 -0.3464568 0.05591762 -0.9363978 -0.9924938 -0.01457911 -0.1214235 -0.9929537 0.08949196 -0.07767915 -0.547797 -0.1438146 -0.8241576 -0.7126128 0.3040789 -0.6322335 -0.993959 0.08529227 -0.06907212 -0.5478317 -0.14379 -0.8241389 -0.7125865 0.3040976 -0.632254 -0.8452041 0.4786128 -0.2378231 -0.1187455 -0.05044782 -0.9916424 -0.3465324 -0.04766643 -0.9368262 -0.3465315 -0.04767155 -0.9368262 -0.9437185 0.01970309 -0.3301625 -0.8461599 0.4776392 -0.2363772 -0.7142489 -0.3380149 -0.6128576 -0.9437233 0.01972752 -0.3301474 -0.7121286 -0.249492 -0.6562214 -0.9432585 0.2580819 -0.2089434 -0.7146137 -0.3395918 -0.6115593 -0.847139 0.09593009 -0.5226404 -0.712108 -0.2494964 -0.6562423 -0.943243 0.2581326 -0.2089502 -0.1566812 -0.2104008 -0.964978 -0.8471384 0.09595757 -0.5226364 -0.1186785 -0.1707074 -0.9781485 -0.9927113 0.06927537 -0.09861701 -0.3462955 -0.1612467 -0.9241639 -0.3462089 -0.1612964 -0.9241878 -0.994189 0.06678289 -0.08442944 -0.5510664 -0.4103119 -0.7266155 -0.9798951 -0.0689789 -0.1872098 -0.108436 0.7029291 -0.7029455 -0.318091 0.6688683 -0.6718878 -0.1226884 0.7041394 -0.6993822 -0.5184564 0.6015282 -0.6077556 -0.3523958 0.6655363 -0.6579351 -0.6879286 0.5099757 -0.5164098 -0.5564588 0.5907458 -0.5842714 -0.8291388 0.3919148 -0.3986626 -0.7213893 0.4929856 -0.4863772 -0.8470711 0.3777325 -0.3738836 -0.9366665 0.2446022 -0.2506507 -0.9345158 0.2499284 -0.2534087 -0.9931014 0.07509726 -0.09005725 -0.98012 0.1419583 -0.1386106 -0.9977923 0.04694753 -0.04697561 -0.9393888 -0.3428176 -0.004978179 -0.9393947 -0.3428018 -0.004979908 -0.1483265 -0.7437317 -0.6518148 -0.09945362 -0.7396225 -0.6656332 -0.3507161 -0.6960911 -0.6264626 -0.3507032 -0.696084 -0.6264777 -0.9808225 -0.1745019 0.08681261 -0.9929652 -0.1030805 0.05826491 -0.9930705 -0.114559 0.02621448 -0.9930626 -0.1146281 0.02621406 -0.5530995 -0.7337501 -0.3945782 -0.5530787 -0.7337797 -0.3945521 -0.7184313 -0.6732887 -0.1747536 -0.7184424 -0.6732776 -0.1747509 -0.8448793 -0.5349006 -0.007767856 -0.8448956 -0.5348749 -0.00776875 -0.9362818 -0.3126758 0.1600328 -0.9393897 -0.3342185 0.07645303 -0.9393951 -0.334203 0.0764544 -0.9392138 -0.3049701 0.1577051 -0.09289968 -0.8769297 -0.4715549 -0.1547046 -0.8779398 -0.4530876 -0.3507015 -0.8247963 -0.443531 -0.3506745 -0.8248142 -0.4435188 -0.553084 -0.8064058 -0.2093033 -0.5531042 -0.8063915 -0.2093053 -0.09942251 0.8749728 0.4738544 -0.7184523 -0.6955028 -0.01010638 -0.7184383 -0.6955174 -0.01010155 -0.8486927 -0.4703067 0.2419346 -0.8446307 -0.4766774 0.2436754 -0.8448857 -0.5214743 0.1193013 -0.8448822 -0.5214808 0.1192975 -0.1608002 -0.9602671 -0.2281023 -0.08653938 -0.9642966 -0.2502861 -0.3507093 -0.9064482 -0.2352759 -0.3506744 -0.9064648 -0.2352638 -0.5530917 -0.8330326 -0.0121029 -0.5530746 -0.8330438 -0.01210355 -0.7226732 -0.6140935 0.3172268 -0.7179541 -0.6190374 0.318331 -0.7184271 -0.6780869 0.1551154 -0.7184376 -0.6780721 0.1551315 -0.1666868 -0.985961 0.009823322 -0.3507025 -0.9363881 -0.01360458 -0.3507148 -0.9363836 -0.01360458 -0.08040851 -0.9966568 -0.01448094 -0.5614957 -0.7341702 0.3817285 -0.5524998 -0.7405251 0.3825789 -0.5531122 -0.812123 0.1858044 -0.5530952 -0.8121403 0.1857794 -0.3558053 -0.8285722 0.4322854 -0.1722708 -0.9536563 0.2467034 -0.07453268 -0.9721026 0.2223995 -0.06038707 -0.8849717 0.4617126 -0.3501073 -0.831084 0.4321163 -0.3507108 -0.9128988 0.2088486 -0.35071 -0.9128983 0.2088525 -0.9978552 -0.05852502 0.02932393 -0.121986 -0.8727611 0.4726599 -0.9933177 0.1021947 0.05363261 -0.9920732 0.1123658 0.05625706 -0.9395464 0.3032118 0.1591074 -0.9395431 0.3032203 0.1591107 -0.992195 0.1215562 0.02780717 -0.9939331 0.1064789 0.02755546 -0.84504 0.4720618 0.2511278 -0.8297246 0.4952443 0.2574694 -0.93937 0.3319763 0.0858832 -0.9393675 0.3319832 0.08588403 -0.9923133 0.1237384 -0.001796722 -0.9938437 0.1107863 0.001104474 -0.6709285 0.6566733 0.3444346 -0.7183436 0.6115985 0.3315567 -0.8448265 0.5179871 0.1340065 -0.8448244 0.5179898 0.1340093 -0.9393743 0.3428765 0.003419399 -0.9393643 0.3429039 0.003418147 -0.9937528 0.1085817 -0.02579861 -0.992437 0.1188198 -0.03083741 -0.4814037 0.7746395 0.4101025 -0.5528272 0.7312035 0.3996542 -0.718366 0.6734901 0.1742457 -0.7183675 0.6734876 0.1742494 -0.8448181 0.5350272 0.005330801 -0.844848 0.5349799 0.00533235 -0.9393714 0.3336167 -0.07925635 -0.9393739 0.3336114 -0.07924896 -0.2865932 0.8445078 0.4524058 -0.3503989 0.8209932 0.4507669 -0.1203511 0.8709249 0.4764511 -0.9936527 0.09996443 -0.05158877 -0.9925619 0.1072211 -0.05765867 -0.5529909 0.8066316 0.2086783 -0.5530038 0.806622 0.2086809 -0.7183424 0.6956552 0.006931424 -0.7183601 0.6956371 0.006933212 -0.8448236 0.5205599 -0.1236544 -0.8448337 0.5205416 -0.1236637 -0.9393805 0.3046872 -0.1572577 -0.9393714 0.3047184 -0.1572521 -0.3506251 0.9066657 0.234562 -0.1204122 0.9610823 0.2486397 -0.3506354 0.9066614 0.2345635 -0.1204178 0.9610821 0.2486378 -0.9926861 0.08973526 -0.08075839 -0.9935507 0.08526605 -0.07474607 -0.5530322 0.8331186 0.008301436 -0.553007 0.8331353 0.008304893 -0.7183684 0.6768268 -0.1607874 -0.7183482 0.6768476 -0.1607893 -0.8448314 0.4754527 -0.2453663 -0.8448261 0.4754577 -0.245375 -0.9393752 0.2578754 -0.225997 -0.9393718 0.257879 -0.2260069 -0.1203832 0.9926783 0.009887397 -0.120411 0.9926749 0.009894013 -0.3506289 0.936468 0.009328722 -0.3506447 0.9364621 0.009330093 -0.9928114 0.06744915 -0.09887486 -0.9934391 0.06531542 -0.09387719 -0.553022 0.8106088 -0.1925619 -0.5530219 0.8106102 -0.1925567 -0.7183474 0.6182142 -0.3190428 -0.7183383 0.6182255 -0.3190414 -0.8448259 0.4023876 -0.352638 -0.8448321 0.4023718 -0.352641 -0.9393749 0.1958584 -0.2814506 -0.9393696 0.1958724 -0.2814583 -0.1204191 0.9658457 -0.2294373 -0.3506422 0.911155 -0.216441 -0.3506126 0.9111624 -0.2164579 -0.1203867 0.9658517 -0.2294285 -0.9929386 0.04171121 -0.111055 -0.9933211 0.04115629 -0.1077929 -0.5530498 0.740361 -0.3821016 -0.5530028 0.7404072 -0.3820801 -0.7183544 0.5231915 -0.4585167 -0.718329 0.523213 -0.458532 -0.8448235 0.305625 -0.4391657 -0.8448478 0.3056067 -0.4391318 -0.9393686 0.1223431 -0.320342 -0.9393718 0.1223178 -0.320342 -0.1203787 0.8821905 -0.4552461 -0.1204278 0.882164 -0.4552843 -0.3506433 0.8322188 -0.4294896 -0.3505955 0.8322415 -0.4294843 -0.9930672 0.01403838 -0.1167067 -0.9931961 0.01412671 -0.1155945 -0.553023 0.6265812 -0.5491464 -0.5530073 0.6266106 -0.5491286 -0.7183623 0.3973602 -0.5710172 -0.7183507 0.3973897 -0.5710114 -0.844833 0.1908612 -0.4998291 -0.8448395 0.1908822 -0.4998103 -0.9393703 0.04159396 -0.3403725 -0.9393703 0.04158669 -0.3403735 -0.3506348 0.7043182 -0.6172448 -0.3506362 0.704315 -0.6172478 -0.1203712 0.746602 -0.6542907 -0.1203978 0.7465744 -0.6543173 -0.993067 -0.01403319 -0.1167094 -0.9930673 -0.01404654 -0.1167053 -0.5530035 0.4759182 -0.683878 -0.5529904 0.475925 -0.6838837 -0.7183495 0.2481819 -0.6499075 -0.7183656 0.2481824 -0.6498896 -0.8448294 0.06489658 -0.5310855 -0.8448311 0.06489616 -0.5310829 -0.9393966 -0.04094523 -0.3403784 -0.939399 -0.04094475 -0.340372 -0.3506265 0.534943 -0.7686983 -0.1204124 0.5670619 -0.8148262 -0.120393 0.5670685 -0.8148246 -0.350645 0.5349538 -0.7686823 -0.9930675 -0.04130554 -0.11005 -0.9930664 -0.0413329 -0.1100484 -0.5529816 0.2972419 -0.7783693 -0.5530146 0.2972622 -0.7783381 -0.7183707 0.08438009 -0.6905241 -0.7183571 0.08437919 -0.6905384 -0.8448801 -0.06389129 -0.531127 -0.8448834 -0.06389105 -0.5311215 -0.9393975 -0.1204876 -0.3209596 -0.9393948 -0.1205016 -0.3209626 -0.1204124 0.354164 -0.927399 -0.3506448 0.3341068 -0.8748835 -0.1204146 0.3541434 -0.9274065 -0.3506336 0.3341015 -0.8748899 -0.9930668 -0.06623357 -0.09711682 -0.9930682 -0.06622159 -0.0971108 -0.5530065 0.1010597 -0.8270253 -0.553013 0.1010546 -0.8270216 -0.7184422 -0.08306479 -0.6906092 -0.7184316 -0.08307838 -0.6906186 -0.8448987 -0.1880069 -0.500799 -0.844878 -0.1880255 -0.500827 -0.9393916 -0.1931933 -0.283231 -0.9393963 -0.1931682 -0.2832329 -0.1203923 0.1204121 -0.9853967 -0.3506551 0.1136015 -0.929589 -0.3505944 0.113592 -0.9296131 -0.1203878 0.1204205 -0.9853962 -0.993067 -0.08737617 -0.07863473 -0.9930683 -0.08735835 -0.07863706 -0.5530878 -0.09949696 -0.8271605 -0.5530819 -0.09948343 -0.8271659 -0.7184131 -0.2444901 -0.6512352 -0.7184407 -0.2444519 -0.6512191 -0.8448901 -0.3014059 -0.4419449 -0.8448997 -0.3014135 -0.4419214 -0.9394029 -0.254807 -0.2293375 -0.9393916 -0.2548406 -0.2293463 -0.1277525 -0.1203004 -0.9844833 -0.1204662 -0.1185587 -0.9856125 -0.3506652 -0.1118482 -0.9297978 -0.3507215 -0.1118328 -0.9297785 -0.9930672 -0.1035284 -0.05567288 -0.9930681 -0.1035203 -0.05567276 -0.5530927 -0.2928074 -0.7799695 -0.5530939 -0.292834 -0.7799586 -0.7184214 -0.3919575 -0.5746653 -0.7184442 -0.3919253 -0.5746587 -0.844897 -0.3976128 -0.357845 -0.8448851 -0.3976336 -0.3578503 -0.9393923 -0.3019584 -0.1623679 -0.9393985 -0.3019424 -0.1623622 -0.3507077 -0.329154 -0.8767336 -0.1348785 -0.3534981 -0.9256603 -0.113212 -0.3492051 -0.9301822 -0.3507241 -0.3291415 -0.8767318 -0.9930684 -0.1137674 -0.02953171 -0.993066 -0.1137893 -0.02953159 -0.553096 -0.4694115 -0.6882861 -0.5530507 -0.4694612 -0.6882887 -0.7184346 -0.5170391 -0.4653197 -0.7184398 -0.5170237 -0.4653288 -0.8449003 -0.4711272 -0.2533435 -0.8448758 -0.4711672 -0.2533508 -0.939387 -0.3318648 -0.08612805 -0.9394037 -0.3318167 -0.08613055 -0.3507069 -0.5276651 -0.7736758 -0.1417119 -0.5654666 -0.8125056 -0.1062321 -0.5602598 -0.8214766 -0.3507379 -0.5276651 -0.7736618 -0.993072 -0.1174955 -0.001707255 -0.993061 -0.1175883 -0.001708209 -0.5530809 -0.6192693 -0.5573216 -0.553072 -0.6192766 -0.5573222 -0.7184376 -0.6126335 -0.3294355 -0.718447 -0.6126218 -0.3294364 -0.844891 -0.5177804 -0.1343978 -0.8448978 -0.5177698 -0.1343963 -0.1106699 -0.7027564 -0.7027701 -0.3235088 -0.6701967 -0.6679659 -0.1238458 -0.6990755 -0.7042412 -0.5258365 -0.6039884 -0.5989108 -0.3477504 -0.6595183 -0.6664123 -0.5454047 -0.591046 -0.594305 -0.6934954 -0.5092609 -0.5096249 -0.699249 -0.5069779 -0.5040082 -0.8333169 -0.3949935 -0.3867339 -0.8181903 -0.4054805 -0.4076152 -0.9391967 -0.2511582 -0.2341563 -0.9052759 -0.2958344 -0.3048897 -0.9626856 -0.1874367 -0.1952028 -0.9934098 -0.09070968 -0.07006341 -0.9891368 -0.1072828 -0.1004927 -0.9988142 -0.03444182 -0.03440856 -0.9458553 0.3233431 -0.02840977 -0.9458802 0.3232704 -0.02840751 -0.5004 0.7462447 -0.4389975 -0.5299369 0.7335812 -0.425471 -0.9943389 0.1051087 0.01556921 -0.9937611 0.1043006 0.03950065 -0.9935029 0.1127861 0.01521027 -0.7049117 0.6756131 -0.2159782 -0.7049169 0.67561 -0.2159708 -0.8474078 0.5289046 -0.04647445 -0.8473759 0.5289561 -0.04647308 -0.3010879 0.8219205 -0.4835214 -0.3285736 0.8161187 -0.4753836 -0.1112917 0.8572334 -0.5027575 -0.9432686 0.3109904 0.1163158 -0.9459045 0.3043436 0.1124261 -0.94587 0.3216309 0.0434001 -0.9458618 0.321655 0.04339915 -0.5297265 0.8078889 -0.2582739 -0.5296694 0.8079302 -0.2582624 -0.7049173 0.7065678 -0.06207793 -0.9936324 0.1054502 0.03968739 -0.704907 0.7065774 -0.06208527 -0.8452342 0.5009102 0.1861944 -0.8474169 0.4979081 0.184315 -0.10649 0.8573094 -0.5036672 -0.847385 0.5262115 0.0709958 -0.8474071 0.5261755 0.07099747 -0.1112914 0.9465976 -0.3026009 -0.3284669 0.8996673 -0.2875904 -0.1112792 0.9465992 -0.3026004 -0.3284652 0.8996635 -0.2876045 -0.5296832 0.8449397 -0.07424682 -0.5297309 0.8449108 -0.07423686 -0.7049177 0.6648467 0.2471232 -0.7049164 0.6648424 0.2471389 -0.7049021 0.7029352 0.09484368 -0.7049082 0.7029288 0.09484499 -0.3284711 0.9408892 -0.08267086 -0.1112822 0.9899744 -0.08698982 -0.1112799 0.9899749 -0.0869866 -0.3284538 0.9408944 -0.08268004 -0.5297321 0.840548 0.1134151 -0.529719 0.7950239 0.295525 -0.3284607 0.8853358 0.3290809 -0.5297044 0.8405655 0.1134148 -0.5297148 0.795029 0.2955187 -0.3284388 0.9360432 0.1262982 -0.3284472 0.9360402 0.1262987 -0.3284437 0.8853384 0.3290908 -0.1113092 0.9848606 0.1328905 -0.1113023 0.9315162 0.3462506 -0.1112821 0.9848644 0.1328853 -0.1112858 0.9315176 0.3462521 -0.9937567 0.09705585 -0.05502533 -0.9949159 0.08874195 -0.04761695 -0.9435355 0.2875323 -0.1645175 -0.9460155 0.2821085 -0.1595916 -0.9947572 0.09829664 -0.02821397 -0.9929779 0.1126881 -0.03600782 -0.8394556 0.4702264 -0.2724001 -0.8476839 0.4605339 -0.2633257 -0.9458732 0.309122 -0.09883058 -0.9458636 0.3091532 -0.09882557 -0.9945627 0.1039117 -0.006889641 -0.9932346 0.1156808 -0.0101602 -0.6872076 0.627153 -0.3666399 -0.7052232 0.6141844 -0.3541721 -0.8473905 0.5057568 -0.1616774 -0.8473924 0.5057559 -0.1616696 0 0.9396927 -0.3420201 0 0.939693 -0.3420194 0 -0.4219694 -0.9066101 0 -0.213027 -0.9770464 0 0.006317615 -0.9999801 0 -0.2130324 -0.9770452 0 0.2253667 -0.974274 0 0.006317615 -0.9999801 0 0.4334188 -0.9011927 0 0.6204107 -0.7842772 0 0.4334235 -0.9011904 0 0.7772413 -0.6292026 0 0.6203941 -0.7842903 0 0.896241 -0.4435676 0 0.8962505 -0.4435483 0 -0.4216024 -0.9067809 0 -0.2116277 -0.9773504 0 -0.4216018 -0.9067811 0 0.00866276 -0.9999625 0 0.2285671 -0.9735282 0 0.008662581 -0.9999626 0 0.4372289 -0.8993503 0 0.6244629 -0.7810545 0 0.4372189 -0.8993552 0 0.6244736 -0.781046 -1 -1.42846e-6 0 -1 -4.42087e-4 0 -0.9999998 6.51466e-4 0 -1 2.51014e-6 0 -1 4.65058e-6 0 -0.9999967 -0.002608358 0 -1 -1.17733e-6 0 -1 1.73807e-4 0 -1 8.98464e-6 0 -1 -8.94732e-6 0 -1 1.95886e-4 0 -1 -2.81611e-4 0 -1 4.53412e-4 0 -1 -4.4238e-4 0 -0.9999999 6.52103e-4 0 -1 1.01859e-5 0 -1 -2.19186e-5 0 -1 -8.99137e-6 0 -1 -5.80799e-6 0 -1 7.01141e-6 0 -1 -7.71734e-6 0 -1 4.01387e-6 0 -1 -4.05251e-6 0 -1 1.68492e-5 0 -1 -1.30716e-6 0 -1 -7.68062e-6 0 -1 -2.16156e-5 0 -1 1.64985e-5 0 -1 8.73788e-7 0 -1 2.88257e-6 0 0 -0.7071081 -0.7071055 0 -0.7071075 -0.7071062 0 -0.8771046 0.4802994 0 -0.9645311 0.2639695 0 -0.9799262 -0.1993604 0 -0.7847782 -0.6197769 0 -0.9070702 -0.4209795 0 -0.7847561 -0.6198047 0 0.8793281 0.4762164 0 -0.9681274 0.2504585 0 -0.9681273 0.250459 0 -0.9729259 -0.2311173 0 -0.8886412 -0.4586033 0 -0.8886408 -0.4586042 0 0.1212965 -0.9926163 0 0.5712135 -0.8208016 0 0.7520586 -0.6590964 0 0.8886465 -0.4585929 0 0.8886426 -0.4586007 0 0.9729249 -0.2311214 0 0.9999504 0.009963989 0 0.9681251 0.2504672 0 0.9681263 0.2504626 0 0.7847561 -0.6198047 0 0.9645369 0.2639484 0 0.9994474 0.03324282 0 0.8770951 0.4803169 0 0.9645486 0.2639055 0 0.8770756 0.4803524 0 0.7071074 -0.7071062 0 0.7071068 -0.7071068</float_array>
          <technique_common>
            <accessor source="#RailsAntennaHolder-mesh-normals-array" count="6709" stride="3">
              <param name="X" type="float" />
              <param name="Y" type="float" />
              <param name="Z" type="float" />
            </accessor>
          </technique_common>
        </source>
        <source id="RailsAntennaHolder-mesh-map">
          <float_array id="RailsAntennaHolder-mesh-map-array" count="41328">0 0 0 0 0 0 0 0 0 0 0 0 0 0 0 0 0 0 0 0 0 0 0 0 0 0 0 0 0 0 0 0 0 0 0 0 0 0 0 0 0 0 0 0 0 0 0 0 0 0 0 0 0 0 0 0 0 0 0 0 0 0 0 0 0 0 0 0 0 0 0 0 0 0 0 0 0 0 0 0 0 0 0 0 0 0 0 0 0 0 0 0 0 0 0 0 0 0 0 0 0 0 0 0 0 0 0 0 0 0 0 0 0 0 0 0 0 0 0 0 0 0 0 0 0 0 0 0 0 0 0 0 0 0 0 0 0 0 0 0 0 0 0 0 0 0 0 0 0 0 0 0 0 0 0 0 0 0 0 0 0 0 0 0 0 0 0 0 0 0 0 0 0 0 0 0 0 0 0 0 0 0 0 0 0 0 0 0 0 0 0 0 0 0 0 0 0 0 0 0 0 0 0 0 0 0 0 0 0 0 0 0 0 0 0 0 0 0 0 0 0 0 0 0 0 0 0 0 0 0 0 0 0 0 0 0 0 0 0 0 0 0 0 0 0 0 0 0 0 0 0 0 0 0 0 0 0 0 0 0 0 0 0 0 0 0 0 0 0 0 0 0 0 0 0 0 0 0 0 0 0 0 0 0 0 0 0 0 0 0 0 0 0 0 0 0 0 0 0 0 0 0 0 0 0 0 0 0 0 0 0 0 0 0 0 0 0 0 0 0 0 0 0 0 0 0 0 0 0 0 0 0 0 0 0 0 0 0 0 0 0 0 0 0 0 0 0 0 0 0 0 0 0 0 0 0 0 0 0 0 0 0 0 0 0 0 0 0 0 0 0 0 0 0 0 0 0 0 0 0 0 0 0 0 0 0 0 0 0 0 0 0 0 0 0 0 0 0 0 0 0 0 0 0 0 0 0 0 0 0 0 0 0 0 0 0 0 0 0 0 0 0 0 0 0 0 0 0 0 0 0 0 0 0 0 0 0 0 0 0 0 0 0 0 0 0 0 0 0 0 0 0 0 0 0 0 0 0 0 0 0 0 0 0 0 0 0 0 0 0 0 0 0 0 0 0 0 0 0 0 0 0 0 0 0 0 0 0 0 0 0 0 0 0 0 0 0 0 0 0 0 0 0 0 0 0 0 0 0 0 0 0 0 0 0 0 0 0 0 0 0 0 0 0 0 0 0 0 0 0 0 0 0 0 0 0 0 0 0 0 0 0 0 0 0 0 0 0 0 0 0 0 0 0 0 0 0 0 0 0 0 0 0 0 0 0 0 0 0 0 0 0 0 0 0 0 0 0 0 0 0 0 0 0 0 0 0 0 0 0 0 0 0 0 0 0 0 0 0 0 0 0 0 0 0 0 0 0 0 0 0 0 0 0 0 0 0 0 0 0 0 0 0 0 0 0 0 0 0 0 0 0 0 0 0 0 0 0 0 0 0 0 0 0 0 0 0 0 0 0 0 0 0 0 0 0 0 0 0 0 0 0 0 0 0 0 0 0 0 0 0 0 0 0 0 0 0 0 0 0 0 0 0 0 0 0 0 0 0 0 0 0 0 0 0 0 0 0 0 0 0 0 0 0 0 0 0 0 0 0 0 0 0 0 0 0 0 0 0 0 0 0 0 0 0 0 0 0 0 0 0 0 0 0 0 0 0 0 0 0 0 0 0 0 0 0 0 0 0 0 0 0 0 0 0 0 0 0 0 0 0 0 0 0 0 0 0 0 0 0 0 0 0 0 0 0 0 0 0 0 0 0 0 0 0 0 0 0 0 0 0 0 0 0 0 0 0 0 0 0 0 0 0 0 0 0 0 0 0 0 0 0 0 0 0 0 0 0 0 0 0 0 0 0 0 0 0 0 0 0 0 0 0 0 0 0 0 0 0 0 0 0 0 0 0 0 0 0 0 0 0 0 0 0 0 0 0 0 0 0 0 0 0 0 0 0 0 0 0 0 0 0 0 0 0 0 0 0 0 0 0 0 0 0 0 0 0 0 0 0 0 0 0 0 0 0 0 0 0 0 0 0 0 0 0 0 0 0 0 0 0 0 0 0 0 0 0 0 0 0 0 0 0 0 0 0 0 0 0 0 0 0 0 0 0 0 0 0 0 0 0 0 0 0 0 0 0 0 0 0 0 0 0 0 0 0 0 0 0 0 0 0 0 0 0 0 0 0 0 0 0 0 0 0 0 0 0 0 0 0 0 0 0 0 0 0 0 0 0 0 0 0 0 0 0 0 0 0 0 0 0 0 0 0 0 0 0 0 0 0 0 0 0 0 0 0 0 0 0 0 0 0 0 0 0 0 0 0 0 0 0 0 0 0 0 0 0 0 0 0 0 0 0 0 0 0 0 0 0 0 0 0 0 0 0 0 0 0 0 0 0 0 0 0 0 0 0 0 0 0 0 0 0 0 0 0 0 0 0 0 0 0 0 0 0 0 0 0 0 0 0 0 0 0 0 0 0 0 0 0 0 0 0 0 0 0 0 0 0 0 0 0 0 0 0 0 0 0 0 0 0 0 0 0 0 0 0 0 0 0 0 0 0 0 0 0 0 0 0 0 0 0 0 0 0 0 0 0 0 0 0 0 0 0 0 0 0 0 0 0 0 0 0 0 0 0 0 0 0 0 0 0 0 0 0 0 0 0 0 0 0 0 0 0 0 0 0 0 0 0 0 0 0 0 0 0 0 0 0 0 0 0 0 0 0 0 0 0 0 0 0 0 0 0 0 0 0 0 0 0 0 0 0 0 0 0 0 0 0 0 0 0 0 0 0 0 0 0 0 0 0 0 0 0 0 0 0 0 0 0 0 0 0 0 0 0 0 0 0 0 0 0 0 0 0 0 0 0 0 0 0 0 0 0 0 0 0 0 0 0 0 0 0 0 0 0 0 0 0 0 0 0 0 0 0 0 0 0 0 0 0 0 0 0 0 0 0 0 0 0 0 0 0 0 0 0 0 0 0 0 0 0 0 0 0 0 0 0 0 0 0 0 0 0 0 0 0 0 0 0 0 0 0 0 0 0 0 0 0 0 0 0 0 0 0 0 0 0 0 0 0 0 0 0 0 0 0 0 0 0 0 0 0 0 0 0 0 0 0 0 0 0 0 0 0 0 0 0 0 0 0 0 0 0 0 0 0 0 0 0 0 0 0 0 0 0 0 0 0 0 0 0 0 0 0 0 0 0 0 0 0 0 0 0 0 0 0 0 0 0 0 0 0 0 0 0 0 0 0 0 0 0 0 0 0 0 0 0 0 0 0 0 0 0 0 0 0 0 0 0 0 0 0 0 0 0 0 0 0 0 0 0 0 0 0 0 0 0 0 0 0 0 0 0 0 0 0 0 0 0 0 0 0 0 0 0 0 0 0 0 0 0 0 0 0 0 0 0 0 0 0 0 0 0 0 0 0 0 0 0 0 0 0 0 0 0 0 0 0 0 0 0 0 0 0 0 0 0 0 0 0 0 0 0 0 0 0 0 0 0 0 0 0 0 0 0 0 0 0 0 0 0 0 0 0 0 0 0 0 0 0 0 0 0 0 0 0 0 0 0 0 0 0 0 0 0 0 0 0 0 0 0 0 0 0 0 0 0 0 0 0 0 0 0 0 0 0 0 0 0 0 0 0 0 0 0 0 0 0 0 0 0 0 0 0 0 0 0 0 0 0 0 0 0 0 0 0 0 0 0 0 0 0 0 0 0 0 0 0 0 0 0 0 0 0 0 0 0 0 0 0 0 0 0 0 0 0 0 0 0 0 0 0 0 0 0 0 0 0 0 0 0 0 0 0 0 0 0 0 0 0 0 0 0 0 0 0 0 0 0 0 0 0 0 0 0 0 0 0 0 0 0 0 0 0 0 0 0 0 0 0 0 0 0 0 0 0 0 0 0 0 0 0 0 0 0 0 0 0 0 0 0 0 0 0 0 0 0 0 0 0 0 0 0 0 0 0 0 0 0 0 0 0 0 0 0 0 0 0 0 0 0 0 0 0 0 0 0 0 0 0 0 0 0 0 0 0 0 0 0 0 0 0 0 0 0 0 0 0 0 0 0 0 0 0 0 0 0 0 0 0 0 0 0 0 0 0 0 0 0 0 0 0 0 0 0 0 0 0 0 0 0 0 0 0 0 0 0 0 0 0 0 0 0 0 0 0 0 0 0 0 0 0 0 0 0 0 0 0 0 0 0 0 0 0 0 0 0 0 0 0 0 0 0 0 0 0 0 0 0 0 0 0 0 0 0 0 0 0 0 0 0 0 0 0 0 0 0 0 0 0 0 0 0 0 0 0 0 0 0 0 0 0 0 0 0 0 0 0 0 0 0 0 0 0 0 0 0 0 0 0 0 0 0 0 0 0 0 0 0 0 0 0 0 0 0 0 0 0 0 0 0 0 0 0 0 0 0 0 0 0 0 0 0 0 0 0 0 0 0 0 0 0 0 0 0 0 0 0 0 0 0 0 0 0 0 0 0 0 0 0 0 0 0 0 0 0 0 0 0 0 0 0 0 0 0 0 0 0 0 0 0 0 0 0 0 0 0 0 0 0 0 0 0 0 0 0 0 0 0 0 0 0 0 0 0 0 0 0 0 0 0 0 0 0 0 0 0 0 0 0 0 0 0 0 0 0 0 0 0 0 0 0 0 0 0 0 0 0 0 0 0 0 0 0 0 0 0 0 0 0 0 0 0 0 0 0 0 0 0 0 0 0 0 0 0 0 0 0 0 0 0 0 0 0 0 0 0 0 0 0 0 0 0 0 0 0 0 0 0 0 0 0 0 0 0 0 0 0 0 0 0 0 0 0 0 0 0 0 0 0 0 0 0 0 0 0 0 0 0 0 0 0 0 0 0 0 0 0 0 0 0 0 0 0 0 0 0 0 0 0 0 0 0 0 0 0 0 0 0 0 0 0 0 0 0 0 0 0 0 0 0 0 0 0 0 0 0 0 0 0 0 0 0 0 0 0 0 0 0 0 0 0 0 0 0 0 0 0 0 0 0 0 0 0 0 0 0 0 0 0 0 0 0 0 0 0 0 0 0 0 0 0 0 0 0 0 0 0 0 0 0 0 0 0 0 0 0 0 0 0 0 0 0 0 0 0 0 0 0 0 0 0 0 0 0 0 0 0 0 0 0 0 0 0 0 0 0 0 0 0 0 0 0 0 0 0 0 0 0 0 0 0 0 0 0 0 0 0 0 0 0 0 0 0 0 0 0 0 0 0 0 0 0 0 0 0 0 0 0 0 0 0 0 0 0 0 0 0 0 0 0 0 0 0 0 0 0 0 0 0 0 0 0 0 0 0 0 0 0 0 0 0 0 0 0 0 0 0 0 0 0 0 0 0 0 0 0 0 0 0 0 0 0 0 0 0 0 0 0 0 0 0 0 0 0 0 0 0 0 0 0 0 0 0 0 0 0 0 0 0 0 0 0 0 0 0 0 0 0 0 0 0 0 0 0 0 0 0 0 0 0 0 0 0 0 0 0 0 0 0 0 0 0 0 0 0 0 0 0 0 0 0 0 0 0 0 0 0 0 0 0 0 0 0 0 0 0 0 0 0 0 0 0 0 0 0 0 0 0 0 0 0 0 0 0 0 0 0 0 0 0 0 0 0 0 0 0 0 0 0 0 0 0 0 0 0 0 0 0 0 0 0 0 0 0 0 0 0 0 0 0 0 0 0 0 0 0 0 0 0 0 0 0 0 0 0 0 0 0 0 0 0 0 0 0 0 0 0 0 0 0 0 0 0 0 0 0 0 0 0 0 0 0 0 0 0 0 0 0 0 0 0 0 0 0 0 0 0 0 0 0 0 0 0 0 0 0 0 0 0 0 0 0 0 0 0 0 0 0 0 0 0 0 0 0 0 0 0 0 0 0 0 0 0 0 0 0 0 0 0 0 0 0 0 0 0 0 0 0 0 0 0 0 0 0 0 0 0 0 0 0 0 0 0 0 0 0 0 0 0 0 0 0 0 0 0 0 0 0 0 0 0 0 0 0 0 0 0 0 0 0 0 0 0 0 0 0 0 0 0 0 0 0 0 0 0 0 0 0 0 0 0 0 0 0 0 0 0 0 0 0 0 0 0 0 0 0 0 0 0 0 0 0 0 0 0 0 0 0 0 0 0 0 0 0 0 0 0 0 0 0 0 0 0 0 0 0 0 0 0 0 0 0 0 0 0 0 0 0 0 0 0 0 0 0 0 0 0 0 0 0 0 0 0 0 0 0 0 0 0 0 0 0 0 0 0 0 0 0 0 0 0 0 0 0 0 0 0 0 0 0 0 0 0 0 0 0 0 0 0 0 0 0 0 0 0 0 0 0 0 0 0 0 0 0 0 0 0 0 0 0 0 0 0 0 0 0 0 0 0 0 0 0 0 0 0 0 0 0 0 0 0 0 0 0 0 0 0 0 0 0 0 0 0 0 0 0 0 0 0 0 0 0 0 0 0 0 0 0 0 0 0 0 0 0 0 0 0 0 0 0 0 0 0 0 0 0 0 0 0 0 0 0 0 0 0 0 0 0 0 0 0 0 0 0 0 0 0 0 0 0 0 0 0 0 0 0 0 0 0 0 0 0 0 0 0 0 0 0 0 0 0 0 0 0 0 0 0 0 0 0 0 0 0 0 0 0 0 0 0 0 0 0 0 0 0 0 0 0 0 0 0 0 0 0 0 0 0 0 0 0 0 0 0 0 0 0 0 0 0 0 0 0 0 0 0 0 0 0 0 0 0 0 0 0 0 0 0 0 0 0 0 0 0 0 0 0 0 0 0 0 0 0 0 0 0 0 0 0 0 0 0 0 0 0 0 0 0 0 0 0 0 0 0 0 0 0 0 0 0 0 0 0 0 0 0 0 0 0 0 0 0 0 0 0 0 0 0 0 0 0 0 0 0 0 0 0 0 0 0 0 0 0 0 0 0 0 0 0 0 0 0 0 0 0 0 0 0 0 0 0 0 0 0 0 0 0 0 0 0 0 0 0 0 0 0 0 0 0 0 0 0 0 0 0 0 0 0 0 0 0 0 0 0 0 0 0 0 0 0 0 0 0 0 0 0 0 0 0 0 0 0 0 0 0 0 0 0 0 0 0 0 0 0 0 0 0 0 0 0 0 0 0 0 0 0 0 0 0 0 0 0 0 0 0 0 0 0 0 0 0 0 0 0 0 0 0 0 0 0 0 0 0 0 0 0 0 0 0 0 0 0 0 0 0 0 0 0 0 0 0 0 0 0 0 0 0 0 0 0 0 0 0 0 0 0 0 0 0 0 0 0 0 0 0 0 0 0 0 0 0 0 0 0 0 0 0 0 0 0 0 0 0 0 0 0 0 0 0 0 0 0 0 0 0 0 0 0 0 0 0 0 0 0 0 0 0 0 0 0 0 0 0 0 0 0 0 0 0 0 0 0 0 0 0 0 0 0 0 0 0 0 0 0 0 0 0 0 0 0 0 0 0 0 0 0 0 0 0 0 0 0 0 0 0 0 0 0 0 0 0 0 0 0 0 0 0 0 0 0 0 0 0 0 0 0 0 0 0 0 0 0 0 0 0 0 0 0 0 0 0 0 0 0 0 0 0 0 0 0 0 0 0 0 0 0 0 0 0 0 0 0 0 0 0 0 0 0 0 0 0 0 0 0 0 0 0 0 0 0 0 0 0 0 0 0 0 0 0 0 0 0 0 0 0 0 0 0 0 0 0 0 0 0 0 0 0 0 0 0 0 0 0 0 0 0 0 0 0 0 0 0 0 0 0 0 0 0 0 0 0 0 0 0 0 0 0 0 0 0 0 0 0 0 0 0 0 0 0 0 0 0 0 0 0 0 0 0 0 0 0 0 0 0 0 0 0 0 0 0 0 0 0 0 0 0 0 0 0 0 0 0 0 0 0 0 0 0 0 0 0 0 0 0 0 0 0 0 0 0 0 0 0 0 0 0 0 0 0 0 0 0 0 0 0 0 0 0 0 0 0 0 0 0 0 0 0 0 0 0 0 0 0 0 0 0 0 0 0 0 0 0 0 0 0 0 0 0 0 0 0 0 0 0 0 0 0 0 0 0 0 0 0 0 0 0 0 0 0 0 0 0 0 0 0 0 0 0 0 0 0 0 0 0 0 0 0 0 0 0 0 0 0 0 0 0 0 0 0 0 0 0 0 0 0 0 0 0 0 0 0 0 0 0 0 0 0 0 0 0 0 0 0 0 0 0 0 0 0 0 0 0 0 0 0 0 0 0 0 0 0 0 0 0 0 0 0 0 0 0 0 0 0 0 0 0 0 0 0 0 0 0 0 0 0 0 0 0 0 0 0 0 0 0 0 0 0 0 0 0 0 0 0 0 0 0 0 0 0 0 0 0 0 0 0 0 0 0 0 0 0 0 0 0 0 0 0 0 0 0 0 0 0 0 0 0 0 0 0 0 0 0 0 0 0 0 0 0 0 0 0 0 0 0 0 0 0 0 0 0 0 0 0 0 0 0 0 0 0 0 0 0 0 0 0 0 0 0 0 0 0 0 0 0 0 0 0 0 0 0 0 0 0 0 0 0 0 0 0 0 0 0 0 0 0 0 0 0 0 0 0 0 0 0 0 0 0 0 0 0 0 0 0 0 0 0 0 0 0 0 0 0 0 0 0 0 0 0 0 0 0 0 0 0 0 0 0 0 0 0 0 0 0 0 0 0 0 0 0 0 0 0 0 0 0 0 0 0 0 0 0 0 0 0 0 0 0 0 0 0 0 0 0 0 0 0 0 0 0 0 0 0 0 0 0 0 0 0 0 0 0 0 0 0 0 0 0 0 0 0 0 0 0 0 0 0 0 0 0 0 0 0 0 0 0 0 0 0 0 0 0 0 0 0 0 0 0 0 0 0 0 0 0 0 0 0 0 0 0 0 0 0 0 0 0 0 0 0 0 0 0 0 0 0 0 0 0 0 0 0 0 0 0 0 0 0 0 0 0 0 0 0 0 0 0 0 0 0 0 0 0 0 0 0 0 0 0 0 0 0 0 0 0 0 0 0 0 0 0 0 0 0 0 0 0 0 0 0 0 0 0 0 0 0 0 0 0 0 0 0 0 0 0 0 0 0 0 0 0 0 0 0 0 0 0 0 0 0 0 0 0 0 0 0 0 0 0 0 0 0 0 0 0 0 0 0 0 0 0 0 0 0 0 0 0 0 0 0 0 0 0 0 0 0 0 0 0 0 0 0 0 0 0 0 0 0 0 0 0 0 0 0 0 0 0 0 0 0 0 0 0 0 0 0 0 0 0 0 0 0 0 0 0 0 0 0 0 0 0 0 0 0 0 0 0 0 0 0 0 0 0 0 0 0 0 0 0 0 0 0 0 0 0 0 0 0 0 0 0 0 0 0 0 0 0 0 0 0 0 0 0 0 0 0 0 0 0 0 0 0 0 0 0 0 0 0 0 0 0 0 0 0 0 0 0 0 0 0 0 0 0 0 0 0 0 0 0 0 0 0 0 0 0 0 0 0 0 0 0 0 0 0 0 0 0 0 0 0 0 0 0 0 0 0 0 0 0 0 0 0 0 0 0 0 0 0 0 0 0 0 0 0 0 0 0 0 0 0 0 0 0 0 0 0 0 0 0 0 0 0 0 0 0 0 0 0 0 0 0 0 0 0 0 0 0 0 0 0 0 0 0 0 0 0 0 0 0 0 0 0 0 0 0 0 0 0 0 0 0 0 0 0 0 0 0 0 0 0 0 0 0 0 0 0 0 0 0 0 0 0 0 0 0 0 0 0 0 0 0 0 0 0 0 0 0 0 0 0 0 0 0 0 0 0 0 0 0 0 0 0 0 0 0 0 0 0 0 0 0 0 0 0 0 0 0 0 0 0 0 0 0 0 0 0 0 0 0 0 0 0 0 0 0 0 0 0 0 0 0 0 0 0 0 0 0 0 0 0 0 0 0 0 0 0 0 0 0 0 0 0 0 0 0 0 0 0 0 0 0 0 0 0 0 0 0 0 0 0 0 0 0 0 0 0 0 0 0 0 0 0 0 0 0 0 0 0 0 0 0 0 0 0 0 0 0 0 0 0 0 0 0 0 0 0 0 0 0 0 0 0 0 0 0 0 0 0 0 0 0 0 0 0 0 0 0 0 0 0 0 0 0 0 0 0 0 0 0 0 0 0 0 0 0 0 0 0 0 0 0 0 0 0 0 0 0 0 0 0 0 0 0 0 0 0 0 0 0 0 0 0 0 0 0 0 0 0 0 0 0 0 0 0 0 0 0 0 0 0 0 0 0 0 0 0 0 0 0 0 0 0 0 0 0 0 0 0 0 0 0 0 0 0 0 0 0 0 0 0 0 0 0 0 0 0 0 0 0 0 0 0 0 0 0 0 0 0 0 0 0 0 0 0 0 0 0 0 0 0 0 0 0 0 0 0 0 0 0 0 0 0 0 0 0 0 0 0 0 0 0 0 0 0 0 0 0 0 0 0 0 0 0 0 0 0 0 0 0 0 0 0 0 0 0 0 0 0 0 0 0 0 0 0 0 0 0 0 0 0 0 0 0 0 0 0 0 0 0 0 0 0 0 0 0 0 0 0 0 0 0 0 0 0 0 0 0 0 0 0 0 0 0 0 0 0 0 0 0 0 0 0 0 0 0 0 0 0 0 0 0 0 0 0 0 0 0 0 0 0 0 0 0 0 0 0 0 0 0 0 0 0 0 0 0 0 0 0 0 0 0 0 0 0 0 0 0 0 0 0 0 0 0 0 0 0 0 0 0 0 0 0 0 0 0 0 0 0 0 0 0 0 0 0 0 0 0 0 0 0 0 0 0 0 0 0 0 0 0 0 0 0 0 0 0 0 0 0 0 0 0 0 0 0 0 0 0 0 0 0 0 0 0 0 0 0 0 0 0 0 0 0 0 0 0 0 0 0 0 0 0 0 0 0 0 0 0 0 0 0 0 0 0 0 0 0 0 0 0 0 0 0 0 0 0 0 0 0 0 0 0 0 0 0 0 0 0 0 0 0 0 0 0 0 0 0 0 0 0 0 0 0 0 0 0 0 0 0 0 0 0 0 0 0 0 0 0 0 0 0 0 0 0 0 0 0 0 0 0 0 0 0 0 0 0 0 0 0 0 0 0 0 0 0 0 0 0 0 0 0 0 0 0 0 0 0 0 0 0 0 0 0 0 0 0 0 0 0 0 0 0 0 0 0 0 0 0 0 0 0 0 0 0 0 0 0 0 0 0 0 0 0 0 0 0 0 0 0 0 0 0 0 0 0 0 0 0 0 0 0 0 0 0 0 0 0 0 0 0 0 0 0 0 0 0 0 0 0 0 0 0 0 0 0 0 0 0 0 0 0 0 0 0 0 0 0 0 0 0 0 0 0 0 0 0 0 0 0 0 0 0 0 0 0 0 0 0 0 0 0 0 0 0 0 0 0 0 0 0 0 0 0 0 0 0 0 0 0 0 0 0 0 0 0 0 0 0 0 0 0 0 0 0 0 0 0 0 0 0 0 0 0 0 0 0 0 0 0 0 0 0 0 0 0 0 0 0 0 0 0 0 0 0 0 0 0 0 0 0 0 0 0 0 0 0 0 0 0 0 0 0 0 0 0 0 0 0 0 0 0 0 0 0 0 0 0 0 0 0 0 0 0 0 0 0 0 0 0 0 0 0 0 0 0 0 0 0 0 0 0 0 0 0 0 0 0 0 0 0 0 0 0 0 0 0 0 0 0 0 0 0 0 0 0 0 0 0 0 0 0 0 0 0 0 0 0 0 0 0 0 0 0 0 0 0 0 0 0 0 0 0 0 0 0 0 0 0 0 0 0 0 0 0 0 0 0 0 0 0 0 0 0 0 0 0 0 0 0 0 0 0 0 0 0 0 0 0 0 0 0 0 0 0 0 0 0 0 0 0 0 0 0 0 0 0 0 0 0 0 0 0 0 0 0 0 0 0 0 0 0 0 0 0 0 0 0 0 0 0 0 0 0 0 0 0 0 0 0 0 0 0 0 0 0 0 0 0 0 0 0 0 0 0 0 0 0 0 0 0 0 0 0 0 0 0 0 0 0 0 0 0 0 0 0 0 0 0 0 0 0 0 0 0 0 0 0 0 0 0 0 0 0 0 0 0 0 0 0 0 0 0 0 0 0 0 0 0 0 0 0 0 0 0 0 0 0 0 0 0 0 0 0 0 0 0 0 0 0 0 0 0 0 0 0 0 0 0 0 0 0 0 0 0 0 0 0 0 0 0 0 0 0 0 0 0 0 0 0 0 0 0 0 0 0 0 0 0 0 0 0 0 0 0 0 0 0 0 0 0 0 0 0 0 0 0 0 0 0 0 0 0 0 0 0 0 0 0 0 0 0 0 0 0 0 0 0 0 0 0 0 0 0 0 0 0 0 0 0 0 0 0 0 0 0 0 0 0 0 0 0 0 0 0 0 0 0 0 0 0 0 0 0 0 0 0 0 0 0 0 0 0 0 0 0 0 0 0 0 0 0 0 0 0 0 0 0 0 0 0 0 0 0 0 0 0 0 0 0 0 0 0 0 0 0 0 0 0 0 0 0 0 0 0 0 0 0 0 0 0 0 0 0 0 0 0 0 0 0 0 0 0 0 0 0 0 0 0 0 0 0 0 0 0 0 0 0 0 0 0 0 0 0 0 0 0 0 0 0 0 0 0 0 0 0 0 0 0 0 0 0 0 0 0 0 0 0 0 0 0 0 0 0 0 0 0 0 0 0 0 0 0 0 0 0 0 0 0 0 0 0 0 0 0 0 0 0 0 0 0 0 0 0 0 0 0 0 0 0 0 0 0 0 0 0 0 0 0 0 0 0 0 0 0 0 0 0 0 0 0 0 0 0 0 0 0 0 0 0 0 0 0 0 0 0 0 0 0 0 0 0 0 0 0 0 0 0 0 0 0 0 0 0 0 0 0 0 0 0 0 0 0 0 0 0 0 0 0 0 0 0 0 0 0 0 0 0 0 0 0 0 0 0 0 0 0 0 0 0 0 0 0 0 0 0 0 0 0 0 0 0 0 0 0 0 0 0 0 0 0 0 0 0 0 0 0 0 0 0 0 0 0 0 0 0 0 0 0 0 0 0 0 0 0 0 0 0 0 0 0 0 0 0 0 0 0 0 0 0 0 0 0 0 0 0 0 0 0 0 0 0 0 0 0 0 0 0 0 0 0 0 0 0 0 0 0 0 0 0 0 0 0 0 0 0 0 0 0 0 0 0 0 0 0 0 0 0 0 0 0 0 0 0 0 0 0 0 0 0 0 0 0 0 0 0 0 0 0 0 0 0 0 0 0 0 0 0 0 0 0 0 0 0 0 0 0 0 0 0 0 0 0 0 0 0 0 0 0 0 0 0 0 0 0 0 0 0 0 0 0 0 0 0 0 0 0 0 0 0 0 0 0 0 0 0 0 0 0 0 0 0 0 0 0 0 0 0 0 0 0 0 0 0 0 0 0 0 0 0 0 0 0 0 0 0 0 0 0 0 0 0 0 0 0 0 0 0 0 0 0 0 0 0 0 0 0 0 0 0 0 0 0 0 0 0 0 0 0 0 0 0 0 0 0 0 0 0 0 0 0 0 0 0 0 0 0 0 0 0 0 0 0 0 0 0 0 0 0 0 0 0 0 0 0 0 0 0 0 0 0 0 0 0 0 0 0 0 0 0 0 0 0 0 0 0 0 0 0 0 0 0 0 0 0 0 0 0 0 0 0 0 0 0 0 0 0 0 0 0 0 0 0 0 0 0 0 0 0 0 0 0 0 0 0 0 0 0 0 0 0 0 0 0 0 0 0 0 0 0 0 0 0 0 0 0 0 0 0 0 0 0 0 0 0 0 0 0 0 0 0 0 0 0 0 0 0 0 0 0 0 0 0 0 0 0 0 0 0 0 0 0 0 0 0 0 0 0 0 0 0 0 0 0 0 0 0 0 0 0 0 0 0 0 0 0 0 0 0 0 0 0 0 0 0 0 0 0 0 0 0 0 0 0 0 0 0 0 0 0 0 0 0 0 0 0 0 0 0 0 0 0 0 0 0 0 0 0 0 0 0 0 0 0 0 0 0 0 0 0 0 0 0 0 0 0 0 0 0 0 0 0 0 0 0 0 0 0 0 0 0 0 0 0 0 0 0 0 0 0 0 0 0 0 0 0 0 0 0 0 0 0 0 0 0 0 0 0 0 0 0 0 0 0 0 0 0 0 0 0 0 0 0 0 0 0 0 0 0 0 0 0 0 0 0 0 0 0 0 0 0 0 0 0 0 0 0 0 0 0 0 0 0 0 0 0 0 0 0 0 0 0 0 0 0 0 0 0 0 0 0 0 0 0 0 0 0 0 0 0 0 0 0 0 0 0 0 0 0 0 0 0 0 0 0 0 0 0 0 0 0 0 0 0 0 0 0 0 0 0 0 0 0 0 0 0 0 0 0 0 0 0 0 0 0 0 0 0 0 0 0 0 0 0 0 0 0 0 0 0 0 0 0 0 0 0 0 0 0 0 0 0 0 0 0 0 0 0 0 0 0 0 0 0 0 0 0 0 0 0 0 0 0 0 0 0 0 0 0 0 0 0 0 0 0 0 0 0 0 0 0 0 0 0 0 0 0 0 0 0 0 0 0 0 0 0 0 0 0 0 0 0 0 0 0 0 0 0 0 0 0 0 0 0 0 0 0 0 0 0 0 0 0 0 0 0 0 0 0 0 0 0 0 0 0 0 0 0 0 0 0 0 0 0 0 0 0 0 0 0 0 0 0 0 0 0 0 0 0 0 0 0 0 0 0 0 0 0 0 0 0 0 0 0 0 0 0 0 0 0 0 0 0 0 0 0 0 0 0 0 0 0 0 0 0 0 0 0 0 0 0 0 0 0 0 0 0 0 0 0 0 0 0 0 0 0 0 0 0 0 0 0 0 0 0 0 0 0 0 0 0 0 0 0 0 0 0 0 0 0 0 0 0 0 0 0 0 0 0 0 0 0 0 0 0 0 0 0 0 0 0 0 0 0 0 0 0 0 0 0 0 0 0 0 0 0 0 0 0 0 0 0 0 0 0 0 0 0 0 0 0 0 0 0 0 0 0 0 0 0 0 0 0 0 0 0 0 0 0 0 0 0 0 0 0 0 0 0 0 0 0 0 0 0 0 0 0 0 0 0 0 0 0 0 0 0 0 0 0 0 0 0 0 0 0 0 0 0 0 0 0 0 0 0 0 0 0 0 0 0 0 0 0 0 0 0 0 0 0 0 0 0 0 0 0 0 0 0 0 0 0 0 0 0 0 0 0 0 0 0 0 0 0 0 0 0 0 0 0 0 0 0 0 0 0 0 0 0 0 0 0 0 0 0 0 0 0 0 0 0 0 0 0 0 0 0 0 0 0 0 0 0 0 0 0 0 0 0 0 0 0 0 0 0 0 0 0 0 0 0 0 0 0 0 0 0 0 0 0 0 0 0 0 0 0 0 0 0 0 0 0 0 0 0 0 0 0 0 0 0 0 0 0 0 0 0 0 0 0 0 0 0 0 0 0 0 0 0 0 0 0 0 0 0 0 0 0 0 0 0 0 0 0 0 0 0 0 0 0 0 0 0 0 0 0 0 0 0 0 0 0 0 0 0 0 0 0 0 0 0 0 0 0 0 0 0 0 0 0 0 0 0 0 0 0 0 0 0 0 0 0 0 0 0 0 0 0 0 0 0 0 0 0 0 0 0 0 0 0 0 0 0 0 0 0 0 0 0 0 0 0 0 0 0 0 0 0 0 0 0 0 0 0 0 0 0 0 0 0 0 0 0 0 0 0 0 0 0 0 0 0 0 0 0 0 0 0 0 0 0 0 0 0 0 0 0 0 0 0 0 0 0 0 0 0 0 0 0 0 0 0 0 0 0 0 0 0 0 0 0 0 0 0 0 0 0 0 0 0 0 0 0 0 0 0 0 0 0 0 0 0 0 0 0 0 0 0 0 0 0 0 0 0 0 0 0 0 0 0 0 0 0 0 0 0 0 0 0 0 0 0 0 0 0 0 0 0 0 0 0 0 0 0 0 0 0 0 0 0 0 0 0 0 0 0 0 0 0 0 0 0 0 0 0 0 0 0 0 0 0 0 0 0 0 0 0 0 0 0 0 0 0 0 0 0 0 0 0 0 0 0 0 0 0 0 0 0 0 0 0 0 0 0 0 0 0 0 0 0 0 0 0 0 0 0 0 0 0 0 0 0 0 0 0 0 0 0 0 0 0 0 0 0 0 0 0 0 0 0 0 0 0 0 0 0 0 0 0 0 0 0 0 0 0 0 0 0 0 0 0 0 0 0 0 0 0 0 0 0 0 0 0 0 0 0 0 0 0 0 0 0 0 0 0 0 0 0 0 0 0 0 0 0 0 0 0 0 0 0 0 0 0 0 0 0 0 0 0 0 0 0 0 0 0 0 0 0 0 0 0 0 0 0 0 0 0 0 0 0 0 0 0 0 0 0 0 0 0 0 0 0 0 0 0 0 0 0 0 0 0 0 0 0 0 0 0 0 0 0 0 0 0 0 0 0 0 0 0 0 0 0 0 0 0 0 0 0 0 0 0 0 0 0 0 0 0 0 0 0 0 0 0 0 0 0 0 0 0 0 0 0 0 0 0 0 0 0 0 0 0 0 0 0 0 0 0 0 0 0 0 0 0 0 0 0 0 0 0 0 0 0 0 0 0 0 0 0 0 0 0 0 0 0 0 0 0 0 0 0 0 0 0 0 0 0 0 0 0 0 0 0 0 0 0 0 0 0 0 0 0 0 0 0 0 0 0 0 0 0 0 0 0 0 0 0 0 0 0 0 0 0 0 0 0 0 0 0 0 0 0 0 0 0 0 0 0 0 0 0 0 0 0 0 0 0 0 0 0 0 0 0 0 0 0 0 0 0 0 0 0 0 0 0 0 0 0 0 0 0 0 0 0 0 0 0 0 0 0 0 0 0 0 0 0 0 0 0 0 0 0 0 0 0 0 0 0 0 0 0 0 0 0 0 0 0 0 0 0 0 0 0 0 0 0 0 0 0 0 0 0 0 0 0 0 0 0 0 0 0 0 0 0 0 0 0 0 0 0 0 0 0 0 0 0 0 0 0 0 0 0 0 0 0 0 0 0 0 0 0 0 0 0 0 0 0 0 0 0 0 0 0 0 0 0 0 0 0 0 0 0 0 0 0 0 0 0 0 0 0 0 0 0 0 0 0 0 0 0 0 0 0 0 0 0 0 0 0 0 0 0 0 0 0 0 0 0 0 0 0 0 0 0 0 0 0 0 0 0 0 0 0 0 0 0 0 0 0 0 0 0 0 0 0 0 0 0 0 0 0 0 0 0 0 0 0 0 0 0 0 0 0 0 0 0 0 0 0 0 0 0 0 0 0 0 0 0 0 0 0 0 0 0 0 0 0 0 0 0 0 0 0 0 0 0 0 0 0 0 0 0 0 0 0 0 0 0 0 0 0 0 0 0 0 0 0 0 0 0 0 0 0 0 0 0 0 0 0 0 0 0 0 0 0 0 0 0 0 0 0 0 0 0 0 0 0 0 0 0 0 0 0 0 0 0 0 0 0 0 0 0 0 0 0 0 0 0 0 0 0 0 0 0 0 0 0 0 0 0 0 0 0 0 0 0 0 0 0 0 0 0 0 0 0 0 0 0 0 0 0 0 0 0 0 0 0 0 0 0 0 0 0 0 0 0 0 0 0 0 0 0 0 0 0 0 0 0 0 0 0 0 0 0 0 0 0 0 0 0 0 0 0 0 0 0 0 0 0 0 0 0 0 0 0 0 0 0 0 0 0 0 0 0 0 0 0 0 0 0 0 0 0 0 0 0 0 0 0 0 0 0 0 0 0 0 0 0 0 0 0 0 0 0 0 0 0 0 0 0 0 0 0 0 0 0 0 0 0 0 0 0 0 0 0 0 0 0 0 0 0 0 0 0 0 0 0 0 0 0 0 0 0 0 0 0 0 0 0 0 0 0 0 0 0 0 0 0 0 0 0 0 0 0 0 0 0 0 0 0 0 0 0 0 0 0 0 0 0 0 0 0 0 0 0 0 0 0 0 0 0 0 0 0 0 0 0 0 0 0 0 0 0 0 0 0 0 0 0 0 0 0 0 0 0 0 0 0 0 0 0 0 0 0 0 0 0 0 0 0 0 0 0 0 0 0 0 0 0 0 0 0 0 0 0 0 0 0 0 0 0 0 0 0 0 0 0 0 0 0 0 0 0 0 0 0 0 0 0 0 0 0 0 0 0 0 0 0 0 0 0 0 0 0 0 0 0 0 0 0 0 0 0 0 0 0 0 0 0 0 0 0 0 0 0 0 0 0 0 0 0 0 0 0 0 0 0 0 0 0 0 0 0 0 0 0 0 0 0 0 0 0 0 0 0 0 0 0 0 0 0 0 0 0 0 0 0 0 0 0 0 0 0 0 0 0 0 0 0 0 0 0 0 0 0 0 0 0 0 0 0 0 0 0 0 0 0 0 0 0 0 0 0 0 0 0 0 0 0 0 0 0 0 0 0 0 0 0 0 0 0 0 0 0 0 0 0 0 0 0 0 0 0 0 0 0 0 0 0 0 0 0 0 0 0 0 0 0 0 0 0 0 0 0 0 0 0 0 0 0 0 0 0 0 0 0 0 0 0 0 0 0 0 0 0 0 0 0 0 0 0 0 0 0 0 0 0 0 0 0 0 0 0 0 0 0 0 0 0 0 0 0 0 0 0 0 0 0 0 0 0 0 0 0 0 0 0 0 0 0 0 0 0 0 0 0 0 0 0 0 0 0 0 0 0 0 0 0 0 0 0 0 0 0 0 0 0 0 0 0 0 0 0 0 0 0 0 0 0 0 0 0 0 0 0 0 0 0 0 0 0 0 0 0 0 0 0 0 0 0 0 0 0 0 0 0 0 0 0 0 0 0 0 0 0 0 0 0 0 0 0 0 0 0 0 0 0 0 0 0 0 0 0 0 0 0 0 0 0 0 0 0 0 0 0 0 0 0 0 0 0 0 0 0 0 0 0 0 0 0 0 0 0 0 0 0 0 0 0 0 0 0 0 0 0 0 0 0 0 0 0 0 0 0 0 0 0 0 0 0 0 0 0 0 0 0 0 0 0 0 0 0 0 0 0 0 0 0 0 0 0 0 0 0 0 0 0 0 0 0 0 0 0 0 0 0 0 0 0 0 0 0 0 0 0 0 0 0 0 0 0 0 0 0 0 0 0 0 0 0 0 0 0 0 0 0 0 0 0 0 0 0 0 0 0 0 0 0 0 0 0 0 0 0 0 0 0 0 0 0 0 0 0 0 0 0 0 0 0 0 0 0 0 0 0 0 0 0 0 0 0 0 0 0 0 0 0 0 0 0 0 0 0 0 0 0 0 0 0 0 0 0 0 0 0 0 0 0 0 0 0 0 0 0 0 0 0 0 0 0 0 0 0 0 0 0 0 0 0 0 0 0 0 0 0 0 0 0 0 0 0 0 0 0 0 0 0 0 0 0 0 0 0 0 0 0 0 0 0 0 0 0 0 0 0 0 0 0 0 0 0 0 0 0 0 0 0 0 0 0 0 0 0 0 0 0 0 0 0 0 0 0 0 0 0 0 0 0 0 0 0 0 0 0 0 0 0 0 0 0 0 0 0 0 0 0 0 0 0 0 0 0 0 0 0 0 0 0 0 0 0 0 0 0 0 0 0 0 0 0 0 0 0 0 0 0 0 0 0 0 0 0 0 0 0 0 0 0 0 0 0 0 0 0 0 0 0 0 0 0 0 0 0 0 0 0 0 0 0 0 0 0 0 0 0 0 0 0 0 0 0 0 0 0 0 0 0 0 0 0 0 0 0 0 0 0 0 0 0 0 0 0 0 0 0 0 0 0 0 0 0 0 0 0 0 0 0 0 0 0 0 0 0 0 0 0 0 0 0 0 0 0 0 0 0 0 0 0 0 0 0 0 0 0 0 0 0 0 0 0 0 0 0 0 0 0 0 0 0 0 0 0 0 0 0 0 0 0 0 0 0 0 0 0 0 0 0 0 0 0 0 0 0 0 0 0 0 0 0 0 0 0 0 0 0 0 0 0 0 0 0 0 0 0 0 0 0 0 0 0 0 0 0 0 0 0 0 0 0 0 0 0 0 0 0 0 0 0 0 0 0 0 0 0 0 0 0 0 0 0 0 0 0 0 0 0 0 0 0 0 0 0 0 0 0 0 0 0 0 0 0 0 0 0 0 0 0 0 0 0 0 0 0 0 0 0 0 0 0 0 0 0 0 0 0 0 0 0 0 0 0 0 0 0 0 0 0 0 0 0 0 0 0 0 0 0 0 0 0 0 0 0 0 0 0 0 0 0 0 0 0 0 0 0 0 0 0 0 0 0 0 0 0 0 0 0 0 0 0 0 0 0 0 0 0 0 0 0 0 0 0 0 0 0 0 0 0 0 0 0 0 0 0 0 0 0 0 0 0 0 0 0 0 0 0 0 0 0 0 0 0 0 0 0 0 0 0 0 0 0 0 0 0 0 0 0 0 0 0 0 0 0 0 0 0 0 0 0 0 0 0 0 0 0 0 0 0 0 0 0 0 0 0 0 0 0 0 0 0 0 0 0 0 0 0 0 0 0 0 0 0 0 0 0 0 0 0 0 0 0 0 0 0 0 0 0 0 0 0 0 0 0 0 0 0 0 0 0 0 0 0 0 0 0 0 0 0 0 0 0 0 0 0 0 0 0 0 0 0 0 0 0 0 0 0 0 0 0 0 0 0 0 0 0 0 0 0 0 0 0 0 0 0 0 0 0 0 0 0 0 0 0 0 0 0 0 0 0 0 0 0 0 0 0 0 0 0 0 0 0 0 0 0 0 0 0 0 0 0 0 0 0 0 0 0 0 0 0 0 0 0 0 0 0 0 0 0 0 0 0 0 0 0 0 0 0 0 0 0 0 0 0 0 0 0 0 0 0 0 0 0 0 0 0 0 0 0 0 0 0 0 0 0 0 0 0 0 0 0 0 0 0 0 0 0 0 0 0 0 0 0 0 0 0 0 0 0 0 0 0 0 0 0 0 0 0 0 0 0 0 0 0 0 0 0 0 0 0 0 0 0 0 0 0 0 0 0 0 0 0 0 0 0 0 0 0 0 0 0 0 0 0 0 0 0 0 0 0 0 0 0 0 0 0 0 0 0 0 0 0 0 0 0 0 0 0 0 0 0 0 0 0 0 0 0 0 0 0 0 0 0 0 0 0 0 0 0 0 0 0 0 0 0 0 0 0 0 0 0 0 0 0 0 0 0 0 0 0 0 0 0 0 0 0 0 0 0 0 0 0 0 0 0 0 0 0 0 0 0 0 0 0 0 0 0 0 0 0 0 0 0 0 0 0 0 0 0 0 0 0 0 0 0 0 0 0 0 0 0 0 0 0 0 0 0 0 0 0 0 0 0 0 0 0 0 0 0 0 0 0 0 0 0 0 0 0 0 0 0 0 0 0 0 0 0 0 0 0 0 0 0 0 0 0 0 0 0 0 0 0 0 0 0 0 0 0 0 0 0 0 0 0 0 0 0 0 0 0 0 0 0 0 0 0 0 0 0 0 0 0 0 0 0 0 0 0 0 0 0 0 0 0 0 0 0 0 0 0 0 0 0 0 0 0 0 0 0 0 0 0 0 0 0 0 0 0 0 0 0 0 0 0 0 0 0 0 0 0 0 0 0 0 0 0 0 0 0 0 0 0 0 0 0 0 0 0 0 0 0 0 0 0 0 0 0 0 0 0 0 0 0 0 0 0 0 0 0 0 0 0 0 0 0 0 0 0 0 0 0 0 0 0 0 0 0 0 0 0 0 0 0 0 0 0 0 0 0 0 0 0 0 0 0 0 0 0 0 0 0 0 0 0 0 0 0 0 0 0 0 0 0 0 0 0 0 0 0 0 0 0 0 0 0 0 0 0 0 0 0 0 0 0 0 0 0 0 0 0 0 0 0 0 0 0 0 0 0 0 0 0 0 0 0 0 0 0 0 0 0 0 0 0 0 0 0 0 0 0 0 0 0 0 0 0 0 0 0 0 0 0 0 0 0 0 0 0 0 0 0 0 0 0 0 0 0 0 0 0 0 0 0 0 0 0 0 0 0 0 0 0 0 0 0 0 0 0 0 0 0 0 0 0 0 0 0 0 0 0 0 0 0 0 0 0 0 0 0 0 0 0 0 0 0 0 0 0 0 0 0 0 0 0 0 0 0 0 0 0 0 0 0 0 0 0 0 0 0 0 0 0 0 0 0 0 0 0 0 0 0 0 0 0 0 0 0 0 0 0 0 0 0 0 0 0 0 0 0 0 0 0 0 0 0 0 0 0 0 0 0 0 0 0 0 0 0 0 0 0 0 0 0 0 0 0 0 0 0 0 0 0 0 0 0 0 0 0 0 0 0 0 0 0 0 0 0 0 0 0 0 0 0 0 0 0 0 0 0 0 0 0 0 0 0 0 0 0 0 0 0 0 0 0 0 0 0 0 0 0 0 0 0 0 0 0 0 0 0 0 0 0 0 0 0 0 0 0 0 0 0 0 0 0 0 0 0 0 0 0 0 0 0 0 0 0 0 0 0 0 0 0 0 0 0 0 0 0 0 0 0 0 0 0 0 0 0 0 0 0 0 0 0 0 0 0 0 0 0 0 0 0 0 0 0 0 0 0 0 0 0 0 0 0 0 0 0 0 0 0 0 0 0 0 0 0 0 0 0 0 0 0 0 0 0 0 0 0 0 0 0 0 0 0 0 0 0 0 0 0 0 0 0 0 0 0 0 0 0 0 0 0 0 0 0 0 0 0 0 0 0 0 0 0 0 0 0 0 0 0 0 0 0 0 0 0 0 0 0 0 0 0 0 0 0 0 0 0 0 0 0 0 0 0 0 0 0 0 0 0 0 0 0 0 0 0 0 0 0 0 0 0 0 0 0 0 0 0 0 0 0 0 0 0 0 0 0 0 0 0 0 0 0 0 0 0 0 0 0 0 0 0 0 0 0 0 0 0 0 0 0 0 0 0 0 0 0 0 0 0 0 0 0 0 0 0 0 0 0 0 0 0 0 0 0 0 0 0 0 0 0 0 0 0 0 0 0 0 0 0 0 0 0 0 0 0 0 0 0 0 0 0 0 0 0 0 0 0 0 0 0 0 0 0 0 0 0 0 0 0 0 0 0 0 0 0 0 0 0 0 0 0 0 0 0 0 0 0 0 0 0 0 0 0 0 0 0 0 0 0 0 0 0 0 0 0 0 0 0 0 0 0 0 0 0 0 0 0 0 0 0 0 0 0 0 0 0 0 0 0 0 0 0 0 0 0 0 0 0 0 0 0 0 0 0 0 0 0 0 0 0 0 0 0 0 0 0 0 0 0 0 0 0 0 0 0 0 0 0 0 0 0 0 0 0 0 0 0 0 0 0 0 0 0 0 0 0 0 0 0 0 0 0 0 0 0 0 0 0 0 0 0 0 0 0 0 0 0 0 0 0 0 0 0 0 0 0 0 0 0 0 0 0 0 0 0 0 0 0 0 0 0 0 0 0 0 0 0 0 0 0 0 0 0 0 0 0 0 0 0 0 0 0 0 0 0 0 0 0 0 0 0 0 0 0 0 0 0 0 0 0 0 0 0 0 0 0 0 0 0 0 0 0 0 0 0 0 0 0 0 0 0 0 0 0 0 0 0 0 0 0 0 0 0 0 0 0 0 0 0 0 0 0 0 0 0 0 0 0 0 0 0 0 0 0 0 0 0 0 0 0 0 0 0 0 0 0 0 0 0 0 0 0 0 0 0 0 0 0 0 0 0 0 0 0 0 0 0 0 0 0 0 0 0 0 0 0 0 0 0 0 0 0 0 0 0 0 0 0 0 0 0 0 0 0 0 0 0 0 0 0 0 0 0 0 0 0 0 0 0 0 0 0 0 0 0 0 0 0 0 0 0 0 0 0 0 0 0 0 0 0 0 0 0 0 0 0 0 0 0 0 0 0 0 0 0 0 0 0 0 0 0 0 0 0 0 0 0 0 0 0 0 0 0 0 0 0 0 0 0 0 0 0 0 0 0 0 0 0 0 0 0 0 0 0 0 0 0 0 0 0 0 0 0 0 0 0 0 0 0 0 0 0 0 0 0 0 0 0 0 0 0 0 0 0 0 0 0 0 0 0 0 0 0 0 0 0 0 0 0 0 0 0 0 0 0 0 0 0 0 0 0 0 0 0 0 0 0 0 0 0 0 0 0 0 0 0 0 0 0 0 0 0 0 0 0 0 0 0 0 0 0 0 0 0 0 0 0 0 0 0 0 0 0 0 0 0 0 0 0 0 0 0 0 0 0 0 0 0 0 0 0 0 0 0 0 0 0 0 0 0 0 0 0 0 0 0 0 0 0 0 0 0 0 0 0 0 0 0 0 0 0 0 0 0 0 0 0 0 0 0 0 0 0 0 0 0 0 0 0 0 0 0 0 0 0 0 0 0 0 0 0 0 0 0 0 0 0 0 0 0 0 0 0 0 0 0 0 0 0 0 0 0 0 0 0 0 0 0 0 0 0 0 0 0 0 0 0 0 0 0 0 0 0 0 0 0 0 0 0 0 0 0 0 0 0 0 0 0 0 0 0 0 0 0 0 0 0 0 0 0 0 0 0 0 0 0 0 0 0 0 0 0 0 0 0 0 0 0 0 0 0 0 0 0 0 0 0 0 0 0 0 0 0 0 0 0 0 0 0 0 0 0 0 0 0 0 0 0 0 0 0 0 0 0 0 0 0 0 0 0 0 0 0 0 0 0 0 0 0 0 0 0 0 0 0 0 0 0 0 0 0 0 0 0 0 0 0 0 0 0 0 0 0 0 0 0 0 0 0 0 0 0 0 0 0 0 0 0 0 0 0 0 0 0 0 0 0 0 0 0 0 0 0 0 0 0 0 0 0 0 0 0 0 0 0 0 0 0 0 0 0 0 0 0 0 0 0 0 0 0 0 0 0 0 0 0 0 0 0 0 0 0 0 0 0 0 0 0 0 0 0 0 0 0 0 0 0 0 0 0 0 0 0 0 0 0 0 0 0 0 0 0 0 0 0 0 0 0 0 0 0 0 0 0 0 0 0 0 0 0 0 0 0 0 0 0 0 0 0 0 0 0 0 0 0 0 0 0 0 0 0 0 0 0 0 0 0 0 0 0 0 0 0 0 0 0 0 0 0 0 0 0 0 0 0 0 0 0 0 0 0 0 0 0 0 0 0 0 0 0 0 0 0 0 0 0 0 0 0 0 0 0 0 0 0 0 0 0 0 0 0 0 0 0 0 0 0 0 0 0 0 0 0 0 0 0 0 0 0 0 0 0 0 0 0 0 0 0 0 0 0 0 0 0 0 0 0 0 0 0 0 0 0 0 0 0 0 0 0 0 0 0 0 0 0 0 0 0 0 0 0 0 0 0 0 0 0 0 0 0 0 0 0 0 0 0 0 0 0 0 0 0 0 0 0 0 0 0 0 0 0 0 0 0 0 0 0 0 0 0 0 0 0 0 0 0 0 0 0 0 0 0 0 0 0 0 0 0 0 0 0 0 0 0 0 0 0 0 0 0 0 0 0 0 0 0 0 0 0 0 0 0 0 0 0 0 0 0 0 0 0 0 0 0 0 0 0 0 0 0 0 0 0 0 0 0 0 0 0 0 0 0 0 0 0 0 0 0 0 0 0 0 0 0 0 0 0 0 0 0 0 0 0 0 0 0 0 0 0 0 0 0 0 0 0 0 0 0 0 0 0 0 0 0 0 0 0 0 0 0 0 0 0 0 0 0 0 0 0 0 0 0 0 0 0 0 0 0 0 0 0 0 0 0 0 0 0 0 0 0 0 0 0 0 0 0 0 0 0 0 0 0 0 0 0 0 0 0 0 0 0 0 0 0 0 0 0 0 0 0 0 0 0 0 0 0 0 0 0 0 0 0 0 0 0 0 0 0 0 0 0 0 0 0 0 0 0 0 0 0 0 0 0 0 0 0 0 0 0 0 0 0 0 0 0 0 0 0 0 0 0 0 0 0 0 0 0 0 0 0 0 0 0 0 0 0 0 0 0 0 0 0 0 0 0 0 0 0 0 0 0 0 0 0 0 0 0 0 0 0 0 0 0 0 0 0 0 0 0 0 0 0 0 0 0 0 0 0 0 0 0 0 0 0 0 0 0 0 0 0 0 0 0 0 0 0 0 0 0 0 0 0 0 0 0 0 0 0 0 0 0 0 0 0 0 0 0 0 0 0 0 0 0 0 0 0 0 0 0 0 0 0 0 0 0 0 0 0 0 0 0 0 0 0 0 0 0 0 0 0 0 0 0 0 0 0 0 0 0 0 0 0 0 0 0 0 0 0 0 0 0 0 0 0 0 0 0 0 0 0 0 0 0 0 0 0 0 0 0 0 0 0 0 0 0 0 0 0 0 0 0 0 0 0 0 0 0 0 0 0 0 0 0 0 0 0 0 0 0 0 0 0 0 0 0 0 0 0 0 0 0 0 0 0 0 0 0 0 0 0 0 0 0 0 0 0 0 0 0 0 0 0 0 0 0 0 0 0 0 0 0 0 0 0 0 0 0 0 0 0 0 0 0 0 0 0 0 0 0 0 0 0 0 0 0 0 0 0 0 0 0 0 0 0 0 0 0 0 0 0 0 0 0 0 0 0 0 0 0 0 0 0 0 0 0 0 0 0 0 0 0 0 0 0 0 0 0 0 0 0 0 0 0 0 0 0 0 0 0 0 0 0 0 0 0 0 0 0 0 0 0 0 0 0 0 0 0 0 0 0 0 0 0 0 0 0 0 0 0 0 0 0 0 0 0 0 0 0 0 0 0 0 0 0 0 0 0 0 0 0 0 0 0 0 0 0 0 0 0 0 0 0 0 0 0 0 0 0 0 0 0 0 0 0 0 0 0 0 0 0 0 0 0 0 0 0 0 0 0 0 0 0 0 0 0 0 0 0 0 0 0 0 0 0 0 0 0 0 0 0 0 0 0 0 0 0 0 0 0 0 0 0 0 0 0 0 0 0 0 0 0 0 0 0 0 0 0 0 0 0 0 0 0 0 0 0 0 0 0 0 0 0 0 0 0 0 0 0 0 0 0 0 0 0 0 0 0 0 0 0 0 0 0 0 0 0 0 0 0 0 0 0 0 0 0 0 0 0 0 0 0 0 0 0 0 0 0 0 0 0 0 0 0 0 0 0 0 0 0 0 0 0 0 0 0 0 0 0 0 0 0 0 0 0 0 0 0 0 0 0 0 0 0 0 0 0 0 0 0 0 0 0 0 0 0 0 0 0 0 0 0 0 0 0 0 0 0 0 0 0 0 0 0 0 0 0 0 0 0 0 0 0 0 0 0 0 0 0 0 0 0 0 0 0 0 0 0 0 0 0 0 0 0 0 0 0 0 0 0 0 0 0 0 0 0 0 0 0 0 0 0 0 0 0 0 0 0 0 0 0 0 0 0 0 0 0 0 0 0 0 0 0 0 0 0 0 0 0 0 0 0 0 0 0 0 0 0 0 0 0 0 0 0 0 0 0 0 0 0 0 0 0 0 0 0 0 0 0 0 0 0 0 0 0 0 0 0 0 0 0 0 0 0 0 0 0 0 0 0 0 0 0 0 0 0 0 0 0 0 0 0 0 0 0 0 0 0 0 0 0 0 0 0 0 0 0 0 0 0 0 0 0 0 0 0 0 0 0 0 0 0 0 0 0 0 0 0 0 0 0 0 0 0 0 0 0 0 0 0 0 0 0 0 0 0 0 0 0 0 0 0 0 0 0 0 0 0 0 0 0 0 0 0 0 0 0 0 0 0 0 0 0 0 0 0 0 0 0 0 0 0 0 0 0 0 0 0 0 0 0 0 0 0 0 0 0 0 0 0 0 0 0 0 0 0 0 0 0 0 0 0 0 0 0 0 0 0 0 0 0 0 0 0 0 0 0 0 0 0 0 0 0 0 0 0 0 0 0 0 0 0 0 0 0 0 0 0 0 0 0 0 0 0 0 0 0 0 0 0 0 0 0 0 0 0 0 0 0 0 0 0 0 0 0 0 0 0 0 0 0 0 0 0 0 0 0 0 0 0 0 0 0 0 0 0 0 0 0 0 0 0 0 0 0 0 0 0 0 0 0 0 0 0 0 0 0 0 0 0 0 0 0 0 0 0 0 0 0 0 0 0 0 0 0 0 0 0 0 0 0 0 0 0 0 0 0 0 0 0 0 0 0 0 0 0 0 0 0 0 0 0 0 0 0 0 0 0 0 0 0 0 0 0 0 0 0 0 0 0 0 0 0 0 0 0 0 0 0 0 0 0 0 0 0 0 0 0 0 0 0 0 0 0 0 0 0 0 0 0 0 0 0 0 0 0 0 0 0 0 0 0 0 0 0 0 0 0 0 0 0 0 0 0 0 0 0 0 0 0 0 0 0 0 0 0 0 0 0 0 0 0 0 0 0 0 0 0 0 0 0 0 0 0 0 0 0 0 0 0 0 0 0 0 0 0 0 0 0 0 0 0 0 0 0 0 0 0 0 0 0 0 0 0 0 0 0 0 0 0 0 0 0 0 0 0 0 0 0 0 0 0 0 0 0 0 0 0 0 0 0 0 0 0 0 0 0 0 0 0 0 0 0 0 0 0 0 0 0 0 0 0 0 0 0 0 0 0 0 0 0 0 0 0 0 0 0 0 0 0 0 0 0 0 0 0 0 0 0 0 0 0 0 0 0 0 0 0 0 0 0 0 0 0 0 0 0 0 0 0 0 0 0 0 0 0 0 0 0 0 0 0 0 0 0 0 0 0 0 0 0 0 0 0 0 0 0 0 0 0 0 0 0 0 0 0 0 0 0 0 0 0 0 0 0 0 0 0 0 0 0 0 0 0 0 0 0 0 0 0 0 0 0 0 0 0 0 0 0 0 0 0 0 0 0 0 0 0 0 0 0 0 0 0 0 0 0 0 0 0 0 0 0 0 0 0 0 0 0 0 0 0 0 0 0 0 0 0 0 0 0 0 0 0 0 0 0 0 0 0 0 0 0 0 0 0 0 0 0 0 0 0 0 0 0 0 0 0 0 0 0 0 0 0 0 0 0 0 0 0 0 0 0 0 0 0 0 0 0 0 0 0 0 0 0 0 0 0 0 0 0 0 0 0 0 0 0 0 0 0 0 0 0 0 0 0 0 0 0 0 0 0 0 0 0 0 0 0 0 0 0 0 0 0 0 0 0 0 0 0 0 0 0 0 0 0 0 0 0 0 0 0 0 0 0 0 0 0 0 0 0 0 0 0 0 0 0 0 0 0 0 0 0 0 0 0 0 0 0 0 0 0 0 0 0 0 0 0 0 0 0 0 0 0 0 0 0 0 0 0 0 0 0 0 0 0 0 0 0 0 0 0 0 0 0 0 0 0 0 0 0 0 0 0 0 0 0 0 0 0 0 0 0 0 0 0 0 0 0 0 0 0 0 0 0 0 0 0 0 0 0 0 0 0 0 0 0 0 0 0 0 0 0 0 0 0 0 0 0 0 0 0 0 0 0 0 0 0 0 0 0 0 0 0 0 0 0 0 0 0 0 0 0 0 0 0 0 0 0 0 0 0 0 0 0 0 0 0 0 0 0 0 0 0 0 0 0 0 0 0 0 0 0 0 0 0 0 0 0 0 0 0 0 0 0 0 0 0 0 0 0 0 0 0 0 0 0 0 0 0 0 0 0 0 0 0 0 0 0 0 0 0 0 0 0 0 0 0 0 0 0 0 0 0 0 0 0 0 0 0 0 0 0 0 0 0 0 0 0 0 0 0 0 0 0 0 0 0 0 0 0 0 0 0 0 0 0 0 0 0 0 0 0 0 0 0 0 0 0 0 0 0 0 0 0 0 0 0 0 0 0 0 0 0 0 0 0 0 0 0 0 0 0 0 0 0 0 0 0 0 0 0 0 0 0 0 0 0 0 0 0 0 0 0 0 0 0 0 0 0 0 0 0 0 0 0 0 0 0 0 0 0 0 0 0 0 0 0 0 0 0 0 0 0 0 0 0 0 0 0 0 0 0 0 0 0 0 0 0 0 0 0 0 0 0 0 0 0 0 0 0 0 0 0 0 0 0 0 0 0 0 0 0 0 0 0 0 0 0 0 0 0 0 0 0 0 0 0 0 0 0 0 0 0 0 0 0 0 0 0 0 0 0 0 0 0 0 0 0 0 0 0 0 0 0 0 0 0 0 0 0 0 0 0 0 0 0 0 0 0 0 0 0 0 0 0 0 0 0 0 0 0 0 0 0 0 0 0 0 0 0 0 0 0 0 0 0 0 0 0 0 0 0 0 0 0 0 0 0 0 0 0 0 0 0 0 0 0 0 0 0 0 0 0 0 0 0 0 0 0 0 0 0 0 0 0 0 0 0 0 0 0 0 0 0 0 0 0 0 0 0 0 0 0 0 0 0 0 0 0 0 0 0 0 0 0 0 0 0 0 0 0 0 0 0 0 0 0 0 0 0 0 0 0 0 0 0 0 0 0 0 0 0 0 0 0 0 0 0 0 0 0 0 0 0 0 0 0 0 0 0 0 0 0 0 0 0 0 0 0 0 0 0 0 0 0 0 0 0 0 0 0 0 0 0 0 0 0 0 0 0 0 0 0 0 0 0 0 0 0 0 0 0 0 0 0 0 0 0 0 0 0 0 0 0 0 0 0 0 0 0 0 0 0 0 0 0 0 0 0 0 0 0 0 0 0 0 0 0 0 0 0 0 0 0 0 0 0 0 0 0 0 0 0 0 0 0 0 0 0 0 0 0 0 0 0 0 0 0 0 0 0 0 0 0 0 0 0 0 0 0 0 0 0 0 0 0 0 0 0 0 0 0 0 0 0 0 0 0 0 0 0 0 0 0 0 0 0 0 0 0 0 0 0 0 0 0 0 0 0 0 0 0 0 0 0 0 0 0 0 0 0 0 0 0 0 0 0 0 0 0 0 0 0 0 0 0 0 0 0 0 0 0 0 0 0 0 0 0 0 0 0 0 0 0 0 0 0 0 0 0 0 0 0 0 0 0 0 0 0 0 0 0 0 0 0 0 0 0 0 0 0 0 0 0 0 0 0 0 0 0 0 0 0 0 0 0 0 0 0 0 0 0 0 0 0 0 0 0 0 0 0 0 0 0 0 0 0 0 0 0 0 0 0 0 0 0 0 0 0 0 0 0 0 0 0 0 0 0 0 0 0 0 0 0 0 0 0 0 0 0 0 0 0 0 0 0 0 0 0 0 0 0 0 0 0 0 0 0 0 0 0 0 0 0 0 0 0 0 0 0 0 0 0 0 0 0 0 0 0 0 0 0 0 0 0 0 0 0 0 0 0 0 0 0 0 0 0 0 0 0 0 0 0 0 0 0 0 0 0 0 0 0 0 0 0 0 0 0 0 0 0 0 0 0 0 0 0 0 0 0 0 0 0 0 0 0 0 0 0 0 0 0 0 0 0 0 0 0 0 0 0 0 0 0 0 0 0 0 0 0 0 0 0 0 0 0 0 0 0 0 0 0 0 0 0 0 0 0 0 0 0 0 0 0 0 0 0 0 0 0 0 0 0 0 0 0 0 0 0 0 0 0 0 0 0 0 0 0 0 0 0 0 0 0 0 0 0 0 0 0 0 0 0 0 0 0 0 0 0 0 0 0 0 0 0 0 0 0 0 0 0 0 0 0 0 0 0 0 0 0 0 0 0 0 0 0 0 0 0 0 0 0 0 0 0 0 0 0 0 0 0 0 0 0 0 0 0 0 0 0 0 0 0 0 0 0 0 0 0 0 0 0 0 0 0 0 0 0 0 0 0 0 0 0 0 0 0 0 0 0 0 0 0 0 0 0 0 0 0 0 0 0 0 0 0 0 0 0 0 0 0 0 0 0 0 0 0 0 0 0 0 0 0 0 0 0 0 0 0 0 0 0 0 0 0 0 0 0 0 0 0 0 0 0 0 0 0 0 0 0 0 0 0 0 0 0 0 0 0 0 0 0 0 0 0 0 0 0 0 0 0 0 0 0 0 0 0 0 0 0 0 0 0 0 0 0 0 0 0 0 0 0 0 0 0 0 0 0 0 0 0 0 0 0 0 0 0 0 0 0 0 0 0 0 0 0 0 0 0 0 0 0 0 0 0 0 0 0 0 0 0 0 0 0 0 0 0 0 0 0 0 0 0 0 0 0 0 0 0 0 0 0 0 0 0 0 0 0 0 0 0 0 0 0 0 0 0 0 0 0 0 0 0 0 0 0 0 0 0 0 0 0 0 0 0 0 0 0 0 0 0 0 0 0 0 0 0 0 0 0 0 0 0 0 0 0 0 0 0 0 0 0 0 0 0 0 0 0 0 0 0 0 0 0 0 0 0 0 0 0 0 0 0 0 0 0 0 0 0 0 0 0 0 0 0 0 0 0 0 0 0 0 0 0 0 0 0 0 0 0 0 0 0 0 0 0 0 0 0 0 0 0 0 0 0 0 0 0 0 0 0 0 0 0 0 0 0 0 0 0 0 0 0 0 0 0 0 0 0 0 0 0 0 0 0 0 0 0 0 0 0 0 0 0 0 0 0 0 0 0 0 0 0 0 0 0 0 0 0 0 0 0 0 0 0 0 0 0 0 0 0 0 0 0 0 0 0 0 0 0 0 0 0 0 0 0 0 0 0 0 0 0 0 0 0 0 0 0 0 0 0 0 0 0 0 0 0 0 0 0 0 0 0 0 0 0 0 0 0 0 0 0 0 0 0 0 0 0 0 0 0 0 0 0 0 0 0 0 0 0 0 0 0 0 0 0 0 0 0 0 0 0 0 0 0 0 0 0 0 0 0 0 0 0 0 0 0 0 0 0 0 0 0 0 0 0 0 0 0 0 0 0 0 0 0 0 0 0 0 0 0 0 0 0 0 0 0 0 0 0 0 0 0 0 0 0 0 0 0 0 0 0 0 0 0 0 0 0 0 0 0 0 0 0 0 0 0 0 0 0 0 0 0 0 0 0 0 0 0 0 0 0 0 0 0 0 0 0 0 0 0 0 0 0 0 0 0 0 0 0 0 0 0 0 0 0 0 0 0 0 0 0 0 0 0 0 0 0 0 0 0 0 0 0 0 0 0 0 0 0 0 0 0 0 0 0 0 0 0 0 0 0 0 0 0 0 0 0 0 0 0 0 0 0 0 0 0 0 0 0 0 0 0 0 0 0 0 0 0 0 0 0 0 0 0 0 0 0 0 0 0 0 0 0 0 0 0 0 0 0 0 0 0 0 0 0 0 0 0 0 0 0 0 0 0 0 0 0 0 0 0 0 0 0 0 0 0 0 0 0 0 0 0 0 0 0 0 0 0 0 0 0 0 0 0 0 0 0 0 0 0 0 0 0 0 0 0 0 0 0 0 0 0 0 0 0 0 0 0 0 0 0 0 0 0 0 0 0 0 0 0 0 0 0 0 0 0 0 0 0 0 0 0 0 0 0 0 0 0 0 0 0 0 0 0 0 0 0 0 0 0 0 0 0 0 0 0 0 0 0 0 0 0 0 0 0 0 0 0 0 0 0 0 0 0 0 0 0 0 0 0 0 0 0 0 0 0 0 0 0 0 0 0 0 0 0 0 0 0 0 0 0 0 0 0 0 0 0 0 0 0 0 0 0 0 0 0 0 0 0 0 0 0 0 0 0 0 0 0 0 0 0 0 0 0 0 0 0 0 0 0 0 0 0 0 0 0 0 0 0 0 0 0 0 0 0 0 0 0 0 0 0 0 0 0 0 0 0 0 0 0 0 0 0 0 0 0 0 0 0 0 0 0 0 0 0 0 0 0 0 0 0 0 0 0 0 0 0 0 0 0 0 0 0 0 0 0 0 0 0 0 0 0 0 0 0 0 0 0 0 0 0 0 0 0 0 0 0 0 0 0 0 0 0 0 0 0 0 0 0 0 0 0 0 0 0 0 0 0 0 0 0 0 0 0 0 0 0 0 0 0 0 0 0 0 0 0 0 0 0 0 0 0 0 0 0 0 0 0 0 0 0 0 0 0 0 0 0 0 0 0 0 0 0 0 0 0 0 0 0 0 0 0 0 0 0 0 0 0 0 0 0 0 0 0 0 0 0 0 0 0 0 0 0 0 0 0 0 0 0 0 0 0 0 0 0 0 0 0 0 0 0 0 0 0 0 0 0 0 0 0 0 0 0 0 0 0 0 0 0 0 0 0 0 0 0 0 0 0 0 0 0 0 0 0 0 0 0 0 0 0 0 0 0 0 0 0 0 0 0 0 0 0 0 0 0 0 0 0 0 0 0 0 0 0 0 0 0 0 0 0 0 0 0 0 0 0 0 0 0 0 0 0 0 0 0 0 0 0 0 0 0 0 0 0 0 0 0 0 0 0 0 0 0 0 0 0 0 0 0 0 0 0 0 0 0 0 0 0 0 0 0 0 0 0 0 0 0 0 0 0 0 0 0 0 0 0 0 0 0 0 0 0 0 0 0 0 0 0 0 0 0 0 0 0 0 0 0 0 0 0 0 0 0 0 0 0 0 0 0 0 0 0 0 0 0 0 0 0 0 0 0 0 0 0 0 0 0 0 0 0 0 0 0 0 0 0 0 0 0 0 0 0 0 0 0 0 0 0 0 0 0 0 0 0 0 0 0 0 0 0 0 0 0 0 0 0 0 0 0 0 0 0 0 0 0 0 0 0 0 0 0 0 0 0 0 0 0 0 0 0 0 0 0 0 0 0 0 0 0 0 0 0 0 0 0 0 0 0 0 0 0 0 0 0 0 0 0 0 0 0 0 0 0 0 0 0 0 0 0 0 0 0 0 0 0 0 0 0 0 0 0 0 0 0 0 0 0 0 0 0 0 0 0 0 0 0 0 0 0 0 0 0 0 0 0 0 0 0 0 0 0 0 0 0 0 0 0 0 0 0 0 0 0 0 0 0 0 0 0 0 0 0 0 0 0 0 0 0 0 0 0 0 0 0 0 0 0 0 0 0 0 0 0 0 0 0 0 0 0 0 0 0 0 0 0 0 0 0 0 0 0 0 0 0 0 0 0 0 0 0 0 0 0 0 0 0 0 0 0 0 0 0 0 0 0 0 0 0 0 0 0 0 0 0 0 0 0 0 0 0 0 0 0 0 0 0 0 0 0 0 0 0 0 0 0 0 0 0 0 0 0 0 0 0 0 0 0 0 0 0 0 0 0 0 0 0 0 0 0 0 0 0 0 0 0 0 0 0 0 0 0 0 0 0 0 0 0 0 0 0 0 0 0 0 0 0 0 0 0 0 0 0 0 0 0 0 0 0 0 0 0 0 0 0 0 0 0 0 0 0 0 0 0 0 0 0 0 0 0 0 0 0 0 0 0 0 0 0 0 0 0 0 0 0 0 0 0 0 0 0 0 0 0 0 0 0 0 0 0 0 0 0 0 0 0 0 0 0 0 0 0 0 0 0 0 0 0 0 0 0 0 0 0 0 0 0 0 0 0 0 0 0 0 0 0 0 0 0 0 0 0 0 0 0 0 0 0 0 0 0 0 0 0 0 0 0 0 0 0 0 0 0 0 0 0 0 0 0 0 0 0 0 0 0 0 0 0 0 0 0 0 0 0 0 0 0 0 0 0 0 0 0 0 0 0 0 0 0 0 0 0 0 0 0 0 0 0 0 0 0 0 0 0 0 0 0 0 0 0 0 0 0 0 0 0 0 0 0 0 0 0 0 0 0 0 0 0 0 0 0 0 0 0 0 0 0 0 0 0 0 0 0 0 0 0 0 0 0 0 0 0 0 0 0 0 0 0 0 0 0 0 0 0 0 0 0 0 0 0 0 0 0 0 0 0 0 0 0 0 0 0 0 0 0 0 0 0 0 0 0 0 0 0 0 0 0 0 0 0 0 0 0 0 0 0 0 0 0 0 0 0 0 0 0 0 0 0 0 0 0 0 0 0 0 0 0 0 0 0 0 0 0 0 0 0 0 0 0 0 0 0 0 0 0 0 0 0 0 0 0 0 0 0 0 0 0 0 0 0 0 0 0 0 0 0 0 0 0 0 0 0 0 0 0 0 0 0 0 0 0 0 0 0 0 0 0 0 0 0 0 0 0 0 0 0 0 0 0 0 0 0 0 0 0 0 0 0 0 0 0 0 0 0 0 0 0 0 0 0 0 0 0 0 0 0 0 0 0 0 0 0 0 0 0 0 0 0 0 0 0 0 0 0 0 0 0 0 0 0 0 0 0 0 0 0 0 0 0 0 0 0 0 0 0 0 0 0 0 0 0 0 0 0 0 0 0 0 0 0 0 0 0 0 0 0 0 0 0 0 0 0 0 0 0 0 0 0 0 0 0 0 0 0 0 0 0 0 0 0 0 0 0 0 0 0 0 0 0 0 0 0 0 0 0 0 0 0 0 0 0 0 0 0 0 0 0 0 0 0 0 0 0 0 0 0 0 0 0 0 0 0 0 0 0 0 0 0 0 0 0 0 0 0 0 0 0 0 0 0 0 0 0 0 0 0 0 0 0 0 0 0 0 0 0 0 0 0 0 0 0 0 0 0 0 0 0 0 0 0 0 0 0 0 0 0 0 0 0 0 0 0 0 0 0 0 0 0 0 0 0 0 0 0 0 0 0 0 0 0 0 0 0 0 0 0 0 0 0 0 0 0 0 0 0 0 0 0 0 0 0 0 0 0 0 0 0 0 0 0 0 0 0 0 0 0 0 0 0 0 0 0 0 0 0 0 0 0 0 0 0 0 0 0 0 0 0 0 0 0 0 0 0 0 0 0 0 0 0 0 0 0 0 0 0 0 0 0 0 0 0 0 0 0 0 0 0 0 0 0 0 0 0 0 0 0 0 0 0 0 0 0 0 0 0 0 0 0 0 0 0 0 0 0 0 0 0 0 0 0 0 0 0 0 0 0 0 0 0 0 0 0 0 0 0 0 0 0 0 0 0 0 0 0 0 0 0 0 0 0 0 0 0 0 0 0 0 0 0 0 0 0 0 0 0 0 0 0 0 0 0 0 0 0 0 0 0 0 0 0 0 0 0 0 0 0 0 0 0 0 0 0 0 0 0 0 0 0 0 0 0 0 0 0 0 0 0 0 0 0 0 0 0 0 0 0 0 0 0 0 0 0 0 0 0 0 0 0 0 0 0 0 0 0 0 0 0 0 0 0 0 0 0 0 0 0 0 0 0 0 0 0 0 0 0 0 0 0 0 0 0 0 0 0 0 0 0 0 0 0 0 0 0 0 0 0 0 0 0 0 0 0 0 0 0 0 0 0 0 0 0 0 0 0 0 0 0 0 0 0 0 0 0 0 0 0 0 0 0 0 0 0 0 0 0 0 0 0 0 0 0 0 0 0 0 0 0 0 0 0 0 0 0 0 0 0 0 0 0 0 0 0 0 0 0 0 0 0 0 0 0 0 0 0 0 0 0 0 0 0 0 0 0 0 0 0 0 0 0 0 0 0 0 0 0 0 0 0 0 0 0 0 0 0 0 0 0 0 0 0 0 0 0 0 0 0 0 0 0 0 0 0 0 0 0 0 0 0 0 0 0 0 0 0 0 0 0 0 0 0 0 0 0 0 0 0 0 0 0 0 0 0 0 0 0 0 0 0 0 0 0 0 0 0 0 0 0 0 0 0 0 0 0 0 0 0 0 0 0 0 0 0 0 0 0 0 0 0 0 0 0 0 0 0 0 0 0 0 0 0 0 0 0 0 0 0 0 0 0 0 0 0 0 0 0 0 0 0 0 0 0 0 0 0 0 0 0 0 0 0 0 0 0 0 0 0 0 0 0 0 0 0 0 0 0 0 0 0 0 0 0 0 0 0 0 0 0 0 0 0 0 0 0 0 0 0 0 0 0 0 0 0 0 0 0 0 0 0 0 0 0 0 0 0 0 0 0 0 0 0 0 0 0 0 0 0 0 0 0 0 0 0 0 0 0 0 0 0 0 0 0 0 0 0 0 0 0 0 0 0 0 0 0 0 0 0 0 0 0 0 0 0 0 0 0 0 0 0 0 0 0 0 0 0 0 0 0 0 0 0 0 0 0 0 0 0 0 0 0 0 0 0 0 0 0 0 0 0 0 0 0 0 0 0 0 0 0 0 0 0 0 0 0 0 0 0 0 0 0 0 0 0 0 0 0 0 0 0 0 0 0 0 0 0 0 0 0 0 0 0 0 0 0 0 0 0 0 0 0 0 0 0 0 0 0 0 0 0 0 0 0 0 0 0 0 0 0 0 0 0 0 0 0 0 0 0 0 0 0 0 0 0 0 0 0 0 0 0 0 0 0 0 0 0 0 0 0 0 0 0 0 0 0 0 0 0 0 0 0 0 0 0 0 0 0 0 0 0 0 0 0 0 0 0 0 0 0 0 0 0 0 0 0 0 0 0 0 0 0 0 0 0 0 0 0 0 0 0 0 0 0 0 0 0 0 0 0 0 0 0 0 0 0 0 0 0 0 0 0 0 0 0 0 0 0 0 0 0 0 0 0 0 0 0 0 0 0 0 0 0 0 0 0 0 0 0 0 0 0 0 0 0 0 0 0 0 0 0 0 0 0 0 0 0 0 0 0 0 0 0 0 0 0 0 0 0 0 0 0 0 0 0 0 0 0 0 0 0 0 0 0 0 0 0 0 0 0 0 0 0 0 0 0 0 0 0 0 0 0 0 0 0 0 0 0 0 0 0 0 0 0 0 0 0 0 0 0 0 0 0 0 0 0 0 0 0 0 0 0 0 0 0 0 0 0 0 0 0 0 0 0 0 0 0 0 0 0 0 0 0 0 0 0 0 0 0 0 0 0 0 0 0 0 0 0 0 0 0 0 0 0 0 0 0 0 0 0 0 0 0 0 0 0 0 0 0 0 0 0 0 0 0 0 0 0 0 0 0 0 0 0 0 0 0 0 0 0 0 0 0 0 0 0 0 0 0 0 0 0 0 0 0 0 0 0 0 0 0 0 0 0 0 0 0 0 0 0 0 0 0 0 0 0 0 0 0 0 0 0 0 0 0 0 0 0 0 0 0 0 0 0 0 0 0 0 0 0 0 0 0 0 0 0 0 0 0 0 0 0 0 0 0 0 0 0 0 0 0 0 0 0 0 0 0 0 0 0 0 0 0 0 0 0 0 0 0 0 0 0 0 0 0 0 0 0 0 0 0 0 0 0 0 0 0 0 0 0 0 0 0 0 0 0 0 0 0 0 0 0 0 0 0 0 0 0 0 0 0 0 0 0 0 0 0 0 0 0 0 0 0 0 0 0 0 0 0 0 0 0 0 0 0 0 0 0 0 0 0 0 0 0 0 0 0 0 0 0 0 0 0 0 0 0 0 0 0 0 0 0 0 0 0 0 0 0 0 0 0 0 0 0 0 0 0 0 0 0 0 0 0 0 0 0 0 0 0 0 0 0 0 0 0 0 0 0 0 0 0 0 0 0 0 0 0 0 0 0 0 0 0 0 0 0 0 0 0 0 0 0 0 0 0 0 0 0 0 0 0 0 0 0 0 0 0 0 0 0 0 0 0 0 0 0 0 0 0 0 0 0 0 0 0 0 0 0 0 0 0 0 0 0 0 0 0 0 0 0 0 0 0 0 0 0 0 0 0 0 0 0 0 0 0 0 0 0 0 0 0 0 0 0 0 0 0 0 0 0 0 0 0 0 0 0 0 0 0 0 0 0 0 0 0 0 0 0 0 0 0 0 0 0 0 0 0 0 0 0 0 0 0 0 0 0 0 0 0 0 0 0 0 0 0 0 0 0 0 0 0 0 0 0 0 0 0 0 0 0 0 0 0 0 0 0 0 0 0 0 0 0 0 0 0 0 0 0 0 0 0 0 0 0 0 0 0 0 0 0 0 0 0 0 0 0 0 0 0 0 0 0 0 0 0 0 0 0 0 0 0 0 0 0 0 0 0 0 0 0 0 0 0 0 0 0 0 0 0 0 0 0 0 0 0 0 0 0 0 0 0 0 0 0 0 0 0 0 0 0 0 0 0 0 0 0 0 0 0 0 0 0 0 0 0 0 0 0 0 0 0 0 0 0 0 0 0 0 0 0 0 0 0 0 0 0 0 0 0 0 0 0 0 0 0 0 0 0 0 0 0 0 0 0 0 0 0 0 0 0 0 0 0 0 0 0 0 0 0 0 0 0 0 0 0 0 0 0 0 0 0 0 0 0 0 0 0 0 0 0 0 0 0 0 0 0 0 0 0 0 0 0 0 0 0 0 0 0 0 0 0 0 0 0 0 0 0 0 0 0 0 0 0 0 0 0 0 0 0 0 0 0 0 0 0 0 0 0 0 0 0 0 0 0 0 0 0 0 0 0 0 0 0 0 0 0 0 0 0 0 0 0 0 0 0 0 0 0 0 0 0 0 0 0 0 0 0 0 0 0 0 0 0 0 0 0 0 0 0 0 0 0 0 0 0 0 0 0 0 0 0 0 0 0 0 0 0 0 0 0 0 0 0 0 0 0 0 0 0 0 0 0 0 0 0 0 0 0 0 0 0 0 0 0 0 0 0 0 0 0 0 0 0 0 0 0 0 0 0 0 0 0 0 0 0 0 0 0 0 0 0 0 0 0 0 0 0 0 0 0 0 0 0 0 0 0 0 0 0 0 0 0 0 0 0 0 0 0 0 0 0 0 0 0 0 0 0 0 0 0 0 0 0 0 0 0 0 0 0 0 0 0 0 0 0 0 0 0 0 0 0 0 0 0 0 0 0 0 0 0 0 0 0 0 0 0 0 0 0 0 0 0 0 0 0 0 0 0 0 0 0 0 0 0 0 0 0 0 0 0 0 0 0 0 0 0 0 0 0 0 0 0 0 0 0 0 0 0 0 0 0 0 0 0 0 0 0 0 0 0 0 0 0 0 0 0 0 0 0 0 0 0 0 0 0 0 0 0 0 0 0 0 0 0 0 0 0 0 0 0 0 0 0 0 0 0 0 0 0 0 0 0 0 0 0 0 0 0 0 0 0 0 0 0 0 0 0 0 0 0 0 0 0 0 0 0 0 0 0 0 0 0 0 0 0 0 0 0 0 0 0 0 0 0 0 0 0 0 0 0 0 0 0 0 0 0 0 0 0 0 0 0 0 0 0 0 0 0 0 0 0 0 0 0 0 0 0 0 0 0 0 0 0 0 0 0 0 0 0 0 0 0 0 0 0 0 0 0 0 0 0 0 0 0 0 0 0 0 0 0 0 0 0 0 0 0 0 0 0 0 0 0 0 0 0 0 0 0 0 0 0 0 0 0 0 0 0 0 0 0 0 0 0 0 0 0 0 0 0 0 0 0 0 0 0 0 0 0 0 0 0 0 0 0 0 0 0 0 0 0 0 0 0 0 0 0 0 0 0 0 0 0 0 0 0 0 0 0 0 0 0 0 0 0 0 0 0 0 0 0 0 0 0 0 0 0 0 0 0 0 0 0 0 0 0 0 0 0 0 0 0 0 0 0 0 0 0 0 0 0 0 0 0 0 0 0 0 0 0 0 0 0 0 0 0 0 0 0 0 0 0 0 0 0 0 0 0 0 0 0 0 0 0 0 0 0 0 0 0 0 0 0 0 0 0 0 0 0 0 0 0 0 0 0 0 0 0 0 0 0 0 0 0 0 0 0 0 0 0 0 0 0 0 0 0 0 0 0 0 0 0 0 0 0 0 0 0 0 0 0 0 0 0 0 0 0 0 0 0 0 0 0 0 0 0 0 0 0 0 0 0 0 0 0 0 0 0 0 0 0 0 0 0 0 0 0 0 0 0 0 0 0 0 0 0 0 0 0 0 0 0 0 0 0 0 0 0 0 0 0 0 0 0 0 0 0 0 0 0 0 0 0 0 0 0 0 0 0 0 0 0 0 0 0 0 0 0 0 0 0 0 0 0 0 0 0 0 0 0 0 0 0 0 0 0 0 0 0 0 0 0 0 0 0 0 0 0 0 0 0 0 0 0 0 0 0 0 0 0 0 0 0 0 0 0 0 0 0 0 0 0 0 0 0 0 0 0 0 0 0 0 0 0 0 0 0 0 0 0 0 0 0 0 0 0 0 0 0 0 0 0 0 0 0 0 0 0 0 0 0 0 0 0 0 0 0 0 0 0 0 0 0 0 0 0 0 0 0 0 0 0 0 0 0 0 0 0 0 0 0 0 0 0 0 0 0 0 0 0 0 0 0 0 0 0 0 0 0 0 0 0 0 0 0 0 0 0 0 0 0 0 0 0 0 0 0 0 0 0 0 0 0 0 0 0 0 0 0 0 0 0 0 0 0 0 0 0 0 0 0 0 0 0 0 0 0 0 0 0 0 0 0 0 0 0 0 0 0 0 0 0 0 0 0 0 0 0 0 0 0 0 0 0 0 0 0 0 0 0 0 0 0 0 0 0 0 0 0 0 0 0 0 0 0 0 0 0 0 0 0 0 0 0 0 0 0 0 0 0 0 0 0 0 0 0 0 0 0 0 0 0 0 0 0 0 0 0 0 0 0 0 0 0 0 0 0 0 0 0 0 0 0 0 0 0 0 0 0 0 0 0 0 0 0 0 0 0 0 0 0 0 0 0 0 0 0 0 0 0 0 0 0 0 0 0 0 0 0 0 0 0 0 0 0 0 0 0 0 0 0 0 0 0 0 0 0 0 0 0 0 0 0 0 0 0 0 0 0 0 0 0 0 0 0 0 0 0 0 0 0 0 0 0 0 0 0 0 0 0 0 0 0 0 0 0 0 0 0 0 0 0 0 0 0 0 0 0 0 0 0 0 0 0 0 0 0 0 0 0 0 0 0 0 0 0 0 0 0 0 0 0 0 0 0 0 0 0 0 0 0 0 0 0 0 0 0 0 0 0 0 0 0 0 0 0 0 0 0 0 0 0 0 0 0 0 0 0 0 0 0 0 0 0 0 0 0 0 0 0 0 0 0 0 0 0 0 0 0 0 0 0 0 0 0 0 0 0 0 0 0 0 0 0 0 0 0 0 0 0 0 0 0 0 0 0 0 0 0 0 0 0 0 0 0 0 0 0 0 0 0 0 0 0 0 0 0 0 0 0 0 0 0 0 0 0 0 0 0 0 0 0 0 0 0 0 0 0 0 0 0 0 0 0 0 0 0 0 0 0 0 0 0 0 0 0 0 0 0 0 0 0 0 0 0 0 0 0 0 0 0 0 0 0 0 0 0 0 0 0 0 0 0 0 0 0 0 0 0 0 0 0 0 0 0 0 0 0 0 0 0 0 0 0 0 0 0 0 0 0 0 0 0 0 0 0 0 0 0 0 0 0 0 0 0 0 0 0 0 0 0 0 0 0 0 0 0 0 0 0 0 0 0 0 0 0 0 0 0 0 0 0 0 0 0 0 0 0 0 0 0 0 0 0 0 0 0 0 0 0 0 0 0 0 0 0 0 0 0 0 0 0 0 0 0 0 0 0 0 0 0 0 0 0 0 0 0 0 0 0 0 0 0 0 0 0 0 0 0 0 0 0 0 0 0 0 0 0 0 0 0 0 0 0 0 0 0 0 0 0 0 0 0 0 0 0 0 0 0 0 0 0 0 0 0 0 0 0 0 0 0 0 0 0 0 0 0 0 0 0 0 0 0 0 0 0 0 0 0 0 0 0 0 0 0 0 0 0 0 0 0 0 0 0 0 0 0 0 0 0 0 0 0 0 0 0 0 0 0 0 0 0 0 0 0 0 0 0 0 0 0 0 0 0 0 0 0 0 0 0 0 0 0 0 0 0 0 0 0 0 0 0 0 0 0 0 0 0 0 0 0 0 0 0 0 0 0 0 0 0 0 0 0 0 0 0 0 0 0 0 0 0 0 0 0 0 0 0 0 0 0 0 0 0 0 0 0 0 0 0 0 0 0 0 0 0 0 0 0 0 0 0 0 0 0 0 0 0 0 0 0 0 0 0 0 0 0 0 0 0 0 0 0 0 0 0 0 0 0 0 0 0 0 0 0 0 0 0 0 0 0 0 0 0 0 0 0 0 0 0 0 0 0 0 0 0 0 0 0 0 0 0 0 0 0 0 0 0 0 0 0 0 0 0 0 0 0 0 0 0 0 0 0 0 0 0 0 0 0 0 0 0 0 0 0 0 0 0 0 0 0 0 0 0 0 0 0 0 0 0 0 0 0 0 0 0 0 0 0 0 0 0 0 0 0 0 0 0 0 0 0 0 0 0 0 0 0 0 0 0 0 0 0 0 0 0 0 0 0 0 0 0 0 0 0 0 0 0 0 0 0 0 0 0 0 0 0 0 0 0 0 0 0 0 0 0 0 0 0 0 0 0 0 0 0 0 0 0 0 0 0 0 0 0 0 0 0 0 0 0 0 0 0 0 0 0 0 0 0 0 0 0 0 0 0 0 0 0 0 0 0 0 0 0 0 0 0 0 0 0 0 0 0 0 0 0 0 0 0 0 0 0 0 0 0 0 0 0 0 0 0 0 0 0 0 0 0 0 0 0 0 0 0 0 0 0 0 0 0 0 0 0 0 0 0 0 0 0 0 0 0 0 0 0 0 0 0 0 0 0 0 0 0 0 0 0 0 0 0 0 0 0 0 0 0 0 0 0 0 0 0 0 0 0 0 0 0 0 0 0 0 0 0 0 0 0 0 0 0 0 0 0 0 0 0 0 0 0 0 0 0 0 0 0 0 0 0 0 0 0 0 0 0 0 0 0 0 0 0 0 0 0 0 0 0 0 0 0 0 0 0 0 0 0 0 0 0 0 0 0 0 0 0 0 0 0 0 0 0 0 0 0 0 0 0 0 0 0 0 0 0 0 0 0 0 0 0 0 0 0 0 0 0 0 0 0 0 0 0 0 0 0 0 0 0 0 0 0 0 0 0 0 0 0 0 0 0 0 0 0 0 0 0 0 0 0 0 0 0 0 0 0 0 0 0 0 0 0 0 0 0 0 0 0 0 0 0 0 0 0 0 0 0 0 0 0 0 0 0 0 0 0 0 0 0 0 0 0 0 0 0 0 0 0 0 0 0 0 0 0 0 0 0 0 0 0 0 0 0 0 0 0 0 0 0 0 0 0 0 0 0 0 0 0 0 0 0 0 0 0 0 0 0 0 0 0 0 0 0 0 0 0 0 0 0 0 0 0 0 0 0 0 0 0 0 0 0 0 0 0 0 0 0 0 0 0 0 0 0 0 0 0 0 0 0 0 0 0 0 0 0 0 0 0 0 0 0 0 0 0 0 0 0 0 0 0 0 0 0 0 0 0 0 0 0 0 0 0 0 0 0 0 0 0 0 0 0 0 0 0 0 0 0 0 0 0 0 0 0 0 0 0 0 0 0 0 0 0 0 0 0 0 0 0 0 0 0 0 0 0 0 0 0 0 0 0 0 0 0 0 0 0 0 0 0 0 0 0 0 0 0 0 0 0 0 0 0 0 0 0 0 0 0 0 0 0 0 0 0 0 0 0 0 0 0 0 0 0 0 0 0 0 0 0 0 0 0 0 0 0 0 0 0 0 0 0 0 0 0 0 0 0 0 0 0 0 0 0 0 0 0 0 0 0 0 0 0 0 0 0 0 0 0 0 0 0 0 0 0 0 0 0 0 0 0 0 0 0 0 0 0 0 0 0 0 0 0 0 0 0 0 0 0 0 0 0 0 0 0 0 0 0 0 0 0 0 0 0 0 0 0 0 0 0 0 0 0 0 0 0 0 0 0 0 0 0 0 0 0 0 0 0 0 0 0 0 0 0 0 0 0 0 0 0 0 0 0 0 0 0 0 0 0 0 0 0 0 0 0 0 0 0 0 0 0 0 0 0 0 0 0 0 0 0 0 0 0 0 0 0 0 0 0 0 0 0 0 0 0 0 0 0 0 0 0 0 0 0 0 0 0 0 0 0 0 0 0 0 0 0 0 0 0 0 0 0 0 0 0 0 0 0 0 0 0 0 0 0 0 0 0 0 0 0 0 0 0 0 0 0 0 0 0 0 0 0 0 0 0 0 0 0 0 0 0 0 0 0 0 0 0 0 0 0 0 0 0 0 0 0 0 0 0 0 0 0 0 0 0 0 0 0 0 0 0 0 0 0 0 0 0 0 0 0 0 0 0 0 0 0 0 0 0 0 0 0 0 0 0 0 0 0 0 0 0 0 0 0 0 0 0 0 0 0 0 0 0 0 0 0 0 0 0 0 0 0 0 0 0 0 0 0 0 0 0 0 0 0 0 0 0 0 0 0 0 0 0 0 0 0 0 0 0 0 0 0 0 0 0 0 0 0 0 0 0 0 0 0 0 0 0 0 0 0 0 0 0 0 0 0 0 0 0 0 0 0 0 0 0 0 0 0 0 0 0 0 0 0 0 0 0 0 0 0 0 0 0 0 0 0 0 0 0 0 0 0 0 0 0 0 0 0 0 0 0 0 0 0 0 0 0 0 0 0 0 0 0 0 0 0 0 0 0 0 0 0 0 0 0 0 0 0 0 0 0 0 0 0 0 0 0 0 0 0 0 0 0 0 0 0 0 0 0 0 0 0 0 0 0 0 0 0 0 0 0 0 0 0 0 0 0 0 0 0 0 0 0 0 0 0 0 0 0 0 0 0 0 0 0 0 0 0 0 0 0 0 0 0 0 0 0 0 0 0 0 0 0 0 0 0 0 0 0 0 0 0 0 0 0 0 0 0 0 0 0 0 0 0 0 0 0 0 0 0 0 0 0 0 0 0 0 0 0 0 0 0 0 0 0 0 0 0 0 0 0 0 0 0 0 0 0 0 0 0 0 0 0 0 0 0 0 0 0 0 0 0 0 0 0 0 0 0 0 0 0 0 0 0 0 0 0 0 0 0 0 0 0 0 0 0 0 0 0 0 0 0 0 0 0 0 0 0 0 0 0 0 0 0 0 0 0 0 0 0 0 0 0 0 0 0 0 0 0 0 0 0 0 0 0 0 0 0 0 0 0 0 0 0 0 0 0 0 0 0 0 0 0 0 0 0 0 0 0 0 0 0 0 0 0 0 0 0 0 0 0 0 0 0 0 0 0 0 0 0 0 0 0 0 0 0 0 0 0 0 0 0 0 0 0 0 0 0 0 0 0 0 0 0 0 0 0 0 0 0 0 0 0 0 0 0 0 0 0 0 0 0 0 0 0 0 0 0 0 0 0 0 0 0 0 0 0 0 0 0 0 0 0 0 0 0 0 0 0 0 0 0 0 0 0 0 0 0 0 0 0 0 0 0 0 0 0 0 0 0 0 0 0 0 0 0 0 0 0 0 0 0 0 0 0 0 0 0 0 0 0 0 0 0 0 0 0 0 0 0 0 0 0 0 0 0 0 0 0 0 0 0 0 0 0 0 0 0 0 0 0 0 0 0 0 0 0 0 0 0 0 0 0 0 0 0 0 0 0 0 0 0 0 0 0 0 0 0 0 0 0 0 0 0 0 0 0 0 0 0 0 0 0 0 0 0 0 0 0 0 0 0 0 0 0 0 0 0 0 0 0 0 0 0 0 0 0 0 0 0 0 0 0 0 0 0 0 0 0 0 0 0 0 0 0 0 0 0 0 0 0 0 0 0 0 0 0 0 0 0 0 0 0 0 0 0 0 0 0 0 0 0 0 0 0 0 0 0 0 0 0 0 0 0 0 0 0 0 0 0 0 0 0 0 0 0 0 0 0 0 0 0 0 0 0 0 0 0 0 0 0 0 0 0 0 0 0 0 0 0 0 0 0 0 0 0 0 0 0 0 0 0 0 0 0 0 0 0 0 0 0 0 0 0 0 0 0 0 0 0 0 0 0 0 0 0 0 0 0 0 0 0 0 0 0 0 0 0 0 0 0 0 0 0 0 0 0 0 0 0 0 0 0 0 0 0 0 0 0 0 0 0 0 0 0 0 0 0 0 0 0 0 0 0 0 0 0 0 0 0 0 0 0 0 0 0 0 0 0 0 0 0 0 0 0 0 0 0 0 0 0 0 0 0 0 0 0 0 0 0 0 0 0 0 0 0 0 0 0 0 0 0 0 0 0 0 0 0 0 0 0 0 0 0 0 0 0 0 0 0 0 0 0 0 0 0 0 0 0 0 0 0 0 0 0 0 0 0 0 0 0 0 0 0 0 0 0 0 0 0 0 0 0 0 0 0 0 0 0 0 0 0 0 0 0 0 0 0 0 0 0 0 0 0 0 0 0 0 0 0 0 0 0 0 0 0 0 0 0 0 0 0 0 0 0 0 0 0 0 0 0 0 0 0 0 0 0 0 0 0 0 0 0 0 0 0 0 0 0 0 0 0 0 0 0 0 0 0 0 0 0 0 0 0 0 0 0 0 0 0 0 0 0 0 0 0 0 0 0 0 0 0 0 0 0 0 0 0 0 0 0 0 0 0 0 0 0 0 0 0 0 0 0 0 0 0 0 0 0 0 0 0 0 0 0 0 0 0 0 0 0 0 0 0 0 0 0 0 0 0 0 0 0 0 0 0 0 0 0 0 0 0 0 0 0 0 0 0 0 0 0 0 0 0 0 0 0 0 0 0 0 0 0 0 0 0 0 0 0 0 0 0 0 0 0 0 0 0 0 0 0 0 0 0 0 0 0 0 0 0 0 0 0 0 0 0 0 0 0 0 0 0 0 0 0 0 0 0 0 0 0 0 0 0 0 0 0 0 0 0 0 0 0 0 0 0 0 0 0 0 0 0 0 0 0 0 0 0 0 0 0 0 0 0 0 0 0 0 0 0 0 0 0 0 0 0 0 0 0 0 0 0 0 0 0 0 0 0 0 0 0 0 0 0 0 0 0 0 0 0 0 0 0 0 0 0 0 0 0 0 0 0 0 0 0 0 0 0 0 0 0 0 0 0 0 0 0 0 0 0 0 0 0 0 0 0 0 0 0 0 0 0 0 0 0 0 0 0 0 0 0 0 0 0 0 0 0 0 0 0 0 0 0 0 0 0 0 0 0 0 0 0 0 0 0 0 0 0 0 0 0 0 0 0 0 0 0 0 0 0 0 0 0 0 0 0 0 0 0 0 0 0 0 0 0 0 0 0 0 0 0 0 0 0 0 0 0 0 0 0 0 0 0 0 0 0 0 0 0 0 0 0 0 0 0 0 0 0 0 0 0 0 0 0 0 0 0 0 0 0 0 0 0 0 0 0 0 0 0 0 0 0 0 0 0 0 0 0 0 0 0 0 0 0 0 0 0 0 0 0 0 0 0 0 0 0 0 0 0 0 0 0 0 0 0 0 0 0 0 0 0 0 0 0 0 0 0 0 0 0 0 0 0 0 0 0 0 0 0 0 0 0 0 0 0 0 0 0 0 0 0 0 0 0 0 0 0 0 0 0 0 0 0 0 0 0 0 0 0 0 0 0 0 0 0 0 0 0 0 0 0 0 0 0 0 0 0 0 0 0 0 0 0 0 0 0 0 0 0 0 0 0 0 0 0 0 0 0 0 0 0 0 0 0 0 0 0 0 0 0 0 0 0 0 0 0 0 0 0 0 0 0 0 0 0 0 0 0 0 0 0 0 0 0 0 0 0 0 0 0 0 0 0 0 0 0 0 0 0 0 0 0 0 0 0 0 0 0 0 0 0 0 0 0 0 0 0 0 0 0 0 0 0 0 0 0 0 0 0 0 0 0 0 0 0 0 0 0 0 0 0 0 0 0 0 0 0 0 0 0 0 0 0 0 0 0 0 0 0 0 0 0 0 0 0 0 0 0 0 0 0 0 0 0 0 0 0 0 0 0 0 0 0 0 0 0 0 0 0 0 0 0 0 0 0 0 0 0 0 0 0 0 0 0 0 0 0 0 0 0 0 0 0 0 0 0 0 0 0 0 0 0 0 0 0 0 0 0 0 0 0 0 0 0 0 0 0 0 0 0 0 0 0 0 0 0 0 0 0 0 0 0 0 0 0 0 0 0 0 0 0 0 0 0 0 0 0 0 0 0 0 0 0 0 0 0 0 0 0 0 0 0 0 0 0 0 0 0 0 0 0 0 0 0 0 0 0 0 0 0 0 0 0 0 0 0 0 0 0 0 0 0 0 0 0 0 0 0 0 0 0 0 0 0 0 0 0 0 0 0 0 0 0 0 0 0 0 0 0 0 0 0 0 0 0 0 0 0 0 0 0 0 0 0 0 0 0 0 0 0 0 0 0 0 0 0 0 0 0 0 0 0 0 0 0 0 0 0 0 0 0 0 0 0 0 0 0 0 0 0 0 0 0 0 0 0 0 0 0 0 0 0 0 0 0 0 0 0 0 0 0 0 0 0 0 0 0 0 0 0 0 0 0 0 0 0 0 0 0 0 0 0 0 0 0 0 0 0 0 0 0 0 0 0 0 0 0 0 0 0 0 0 0 0 0 0 0 0 0 0 0 0 0 0 0 0 0 0 0 0 0 0 0 0 0 0 0 0 0 0 0 0 0 0 0 0 0 0 0 0 0 0 0 0 0 0 0 0 0 0 0 0 0 0 0 0 0 0 0 0 0 0 0 0 0 0 0 0 0 0 0 0 0 0 0 0 0 0 0 0 0 0 0 0 0 0 0 0 0 0 0 0 0 0 0 0 0 0 0 0 0 0 0 0 0 0 0 0 0 0 0 0 0 0 0 0 0 0 0 0 0 0 0 0 0 0 0 0 0 0 0 0 0 0 0 0 0 0 0 0 0 0 0 0 0 0 0 0 0 0 0 0 0 0 0 0 0 0 0 0 0 0 0 0 0 0 0 0 0 0 0 0 0 0 0 0 0 0 0 0 0 0 0 0 0 0 0 0 0 0 0 0 0 0 0 0 0 0 0 0 0 0 0 0 0 0 0 0 0 0 0 0 0 0 0 0 0 0 0 0 0 0 0 0 0 0 0 0 0 0 0 0 0 0 0 0 0 0 0 0 0 0 0 0 0 0 0 0 0 0 0 0 0 0 0 0 0 0 0 0 0 0 0 0 0 0 0 0 0 0 0 0 0 0 0 0 0 0 0 0 0 0 0 0 0 0 0 0 0 0 0 0 0 0 0 0 0 0 0 0 0 0 0 0 0 0 0 0 0 0 0 0 0 0 0 0 0 0 0 0 0 0 0 0 0 0 0 0 0 0 0 0 0 0 0 0 0 0 0 0 0 0 0 0 0 0 0 0 0 0 0 0 0 0 0 0 0 0 0 0 0 0 0 0 0 0 0 0 0 0 0 0 0 0 0 0 0 0 0 0 0 0 0 0 0 0 0 0 0 0 0 0 0 0 0 0 0 0 0 0 0 0 0 0 0 0 0 0 0 0 0 0 0 0 0 0 0 0 0 0 0 0 0 0 0 0 0 0 0 0 0 0 0 0 0 0 0 0 0 0 0 0 0 0 0 0 0 0 0 0 0 0 0 0 0 0 0 0 0 0 0 0 0 0 0 0 0 0 0 0 0 0 0 0 0 0 0 0 0 0 0 0 0 0 0 0 0 0 0 0 0 0 0 0 0 0 0 0 0 0 0 0 0 0 0 0 0 0 0 0 0 0 0 0 0 0 0 0 0 0 0 0 0 0 0 0 0 0 0 0 0 0 0 0 0 0 0 0 0 0 0 0 0 0 0 0 0 0 0 0 0 0 0 0 0 0 0 0 0 0 0 0 0 0 0 0 0 0 0 0 0 0 0 0 0 0 0 0 0 0 0 0 0 0 0 0 0 0 0 0 0 0 0 0 0 0 0 0 0 0 0 0 0 0 0 0 0 0 0 0 0 0 0 0 0 0 0 0 0 0 0 0 0 0 0 0 0 0 0 0 0 0 0 0 0 0 0 0 0 0 0 0 0 0 0 0 0 0 0 0 0 0 0 0 0 0 0 0 0 0 0 0 0 0 0 0 0 0 0 0 0 0 0 0 0 0 0 0 0 0 0 0 0 0 0 0 0 0 0 0 0 0 0 0 0 0 0 0 0 0 0 0 0 0 0 0 0 0 0 0 0 0 0 0 0 0 0 0 0 0 0 0 0 0 0 0 0 0 0 0 0 0 0 0 0 0 0 0 0 0 0 0 0 0 0 0 0 0 0 0 0 0 0 0 0 0 0 0 0 0 0 0 0 0 0 0 0 0 0 0 0 0 0 0 0 0 0 0 0 0 0 0 0 0 0 0 0 0 0 0 0 0 0 0 0 0 0 0 0 0 0 0 0 0 0 0 0 0 0 0 0 0 0 0 0 0 0 0 0 0 0 0 0 0 0 0 0 0 0 0 0 0 0 0 0 0 0 0 0 0 0 0 0 0 0 0 0 0 0 0 0 0 0 0 0 0 0 0 0 0 0 0 0 0 0 0 0 0 0 0 0 0 0 0 0 0 0 0 0 0 0 0 0 0 0 0 0 0 0 0 0 0 0 0 0 0 0 0 0 0 0 0 0 0 0 0 0 0 0 0 0 0 0 0 0 0 0 0 0 0 0 0 0 0 0 0 0 0 0 0 0 0 0 0 0 0 0 0 0 0 0 0 0 0 0 0 0 0 0 0 0 0 0 0 0 0 0 0 0 0 0 0 0 0 0 0 0 0 0 0 0 0 0 0 0 0 0 0 0 0 0 0 0 0 0 0 0 0 0 0 0 0 0 0 0 0 0 0 0 0 0 0 0 0 0 0 0 0 0 0 0 0 0 0 0 0 0 0 0 0 0 0 0 0 0 0 0 0 0 0 0 0 0 0 0 0 0 0 0 0 0 0 0 0 0 0 0 0 0 0 0 0 0 0 0 0 0 0 0 0 0 0 0 0 0 0 0 0 0 0 0 0 0 0 0 0 0 0 0 0 0 0 0 0 0 0 0 0 0 0 0 0 0 0 0 0 0 0 0 0 0 0 0 0 0 0 0 0 0 0 0 0 0 0 0 0 0 0 0 0 0 0 0 0 0 0 0 0 0 0 0 0 0 0 0 0 0 0 0 0 0 0 0 0 0 0 0 0 0 0 0 0 0 0 0 0 0 0 0 0 0 0 0 0 0 0 0 0 0 0 0 0 0 0 0 0 0 0 0 0 0 0 0 0 0 0 0 0 0 0 0 0 0 0 0 0 0 0 0 0 0 0 0 0 0 0 0 0 0 0 0 0 0 0 0 0 0 0 0 0 0 0 0 0 0 0 0 0 0 0 0 0 0 0 0 0 0 0 0 0 0 0 0 0 0 0 0 0 0 0 0 0 0 0 0 0 0 0 0 0 0 0 0 0 0 0 0 0 0 0 0 0 0 0 0 0 0 0 0 0 0 0 0 0 0 0 0 0 0 0 0 0 0 0 0 0 0 0 0 0 0 0 0 0 0 0 0 0 0 0 0 0 0 0 0 0 0 0 0 0 0 0 0 0 0 0 0 0 0 0 0 0 0 0 0 0 0 0 0 0 0 0 0 0 0 0 0 0 0 0 0 0 0 0 0 0 0 0 0 0 0 0 0 0 0 0 0 0 0 0 0 0 0 0 0 0 0 0 0 0 0 0 0 0 0 0 0 0 0 0 0 0 0 0 0 0 0 0 0 0 0 0 0 0 0 0 0 0 0 0 0 0 0 0 0 0 0 0 0 0 0 0 0 0 0 0 0 0 0 0 0 0 0 0 0 0 0 0 0 0 0 0 0 0 0 0 0 0 0 0 0 0 0 0 0 0 0 0 0 0 0 0 0 0 0 0 0 0 0 0 0 0 0 0 0 0 0 0 0 0 0 0 0 0 0 0 0 0 0 0 0 0 0 0 0 0 0 0 0 0 0 0 0 0 0 0 0 0 0 0 0 0 0 0 0 0 0 0 0 0 0 0 0 0 0 0 0 0 0 0 0 0 0 0 0 0 0 0 0 0 0 0 0 0 0 0 0 0 0 0 0 0 0 0 0 0 0 0 0 0 0 0 0 0 0 0 0 0 0 0 0 0 0 0 0 0 0 0 0 0 0 0 0 0 0 0 0 0 0 0 0 0 0 0 0 0 0 0 0 0 0 0 0 0 0 0 0 0 0 0 0 0 0 0 0 0 0 0 0 0 0 0 0 0 0 0 0 0 0 0 0 0 0 0 0 0 0 0 0 0 0 0 0 0 0 0 0 0 0 0 0 0 0 0 0 0 0 0 0 0 0 0 0 0 0 0 0 0 0 0 0 0 0 0 0 0 0 0 0 0 0 0 0 0 0 0 0 0 0 0 0 0 0 0 0 0 0 0 0 0 0 0 0 0 0 0 0 0 0 0 0 0 0 0 0 0 0 0 0 0 0 0 0 0 0 0 0 0 0 0 0 0 0 0 0 0 0 0 0 0 0 0 0 0 0 0 0 0 0 0 0 0 0 0 0 0 0 0 0 0 0 0 0 0 0 0 0 0 0 0 0 0 0 0 0 0 0 0 0 0 0 0 0 0 0 0 0 0 0 0 0 0 0 0 0 0 0 0 0 0 0 0 0 0 0 0 0 0 0 0 0 0 0 0 0 0 0 0 0 0 0 0 0 0 0 0 0 0 0 0 0 0 0 0 0 0 0 0 0 0 0 0 0 0 0 0 0 0 0 0 0 0 0 0 0 0 0 0 0 0 0 0 0 0 0 0 0 0 0 0 0 0 0 0 0 0 0 0 0 0 0 0 0 0 0 0 0 0 0 0 0 0 0 0 0 0 0 0 0 0 0 0 0 0 0 0 0 0 0 0 0 0 0 0 0 0 0 0 0 0 0 0 0 0 0 0 0 0 0 0 0 0 0 0 0 0 0 0 0 0 0 0 0 0 0 0 0 0 0 0 0 0 0 0 0 0 0 0 0 0 0 0 0 0 0 0 0 0 0 0 0 0 0 0 0 0 0 0 0 0 0 0 0 0 0 0 0 0 0 0 0 0 0 0 0 0 0 0 0 0 0 0 0 0 0 0 0 0 0 0 0 0 0 0 0 0 0 0 0 0 0 0 0 0 0 0 0 0 0 0 0 0 0 0 0 0 0 0 0 0 0 0 0 0 0 0 0 0 0 0 0 0 0 0 0 0 0 0 0 0 0 0 0 0 0 0 0 0 0 0 0 0 0 0 0 0 0 0 0 0 0 0 0 0 0 0 0 0 0 0 0 0 0 0 0 0 0 0 0 0 0 0 0 0 0 0 0 0 0 0 0 0 0 0 0 0 0 0 0 0 0 0 0 0 0 0 0 0 0 0 0 0 0 0 0 0 0 0 0 0 0 0 0 0 0 0 0 0 0 0 0 0 0 0 0 0 0 0 0 0 0 0 0 0 0 0 0 0 0 0 0 0 0 0 0 0 0 0 0 0 0 0 0 0 0 0 0 0 0 0 0 0 0 0 0 0 0 0 0 0 0 0 0 0 0 0 0 0 0 0 0 0 0 0 0 0 0 0 0 0 0 0 0 0 0 0 0 0 0 0 0 0 0 0 0 0 0 0 0 0 0 0 0 0 0 0 0 0 0 0 0 0 0 0 0 0 0 0 0 0 0 0 0 0 0 0 0 0 0 0 0 0 0 0 0 0 0 0 0 0 0 0 0 0 0 0 0 0 0 0 0 0 0 0 0 0 0 0 0 0 0 0 0 0 0 0 0 0 0 0 0 0 0 0 0 0 0 0 0 0 0 0 0 0 0 0 0 0 0 0 0 0 0 0 0 0 0 0 0 0 0 0 0 0 0 0 0 0 0 0 0 0 0 0 0 0 0 0 0 0 0 0 0 0 0 0 0 0 0 0 0 0 0 0 0 0 0 0 0 0 0 0 0 0 0 0 0 0 0 0 0 0 0 0 0 0 0 0 0 0 0 0 0 0 0 0 0 0 0 0 0 0 0 0 0 0 0 0 0 0 0 0 0 0 0 0 0 0 0 0 0 0 0 0 0 0 0 0 0 0 0 0 0 0 0 0 0 0 0 0 0 0 0 0 0 0 0 0 0 0 0 0 0 0 0 0 0 0 0 0 0 0 0 0 0 0 0 0 0 0 0 0 0 0 0 0 0 0 0 0 0 0 0 0 0 0 0 0 0 0 0 0 0 0 0 0 0 0 0 0 0 0 0 0 0 0 0 0 0 0 0 0 0 0 0 0 0 0 0 0 0 0 0 0 0 0 0 0 0 0 0 0 0 0 0 0 0 0 0 0 0 0 0 0 0 0 0 0 0 0 0 0 0 0 0 0 0 0 0 0 0 0 0 0 0 0 0 0 0 0 0 0 0 0 0 0 0 0 0 0 0 0 0 0 0 0 0 0 0 0 0 0 0 0 0 0 0 0 0 0 0 0 0 0 0 0 0 0 0 0 0 0 0 0 0 0 0 0 0 0 0 0 0 0 0 0 0 0 0 0 0 0 0 0 0 0 0 0 0 0 0 0 0 0 0 0 0 0 0 0 0 0 0 0 0 0 0 0 0 0 0 0 0 0 0 0 0 0 0 0 0 0 0 0 0 0 0 0 0 0 0 0 0 0 0 0 0 0 0 0 0 0 0 0 0 0 0 0 0 0 0 0 0 0 0 0 0 0 0 0 0 0 0 0 0 0 0 0 0 0 0 0 0 0 0 0 0 0 0 0 0 0 0 0 0 0 0 0 0 0 0 0 0 0 0 0 0 0 0 0 0 0 0 0 0 0 0 0 0 0 0 0 0 0 0 0 0 0 0 0 0 0 0 0 0 0 0 0 0 0 0 0 0 0 0 0 0 0 0 0 0 0 0 0 0 0 0 0 0 0 0 0 0 0 0 0 0 0 0 0 0 0 0 0 0 0 0 0 0 0 0 0 0 0 0 0 0 0 0 0 0 0 0 0 0 0 0 0 0 0 0 0 0 0 0 0 0 0 0 0 0 0 0 0 0 0 0 0 0 0 0 0 0 0 0 0 0 0 0 0 0 0 0 0 0 0 0 0 0 0 0 0 0 0 0 0 0 0 0 0 0 0 0 0 0 0 0 0 0 0 0 0 0 0 0 0 0 0 0 0 0 0 0 0 0 0 0 0 0 0 0 0 0 0 0 0 0 0 0 0 0 0 0 0 0 0 0 0 0 0 0 0 0 0 0 0 0 0 0 0 0 0 0 0 0 0 0 0 0 0 0 0 0 0 0 0 0 0 0 0 0 0 0 0 0 0 0 0 0 0 0 0 0 0 0 0 0 0 0 0 0 0 0 0 0 0 0 0 0 0 0 0 0 0 0 0 0 0 0 0 0 0 0 0 0 0 0 0 0 0 0 0 0 0 0 0 0 0 0 0 0 0 0 0 0 0 0 0 0 0 0 0 0 0 0 0 0 0 0 0 0 0 0 0 0 0 0 0 0 0 0 0 0 0 0 0 0 0 0 0 0 0 0 0 0 0 0 0 0 0 0 0 0 0 0 0 0 0 0 0 0 0 0 0 0 0 0 0 0 0 0 0 0 0 0 0 0 0 0 0 0 0 0 0 0 0 0 0 0 0 0 0 0 0 0 0 0 0 0 0 0 0 0 0 0 0 0 0 0 0 0 0 0 0 0 0 0 0 0 0 0 0 0 0 0 0 0 0 0 0 0 0 0 0 0 0 0 0 0 0 0 0 0 0 0 0 0 0 0 0 0 0 0 0 0 0 0 0 0 0 0 0 0 0 0 0 0 0 0 0 0 0 0 0 0 0 0 0 0 0 0 0 0 0 0 0 0 0 0 0 0 0 0 0 0 0 0 0 0 0 0 0 0 0 0 0 0 0 0 0 0 0 0 0 0 0 0 0 0 0 0 0 0 0 0 0 0 0 0 0 0 0 0 0 0 0 0 0 0 0 0 0 0 0 0 0 0 0 0 0 0 0 0 0 0 0 0 0 0 0 0 0 0 0 0 0 0 0 0 0 0 0 0 0 0 0 0 0 0 0 0 0 0 0 0 0 0 0 0 0 0 0 0 0 0 0 0 0 0 0 0 0 0 0 0 0 0 0 0 0 0 0 0 0 0 0 0 0 0 0 0 0 0 0 0 0 0 0 0 0 0 0 0 0 0 0 0 0 0 0 0 0 0 0 0 0 0 0 0 0 0 0 0 0 0 0 0 0 0 0 0 0 0 0 0 0 0 0 0 0 0 0 0 0 0 0 0 0 0 0 0 0 0 0 0 0 0 0 0 0 0 0 0 0 0 0 0 0 0 0 0 0 0 0 0 0 0 0 0 0 0 0 0 0 0 0 0 0 0 0 0 0 0 0 0 0 0 0 0 0 0 0 0 0 0 0 0 0 0 0 0 0 0 0 0 0 0 0 0 0 0 0 0 0 0 0 0 0 0 0 0 0 0 0 0 0 0 0 0 0 0 0 0 0 0 0 0 0 0 0 0 0 0 0 0 0 0 0 0 0 0 0 0 0 0 0 0 0 0 0 0 0 0 0 0 0 0 0 0 0 0 0 0 0 0 0 0 0 0 0 0 0 0 0 0 0 0 0 0 0 0 0 0 0 0 0 0 0 0 0 0 0 0 0 0 0 0 0 0 0 0 0 0 0 0 0 0 0 0 0 0 0 0 0 0 0 0 0 0 0 0 0 0 0 0 0 0 0 0 0 0 0 0 0 0 0 0 0 0 0 0 0 0 0 0 0 0 0 0 0 0 0 0 0 0 0 0 0 0 0 0 0 0 0 0 0 0 0 0 0 0 0 0 0 0 0 0 0 0 0 0 0 0 0 0 0 0 0 0 0 0 0 0 0 0 0 0 0 0 0 0 0 0 0 0 0 0 0 0 0 0 0 0 0 0 0 0 0 0 0 0 0 0 0 0 0 0 0 0 0 0 0 0 0 0 0 0 0 0 0 0 0 0 0 0 0 0 0 0 0 0 0 0 0 0 0 0 0 0 0 0 0 0 0 0 0 0 0 0 0 0 0 0 0 0 0 0 0 0 0 0 0 0 0 0 0 0 0 0 0 0 0 0 0 0 0 0 0 0 0 0 0 0 0 0 0 0 0 0 0 0 0 0 0 0 0 0 0 0 0 0 0 0 0 0 0 0 0 0 0 0 0 0 0 0 0 0 0 0 0 0 0 0 0 0 0 0 0 0 0 0 0 0 0 0 0 0 0 0 0 0 0 0 0 0 0 0 0 0 0 0 0 0 0 0 0 0 0 0 0 0 0 0 0 0 0 0 0 0 0 0 0 0 0 0 0 0 0 0 0 0 0 0 0 0 0 0 0 0 0 0 0 0 0 0 0 0 0 0 0 0 0 0 0 0 0 0 0 0 0 0 0 0 0 0 0 0 0 0 0 0 0 0 0 0 0 0 0 0 0 0 0 0 0 0 0 0 0 0 0 0 0 0 0 0 0 0 0 0 0 0 0 0 0 0 0 0 0 0 0 0 0 0 0 0 0 0 0 0 0 0 0 0 0 0 0 0 0 0 0 0 0 0 0 0 0 0 0 0 0 0 0 0 0 0 0 0 0 0 0 0 0 0 0 0 0 0 0 0 0 0 0 0 0 0 0 0 0 0 0 0 0 0 0 0 0 0 0 0 0 0 0 0 0 0 0 0 0 0 0 0 0 0 0 0 0 0 0 0 0 0 0 0 0 0 0 0 0 0 0 0 0 0 0 0 0 0 0 0 0 0 0 0 0 0 0 0 0 0 0 0 0 0 0 0 0 0 0 0 0 0 0 0 0 0 0 0 0 0 0 0 0 0 0 0 0 0 0 0 0 0 0 0 0 0 0 0 0 0 0 0 0 0 0 0 0 0 0 0 0 0 0 0 0 0 0 0 0 0 0 0 0 0 0 0 0 0 0 0 0 0 0 0 0 0 0 0 0 0 0 0 0 0 0 0 0 0 0 0 0 0 0 0 0 0 0 0 0 0 0 0 0 0 0 0 0 0 0 0 0 0 0 0 0 0 0 0 0 0 0 0 0 0 0 0 0 0 0 0 0 0 0 0 0 0 0 0 0 0 0 0 0 0 0 0 0 0 0 0 0 0 0 0 0 0 0 0 0 0 0 0 0 0 0 0 0 0 0 0 0 0 0 0 0 0 0 0 0 0 0 0 0 0 0 0 0 0 0 0 0 0 0 0 0 0 0 0 0 0 0 0 0 0 0 0 0 0 0 0 0 0 0 0 0 0 0 0 0 0 0 0 0 0 0 0 0 0 0 0 0 0 0 0 0 0 0 0 0 0 0 0 0 0 0 0 0 0 0 0 0 0 0 0 0 0 0 0 0 0 0 0 0 0 0 0 0 0 0 0 0 0 0 0 0 0 0 0 0 0 0 0 0 0 0 0 0 0 0 0 0 0 0 0 0 0 0 0 0 0 0 0 0 0 0 0 0 0 0 0 0 0 0 0 0 0 0 0 0 0 0 0 0 0 0 0 0 0 0 0 0 0 0 0 0 0 0 0 0 0 0 0 0 0 0 0 0 0 0 0 0 0 0 0 0 0 0 0 0 0 0 0 0 0 0 0 0 0 0 0 0 0 0 0 0 0 0 0 0 0 0 0 0 0 0 0 0 0 0 0 0 0 0 0 0 0 0 0 0 0 0 0 0 0 0 0 0 0 0 0 0 0 0 0 0 0 0 0 0 0 0 0 0 0 0 0 0 0 0 0 0 0 0 0 0 0 0 0 0 0 0 0 0 0 0 0 0 0 0 0 0 0 0 0 0 0 0 0 0 0 0 0 0 0 0 0 0 0 0 0 0 0 0 0 0 0 0 0 0 0 0 0 0 0 0 0 0 0 0 0 0 0 0 0 0 0 0 0 0 0 0 0 0 0 0 0 0 0 0 0 0 0 0 0 0 0 0 0 0 0 0 0 0 0 0 0 0 0 0 0 0 0 0 0 0 0 0 0 0 0 0 0 0 0 0 0 0 0 0 0 0 0 0 0 0 0 0 0 0 0 0 0 0 0 0 0 0 0 0 0 0 0 0 0 0 0 0 0 0 0 0 0 0 0 0 0 0 0 0 0 0 0 0 0 0 0 0 0 0 0 0 0 0 0 0 0 0 0 0 0 0 0 0 0 0 0 0 0 0 0 0 0 0 0 0 0 0 0 0 0 0 0 0 0 0 0 0 0 0 0 0 0 0 0 0 0 0 0 0 0 0 0 0 0 0 0 0 0 0 0 0 0 0 0 0 0 0 0 0 0 0 0 0 0 0 0 0 0 0 0 0 0 0 0 0 0 0 0 0 0 0 0 0 0 0 0 0 0 0 0 0 0 0 0 0 0 0 0 0 0 0 0 0 0 0 0 0 0 0 0 0 0 0 0 0 0 0 0 0 0 0 0 0 0 0 0 0 0 0 0 0 0 0 0 0 0 0 0 0 0 0 0 0 0 0 0 0 0 0 0 0 0 0 0 0 0 0 0 0 0 0 0 0 0 0 0 0 0 0 0 0 0 0 0 0 0 0 0 0 0 0 0 0 0 0 0 0 0 0 0 0 0 0 0 0 0 0 0 0 0 0 0 0 0 0 0 0 0 0 0 0 0 0 0 0 0 0 0 0 0 0 0 0 0 0 0 0 0 0 0 0 0 0 0 0 0 0 0 0 0 0 0 0 0 0 0 0 0 0 0 0 0 0 0 0 0 0 0 0 0 0 0 0 0 0 0 0 0 0 0 0 0 0 0 0 0 0 0 0 0 0 0 0 0 0 0 0 0 0 0 0 0 0 0 0 0 0 0 0 0 0 0 0 0 0 0 0 0 0 0 0 0 0 0 0 0 0 0 0 0 0 0 0 0 0 0 0 0 0 0 0 0 0 0 0 0 0 0 0 0 0 0 0 0 0 0 0 0 0 0 0 0 0 0 0 0 0 0 0 0 0 0 0 0 0 0 0 0 0 0 0 0 0 0 0 0 0 0 0 0 0 0 0 0 0 0 0 0 0 0 0 0 0 0 0 0 0 0 0 0 0 0 0 0 0 0 0 0 0 0 0 0 0 0 0 0 0 0 0 0 0 0 0 0 0 0 0 0 0 0 0 0 0 0 0 0 0 0 0 0 0 0 0 0 0 0 0 0 0 0 0 0 0 0 0 0 0 0 0 0 0 0 0 0 0 0 0 0 0 0 0 0 0 0 0 0 0 0 0 0 0 0 0 0 0 0 0 0 0 0 0 0 0 0 0 0 0 0 0 0 0 0 0 0 0 0 0 0 0 0 0 0 0 0 0 0 0 0 0 0 0 0 0 0 0 0 0 0 0 0 0 0 0 0 0 0 0 0 0 0 0 0 0 0 0 0 0 0 0 0 0 0 0 0 0 0 0 0 0 0 0 0 0 0 0 0 0 0 0 0 0 0 0 0 0 0 0 0 0 0 0 0 0 0 0 0 0 0 0 0 0 0 0 0 0 0 0 0 0 0 0 0 0 0 0 0 0 0 0 0 0 0 0 0 0 0 0 0 0 0 0 0 0 0 0 0 0 0 0 0 0 0 0 0 0 0 0 0 0 0 0 0 0 0 0 0 0 0 0 0 0 0 0 0 0 0 0 0 0 0 0 0 0 0 0 0 0 0 0 0 0 0 0 0 0 0 0 0 0 0 0 0 0 0 0 0 0 0 0 0 0 0 0 0 0 0 0 0 0 0 0 0 0 0 0 0 0 0 0 0 0 0 0 0 0 0 0 0 0 0 0 0 0 0 0 0 0 0 0 0 0 0 0 0 0 0 0 0 0 0 0 0 0 0 0 0 0 0 0 0 0 0 0 0 0 0 0 0 0 0 0 0 0 0 0 0 0 0 0 0 0 0 0 0 0 0 0 0 0 0 0 0 0 0 0 0 0 0 0 0 0 0 0 0 0 0 0 0 0 0 0 0 0 0 0 0 0 0 0 0 0 0 0 0 0 0 0 0 0 0 0 0 0 0 0 0 0 0 0 0 0 0 0 0 0 0 0 0 0 0 0 0 0 0 0 0 0 0 0 0 0 0 0 0 0 0 0 0 0 0 0 0 0 0 0 0 0 0 0 0 0 0 0 0 0 0 0 0 0 0 0 0 0 0 0 0 0 0 0 0 0 0 0 0 0 0 0 0 0 0 0 0 0 0 0 0 0 0 0 0 0 0 0 0 0 0 0 0 0 0 0 0 0 0 0 0 0 0 0 0 0 0 0 0 0 0 0 0 0 0 0 0 0 0 0 0 0 0 0 0 0 0 0 0 0 0 0 0 0 0 0 0 0 0 0 0 0 0 0 0 0 0 0 0 0 0 0 0 0 0 0 0 0 0 0 0 0 0 0 0 0 0 0 0 0 0 0 0 0 0 0 0 0 0 0 0 0 0 0 0 0 0 0 0 0 0 0 0 0 0 0 0 0 0 0 0 0 0 0 0 0 0 0 0 0 0 0 0 0 0 0 0 0 0 0 0 0 0 0 0 0 0 0 0 0 0 0 0 0 0 0 0 0 0 0 0 0 0 0 0 0 0 0 0 0 0 0 0 0 0 0 0 0 0 0 0 0 0 0 0 0 0 0 0 0 0 0 0 0 0 0 0 0 0 0 0 0 0 0 0 0 0 0 0 0 0 0 0 0 0 0 0 0 0 0 0 0 0 0 0 0 0 0 0 0 0 0 0 0 0 0 0 0 0 0 0 0 0 0 0 0 0 0 0 0 0 0 0 0 0 0 0 0 0 0 0 0 0 0 0 0 0 0 0 0 0 0 0 0 0 0 0 0 0 0 0 0 0 0 0 0 0 0 0 0 0 0 0 0 0 0 0 0 0 0 0 0 0 0 0 0 0 0 0 0 0 0 0 0 0 0 0 0 0 0 0 0 0 0 0 0 0 0 0 0 0 0 0 0 0 0 0 0 0 0 0 0 0 0 0 0 0 0 0 0 0 0 0 0 0 0 0 0 0 0 0 0 0 0 0 0 0 0 0 0 0 0 0 0 0 0 0 0 0 0 0 0 0 0 0 0 0 0 0 0 0 0 0 0 0 0 0 0 0 0 0 0 0 0 0 0 0 0 0 0 0 0 0 0 0 0 0 0 0 0 0 0 0 0 0 0 0 0 0 0 0 0 0 0 0 0 0 0 0 0 0 0 0 0 0 0 0 0 0 0 0 0 0 0 0 0 0 0 0 0 0 0 0 0 0 0 0 0 0 0 0 0 0 0 0 0 0 0 0 0 0 0 0 0 0 0 0 0 0 0 0 0 0 0 0 0 0 0 0 0 0 0 0 0 0 0 0 0 0 0 0 0 0 0 0 0 0 0 0 0 0 0 0 0 0 0 0 0 0 0 0 0 0 0 0 0 0 0 0 0 0 0 0 0 0 0 0 0 0 0 0 0 0 0 0 0 0 0 0 0 0 0 0 0 0 0 0 0 0 0 0 0 0 0 0 0 0 0 0 0 0 0 0 0 0 0 0 0 0 0 0 0 0 0 0 0 0 0 0 0 0 0 0 0 0 0 0 0 0 0 0 0 0 0 0 0 0 0 0 0 0 0 0 0 0 0 0 0 0 0 0 0 0 0 0 0 0 0 0 0 0 0 0 0 0 0 0 0 0 0 0 0 0 0 0 0 0 0 0 0 0 0 0 0 0 0 0 0 0 0 0 0 0 0 0 0 0 0 0 0 0 0 0 0 0 0 0 0 0 0 0 0 0 0 0 0 0 0 0 0 0 0 0 0 0 0 0 0 0 0 0 0 0 0 0 0 0 0 0 0 0 0 0 0 0 0 0 0 0 0 0 0 0 0 0 0 0 0 0 0 0 0 0 0 0 0 0 0 0 0 0 0 0 0 0 0 0 0 0 0 0 0 0 0 0 0 0 0 0 0 0 0 0 0 0 0 0 0 0 0 0 0 0 0 0 0 0 0 0 0 0 0 0 0 0 0 0 0 0 0 0 0 0 0 0 0 0 0 0 0 0 0 0 0 0 0 0 0 0 0 0 0 0 0 0 0 0 0 0 0 0 0 0 0 0 0 0 0 0 0 0 0 0 0 0 0 0 0 0 0 0 0 0 0 0 0 0 0 0 0 0 0 0 0 0 0 0 0 0 0 0 0 0 0 0 0 0 0 0 0 0 0 0 0 0 0 0 0 0 0 0 0 0 0 0 0 0 0 0 0 0 0 0 0 0 0 0 0 0 0 0 0 0 0 0 0 0 0 0 0 0 0 0 0 0 0 0 0 0 0 0 0 0 0 0 0 0 0 0 0 0 0 0 0 0 0 0 0 0 0 0 0 0 0 0 0 0 0 0 0 0 0 0 0 0 0 0 0 0 0 0 0 0 0 0 0 0 0 0 0 0 0 0 0 0 0 0 0 0 0 0 0 0 0 0 0 0 0 0 0 0 0 0 0 0 0 0 0 0 0 0 0 0 0 0 0 0 0 0 0 0 0 0 0 0 0 0 0 0 0 0 0 0 0 0 0 0 0 0 0 0 0 0 0 0 0 0 0 0 0 0 0 0 0 0 0 0 0 0 0 0 0 0 0 0 0 0 0 0 0 0 0 0 0 0 0 0 0 0 0 0 0 0 0 0 0 0 0 0 0 0 0 0 0 0 0 0 0 0 0 0 0 0 0 0 0 0 0 0 0 0 0 0 0 0 0 0 0 0 0 0 0 0 0 0 0 0 0 0 0 0 0 0 0 0 0 0 0 0 0 0 0 0 0 0 0 0 0 0 0 0 0 0 0 0 0 0 0 0 0 0 0 0 0 0 0 0 0 0 0 0 0 0 0 0 0 0 0 0 0 0 0 0 0 0 0 0 0 0 0 0 0 0 0 0 0 0 0 0 0 0 0 0 0 0 0 0 0 0 0 0 0 0 0 0 0 0 0 0 0 0 0 0 0 0 0 0 0 0 0 0 0 0 0 0 0 0 0 0 0 0 0 0 0 0 0 0 0 0 0 0 0 0 0 0 0 0 0 0 0 0 0 0 0 0 0 0 0 0 0 0 0 0 0 0 0 0 0 0 0 0 0 0 0 0 0 0 0 0 0 0 0 0 0 0 0 0 0 0 0 0 0 0 0 0 0 0 0 0 0 0 0 0 0 0 0 0 0 0 0 0 0 0 0 0 0 0 0 0 0 0 0 0 0 0 0 0 0 0 0 0 0 0 0 0 0 0 0 0 0 0 0 0 0 0 0 0 0 0 0 0 0 0 0 0 0 0 0 0 0 0 0 0 0 0 0 0 0 0 0 0 0 0 0 0 0 0 0 0 0 0 0 0 0 0 0 0 0 0 0 0 0 0 0 0 0 0 0 0 0 0 0 0 0 0 0 0 0 0 0 0 0 0 0 0 0 0 0 0 0 0 0 0 0 0 0 0 0 0 0 0 0 0 0 0 0 0 0 0 0 0 0 0 0 0 0 0 0 0 0 0 0 0 0 0 0 0 0 0 0 0 0 0 0 0 0 0 0 0 0 0 0 0 0 0 0 0 0 0 0 0 0 0 0 0 0 0 0 0 0 0 0 0 0 0 0 0 0 0 0 0 0 0 0 0 0 0 0 0 0 0 0 0 0 0 0 0 0 0 0 0 0 0 0 0 0 0 0 0 0 0 0 0 0 0 0 0 0 0 0 0 0 0 0 0 0 0 0 0 0 0 0 0 0 0 0 0 0 0 0 0 0 0 0 0 0 0 0 0 0 0 0 0 0 0 0 0 0 0 0 0 0 0 0 0 0 0 0 0 0 0 0 0 0 0 0 0 0 0 0 0 0 0 0 0 0 0 0 0 0 0 0 0 0 0 0 0 0 0 0 0 0 0 0 0 0 0 0 0 0 0 0 0 0 0 0 0 0 0 0 0 0 0 0 0 0 0 0 0 0 0 0 0 0 0 0 0 0 0 0 0 0 0 0 0 0 0 0 0 0 0 0 0 0 0 0 0 0 0 0 0 0 0 0 0 0 0 0 0 0 0 0 0 0 0 0 0 0 0 0 0 0 0 0 0 0 0 0 0 0 0 0 0 0 0 0 0 0 0 0 0 0 0 0 0 0 0 0 0 0 0 0 0 0 0 0 0 0 0 0 0 0 0 0 0 0 0 0 0 0 0 0 0 0 0 0 0 0 0 0 0 0 0 0 0 0 0 0 0 0 0 0 0 0 0 0 0 0 0 0 0 0 0 0 0 0 0 0 0 0 0 0 0 0 0 0 0 0 0 0 0 0 0 0 0 0 0 0 0 0 0 0 0 0 0 0 0 0 0 0 0 0 0 0 0 0 0 0 0 0 0 0 0 0 0 0 0 0 0 0 0 0 0 0 0 0 0 0 0 0 0 0 0 0 0 0 0 0 0 0 0 0 0 0 0 0 0 0 0 0 0 0 0 0 0 0 0 0 0 0 0 0 0 0 0 0 0 0 0 0 0 0 0 0 0 0 0 0 0 0 0 0 0 0 0 0 0 0 0 0 0 0 0 0 0 0 0 0 0 0 0 0 0 0 0 0 0 0 0 0 0 0 0 0 0 0 0 0 0 0 0 0 0 0 0 0 0 0 0 0 0 0 0 0 0 0 0 0 0 0 0 0 0 0 0 0 0 0 0 0 0 0 0 0 0 0 0 0 0 0 0 0 0 0 0 0 0 0 0 0 0 0 0 0 0 0 0 0 0 0 0 0 0 0 0 0 0 0 0 0 0 0 0 0 0 0 0 0 0 0 0 0 0 0 0 0 0 0 0 0 0 0 0 0 0 0 0 0 0 0 0 0 0 0 0 0 0 0 0 0 0 0 0 0 0 0 0 0 0 0 0 0 0 0 0 0 0 0 0 0 0 0 0 0 0 0 0 0 0 0 0 0 0 0 0 0 0 0 0 0 0 0 0 0 0 0 0 0 0 0 0 0 0 0 0 0 0 0 0 0 0 0 0 0 0 0 0 0 0 0 0 0 0 0 0 0 0 0 0 0 0 0 0 0 0 0 0 0 0 0 0 0 0 0 0 0 0 0 0 0 0 0 0 0 0 0 0 0 0 0 0 0 0 0 0 0 0 0 0 0 0 0 0 0 0 0 0 0 0 0 0 0 0 0 0 0 0 0 0 0 0 0 0 0 0 0 0 0 0 0 0 0 0 0 0 0 0 0 0 0 0 0 0 0 0 0 0 0 0 0 0 0 0 0 0 0 0 0 0 0 0 0 0 0 0 0 0 0 0 0 0 0 0 0 0 0 0 0 0 0 0 0 0 0 0 0 0 0 0 0 0 0 0 0 0 0 0 0 0 0 0 0 0 0 0 0 0 0 0 0 0 0 0 0 0 0 0 0 0 0 0 0 0 0 0 0 0 0 0 0 0 0 0 0 0 0 0 0 0 0 0 0 0 0 0 0 0 0 0 0 0 0 0 0 0 0 0 0 0 0 0 0 0 0 0 0 0 0 0 0 0 0 0 0 0 0 0 0 0 0 0 0 0 0 0 0 0 0 0 0 0 0 0 0 0 0 0 0 0 0 0 0 0 0 0 0 0 0 0 0 0 0 0 0 0 0 0 0 0 0 0 0 0 0 0 0 0 0 0 0 0 0 0 0 0 0 0 0 0 0 0 0 0 0 0 0 0 0 0 0 0 0 0 0 0 0 0 0 0 0 0 0 0 0 0 0 0 0 0 0 0 0 0 0 0 0 0 0 0 0 0 0 0 0 0 0 0 0 0 0 0 0 0 0 0 0 0 0 0 0 0 0 0 0 0 0 0 0 0 0 0 0 0 0 0 0 0 0 0 0 0 0 0 0 0 0 0 0 0 0 0 0 0 0 0 0 0 0 0 0 0 0 0 0 0 0 0 0 0 0 0 0 0 0 0 0 0 0 0 0 0 0 0 0 0 0 0 0 0 0 0 0 0 0 0 0 0 0 0 0 0 0 0 0 0 0 0 0 0 0 0 0 0 0 0 0 0 0 0 0 0 0 0 0 0 0 0 0 0 0 0 0 0 0 0 0 0 0 0 0 0 0 0 0 0 0 0 0 0 0 0 0 0 0 0 0 0 0 0 0 0 0 0 0 0 0 0 0 0 0 0 0 0 0 0 0 0 0 0 0 0 0 0 0 0 0 0 0 0 0 0 0 0 0 0 0 0 0 0 0 0 0 0 0 0 0 0 0 0 0 0 0 0 0 0 0 0 0 0 0 0 0 0 0 0 0 0 0 0 0 0 0 0 0 0 0 0 0 0 0 0 0 0 0 0 0 0 0 0 0 0 0 0 0 0 0 0 0 0 0 0 0 0 0 0 0 0 0 0 0 0 0 0 0 0 0 0 0 0 0 0 0 0 0 0 0 0 0 0 0 0 0 0 0 0 0 0 0 0 0 0 0 0 0 0 0 0 0 0 0 0 0 0 0 0 0 0 0 0 0 0 0 0 0 0 0 0 0 0 0 0 0 0 0 0 0 0 0 0 0 0 0 0 0 0 0 0 0 0 0 0 0 0 0 0 0 0 0 0 0 0 0 0 0 0 0 0 0 0 0 0 0 0 0 0 0 0 0 0 0 0 0 0 0 0 0 0 0 0 0 0 0 0 0 0 0 0 0 0 0 0 0 0 0 0 0 0 0 0 0 0 0 0 0 0 0 0 0 0 0 0 0 0 0 0 0 0 0 0 0 0 0 0 0 0 0 0 0 0 0 0 0 0 0 0 0 0 0 0 0 0 0 0 0 0 0 0 0 0 0 0 0 0 0 0 0 0 0 0 0 0 0 0 0 0 0 0 0 0 0 0 0 0 0 0 0 0 0 0 0 0 0 0 0 0 0 0 0 0 0 0 0 0 0 0 0 0 0 0 0 0 0 0 0 0 0 0 0 0 0 0 0 0 0 0 0 0 0 0 0 0 0 0 0 0 0 0 0 0 0 0 0 0 0 0 0 0 0 0 0 0 0 0 0 0 0 0 0 0 0 0 0 0 0 0 0 0 0 0 0 0 0 0 0 0 0 0 0 0 0 0 0 0 0 0 0 0 0 0 0 0 0 0 0 0 0 0 0 0 0 0 0 0 0 0 0 0 0 0 0 0 0 0 0 0 0 0 0 0 0 0 0 0 0 0 0 0 0 0 0 0 0 0 0 0 0 0 0 0 0 0 0 0 0 0 0 0 0 0 0 0 0 0 0 0 0 0 0 0 0 0 0 0 0 0 0 0 0 0 0 0 0 0 0 0 0 0 0 0 0 0 0 0 0 0 0 0 0 0 0 0 0 0 0 0 0 0 0 0 0 0 0 0 0 0 0 0 0 0 0 0 0 0 0 0 0 0 0 0 0 0 0 0 0 0 0 0 0 0 0 0 0 0 0 0 0 0 0 0 0 0 0 0 0 0 0 0 0 0 0 0 0 0 0 0 0 0 0 0 0 0 0 0 0 0 0 0 0 0 0 0 0 0 0 0 0 0 0 0 0 0 0 0 0 0 0 0 0 0 0 0 0 0 0 0 0 0 0 0 0 0 0 0 0 0 0 0 0 0 0 0 0 0 0 0 0 0 0 0 0 0 0 0 0 0 0 0 0 0 0 0 0 0 0 0 0 0 0 0 0 0 0 0 0 0 0 0 0 0 0 0 0 0 0 0 0 0 0 0 0 0 0 0 0 0 0 0 0 0 0 0 0 0 0 0 0 0 0 0 0 0 0 0 0 0 0 0 0 0 0 0 0 0 0 0 0 0 0 0 0 0 0 0 0 0 0 0 0 0 0 0 0 0 0 0 0 0 0 0 0 0 0 0 0 0 0 0 0 0 0 0 0 0 0 0 0 0 0 0 0 0 0 0 0 0 0 0 0 0 0 0 0 0 0 0 0 0 0 0 0 0 0 0 0 0 0 0 0 0 0 0 0 0 0 0 0 0 0 0 0 0 0 0 0 0 0 0 0 0 0 0 0 0 0 0 0 0 0 0 0 0 0 0 0 0 0 0 0 0 0 0 0 0 0 0 0 0 0 0 0 0 0 0 0 0 0 0 0 0 0 0 0 0 0 0 0 0 0 0 0 0 0 0 0 0 0 0 0 0 0 0 0 0 0 0 0 0 0 0 0 0 0 0 0 0 0 0 0 0 0 0 0 0 0 0 0 0 0 0 0 0 0 0 0 0 0 0 0 0 0 0 0 0 0 0 0 0 0 0 0 0 0 0 0 0 0 0 0 0 0 0 0 0 0 0 0 0 0 0 0 0 0 0 0 0 0 0 0 0 0 0 0 0 0 0 0 0 0 0 0 0 0 0 0 0 0 0 0 0 0 0 0 0 0 0 0 0 0 0 0 0 0 0 0 0 0 0 0 0 0 0 0 0 0 0 0 0 0 0 0 0 0 0 0 0 0 0 0 0 0 0 0 0 0 0 0 0 0 0 0 0 0 0 0 0 0 0 0 0 0 0 0 0 0 0 0 0 0 0 0 0 0 0 0 0 0 0 0 0 0 0 0 0 0 0 0 0 0 0 0 0 0 0 0 0 0 0 0 0 0 0 0 0 0 0 0 0 0 0 0 0 0 0 0 0 0 0 0 0 0 0 0 0 0 0 0 0 0 0 0 0 0 0 0 0 0 0 0 0 0 0 0 0 0 0 0 0 0 0 0 0 0 0 0 0 0 0 0 0 0 0 0 0 0 0 0 0 0 0 0 0 0 0 0 0 0 0 0 0 0 0 0 0 0 0 0 0 0 0 0 0 0 0 0 0 0 0 0 0 0 0 0 0 0 0 0 0 0 0 0 0 0 0 0 0 0 0 0 0 0 0 0 0 0 0 0 0 0 0 0 0 0 0 0 0 0 0 0 0 0 0 0 0 0 0 0 0 0 0 0 0 0 0 0 0 0 0 0 0 0 0 0 0 0 0 0 0 0 0 0 0 0 0 0 0 0 0 0 0 0 0 0 0 0 0 0 0 0 0 0 0 0 0 0 0 0 0 0 0 0 0 0 0 0 0 0 0 0 0 0 0 0 0 0 0 0 0 0 0 0 0 0 0 0 0 0 0 0 0 0 0 0 0 0 0 0 0 0 0 0 0 0 0 0 0 0 0 0 0 0 0 0 0 0 0 0 0 0 0 0 0 0 0 0 0 0 0 0 0 0 0 0 0 0 0 0 0 0 0 0 0 0 0 0 0 0 0 0 0 0 0 0 0 0 0 0 0 0 0 0 0 0 0 0 0 0 0 0 0 0 0 0 0 0 0 0 0 0 0 0 0 0 0 0 0 0 0 0 0 0 0 0 0 0 0 0 0 0 0 0 0 0 0 0 0 0 0 0 0 0 0 0 0 0 0 0 0 0 0 0 0 0 0 0 0 0 0 0 0 0 0 0 0 0 0 0 0 0 0 0 0 0 0 0 0 0 0 0 0 0 0 0 0 0 0 0 0 0 0 0 0 0 0 0 0 0 0 0 0 0 0 0 0 0 0 0 0 0 0 0 0 0 0 0 0 0 0 0 0 0 0 0 0 0 0 0 0 0 0 0 0 0 0 0 0 0 0 0 0 0 0 0 0 0 0 0 0 0 0 0 0 0 0 0 0 0 0 0 0 0 0 0 0 0 0 0 0 0 0 0 0 0 0 0 0 0 0 0 0 0 0 0 0 0 0 0 0 0 0 0 0 0 0 0 0 0 0 0 0 0 0 0 0 0 0 0 0 0 0 0 0 0 0 0 0 0 0 0 0 0 0 0 0 0 0 0 0 0 0 0 0 0 0 0 0 0 0 0 0 0 0 0 0 0 0 0 0 0 0 0 0 0 0 0 0 0 0 0 0 0 0 0 0 0 0 0 0 0 0 0 0 0 0 0 0 0 0 0 0 0 0 0 0 0 0 0 0 0 0 0 0 0 0 0 0 0 0 0 0 0 0 0 0 0 0 0 0 0 0 0 0 0 0 0 0 0 0 0 0 0 0 0 0 0 0 0 0 0 0 0 0 0 0 0 0 0 0 0 0 0 0 0 0 0 0 0 0 0 0 0 0 0 0 0 0 0 0 0 0 0 0 0 0 0 0 0 0 0 0 0 0 0 0 0 0 0 0 0 0 0 0 0 0 0 0 0 0 0 0 0 0 0 0 0 0 0 0 0 0 0 0 0 0 0 0 0 0 0 0 0 0 0 0 0 0 0 0 0 0 0 0 0 0 0 0 0 0 0 0 0 0 0 0 0 0 0 0 0 0 0 0 0 0 0 0 0 0 0 0 0 0 0 0 0 0 0 0 0 0 0 0 0 0 0 0 0 0 0 0 0 0 0 0 0 0 0 0 0 0 0 0 0 0 0 0 0 0 0 0 0 0 0 0 0 0 0 0 0 0 0 0 0 0 0 0 0 0 0 0 0 0 0 0 0 0 0 0 0 0 0 0 0 0 0 0 0 0 0 0 0 0 0 0 0 0 0 0 0 0 0 0 0 0 0 0 0 0 0 0 0 0 0 0 0 0 0 0 0 0 0 0 0 0 0 0 0 0 0 0 0 0 0 0 0 0 0 0 0 0 0 0 0 0 0 0 0 0 0 0 0 0 0 0 0 0 0 0 0 0 0 0 0 0 0 0 0 0 0 0 0 0 0 0 0 0 0 0 0 0 0 0 0 0 0 0 0 0 0 0 0 0 0 0 0 0 0 0 0 0 0 0 0 0 0 0 0 0 0 0 0 0 0 0 0 0 0 0 0 0 0 0 0 0 0 0 0 0 0 0 0 0 0 0 0 0 0 0 0 0 0 0 0 0 0 0 0 0 0 0 0 0 0 0 0 0 0 0 0 0 0 0 0 0 0 0 0 0 0 0 0 0 0 0 0 0 0 0 0 0 0 0 0 0 0 0 0 0 0 0 0 0 0 0 0 0 0 0 0 0 0 0 0 0 0 0 0 0 0 0 0 0 0 0 0 0 0 0 0 0 0 0 0 0 0 0 0 0 0 0 0 0 0 0 0 0 0 0 0 0 0 0 0 0 0 0 0 0 0 0 0 0 0 0 0 0 0 0 0 0 0 0 0 0 0 0 0 0 0 0 0 0 0 0 0 0 0 0 0 0 0 0 0 0 0 0 0 0 0 0 0 0 0 0 0 0 0 0 0 0 0 0 0 0 0 0 0 0 0 0 0 0 0 0 0 0 0 0 0 0 0 0 0 0 0 0 0 0 0 0 0 0 0 0 0 0 0 0 0 0 0 0 0 0 0 0 0 0 0 0 0 0 0 0 0 0 0 0 0 0 0 0 0 0 0 0 0 0 0 0 0 0 0 0 0 0 0 0 0 0 0 0 0 0 0 0 0 0 0 0 0 0 0 0 0 0 0 0 0 0 0 0 0 0 0 0 0 0 0 0 0 0 0 0 0 0 0 0 0 0 0 0 0 0 0 0 0 0 0 0 0 0 0 0 0 0 0 0 0 0 0 0 0 0 0 0 0 0 0 0 0 0 0 0 0 0 0 0 0 0 0 0 0 0 0 0 0 0 0 0 0 0 0 0 0 0 0 0 0 0 0 0 0 0 0 0 0 0 0 0 0 0 0 0 0 0 0 0 0 0 0 0 0 0 0 0 0 0 0 0 0 0 0 0 0 0 0 0 0 0 0 0 0 0 0 0 0 0 0 0 0 0 0 0 0 0 0 0 0 0 0 0 0 0 0 0 0 0 0 0 0 0 0 0 0 0 0 0 0 0 0 0 0 0 0 0 0 0 0 0 0 0 0 0 0 0 0 0 0 0 0 0 0 0 0 0 0 0 0 0 0 0 0 0 0 0 0 0 0 0 0 0 0 0 0 0 0 0 0 0 0 0 0 0 0 0 0 0 0 0 0 0 0 0 0 0 0 0 0 0 0 0 0 0 0 0 0 0 0 0 0 0 0 0 0 0 0 0 0 0 0 0 0 0 0 0 0 0 0 0 0 0 0 0 0 0 0 0 0 0 0 0 0 0 0 0 0 0 0 0 0 0 0 0 0 0 0 0 0 0 0 0 0 0 0 0 0 0 0 0 0 0 0 0 0 0 0 0 0 0 0 0 0 0 0 0 0 0 0 0 0 0 0 0 0 0 0 0 0 0 0 0 0 0 0 0 0 0 0 0 0 0 0 0 0 0 0 0 0 0 0 0 0 0 0 0 0 0 0 0 0 0 0 0 0 0 0 0 0 0 0 0 0 0 0 0 0 0 0 0 0 0 0 0 0 0 0 0 0 0 0 0 0 0 0 0 0 0 0 0 0 0 0 0 0 0 0 0 0 0 0 0 0 0 0 0 0 0 0 0 0 0 0 0 0 0 0 0 0 0 0 0 0 0 0 0 0 0 0 0 0 0 0 0 0 0 0 0 0 0 0 0 0 0 0 0 0 0 0 0 0 0 0 0 0 0 0 0 0 0 0 0 0 0 0 0 0 0 0 0 0 0 0 0 0 0 0 0 0 0 0 0 0 0 0 0 0 0 0 0 0 0 0 0 0 0 0 0 0 0 0 0 0 0 0 0 0 0 0 0 0 0 0 0 0 0 0 0 0 0 0 0 0 0 0 0 0 0 0 0 0 0 0 0 0 0 0 0 0 0 0 0 0 0 0 0 0 0 0 0 0 0 0 0 0 0 0 0 0 0 0 0 0 0 0 0 0 0 0 0 0 0 0 0 0 0 0 0 0 0 0 0 0 0 0 0 0 0 0 0 0 0 0 0 0 0 0 0 0 0 0 0 0 0 0 0 0 0 0 0 0 0 0 0 0 0 0 0 0 0 0 0 0 0 0 0 0 0 0 0 0 0 0 0 0 0 0 0 0 0 0 0 0 0 0 0 0 0 0 0 0 0 0 0 0 0 0 0 0 0 0 0 0 0 0 0 0 0 0 0 0 0 0 0 0 0 0 0 0 0 0 0 0 0 0 0 0 0 0 0 0 0 0 0 0 0 0 0 0 0 0 0 0 0 0 0 0 0 0 0 0 0 0 0 0 0 0 0 0 0 0 0 0 0 0 0 0 0 0 0 0 0 0 0 0 0 0 0 0 0 0 0 0 0 0 0 0 0 0 0 0 0 0 0 0 0 0 0 0 0 0 0 0 0 0 0 0 0 0 0 0 0 0 0 0 0 0 0 0 0 0 0 0 0 0 0 0 0 0 0 0 0 0 0 0 0 0 0 0 0 0 0 0 0 0 0 0 0 0 0 0 0 0 0 0 0 0 0 0 0 0 0 0 0 0 0 0 0 0 0 0 0 0 0 0 0 0 0 0 0 0 0 0 0 0 0 0 0 0 0 0 0 0 0 0 0 0 0 0 0 0 0 0 0 0 0 0 0 0 0 0 0 0 0 0 0 0 0 0 0 0 0 0 0 0 0 0 0 0 0 0 0 0 0 0 0 0 0 0 0 0 0 0 0 0 0 0 0 0 0 0 0 0 0 0 0 0 0 0 0 0 0 0 0 0 0 0 0 0 0 0 0 0 0 0 0 0 0 0 0 0 0 0 0 0 0 0 0 0 0 0 0 0 0 0 0 0 0 0 0 0 0 0 0 0 0 0 0 0 0 0 0 0 0 0 0 0 0 0 0 0 0 0 0 0 0 0 0 0 0 0 0 0 0 0 0 0 0 0 0 0 0 0 0 0 0 0 0 0 0 0 0 0 0 0 0 0 0 0 0 0 0 0 0 0 0 0 0 0 0 0 0 0 0 0 0 0 0 0 0 0 0 0 0 0 0 0 0 0 0 0 0 0 0 0 0 0 0 0 0 0 0 0 0 0 0 0 0 0 0 0 0 0 0 0 0 0 0 0 0 0 0 0 0 0 0 0 0 0 0 0 0 0 0 0 0 0 0 0 0 0 0 0 0 0 0 0 0 0 0 0 0 0 0 0 0 0 0 0 0 0 0 0 0 0 0 0 0 0 0 0 0 0 0 0 0 0 0 0 0 0 0 0 0 0 0 0 0 0 0 0 0 0 0 0 0 0 0 0 0 0 0 0 0 0 0 0 0 0 0 0 0 0 0 0 0 0 0 0 0 0 0 0 0 0 0 0 0 0 0 0 0 0 0 0 0 0 0 0 0 0 0 0 0 0 0 0 0 0 0 0 0 0 0 0 0 0 0 0 0 0 0 0 0 0 0 0 0 0 0 0 0 0 0 0 0 0 0 0 0 0 0 0 0 0 0 0 0 0 0 0 0 0 0 0 0 0 0 0 0 0 0 0 0 0 0 0 0 0 0 0 0 0 0 0 0 0 0 0 0 0 0 0 0 0 0 0 0 0 0 0 0 0 0 0 0 0 0 0 0 0 0 0 0 0 0 0 0 0 0 0 0 0 0 0 0 0 0 0 0 0 0 0 0 0 0 0 0 0 0 0 0 0 0 0 0 0 0 0 0 0 0 0 0 0 0 0 0 0 0 0 0 0 0 0 0 0 0 0 0 0 0 0 0 0 0 0 0 0 0 0 0 0 0 0 0 0 0 0 0 0 0 0 0 0 0 0 0 0 0 0 0 0 0 0 0 0 0 0 0 0 0 0 0 0 0 0 0 0 0 0 0 0 0 0 0 0 0 0 0 0 0 0 0 0 0 0 0 0 0 0 0 0 0 0 0 0 0 0 0 0 0 0 0 0 0 0 0 0 0 0 0 0 0 0 0 0 0 0 0 0 0 0 0 0 0 0 0 0 0 0 0 0 0 0 0 0 0 0 0 0 0 0 0 0 0 0 0 0 0 0 0 0 0 0 0 0 0 0 0 0 0 0 0 0 0 0 0 0 0 0 0 0 0 0 0 0 0 0 0 0 0 0 0 0 0 0 0 0 0 0 0 0 0 0 0 0 0 0 0 0 0 0 0 0 0 0 0 0 0 0 0 0 0 0 0 0 0 0 0 0 0 0 0 0 0 0 0 0 0 0 0 0 0 0 0 0 0 0 0 0 0 0 0 0 0 0 0 0 0 0 0 0 0 0 0 0 0 0 0 0 0 0 0 0 0 0 0 0 0 0 0 0 0 0 0 0 0 0 0 0 0 0 0 0 0 0 0 0 0 0 0 0 0 0 0 0 0 0 0 0 0 0 0 0 0 0 0 0 0 0 0 0 0 0 0 0 0 0 0 0 0 0 0 0 0 0 0 0 0 0 0 0 0 0 0 0 0 0 0 0 0 0 0 0 0 0 0 0 0 0 0 0 0 0 0 0 0 0 0 0 0 0 0 0 0 0 0 0 0 0 0 0 0 0 0 0 0 0 0 0 0 0 0 0 0 0 0 0 0 0 0 0 0 0 0 0 0 0 0 0 0 0 0 0 0 0 0 0 0 0 0 0 0 0 0 0 0 0 0 0 0 0 0 0 0 0 0 0 0 0 0 0 0 0 0 0 0 0 0 0 0 0 0 0 0 0 0 0 0 0 0 0 0 0 0 0 0 0 0 0 0 0 0 0 0 0 0 0 0 0 0 0 0 0 0 0 0 0 0 0 0 0 0 0 0 0 0 0 0 0 0 0 0 0 0 0 0 0 0 0 0 0 0 0 0 0 0 0 0 0 0 0 0 0 0 0 0 0 0 0 0 0 0 0 0 0 0 0 0 0 0 0 0 0 0 0 0 0 0 0 0 0 0 0 0 0 0 0 0 0 0 0 0 0 0 0 0 0 0 0 0 0 0 0 0 0 0 0 0 0 0 0 0 0 0 0 0 0 0 0 0 0 0 0 0 0 0 0 0 0 0 0 0 0 0 0 0 0 0 0 0 0 0 0 0 0 0 0 0 0 0 0 0 0 0 0 0 0 0 0 0 0 0 0 0 0 0 0 0 0 0 0 0 0 0 0 0 0 0 0 0 0 0 0 0 0 0 0 0 0 0 0 0 0 0 0 0 0 0 0 0 0 0 0 0 0 0 0 0 0 0 0 0 0 0 0 0 0 0 0 0 0 0 0 0 0 0 0 0 0 0 0 0 0 0 0 0 0 0 0 0 0 0 0 0 0 0 0 0 0 0 0 0 0 0 0 0 0 0 0 0 0 0 0 0 0 0 0 0 0 0 0 0 0 0 0 0 0 0 0 0 0 0 0 0 0 0 0 0 0 0 0 0 0 0 0 0 0 0 0 0 0 0 0 0 0 0 0 0 0 0 0 0 0 0 0 0 0 0 0 0 0 0 0 0 0 0 0 0 0 0 0 0 0 0 0 0 0 0 0 0 0 0 0 0 0 0 0 0 0 0 0 0 0 0 0 0 0 0 0 0 0 0 0 0 0 0 0 0 0 0 0 0 0 0 0 0 0 0 0 0 0 0 0 0 0 0 0 0 0 0 0 0 0 0 0 0 0 0 0 0 0 0 0 0 0 0 0 0 0 0 0 0 0 0 0 0 0 0 0 0 0 0 0 0 0 0 0 0 0 0 0 0 0 0 0 0 0 0 0 0 0 0 0 0 0 0 0 0 0 0 0 0 0 0 0 0 0 0 0 0 0 0 0 0 0 0 0 0 0 0 0 0 0 0 0 0 0 0 0 0 0 0 0 0 0 0 0 0 0 0 0 0 0 0 0 0 0 0 0 0 0 0 0 0 0 0 0 0 0 0 0 0 0 0 0 0 0 0 0 0 0 0 0 0 0 0 0 0 0 0 0 0 0 0 0 0 0 0 0 0 0 0 0 0 0 0 0 0 0 0 0 0 0 0 0 0 0 0 0 0 0 0 0 0 0 0 0 0 0 0 0 0 0 0 0 0 0 0 0 0 0 0 0 0 0 0 0 0 0 0 0 0 0 0 0 0 0 0 0 0 0 0 0 0 0 0 0 0 0 0 0 0 0 0 0 0 0 0 0 0 0 0 0 0 0 0 0 0 0 0 0 0 0 0 0 0 0 0 0 0 0 0 0 0 0 0 0 0 0 0 0 0 0 0 0 0 0 0 0 0 0 0 0 0 0 0 0 0 0 0 0 0 0 0 0 0 0 0 0 0 0 0 0 0 0 0 0 0 0 0 0 0 0 0 0 0 0 0 0 0 0 0 0 0 0 0 0 0 0 0 0 0 0 0 0 0 0 0 0 0 0 0 0 0 0 0 0 0 0 0 0 0 0 0 0 0 0 0 0 0 0 0 0 0 0 0 0 0 0 0 0 0 0 0 0 0 0 0 0 0 0 0 0 0 0 0 0 0 0 0 0 0 0 0 0 0 0 0 0 0 0 0 0 0 0 0 0 0 0 0 0 0 0 0 0 0 0 0 0 0 0 0 0 0 0 0 0 0 0 0 0 0 0 0 0 0 0 0 0 0 0 0 0 0 0 0 0 0 0 0 0 0 0 0 0 0 0 0 0 0 0 0 0 0 0 0 0 0 0 0 0 0 0 0 0 0 0 0 0 0 0 0 0 0 0 0 0 0 0 0 0 0 0 0 0 0 0 0 0 0 0 0 0 0 0 0 0 0 0 0 0 0 0 0 0 0 0 0 0 0 0 0 0 0 0 0 0 0 0 0 0 0 0 0 0 0 0 0 0 0 0 0 0 0 0 0 0 0 0 0 0 0 0 0 0 0 0 0 0 0 0 0 0 0 0 0 0 0 0 0 0 0 0 0 0 0 0 0 0 0 0 0 0 0 0 0 0 0 0 0 0 0 0 0 0 0 0 0 0 0 0 0 0 0 0 0 0 0 0 0 0 0 0 0 0 0 0 0 0 0 0 0 0 0 0 0 0 0 0 0 0 0 0 0 0 0 0 0 0 0 0 0 0 0 0 0 0 0 0 0 0 0 0 0 0 0 0 0 0 0 0 0 0 0 0 0 0 0 0 0 0 0 0 0 0 0 0 0 0 0 0 0 0 0 0 0 0 0 0 0 0 0 0 0 0 0 0 0 0 0 0 0 0 0 0 0 0 0 0 0 0 0 0 0 0 0 0 0 0 0 0 0 0 0 0 0 0 0 0 0 0 0 0 0 0 0 0 0 0 0 0 0 0 0 0 0 0 0 0 0 0 0 0 0 0 0 0 0 0 0 0 0 0 0 0 0 0 0 0 0 0 0 0 0 0 0 0 0 0 0 0 0 0 0 0 0 0 0 0 0 0 0 0 0 0 0 0 0 0 0 0 0 0 0 0 0 0 0 0 0 0 0 0 0 0 0 0 0 0 0 0 0 0 0 0 0 0 0 0 0 0 0 0 0 0 0 0 0 0 0 0 0 0 0 0 0 0 0 0 0 0 0 0 0 0 0 0 0 0 0 0 0 0 0 0 0 0 0 0 0 0 0 0 0 0 0 0 0 0 0 0 0 0 0 0 0 0 0 0 0 0 0 0 0 0 0 0 0 0 0 0 0 0 0 0 0 0 0 0 0 0 0 0 0 0 0 0 0 0 0 0 0 0 0 0 0 0 0 0 0 0 0 0 0 0 0 0 0 0 0 0 0 0 0 0 0 0 0 0 0 0 0 0 0 0 0 0 0 0 0 0 0 0 0 0 0 0 0 0 0 0 0 0 0 0 0 0 0 0 0 0 0 0 0 0 0 0 0 0 0 0 0 0 0 0 0 0 0 0 0 0 0 0 0 0 0 0 0 0 0 0 0 0 0 0 0 0 0 0 0 0 0 0 0 0 0 0 0 0 0 0 0 0 0 0 0 0 0 0 0 0 0 0 0 0 0 0 0 0 0 0 0 0 0 0 0 0 0 0 0 0 0 0 0 0 0 0 0 0 0 0 0 0 0 0 0 0 0 0 0 0 0 0 0 0 0 0 0 0 0 0 0 0 0 0 0 0 0 0 0 0 0 0 0 0 0 0 0 0 0 0 0 0 0 0 0 0 0 0 0 0 0 0 0 0 0 0 0 0 0 0 0 0 0 0 0 0 0 0 0 0 0 0 0 0 0 0 0 0 0 0 0 0 0 0 0 0 0 0 0 0 0 0 0 0 0 0 0 0 0 0 0 0 0 0 0 0 0 0 0 0 0 0 0 0 0 0 0 0 0 0 0 0 0 0 0 0 0 0 0 0 0 0 0 0 0 0 0 0 0 0 0 0 0 0 0 0 0 0 0 0 0 0 0 0 0 0 0 0 0 0 0 0 0 0 0 0 0 0 0 0 0 0 0 0 0 0 0 0 0 0 0 0 0 0 0 0 0 0 0 0 0 0 0 0 0 0 0 0 0 0 0 0 0 0 0 0 0 0 0 0 0 0 0 0 0 0 0 0 0 0 0 0 0 0 0 0 0 0 0 0 0 0 0 0 0 0 0 0 0 0 0 0 0 0 0 0 0 0 0 0 0 0 0 0 0 0 0 0 0 0 0 0 0 0 0 0 0 0 0 0 0 0 0 0 0 0 0 0 0 0 0 0 0 0 0 0 0 0 0 0 0 0 0 0 0 0 0 0 0 0 0 0 0 0 0 0 0 0 0 0 0 0 0 0 0 0 0 0 0 0 0 0 0 0 0 0 0 0 0 0 0 0 0 0 0 0 0 0 0 0 0 0 0 0 0 0 0 0 0 0 0 0 0 0 0 0 0 0 0 0 0 0 0 0 0 0 0 0 0 0 0 0 0 0 0 0 0 0 0 0 0 0 0 0 0 0 0 0 0 0 0 0 0 0 0 0 0 0 0 0 0 0 0 0 0 0 0 0 0 0 0 0 0 0 0 0 0 0 0 0 0 0 0 0 0 0 0 0 0 0 0 0 0 0 0 0 0 0 0 0 0 0 0 0 0 0 0 0 0 0 0 0 0 0 0 0 0 0 0 0 0 0 0 0 0 0 0 0 0 0 0 0 0 0 0 0 0 0 0 0 0 0 0 0 0 0 0 0 0 0 0 0 0 0 0 0 0 0 0 0 0 0 0 0 0 0 0 0 0 0 0 0 0 0 0 0 0 0 0 0 0 0 0 0 0 0 0 0 0 0 0 0 0 0 0 0 0 0 0 0 0 0 0 0 0 0 0 0 0 0 0 0 0 0 0 0 0 0 0 0 0 0 0 0 0 0 0 0 0 0 0 0 0 0 0 0 0 0 0 0 0 0 0 0 0 0 0 0 0 0 0 0 0 0 0 0 0 0 0 0 0 0 0 0 0 0 0 0 0 0 0 0 0 0 0 0 0 0 0 0 0 0 0 0 0 0 0 0 0 0 0 0 0 0 0 0 0 0 0 0 0 0 0 0 0 0 0 0 0 0 0 0 0 0 0 0 0 0 0 0 0 0 0 0 0 0 0 0 0 0 0 0 0 0 0 0 0 0 0 0 0 0 0 0 0 0 0 0 0 0 0 0 0 0 0 0 0 0 0 0 0 0 0 0 0 0 0 0 0 0 0 0 0 0 0 0 0 0 0 0 0 0 0 0 0 0 0 0 0 0 0 0 0 0 0 0 0 0 0 0 0 0 0 0 0 0 0 0 0 0 0 0 0 0 0 0 0 0 0 0 0 0 0 0 0 0 0 0 0 0 0 0 0 0 0 0 0 0 0 0 0 0 0 0 0 0 0 0 0 0 0 0 0 0 0 0 0 0 0 0 0 0 0 0 0 0 0 0 0 0 0 0 0 0 0 0 0 0 0 0 0 0 0 0 0 0 0 0 0 0 0 0 0 0 0 0 0 0 0 0 0 0 0 0 0 0 0 0 0 0 0 0 0 0 0 0 0 0 0 0 0 0 0 0 0 0 0 0 0 0 0 0 0 0 0 0 0 0 0 0 0 0 0 0 0 0 0 0 0 0 0 0 0 0 0 0 0 0 0 0 0 0 0 0 0 0 0 0 0 0 0 0 0 0 0 0 0 0 0 0 0 0 0 0 0 0 0 0 0 0 0 0 0 0 0 0 0 0 0 0 0 0 0 0 0 0 0 0 0 0 0 0 0 0 0 0 0 0 0 0 0 0 0 0 0 0 0 0 0 0 0 0 0 0 0 0 0 0 0 0 0 0 0 0 0 0 0 0 0 0 0 0 0 0 0 0 0 0 0 0 0 0 0 0 0 0 0 0 0 0 0 0 0 0 0 0 0 0 0 0 0 0 0 0 0 0 0 0 0 0 0 0 0 0 0 0 0 0 0 0 0 0 0 0 0 0 0 0 0 0 0 0 0 0 0 0 0 0 0 0 0 0 0 0 0 0 0 0 0 0 0 0 0 0 0 0 0 0 0 0 0 0 0 0 0 0 0 0 0 0 0 0 0 0 0 0 0 0 0 0 0 0 0 0 0 0 0 0 0 0 0 0 0 0 0 0 0 0 0 0 0 0 0 0 0 0 0 0 0 0 0 0 0 0 0 0 0 0 0 0 0 0 0 0 0 0 0 0 0 0 0 0 0 0 0 0 0 0 0 0 0 0 0 0 0 0 0 0 0 0 0 0 0 0 0 0 0 0 0 0 0 0 0 0 0 0 0 0 0 0 0 0 0 0 0 0 0 0 0 0 0 0 0 0 0 0 0 0 0 0 0 0 0 0 0 0 0 0 0 0 0 0 0 0 0 0 0 0 0 0 0 0 0 0 0 0 0 0 0 0 0 0 0 0 0 0 0 0 0 0 0 0 0 0 0 0 0 0 0 0 0 0 0 0 0 0 0 0 0 0 0 0 0 0 0 0 0 0 0 0 0 0 0 0 0 0 0 0 0 0 0 0 0 0 0 0 0 0 0 0 0 0 0 0 0 0 0 0 0 0 0 0 0 0 0 0 0 0 0 0 0 0 0 0 0 0 0 0 0 0 0 0 0 0 0 0 0 0 0 0 0 0 0 0 0 0 0 0 0 0 0 0 0 0 0 0 0 0 0 0 0 0 0 0 0 0 0 0 0 0 0 0 0 0 0 0 0 0 0 0 0 0 0 0 0 0 0 0 0 0 0 0 0 0 0 0 0 0 0 0 0 0 0 0 0 0 0 0 0 0 0 0 0 0 0 0 0 0 0 0 0 0 0 0 0 0 0 0 0 0 0 0 0 0 0 0 0 0 0 0 0 0 0 0 0 0 0 0 0 0 0 0 0 0 0 0 0 0 0 0 0 0 0 0 0 0 0 0 0 0 0 0 0 0 0 0 0 0 0 0 0 0 0 0 0 0 0 0 0 0 0 0 0 0 0 0 0 0 0 0 0 0 0 0 0 0 0 0 0 0 0 0 0 0 0 0 0 0 0 0 0 0 0 0 0 0 0 0 0 0 0 0 0 0 0 0 0 0 0 0 0 0 0 0 0 0 0 0 0 0 0 0 0 0 0 0 0 0 0 0 0 0 0 0 0 0 0 0 0 0 0 0 0 0 0 0 0 0 0 0 0 0 0 0 0 0 0 0 0 0 0 0 0 0 0 0 0 0 0 0 0 0 0 0 0 0 0 0 0 0 0 0 0 0 0 0 0 0 0 0 0 0 0 0 0 0 0 0 0 0 0 0 0 0 0 0 0 0 0 0 0 0 0 0 0 0 0 0 0 0 0 0 0 0 0 0 0 0 0 0 0 0 0 0 0 0 0 0 0 0 0 0 0 0 0 0 0 0 0 0 0 0 0 0 0 0 0 0 0 0 0 0 0 0 0 0 0 0 0 0 0 0 0 0 0 0 0 0 0 0 0 0 0 0 0 0 0 0 0 0 0 0 0 0 0 0 0 0 0 0 0 0 0 0 0 0 0 0 0 0 0 0 0 0 0 0 0 0 0 0 0 0 0 0 0 0 0 0 0 0 0 0 0 0 0 0 0 0 0 0 0 0 0 0 0 0 0 0 0 0 0 0 0 0 0 0 0 0 0 0 0 0 0 0 0 0 0 0 0 0 0 0 0 0 0 0 0 0 0 0 0 0 0 0 0 0 0 0 0 0 0 0 0 0 0 0 0 0 0 0 0 0 0 0 0 0 0 0 0 0 0 0 0 0 0 0 0 0 0 0 0 0 0 0 0 0 0 0 0 0 0 0 0 0 0 0 0 0 0 0 0 0 0 0 0 0 0 0 0 0 0 0 0 0 0 0 0 0 0 0 0 0 0 0 0 0 0 0 0 0 0 0 0 0 0 0 0 0 0 0 0 0 0 0 0 0 0 0 0 0 0 0 0 0 0 0 0 0 0 0 0 0 0 0 0 0 0 0 0 0 0 0 0 0 0 0 0 0 0 0 0 0 0 0 0 0 0 0 0 0 0 0 0 0 0 0 0 0 0 0 0 0 0 0 0 0 0 0 0 0 0 0 0 0 0 0 0 0 0 0 0 0 0 0 0 0 0 0 0 0 0 0 0 0 0 0 0 0 0 0 0 0 0 0 0 0 0 0 0 0 0 0 0 0 0 0 0 0 0 0 0 0 0 0 0 0 0 0 0 0 0 0 0 0 0 0 0 0 0 0 0 0 0 0 0 0 0 0 0 0 0 0 0 0 0 0 0 0 0 0 0 0 0 0 0 0 0 0 0 0 0 0 0 0 0 0 0 0 0 0 0 0 0 0 0 0 0 0 0 0 0 0 0 0 0 0 0 0 0 0 0 0 0 0 0 0 0 0 0 0 0 0 0 0 0 0 0 0 0 0 0 0 0 0 0 0 0 0 0 0 0 0 0 0 0 0 0 0 0 0 0 0 0 0 0 0 0 0 0 0 0 0 0 0 0 0 0 0 0 0 0 0 0 0 0 0 0 0 0 0 0 0 0 0 0 0 0 0 0 0 0 0 0 0 0 0 0 0 0 0 0 0 0 0 0 0 0 0 0 0 0 0 0 0 0 0 0 0 0 0 0 0 0 0 0 0 0 0 0 0 0 0 0 0 0 0 0 0 0 0 0 0 0 0 0 0 0 0 0 0 0 0 0 0 0 0 0 0 0 0 0 0 0 0 0 0 0 0 0 0 0 0 0 0 0 0 0 0 0 0 0 0 0 0 0 0 0 0 0 0 0 0 0 0 0 0 0 0 0 0 0 0 0 0 0 0 0 0 0 0 0 0 0 0 0 0 0 0 0 0 0 0 0 0 0 0 0 0 0 0 0 0 0 0 0 0 0 0 0 0 0 0 0 0 0 0 0 0 0 0 0 0 0 0 0 0 0 0 0 0 0 0 0 0 0 0 0 0 0 0 0 0 0 0 0 0 0 0 0 0 0 0 0 0 0 0 0 0 0 0 0 0 0 0 0 0 0 0 0 0 0 0 0 0 0 0 0 0 0 0 0 0 0 0 0 0 0 0 0 0 0 0 0 0 0 0 0 0 0 0 0 0 0 0 0 0 0 0 0 0 0 0 0 0 0 0 0 0 0 0 0 0 0 0 0 0 0 0 0 0 0 0 0 0 0 0 0 0 0 0 0 0 0 0 0 0 0 0 0 0 0 0 0 0 0 0 0 0 0 0 0 0 0 0 0 0 0 0 0 0 0 0 0 0 0 0 0 0 0 0 0 0 0 0 0 0 0 0 0 0 0 0 0 0 0 0 0 0 0 0 0 0 0 0 0 0 0 0 0 0 0 0 0 0 0 0 0 0 0 0 0 0 0 0 0 0 0 0 0 0 0 0 0 0 0 0 0 0 0 0 0 0 0 0 0 0 0 0 0 0 0 0 0 0 0 0 0 0 0 0 0 0 0 0 0 0 0 0 0 0 0 0 0 0 0 0 0 0 0 0 0 0 0 0 0 0 0 0 0 0 0 0 0 0 0 0 0 0 0 0 0 0 0 0 0 0 0 0 0 0 0 0 0 0 0 0 0 0 0 0 0 0 0 0 0 0 0 0 0 0 0 0 0 0 0 0 0 0 0 0 0 0 0 0 0 0 0 0 0 0 0 0 0 0 0 0 0 0 0 0 0 0 0 0 0 0 0 0 0 0 0 0 0 0 0 0 0 0 0 0 0 0 0 0 0 0 0 0 0 0 0 0 0 0 0 0 0 0 0 0 0 0 0 0 0 0 0 0 0 0 0 0 0 0 0 0 0 0 0 0 0 0 0 0 0 0 0 0 0 0 0 0 0 0 0 0 0 0 0 0 0 0 0 0 0 0 0 0 0 0 0 0 0 0 0 0 0 0 0 0 0 0 0 0 0 0 0 0 0 0 0 0 0 0 0 0 0 0 0 0 0 0 0 0 0 0 0 0 0 0 0 0 0 0 0 0 0 0 0 0 0 0 0 0 0 0 0 0 0 0 0 0 0 0 0 0 0 0 0 0 0 0 0 0 0 0 0 0 0 0 0 0 0 0 0 0 0 0 0 0 0 0 0 0 0 0 0 0 0 0 0 0 0 0 0 0 0 0 0 0 0 0 0 0 0 0 0 0 0 0 0 0 0 0 0 0 0 0 0 0 0 0 0 0 0 0 0 0 0 0 0 0 0 0 0 0 0 0 0 0 0 0 0 0 0 0 0 0 0 0 0 0 0 0 0 0 0 0 0 0 0 0 0 0 0 0 0 0 0 0 0 0 0 0 0 0 0 0 0 0 0 0 0 0 0 0 0 0 0 0 0 0 0 0 0 0 0 0 0 0 0 0 0 0 0 0 0 0 0 0 0 0 0 0 0 0 0 0 0 0 0 0 0 0 0 0 0 0 0 0 0 0 0 0 0 0 0 0 0 0 0 0 0 0 0 0 0 0 0 0 0 0 0 0 0 0 0 0 0 0 0 0 0 0 0 0 0 0 0 0 0 0 0 0 0 0 0 0 0 0 0 0 0 0 0 0 0 0 0 0 0 0 0 0 0 0 0 0 0 0 0 0 0 0 0 0 0 0 0 0 0 0 0 0 0 0 0 0 0 0 0 0 0 0 0 0 0 0 0 0 0 0 0 0 0 0 0 0 0 0 0 0 0 0 0 0 0 0 0 0 0 0 0 0 0 0 0 0 0 0 0 0 0 0 0 0 0 0 0 0 0 0 0 0 0 0 0 0 0 0 0 0 0 0 0 0 0 0 0 0 0 0 0 0 0 0 0 0 0 0 0 0 0 0 0 0 0 0 0 0 0 0 0 0 0 0 0 0 0 0 0 0 0 0 0 0 0 0 0 0 0 0 0 0 0 0 0 0 0 0 0 0 0 0 0 0 0 0 0 0 0 0 0 0 0 0 0 0 0 0 0 0 0 0 0 0 0 0 0 0 0 0 0 0 0 0 0 0 0 0 0 0 0 0 0 0 0 0 0 0 0 0 0 0 0 0 0 0 0 0 0 0 0 0 0 0 0 0 0 0 0 0 0 0 0 0 0 0 0 0 0 0 0 0 0 0 0 0 0 0 0 0 0 0 0 0 0 0 0 0 0 0 0 0 0 0 0 0 0 0 0 0 0 0 0 0 0 0 0 0 0 0 0 0 0 0 0 0 0 0 0 0 0 0 0 0 0 0 0 0 0 0 0 0 0 0 0 0 0 0 0 0 0 0 0 0 0 0 0 0 0 0 0 0 0 0 0 0 0 0 0 0 0 0 0 0 0 0 0 0 0 0 0 0 0 0 0 0 0 0 0 0 0 0 0 0 0 0 0 0 0 0 0 0 0 0 0 0 0 0 0 0 0 0 0 0 0 0 0 0 0 0 0 0 0 0 0 0 0 0 0 0 0 0 0 0 0 0 0 0 0 0 0 0 0 0 0 0 0 0 0 0 0 0 0 0 0 0 0 0 0 0 0 0 0 0 0 0 0 0 0 0 0 0 0 0 0 0 0 0 0 0 0 0 0 0 0 0 0 0 0 0 0 0 0 0 0 0 0 0 0 0 0 0 0 0 0 0 0 0 0 0 0 0 0 0 0 0 0 0 0 0 0 0 0 0 0 0 0 0 0 0 0 0 0 0 0 0 0 0 0 0 0 0 0 0 0 0 0 0 0 0 0 0 0 0 0 0 0 0 0 0 0 0 0 0 0 0 0 0 0 0 0 0 0 0 0 0 0 0 0 0 0 0 0 0 0 0 0 0 0 0 0 0 0 0 0 0 0 0 0 0 0 0 0 0 0 0 0 0 0 0 0 0 0 0 0 0 0 0 0 0 0 0 0 0 0 0 0 0 0 0 0 0 0 0 0 0 0 0 0 0 0 0 0 0 0 0 0 0 0 0 0 0 0 0 0 0 0 0 0 0 0 0 0 0 0 0 0 0 0 0 0 0 0 0 0 0 0 0 0 0 0 0 0 0 0 0 0 0 0 0 0 0 0 0 0 0 0 0 0 0 0 0 0 0 0 0 0 0 0 0 0 0 0 0 0 0 0 0 0 0 0 0 0 0 0 0 0 0 0 0 0 0 0 0 0 0 0 0 0 0 0 0 0 0 0 0 0 0 0 0 0 0 0 0 0 0 0 0 0 0 0 0 0 0 0 0 0 0 0 0 0 0 0 0 0 0 0 0 0 0 0 0 0 0 0 0 0 0 0 0 0 0 0 0 0 0 0 0 0 0 0 0 0 0 0 0 0 0 0 0 0 0 0 0 0 0 0 0 0 0 0 0 0 0 0 0 0 0 0 0 0 0 0 0 0 0 0 0 0 0 0 0 0 0 0 0 0 0 0 0 0 0 0 0 0 0 0 0 0 0 0 0 0 0 0 0 0 0 0 0 0 0 0 0 0 0 0 0 0 0 0 0 0 0 0 0 0 0 0 0 0 0 0 0 0 0 0 0 0 0 0 0 0 0 0 0 0 0 0 0 0 0 0 0 0 0 0 0 0 0 0 0 0 0 0 0 0 0 0 0 0 0 0 0 0 0 0 0 0 0 0 0 0 0 0 0 0 0 0 0 0 0 0 0 0 0 0 0 0 0 0 0 0 0 0 0 0 0 0 0 0 0 0 0 0 0 0 0 0 0 0 0 0 0 0 0 0 0 0 0 0 0 0 0 0 0 0 0 0 0 0 0 0 0 0 0 0 0 0 0 0 0 0 0 0 0 0 0 0 0 0 0 0 0 0 0 0 0 0 0 0 0 0 0 0 0 0 0 0 0 0 0 0 0 0 0 0 0 0 0 0 0 0 0 0 0 0 0 0 0 0 0 0 0 0 0 0 0 0 0 0 0 0 0 0 0 0 0 0 0 0 0 0 0 0 0 0 0 0 0 0 0 0 0 0 0 0 0 0 0 0 0 0 0 0 0 0 0 0 0 0 0 0 0 0 0 0 0 0 0 0 0 0 0 0 0 0 0 0 0 0 0 0 0 0 0 0 0 0 0 0 0 0 0 0 0 0 0 0 0 0 0 0 0 0 0 0 0 0 0 0 0 0 0 0 0 0 0 0 0 0 0 0 0 0 0 0 0 0 0 0 0 0 0 0 0 0 0 0 0 0 0 0 0 0 0 0 0 0 0 0 0 0 0 0 0 0 0 0 0 0 0 0 0 0 0 0 0 0 0 0 0 0 0 0 0 0 0 0 0 0 0 0 0 0 0 0 0 0 0 0 0 0 0 0 0 0 0 0 0 0 0 0 0 0 0 0 0 0 0 0 0 0 0 0 0 0 0 0 0 0 0 0 0 0 0 0 0 0 0 0 0 0 0 0 0 0 0 0 0 0 0 0 0 0 0 0 0 0 0 0 0 0 0 0 0 0 0 0 0 0 0 0 0 0 0 0 0 0 0 0 0 0 0 0 0 0 0 0 0 0 0 0 0 0 0 0 0 0 0 0 0 0 0 0 0 0 0 0 0 0 0 0 0 0 0 0 0 0 0 0 0 0 0 0 0 0 0 0 0 0 0 0 0 0 0 0 0 0 0 0 0 0 0 0 0 0 0 0 0 0 0 0 0 0 0 0 0 0 0 0 0 0 0 0 0 0 0 0 0 0 0 0 0 0 0 0 0 0 0 0 0 0 0 0 0 0 0 0 0 0 0 0 0 0 0 0 0 0 0 0 0 0 0 0 0 0 0 0 0 0 0 0 0 0 0 0 0 0 0 0 0 0 0 0 0 0 0 0 0 0 0 0 0 0 0 0 0 0 0 0 0 0 0 0 0 0 0 0 0 0 0 0 0 0 0 0 0 0 0 0 0 0 0 0 0 0 0 0 0 0 0 0 0 0 0 0 0 0 0 0 0 0 0 0 0 0 0 0 0 0 0 0 0 0 0 0 0 0 0 0 0 0 0 0 0 0 0 0 0 0 0 0 0 0 0 0 0 0 0 0 0 0 0 0 0 0 0 0 0 0 0 0 0 0 0 0 0 0 0 0 0 0 0 0 0 0 0 0 0 0 0 0 0 0 0 0 0 0 0 0 0 0 0 0 0 0 0 0 0 0 0 0 0 0 0 0 0 0 0 0 0 0 0 0 0 0 0 0 0 0 0 0 0 0 0 0 0 0 0 0 0 0 0 0 0 0 0 0 0 0 0 0 0 0 0 0 0 0 0 0 0 0 0 0 0 0 0 0 0 0 0 0 0 0 0 0 0 0 0 0 0 0 0 0 0 0 0 0 0 0 0 0 0 0 0 0 0 0 0 0 0 0 0 0 0 0 0 0 0 0 0 0 0 0 0 0 0 0 0 0 0 0 0 0 0 0 0 0 0 0 0 0 0 0 0 0 0 0 0 0 0 0 0 0 0 0 0 0 0 0 0 0 0 0 0 0 0 0 0 0 0 0 0 0 0 0 0 0 0 0 0 0 0 0 0 0 0 0 0 0 0 0 0 0 0 0 0 0 0 0 0 0 0 0 0 0 0 0 0 0 0 0 0 0 0 0 0 0 0 0 0 0 0 0 0 0 0 0 0 0 0 0 0 0 0 0 0 0 0 0 0 0 0 0 0 0 0 0 0 0 0 0 0 0 0 0 0 0 0 0 0 0 0 0 0 0 0 0 0 0 0 0 0 0 0 0 0 0 0 0 0 0 0 0 0 0 0 0 0 0 0 0 0 0 0 0 0 0 0 0 0 0 0 0 0 0 0 0 0 0 0 0 0 0 0 0 0 0 0 0 0 0 0 0 0 0 0 0 0 0 0 0 0 0 0 0 0 0 0 0 0 0 0 0 0 0 0 0 0 0 0 0 0 0 0 0 0 0 0 0 0 0 0 0 0 0 0 0 0 0 0 0 0 0 0 0 0 0 0 0 0 0 0 0 0 0 0 0 0 0 0 0 0 0 0 0 0 0 0 0 0 0 0 0 0 0 0 0 0 0 0 0 0 0 0 0 0 0 0 0 0 0 0 0 0 0 0 0 0 0 0 0 0 0 0 0 0 0 0 0 0 0 0 0 0 0 0 0 0 0 0 0 0 0 0 0 0 0 0 0 0 0 0 0 0 0 0 0 0 0 0 0 0 0 0 0 0 0 0 0 0 0 0 0 0</float_array>
          <technique_common>
            <accessor source="#RailsAntennaHolder-mesh-map-array" count="20664" stride="2">
              <param name="S" type="float" />
              <param name="T" type="float" />
            </accessor>
          </technique_common>
        </source>
        <vertices id="RailsAntennaHolder-mesh-vertices">
          <input semantic="POSITION" source="#RailsAntennaHolder-mesh-positions" />
        </vertices>
        <triangles material="RailsAntennaHolder-material" count="6888">
          <input semantic="VERTEX" source="#RailsAntennaHolder-mesh-vertices" offset="0" />
          <input semantic="NORMAL" source="#RailsAntennaHolder-mesh-normals" offset="1" />
          <input semantic="TEXCOORD" source="#RailsAntennaHolder-mesh-map" offset="2" set="0" />
          <p>0 0 0 1 0 1 2 0 2 3 1 3 1 1 4 0 1 5 2 2 6 1 2 7 4 2 8 5 3 9 1 3 10 3 3 11 6 4 12 7 4 13 8 4 14 9 5 15 7 5 16 10 5 17 11 6 18 7 6 19 6 6 20 4 7 21 7 7 22 11 7 23 10 8 24 7 8 25 1 8 26 1 9 27 7 9 28 4 9 29 8 10 30 7 10 31 9 10 32 12 11 33 13 11 34 14 11 35 15 12 36 16 12 37 17 12 38 18 13 39 19 13 40 3 13 41 19 14 42 5 14 43 3 14 44 9 15 45 20 15 46 8 15 47 20 16 48 21 16 49 8 16 50 22 17 51 23 17 52 24 17 53 14 18 54 23 18 55 22 18 56 13 19 57 23 19 58 14 19 59 25 20 60 26 20 61 27 20 62 16 21 63 26 21 64 25 21 65 28 22 66 26 22 67 15 22 68 24 23 69 26 23 70 28 23 71 15 24 72 26 24 73 16 24 74 23 25 75 26 25 76 24 25 77 29 26 78 30 26 79 13 26 80 13 27 81 30 27 82 23 27 83 27 28 84 31 28 85 32 28 86 30 29 87 31 29 88 23 29 89 23 30 90 31 30 91 26 30 92 26 31 93 31 31 94 27 31 95 33 32 96 34 32 97 29 32 98 29 33 99 34 33 100 30 33 101 32 34 102 35 34 103 36 34 104 31 35 105 35 35 106 32 35 107 30 36 108 35 36 109 31 36 110 34 37 111 35 37 112 30 37 113 2 38 114 4 38 115 33 38 116 33 39 117 4 39 118 34 39 119 36 40 120 11 40 121 6 40 122 35 41 123 11 41 124 36 41 125 4 42 126 11 42 127 34 42 128 34 43 129 11 43 130 35 43 131 10 44 132 1 44 133 5 44 134 37 45 135 38 45 136 39 45 137 40 46 138 41 46 139 42 46 140 43 47 141 44 47 142 45 47 143 46 48 144 44 48 145 43 48 146 47 49 147 44 49 148 46 49 149 48 50 150 44 50 151 47 50 152 49 51 153 44 51 154 48 51 155 50 52 156 44 52 157 49 52 158 18 53 159 51 53 160 19 53 161 52 54 162 44 54 163 50 54 164 19 55 165 51 55 166 5 55 167 53 56 168 44 56 169 52 56 170 54 57 171 44 57 172 53 57 173 55 58 174 44 58 175 54 58 176 56 59 177 44 59 178 55 59 179 57 60 180 44 60 181 56 60 182 38 61 183 44 61 184 57 61 185 58 62 186 59 62 187 37 62 188 37 63 189 59 63 190 38 63 191 60 64 192 61 64 193 62 64 194 42 65 195 61 65 196 60 65 197 45 66 198 63 66 199 64 66 200 64 67 201 63 67 202 65 67 203 65 68 204 63 68 205 59 68 206 38 69 207 63 69 208 44 69 209 59 70 210 63 70 211 38 70 212 44 71 213 63 71 214 45 71 215 41 72 216 66 72 217 42 72 218 42 73 219 66 73 220 61 73 221 67 74 222 68 74 223 40 74 224 69 75 225 68 75 226 67 75 227 10 76 228 70 76 229 9 76 230 9 77 231 70 77 232 20 77 233 20 78 234 70 78 235 21 78 236 62 79 237 71 79 238 72 79 239 61 80 240 71 80 241 62 80 242 66 81 243 73 81 244 61 81 245 61 82 246 73 82 247 71 82 248 68 83 249 74 83 250 40 83 251 40 84 252 74 84 253 41 84 254 71 85 255 75 85 256 72 85 257 72 86 258 75 86 259 58 86 260 58 87 261 75 87 262 59 87 263 59 88 264 75 88 265 65 88 266 71 89 267 76 89 268 75 89 269 75 90 270 76 90 271 65 90 272 73 91 273 76 91 274 71 91 275 41 92 276 77 92 277 66 92 278 74 93 279 77 93 280 41 93 281 78 94 282 79 94 283 69 94 284 69 95 285 79 95 286 68 95 287 66 96 288 80 96 289 73 96 290 77 97 291 80 97 292 66 97 293 68 98 294 81 98 295 74 98 296 79 99 297 81 99 298 68 99 299 65 100 300 82 100 301 83 100 302 83 101 303 82 101 304 80 101 305 76 102 306 82 102 307 65 102 308 73 103 309 82 103 310 76 103 311 80 104 312 82 104 313 73 104 314 74 105 315 84 105 316 77 105 317 81 106 318 84 106 319 74 106 320 84 107 321 85 107 322 77 107 323 83 108 324 85 108 325 86 108 326 80 109 327 85 109 328 83 109 329 77 110 330 85 110 331 80 110 332 87 111 333 88 111 334 78 111 335 78 112 336 88 112 337 79 112 338 79 113 339 88 113 340 81 113 341 88 114 342 89 114 343 81 114 344 81 115 345 89 115 346 84 115 347 85 116 348 90 116 349 86 116 350 89 117 351 90 117 352 84 117 353 84 118 354 90 118 355 85 118 356 91 119 357 92 119 358 87 119 359 87 120 360 92 120 361 88 120 362 91 121 363 93 121 364 92 121 365 92 122 366 93 122 367 88 122 368 22 123 369 93 123 370 91 123 371 88 124 372 93 124 373 89 124 374 93 125 375 94 125 376 89 125 377 89 126 378 94 126 379 90 126 380 22 127 381 94 127 382 93 127 383 24 128 384 94 128 385 22 128 386 90 129 387 94 129 388 86 129 389 94 130 390 95 130 391 86 130 392 24 131 393 95 131 394 94 131 395 86 132 396 95 132 397 17 132 398 17 133 399 95 133 400 15 133 401 15 134 402 95 134 403 28 134 404 28 135 405 95 135 406 24 135 407 12 136 408 14 136 409 91 136 410 14 137 411 22 137 412 91 137 413 96 138 414 97 138 415 51 138 416 98 139 417 97 139 418 96 139 419 99 140 420 100 140 421 98 140 422 97 141 423 100 141 424 51 141 425 98 142 426 100 142 427 97 142 428 51 143 429 100 143 430 5 143 431 100 144 432 101 144 433 5 144 434 99 145 435 101 145 436 100 145 437 5 146 438 101 146 439 10 146 440 70 147 441 101 147 442 99 147 443 10 148 444 101 148 445 70 148 446 102 149 447 103 149 448 98 149 449 103 150 450 104 150 451 98 150 452 98 151 453 105 151 454 99 151 455 104 152 456 105 152 457 98 152 458 102 153 459 106 153 460 103 153 461 107 154 462 106 154 463 102 154 464 105 155 465 108 155 466 99 155 467 106 156 468 109 156 469 103 156 470 103 157 471 109 157 472 104 157 473 104 158 474 110 158 475 105 158 476 109 159 477 110 159 478 104 159 479 111 160 480 112 160 481 107 160 482 107 161 483 112 161 484 106 161 485 105 162 486 113 162 487 108 162 488 110 163 489 113 163 490 105 163 491 112 164 492 114 164 493 106 164 494 106 165 495 114 165 496 109 165 497 108 166 498 115 166 499 99 166 500 113 167 501 115 167 502 108 167 503 116 168 504 115 168 505 113 168 506 99 169 507 115 169 508 116 169 509 114 170 510 117 170 511 109 170 512 109 171 513 117 171 514 110 171 515 111 172 516 118 172 517 112 172 518 119 173 519 118 173 520 111 173 521 120 174 522 118 174 523 119 174 524 117 175 525 121 175 526 110 175 527 110 176 528 121 176 529 113 176 530 113 177 531 121 177 532 116 177 533 112 178 534 122 178 535 114 178 536 118 179 537 122 179 538 112 179 539 120 180 540 122 180 541 118 180 542 122 181 543 123 181 544 114 181 545 114 182 546 123 182 547 117 182 548 117 183 549 124 183 550 121 183 551 123 184 552 124 184 553 117 184 554 120 185 555 125 185 556 122 185 557 124 186 558 126 186 559 121 186 560 120 187 561 127 187 562 125 187 563 128 188 564 127 188 565 120 188 566 125 189 567 129 189 568 122 189 569 122 190 570 129 190 571 123 190 572 126 191 573 130 191 574 121 191 575 121 192 576 130 192 577 116 192 578 116 193 579 130 193 580 131 193 581 127 194 582 132 194 583 125 194 584 129 195 585 133 195 586 123 195 587 123 196 588 133 196 589 124 196 590 124 197 591 134 197 592 126 197 593 133 198 594 134 198 595 124 198 596 132 199 597 135 199 598 125 199 599 125 200 600 135 200 601 129 200 602 128 201 603 136 201 604 127 201 605 137 202 606 136 202 607 128 202 608 134 203 609 138 203 610 126 203 611 130 204 612 138 204 613 131 204 614 126 205 615 138 205 616 130 205 617 135 206 618 139 206 619 129 206 620 129 207 621 139 207 622 133 207 623 136 208 624 140 208 625 127 208 626 127 209 627 140 209 628 132 209 629 141 210 630 142 210 631 143 210 632 144 211 633 142 211 634 141 211 635 145 212 636 142 212 637 144 212 638 146 213 639 142 213 640 145 213 641 147 214 642 142 214 643 146 214 644 148 215 645 142 215 646 147 215 647 149 216 648 142 216 649 148 216 650 150 217 651 142 217 652 149 217 653 151 218 654 142 218 655 150 218 656 152 219 657 142 219 658 151 219 659 153 220 660 142 220 661 152 220 662 131 221 663 142 221 664 153 221 665 143 222 666 142 222 667 154 222 668 154 223 669 142 223 670 138 223 671 138 224 672 142 224 673 131 224 674 133 225 675 155 225 676 134 225 677 139 226 678 155 226 679 133 226 680 140 227 681 156 227 682 132 227 683 132 228 684 156 228 685 135 228 686 137 229 687 157 229 688 136 229 689 158 230 690 157 230 691 137 230 692 154 231 693 159 231 694 160 231 695 134 232 696 159 232 697 138 232 698 160 233 699 159 233 700 155 233 701 155 234 702 159 234 703 134 234 704 138 235 705 159 235 706 154 235 707 156 236 708 161 236 709 135 236 710 135 237 711 161 237 712 139 237 713 136 238 714 162 238 715 140 238 716 157 239 717 162 239 718 136 239 719 155 240 720 163 240 721 160 240 722 139 241 723 163 241 724 155 241 725 161 242 726 163 242 727 139 242 728 140 243 729 164 243 730 156 243 731 162 244 732 164 244 733 140 244 734 165 245 735 166 245 736 167 245 737 158 246 738 166 246 739 157 246 740 167 247 741 166 247 742 158 247 743 160 248 744 168 248 745 169 248 746 163 249 747 168 249 748 160 249 749 164 250 750 168 250 751 156 250 752 161 251 753 168 251 754 163 251 755 156 252 756 168 252 757 161 252 758 157 253 759 170 253 760 162 253 761 166 254 762 170 254 763 157 254 764 162 255 765 171 255 766 164 255 767 170 256 768 171 256 769 162 256 770 165 257 771 172 257 772 166 257 773 173 258 774 172 258 775 165 258 776 164 259 777 174 259 778 168 259 779 168 260 780 174 260 781 169 260 782 171 261 783 174 261 784 164 261 785 172 262 786 175 262 787 166 262 788 166 263 789 175 263 790 170 263 791 170 264 792 176 264 793 171 264 794 175 265 795 176 265 796 170 265 797 177 266 798 178 266 799 173 266 800 173 267 801 178 267 802 172 267 803 169 268 804 179 268 805 180 268 806 174 269 807 179 269 808 169 269 809 171 270 810 179 270 811 174 270 812 176 271 813 179 271 814 171 271 815 172 272 816 181 272 817 175 272 818 178 273 819 181 273 820 172 273 821 175 274 822 182 274 823 176 274 824 181 275 825 182 275 826 175 275 827 183 276 828 184 276 829 177 276 830 177 277 831 184 277 832 178 277 833 182 278 834 185 278 835 176 278 836 179 279 837 185 279 838 180 279 839 176 280 840 185 280 841 179 280 842 184 281 843 186 281 844 178 281 845 183 282 846 186 282 847 184 282 848 178 283 849 186 283 850 181 283 851 181 284 852 187 284 853 182 284 854 186 285 855 187 285 856 181 285 857 187 286 858 188 286 859 182 286 860 182 287 861 188 287 862 185 287 863 183 288 864 189 288 865 186 288 866 183 289 867 60 289 868 189 289 869 190 290 870 60 290 871 183 290 872 185 291 873 39 291 874 180 291 875 188 292 876 39 292 877 185 292 878 180 293 879 39 293 880 57 293 881 186 294 882 191 294 883 187 294 884 189 295 885 191 295 886 186 295 887 60 296 888 62 296 889 189 296 890 189 297 891 62 297 892 191 297 893 187 298 894 192 298 895 188 298 896 191 299 897 192 299 898 187 299 899 191 300 900 72 300 901 192 300 902 62 301 903 72 301 904 191 301 905 67 302 906 40 302 907 190 302 908 188 303 909 37 303 910 39 303 911 192 304 912 37 304 913 188 304 914 190 305 915 42 305 916 60 305 917 40 306 918 42 306 919 190 306 920 72 307 921 58 307 922 192 307 923 192 308 924 58 308 925 37 308 926 39 309 927 38 309 928 57 309 929 193 310 930 194 310 931 195 310 932 196 311 933 197 311 934 198 311 935 199 312 936 194 312 937 55 312 938 195 313 939 194 313 940 199 313 941 55 314 942 194 314 943 200 314 944 201 315 945 202 315 946 203 315 947 200 316 948 204 316 949 205 316 950 206 317 951 204 317 952 193 317 953 194 318 954 204 318 955 200 318 956 203 319 957 202 319 958 207 319 959 193 320 960 204 320 961 194 320 962 208 321 963 209 321 964 198 321 965 205 322 966 209 322 967 208 322 968 198 323 969 209 323 970 196 323 971 210 324 972 211 324 973 201 324 974 212 325 975 209 325 976 206 325 977 204 326 978 209 326 979 205 326 980 196 327 981 209 327 982 212 327 983 206 328 984 209 328 985 204 328 986 201 329 987 211 329 988 202 329 989 207 330 990 213 330 991 214 330 992 202 331 993 213 331 994 207 331 995 215 332 996 216 332 997 210 332 998 210 333 999 216 333 1000 211 333 1001 211 334 1002 217 334 1003 202 334 1004 202 335 1005 217 335 1006 213 335 1007 214 336 1008 218 336 1009 219 336 1010 220 337 1011 221 337 1012 222 337 1013 213 338 1014 218 338 1015 214 338 1016 223 339 1017 224 339 1018 221 339 1019 222 340 1020 224 340 1021 215 340 1022 221 341 1023 224 341 1024 222 341 1025 215 342 1026 224 342 1027 216 342 1028 216 343 1029 225 343 1030 211 343 1031 211 344 1032 225 344 1033 217 344 1034 213 345 1035 226 345 1036 218 345 1037 217 346 1038 226 346 1039 213 346 1040 219 347 1041 227 347 1042 228 347 1043 218 348 1044 227 348 1045 219 348 1046 229 349 1047 230 349 1048 223 349 1049 216 350 1050 230 350 1051 225 350 1052 224 351 1053 230 351 1054 216 351 1055 223 352 1056 230 352 1057 224 352 1058 217 353 1059 231 353 1060 226 353 1061 225 354 1062 231 354 1063 217 354 1064 218 355 1065 232 355 1066 227 355 1067 226 356 1068 232 356 1069 218 356 1070 227 357 1071 195 357 1072 228 357 1073 233 358 1074 195 358 1075 64 358 1076 228 359 1077 195 359 1078 233 359 1079 64 360 1080 195 360 1081 45 360 1082 45 361 1083 195 361 1084 43 361 1085 43 362 1086 195 362 1087 46 362 1088 234 363 1089 235 363 1090 229 363 1091 225 364 1092 235 364 1093 231 364 1094 230 365 1095 235 365 1096 225 365 1097 229 366 1098 235 366 1099 230 366 1100 226 367 1101 236 367 1102 232 367 1103 231 368 1104 236 368 1105 226 368 1106 232 369 1107 193 369 1108 227 369 1109 227 370 1110 193 370 1111 195 370 1112 231 371 1113 237 371 1114 236 371 1115 238 372 1116 237 372 1117 234 372 1118 235 373 1119 237 373 1120 231 373 1121 234 374 1122 237 374 1123 235 374 1124 55 375 1125 200 375 1126 56 375 1127 56 376 1128 200 376 1129 57 376 1130 236 377 1131 206 377 1132 232 377 1133 232 378 1134 206 378 1135 193 378 1136 46 379 1137 199 379 1138 47 379 1139 47 380 1140 199 380 1141 48 380 1142 48 381 1143 199 381 1144 49 381 1145 49 382 1146 199 382 1147 50 382 1148 50 383 1149 199 383 1150 52 383 1151 52 384 1152 199 384 1153 53 384 1154 53 385 1155 199 385 1156 54 385 1157 54 386 1158 199 386 1159 55 386 1160 195 387 1161 199 387 1162 46 387 1163 196 388 1164 212 388 1165 238 388 1166 236 389 1167 212 389 1168 206 389 1169 238 390 1170 212 390 1171 237 390 1172 237 391 1173 212 391 1174 236 391 1175 29 392 1176 13 392 1177 239 392 1178 239 393 1179 13 393 1180 240 393 1181 13 394 1182 12 394 1183 240 394 1184 240 395 1185 12 395 1186 241 395 1187 242 396 1188 167 396 1189 243 396 1190 12 397 1191 91 397 1192 241 397 1193 241 398 1194 91 398 1195 244 398 1196 243 399 1197 158 399 1198 245 399 1199 167 400 1200 158 400 1201 243 400 1202 91 401 1203 87 401 1204 244 401 1205 244 402 1206 87 402 1207 246 402 1208 245 403 1209 137 403 1210 247 403 1211 158 404 1212 137 404 1213 245 404 1214 246 405 1215 78 405 1216 248 405 1217 87 406 1218 78 406 1219 246 406 1220 247 407 1221 128 407 1222 249 407 1223 137 408 1224 128 408 1225 247 408 1226 248 409 1227 69 409 1228 250 409 1229 249 410 1230 120 410 1231 251 410 1232 78 411 1233 69 411 1234 248 411 1235 128 412 1236 120 412 1237 249 412 1238 69 413 1239 67 413 1240 250 413 1241 250 414 1242 67 414 1243 252 414 1244 251 415 1245 119 415 1246 253 415 1247 120 416 1248 119 416 1249 251 416 1250 252 417 1251 190 417 1252 254 417 1253 254 418 1254 190 418 1255 255 418 1256 253 419 1257 111 419 1258 256 419 1259 119 420 1260 111 420 1261 253 420 1262 67 421 1263 190 421 1264 252 421 1265 111 422 1266 107 422 1267 256 422 1268 190 423 1269 183 423 1270 255 423 1271 255 424 1272 183 424 1273 257 424 1274 256 425 1275 102 425 1276 258 425 1277 258 426 1278 102 426 1279 259 426 1280 107 427 1281 102 427 1282 256 427 1283 257 428 1284 177 428 1285 260 428 1286 183 429 1287 177 429 1288 257 429 1289 102 430 1290 98 430 1291 259 430 1292 259 431 1293 98 431 1294 261 431 1295 260 432 1296 173 432 1297 262 432 1298 98 433 1299 96 433 1300 261 433 1301 177 434 1302 173 434 1303 260 434 1304 261 435 1305 96 435 1306 263 435 1307 262 436 1308 165 436 1309 264 436 1310 264 437 1311 165 437 1312 265 437 1313 173 438 1314 165 438 1315 262 438 1316 96 439 1317 51 439 1318 263 439 1319 265 440 1320 167 440 1321 242 440 1322 263 441 1323 51 441 1324 266 441 1325 165 442 1326 167 442 1327 265 442 1328 51 443 1329 18 443 1330 266 443 1331 266 444 1332 18 444 1333 267 444 1334 18 445 1335 3 445 1336 267 445 1337 267 446 1338 3 446 1339 268 446 1340 3 447 1341 0 447 1342 268 447 1343 268 448 1344 0 448 1345 269 448 1346 0 449 1347 2 449 1348 269 449 1349 269 450 1350 2 450 1351 270 450 1352 2 451 1353 33 451 1354 270 451 1355 270 452 1356 33 452 1357 271 452 1358 33 453 1359 29 453 1360 271 453 1361 271 454 1362 29 454 1363 239 454 1364 272 455 1365 273 455 1366 274 455 1367 272 456 1368 274 456 1369 275 456 1370 272 457 1371 275 457 1372 276 457 1373 272 458 1374 276 458 1375 277 458 1376 272 459 1377 278 459 1378 273 459 1379 272 460 1380 277 460 1381 279 460 1382 272 461 1383 279 461 1384 278 461 1385 280 462 1386 244 462 1387 246 462 1388 281 463 1389 282 463 1390 283 463 1391 284 464 1392 285 464 1393 240 464 1394 284 465 1395 240 465 1396 241 465 1397 286 466 1398 287 466 1399 285 466 1400 286 467 1401 285 467 1402 284 467 1403 288 468 1404 241 468 1405 244 468 1406 288 469 1407 284 469 1408 241 469 1409 288 470 1410 244 470 1411 280 470 1412 289 471 1413 290 471 1414 287 471 1415 289 472 1416 287 472 1417 286 472 1418 291 473 1419 280 473 1420 292 473 1421 291 474 1422 286 474 1423 284 474 1424 291 475 1425 288 475 1426 280 475 1427 291 476 1428 284 476 1429 288 476 1430 293 477 1431 294 477 1432 290 477 1433 293 478 1434 290 478 1435 289 478 1436 295 479 1437 292 479 1438 296 479 1439 295 480 1440 286 480 1441 291 480 1442 295 481 1443 289 481 1444 286 481 1445 295 482 1446 291 482 1447 292 482 1448 279 483 1449 297 483 1450 294 483 1451 279 484 1452 294 484 1453 293 484 1454 298 485 1455 296 485 1456 299 485 1457 298 486 1458 293 486 1459 289 486 1460 298 487 1461 289 487 1462 295 487 1463 298 488 1464 295 488 1465 296 488 1466 277 489 1467 283 489 1468 297 489 1469 277 490 1470 276 490 1471 281 490 1472 277 491 1473 281 491 1474 283 491 1475 277 492 1476 297 492 1477 279 492 1478 278 493 1479 299 493 1480 273 493 1481 278 494 1482 293 494 1483 298 494 1484 278 495 1485 298 495 1486 299 495 1487 278 496 1488 279 496 1489 293 496 1490 300 497 1491 301 497 1492 302 497 1493 303 498 1494 304 498 1495 305 498 1496 306 499 1497 307 499 1498 308 499 1499 309 500 1500 304 500 1501 303 500 1502 310 501 1503 311 501 1504 312 501 1505 308 502 1506 307 502 1507 313 502 1508 314 503 1509 311 503 1510 310 503 1511 305 504 1512 311 504 1513 314 504 1514 315 505 1515 316 505 1516 317 505 1517 304 506 1518 311 506 1519 305 506 1520 318 507 1521 316 507 1522 315 507 1523 239 508 1524 319 508 1525 271 508 1526 301 509 1527 316 509 1528 318 509 1529 271 510 1530 319 510 1531 320 510 1532 307 511 1533 321 511 1534 313 511 1535 313 512 1536 321 512 1537 322 512 1538 285 513 1539 319 513 1540 239 513 1541 322 514 1542 323 514 1543 300 514 1544 287 515 1545 324 515 1546 285 515 1547 320 516 1548 324 516 1549 325 516 1550 321 517 1551 323 517 1552 322 517 1553 270 518 1554 326 518 1555 269 518 1556 319 519 1557 324 519 1558 320 519 1559 269 520 1560 326 520 1561 306 520 1562 285 521 1563 324 521 1564 319 521 1565 267 522 1566 268 522 1567 327 522 1568 290 523 1569 328 523 1570 287 523 1571 324 524 1572 328 524 1573 325 524 1574 325 525 1575 328 525 1576 329 525 1577 323 526 1578 330 526 1579 300 526 1580 300 527 1581 330 527 1582 301 527 1583 331 528 1584 332 528 1585 333 528 1586 334 529 1587 332 529 1588 331 529 1589 287 530 1590 328 530 1591 324 530 1592 335 531 1593 332 531 1594 334 531 1595 336 532 1596 332 532 1597 335 532 1598 337 533 1599 332 533 1600 336 533 1601 294 534 1602 338 534 1603 290 534 1604 326 535 1605 339 535 1606 306 535 1607 329 536 1608 338 536 1609 309 536 1610 306 537 1611 339 537 1612 307 537 1613 328 538 1614 338 538 1615 329 538 1616 290 539 1617 338 539 1618 328 539 1619 330 540 1620 340 540 1621 301 540 1622 317 541 1623 340 541 1624 341 541 1625 297 542 1626 342 542 1627 294 542 1628 316 543 1629 340 543 1630 317 543 1631 301 544 1632 340 544 1633 316 544 1634 309 545 1635 342 545 1636 304 545 1637 294 546 1638 342 546 1639 338 546 1640 339 547 1641 343 547 1642 307 547 1643 338 548 1644 342 548 1645 309 548 1646 344 549 1647 345 549 1648 282 549 1649 312 550 1650 345 550 1651 344 550 1652 307 551 1653 343 551 1654 321 551 1655 282 552 1656 345 552 1657 283 552 1658 283 553 1659 345 553 1660 297 553 1661 311 554 1662 345 554 1663 312 554 1664 304 555 1665 345 555 1666 311 555 1667 297 556 1668 345 556 1669 342 556 1670 342 557 1671 345 557 1672 304 557 1673 343 558 1674 346 558 1675 321 558 1676 321 559 1677 346 559 1678 323 559 1679 323 560 1680 347 560 1681 330 560 1682 346 561 1683 347 561 1684 323 561 1685 340 562 1686 348 562 1687 341 562 1688 330 563 1689 348 563 1690 340 563 1691 347 564 1692 348 564 1693 330 564 1694 270 565 1695 349 565 1696 326 565 1697 349 566 1698 350 566 1699 326 566 1700 326 567 1701 350 567 1702 339 567 1703 240 568 1704 285 568 1705 239 568 1706 271 569 1707 351 569 1708 270 569 1709 270 570 1710 351 570 1711 349 570 1712 350 571 1713 352 571 1714 339 571 1715 339 572 1716 352 572 1717 343 572 1718 349 573 1719 353 573 1720 350 573 1721 351 574 1722 353 574 1723 349 574 1724 343 575 1725 354 575 1726 346 575 1727 352 576 1728 354 576 1729 343 576 1730 350 577 1731 355 577 1732 352 577 1733 268 578 1734 356 578 1735 327 578 1736 353 579 1737 355 579 1738 350 579 1739 327 580 1740 357 580 1741 337 580 1742 337 581 1743 357 581 1744 332 581 1745 346 582 1746 358 582 1747 347 582 1748 356 583 1749 357 583 1750 327 583 1751 354 584 1752 358 584 1753 346 584 1754 357 585 1755 359 585 1756 332 585 1757 352 586 1758 303 586 1759 354 586 1760 355 587 1761 303 587 1762 352 587 1763 359 588 1764 302 588 1765 332 588 1766 332 589 1767 318 589 1768 360 589 1769 348 590 1770 361 590 1771 341 590 1772 302 591 1773 318 591 1774 332 591 1775 341 592 1776 361 592 1777 310 592 1778 347 593 1779 361 593 1780 348 593 1781 360 594 1782 315 594 1783 317 594 1784 358 595 1785 361 595 1786 347 595 1787 318 596 1788 315 596 1789 360 596 1790 269 597 1791 308 597 1792 268 597 1793 268 598 1794 308 598 1795 356 598 1796 303 599 1797 305 599 1798 354 599 1799 354 600 1800 305 600 1801 358 600 1802 361 601 1803 314 601 1804 310 601 1805 358 602 1806 314 602 1807 361 602 1808 305 603 1809 314 603 1810 358 603 1811 271 604 1812 320 604 1813 351 604 1814 356 605 1815 313 605 1816 357 605 1817 308 606 1818 313 606 1819 356 606 1820 313 607 1821 322 607 1822 357 607 1823 357 608 1824 322 608 1825 359 608 1826 351 609 1827 325 609 1828 353 609 1829 320 610 1830 325 610 1831 351 610 1832 322 611 1833 300 611 1834 359 611 1835 353 612 1836 329 612 1837 355 612 1838 359 613 1839 300 613 1840 302 613 1841 269 614 1842 306 614 1843 308 614 1844 325 615 1845 329 615 1846 353 615 1847 355 616 1848 309 616 1849 303 616 1850 302 617 1851 301 617 1852 318 617 1853 329 618 1854 309 618 1855 355 618 1856 333 619 1857 362 619 1858 331 619 1859 363 620 1860 364 620 1861 365 620 1862 363 621 1863 365 621 1864 261 621 1865 363 622 1866 261 622 1867 263 622 1868 366 623 1869 367 623 1870 364 623 1871 366 624 1872 364 624 1873 363 624 1874 368 625 1875 263 625 1876 266 625 1877 368 626 1878 266 626 1879 267 626 1880 368 627 1881 267 627 1882 327 627 1883 368 628 1884 363 628 1885 263 628 1886 369 629 1887 370 629 1888 367 629 1889 369 630 1890 367 630 1891 366 630 1892 371 631 1893 327 631 1894 337 631 1895 371 632 1896 366 632 1897 363 632 1898 371 633 1899 363 633 1900 368 633 1901 371 634 1902 368 634 1903 327 634 1904 372 635 1905 370 635 1906 369 635 1907 373 636 1908 337 636 1909 336 636 1910 373 637 1911 371 637 1912 337 637 1913 373 638 1914 366 638 1915 371 638 1916 373 639 1917 369 639 1918 366 639 1919 374 640 1920 375 640 1921 376 640 1922 374 641 1923 376 641 1924 370 641 1925 374 642 1926 370 642 1927 372 642 1928 377 643 1929 336 643 1930 335 643 1931 377 644 1932 372 644 1933 369 644 1934 377 645 1935 369 645 1936 373 645 1937 377 646 1938 373 646 1939 336 646 1940 378 647 1941 379 647 1942 375 647 1943 378 648 1944 380 648 1945 379 648 1946 378 649 1947 375 649 1948 374 649 1949 381 650 1950 335 650 1951 334 650 1952 381 651 1953 374 651 1954 372 651 1955 381 652 1956 377 652 1957 335 652 1958 381 653 1959 372 653 1960 377 653 1961 382 654 1962 334 654 1963 331 654 1964 382 655 1965 362 655 1966 380 655 1967 382 656 1968 374 656 1969 381 656 1970 382 657 1971 381 657 1972 334 657 1973 382 658 1974 331 658 1975 362 658 1976 382 659 1977 380 659 1978 378 659 1979 382 660 1980 378 660 1981 374 660 1982 383 661 1983 384 661 1984 385 661 1985 383 662 1986 385 662 1987 386 662 1988 255 663 1989 387 663 1990 254 663 1991 388 664 1992 389 664 1993 390 664 1994 391 665 1995 392 665 1996 387 665 1997 391 666 1998 387 666 1999 255 666 2000 393 667 2001 394 667 2002 392 667 2003 393 668 2004 392 668 2005 391 668 2006 395 669 2007 255 669 2008 257 669 2009 395 670 2010 257 670 2011 260 670 2012 395 671 2013 260 671 2014 396 671 2015 395 672 2016 391 672 2017 255 672 2018 397 673 2019 398 673 2020 394 673 2021 397 674 2022 394 674 2023 393 674 2024 399 675 2025 396 675 2026 400 675 2027 399 676 2028 393 676 2029 391 676 2030 399 677 2031 395 677 2032 396 677 2033 399 678 2034 391 678 2035 395 678 2036 401 679 2037 402 679 2038 398 679 2039 401 680 2040 398 680 2041 397 680 2042 403 681 2043 400 681 2044 404 681 2045 403 682 2046 393 682 2047 399 682 2048 403 683 2049 397 683 2050 393 683 2051 403 684 2052 399 684 2053 400 684 2054 385 685 2055 405 685 2056 402 685 2057 385 686 2058 402 686 2059 401 686 2060 406 687 2061 404 687 2062 407 687 2063 406 688 2064 401 688 2065 397 688 2066 406 689 2067 397 689 2068 403 689 2069 406 690 2070 403 690 2071 404 690 2072 384 691 2073 408 691 2074 405 691 2075 384 692 2076 409 692 2077 408 692 2078 384 693 2079 405 693 2080 385 693 2081 386 694 2082 407 694 2083 410 694 2084 386 695 2085 401 695 2086 406 695 2087 386 696 2088 406 696 2089 407 696 2090 386 697 2091 385 697 2092 401 697 2093 383 698 2094 410 698 2095 390 698 2096 383 699 2097 389 699 2098 409 699 2099 383 700 2100 386 700 2101 410 700 2102 383 701 2103 390 701 2104 389 701 2105 383 702 2106 409 702 2107 384 702 2108 411 703 2109 412 703 2110 413 703 2111 414 704 2112 415 704 2113 416 704 2114 417 705 2115 418 705 2116 419 705 2117 420 706 2118 415 706 2119 414 706 2120 419 707 2121 418 707 2122 421 707 2123 422 708 2124 415 708 2125 420 708 2126 413 709 2127 415 709 2128 422 709 2129 415 710 2130 423 710 2131 416 710 2132 412 711 2133 423 711 2134 413 711 2135 424 712 2136 425 712 2137 426 712 2138 413 713 2139 423 713 2140 415 713 2141 247 714 2142 427 714 2143 245 714 2144 428 715 2145 427 715 2146 247 715 2147 426 716 2148 425 716 2149 429 716 2150 430 717 2151 427 717 2152 428 717 2153 418 718 2154 431 718 2155 421 718 2156 421 719 2157 431 719 2158 432 719 2159 245 720 2160 427 720 2161 433 720 2162 434 721 2163 435 721 2164 430 721 2165 436 722 2166 437 722 2167 438 722 2168 429 723 2169 437 723 2170 436 723 2171 433 724 2172 435 724 2173 439 724 2174 425 725 2175 437 725 2176 429 725 2177 430 726 2178 435 726 2179 427 726 2180 432 727 2181 440 727 2182 424 727 2183 260 728 2184 262 728 2185 396 728 2186 427 729 2187 435 729 2188 433 729 2189 441 730 2190 442 730 2191 434 730 2192 431 731 2193 440 731 2194 432 731 2195 439 732 2196 442 732 2197 443 732 2198 440 733 2199 444 733 2200 424 733 2201 424 734 2202 444 734 2203 425 734 2204 434 735 2205 442 735 2206 435 735 2207 435 736 2208 442 736 2209 439 736 2210 265 737 2211 445 737 2212 264 737 2213 400 738 2214 446 738 2215 404 738 2216 242 739 2217 445 739 2218 265 739 2219 404 740 2220 446 740 2221 407 740 2222 443 741 2223 447 741 2224 448 741 2225 407 742 2226 446 742 2227 410 742 2228 264 743 2229 445 743 2230 417 743 2231 410 744 2232 446 744 2233 390 744 2234 390 745 2235 446 745 2236 388 745 2237 442 746 2238 447 746 2239 443 746 2240 441 747 2241 447 747 2242 442 747 2243 449 748 2244 450 748 2245 441 748 2246 451 749 2247 452 749 2248 444 749 2249 444 750 2250 452 750 2251 425 750 2252 438 751 2253 452 751 2254 451 751 2255 448 752 2256 450 752 2257 412 752 2258 437 753 2259 452 753 2260 438 753 2261 425 754 2262 452 754 2263 437 754 2264 441 755 2265 450 755 2266 447 755 2267 447 756 2268 450 756 2269 448 756 2270 417 757 2271 453 757 2272 418 757 2273 416 758 2274 454 758 2275 455 758 2276 445 759 2277 453 759 2278 417 759 2279 456 760 2280 454 760 2281 449 760 2282 423 761 2283 454 761 2284 416 761 2285 412 762 2286 454 762 2287 423 762 2288 455 763 2289 454 763 2290 456 763 2291 449 764 2292 454 764 2293 450 764 2294 450 765 2295 454 765 2296 412 765 2297 453 766 2298 457 766 2299 418 766 2300 418 767 2301 457 767 2302 431 767 2303 457 768 2304 458 768 2305 431 768 2306 431 769 2307 458 769 2308 440 769 2309 444 770 2310 459 770 2311 451 770 2312 458 771 2313 459 771 2314 440 771 2315 440 772 2316 459 772 2317 444 772 2318 243 773 2319 460 773 2320 242 773 2321 242 774 2322 460 774 2323 445 774 2324 459 775 2325 461 775 2326 451 775 2327 451 776 2328 461 776 2329 414 776 2330 445 777 2331 462 777 2332 453 777 2333 460 778 2334 462 778 2335 445 778 2336 453 779 2337 463 779 2338 457 779 2339 462 780 2340 463 780 2341 453 780 2342 463 781 2343 464 781 2344 457 781 2345 457 782 2346 464 782 2347 458 782 2348 464 783 2349 422 783 2350 458 783 2351 458 784 2352 422 784 2353 459 784 2354 459 785 2355 420 785 2356 461 785 2357 461 786 2358 420 786 2359 414 786 2360 422 787 2361 420 787 2362 459 787 2363 456 788 2364 465 788 2365 455 788 2366 243 789 2367 466 789 2368 460 789 2369 262 790 2370 467 790 2371 396 790 2372 245 791 2373 433 791 2374 243 791 2375 396 792 2376 468 792 2377 400 792 2378 243 793 2379 433 793 2380 466 793 2381 467 794 2382 468 794 2383 396 794 2384 400 795 2385 468 795 2386 446 795 2387 460 796 2388 469 796 2389 462 796 2390 468 797 2391 470 797 2392 446 797 2393 466 798 2394 469 798 2395 460 798 2396 470 799 2397 426 799 2398 446 799 2399 433 800 2400 439 800 2401 466 800 2402 446 801 2403 429 801 2404 471 801 2405 466 802 2406 439 802 2407 469 802 2408 426 803 2409 429 803 2410 446 803 2411 471 804 2412 436 804 2413 438 804 2414 429 805 2415 436 805 2416 471 805 2417 462 806 2418 472 806 2419 463 806 2420 264 807 2421 419 807 2422 262 807 2423 469 808 2424 472 808 2425 462 808 2426 262 809 2427 419 809 2428 467 809 2429 439 810 2430 443 810 2431 469 810 2432 419 811 2433 421 811 2434 467 811 2435 469 812 2436 443 812 2437 472 812 2438 467 813 2439 421 813 2440 468 813 2441 472 814 2442 411 814 2443 463 814 2444 463 815 2445 411 815 2446 464 815 2447 468 816 2448 432 816 2449 470 816 2450 421 817 2451 432 817 2452 468 817 2453 443 818 2454 448 818 2455 472 818 2456 472 819 2457 448 819 2458 411 819 2459 264 820 2460 417 820 2461 419 820 2462 464 821 2463 413 821 2464 422 821 2465 411 822 2466 413 822 2467 464 822 2468 432 823 2469 424 823 2470 470 823 2471 448 824 2472 412 824 2473 411 824 2474 470 825 2475 424 825 2476 426 825 2477 473 826 2478 474 826 2479 475 826 2480 249 827 2481 428 827 2482 247 827 2483 476 828 2484 251 828 2485 253 828 2486 477 829 2487 465 829 2488 456 829 2489 478 830 2490 479 830 2491 480 830 2492 481 831 2493 428 831 2494 249 831 2495 482 832 2496 430 832 2497 428 832 2498 482 833 2499 428 833 2500 481 833 2501 483 834 2502 476 834 2503 484 834 2504 483 835 2505 249 835 2506 251 835 2507 483 836 2508 251 836 2509 476 836 2510 483 837 2511 481 837 2512 249 837 2513 485 838 2514 434 838 2515 430 838 2516 485 839 2517 430 839 2518 482 839 2519 486 840 2520 482 840 2521 481 840 2522 486 841 2523 483 841 2524 484 841 2525 486 842 2526 481 842 2527 483 842 2528 487 843 2529 441 843 2530 434 843 2531 487 844 2532 434 844 2533 485 844 2534 488 845 2535 484 845 2536 489 845 2537 488 846 2538 482 846 2539 486 846 2540 488 847 2541 485 847 2542 482 847 2543 488 848 2544 486 848 2545 484 848 2546 475 849 2547 449 849 2548 441 849 2549 475 850 2550 441 850 2551 487 850 2552 490 851 2553 489 851 2554 491 851 2555 490 852 2556 488 852 2557 489 852 2558 490 853 2559 487 853 2560 485 853 2561 490 854 2562 485 854 2563 488 854 2564 474 855 2565 456 855 2566 449 855 2567 474 856 2568 449 856 2569 475 856 2570 474 857 2571 477 857 2572 456 857 2573 492 858 2574 491 858 2575 493 858 2576 492 859 2577 493 859 2578 480 859 2579 492 860 2580 475 860 2581 487 860 2582 492 861 2583 490 861 2584 491 861 2585 492 862 2586 487 862 2587 490 862 2588 473 863 2589 479 863 2590 477 863 2591 473 864 2592 475 864 2593 492 864 2594 473 865 2595 477 865 2596 474 865 2597 473 866 2598 492 866 2599 480 866 2600 473 867 2601 480 867 2602 479 867 2603 494 868 2604 495 868 2605 496 868 2606 497 869 2607 495 869 2608 494 869 2609 498 870 2610 499 870 2611 500 870 2612 500 871 2613 499 871 2614 501 871 2615 496 872 2616 502 872 2617 498 872 2618 495 873 2619 502 873 2620 496 873 2621 499 874 2622 503 874 2623 501 874 2624 501 875 2625 503 875 2626 504 875 2627 498 876 2628 505 876 2629 499 876 2630 502 877 2631 505 877 2632 498 877 2633 503 878 2634 506 878 2635 504 878 2636 507 879 2637 506 879 2638 508 879 2639 509 880 2640 506 880 2641 507 880 2642 504 881 2643 506 881 2644 509 881 2645 505 882 2646 510 882 2647 499 882 2648 280 883 2649 511 883 2650 292 883 2651 292 884 2652 511 884 2653 296 884 2654 499 885 2655 510 885 2656 503 885 2657 296 886 2658 511 886 2659 299 886 2660 299 887 2661 511 887 2662 273 887 2663 503 888 2664 512 888 2665 506 888 2666 273 889 2667 511 889 2668 274 889 2669 510 890 2670 512 890 2671 503 890 2672 274 891 2673 511 891 2674 275 891 2675 508 892 2676 512 892 2677 513 892 2678 506 893 2679 512 893 2680 508 893 2681 252 894 2682 514 894 2683 250 894 2684 250 895 2685 514 895 2686 497 895 2687 514 896 2688 515 896 2689 497 896 2690 252 897 2691 515 897 2692 514 897 2693 497 898 2694 515 898 2695 495 898 2696 252 899 2697 516 899 2698 515 899 2699 515 900 2700 516 900 2701 495 900 2702 398 901 2703 516 901 2704 394 901 2705 394 902 2706 516 902 2707 252 902 2708 254 903 2709 387 903 2710 252 903 2711 495 904 2712 516 904 2713 502 904 2714 502 905 2715 517 905 2716 505 905 2717 402 906 2718 517 906 2719 398 906 2720 387 907 2721 392 907 2722 252 907 2723 398 908 2724 517 908 2725 516 908 2726 516 909 2727 517 909 2728 502 909 2729 392 910 2730 394 910 2731 252 910 2732 517 911 2733 518 911 2734 505 911 2735 405 912 2736 518 912 2737 402 912 2738 402 913 2739 518 913 2740 517 913 2741 505 914 2742 518 914 2743 510 914 2744 510 915 2745 519 915 2746 512 915 2747 512 916 2748 519 916 2749 513 916 2750 405 917 2751 519 917 2752 518 917 2753 518 918 2754 519 918 2755 510 918 2756 513 919 2757 519 919 2758 405 919 2759 405 920 2760 408 920 2761 513 920 2762 248 921 2763 520 921 2764 246 921 2765 246 922 2766 520 922 2767 280 922 2768 280 923 2769 520 923 2770 511 923 2771 520 924 2772 521 924 2773 511 924 2774 250 925 2775 522 925 2776 248 925 2777 248 926 2778 522 926 2779 520 926 2780 521 927 2781 523 927 2782 511 927 2783 520 928 2784 524 928 2785 521 928 2786 522 929 2787 524 929 2788 520 929 2789 523 930 2790 525 930 2791 511 930 2792 521 931 2793 500 931 2794 523 931 2795 524 932 2796 500 932 2797 521 932 2798 525 933 2799 526 933 2800 511 933 2801 523 934 2802 501 934 2803 525 934 2804 500 935 2805 501 935 2806 523 935 2807 511 936 2808 527 936 2809 507 936 2810 526 937 2811 527 937 2812 511 937 2813 501 938 2814 504 938 2815 525 938 2816 525 939 2817 504 939 2818 526 939 2819 527 940 2820 509 940 2821 507 940 2822 526 941 2823 509 941 2824 527 941 2825 504 942 2826 509 942 2827 526 942 2828 250 943 2829 494 943 2830 522 943 2831 522 944 2832 496 944 2833 524 944 2834 494 945 2835 496 945 2836 522 945 2837 250 946 2838 497 946 2839 494 946 2840 496 947 2841 498 947 2842 524 947 2843 524 948 2844 498 948 2845 500 948 2846 528 949 2847 529 949 2848 530 949 2849 531 950 2850 529 950 2851 528 950 2852 532 951 2853 533 951 2854 534 951 2855 535 952 2856 533 952 2857 532 952 2858 530 953 2859 536 953 2860 535 953 2861 529 954 2862 536 954 2863 530 954 2864 534 955 2865 537 955 2866 538 955 2867 533 956 2868 537 956 2869 534 956 2870 535 957 2871 539 957 2872 533 957 2873 253 958 2874 256 958 2875 476 958 2876 536 959 2877 539 959 2878 535 959 2879 537 960 2880 540 960 2881 538 960 2882 541 961 2883 540 961 2884 542 961 2885 543 962 2886 540 962 2887 541 962 2888 538 963 2889 540 963 2890 543 963 2891 533 964 2892 544 964 2893 537 964 2894 476 965 2895 545 965 2896 484 965 2897 484 966 2898 545 966 2899 489 966 2900 539 967 2901 544 967 2902 533 967 2903 489 968 2904 545 968 2905 491 968 2906 491 969 2907 545 969 2908 493 969 2909 540 970 2910 546 970 2911 542 970 2912 493 971 2913 545 971 2914 480 971 2915 542 972 2916 546 972 2917 547 972 2918 480 973 2919 545 973 2920 478 973 2921 537 974 2922 546 974 2923 540 974 2924 544 975 2925 546 975 2926 537 975 2927 259 976 2928 548 976 2929 258 976 2930 258 977 2931 548 977 2932 531 977 2933 548 978 2934 549 978 2935 531 978 2936 259 979 2937 549 979 2938 548 979 2939 531 980 2940 549 980 2941 529 980 2942 549 981 2943 550 981 2944 529 981 2945 259 982 2946 550 982 2947 549 982 2948 370 983 2949 550 983 2950 367 983 2951 529 984 2952 550 984 2953 536 984 2954 367 985 2955 550 985 2956 259 985 2957 261 986 2958 365 986 2959 259 986 2960 536 987 2961 551 987 2962 539 987 2963 550 988 2964 551 988 2965 536 988 2966 365 989 2967 364 989 2968 259 989 2969 376 990 2970 551 990 2971 370 990 2972 370 991 2973 551 991 2974 550 991 2975 539 992 2976 552 992 2977 544 992 2978 364 993 2979 367 993 2980 259 993 2981 375 994 2982 552 994 2983 376 994 2984 376 995 2985 552 995 2986 551 995 2987 551 996 2988 552 996 2989 539 996 2990 552 997 2991 553 997 2992 544 997 2993 544 998 2994 553 998 2995 546 998 2996 546 999 2997 553 999 2998 547 999 2999 375 1000 3000 553 1000 3001 552 1000 3002 547 1001 3003 553 1001 3004 375 1001 3005 375 1002 3006 379 1002 3007 547 1002 3008 256 1003 3009 554 1003 3010 476 1003 3011 476 1004 3012 554 1004 3013 545 1004 3014 554 1005 3015 555 1005 3016 545 1005 3017 258 1006 3018 556 1006 3019 256 1006 3020 256 1007 3021 556 1007 3022 554 1007 3023 555 1008 3024 557 1008 3025 545 1008 3026 554 1009 3027 558 1009 3028 555 1009 3029 556 1010 3030 558 1010 3031 554 1010 3032 557 1011 3033 559 1011 3034 545 1011 3035 555 1012 3036 532 1012 3037 557 1012 3038 558 1013 3039 532 1013 3040 555 1013 3041 559 1014 3042 560 1014 3043 545 1014 3044 532 1015 3045 534 1015 3046 557 1015 3047 557 1016 3048 534 1016 3049 559 1016 3050 545 1017 3051 561 1017 3052 541 1017 3053 560 1018 3054 561 1018 3055 545 1018 3056 559 1019 3057 538 1019 3058 560 1019 3059 534 1020 3060 538 1020 3061 559 1020 3062 561 1021 3063 543 1021 3064 541 1021 3065 560 1022 3066 543 1022 3067 561 1022 3068 538 1023 3069 543 1023 3070 560 1023 3071 258 1024 3072 528 1024 3073 556 1024 3074 556 1025 3075 530 1025 3076 558 1025 3077 528 1026 3078 530 1026 3079 556 1026 3080 258 1027 3081 531 1027 3082 528 1027 3083 558 1028 3084 535 1028 3085 532 1028 3086 530 1029 3087 535 1029 3088 558 1029 3089 562 1030 3090 282 1030 3091 563 1030 3092 344 1031 3093 282 1031 3094 562 1031 3095 564 1032 3096 333 1032 3097 332 1032 3098 312 1033 3099 562 1033 3100 565 1033 3101 312 1034 3102 344 1034 3103 562 1034 3104 310 1035 3105 312 1035 3106 565 1035 3107 566 1036 3108 310 1036 3109 565 1036 3110 567 1037 3111 360 1037 3112 317 1037 3113 567 1038 3114 332 1038 3115 360 1038 3116 567 1039 3117 564 1039 3118 332 1039 3119 568 1040 3120 317 1040 3121 341 1040 3122 568 1041 3123 567 1041 3124 317 1041 3125 569 1042 3126 341 1042 3127 310 1042 3128 569 1043 3129 566 1043 3130 570 1043 3131 569 1044 3132 310 1044 3133 566 1044 3134 569 1045 3135 568 1045 3136 341 1045 3137 571 1046 3138 570 1046 3139 572 1046 3140 571 1047 3141 569 1047 3142 570 1047 3143 573 1048 3144 572 1048 3145 574 1048 3146 573 1049 3147 571 1049 3148 572 1049 3149 575 1050 3150 574 1050 3151 576 1050 3152 575 1051 3153 573 1051 3154 574 1051 3155 577 1052 3156 575 1052 3157 576 1052 3158 563 1053 3159 276 1053 3160 275 1053 3161 281 1054 3162 276 1054 3163 563 1054 3164 282 1055 3165 281 1055 3166 563 1055 3167 578 1056 3168 579 1056 3169 580 1056 3170 578 1057 3171 580 1057 3172 581 1057 3173 582 1058 3174 581 1058 3175 583 1058 3176 582 1059 3177 578 1059 3178 581 1059 3179 584 1060 3180 583 1060 3181 585 1060 3182 584 1061 3183 582 1061 3184 583 1061 3185 586 1062 3186 585 1062 3187 587 1062 3188 586 1063 3189 584 1063 3190 585 1063 3191 507 1064 3192 588 1064 3193 589 1064 3194 508 1065 3195 588 1065 3196 507 1065 3197 511 1066 3198 589 1066 3199 563 1066 3200 511 1067 3201 507 1067 3202 589 1067 3203 590 1068 3204 587 1068 3205 588 1068 3206 590 1069 3207 586 1069 3208 587 1069 3209 590 1070 3210 588 1070 3211 508 1070 3212 275 1071 3213 511 1071 3214 563 1071 3215 591 1072 3216 508 1072 3217 513 1072 3218 591 1073 3219 590 1073 3220 508 1073 3221 408 1074 3222 591 1074 3223 513 1074 3224 592 1075 3225 591 1075 3226 408 1075 3227 409 1076 3228 389 1076 3229 592 1076 3230 388 1077 3231 592 1077 3232 389 1077 3233 408 1078 3234 409 1078 3235 592 1078 3236 593 1079 3237 594 1079 3238 595 1079 3239 596 1080 3240 595 1080 3241 597 1080 3242 596 1081 3243 593 1081 3244 595 1081 3245 598 1082 3246 597 1082 3247 599 1082 3248 598 1080 3249 596 1080 3250 597 1080 3251 600 1083 3252 599 1083 3253 601 1083 3254 600 1082 3255 598 1082 3256 599 1082 3257 451 1084 3258 601 1084 3259 602 1084 3260 603 1085 3261 600 1085 3262 601 1085 3263 414 1086 3264 601 1086 3265 451 1086 3266 414 1087 3267 603 1087 3268 601 1087 3269 438 1088 3270 602 1088 3271 604 1088 3272 438 1089 3273 451 1089 3274 602 1089 3275 471 1090 3276 438 1090 3277 604 1090 3278 446 1091 3279 604 1091 3280 592 1091 3281 446 1092 3282 471 1092 3283 604 1092 3284 605 1093 3285 414 1093 3286 416 1093 3287 605 1094 3288 603 1094 3289 414 1094 3290 388 1095 3291 446 1095 3292 592 1095 3293 606 1096 3294 416 1096 3295 455 1096 3296 606 1097 3297 605 1097 3298 416 1097 3299 465 1098 3300 606 1098 3301 455 1098 3302 607 1099 3303 606 1099 3304 465 1099 3305 607 1100 3306 465 1100 3307 477 1100 3308 479 1101 3309 607 1101 3310 477 1101 3311 478 1102 3312 607 1102 3313 479 1102 3314 564 1103 3315 362 1103 3316 333 1103 3317 564 1104 3318 380 1104 3319 362 1104 3320 564 1105 3321 379 1105 3322 380 1105 3323 608 1106 3324 609 1106 3325 610 1106 3326 611 1107 3327 612 1107 3328 613 1107 3329 614 1108 3330 615 1108 3331 616 1108 3332 614 1109 3333 617 1109 3334 615 1109 3335 618 1110 3336 619 1110 3337 620 1110 3338 610 1111 3339 619 1111 3340 618 1111 3341 621 1112 3342 619 1112 3343 609 1112 3344 609 1113 3345 619 1113 3346 610 1113 3347 622 1114 3348 623 1114 3349 611 1114 3350 620 1115 3351 623 1115 3352 622 1115 3353 619 1116 3354 623 1116 3355 620 1116 3356 611 1117 3357 623 1117 3358 612 1117 3359 624 1118 3360 625 1118 3361 621 1118 3362 621 1119 3363 625 1119 3364 619 1119 3365 626 1120 3366 627 1120 3367 628 1120 3368 612 1121 3369 627 1121 3370 626 1121 3371 623 1122 3372 627 1122 3373 612 1122 3374 625 1123 3375 629 1123 3376 619 1123 3377 619 1124 3378 629 1124 3379 623 1124 3380 630 1125 3381 631 1125 3382 624 1125 3383 624 1126 3384 631 1126 3385 625 1126 3386 628 1127 3387 632 1127 3388 633 1127 3389 627 1128 3390 632 1128 3391 628 1128 3392 629 1129 3393 632 1129 3394 623 1129 3395 623 1130 3396 632 1130 3397 627 1130 3398 631 1131 3399 634 1131 3400 625 1131 3401 625 1132 3402 634 1132 3403 629 1132 3404 630 1133 3405 635 1133 3406 631 1133 3407 633 1134 3408 636 1134 3409 637 1134 3410 637 1135 3411 636 1135 3412 634 1135 3413 629 1136 3414 636 1136 3415 632 1136 3416 634 1137 3417 636 1137 3418 629 1137 3419 632 1138 3420 636 1138 3421 633 1138 3422 637 1139 3423 638 1139 3424 639 1139 3425 634 1140 3426 638 1140 3427 637 1140 3428 631 1141 3429 638 1141 3430 634 1141 3431 635 1142 3432 638 1142 3433 631 1142 3434 640 1143 3435 641 1143 3436 630 1143 3437 616 1144 3438 641 1144 3439 640 1144 3440 615 1145 3441 641 1145 3442 616 1145 3443 630 1146 3444 641 1146 3445 635 1146 3446 639 1147 3447 642 1147 3448 615 1147 3449 638 1148 3450 642 1148 3451 639 1148 3452 615 1149 3453 642 1149 3454 641 1149 3455 635 1150 3456 642 1150 3457 638 1150 3458 641 1151 3459 642 1151 3460 635 1151 3461 643 1152 3462 644 1152 3463 645 1152 3464 646 1153 3465 647 1153 3466 648 1153 3467 650 1154 3468 649 1154 3469 651 1154 3470 652 1155 3471 653 1155 3472 654 1155 3473 645 1156 3474 653 1156 3475 652 1156 3476 644 1157 3477 653 1157 3478 645 1157 3479 655 1158 3480 656 1158 3481 646 1158 3482 654 1159 3483 656 1159 3484 655 1159 3485 647 1160 3486 656 1160 3487 657 1160 3488 653 1161 3489 656 1161 3490 654 1161 3491 646 1162 3492 656 1162 3493 647 1162 3494 658 1163 3495 659 1163 3496 644 1163 3497 644 1164 3498 659 1164 3499 653 1164 3500 657 1165 3501 660 1165 3502 661 1165 3503 659 1166 3504 660 1166 3505 653 1166 3506 656 1167 3507 660 1167 3508 657 1167 3509 653 1168 3510 660 1168 3511 656 1168 3512 662 1169 3513 663 1169 3514 658 1169 3515 658 1170 3516 663 1170 3517 659 1170 3518 661 1171 3519 664 1171 3520 665 1171 3521 660 1172 3522 664 1172 3523 661 1172 3524 663 1173 3525 664 1173 3526 659 1173 3527 659 1174 3528 664 1174 3529 660 1174 3530 666 1175 3531 667 1175 3532 662 1175 3533 662 1176 3534 667 1176 3535 663 1176 3536 665 1177 3537 668 1177 3538 669 1177 3539 663 1178 3540 668 1178 3541 664 1178 3542 667 1179 3543 668 1179 3544 663 1179 3545 664 1180 3546 668 1180 3547 665 1180 3548 670 1181 3549 671 1181 3550 666 1181 3551 672 1182 3552 671 1182 3553 670 1182 3554 650 1183 3555 671 1183 3556 672 1183 3557 666 1184 3558 671 1184 3559 667 1184 3560 651 1185 3561 671 1185 3562 650 1185 3563 669 1186 3564 673 1186 3565 651 1186 3566 667 1187 3567 673 1187 3568 668 1187 3569 668 1188 3570 673 1188 3571 669 1188 3572 651 1189 3573 673 1189 3574 671 1189 3575 671 1190 3576 673 1190 3577 667 1190 3578 674 1191 3579 675 1191 3580 676 1191 3581 677 1192 3582 678 1192 3583 679 1192 3584 681 1193 3585 680 1193 3586 682 1193 3587 683 1194 3588 684 1194 3589 685 1194 3590 676 1195 3591 684 1195 3592 683 1195 3593 675 1196 3594 684 1196 3595 676 1196 3596 686 1197 3597 687 1197 3598 677 1197 3599 685 1198 3600 687 1198 3601 686 1198 3602 678 1199 3603 687 1199 3604 688 1199 3605 684 1200 3606 687 1200 3607 685 1200 3608 677 1201 3609 687 1201 3610 678 1201 3611 689 1202 3612 690 1202 3613 675 1202 3614 675 1203 3615 690 1203 3616 684 1203 3617 688 1204 3618 691 1204 3619 692 1204 3620 690 1205 3621 691 1205 3622 684 1205 3623 687 1206 3624 691 1206 3625 688 1206 3626 684 1207 3627 691 1207 3628 687 1207 3629 693 1208 3630 694 1208 3631 689 1208 3632 689 1209 3633 694 1209 3634 690 1209 3635 692 1210 3636 695 1210 3637 696 1210 3638 691 1211 3639 695 1211 3640 692 1211 3641 694 1212 3642 695 1212 3643 690 1212 3644 690 1213 3645 695 1213 3646 691 1213 3647 697 1214 3648 698 1214 3649 693 1214 3650 693 1215 3651 698 1215 3652 694 1215 3653 696 1216 3654 699 1216 3655 700 1216 3656 694 1217 3657 699 1217 3658 695 1217 3659 698 1218 3660 699 1218 3661 694 1218 3662 695 1219 3663 699 1219 3664 696 1219 3665 701 1220 3666 702 1220 3667 697 1220 3668 703 1221 3669 702 1221 3670 701 1221 3671 681 1222 3672 702 1222 3673 703 1222 3674 697 1223 3675 702 1223 3676 698 1223 3677 682 1224 3678 702 1224 3679 681 1224 3680 700 1225 3681 704 1225 3682 682 1225 3683 698 1226 3684 704 1226 3685 699 1226 3686 699 1227 3687 704 1227 3688 700 1227 3689 682 1228 3690 704 1228 3691 702 1228 3692 702 1229 3693 704 1229 3694 698 1229 3695 705 1230 3696 706 1230 3697 707 1230 3698 708 1231 3699 706 1231 3700 705 1231 3701 709 1232 3702 706 1232 3703 710 1232 3704 710 1233 3705 706 1233 3706 708 1233 3707 711 1234 3708 712 1234 3709 713 1234 3710 714 1235 3711 712 1235 3712 711 1235 3713 715 1236 3714 716 1236 3715 717 1236 3716 707 1237 3717 718 1237 3718 719 1237 3719 706 1238 3720 718 1238 3721 707 1238 3722 713 1239 3723 718 1239 3724 709 1239 3725 709 1240 3726 718 1240 3727 706 1240 3728 720 1241 3729 721 1241 3730 722 1241 3731 722 1242 3732 721 1242 3733 714 1242 3734 719 1243 3735 723 1243 3736 724 1243 3737 712 1244 3738 723 1244 3739 713 1244 3740 713 1245 3741 723 1245 3742 718 1245 3743 718 1246 3744 723 1246 3745 719 1246 3746 714 1247 3747 725 1247 3748 712 1247 3749 721 1248 3750 725 1248 3751 714 1248 3752 726 1249 3753 727 1249 3754 720 1249 3755 728 1250 3756 727 1250 3757 726 1250 3758 729 1251 3759 727 1251 3760 728 1251 3761 720 1252 3762 727 1252 3763 721 1252 3764 724 1253 3765 730 1253 3766 731 1253 3767 723 1254 3768 730 1254 3769 724 1254 3770 712 1255 3771 730 1255 3772 723 1255 3773 732 1256 3774 733 1256 3775 734 1256 3776 725 1257 3777 730 1257 3778 712 1257 3779 729 1258 3780 735 1258 3781 727 1258 3782 721 1259 3783 735 1259 3784 725 1259 3785 727 1260 3786 735 1260 3787 721 1260 3788 736 1261 3789 737 1261 3790 729 1261 3791 731 1262 3792 737 1262 3793 736 1262 3794 730 1263 3795 737 1263 3796 731 1263 3797 729 1264 3798 737 1264 3799 735 1264 3800 725 1265 3801 737 1265 3802 730 1265 3803 735 1266 3804 737 1266 3805 725 1266 3806 738 1267 3807 739 1267 3808 740 1267 3809 717 1268 3810 739 1268 3811 738 1268 3812 741 1269 3813 739 1269 3814 716 1269 3815 716 1270 3816 739 1270 3817 717 1270 3818 742 1271 3819 743 1271 3820 741 1271 3821 741 1272 3822 743 1272 3823 739 1272 3824 744 1273 3825 710 1273 3826 745 1273 3827 740 1274 3828 710 1274 3829 744 1274 3830 739 1275 3831 710 1275 3832 740 1275 3833 746 1276 3834 711 1276 3835 742 1276 3836 742 1277 3837 711 1277 3838 743 1277 3839 739 1278 3840 709 1278 3841 710 1278 3842 743 1279 3843 709 1279 3844 739 1279 3845 745 1280 3846 708 1280 3847 732 1280 3848 733 1281 3849 708 1281 3850 705 1281 3851 732 1282 3852 708 1282 3853 733 1282 3854 710 1283 3855 708 1283 3856 745 1283 3857 722 1284 3858 714 1284 3859 746 1284 3860 746 1285 3861 714 1285 3862 711 1285 3863 711 1286 3864 713 1286 3865 743 1286 3866 743 1287 3867 713 1287 3868 709 1287 3869 747 1288 3870 748 1288 3871 749 1288 3872 750 1289 3873 751 1289 3874 752 1289 3875 753 1290 3876 752 1290 3877 754 1290 3878 753 1291 3879 754 1291 3880 755 1291 3881 756 1292 3882 757 1292 3883 758 1292 3884 753 1293 3885 755 1293 3886 759 1293 3887 756 1294 3888 758 1294 3889 760 1294 3890 761 1295 3891 762 1295 3892 763 1295 3893 764 1296 3894 765 1296 3895 766 1296 3896 761 1297 3897 767 1297 3898 762 1297 3899 764 1298 3900 760 1298 3901 765 1298 3902 768 1299 3903 763 1299 3904 769 1299 3905 770 1300 3906 766 1300 3907 771 1300 3908 768 1301 3909 769 1301 3910 772 1301 3911 770 1302 3912 771 1302 3913 748 1302 3914 773 1303 3915 774 1303 3916 750 1303 3917 773 1304 3918 772 1304 3919 774 1304 3920 775 1305 3921 776 1305 3922 777 1305 3923 778 1306 3924 748 1306 3925 747 1306 3926 775 1307 3927 777 1307 3928 779 1307 3929 775 1308 3930 779 1308 3931 767 1308 3932 778 1309 3933 770 1309 3934 748 1309 3935 775 1310 3936 767 1310 3937 761 1310 3938 780 1311 3939 759 1311 3940 781 1311 3941 782 1312 3942 783 1312 3943 784 1312 3944 780 1313 3945 752 1313 3946 753 1313 3947 782 1314 3948 784 1314 3949 757 1314 3950 780 1315 3951 750 1315 3952 752 1315 3953 782 1316 3954 757 1316 3955 756 1316 3956 780 1317 3957 753 1317 3958 759 1317 3959 785 1318 3960 760 1318 3961 764 1318 3962 786 1319 3963 763 1319 3964 768 1319 3965 786 1320 3966 761 1320 3967 763 1320 3968 785 1321 3969 756 1321 3970 760 1321 3971 787 1322 3972 788 1322 3973 789 1322 3974 787 1323 3975 747 1323 3976 788 1323 3977 790 1324 3978 768 1324 3979 772 1324 3980 790 1325 3981 772 1325 3982 773 1325 3983 791 1326 3984 781 1326 3985 792 1326 3986 791 1327 3987 780 1327 3988 781 1327 3989 793 1328 3990 766 1328 3991 770 1328 3992 791 1329 3993 773 1329 3994 750 1329 3995 791 1330 3996 750 1330 3997 780 1330 3998 793 1331 3999 764 1331 4000 766 1331 4001 794 1332 4002 795 1332 4003 776 1332 4004 794 1333 4005 776 1333 4006 775 1333 4007 794 1334 4008 775 1334 4009 761 1334 4010 796 1335 4011 770 1335 4012 778 1335 4013 796 1336 4014 793 1336 4015 770 1336 4016 794 1337 4017 761 1337 4018 786 1337 4019 797 1338 4020 786 1338 4021 768 1338 4022 798 1339 4023 799 1339 4024 783 1339 4025 797 1340 4026 768 1340 4027 790 1340 4028 798 1341 4029 783 1341 4030 782 1341 4031 798 1342 4032 782 1342 4033 756 1342 4034 798 1343 4035 756 1343 4036 785 1343 4037 800 1344 4038 792 1344 4039 801 1344 4040 800 1345 4041 791 1345 4042 792 1345 4043 759 1346 4044 755 1346 4045 802 1346 4046 800 1347 4047 790 1347 4048 773 1347 4049 800 1348 4050 773 1348 4051 791 1348 4052 803 1349 4053 795 1349 4054 794 1349 4055 803 1350 4056 804 1350 4057 805 1350 4058 803 1351 4059 805 1351 4060 795 1351 4061 806 1352 4062 778 1352 4063 747 1352 4064 806 1353 4065 747 1353 4066 787 1353 4067 803 1354 4068 794 1354 4069 786 1354 4070 803 1355 4071 786 1355 4072 797 1355 4073 807 1356 4074 801 1356 4075 808 1356 4076 809 1357 4077 785 1357 4078 764 1357 4079 807 1358 4080 797 1358 4081 790 1358 4082 807 1359 4083 790 1359 4084 800 1359 4085 809 1360 4086 764 1360 4087 793 1360 4088 807 1361 4089 800 1361 4090 801 1361 4091 751 1362 4092 789 1362 4093 810 1362 4094 811 1363 4095 808 1363 4096 812 1363 4097 811 1364 4098 804 1364 4099 803 1364 4100 811 1365 4101 807 1365 4102 808 1365 4103 751 1366 4104 787 1366 4105 789 1366 4106 811 1367 4107 803 1367 4108 797 1367 4109 811 1368 4110 797 1368 4111 807 1368 4112 811 1369 4113 812 1369 4114 804 1369 4115 762 1370 4116 809 1370 4117 793 1370 4118 762 1371 4119 793 1371 4120 796 1371 4121 769 1372 4122 778 1372 4123 806 1372 4124 769 1373 4125 796 1373 4126 778 1373 4127 813 1374 4128 799 1374 4129 798 1374 4130 813 1375 4131 798 1375 4132 785 1375 4133 813 1376 4134 785 1376 4135 809 1376 4136 774 1377 4137 787 1377 4138 751 1377 4139 774 1378 4140 806 1378 4141 787 1378 4142 814 1379 4143 804 1379 4144 812 1379 4145 815 1380 4146 816 1380 4147 817 1380 4148 815 1381 4149 817 1381 4150 818 1381 4151 752 1382 4152 810 1382 4153 754 1382 4154 765 1383 4155 819 1383 4156 816 1383 4157 752 1384 4158 751 1384 4159 810 1384 4160 767 1385 4161 813 1385 4162 809 1385 4163 765 1386 4164 816 1386 4165 815 1386 4166 767 1387 4167 809 1387 4168 762 1387 4169 771 1388 4170 818 1388 4171 820 1388 4172 821 1389 4173 777 1389 4174 799 1389 4175 771 1390 4176 820 1390 4177 749 1390 4178 771 1391 4179 815 1391 4180 818 1391 4181 821 1392 4182 799 1392 4183 813 1392 4184 763 1393 4185 796 1393 4186 769 1393 4187 763 1394 4188 762 1394 4189 796 1394 4190 760 1395 4191 758 1395 4192 819 1395 4193 760 1396 4194 819 1396 4195 765 1396 4196 772 1397 4197 769 1397 4198 806 1397 4199 772 1398 4200 806 1398 4201 774 1398 4202 766 1399 4203 815 1399 4204 771 1399 4205 766 1400 4206 765 1400 4207 815 1400 4208 779 1401 4209 777 1401 4210 821 1401 4211 779 1402 4212 813 1402 4213 767 1402 4214 779 1403 4215 821 1403 4216 813 1403 4217 748 1404 4218 771 1404 4219 749 1404 4220 750 1405 4221 774 1405 4222 751 1405 4223 747 1406 4224 749 1406 4225 788 1406 4226 822 1407 4227 823 1407 4228 824 1407 4229 825 1408 4230 707 1408 4231 719 1408 4232 825 1409 4233 719 1409 4234 826 1409 4235 827 1410 4236 824 1410 4237 828 1410 4238 827 1411 4239 828 1411 4240 829 1411 4241 830 1412 4242 826 1412 4243 831 1412 4244 830 1413 4245 831 1413 4246 822 1413 4247 832 1414 4248 833 1414 4249 834 1414 4250 832 1415 4251 834 1415 4252 812 1415 4253 832 1416 4254 829 1416 4255 833 1416 4256 835 1417 4257 705 1417 4258 707 1417 4259 835 1418 4260 733 1418 4261 705 1418 4262 835 1419 4263 836 1419 4264 733 1419 4265 835 1420 4266 707 1420 4267 825 1420 4268 837 1421 4269 822 1421 4270 824 1421 4271 837 1422 4272 824 1422 4273 827 1422 4274 838 1423 4275 826 1423 4276 830 1423 4277 838 1424 4278 825 1424 4279 826 1424 4280 839 1425 4281 812 1425 4282 808 1425 4283 839 1426 4284 832 1426 4285 812 1426 4286 839 1427 4287 827 1427 4288 829 1427 4289 839 1428 4290 829 1428 4291 832 1428 4292 812 1429 4293 834 1429 4294 814 1429 4295 840 1430 4296 822 1430 4297 837 1430 4298 840 1431 4299 830 1431 4300 822 1431 4301 836 1432 4302 734 1432 4303 733 1432 4304 841 1433 4305 842 1433 4306 836 1433 4307 841 1434 4308 836 1434 4309 835 1434 4310 841 1435 4311 835 1435 4312 825 1435 4313 841 1436 4314 825 1436 4315 838 1436 4316 843 1437 4317 808 1437 4318 801 1437 4319 843 1438 4320 837 1438 4321 827 1438 4322 843 1439 4323 839 1439 4324 808 1439 4325 843 1440 4326 827 1440 4327 839 1440 4328 844 1441 4329 838 1441 4330 830 1441 4331 844 1442 4332 830 1442 4333 840 1442 4334 845 1443 4335 837 1443 4336 843 1443 4337 845 1444 4338 801 1444 4339 792 1444 4340 845 1445 4341 840 1445 4342 837 1445 4343 845 1446 4344 843 1446 4345 801 1446 4346 846 1447 4347 841 1447 4348 838 1447 4349 846 1448 4350 847 1448 4351 842 1448 4352 846 1449 4353 842 1449 4354 841 1449 4355 846 1450 4356 838 1450 4357 844 1450 4358 848 1451 4359 844 1451 4360 840 1451 4361 848 1452 4362 845 1452 4363 792 1452 4364 848 1453 4365 792 1453 4366 781 1453 4367 802 1454 4368 849 1454 4369 759 1454 4370 848 1455 4371 840 1455 4372 845 1455 4373 850 1456 4374 736 1456 4375 729 1456 4376 851 1457 4377 847 1457 4378 846 1457 4379 851 1458 4380 846 1458 4381 844 1458 4382 851 1459 4383 848 1459 4384 781 1459 4385 851 1460 4386 781 1460 4387 759 1460 4388 850 1461 4389 729 1461 4390 852 1461 4391 851 1462 4392 849 1462 4393 847 1462 4394 851 1463 4395 844 1463 4396 848 1463 4397 851 1464 4398 759 1464 4399 849 1464 4400 823 1465 4401 731 1465 4402 736 1465 4403 823 1466 4404 736 1466 4405 850 1466 4406 828 1467 4407 852 1467 4408 853 1467 4409 828 1468 4410 850 1468 4411 852 1468 4412 831 1469 4413 724 1469 4414 731 1469 4415 831 1470 4416 731 1470 4417 823 1470 4418 824 1471 4419 823 1471 4420 850 1471 4421 824 1472 4422 850 1472 4423 828 1472 4424 826 1473 4425 719 1473 4426 724 1473 4427 826 1474 4428 724 1474 4429 831 1474 4430 829 1475 4431 853 1475 4432 833 1475 4433 829 1476 4434 828 1476 4435 853 1476 4436 822 1477 4437 831 1477 4438 823 1477 4439 715 1478 4440 679 1478 4441 678 1478 4442 716 1479 4443 678 1479 4444 688 1479 4445 716 1480 4446 715 1480 4447 678 1480 4448 741 1481 4449 688 1481 4450 692 1481 4451 741 1482 4452 716 1482 4453 688 1482 4454 742 1483 4455 692 1483 4456 696 1483 4457 742 1484 4458 741 1484 4459 692 1484 4460 746 1485 4461 742 1485 4462 696 1485 4463 722 1486 4464 696 1486 4465 700 1486 4466 722 1487 4467 746 1487 4468 696 1487 4469 720 1488 4470 700 1488 4471 682 1488 4472 720 1489 4473 722 1489 4474 700 1489 4475 726 1490 4476 720 1490 4477 682 1490 4478 728 1491 4479 682 1491 4480 680 1491 4481 728 1492 4482 726 1492 4483 682 1492 4484 729 1493 4485 728 1493 4486 680 1493 4487 854 1494 4488 855 1494 4489 856 1494 4490 854 1495 4491 857 1495 4492 855 1495 4493 858 1496 4494 657 1496 4495 661 1496 4496 858 1497 4497 859 1497 4498 657 1497 4499 858 1498 4500 856 1498 4501 860 1498 4502 858 1499 4503 860 1499 4504 859 1499 4505 861 1500 4506 862 1500 4507 863 1500 4508 861 1501 4509 863 1501 4510 864 1501 4511 861 1502 4512 864 1502 4513 865 1502 4514 861 1503 4515 865 1503 4516 866 1503 4517 867 1504 4518 866 1504 4519 868 1504 4520 867 1505 4521 868 1505 4522 869 1505 4523 870 1506 4524 869 1506 4525 857 1506 4526 870 1507 4527 857 1507 4528 854 1507 4529 871 1508 4530 661 1508 4531 665 1508 4532 871 1509 4533 858 1509 4534 661 1509 4535 871 1510 4536 854 1510 4537 856 1510 4538 871 1511 4539 856 1511 4540 858 1511 4541 872 1512 4542 873 1512 4543 862 1512 4544 872 1513 4545 862 1513 4546 861 1513 4547 872 1514 4548 866 1514 4549 867 1514 4550 872 1515 4551 861 1515 4552 866 1515 4553 874 1516 4554 867 1516 4555 869 1516 4556 874 1517 4557 869 1517 4558 870 1517 4559 875 1518 4560 665 1518 4561 669 1518 4562 875 1519 4563 871 1519 4564 665 1519 4565 875 1520 4566 870 1520 4567 854 1520 4568 875 1521 4569 854 1521 4570 871 1521 4571 876 1522 4572 877 1522 4573 873 1522 4574 876 1523 4575 873 1523 4576 872 1523 4577 876 1524 4578 872 1524 4579 867 1524 4580 876 1525 4581 867 1525 4582 874 1525 4583 878 1526 4584 680 1526 4585 681 1526 4586 879 1527 4587 875 1527 4588 669 1527 4589 879 1528 4590 874 1528 4591 870 1528 4592 879 1529 4593 870 1529 4594 875 1529 4595 880 1530 4596 669 1530 4597 651 1530 4598 880 1531 4599 881 1531 4600 877 1531 4601 880 1532 4602 879 1532 4603 669 1532 4604 880 1533 4605 651 1533 4606 881 1533 4607 880 1534 4608 877 1534 4609 876 1534 4610 880 1535 4611 876 1535 4612 874 1535 4613 880 1536 4614 874 1536 4615 879 1536 4616 647 1537 4617 882 1537 4618 648 1537 4619 649 1538 4620 881 1538 4621 651 1538 4622 883 1539 4623 675 1539 4624 674 1539 4625 883 1540 4626 674 1540 4627 884 1540 4628 885 1541 4629 689 1541 4630 675 1541 4631 885 1542 4632 675 1542 4633 883 1542 4634 886 1543 4635 883 1543 4636 884 1543 4637 886 1544 4638 884 1544 4639 887 1544 4640 888 1545 4641 689 1545 4642 885 1545 4643 888 1546 4644 693 1546 4645 689 1546 4646 889 1547 4647 883 1547 4648 886 1547 4649 889 1548 4650 885 1548 4651 883 1548 4652 890 1549 4653 887 1549 4654 891 1549 4655 890 1550 4656 886 1550 4657 887 1550 4658 892 1551 4659 697 1551 4660 693 1551 4661 892 1552 4662 693 1552 4663 888 1552 4664 893 1553 4665 885 1553 4666 889 1553 4667 893 1554 4668 888 1554 4669 885 1554 4670 894 1555 4671 889 1555 4672 886 1555 4673 894 1556 4674 886 1556 4675 890 1556 4676 895 1557 4677 891 1557 4678 896 1557 4679 895 1558 4680 890 1558 4681 891 1558 4682 897 1559 4683 701 1559 4684 697 1559 4685 897 1560 4686 697 1560 4687 892 1560 4688 898 1561 4689 892 1561 4690 888 1561 4691 898 1562 4692 888 1562 4693 893 1562 4694 899 1563 4695 889 1563 4696 894 1563 4697 899 1564 4698 893 1564 4699 889 1564 4700 900 1565 4701 894 1565 4702 890 1565 4703 900 1566 4704 890 1566 4705 895 1566 4706 901 1567 4707 703 1567 4708 701 1567 4709 901 1568 4710 681 1568 4711 703 1568 4712 901 1569 4713 878 1569 4714 681 1569 4715 901 1570 4716 701 1570 4717 897 1570 4718 902 1571 4719 896 1571 4720 903 1571 4721 902 1572 4722 895 1572 4723 896 1572 4724 904 1573 4725 897 1573 4726 892 1573 4727 904 1574 4728 892 1574 4729 898 1574 4730 905 1575 4731 893 1575 4732 899 1575 4733 905 1576 4734 898 1576 4735 893 1576 4736 906 1577 4737 899 1577 4738 894 1577 4739 906 1578 4740 894 1578 4741 900 1578 4742 907 1579 4743 900 1579 4744 895 1579 4745 907 1580 4746 895 1580 4747 902 1580 4748 908 1581 4749 897 1581 4750 904 1581 4751 908 1582 4752 909 1582 4753 878 1582 4754 908 1583 4755 901 1583 4756 897 1583 4757 908 1584 4758 878 1584 4759 901 1584 4760 910 1585 4761 903 1585 4762 911 1585 4763 910 1586 4764 902 1586 4765 903 1586 4766 912 1587 4767 898 1587 4768 905 1587 4769 912 1588 4770 904 1588 4771 898 1588 4772 913 1589 4773 899 1589 4774 906 1589 4775 913 1590 4776 905 1590 4777 899 1590 4778 914 1591 4779 900 1591 4780 907 1591 4781 914 1592 4782 906 1592 4783 900 1592 4784 915 1593 4785 902 1593 4786 910 1593 4787 915 1594 4788 907 1594 4789 902 1594 4790 916 1595 4791 917 1595 4792 909 1595 4793 916 1596 4794 908 1596 4795 904 1596 4796 916 1597 4797 904 1597 4798 912 1597 4799 916 1598 4800 909 1598 4801 908 1598 4802 918 1599 4803 910 1599 4804 911 1599 4805 918 1600 4806 911 1600 4807 919 1600 4808 920 1601 4809 905 1601 4810 913 1601 4811 920 1602 4812 912 1602 4813 905 1602 4814 921 1603 4815 913 1603 4816 906 1603 4817 921 1604 4818 906 1604 4819 914 1604 4820 922 1605 4821 914 1605 4822 907 1605 4823 922 1606 4824 907 1606 4825 915 1606 4826 923 1607 4827 910 1607 4828 918 1607 4829 923 1608 4830 915 1608 4831 910 1608 4832 924 1609 4833 925 1609 4834 917 1609 4835 924 1610 4836 916 1610 4837 912 1610 4838 924 1611 4839 912 1611 4840 920 1611 4841 924 1612 4842 917 1612 4843 916 1612 4844 926 1613 4845 919 1613 4846 927 1613 4847 926 1614 4848 918 1614 4849 919 1614 4850 928 1615 4851 920 1615 4852 913 1615 4853 928 1616 4854 913 1616 4855 921 1616 4856 929 1617 4857 921 1617 4858 914 1617 4859 929 1618 4860 914 1618 4861 922 1618 4862 930 1619 4863 922 1619 4864 915 1619 4865 930 1620 4866 915 1620 4867 923 1620 4868 931 1621 4869 923 1621 4870 918 1621 4871 931 1622 4872 918 1622 4873 926 1622 4874 932 1623 4875 920 1623 4876 928 1623 4877 932 1624 4878 933 1624 4879 925 1624 4880 932 1625 4881 925 1625 4882 924 1625 4883 932 1626 4884 924 1626 4885 920 1626 4886 934 1627 4887 926 1627 4888 927 1627 4889 934 1628 4890 927 1628 4891 935 1628 4892 936 1629 4893 921 1629 4894 929 1629 4895 936 1630 4896 928 1630 4897 921 1630 4898 937 1631 4899 929 1631 4900 922 1631 4901 937 1632 4902 922 1632 4903 930 1632 4904 938 1633 4905 930 1633 4906 923 1633 4907 938 1634 4908 923 1634 4909 931 1634 4910 939 1635 4911 926 1635 4912 934 1635 4913 939 1636 4914 931 1636 4915 926 1636 4916 940 1637 4917 933 1637 4918 932 1637 4919 940 1638 4920 941 1638 4921 933 1638 4922 940 1639 4923 928 1639 4924 936 1639 4925 940 1640 4926 932 1640 4927 928 1640 4928 942 1641 4929 934 1641 4930 935 1641 4931 942 1642 4932 935 1642 4933 943 1642 4934 944 1643 4935 929 1643 4936 937 1643 4937 944 1644 4938 936 1644 4939 929 1644 4940 945 1645 4941 937 1645 4942 930 1645 4943 945 1646 4944 930 1646 4945 938 1646 4946 946 1647 4947 938 1647 4948 931 1647 4949 946 1648 4950 931 1648 4951 939 1648 4952 947 1649 4953 939 1649 4954 934 1649 4955 947 1650 4956 934 1650 4957 942 1650 4958 948 1651 4959 940 1651 4960 936 1651 4961 948 1652 4962 949 1652 4963 941 1652 4964 948 1653 4965 936 1653 4966 944 1653 4967 948 1654 4968 941 1654 4969 940 1654 4970 950 1655 4971 942 1655 4972 943 1655 4973 950 1656 4974 943 1656 4975 951 1656 4976 952 1657 4977 944 1657 4978 937 1657 4979 952 1658 4980 937 1658 4981 945 1658 4982 953 1659 4983 945 1659 4984 938 1659 4985 953 1660 4986 938 1660 4987 946 1660 4988 954 1661 4989 946 1661 4990 939 1661 4991 954 1662 4992 939 1662 4993 947 1662 4994 955 1663 4995 942 1663 4996 950 1663 4997 955 1664 4998 947 1664 4999 942 1664 5000 956 1665 5001 957 1665 5002 949 1665 5003 956 1666 5004 949 1666 5005 948 1666 5006 956 1667 5007 948 1667 5008 944 1667 5009 956 1668 5010 944 1668 5011 952 1668 5012 958 1669 5013 951 1669 5014 959 1669 5015 958 1670 5016 950 1670 5017 951 1670 5018 960 1671 5019 952 1671 5020 945 1671 5021 960 1672 5022 945 1672 5023 953 1672 5024 961 1673 5025 953 1673 5026 946 1673 5027 961 1674 5028 946 1674 5029 954 1674 5030 962 1675 5031 954 1675 5032 947 1675 5033 962 1676 5034 947 1676 5035 955 1676 5036 963 1677 5037 955 1677 5038 950 1677 5039 963 1678 5040 950 1678 5041 958 1678 5042 964 1679 5043 965 1679 5044 957 1679 5045 964 1680 5046 957 1680 5047 956 1680 5048 964 1681 5049 956 1681 5050 952 1681 5051 964 1682 5052 952 1682 5053 960 1682 5054 966 1683 5055 959 1683 5056 967 1683 5057 966 1684 5058 958 1684 5059 959 1684 5060 968 1685 5061 960 1685 5062 953 1685 5063 968 1686 5064 953 1686 5065 961 1686 5066 969 1687 5067 961 1687 5068 954 1687 5069 969 1688 5070 954 1688 5071 962 1688 5072 970 1689 5073 962 1689 5074 955 1689 5075 970 1690 5076 955 1690 5077 963 1690 5078 971 1691 5079 963 1691 5080 958 1691 5081 971 1692 5082 958 1692 5083 966 1692 5084 972 1693 5085 964 1693 5086 960 1693 5087 972 1694 5088 973 1694 5089 965 1694 5090 972 1695 5091 960 1695 5092 968 1695 5093 972 1696 5094 965 1696 5095 964 1696 5096 974 1697 5097 966 1697 5098 967 1697 5099 974 1698 5100 967 1698 5101 975 1698 5102 976 1699 5103 968 1699 5104 961 1699 5105 976 1700 5106 961 1700 5107 969 1700 5108 977 1701 5109 962 1701 5110 970 1701 5111 977 1702 5112 969 1702 5113 962 1702 5114 978 1703 5115 963 1703 5116 971 1703 5117 978 1704 5118 970 1704 5119 963 1704 5120 979 1705 5121 971 1705 5122 966 1705 5123 979 1706 5124 966 1706 5125 974 1706 5126 980 1707 5127 972 1707 5128 968 1707 5129 980 1708 5130 981 1708 5131 973 1708 5132 980 1709 5133 968 1709 5134 976 1709 5135 980 1710 5136 973 1710 5137 972 1710 5138 982 1711 5139 974 1711 5140 975 1711 5141 982 1712 5142 975 1712 5143 983 1712 5144 984 1713 5145 976 1713 5146 969 1713 5147 984 1714 5148 969 1714 5149 977 1714 5150 985 1715 5151 977 1715 5152 970 1715 5153 985 1716 5154 970 1716 5155 978 1716 5156 986 1717 5157 978 1717 5158 971 1717 5159 986 1718 5160 971 1718 5161 979 1718 5162 855 1719 5163 974 1719 5164 982 1719 5165 855 1720 5166 979 1720 5167 974 1720 5168 987 1721 5169 980 1721 5170 976 1721 5171 987 1722 5172 988 1722 5173 981 1722 5174 987 1723 5175 981 1723 5176 980 1723 5177 987 1724 5178 976 1724 5179 984 1724 5180 860 1725 5181 982 1725 5182 983 1725 5183 860 1726 5184 983 1726 5185 989 1726 5186 865 1727 5187 977 1727 5188 985 1727 5189 865 1728 5190 984 1728 5191 977 1728 5192 868 1729 5193 985 1729 5194 978 1729 5195 868 1730 5196 978 1730 5197 986 1730 5198 857 1731 5199 986 1731 5200 979 1731 5201 857 1732 5202 979 1732 5203 855 1732 5204 856 1733 5205 855 1733 5206 982 1733 5207 856 1734 5208 982 1734 5209 860 1734 5210 864 1735 5211 863 1735 5212 988 1735 5213 864 1736 5214 988 1736 5215 987 1736 5216 864 1737 5217 987 1737 5218 984 1737 5219 864 1738 5220 984 1738 5221 865 1738 5222 859 1739 5223 647 1739 5224 657 1739 5225 859 1740 5226 882 1740 5227 647 1740 5228 859 1741 5229 860 1741 5230 989 1741 5231 859 1742 5232 989 1742 5233 882 1742 5234 866 1743 5235 985 1743 5236 868 1743 5237 866 1744 5238 865 1744 5239 985 1744 5240 869 1745 5241 986 1745 5242 857 1745 5243 869 1746 5244 868 1746 5245 986 1746 5246 617 1747 5247 649 1747 5248 650 1747 5249 615 1748 5250 650 1748 5251 672 1748 5252 615 1749 5253 617 1749 5254 650 1749 5255 639 1750 5256 670 1750 5257 666 1750 5258 639 1751 5259 672 1751 5260 670 1751 5261 639 1752 5262 615 1752 5263 672 1752 5264 637 1753 5265 666 1753 5266 662 1753 5267 637 1754 5268 639 1754 5269 666 1754 5270 633 1755 5271 637 1755 5272 662 1755 5273 628 1756 5274 662 1756 5275 658 1756 5276 628 1757 5277 633 1757 5278 662 1757 5279 626 1758 5280 658 1758 5281 644 1758 5282 626 1759 5283 628 1759 5284 658 1759 5285 612 1760 5286 644 1760 5287 643 1760 5288 612 1761 5289 626 1761 5290 644 1761 5291 613 1762 5292 612 1762 5293 643 1762 5294 990 1763 5295 991 1763 5296 992 1763 5297 993 1764 5298 994 1764 5299 995 1764 5300 996 1765 5301 997 1765 5302 998 1765 5303 999 1766 5304 1000 1766 5305 1001 1766 5306 999 1767 5307 1002 1767 5308 1000 1767 5309 999 1768 5310 1003 1768 5311 1002 1768 5312 1004 1769 5313 992 1769 5314 997 1769 5315 1004 1770 5316 990 1770 5317 992 1770 5318 1005 1771 5319 1006 1771 5320 1007 1771 5321 1008 1772 5322 630 1772 5323 624 1772 5324 1008 1773 5325 640 1773 5326 630 1773 5327 1005 1774 5328 1009 1774 5329 1006 1774 5330 1010 1775 5331 1011 1775 5332 1009 1775 5333 1010 1776 5334 1012 1776 5335 1011 1776 5336 1008 1777 5337 624 1777 5338 1013 1777 5339 1014 1778 5340 1013 1778 5341 1015 1778 5342 1016 1779 5343 1007 1779 5344 1017 1779 5345 1014 1780 5346 1015 1780 5347 990 1780 5348 1016 1781 5349 1017 1781 5350 1018 1781 5351 1019 1782 5352 998 1782 5353 1020 1782 5354 1021 1783 5355 995 1783 5356 1012 1783 5357 1021 1784 5358 993 1784 5359 995 1784 5360 1019 1785 5361 996 1785 5362 998 1785 5363 1022 1786 5364 1023 1786 5365 1003 1786 5366 1024 1787 5367 1004 1787 5368 997 1787 5369 1022 1788 5370 1001 1788 5371 993 1788 5372 1022 1789 5373 999 1789 5374 1001 1789 5375 1022 1790 5376 1003 1790 5377 999 1790 5378 1024 1791 5379 997 1791 5380 996 1791 5381 1025 1792 5382 1026 1792 5383 1027 1792 5384 1028 1793 5385 616 1793 5386 640 1793 5387 1025 1794 5388 1018 1794 5389 1026 1794 5390 1028 1795 5391 640 1795 5392 1008 1795 5393 1025 1796 5394 1027 1796 5395 1029 1796 5396 1030 1797 5397 1009 1797 5398 1005 1797 5399 1031 1798 5400 1019 1798 5401 1020 1798 5402 1030 1799 5403 1010 1799 5404 1009 1799 5405 1032 1800 5406 990 1800 5407 1004 1800 5408 1033 1801 5409 617 1801 5410 614 1801 5411 1034 1802 5412 1012 1802 5413 1010 1802 5414 1032 1803 5415 1014 1803 5416 990 1803 5417 1034 1804 5418 1021 1804 5419 1012 1804 5420 1035 1805 5421 1013 1805 5422 1014 1805 5423 1036 1806 5424 993 1806 5425 1021 1806 5426 1036 1807 5427 1023 1807 5428 1022 1807 5429 1036 1808 5430 1022 1808 5431 993 1808 5432 1035 1809 5433 1008 1809 5434 1013 1809 5435 1037 1810 5436 1007 1810 5437 1016 1810 5438 1038 1811 5439 1024 1811 5440 996 1811 5441 1038 1812 5442 996 1812 5443 1019 1812 5444 1037 1813 5445 1005 1813 5446 1007 1813 5447 1039 1814 5448 1040 1814 5449 1023 1814 5450 1039 1815 5451 1021 1815 5452 1034 1815 5453 1029 1816 5454 1027 1816 5455 1041 1816 5456 1039 1817 5457 1036 1817 5458 1021 1817 5459 1039 1818 5460 1023 1818 5461 1036 1818 5462 1042 1819 5463 1032 1819 5464 1004 1819 5465 1043 1820 5466 1029 1820 5467 1044 1820 5468 1043 1821 5469 1044 1821 5470 1045 1821 5471 1042 1822 5472 1004 1822 5473 1024 1822 5474 1043 1823 5475 1025 1823 5476 1029 1823 5477 1046 1824 5478 614 1824 5479 616 1824 5480 1043 1825 5481 1018 1825 5482 1025 1825 5483 1043 1826 5484 1016 1826 5485 1018 1826 5486 1046 1827 5487 1033 1827 5488 614 1827 5489 1046 1828 5490 616 1828 5491 1028 1828 5492 1017 1829 5493 1020 1829 5494 1047 1829 5495 1048 1830 5496 1010 1830 5497 1030 1830 5498 1048 1831 5499 1034 1831 5500 1010 1831 5501 1017 1832 5502 1031 1832 5503 1020 1832 5504 1049 1833 5505 1030 1833 5506 1005 1833 5507 1006 1834 5508 1038 1834 5509 1019 1834 5510 1049 1835 5511 1005 1835 5512 1037 1835 5513 1006 1836 5514 1019 1836 5515 1031 1836 5516 1050 1837 5517 1040 1837 5518 1039 1837 5519 1050 1838 5520 1039 1838 5521 1034 1838 5522 1050 1839 5523 1034 1839 5524 1048 1839 5525 994 1840 5526 1035 1840 5527 1014 1840 5528 1051 1841 5529 1045 1841 5530 1052 1841 5531 994 1842 5532 1014 1842 5533 1032 1842 5534 1051 1843 5535 1043 1843 5536 1045 1843 5537 1051 1844 5538 1037 1844 5539 1016 1844 5540 1000 1845 5541 1008 1845 5542 1035 1845 5543 1051 1846 5544 1016 1846 5545 1043 1846 5546 1053 1847 5547 1030 1847 5548 1049 1847 5549 1000 1848 5550 1028 1848 5551 1008 1848 5552 1053 1849 5553 1048 1849 5554 1030 1849 5555 1011 1850 5556 1042 1850 5557 1024 1850 5558 1054 1851 5559 1037 1851 5560 1051 1851 5561 1054 1852 5562 1051 1852 5563 1052 1852 5564 1011 1853 5565 1024 1853 5566 1038 1853 5567 1055 1854 5568 1056 1854 5569 1057 1854 5570 991 1855 5571 609 1855 5572 608 1855 5573 1054 1856 5574 1049 1856 5575 1037 1856 5576 995 1857 5577 994 1857 5578 1032 1857 5579 1058 1858 5580 1048 1858 5581 1053 1858 5582 991 1859 5583 608 1859 5584 1059 1859 5585 995 1860 5586 1032 1860 5587 1042 1860 5588 1058 1861 5589 1060 1861 5590 1040 1861 5591 1058 1862 5592 1040 1862 5593 1050 1862 5594 1058 1863 5595 1050 1863 5596 1048 1863 5597 1007 1864 5598 1006 1864 5599 1031 1864 5600 1061 1865 5601 1049 1865 5602 1054 1865 5603 1015 1866 5604 621 1866 5605 609 1866 5606 1061 1867 5607 1052 1867 5608 1062 1867 5609 1061 1868 5610 1053 1868 5611 1049 1868 5612 1061 1869 5613 1054 1869 5614 1052 1869 5615 1015 1870 5616 609 1870 5617 991 1870 5618 1007 1871 5619 1031 1871 5620 1017 1871 5621 1001 1872 5622 1035 1872 5623 994 1872 5624 1063 1873 5625 1060 1873 5626 1058 1873 5627 1063 1874 5628 1053 1874 5629 1061 1874 5630 992 1875 5631 1059 1875 5632 1064 1875 5633 1063 1876 5634 1062 1876 5635 1057 1876 5636 1063 1877 5637 1056 1877 5638 1060 1877 5639 1001 1878 5640 1000 1878 5641 1035 1878 5642 1063 1879 5643 1061 1879 5644 1062 1879 5645 1063 1880 5646 1057 1880 5647 1056 1880 5648 1009 1881 5649 1038 1881 5650 1006 1881 5651 992 1882 5652 991 1882 5653 1059 1882 5654 1063 1883 5655 1058 1883 5656 1053 1883 5657 1009 1884 5658 1011 1884 5659 1038 1884 5660 997 1885 5661 1064 1885 5662 998 1885 5663 1002 1886 5664 1033 1886 5665 1046 1886 5666 1002 1887 5667 1028 1887 5668 1000 1887 5669 1002 1888 5670 1003 1888 5671 1033 1888 5672 997 1889 5673 992 1889 5674 1064 1889 5675 1002 1890 5676 1046 1890 5677 1028 1890 5678 1013 1891 5679 624 1891 5680 621 1891 5681 1018 1892 5682 1047 1892 5683 1026 1892 5684 1013 1893 5685 621 1893 5686 1015 1893 5687 1018 1894 5688 1017 1894 5689 1047 1894 5690 1012 1895 5691 995 1895 5692 1042 1895 5693 1012 1896 5694 1042 1896 5695 1011 1896 5696 990 1897 5697 1015 1897 5698 991 1897 5699 993 1898 5700 1001 1898 5701 994 1898 5702 1065 1899 5703 1055 1899 5704 1057 1899 5705 1066 1900 5706 1057 1900 5707 1062 1900 5708 1066 1901 5709 1065 1901 5710 1057 1901 5711 1067 1902 5712 1062 1902 5713 1052 1902 5714 1067 1903 5715 1066 1903 5716 1062 1903 5717 1068 1904 5718 1052 1904 5719 1045 1904 5720 1068 1905 5721 1067 1905 5722 1052 1905 5723 1069 1906 5724 1045 1906 5725 1044 1906 5726 1069 1907 5727 1068 1907 5728 1045 1907 5729 1070 1908 5730 1044 1908 5731 1029 1908 5732 1070 1909 5733 1069 1909 5734 1044 1909 5735 1071 1910 5736 1029 1910 5737 1041 1910 5738 1071 1911 5739 1070 1911 5740 1029 1911 5741 576 1912 5742 1071 1912 5743 1041 1912 5744 1072 1913 5745 1073 1913 5746 1074 1913 5747 1068 1914 5748 1075 1914 5749 1067 1914 5750 1067 1915 5751 1075 1915 5752 1066 1915 5753 1076 1916 5754 1075 1916 5755 1077 1916 5756 1078 1917 5757 1075 1917 5758 1076 1917 5759 1077 1918 5760 1075 1918 5761 1079 1918 5762 1080 1919 5763 581 1919 5764 580 1919 5765 1066 1920 5766 1075 1920 5767 1078 1920 5768 1081 1921 5769 1082 1921 5770 1083 1921 5771 1083 1922 5772 1082 1922 5773 1073 1922 5774 588 1923 5775 1084 1923 5776 589 1923 5777 1074 1924 5778 1084 1924 5779 588 1924 5780 589 1925 5781 1084 1925 5782 562 1925 5783 1079 1926 5784 1085 1926 5785 1081 1926 5786 1081 1927 5787 1085 1927 5788 1082 1927 5789 562 1928 5790 1086 1928 5791 565 1928 5792 1073 1929 5793 1086 1929 5794 1074 1929 5795 1084 1930 5796 1086 1930 5797 562 1930 5798 1074 1931 5799 1086 1931 5800 1084 1931 5801 1070 1932 5802 1087 1932 5803 1069 1932 5804 1069 1933 5805 1087 1933 5806 1068 1933 5807 1075 1934 5808 1087 1934 5809 1079 1934 5810 1079 1935 5811 1087 1935 5812 1085 1935 5813 1068 1936 5814 1087 1936 5815 1075 1936 5816 566 1937 5817 1088 1937 5818 570 1937 5819 565 1938 5820 1088 1938 5821 566 1938 5822 1073 1939 5823 1088 1939 5824 1086 1939 5825 1086 1940 5826 1088 1940 5827 565 1940 5828 1082 1941 5829 1088 1941 5830 1073 1941 5831 1065 1942 5832 1066 1942 5833 1078 1942 5834 570 1943 5835 1089 1943 5836 572 1943 5837 1085 1944 5838 1089 1944 5839 1082 1944 5840 1088 1945 5841 1089 1945 5842 570 1945 5843 1082 1946 5844 1089 1946 5845 1088 1946 5846 572 1947 5847 1090 1947 5848 574 1947 5849 1071 1948 5850 1090 1948 5851 1070 1948 5852 1085 1949 5853 1090 1949 5854 1089 1949 5855 574 1950 5856 1090 1950 5857 1071 1950 5858 1070 1951 5859 1090 1951 5860 1087 1951 5861 1087 1952 5862 1090 1952 5863 1085 1952 5864 1089 1953 5865 1090 1953 5866 572 1953 5867 589 1954 5868 562 1954 5869 563 1954 5870 1071 1955 5871 576 1955 5872 574 1955 5873 1091 1956 5874 1072 1956 5875 1080 1956 5876 583 1957 5877 1072 1957 5878 585 1957 5879 581 1958 5880 1072 1958 5881 583 1958 5882 1080 1959 5883 1072 1959 5884 581 1959 5885 1092 1960 5886 1083 1960 5887 1091 1960 5888 1091 1961 5889 1083 1961 5890 1072 1961 5891 1077 1962 5892 1081 1962 5893 1092 1962 5894 1092 1963 5895 1081 1963 5896 1083 1963 5897 587 1964 5898 1074 1964 5899 588 1964 5900 585 1965 5901 1074 1965 5902 587 1965 5903 1072 1966 5904 1074 1966 5905 585 1966 5906 1077 1967 5907 1079 1967 5908 1081 1967 5909 1083 1968 5910 1073 1968 5911 1072 1968 5912 1093 1969 5913 1094 1969 5914 1095 1969 5915 584 1970 5916 1096 1970 5917 582 1970 5918 582 1971 5919 1096 1971 5920 578 1971 5921 1097 1972 5922 1096 1972 5923 1098 1972 5924 1099 1973 5925 1096 1973 5926 1097 1973 5927 1098 1974 5928 1096 1974 5929 1100 1974 5930 1101 1975 5931 1102 1975 5932 1103 1975 5933 578 1976 5934 1096 1976 5935 1099 1976 5936 1104 1977 5937 1105 1977 5938 1106 1977 5939 1106 1978 5940 1105 1978 5941 1094 1978 5942 594 1979 5943 1107 1979 5944 595 1979 5945 1108 1980 5946 1107 1980 5947 594 1980 5948 1109 1981 5949 1107 1981 5950 1108 1981 5951 1095 1982 5952 1107 1982 5953 1109 1982 5954 1100 1983 5955 1110 1983 5956 1104 1983 5957 1104 1984 5958 1110 1984 5959 1105 1984 5960 595 1985 5961 1111 1985 5962 597 1985 5963 1094 1986 5964 1111 1986 5965 1095 1986 5966 1095 1987 5967 1111 1987 5968 1107 1987 5969 1107 1988 5970 1111 1988 5971 595 1988 5972 590 1989 5973 1112 1989 5974 586 1989 5975 586 1990 5976 1112 1990 5977 584 1990 5978 1096 1991 5979 1112 1991 5980 1100 1991 5981 1100 1992 5982 1112 1992 5983 1110 1992 5984 584 1993 5985 1112 1993 5986 1096 1993 5987 599 1994 5988 1113 1994 5989 601 1994 5990 597 1995 5991 1113 1995 5992 599 1995 5993 1094 1996 5994 1113 1996 5995 1111 1996 5996 1111 1997 5997 1113 1997 5998 597 1997 5999 579 1998 6000 578 1998 6001 1099 1998 6002 1105 1999 6003 1113 1999 6004 1094 1999 6005 601 2000 6006 1114 2000 6007 602 2000 6008 1110 2001 6009 1114 2001 6010 1105 2001 6011 1113 2002 6012 1114 2002 6013 601 2002 6014 1105 2003 6015 1114 2003 6016 1113 2003 6017 602 2004 6018 1115 2004 6019 604 2004 6020 591 2005 6021 1115 2005 6022 590 2005 6023 1112 2006 6024 1115 2006 6025 1110 2006 6026 590 2007 6027 1115 2007 6028 1112 2007 6029 1110 2008 6030 1115 2008 6031 1114 2008 6032 604 2009 6033 1115 2009 6034 591 2009 6035 1114 2010 6036 1115 2010 6037 602 2010 6038 591 2011 6039 592 2011 6040 604 2011 6041 1116 2012 6042 1093 2012 6043 1101 2012 6044 1117 2013 6045 1093 2013 6046 1118 2013 6047 1102 2014 6048 1093 2014 6049 1117 2014 6050 1101 2015 6051 1093 2015 6052 1102 2015 6053 1119 2016 6054 1106 2016 6055 1116 2016 6056 1116 2017 6057 1106 2017 6058 1093 2017 6059 1098 2018 6060 1104 2018 6061 1119 2018 6062 1119 2019 6063 1104 2019 6064 1106 2019 6065 1120 2020 6066 1095 2020 6067 1109 2020 6068 1118 2021 6069 1095 2021 6070 1120 2021 6071 1093 2022 6072 1095 2022 6073 1118 2022 6074 1098 2023 6075 1100 2023 6076 1104 2023 6077 1106 2024 6078 1094 2024 6079 1093 2024 6080 594 2025 6081 197 2025 6082 196 2025 6083 1108 2026 6084 196 2026 6085 238 2026 6086 1108 2027 6087 594 2027 6088 196 2027 6089 1109 2028 6090 238 2028 6091 234 2028 6092 1109 2029 6093 1108 2029 6094 238 2029 6095 1120 2030 6096 234 2030 6097 229 2030 6098 1120 2031 6099 1109 2031 6100 234 2031 6101 1118 2032 6102 229 2032 6103 223 2032 6104 1118 2033 6105 1120 2033 6106 229 2033 6107 1117 2034 6108 223 2034 6109 221 2034 6110 1117 2035 6111 1118 2035 6112 223 2035 6113 1102 2036 6114 1117 2036 6115 221 2036 6116 1103 2037 6117 221 2037 6118 220 2037 6119 1103 2038 6120 1102 2038 6121 221 2038 6122 1121 2039 6123 608 2039 6124 610 2039 6125 1122 2040 6126 610 2040 6127 618 2040 6128 1122 2041 6129 1121 2041 6130 610 2041 6131 1123 2042 6132 618 2042 6133 620 2042 6134 1123 2043 6135 1122 2043 6136 618 2043 6137 1124 2044 6138 620 2044 6139 622 2044 6140 1124 2045 6141 1123 2045 6142 620 2045 6143 1125 2046 6144 622 2046 6145 611 2046 6146 1125 2044 6147 1124 2044 6148 622 2044 6149 1126 2047 6150 611 2047 6151 613 2047 6152 1126 2048 6153 1125 2048 6154 611 2048 6155 1127 2049 6156 1126 2049 6157 613 2049 6158 1127 2050 6159 613 2050 6160 643 2050 6161 1128 2051 6162 1127 2051 6163 643 2051 6164 1128 2052 6165 643 2052 6166 645 2052 6167 1129 2053 6168 645 2053 6169 652 2053 6170 1129 2052 6171 1128 2052 6172 645 2052 6173 1130 2054 6174 652 2054 6175 654 2054 6176 1130 2055 6177 1129 2055 6178 652 2055 6179 1131 2056 6180 654 2056 6181 655 2056 6182 1131 2057 6183 1130 2057 6184 654 2057 6185 1132 2058 6186 655 2058 6187 646 2058 6188 1132 2059 6189 1131 2059 6190 655 2059 6191 1133 2060 6192 646 2060 6193 648 2060 6194 1133 2061 6195 1132 2061 6196 646 2061 6197 1134 2062 6198 1133 2062 6199 648 2062 6200 882 2063 6201 1134 2063 6202 648 2063 6203 1135 2064 6204 1136 2064 6205 674 2064 6206 674 2064 6207 1136 2064 6208 884 2064 6209 884 2065 6210 1137 2065 6211 887 2065 6212 1136 2066 6213 1137 2066 6214 884 2066 6215 887 2067 6216 1138 2067 6217 891 2067 6218 1137 2067 6219 1138 2067 6220 887 2067 6221 891 2068 6222 1139 2068 6223 896 2068 6224 1138 2069 6225 1139 2069 6226 891 2069 6227 896 2070 6228 1140 2070 6229 903 2070 6230 1139 2071 6231 1140 2071 6232 896 2071 6233 903 2072 6234 1141 2072 6235 911 2072 6236 1140 2073 6237 1141 2073 6238 903 2073 6239 911 2074 6240 1142 2074 6241 919 2074 6242 1141 2075 6243 1142 2075 6244 911 2075 6245 919 2076 6246 1143 2076 6247 927 2076 6248 1142 2077 6249 1143 2077 6250 919 2077 6251 927 2078 6252 1144 2078 6253 935 2078 6254 1143 2078 6255 1144 2078 6256 927 2078 6257 935 2079 6258 1145 2079 6259 943 2079 6260 1144 2080 6261 1145 2080 6262 935 2080 6263 943 2081 6264 1146 2081 6265 951 2081 6266 1145 2082 6267 1146 2082 6268 943 2082 6269 951 2083 6270 1147 2083 6271 959 2083 6272 1146 2083 6273 1147 2083 6274 951 2083 6275 959 2084 6276 1148 2084 6277 967 2084 6278 1147 2085 6279 1148 2085 6280 959 2085 6281 967 2086 6282 1149 2086 6283 975 2086 6284 1148 2087 6285 1149 2087 6286 967 2087 6287 1149 2088 6288 1150 2088 6289 975 2088 6290 975 2089 6291 1150 2089 6292 983 2089 6293 1150 2090 6294 1151 2090 6295 983 2090 6296 983 2091 6297 1151 2091 6298 989 2091 6299 1151 2092 6300 1152 2092 6301 989 2092 6302 989 2093 6303 1152 2093 6304 882 2093 6305 1152 2094 6306 1134 2094 6307 882 2094 6308 1135 2095 6309 674 2095 6310 676 2095 6311 1153 2096 6312 676 2096 6313 683 2096 6314 1153 2097 6315 1135 2097 6316 676 2097 6317 1154 2098 6318 683 2098 6319 685 2098 6320 1154 2099 6321 1153 2099 6322 683 2099 6323 1155 2100 6324 685 2100 6325 686 2100 6326 1155 2101 6327 1154 2101 6328 685 2101 6329 1156 2102 6330 686 2102 6331 677 2102 6332 1156 2103 6333 1155 2103 6334 686 2103 6335 1157 2104 6336 677 2104 6337 679 2104 6338 1157 2105 6339 1156 2105 6340 677 2105 6341 1158 2104 6342 1157 2104 6343 679 2104 6344 1159 2106 6345 679 2106 6346 715 2106 6347 1159 2107 6348 1158 2107 6349 679 2107 6350 1160 2108 6351 715 2108 6352 717 2108 6353 1160 2108 6354 1159 2108 6355 715 2108 6356 1161 2109 6357 717 2109 6358 738 2109 6359 1161 2110 6360 1160 2110 6361 717 2110 6362 1162 2111 6363 738 2111 6364 740 2111 6365 1162 2111 6366 1161 2111 6367 738 2111 6368 1163 2112 6369 740 2112 6370 744 2112 6371 1163 2112 6372 1162 2112 6373 740 2112 6374 1164 2113 6375 744 2113 6376 745 2113 6377 1164 2114 6378 1163 2114 6379 744 2114 6380 1165 2115 6381 745 2115 6382 732 2115 6383 1165 2116 6384 1164 2116 6385 745 2116 6386 1166 2117 6387 732 2117 6388 734 2117 6389 1166 2117 6390 1165 2117 6391 732 2117 6392 1166 2118 6393 734 2118 6394 836 2118 6395 1167 2119 6396 836 2119 6397 842 2119 6398 1167 2118 6399 1166 2118 6400 836 2118 6401 1168 2120 6402 842 2120 6403 847 2120 6404 1168 2121 6405 1167 2121 6406 842 2121 6407 1169 2122 6408 847 2122 6409 849 2122 6410 1169 2123 6411 1168 2123 6412 847 2123 6413 1170 2124 6414 849 2124 6415 802 2124 6416 1170 2125 6417 1169 2125 6418 849 2125 6419 1171 2126 6420 1170 2126 6421 802 2126 6422 817 2127 6423 1172 2127 6424 818 2127 6425 818 2128 6426 1173 2128 6427 820 2128 6428 1172 2127 6429 1173 2127 6430 818 2127 6431 820 2129 6432 1174 2129 6433 749 2129 6434 1173 2130 6435 1174 2130 6436 820 2130 6437 749 2131 6438 1175 2131 6439 788 2131 6440 1174 2132 6441 1175 2132 6442 749 2132 6443 788 2133 6444 1176 2133 6445 789 2133 6446 1175 2134 6447 1176 2134 6448 788 2134 6449 789 2135 6450 1177 2135 6451 810 2135 6452 1176 2136 6453 1177 2136 6454 789 2136 6455 810 2137 6456 1178 2137 6457 754 2137 6458 1177 2138 6459 1178 2138 6460 810 2138 6461 1178 2139 6462 1179 2139 6463 754 2139 6464 754 2140 6465 1180 2140 6466 755 2140 6467 1179 2140 6468 1180 2140 6469 754 2140 6470 755 2141 6471 1171 2141 6472 802 2141 6473 1180 2142 6474 1171 2142 6475 755 2142 6476 203 2143 6477 863 2143 6478 862 2143 6479 203 2144 6480 988 2144 6481 863 2144 6482 1098 2144 6483 579 2144 6484 1097 2144 6485 1097 2144 6486 579 2144 6487 1099 2144 6488 1119 2144 6489 1116 2144 6490 1098 2144 6491 1098 2144 6492 1116 2144 6493 579 2144 6494 203 2144 6495 981 2144 6496 988 2144 6497 680 2144 6498 852 2144 6499 729 2144 6500 1116 2144 6501 1101 2144 6502 579 2144 6503 680 2145 6504 878 2145 6505 852 2145 6506 1101 2144 6507 1103 2144 6508 579 2144 6509 203 2144 6510 973 2144 6511 981 2144 6512 878 2144 6513 853 2144 6514 852 2144 6515 878 2146 6516 909 2146 6517 853 2146 6518 909 2144 6519 833 2144 6520 853 2144 6521 580 2144 6522 1065 2144 6523 1080 2144 6524 1080 2144 6525 1065 2144 6526 1091 2144 6527 1091 2144 6528 1065 2144 6529 1092 2144 6530 909 2144 6531 917 2144 6532 833 2144 6533 1092 2144 6534 1065 2144 6535 1077 2144 6536 1077 2147 6537 1065 2147 6538 1076 2147 6539 1076 2144 6540 1065 2144 6541 1078 2144 6542 579 2148 6543 1065 2148 6544 580 2148 6545 1103 2144 6546 1065 2144 6547 579 2144 6548 1103 2144 6549 1055 2144 6550 1065 2144 6551 925 2149 6552 834 2149 6553 917 2149 6554 917 2144 6555 834 2144 6556 833 2144 6557 933 2144 6558 814 2144 6559 925 2144 6560 925 2150 6561 814 2150 6562 834 2150 6563 933 2144 6564 804 2144 6565 814 2144 6566 941 2144 6567 805 2144 6568 933 2144 6569 933 2144 6570 805 2144 6571 804 2144 6572 1033 2144 6573 649 2144 6574 617 2144 6575 1033 2151 6576 881 2151 6577 649 2151 6578 941 2144 6579 795 2144 6580 805 2144 6581 1003 2144 6582 881 2144 6583 1033 2144 6584 949 2144 6585 776 2144 6586 941 2144 6587 1003 2152 6588 877 2152 6589 881 2152 6590 1040 2153 6591 877 2153 6592 1023 2153 6593 1023 2144 6594 877 2144 6595 1003 2144 6596 941 2144 6597 776 2144 6598 795 2144 6599 1040 2154 6600 873 2154 6601 877 2154 6602 965 2155 6603 777 2155 6604 957 2155 6605 957 2144 6606 777 2144 6607 949 2144 6608 1040 2144 6609 220 2144 6610 873 2144 6611 1055 2144 6612 220 2144 6613 1056 2144 6614 949 2144 6615 777 2144 6616 776 2144 6617 1056 2144 6618 220 2144 6619 1060 2144 6620 1060 2144 6621 220 2144 6622 1040 2144 6623 203 2144 6624 777 2144 6625 965 2144 6626 203 2156 6627 965 2156 6628 973 2156 6629 1103 2157 6630 220 2157 6631 1055 2157 6632 222 2144 6633 215 2144 6634 220 2144 6635 215 2158 6636 210 2158 6637 220 2158 6638 210 2159 6639 201 2159 6640 220 2159 6641 201 2160 6642 203 2160 6643 220 2160 6644 220 2161 6645 862 2161 6646 873 2161 6647 203 2162 6648 862 2162 6649 220 2162 6650 1181 2163 6651 1182 2163 6652 1183 2163 6653 1184 2164 6654 1185 2164 6655 1186 2164 6656 1181 2165 6657 1183 2165 6658 1187 2165 6659 1188 2166 6660 1179 2166 6661 1178 2166 6662 1184 2167 6663 1186 2167 6664 1189 2167 6665 1190 2168 6666 1191 2168 6667 1192 2168 6668 1190 2169 6669 1189 2169 6670 1191 2169 6671 1188 2170 6672 1187 2170 6673 1179 2170 6674 1193 2171 6675 1192 2171 6676 1194 2171 6677 1195 2172 6678 1196 2172 6679 1197 2172 6680 1195 2173 6681 1197 2173 6682 1198 2173 6683 1193 2174 6684 1194 2174 6685 1199 2174 6686 1200 2175 6687 1199 2175 6688 1174 2175 6689 1200 2176 6690 1174 2176 6691 1173 2176 6692 1201 2177 6693 1182 2177 6694 1181 2177 6695 1200 2178 6696 1173 2178 6697 1202 2178 6698 1201 2179 6699 1198 2179 6700 1182 2179 6701 1203 2180 6702 1204 2180 6703 1205 2180 6704 1203 2181 6705 1205 2181 6706 1206 2181 6707 1203 2182 6708 1206 2182 6709 1207 2182 6710 1208 2183 6711 1187 2183 6712 1188 2183 6713 1203 2184 6714 1207 2184 6715 1209 2184 6716 1208 2185 6717 1181 2185 6718 1187 2185 6719 1210 2186 6720 1185 2186 6721 1184 2186 6722 1211 2187 6723 1178 2187 6724 1177 2187 6725 1210 2188 6726 1209 2188 6727 1185 2188 6728 1212 2189 6729 1189 2189 6730 1190 2189 6731 1212 2190 6732 1184 2190 6733 1189 2190 6734 1211 2191 6735 1188 2191 6736 1178 2191 6737 1213 2192 6738 1214 2192 6739 1196 2192 6740 1215 2193 6741 1190 2193 6742 1192 2193 6743 1213 2194 6744 1196 2194 6745 1195 2194 6746 1215 2195 6747 1192 2195 6748 1193 2195 6749 1216 2196 6750 1195 2196 6751 1198 2196 6752 1217 2197 6753 1202 2197 6754 1218 2197 6755 1216 2198 6756 1198 2198 6757 1201 2198 6758 1217 2199 6759 1199 2199 6760 1200 2199 6761 1217 2200 6762 1193 2200 6763 1199 2200 6764 1217 2201 6765 1200 2201 6766 1202 2201 6767 1219 2202 6768 1220 2202 6769 1204 2202 6770 1219 2203 6771 1204 2203 6772 1203 2203 6773 1221 2204 6774 1181 2204 6775 1208 2204 6776 1219 2205 6777 1203 2205 6778 1209 2205 6779 1219 2206 6780 1209 2206 6781 1210 2206 6782 1221 2207 6783 1201 2207 6784 1181 2207 6785 1222 2208 6786 1223 2208 6787 1224 2208 6788 1225 2209 6789 1210 2209 6790 1184 2209 6791 1226 2210 6792 1208 2210 6793 1188 2210 6794 1225 2211 6795 1184 2211 6796 1212 2211 6797 1226 2212 6798 1188 2212 6799 1211 2212 6800 1227 2213 6801 1212 2213 6802 1190 2213 6803 1227 2214 6804 1190 2214 6805 1215 2214 6806 1228 2215 6807 1177 2215 6808 1176 2215 6809 1228 2216 6810 1211 2216 6811 1177 2216 6812 1229 2217 6813 1218 2217 6814 1230 2217 6815 1229 2218 6816 1217 2218 6817 1218 2218 6818 1229 2219 6819 1215 2219 6820 1193 2219 6821 1229 2220 6822 1193 2220 6823 1217 2220 6824 1231 2221 6825 1224 2221 6826 1214 2221 6827 1231 2222 6828 1214 2222 6829 1213 2222 6830 1232 2223 6831 1233 2223 6832 1220 2223 6833 1231 2224 6834 1222 2224 6835 1224 2224 6836 1232 2225 6837 1220 2225 6838 1219 2225 6839 1232 2226 6840 1219 2226 6841 1210 2226 6842 1232 2227 6843 1210 2227 6844 1225 2227 6845 1234 2228 6846 1235 2228 6847 1233 2228 6848 1234 2229 6849 1212 2229 6850 1227 2229 6851 1236 2230 6852 1213 2230 6853 1195 2230 6854 1234 2231 6855 1233 2231 6856 1232 2231 6857 1236 2232 6858 1195 2232 6859 1216 2232 6860 1234 2233 6861 1225 2233 6862 1212 2233 6863 1234 2234 6864 1232 2234 6865 1225 2234 6866 1237 2235 6867 1230 2235 6868 1238 2235 6869 1237 2236 6870 1215 2236 6871 1229 2236 6872 1239 2237 6873 1216 2237 6874 1201 2237 6875 1237 2238 6876 1227 2238 6877 1215 2238 6878 1239 2239 6879 1201 2239 6880 1221 2239 6881 1202 2240 6882 1173 2240 6883 1172 2240 6884 1237 2241 6885 1229 2241 6886 1230 2241 6887 1240 2242 6888 1241 2242 6889 1235 2242 6890 1240 2243 6891 1238 2243 6892 1241 2243 6893 1240 2244 6894 1237 2244 6895 1238 2244 6896 1240 2245 6897 1235 2245 6898 1234 2245 6899 1186 2246 6900 1208 2246 6901 1226 2246 6902 1240 2247 6903 1234 2247 6904 1227 2247 6905 1240 2248 6906 1227 2248 6907 1237 2248 6908 1186 2249 6909 1221 2249 6910 1208 2249 6911 1191 2250 6912 1226 2250 6913 1211 2250 6914 1191 2251 6915 1211 2251 6916 1228 2251 6917 1194 2252 6918 1176 2252 6919 1175 2252 6920 1194 2253 6921 1228 2253 6922 1176 2253 6923 1242 2254 6924 1231 2254 6925 1213 2254 6926 1242 2255 6927 1243 2255 6928 1222 2255 6929 1242 2256 6930 1222 2256 6931 1231 2256 6932 1242 2257 6933 1213 2257 6934 1236 2257 6935 1207 2258 6936 1236 2258 6937 1216 2258 6938 1207 2259 6939 1216 2259 6940 1239 2259 6941 1185 2260 6942 1239 2260 6943 1221 2260 6944 1185 2261 6945 1221 2261 6946 1186 2261 6947 1189 2262 6948 1186 2262 6949 1226 2262 6950 1183 2263 6951 1244 2263 6952 1171 2263 6953 1189 2264 6954 1226 2264 6955 1191 2264 6956 1183 2265 6957 1171 2265 6958 1180 2265 6959 1183 2266 6960 1180 2266 6961 1179 2266 6962 1192 2267 6963 1191 2267 6964 1228 2267 6965 1182 2268 6966 1245 2268 6967 1244 2268 6968 1192 2269 6969 1228 2269 6970 1194 2269 6971 1199 2270 6972 1175 2270 6973 1174 2270 6974 1182 2271 6975 1244 2271 6976 1183 2271 6977 1187 2272 6978 1183 2272 6979 1179 2272 6980 1199 2273 6981 1194 2273 6982 1175 2273 6983 1206 2274 6984 1205 2274 6985 1243 2274 6986 1206 2275 6987 1242 2275 6988 1236 2275 6989 1198 2276 6990 1197 2276 6991 1245 2276 6992 1206 2277 6993 1236 2277 6994 1207 2277 6995 1206 2278 6996 1243 2278 6997 1242 2278 6998 1198 2279 6999 1245 2279 7000 1182 2279 7001 1209 2280 7002 1239 2280 7003 1185 2280 7004 1209 2281 7005 1207 2281 7006 1239 2281 7007 1246 2282 7008 1247 2282 7009 1248 2282 7010 1249 2283 7011 1247 2283 7012 1246 2283 7013 1250 2284 7014 1247 2284 7015 1249 2284 7016 1251 2285 7017 1247 2285 7018 1250 2285 7019 1252 2286 7020 1253 2286 7021 1254 2286 7022 1166 2287 7023 1255 2287 7024 1165 2287 7025 1254 2288 7026 1253 2288 7027 1256 2288 7028 1248 2289 7029 1257 2289 7030 1258 2289 7031 1256 2290 7032 1257 2290 7033 1251 2290 7034 1247 2291 7035 1257 2291 7036 1248 2291 7037 1251 2292 7038 1257 2292 7039 1247 2292 7040 1259 2293 7041 1260 2293 7042 1261 2293 7043 1261 2294 7044 1260 2294 7045 1252 2294 7046 1258 2295 7047 1262 2295 7048 1263 2295 7049 1253 2296 7050 1262 2296 7051 1256 2296 7052 1256 2297 7053 1262 2297 7054 1257 2297 7055 1257 2298 7056 1262 2298 7057 1258 2298 7058 1252 2299 7059 1264 2299 7060 1253 2299 7061 1260 2300 7062 1264 2300 7063 1252 2300 7064 1265 2301 7065 1266 2301 7066 1259 2301 7067 1267 2302 7068 1266 2302 7069 1265 2302 7070 1268 2303 7071 1266 2303 7072 1267 2303 7073 1259 2304 7074 1266 2304 7075 1260 2304 7076 1263 2305 7077 1269 2305 7078 1270 2305 7079 1262 2306 7080 1269 2306 7081 1263 2306 7082 1253 2307 7083 1269 2307 7084 1262 2307 7085 1264 2308 7086 1269 2308 7087 1253 2308 7088 1160 2309 7089 1271 2309 7090 1159 2309 7091 1268 2310 7092 1272 2310 7093 1266 2310 7094 1260 2311 7095 1272 2311 7096 1264 2311 7097 1266 2312 7098 1272 2312 7099 1260 2312 7100 1273 2313 7101 1274 2313 7102 1268 2313 7103 1270 2314 7104 1274 2314 7105 1273 2314 7106 1269 2315 7107 1274 2315 7108 1270 2315 7109 1268 2316 7110 1274 2316 7111 1272 2316 7112 1264 2317 7113 1274 2317 7114 1269 2317 7115 1272 2318 7116 1274 2318 7117 1264 2318 7118 1164 2319 7119 1275 2319 7120 1163 2319 7121 1165 2320 7122 1275 2320 7123 1164 2320 7124 1276 2321 7125 1275 2321 7126 1255 2321 7127 1255 2322 7128 1275 2322 7129 1165 2322 7130 1277 2323 7131 1278 2323 7132 1276 2323 7133 1276 2324 7134 1278 2324 7135 1275 2324 7136 1162 2325 7137 1250 2325 7138 1161 2325 7139 1163 2326 7140 1250 2326 7141 1162 2326 7142 1275 2327 7143 1250 2327 7144 1163 2327 7145 1279 2328 7146 1254 2328 7147 1277 2328 7148 1277 2329 7149 1254 2329 7150 1278 2329 7151 1275 2330 7152 1251 2330 7153 1250 2330 7154 1278 2331 7155 1251 2331 7156 1275 2331 7157 1161 2332 7158 1249 2332 7159 1160 2332 7160 1271 2333 7161 1249 2333 7162 1246 2333 7163 1160 2334 7164 1249 2334 7165 1271 2334 7166 1250 2335 7167 1249 2335 7168 1161 2335 7169 1261 2336 7170 1252 2336 7171 1279 2336 7172 1279 2337 7173 1252 2337 7174 1254 2337 7175 1278 2338 7176 1256 2338 7177 1251 2338 7178 1254 2339 7179 1256 2339 7180 1278 2339 7181 1280 2340 7182 1281 2340 7183 1282 2340 7184 1283 2341 7185 1281 2341 7186 1280 2341 7187 1284 2342 7188 1281 2342 7189 1283 2342 7190 1282 2343 7191 1281 2343 7192 1285 2343 7193 1285 2344 7194 1281 2344 7195 1284 2344 7196 1158 2345 7197 1286 2345 7198 1157 2345 7199 1153 2346 7200 1287 2346 7201 1135 2346 7202 1289 2347 7203 1288 2347 7204 1282 2347 7205 1156 2348 7206 1290 2348 7207 1155 2348 7208 1157 2349 7209 1290 2349 7210 1156 2349 7211 1291 2350 7212 1290 2350 7213 1286 2350 7214 1286 2351 7215 1290 2351 7216 1157 2351 7217 1292 2352 7218 1293 2352 7219 1291 2352 7220 1291 2353 7221 1293 2353 7222 1290 2353 7223 1154 2354 7224 1294 2354 7225 1153 2354 7226 1155 2355 7227 1294 2355 7228 1154 2355 7229 1290 2356 7230 1294 2356 7231 1155 2356 7232 1153 2357 7233 1294 2357 7234 1287 2357 7235 1295 2358 7236 1296 2358 7237 1292 2358 7238 1292 2359 7239 1296 2359 7240 1293 2359 7241 1290 2360 7242 1297 2360 7243 1294 2360 7244 1293 2361 7245 1297 2361 7246 1290 2361 7247 1298 2362 7248 1299 2362 7249 1300 2362 7250 1287 2363 7251 1299 2363 7252 1298 2363 7253 1294 2364 7254 1299 2364 7255 1287 2364 7256 1293 2365 7257 1301 2365 7258 1297 2365 7259 1296 2366 7260 1301 2366 7261 1293 2366 7262 1300 2367 7263 1302 2367 7264 1303 2367 7265 1297 2368 7266 1302 2368 7267 1294 2368 7268 1294 2369 7269 1302 2369 7270 1299 2369 7271 1299 2370 7272 1302 2370 7273 1300 2370 7274 1295 2371 7275 1284 2371 7276 1296 2371 7277 1303 2372 7278 1304 2372 7279 1305 2372 7280 1302 2373 7281 1304 2373 7282 1303 2373 7283 1305 2374 7284 1304 2374 7285 1301 2374 7286 1297 2375 7287 1304 2375 7288 1302 2375 7289 1301 2376 7290 1304 2376 7291 1297 2376 7292 1305 2377 7293 1283 2377 7294 1280 2377 7295 1301 2378 7296 1283 2378 7297 1305 2378 7298 1296 2379 7299 1283 2379 7300 1301 2379 7301 1284 2380 7302 1283 2380 7303 1296 2380 7304 1306 2381 7305 1285 2381 7306 1295 2381 7307 1307 2382 7308 1285 2382 7309 1306 2382 7310 1289 2383 7311 1285 2383 7312 1307 2383 7313 1295 2384 7314 1285 2384 7315 1284 2384 7316 1282 2385 7317 1285 2385 7318 1289 2385 7319 1134 2386 7320 1308 2386 7321 1133 2386 7322 1129 2387 7323 1309 2387 7324 1128 2387 7325 1311 2388 7326 1310 2388 7327 1312 2388 7328 1132 2389 7329 1313 2389 7330 1131 2389 7331 1133 2390 7332 1313 2390 7333 1132 2390 7334 1308 2391 7335 1313 2391 7336 1133 2391 7337 1130 2392 7338 1314 2392 7339 1129 2392 7340 1131 2393 7341 1314 2393 7342 1130 2393 7343 1309 2394 7344 1314 2394 7345 1315 2394 7346 1313 2395 7347 1314 2395 7348 1131 2395 7349 1129 2396 7350 1314 2396 7351 1309 2396 7352 1316 2397 7353 1317 2397 7354 1308 2397 7355 1308 2398 7356 1317 2398 7357 1313 2398 7358 1315 2399 7359 1318 2399 7360 1319 2399 7361 1317 2400 7362 1318 2400 7363 1313 2400 7364 1314 2401 7365 1318 2401 7366 1315 2401 7367 1313 2402 7368 1318 2402 7369 1314 2402 7370 1320 2403 7371 1321 2403 7372 1316 2403 7373 1316 2404 7374 1321 2404 7375 1317 2404 7376 1319 2405 7377 1322 2405 7378 1323 2405 7379 1318 2406 7380 1322 2406 7381 1319 2406 7382 1321 2407 7383 1322 2407 7384 1317 2407 7385 1317 2408 7386 1322 2408 7387 1318 2408 7388 1324 2409 7389 1325 2409 7390 1320 2409 7391 1320 2410 7392 1325 2410 7393 1321 2410 7394 1323 2411 7395 1326 2411 7396 1327 2411 7397 1321 2412 7398 1326 2412 7399 1322 2412 7400 1325 2413 7401 1326 2413 7402 1321 2413 7403 1322 2414 7404 1326 2414 7405 1323 2414 7406 1328 2415 7407 1329 2415 7408 1324 2415 7409 1330 2416 7410 1329 2416 7411 1328 2416 7412 1311 2417 7413 1329 2417 7414 1330 2417 7415 1324 2418 7416 1329 2418 7417 1325 2418 7418 1312 2419 7419 1329 2419 7420 1311 2419 7421 1327 2420 7422 1331 2420 7423 1312 2420 7424 1325 2421 7425 1331 2421 7426 1326 2421 7427 1326 2422 7428 1331 2422 7429 1327 2422 7430 1312 2423 7431 1331 2423 7432 1329 2423 7433 1329 2424 7434 1331 2424 7435 1325 2424 7436 1332 2425 7437 1333 2425 7438 1334 2425 7439 1334 2426 7440 1333 2426 7441 1335 2426 7442 1336 2427 7443 1337 2427 7444 1338 2427 7445 1339 2428 7446 1337 2428 7447 1336 2428 7448 1340 2429 7449 1337 2429 7450 1339 2429 7451 1341 2430 7452 1337 2430 7453 1340 2430 7454 1342 2431 7455 1343 2431 7456 1332 2431 7457 1332 2432 7458 1343 2432 7459 1333 2432 7460 1335 2433 7461 1343 2433 7462 1341 2433 7463 1344 2434 7464 1343 2434 7465 1342 2434 7466 1333 2435 7467 1343 2435 7468 1335 2435 7469 1127 2436 7470 1345 2436 7471 1126 2436 7472 1338 2437 7473 1346 2437 7474 1344 2437 7475 1344 2438 7476 1346 2438 7477 1343 2438 7478 1337 2439 7479 1346 2439 7480 1338 2439 7481 1341 2440 7482 1346 2440 7483 1337 2440 7484 1343 2441 7485 1346 2441 7486 1341 2441 7487 1122 2442 7488 1347 2442 7489 1121 2442 7490 1342 2443 7491 1348 2443 7492 1344 2443 7493 1126 2444 7494 1349 2444 7495 1125 2444 7496 1350 2445 7497 1349 2445 7498 1345 2445 7499 1345 2446 7500 1349 2446 7501 1126 2446 7502 1124 2447 7503 1351 2447 7504 1123 2447 7505 1125 2448 7506 1351 2448 7507 1124 2448 7508 1349 2449 7509 1351 2449 7510 1125 2449 7511 1352 2450 7512 1353 2450 7513 1350 2450 7514 1350 2451 7515 1353 2451 7516 1349 2451 7517 1123 2452 7518 1354 2452 7519 1122 2452 7520 1347 2453 7521 1354 2453 7522 1355 2453 7523 1122 2454 7524 1354 2454 7525 1347 2454 7526 1351 2455 7527 1354 2455 7528 1123 2455 7529 1353 2456 7530 1356 2456 7531 1349 2456 7532 1349 2457 7533 1356 2457 7534 1351 2457 7535 1357 2458 7536 1358 2458 7537 1352 2458 7538 1352 2459 7539 1358 2459 7540 1353 2459 7541 1355 2460 7542 1359 2460 7543 1360 2460 7544 1356 2461 7545 1359 2461 7546 1351 2461 7547 1351 2462 7548 1359 2462 7549 1354 2462 7550 1354 2463 7551 1359 2463 7552 1355 2463 7553 1358 2464 7554 1340 2464 7555 1353 2464 7556 1353 2465 7557 1340 2465 7558 1356 2465 7559 1334 2466 7560 1335 2466 7561 1357 2466 7562 1357 2467 7563 1335 2467 7564 1358 2467 7565 1361 2468 7566 1339 2468 7567 1336 2468 7568 1360 2469 7569 1339 2469 7570 1361 2469 7571 1356 2470 7572 1339 2470 7573 1359 2470 7574 1359 2471 7575 1339 2471 7576 1360 2471 7577 1340 2472 7578 1339 2472 7579 1356 2472 7580 1358 2473 7581 1341 2473 7582 1340 2473 7583 1335 2474 7584 1341 2474 7585 1358 2474 7586 141 2475 7587 1362 2475 7588 144 2475 7589 144 2476 7590 1362 2476 7591 145 2476 7592 1363 2477 7593 1362 2477 7594 141 2477 7595 145 2478 7596 1362 2478 7597 1364 2478 7598 1365 2479 7599 1366 2479 7600 1367 2479 7601 1364 2480 7602 1366 2480 7603 1365 2480 7604 1368 2481 7605 1369 2481 7606 1363 2481 7607 1363 2482 7608 1369 2482 7609 1362 2482 7610 1364 2483 7611 1370 2483 7612 1366 2483 7613 1362 2484 7614 1370 2484 7615 1364 2484 7616 1367 2485 7617 1371 2485 7618 1372 2485 7619 1366 2486 7620 1371 2486 7621 1367 2486 7622 1373 2487 7623 1374 2487 7624 1368 2487 7625 1375 2488 7626 1374 2488 7627 1373 2488 7628 1368 2489 7629 1374 2489 7630 1369 2489 7631 1376 2490 7632 1374 2490 7633 1375 2490 7634 1362 2491 7635 1377 2491 7636 1370 2491 7637 1369 2492 7638 1377 2492 7639 1362 2492 7640 143 2493 7641 1363 2493 7642 141 2493 7643 1370 2494 7644 1378 2494 7645 1366 2494 7646 1366 2495 7647 1378 2495 7648 1371 2495 7649 1371 2496 7650 1379 2496 7651 1372 2496 7652 1372 2497 7653 1379 2497 7654 1380 2497 7655 1381 2498 7656 1382 2498 7657 1376 2498 7658 1383 2499 7659 1382 2499 7660 1381 2499 7661 1376 2500 7662 1382 2500 7663 1374 2500 7664 1369 2501 7665 1382 2501 7666 1377 2501 7667 1374 2502 7668 1382 2502 7669 1369 2502 7670 1370 2503 7671 1384 2503 7672 1378 2503 7673 1377 2504 7674 1384 2504 7675 1370 2504 7676 1378 2505 7677 1385 2505 7678 1371 2505 7679 1371 2506 7680 1385 2506 7681 1379 2506 7682 1380 2507 7683 1386 2507 7684 1387 2507 7685 1379 2508 7686 1386 2508 7687 1380 2508 7688 1383 2509 7689 1388 2509 7690 1382 2509 7691 1377 2510 7692 1388 2510 7693 1384 2510 7694 1382 2511 7695 1388 2511 7696 1377 2511 7697 1389 2512 7698 1376 2512 7699 1375 2512 7700 1378 2513 7701 1390 2513 7702 1385 2513 7703 1384 2514 7704 1390 2514 7705 1378 2514 7706 1379 2515 7707 1391 2515 7708 1386 2515 7709 1392 2516 7710 1391 2516 7711 1393 2516 7712 1385 2517 7713 1391 2517 7714 1379 2517 7715 1387 2518 7716 1391 2518 7717 1392 2518 7718 1386 2519 7719 1391 2519 7720 1387 2519 7721 1388 2520 7722 1394 2520 7723 1384 2520 7724 1395 2521 7725 1394 2521 7726 1383 2521 7727 1383 2522 7728 1394 2522 7729 1388 2522 7730 1384 2523 7731 1394 2523 7732 1390 2523 7733 1393 2524 7734 1396 2524 7735 1397 2524 7736 1387 2525 7737 1392 2525 7738 1398 2525 7739 1390 2526 7740 1396 2526 7741 1385 2526 7742 1385 2527 7743 1396 2527 7744 1391 2527 7745 1391 2528 7746 1396 2528 7747 1393 2528 7748 1396 2529 7749 1399 2529 7750 1397 2529 7751 1400 2530 7752 1399 2530 7753 1401 2530 7754 1397 2531 7755 1399 2531 7756 1400 2531 7757 1390 2532 7758 1399 2532 7759 1396 2532 7760 1402 2533 7761 1399 2533 7762 1395 2533 7763 1401 2534 7764 1399 2534 7765 1402 2534 7766 1394 2535 7767 1399 2535 7768 1390 2535 7769 1395 2536 7770 1399 2536 7771 1394 2536 7772 1401 2537 7773 1403 2537 7774 1400 2537 7775 131 2538 7776 1364 2538 7777 1365 2538 7778 145 2539 7779 1364 2539 7780 146 2539 7781 146 2540 7782 1364 2540 7783 147 2540 7784 147 2541 7785 1364 2541 7786 148 2541 7787 148 2542 7788 1364 2542 7789 149 2542 7790 149 2543 7791 1364 2543 7792 150 2543 7793 150 2544 7794 1364 2544 7795 151 2544 7796 151 2545 7797 1364 2545 7798 152 2545 7799 152 2546 7800 1364 2546 7801 153 2546 7802 153 2547 7803 1364 2547 7804 131 2547 7805 1404 2548 7806 1405 2548 7807 1403 2548 7808 1404 2549 7809 1403 2549 7810 1401 2549 7811 1406 2550 7812 1401 2550 7813 1402 2550 7814 1406 2551 7815 1404 2551 7816 1401 2551 7817 1407 2552 7818 1402 2552 7819 1395 2552 7820 1407 2553 7821 1406 2553 7822 1402 2553 7823 1408 2554 7824 1395 2554 7825 1383 2554 7826 1408 2555 7827 1407 2555 7828 1395 2555 7829 1409 2556 7830 1383 2556 7831 1381 2556 7832 1409 2557 7833 1408 2557 7834 1383 2557 7835 1410 2558 7836 1381 2558 7837 1376 2558 7838 1410 2559 7839 1409 2559 7840 1381 2559 7841 593 2560 7842 1376 2560 7843 1389 2560 7844 593 2561 7845 1410 2561 7846 1376 2561 7847 1411 2562 7848 1412 2562 7849 1413 2562 7850 606 2563 7851 1414 2563 7852 605 2563 7853 1415 2564 7854 1414 2564 7855 1416 2564 7856 1417 2565 7857 1414 2565 7858 1415 2565 7859 605 2566 7860 1414 2566 7861 1418 2566 7862 596 2567 7863 1410 2567 7864 593 2567 7865 1416 2568 7866 1414 2568 7867 606 2568 7868 1411 2569 7869 1419 2569 7870 1412 2569 7871 1420 2570 7872 1419 2570 7873 1411 2570 7874 1406 2571 7875 1421 2571 7876 1404 2571 7877 1422 2572 7878 1421 2572 7879 1423 2572 7880 1424 2573 7881 1421 2573 7882 1406 2573 7883 1404 2574 7884 1421 2574 7885 1422 2574 7886 1420 2575 7887 1425 2575 7888 1419 2575 7889 1418 2576 7890 1425 2576 7891 1420 2576 7892 1423 2577 7893 1426 2577 7894 1427 2577 7895 1424 2578 7896 1426 2578 7897 1421 2578 7898 1421 2579 7899 1426 2579 7900 1423 2579 7901 1412 2580 7902 1426 2580 7903 1424 2580 7904 1428 2581 7905 1429 2581 7906 1417 2581 7907 1430 2582 7908 1429 2582 7909 1428 2582 7910 1418 2583 7911 1429 2583 7912 1425 2583 7913 1417 2584 7914 1429 2584 7915 1414 2584 7916 1414 2585 7917 1429 2585 7918 1418 2585 7919 1427 2586 7920 1431 2586 7921 1432 2586 7922 1426 2587 7923 1431 2587 7924 1427 2587 7925 1412 2588 7926 1431 2588 7927 1426 2588 7928 1419 2589 7929 1431 2589 7930 1412 2589 7931 607 2590 7932 1416 2590 7933 606 2590 7934 1425 2591 7935 1433 2591 7936 1419 2591 7937 1431 2592 7938 1433 2592 7939 1432 2592 7940 1419 2593 7941 1433 2593 7942 1431 2593 7943 1434 2594 7944 1435 2594 7945 1436 2594 7946 1432 2595 7947 1435 2595 7948 1434 2595 7949 1437 2596 7950 1435 2596 7951 1430 2596 7952 1430 2597 7953 1435 2597 7954 1429 2597 7955 1436 2598 7956 1435 2598 7957 1437 2598 7958 1429 2599 7959 1435 2599 7960 1425 2599 7961 1433 2600 7962 1435 2600 7963 1432 2600 7964 1425 2601 7965 1435 2601 7966 1433 2601 7967 1404 2602 7968 1422 2602 7969 1405 2602 7970 1437 2603 7971 1438 2603 7972 1436 2603 7973 1410 2604 7974 1413 2604 7975 1409 2604 7976 1409 2605 7977 1413 2605 7978 1408 2605 7979 596 2606 7980 1413 2606 7981 1410 2606 7982 598 2607 7983 1411 2607 7984 596 2607 7985 596 2608 7986 1411 2608 7987 1413 2608 7988 600 2609 7989 1420 2609 7990 598 2609 7991 603 2610 7992 1420 2610 7993 600 2610 7994 598 2611 7995 1420 2611 7996 1411 2611 7997 1408 2612 7998 1424 2612 7999 1407 2612 8000 1407 2613 8001 1424 2613 8002 1406 2613 8003 1413 2614 8004 1424 2614 8005 1408 2614 8006 605 2615 8007 1418 2615 8008 603 2615 8009 603 2616 8010 1418 2616 8011 1420 2616 8012 1413 2617 8013 1412 2617 8014 1424 2617 8015 1439 2618 8016 1440 2618 8017 1438 2618 8018 1439 2619 8019 1438 2619 8020 1437 2619 8021 1441 2620 8022 1437 2620 8023 1430 2620 8024 1441 2621 8025 1439 2621 8026 1437 2621 8027 1442 2622 8028 1430 2622 8029 1428 2622 8030 1442 2623 8031 1441 2623 8032 1430 2623 8033 1443 2624 8034 1428 2624 8035 1417 2624 8036 1443 2625 8037 1442 2625 8038 1428 2625 8039 541 2626 8040 1415 2626 8041 1416 2626 8042 542 2627 8043 1415 2627 8044 541 2627 8045 545 2628 8046 1416 2628 8047 607 2628 8048 545 2629 8049 541 2629 8050 1416 2629 8051 1444 2630 8052 1417 2630 8053 1415 2630 8054 1444 2631 8055 1443 2631 8056 1417 2631 8057 1444 2632 8058 1415 2632 8059 542 2632 8060 478 2633 8061 545 2633 8062 607 2633 8063 1445 2634 8064 542 2634 8065 547 2634 8066 1445 2635 8067 1444 2635 8068 542 2635 8069 379 2636 8070 1445 2636 8071 547 2636 8072 564 2637 8073 1445 2637 8074 379 2637 8075 1446 2638 8076 1447 2638 8077 1448 2638 8078 575 2639 8079 1449 2639 8080 573 2639 8081 1450 2640 8082 1449 2640 8083 1451 2640 8084 1452 2641 8085 1449 2641 8086 1450 2641 8087 573 2642 8088 1449 2642 8089 1453 2642 8090 567 2643 8091 1445 2643 8092 564 2643 8093 1451 2644 8094 1449 2644 8095 575 2644 8096 1446 2645 8097 1454 2645 8098 1447 2645 8099 1455 2646 8100 1454 2646 8101 1446 2646 8102 1441 2647 8103 1456 2647 8104 1439 2647 8105 1457 2648 8106 1456 2648 8107 1458 2648 8108 1459 2649 8109 1456 2649 8110 1441 2649 8111 1439 2650 8112 1456 2650 8113 1457 2650 8114 1455 2651 8115 1460 2651 8116 1454 2651 8117 1453 2652 8118 1460 2652 8119 1455 2652 8120 1458 2653 8121 1461 2653 8122 1462 2653 8123 1459 2654 8124 1461 2654 8125 1456 2654 8126 1456 2655 8127 1461 2655 8128 1458 2655 8129 1447 2656 8130 1461 2656 8131 1459 2656 8132 1463 2657 8133 1464 2657 8134 1452 2657 8135 1465 2658 8136 1464 2658 8137 1463 2658 8138 1453 2659 8139 1464 2659 8140 1460 2659 8141 1452 2660 8142 1464 2660 8143 1449 2660 8144 1449 2661 8145 1464 2661 8146 1453 2661 8147 1462 2662 8148 1466 2662 8149 1467 2662 8150 1461 2663 8151 1466 2663 8152 1462 2663 8153 1447 2664 8154 1466 2664 8155 1461 2664 8156 1454 2665 8157 1466 2665 8158 1447 2665 8159 577 2666 8160 1451 2666 8161 575 2666 8162 1467 2667 8163 1468 2667 8164 1469 2667 8165 1460 2668 8166 1468 2668 8167 1454 2668 8168 1466 2669 8169 1468 2669 8170 1467 2669 8171 1454 2670 8172 1468 2670 8173 1466 2670 8174 1469 2671 8175 1470 2671 8176 1471 2671 8177 1472 2672 8178 1470 2672 8179 1465 2672 8180 1465 2673 8181 1470 2673 8182 1464 2673 8183 1464 2674 8184 1470 2674 8185 1460 2674 8186 1460 2675 8187 1470 2675 8188 1468 2675 8189 1471 2676 8190 1470 2676 8191 1472 2676 8192 1468 2677 8193 1470 2677 8194 1469 2677 8195 1439 2678 8196 1457 2678 8197 1440 2678 8198 1472 2679 8199 1473 2679 8200 1471 2679 8201 1445 2680 8202 1448 2680 8203 1444 2680 8204 1444 2681 8205 1448 2681 8206 1443 2681 8207 567 2682 8208 1448 2682 8209 1445 2682 8210 568 2683 8211 1446 2683 8212 567 2683 8213 567 2684 8214 1446 2684 8215 1448 2684 8216 569 2685 8217 1455 2685 8218 568 2685 8219 571 2686 8220 1455 2686 8221 569 2686 8222 568 2687 8223 1455 2687 8224 1446 2687 8225 1443 2688 8226 1459 2688 8227 1442 2688 8228 1442 2689 8229 1459 2689 8230 1441 2689 8231 1448 2690 8232 1459 2690 8233 1443 2690 8234 573 2691 8235 1453 2691 8236 571 2691 8237 571 2692 8238 1453 2692 8239 1455 2692 8240 1448 2693 8241 1447 2693 8242 1459 2693 8243 1474 2694 8244 1475 2694 8245 1473 2694 8246 1474 2695 8247 1472 2695 8248 1465 2695 8249 1474 2696 8250 1473 2696 8251 1472 2696 8252 1476 2697 8253 1465 2697 8254 1463 2697 8255 1476 2698 8256 1474 2698 8257 1465 2698 8258 1477 2699 8259 1463 2699 8260 1452 2699 8261 1477 2700 8262 1476 2700 8263 1463 2700 8264 1478 2701 8265 1452 2701 8266 1450 2701 8267 1478 2702 8268 1477 2702 8269 1452 2702 8270 1479 2703 8271 1450 2703 8272 1451 2703 8273 1479 2704 8274 1478 2704 8275 1450 2704 8276 1480 2705 8277 1451 2705 8278 577 2705 8279 1480 2706 8280 1479 2706 8281 1451 2706 8282 1481 2707 8283 1480 2707 8284 577 2707 8285 1482 2708 8286 1477 2708 8287 1478 2708 8288 1483 2709 8289 1484 2709 8290 1485 2709 8291 1486 2710 8292 1487 2710 8293 1488 2710 8294 1483 2711 8295 1489 2711 8296 1490 2711 8297 1486 2712 8298 1491 2712 8299 1487 2712 8300 1482 2713 8301 1478 2713 8302 1492 2713 8303 1483 2714 8304 1485 2714 8305 1489 2714 8306 1493 2715 8307 1338 2715 8308 1344 2715 8309 1493 2716 8310 1490 2716 8311 1494 2716 8312 1495 2717 8313 1496 2717 8314 1497 2717 8315 1493 2718 8316 1494 2718 8317 1498 2718 8318 1499 2719 8319 1492 2719 8320 1500 2719 8321 1495 2720 8322 1501 2720 8323 1496 2720 8324 1493 2721 8325 1498 2721 8326 1338 2721 8327 1502 2722 8328 1480 2722 8329 1481 2722 8330 1503 2723 8331 1344 2723 8332 1348 2723 8333 1499 2724 8334 1500 2724 8335 1504 2724 8336 1503 2725 8337 1348 2725 8338 1484 2725 8339 1503 2726 8340 1483 2726 8341 1490 2726 8342 1503 2727 8343 1490 2727 8344 1493 2727 8345 1505 2728 8346 1506 2728 8347 1491 2728 8348 1503 2729 8349 1493 2729 8350 1344 2729 8351 1503 2730 8352 1484 2730 8353 1483 2730 8354 1505 2731 8355 1507 2731 8356 1506 2731 8357 1508 2732 8358 1504 2732 8359 1509 2732 8360 1510 2733 8361 1511 2733 8362 1512 2733 8363 1510 2734 8364 1513 2734 8365 1514 2734 8366 1510 2735 8367 1514 2735 8368 1511 2735 8369 1508 2736 8370 1509 2736 8371 1515 2736 8372 1510 2737 8373 1512 2737 8374 1516 2737 8375 1517 2738 8376 1476 2738 8377 1477 2738 8378 1518 2739 8379 1519 2739 8380 1501 2739 8381 1518 2740 8382 1516 2740 8383 1519 2740 8384 1517 2741 8385 1477 2741 8386 1482 2741 8387 1520 2742 8388 1521 2742 8389 1522 2742 8390 1523 2743 8391 1524 2743 8392 1507 2743 8393 1523 2744 8394 1525 2744 8395 1524 2744 8396 1520 2745 8397 1515 2745 8398 1521 2745 8399 1526 2746 8400 1497 2746 8401 1525 2746 8402 1526 2747 8403 1495 2747 8404 1497 2747 8405 1527 2748 8406 1492 2748 8407 1499 2748 8408 1527 2749 8409 1482 2749 8410 1492 2749 8411 1528 2750 8412 1522 2750 8413 1529 2750 8414 1530 2751 8415 1518 2751 8416 1501 2751 8417 1530 2752 8418 1501 2752 8419 1495 2752 8420 1528 2753 8421 1520 2753 8422 1522 2753 8423 1531 2754 8424 1491 2754 8425 1486 2754 8426 1532 2755 8427 1499 2755 8428 1504 2755 8429 1531 2756 8430 1505 2756 8431 1491 2756 8432 1532 2757 8433 1504 2757 8434 1508 2757 8435 1533 2758 8436 1507 2758 8437 1505 2758 8438 1533 2759 8439 1523 2759 8440 1507 2759 8441 1534 2760 8442 1515 2760 8443 1520 2760 8444 1534 2761 8445 1508 2761 8446 1515 2761 8447 1535 2762 8448 1347 2762 8449 1355 2762 8450 1535 2763 8451 1486 2763 8452 1488 2763 8453 1535 2764 8454 1488 2764 8455 1347 2764 8456 1536 2765 8457 1537 2765 8458 1475 2765 8459 1536 2766 8460 1474 2766 8461 1476 2766 8462 1538 2767 8463 1539 2767 8464 1513 2767 8465 1536 2768 8466 1475 2768 8467 1474 2768 8468 1538 2769 8469 1513 2769 8470 1510 2769 8471 1536 2770 8472 1476 2770 8473 1517 2770 8474 1538 2771 8475 1510 2771 8476 1516 2771 8477 1538 2772 8478 1516 2772 8479 1518 2772 8480 1512 2773 8481 1482 2773 8482 1527 2773 8483 1540 2774 8484 1525 2774 8485 1523 2774 8486 1347 2775 8487 1488 2775 8488 1121 2775 8489 1540 2776 8490 1526 2776 8491 1525 2776 8492 1512 2777 8493 1517 2777 8494 1482 2777 8495 1541 2778 8496 1528 2778 8497 1529 2778 8498 1542 2779 8499 1534 2779 8500 1520 2779 8501 1543 2780 8502 1495 2780 8503 1526 2780 8504 1543 2781 8505 1530 2781 8506 1495 2781 8507 1542 2782 8508 1520 2782 8509 1528 2782 8510 1544 2783 8511 1533 2783 8512 1505 2783 8513 1544 2784 8514 1505 2784 8515 1531 2784 8516 1519 2785 8517 1527 2785 8518 1499 2785 8519 1545 2786 8520 1518 2786 8521 1530 2786 8522 1545 2787 8523 1539 2787 8524 1538 2787 8525 1519 2788 8526 1499 2788 8527 1532 2788 8528 1545 2789 8529 1538 2789 8530 1518 2789 8531 1506 2790 8532 1541 2790 8533 1529 2790 8534 1506 2791 8535 1529 2791 8536 1487 2791 8537 1546 2792 8538 1523 2792 8539 1533 2792 8540 1546 2793 8541 1540 2793 8542 1523 2793 8543 1496 2794 8544 1508 2794 8545 1534 2794 8546 1496 2795 8547 1532 2795 8548 1508 2795 8549 1547 2796 8550 1526 2796 8551 1540 2796 8552 1547 2797 8553 1543 2797 8554 1526 2797 8555 1548 2798 8556 1355 2798 8557 1360 2798 8558 1524 2799 8559 1542 2799 8560 1528 2799 8561 1548 2800 8562 1535 2800 8563 1355 2800 8564 1548 2801 8565 1531 2801 8566 1486 2801 8567 1548 2802 8568 1486 2802 8569 1535 2802 8570 1524 2803 8571 1528 2803 8572 1541 2803 8573 1511 2804 8574 1536 2804 8575 1517 2804 8576 1549 2805 8577 1550 2805 8578 1539 2805 8579 1549 2806 8580 1539 2806 8581 1545 2806 8582 1511 2807 8583 1514 2807 8584 1537 2807 8585 1549 2808 8586 1530 2808 8587 1543 2808 8588 1511 2809 8589 1537 2809 8590 1536 2809 8591 1549 2810 8592 1545 2810 8593 1530 2810 8594 1511 2811 8595 1517 2811 8596 1512 2811 8597 1551 2812 8598 1479 2812 8599 1480 2812 8600 1497 2813 8601 1496 2813 8602 1534 2813 8603 1494 2814 8604 1533 2814 8605 1544 2814 8606 1497 2815 8607 1534 2815 8608 1542 2815 8609 1494 2816 8610 1546 2816 8611 1533 2816 8612 1551 2817 8613 1480 2817 8614 1502 2817 8615 1516 2818 8616 1512 2818 8617 1527 2818 8618 1500 2819 8619 1478 2819 8620 1479 2819 8621 1489 2820 8622 1540 2820 8623 1546 2820 8624 1489 2821 8625 1547 2821 8626 1540 2821 8627 1516 2822 8628 1527 2822 8629 1519 2822 8630 1500 2823 8631 1479 2823 8632 1551 2823 8633 1552 2824 8634 1531 2824 8635 1548 2824 8636 1509 2825 8637 1502 2825 8638 1553 2825 8639 1552 2826 8640 1360 2826 8641 1361 2826 8642 1491 2827 8643 1506 2827 8644 1487 2827 8645 1552 2828 8646 1548 2828 8647 1360 2828 8648 1509 2829 8649 1551 2829 8650 1502 2829 8651 1552 2830 8652 1544 2830 8653 1531 2830 8654 1554 2831 8655 1549 2831 8656 1543 2831 8657 1501 2832 8658 1519 2832 8659 1532 2832 8660 1554 2833 8661 1550 2833 8662 1549 2833 8663 1554 2834 8664 1543 2834 8665 1547 2834 8666 1501 2835 8667 1532 2835 8668 1496 2835 8669 1507 2836 8670 1541 2836 8671 1506 2836 8672 1490 2837 8673 1546 2837 8674 1494 2837 8675 1492 2838 8676 1478 2838 8677 1500 2838 8678 1490 2839 8679 1489 2839 8680 1546 2839 8681 1485 2840 8682 1484 2840 8683 1550 2840 8684 1485 2841 8685 1547 2841 8686 1489 2841 8687 1507 2842 8688 1524 2842 8689 1541 2842 8690 1504 2843 8691 1500 2843 8692 1551 2843 8693 1485 2844 8694 1550 2844 8695 1554 2844 8696 1504 2845 8697 1551 2845 8698 1509 2845 8699 1485 2846 8700 1554 2846 8701 1547 2846 8702 1525 2847 8703 1542 2847 8704 1524 2847 8705 1515 2848 8706 1553 2848 8707 1521 2848 8708 1498 2849 8709 1552 2849 8710 1361 2849 8711 1498 2850 8712 1336 2850 8713 1338 2850 8714 1498 2851 8715 1361 2851 8716 1336 2851 8717 1515 2852 8718 1509 2852 8719 1553 2852 8720 1498 2853 8721 1494 2853 8722 1544 2853 8723 1525 2854 8724 1497 2854 8725 1542 2854 8726 1498 2855 8727 1544 2855 8728 1552 2855 8729 1310 2856 8730 1348 2856 8731 1342 2856 8732 1312 2857 8733 1342 2857 8734 1332 2857 8735 1312 2858 8736 1310 2858 8737 1342 2858 8738 1327 2859 8739 1334 2859 8740 1357 2859 8741 1327 2860 8742 1332 2860 8743 1334 2860 8744 1327 2861 8745 1312 2861 8746 1332 2861 8747 1323 2862 8748 1357 2862 8749 1352 2862 8750 1323 2863 8751 1327 2863 8752 1357 2863 8753 1319 2864 8754 1352 2864 8755 1350 2864 8756 1319 2865 8757 1323 2865 8758 1352 2865 8759 1315 2866 8760 1350 2866 8761 1345 2866 8762 1315 2867 8763 1319 2867 8764 1350 2867 8765 1309 2868 8766 1345 2868 8767 1127 2868 8768 1309 2869 8769 1315 2869 8770 1345 2869 8771 1128 2870 8772 1309 2870 8773 1127 2870 8774 1555 2871 8775 1556 2871 8776 1557 2871 8777 1555 2872 8778 1557 2872 8779 1558 2872 8780 1559 2873 8781 1560 2873 8782 1561 2873 8783 1559 2874 8784 1561 2874 8785 1562 2874 8786 1559 2875 8787 1562 2875 8788 1563 2875 8789 1559 2876 8790 1563 2876 8791 1564 2876 8792 1152 2877 8793 1308 2877 8794 1134 2877 8795 1565 2878 8796 1558 2878 8797 1566 2878 8798 1565 2879 8799 1566 2879 8800 1567 2879 8801 1568 2880 8802 1287 2880 8803 1298 2880 8804 1568 2881 8805 1136 2881 8806 1287 2881 8807 1568 2882 8808 1567 2882 8809 1137 2882 8810 1568 2883 8811 1137 2883 8812 1136 2883 8813 1569 2884 8814 1570 2884 8815 1571 2884 8816 1569 2885 8817 1564 2885 8818 1570 2885 8819 1572 2886 8820 1571 2886 8821 1556 2886 8822 1572 2887 8823 1556 2887 8824 1555 2887 8825 1573 2888 8826 1558 2888 8827 1565 2888 8828 1573 2889 8829 1555 2889 8830 1558 2889 8831 1574 2890 8832 1575 2890 8833 1560 2890 8834 1574 2891 8835 1560 2891 8836 1559 2891 8837 1574 2892 8838 1559 2892 8839 1564 2892 8840 1574 2893 8841 1564 2893 8842 1569 2893 8843 1576 2894 8844 1298 2894 8845 1300 2894 8846 1576 2895 8847 1568 2895 8848 1298 2895 8849 1576 2896 8850 1565 2896 8851 1567 2896 8852 1576 2897 8853 1567 2897 8854 1568 2897 8855 1577 2898 8856 1569 2898 8857 1571 2898 8858 1578 2899 8859 1310 2899 8860 1311 2899 8861 1577 2900 8862 1571 2900 8863 1572 2900 8864 1579 2901 8865 1572 2901 8866 1555 2901 8867 1579 2902 8868 1555 2902 8869 1573 2902 8870 1580 2903 8871 1303 2903 8872 1305 2903 8873 1580 2904 8874 1300 2904 8875 1303 2904 8876 1580 2905 8877 1576 2905 8878 1300 2905 8879 1580 2906 8880 1573 2906 8881 1565 2906 8882 1580 2907 8883 1565 2907 8884 1576 2907 8885 1581 2908 8886 1582 2908 8887 1575 2908 8888 1581 2909 8889 1575 2909 8890 1574 2909 8891 1581 2910 8892 1574 2910 8893 1569 2910 8894 1581 2911 8895 1569 2911 8896 1577 2911 8897 1583 2912 8898 1577 2912 8899 1572 2912 8900 1583 2913 8901 1572 2913 8902 1579 2913 8903 1584 2914 8904 1305 2914 8905 1280 2914 8906 1584 2915 8907 1579 2915 8908 1573 2915 8909 1584 2916 8910 1580 2916 8911 1305 2916 8912 1584 2917 8913 1573 2917 8914 1580 2917 8915 1585 2918 8916 1586 2918 8917 1582 2918 8918 1585 2919 8919 1582 2919 8920 1581 2919 8921 1585 2920 8922 1581 2920 8923 1577 2920 8924 1585 2921 8925 1577 2921 8926 1583 2921 8927 1587 2922 8928 1583 2922 8929 1579 2922 8930 1587 2923 8931 1584 2923 8932 1280 2923 8933 1587 2924 8934 1579 2924 8935 1584 2924 8936 1588 2925 8937 1280 2925 8938 1282 2925 8939 1588 2926 8940 1589 2926 8941 1586 2926 8942 1588 2927 8943 1282 2927 8944 1589 2927 8945 1588 2928 8946 1583 2928 8947 1587 2928 8948 1588 2929 8949 1586 2929 8950 1585 2929 8951 1588 2930 8952 1585 2930 8953 1583 2930 8954 1588 2931 8955 1587 2931 8956 1280 2931 8957 1287 2932 8958 1136 2932 8959 1135 2932 8960 1288 2933 8961 1589 2933 8962 1282 2933 8963 1590 2934 8964 1316 2934 8965 1308 2934 8966 1590 2935 8967 1308 2935 8968 1152 2935 8969 1591 2936 8970 1320 2936 8971 1316 2936 8972 1591 2937 8973 1316 2937 8974 1590 2937 8975 1592 2938 8976 1590 2938 8977 1152 2938 8978 1592 2939 8979 1152 2939 8980 1151 2939 8981 1593 2940 8982 1320 2940 8983 1591 2940 8984 1594 2941 8985 1591 2941 8986 1590 2941 8987 1594 2942 8988 1590 2942 8989 1592 2942 8990 1595 2943 8991 1151 2943 8992 1150 2943 8993 1595 2944 8994 1592 2944 8995 1151 2944 8996 1596 2945 8997 1324 2945 8998 1320 2945 8999 1596 2946 9000 1320 2946 9001 1593 2946 9002 1597 2947 9003 1591 2947 9004 1594 2947 9005 1597 2948 9006 1593 2948 9007 1591 2948 9008 1598 2949 9009 1594 2949 9010 1592 2949 9011 1598 2950 9012 1592 2950 9013 1595 2950 9014 1599 2951 9015 1595 2951 9016 1150 2951 9017 1599 2952 9018 1150 2952 9019 1149 2952 9020 1600 2953 9021 1328 2953 9022 1324 2953 9023 1600 2954 9024 1324 2954 9025 1596 2954 9026 1601 2955 9027 1596 2955 9028 1593 2955 9029 1601 2956 9030 1593 2956 9031 1597 2956 9032 1602 2957 9033 1594 2957 9034 1598 2957 9035 1602 2958 9036 1597 2958 9037 1594 2958 9038 1603 2959 9039 1330 2959 9040 1328 2959 9041 1603 2960 9042 1311 2960 9043 1330 2960 9044 1603 2961 9045 1578 2961 9046 1311 2961 9047 1603 2962 9048 1328 2962 9049 1600 2962 9050 1604 2963 9051 1598 2963 9052 1595 2963 9053 1604 2964 9054 1595 2964 9055 1599 2964 9056 1605 2965 9057 1149 2965 9058 1148 2965 9059 1605 2966 9060 1599 2966 9061 1149 2966 9062 1606 2967 9063 1596 2967 9064 1601 2967 9065 1606 2968 9066 1600 2968 9067 1596 2968 9068 1607 2969 9069 1601 2969 9070 1597 2969 9071 1607 2970 9072 1597 2970 9073 1602 2970 9074 1608 2971 9075 1598 2971 9076 1604 2971 9077 1608 2972 9078 1602 2972 9079 1598 2972 9080 1609 2973 9081 1578 2973 9082 1603 2973 9083 1609 2974 9084 1610 2974 9085 1578 2974 9086 1609 2975 9087 1600 2975 9088 1606 2975 9089 1609 2976 9090 1603 2976 9091 1600 2976 9092 1611 2977 9093 1604 2977 9094 1599 2977 9095 1611 2978 9096 1599 2978 9097 1605 2978 9098 1612 2979 9099 1605 2979 9100 1148 2979 9101 1612 2980 9102 1148 2980 9103 1147 2980 9104 1613 2981 9105 1601 2981 9106 1607 2981 9107 1613 2982 9108 1606 2982 9109 1601 2982 9110 1614 2983 9111 1602 2983 9112 1608 2983 9113 1614 2984 9114 1607 2984 9115 1602 2984 9116 1615 2985 9117 1604 2985 9118 1611 2985 9119 1615 2986 9120 1608 2986 9121 1604 2986 9122 1616 2987 9123 1610 2987 9124 1609 2987 9125 1616 2988 9126 1617 2988 9127 1610 2988 9128 1616 2989 9129 1609 2989 9130 1606 2989 9131 1616 2990 9132 1606 2990 9133 1613 2990 9134 1618 2991 9135 1605 2991 9136 1612 2991 9137 1618 2992 9138 1611 2992 9139 1605 2992 9140 1619 2993 9141 1147 2993 9142 1146 2993 9143 1619 2994 9144 1612 2994 9145 1147 2994 9146 1620 2995 9147 1613 2995 9148 1607 2995 9149 1620 2996 9150 1607 2996 9151 1614 2996 9152 1621 2997 9153 1608 2997 9154 1615 2997 9155 1621 2998 9156 1614 2998 9157 1608 2998 9158 1622 2999 9159 1611 2999 9160 1618 2999 9161 1622 3000 9162 1615 3000 9163 1611 3000 9164 1623 3001 9165 1624 3001 9166 1617 3001 9167 1623 3002 9168 1617 3002 9169 1616 3002 9170 1623 3003 9171 1613 3003 9172 1620 3003 9173 1623 3004 9174 1616 3004 9175 1613 3004 9176 1625 3005 9177 1618 3005 9178 1612 3005 9179 1625 3006 9180 1612 3006 9181 1619 3006 9182 1626 3007 9183 1146 3007 9184 1145 3007 9185 1626 3008 9186 1619 3008 9187 1146 3008 9188 1627 3009 9189 1620 3009 9190 1614 3009 9191 1627 3010 9192 1614 3010 9193 1621 3010 9194 1628 3011 9195 1621 3011 9196 1615 3011 9197 1628 3012 9198 1615 3012 9199 1622 3012 9200 1629 3013 9201 1622 3013 9202 1618 3013 9203 1629 3014 9204 1618 3014 9205 1625 3014 9206 1630 3015 9207 1631 3015 9208 1624 3015 9209 1630 3016 9210 1620 3016 9211 1627 3016 9212 1630 3017 9213 1624 3017 9214 1623 3017 9215 1630 3018 9216 1623 3018 9217 1620 3018 9218 1632 3019 9219 1619 3019 9220 1626 3019 9221 1632 3020 9222 1625 3020 9223 1619 3020 9224 1633 3021 9225 1145 3021 9226 1144 3021 9227 1633 3022 9228 1626 3022 9229 1145 3022 9230 1634 3023 9231 1627 3023 9232 1621 3023 9233 1634 3024 9234 1621 3024 9235 1628 3024 9236 1635 3025 9237 1628 3025 9238 1622 3025 9239 1635 3026 9240 1622 3026 9241 1629 3026 9242 1636 3027 9243 1629 3027 9244 1625 3027 9245 1636 3028 9246 1625 3028 9247 1632 3028 9248 1637 3029 9249 1627 3029 9250 1634 3029 9251 1637 3030 9252 1630 3030 9253 1627 3030 9254 1637 3031 9255 1638 3031 9256 1631 3031 9257 1637 3032 9258 1631 3032 9259 1630 3032 9260 1639 3033 9261 1626 3033 9262 1633 3033 9263 1639 3034 9264 1632 3034 9265 1626 3034 9266 1640 3035 9267 1633 3035 9268 1144 3035 9269 1640 3036 9270 1144 3036 9271 1143 3036 9272 1641 3037 9273 1628 3037 9274 1635 3037 9275 1641 3038 9276 1634 3038 9277 1628 3038 9278 1642 3039 9279 1635 3039 9280 1629 3039 9281 1642 3040 9282 1629 3040 9283 1636 3040 9284 1643 3041 9285 1636 3041 9286 1632 3041 9287 1643 3042 9288 1632 3042 9289 1639 3042 9290 1644 3043 9291 1645 3043 9292 1638 3043 9293 1644 3044 9294 1637 3044 9295 1634 3044 9296 1644 3045 9297 1638 3045 9298 1637 3045 9299 1644 3046 9300 1634 3046 9301 1641 3046 9302 1646 3047 9303 1633 3047 9304 1640 3047 9305 1646 3048 9306 1639 3048 9307 1633 3048 9308 1647 3049 9309 1640 3049 9310 1143 3049 9311 1647 3050 9312 1143 3050 9313 1142 3050 9314 1648 3051 9315 1641 3051 9316 1635 3051 9317 1648 3052 9318 1635 3052 9319 1642 3052 9320 1649 3053 9321 1642 3053 9322 1636 3053 9323 1649 3054 9324 1636 3054 9325 1643 3054 9326 1650 3055 9327 1643 3055 9328 1639 3055 9329 1650 3056 9330 1639 3056 9331 1646 3056 9332 1651 3057 9333 1641 3057 9334 1648 3057 9335 1651 3058 9336 1652 3058 9337 1645 3058 9338 1651 3059 9339 1645 3059 9340 1644 3059 9341 1651 3060 9342 1644 3060 9343 1641 3060 9344 1653 3061 9345 1646 3061 9346 1640 3061 9347 1653 3062 9348 1640 3062 9349 1647 3062 9350 1654 3063 9351 1142 3063 9352 1141 3063 9353 1654 3064 9354 1647 3064 9355 1142 3064 9356 1655 3065 9357 1648 3065 9358 1642 3065 9359 1655 3066 9360 1642 3066 9361 1649 3066 9362 1656 3067 9363 1643 3067 9364 1650 3067 9365 1656 3068 9366 1649 3068 9367 1643 3068 9368 1657 3069 9369 1646 3069 9370 1653 3069 9371 1657 3070 9372 1650 3070 9373 1646 3070 9374 1658 3071 9375 1659 3071 9376 1652 3071 9377 1658 3072 9378 1651 3072 9379 1648 3072 9380 1658 3073 9381 1652 3073 9382 1651 3073 9383 1658 3074 9384 1648 3074 9385 1655 3074 9386 1660 3075 9387 1653 3075 9388 1647 3075 9389 1660 3076 9390 1647 3076 9391 1654 3076 9392 1661 3077 9393 1141 3077 9394 1140 3077 9395 1661 3078 9396 1654 3078 9397 1141 3078 9398 1662 3079 9399 1655 3079 9400 1649 3079 9401 1662 3080 9402 1649 3080 9403 1656 3080 9404 1663 3081 9405 1656 3081 9406 1650 3081 9407 1663 3082 9408 1650 3082 9409 1657 3082 9410 1664 3083 9411 1653 3083 9412 1660 3083 9413 1664 3084 9414 1657 3084 9415 1653 3084 9416 1665 3085 9417 1666 3085 9418 1659 3085 9419 1665 3086 9420 1659 3086 9421 1658 3086 9422 1665 3087 9423 1658 3087 9424 1655 3087 9425 1665 3088 9426 1655 3088 9427 1662 3088 9428 1667 3089 9429 1660 3089 9430 1654 3089 9431 1667 3090 9432 1654 3090 9433 1661 3090 9434 1668 3091 9435 1140 3091 9436 1139 3091 9437 1668 3092 9438 1661 3092 9439 1140 3092 9440 1669 3093 9441 1662 3093 9442 1656 3093 9443 1669 3094 9444 1656 3094 9445 1663 3094 9446 1670 3095 9447 1663 3095 9448 1657 3095 9449 1670 3096 9450 1657 3096 9451 1664 3096 9452 1671 3097 9453 1660 3097 9454 1667 3097 9455 1671 3098 9456 1664 3098 9457 1660 3098 9458 1672 3099 9459 1665 3099 9460 1662 3099 9461 1672 3100 9462 1673 3100 9463 1666 3100 9464 1672 3101 9465 1666 3101 9466 1665 3101 9467 1672 3102 9468 1662 3102 9469 1669 3102 9470 1557 3103 9471 1667 3103 9472 1661 3103 9473 1557 3104 9474 1661 3104 9475 1668 3104 9476 1566 3105 9477 1668 3105 9478 1139 3105 9479 1566 3106 9480 1139 3106 9481 1138 3106 9482 1563 3107 9483 1669 3107 9484 1663 3107 9485 1563 3108 9486 1663 3108 9487 1670 3108 9488 1570 3109 9489 1670 3109 9490 1664 3109 9491 1570 3110 9492 1664 3110 9493 1671 3110 9494 1556 3111 9495 1671 3111 9496 1667 3111 9497 1556 3112 9498 1667 3112 9499 1557 3112 9500 1562 3113 9501 1669 3113 9502 1563 3113 9503 1562 3114 9504 1561 3114 9505 1673 3114 9506 1562 3115 9507 1673 3115 9508 1672 3115 9509 1562 3116 9510 1672 3116 9511 1669 3116 9512 1558 3117 9513 1557 3117 9514 1668 3117 9515 1558 3118 9516 1668 3118 9517 1566 3118 9518 1567 3119 9519 1566 3119 9520 1138 3119 9521 1567 3120 9522 1138 3120 9523 1137 3120 9524 1564 3121 9525 1563 3121 9526 1670 3121 9527 1564 3122 9528 1670 3122 9529 1570 3122 9530 1571 3123 9531 1570 3123 9532 1671 3123 9533 1571 3124 9534 1671 3124 9535 1556 3124 9536 1268 3125 9537 1288 3125 9538 1289 3125 9539 1273 3126 9540 1289 3126 9541 1307 3126 9542 1273 3127 9543 1268 3127 9544 1289 3127 9545 1270 3128 9546 1307 3128 9547 1306 3128 9548 1270 3129 9549 1273 3129 9550 1307 3129 9551 1263 3130 9552 1306 3130 9553 1295 3130 9554 1263 3131 9555 1270 3131 9556 1306 3131 9557 1258 3132 9558 1295 3132 9559 1292 3132 9560 1258 3133 9561 1263 3133 9562 1295 3133 9563 1248 3134 9564 1292 3134 9565 1291 3134 9566 1248 3135 9567 1258 3135 9568 1292 3135 9569 1246 3136 9570 1291 3136 9571 1286 3136 9572 1246 3137 9573 1248 3137 9574 1291 3137 9575 1271 3138 9576 1286 3138 9577 1158 3138 9578 1271 3139 9579 1246 3139 9580 1286 3139 9581 1159 3140 9582 1271 3140 9583 1158 3140 9584 1674 3141 9585 1675 3141 9586 1676 3141 9587 1674 3142 9588 1677 3142 9589 1675 3142 9590 1678 3143 9591 1259 3143 9592 1261 3143 9593 1678 3144 9594 1261 3144 9595 1679 3144 9596 1680 3145 9597 1681 3145 9598 1682 3145 9599 1680 3146 9600 1676 3146 9601 1681 3146 9602 1683 3147 9603 1169 3147 9604 1170 3147 9605 1683 3148 9606 1170 3148 9607 1171 3148 9608 1683 3149 9609 1171 3149 9610 1244 3149 9611 1683 3150 9612 1682 3150 9613 1169 3150 9614 1684 3151 9615 1677 3151 9616 1674 3151 9617 1684 3152 9618 1679 3152 9619 1677 3152 9620 1685 3153 9621 1676 3153 9622 1680 3153 9623 1685 3154 9624 1674 3154 9625 1676 3154 9626 1686 3155 9627 1265 3155 9628 1259 3155 9629 1686 3156 9630 1267 3156 9631 1265 3156 9632 1686 3157 9633 1259 3157 9634 1678 3157 9635 1686 3158 9636 1687 3158 9637 1267 3158 9638 1688 3159 9639 1678 3159 9640 1679 3159 9641 1688 3160 9642 1679 3160 9643 1684 3160 9644 1689 3161 9645 1244 3161 9646 1245 3161 9647 1689 3162 9648 1683 3162 9649 1244 3162 9650 1689 3163 9651 1680 3163 9652 1682 3163 9653 1689 3164 9654 1682 3164 9655 1683 3164 9656 1690 3165 9657 1684 3165 9658 1674 3165 9659 1690 3166 9660 1674 3166 9661 1685 3166 9662 1691 3167 9663 1245 3167 9664 1197 3167 9665 1687 3168 9666 1268 3168 9667 1267 3168 9668 1691 3169 9669 1689 3169 9670 1245 3169 9671 1691 3170 9672 1685 3170 9673 1680 3170 9674 1691 3171 9675 1680 3171 9676 1689 3171 9677 1692 3172 9678 1693 3172 9679 1687 3172 9680 1692 3173 9681 1687 3173 9682 1686 3173 9683 1692 3174 9684 1686 3174 9685 1678 3174 9686 1692 3175 9687 1678 3175 9688 1688 3175 9689 1694 3176 9690 1688 3176 9691 1684 3176 9692 1694 3177 9693 1684 3177 9694 1690 3177 9695 1695 3178 9696 1685 3178 9697 1691 3178 9698 1695 3179 9699 1197 3179 9700 1196 3179 9701 1695 3180 9702 1691 3180 9703 1197 3180 9704 1695 3181 9705 1690 3181 9706 1685 3181 9707 1696 3182 9708 1692 3182 9709 1688 3182 9710 1696 3183 9711 1697 3183 9712 1693 3183 9713 1696 3184 9714 1693 3184 9715 1692 3184 9716 1696 3185 9717 1688 3185 9718 1694 3185 9719 1698 3186 9720 1694 3186 9721 1690 3186 9722 1698 3187 9723 1695 3187 9724 1196 3187 9725 1698 3188 9726 1196 3188 9727 1214 3188 9728 1698 3189 9729 1690 3189 9730 1695 3189 9731 1223 3190 9732 1699 3190 9733 1224 3190 9734 1700 3191 9735 1697 3191 9736 1696 3191 9737 1701 3192 9738 1255 3192 9739 1166 3192 9740 1700 3193 9741 1696 3193 9742 1694 3193 9743 1700 3194 9744 1698 3194 9745 1214 3194 9746 1700 3195 9747 1214 3195 9748 1224 3195 9749 1700 3196 9750 1699 3196 9751 1697 3196 9752 1701 3197 9753 1166 3197 9754 1167 3197 9755 1700 3198 9756 1694 3198 9757 1698 3198 9758 1700 3199 9759 1224 3199 9760 1699 3199 9761 1675 3200 9762 1276 3200 9763 1255 3200 9764 1675 3201 9765 1255 3201 9766 1701 3201 9767 1681 3202 9768 1167 3202 9769 1168 3202 9770 1681 3203 9771 1701 3203 9772 1167 3203 9773 1677 3204 9774 1277 3204 9775 1276 3204 9776 1677 3205 9777 1279 3205 9778 1277 3205 9779 1677 3206 9780 1276 3206 9781 1675 3206 9782 1676 3207 9783 1675 3207 9784 1701 3207 9785 1676 3208 9786 1701 3208 9787 1681 3208 9788 1682 3209 9789 1168 3209 9790 1169 3209 9791 1682 3210 9792 1681 3210 9793 1168 3210 9794 1679 3211 9795 1261 3211 9796 1279 3211 9797 1679 3212 9798 1279 3212 9799 1677 3212 9800 1638 3213 9801 1398 3213 9802 1631 3213 9803 1645 3214 9804 1398 3214 9805 1638 3214 9806 1687 3215 9807 1288 3215 9808 1268 3215 9809 1405 3216 9810 1436 3216 9811 1438 3216 9812 1405 3217 9813 1434 3217 9814 1436 3217 9815 1405 3218 9816 1432 3218 9817 1434 3218 9818 1589 3213 9819 1288 3213 9820 1687 3213 9821 1405 3219 9822 1427 3219 9823 1432 3219 9824 1405 3220 9825 1423 3220 9826 1427 3220 9827 1405 3221 9828 1422 3221 9829 1423 3221 9830 1652 3222 9831 1398 3222 9832 1645 3222 9833 1440 3223 9834 1405 3223 9835 1438 3223 9836 1693 3224 9837 1589 3224 9838 1687 3224 9839 1458 3213 9840 1440 3213 9841 1457 3213 9842 1586 3213 9843 1589 3213 9844 1693 3213 9845 1462 3213 9846 1440 3213 9847 1458 3213 9848 1697 3213 9849 1586 3213 9850 1693 3213 9851 1582 3213 9852 1586 3213 9853 1697 3213 9854 1471 3225 9855 1467 3225 9856 1469 3225 9857 1471 3213 9858 1462 3213 9859 1467 3213 9860 1473 3213 9861 1405 3213 9862 1440 3213 9863 1473 3226 9864 1440 3226 9865 1462 3226 9866 1473 3227 9867 1462 3227 9868 1471 3227 9869 1699 3213 9870 1575 3213 9871 1582 3213 9872 1699 3228 9873 1582 3228 9874 1697 3228 9875 1475 3229 9876 1405 3229 9877 1473 3229 9878 1223 3213 9879 1560 3213 9880 1575 3213 9881 1223 3230 9882 1575 3230 9883 1699 3230 9884 1222 3213 9885 1560 3213 9886 1223 3213 9887 1243 3231 9888 1561 3231 9889 1560 3231 9890 1243 3232 9891 1560 3232 9892 1222 3232 9893 1310 3213 9894 1484 3213 9895 1348 3213 9896 1205 3233 9897 1561 3233 9898 1243 3233 9899 1578 3234 9900 1484 3234 9901 1310 3234 9902 1204 3235 9903 1673 3235 9904 1561 3235 9905 1578 3236 9906 1550 3236 9907 1484 3236 9908 1610 3213 9909 1550 3213 9910 1578 3213 9911 1204 3237 9912 1561 3237 9913 1205 3237 9914 1610 3238 9915 1539 3238 9916 1550 3238 9917 1610 3239 9918 1513 3239 9919 1539 3239 9920 1220 3240 9921 1666 3240 9922 1673 3240 9923 1220 3241 9924 1659 3241 9925 1666 3241 9926 1617 3242 9927 1513 3242 9928 1610 3242 9929 1220 3243 9930 1673 3243 9931 1204 3243 9932 1220 3213 9933 1398 3213 9934 1659 3213 9935 1659 3213 9936 1398 3213 9937 1652 3213 9938 1403 3213 9939 1513 3213 9940 1617 3213 9941 1403 3244 9942 1514 3244 9943 1513 3244 9944 1403 3245 9945 1537 3245 9946 1514 3245 9947 1403 3246 9948 1475 3246 9949 1537 3246 9950 1403 3247 9951 1405 3247 9952 1475 3247 9953 1393 3248 9954 1400 3248 9955 1403 3248 9956 1393 3213 9957 1397 3213 9958 1400 3213 9959 1398 3249 9960 1392 3249 9961 1393 3249 9962 1398 3213 9963 1393 3213 9964 1403 3213 9965 1624 3213 9966 1403 3213 9967 1617 3213 9968 1624 3250 9969 1398 3250 9970 1403 3250 9971 1631 3213 9972 1398 3213 9973 1624 3213 9974 608 3251 9975 1121 3251 9976 1059 3251 9977 1059 3252 9978 1488 3252 9979 1064 3252 9980 1121 3253 9981 1488 3253 9982 1059 3253 9983 1064 3254 9984 1487 3254 9985 998 3254 9986 1488 3255 9987 1487 3255 9988 1064 3255 9989 998 3256 9990 1529 3256 9991 1020 3256 9992 1487 3257 9993 1529 3257 9994 998 3257 9995 1020 3258 9996 1522 3258 9997 1047 3258 9998 1529 3256 9999 1522 3256 10000 1020 3256 10001 1047 3259 10002 1521 3259 10003 1026 3259 10004 1522 3260 10005 1521 3260 10006 1047 3260 10007 1026 3261 10008 1553 3261 10009 1027 3261 10010 1521 3262 10011 1553 3262 10012 1026 3262 10013 1027 3263 10014 1502 3263 10015 1041 3263 10016 1553 3264 10017 1502 3264 10018 1027 3264 10019 1502 3263 10020 1481 3263 10021 1041 3263 10022 1481 3265 10023 576 3265 10024 1041 3265 10025 1481 3266 10026 577 3266 10027 576 3266 10028 593 3267 10029 197 3267 10030 594 3267 10031 593 3268 10032 1389 3268 10033 197 3268 10034 180 3269 10035 200 3269 10036 205 3269 10037 1363 3270 10038 154 3270 10039 160 3270 10040 1363 3271 10041 143 3271 10042 154 3271 10043 169 3272 10044 205 3272 10045 208 3272 10046 169 3273 10047 180 3273 10048 205 3273 10049 1368 3274 10050 160 3274 10051 169 3274 10052 1368 3275 10053 1363 3275 10054 160 3275 10055 1373 3276 10056 169 3276 10057 208 3276 10058 1373 3277 10059 1368 3277 10060 169 3277 10061 1375 3278 10062 208 3278 10063 198 3278 10064 1375 3279 10065 1373 3279 10066 208 3279 10067 1389 3280 10068 198 3280 10069 197 3280 10070 1389 3281 10071 1375 3281 10072 198 3281 10073 180 3282 10074 57 3282 10075 200 3282 10076 1702 3283 10077 1703 3283 10078 1704 3283 10079 1704 3284 10080 1703 3284 10081 1705 3284 10082 1706 3285 10083 1707 3285 10084 1708 3285 10085 1709 3286 10086 1707 3286 10087 1710 3286 10088 1710 3287 10089 1707 3287 10090 1706 3287 10091 1711 3288 10092 1707 3288 10093 1709 3288 10094 1712 3289 10095 1713 3289 10096 1714 3289 10097 1705 3290 10098 1715 3290 10099 1711 3290 10100 1703 3291 10101 1715 3291 10102 1705 3291 10103 1716 3292 10104 1717 3292 10105 1702 3292 10106 1718 3293 10107 1717 3293 10108 1716 3293 10109 1702 3294 10110 1717 3294 10111 1703 3294 10112 1719 3295 10113 1717 3295 10114 1718 3295 10115 1708 3296 10116 1720 3296 10117 1721 3296 10118 1715 3297 10119 1720 3297 10120 1711 3297 10121 1707 3298 10122 1720 3298 10123 1708 3298 10124 1711 3299 10125 1720 3299 10126 1707 3299 10127 1722 3300 10128 1723 3300 10129 1719 3300 10130 1724 3301 10131 1723 3301 10132 1722 3301 10133 1703 3302 10134 1723 3302 10135 1715 3302 10136 1719 3303 10137 1723 3303 10138 1717 3303 10139 1717 3304 10140 1723 3304 10141 1703 3304 10142 1721 3305 10143 1725 3305 10144 1726 3305 10145 1727 3306 10146 1725 3306 10147 1724 3306 10148 1720 3307 10149 1725 3307 10150 1721 3307 10151 1724 3308 10152 1725 3308 10153 1723 3308 10154 1728 3309 10155 1729 3309 10156 1730 3309 10157 1726 3310 10158 1725 3310 10159 1727 3310 10160 1715 3311 10161 1725 3311 10162 1720 3311 10163 1723 3312 10164 1725 3312 10165 1715 3312 10166 1731 3313 10167 1732 3313 10168 1718 3313 10169 1732 3314 10170 1719 3314 10171 1718 3314 10172 1727 3315 10173 1733 3315 10174 1726 3315 10175 1734 3316 10176 1735 3316 10177 1713 3316 10178 1714 3317 10179 1735 3317 10180 1736 3317 10181 1713 3318 10182 1735 3318 10183 1714 3318 10184 1737 3319 10185 1738 3319 10186 1739 3319 10187 1736 3320 10188 1738 3320 10189 1737 3320 10190 1735 3321 10191 1738 3321 10192 1736 3321 10193 1740 3322 10194 1741 3322 10195 1734 3322 10196 1734 3323 10197 1741 3323 10198 1735 3323 10199 1742 3324 10200 1743 3324 10201 1744 3324 10202 1729 3325 10203 1743 3325 10204 1742 3325 10205 1739 3326 10206 1743 3326 10207 1728 3326 10208 1728 3327 10209 1743 3327 10210 1729 3327 10211 1738 3328 10212 1743 3328 10213 1739 3328 10214 1741 3329 10215 1709 3329 10216 1735 3329 10217 1735 3330 10218 1709 3330 10219 1738 3330 10220 1704 3331 10221 1705 3331 10222 1740 3331 10223 1740 3332 10224 1705 3332 10225 1741 3332 10226 1744 3333 10227 1710 3333 10228 1706 3333 10229 1738 3334 10230 1710 3334 10231 1743 3334 10232 1743 3335 10233 1710 3335 10234 1744 3335 10235 1709 3336 10236 1710 3336 10237 1738 3336 10238 1741 3337 10239 1711 3337 10240 1709 3337 10241 1705 3338 10242 1711 3338 10243 1741 3338 10244 1731 3339 10245 1745 3339 10246 1732 3339 10247 1724 3340 10248 1746 3340 10249 1727 3340 10250 1727 3341 10251 1746 3341 10252 1733 3341 10253 1747 3342 10254 1748 3342 10255 1749 3342 10256 1750 3343 10257 1748 3343 10258 1747 3343 10259 1751 3344 10260 1748 3344 10261 1750 3344 10262 1752 3345 10263 1753 3345 10264 1751 3345 10265 1751 3346 10266 1753 3346 10267 1748 3346 10268 1754 3347 10269 1755 3347 10270 1752 3347 10271 1752 3348 10272 1755 3348 10273 1753 3348 10274 1756 3349 10275 1757 3349 10276 1754 3349 10277 1758 3350 10278 1757 3350 10279 1756 3350 10280 1759 3351 10281 1757 3351 10282 1758 3351 10283 1754 3352 10284 1757 3352 10285 1755 3352 10286 1760 3353 10287 1761 3353 10288 1762 3353 10289 1763 3354 10290 1761 3354 10291 1760 3354 10292 1763 3355 10293 1764 3355 10294 1761 3355 10295 1765 3356 10296 1766 3356 10297 1763 3356 10298 1763 3357 10299 1766 3357 10300 1764 3357 10301 1767 3358 10302 1768 3358 10303 1765 3358 10304 1765 3359 10305 1768 3359 10306 1766 3359 10307 1767 3360 10308 1769 3360 10309 1768 3360 10310 1770 3361 10311 1771 3361 10312 1767 3361 10313 1767 3362 10314 1771 3362 10315 1769 3362 10316 1772 3363 10317 1773 3363 10318 1770 3363 10319 1770 3364 10320 1773 3364 10321 1771 3364 10322 1712 3365 10323 1714 3365 10324 1774 3365 10325 1775 3366 10326 1776 3366 10327 1745 3366 10328 1745 3367 10329 1776 3367 10330 1732 3367 10331 1776 3368 10332 1777 3368 10333 1732 3368 10334 1775 3369 10335 1777 3369 10336 1776 3369 10337 1732 3370 10338 1777 3370 10339 1719 3370 10340 1777 3371 10341 1778 3371 10342 1719 3371 10343 1719 3372 10344 1778 3372 10345 1722 3372 10346 1722 3373 10347 1778 3373 10348 1724 3373 10349 1746 3374 10350 1778 3374 10351 1779 3374 10352 1724 3375 10353 1778 3375 10354 1746 3375 10355 1780 3376 10356 1781 3376 10357 1775 3376 10358 1775 3377 10359 1782 3377 10360 1777 3377 10361 1781 3378 10362 1782 3378 10363 1775 3378 10364 1780 3379 10365 1783 3379 10366 1781 3379 10367 1782 3380 10368 1784 3380 10369 1777 3380 10370 1778 3381 10371 1784 3381 10372 1779 3381 10373 1777 3382 10374 1784 3382 10375 1778 3382 10376 1783 3383 10377 1785 3383 10378 1781 3383 10379 1781 3384 10380 1785 3384 10381 1782 3384 10382 1782 3385 10383 1786 3385 10384 1784 3385 10385 1784 3386 10386 1786 3386 10387 1779 3386 10388 1779 3387 10389 1786 3387 10390 1787 3387 10391 1785 3388 10392 1786 3388 10393 1782 3388 10394 1780 3389 10395 1788 3389 10396 1783 3389 10397 1789 3390 10398 1788 3390 10399 1780 3390 10400 1790 3391 10401 1791 3391 10402 1789 3391 10403 1789 3392 10404 1791 3392 10405 1788 3392 10406 1788 3393 10407 1792 3393 10408 1783 3393 10409 1783 3394 10410 1792 3394 10411 1785 3394 10412 1791 3395 10413 1793 3395 10414 1788 3395 10415 1788 3396 10416 1793 3396 10417 1792 3396 10418 1792 3397 10419 1794 3397 10420 1785 3397 10421 1786 3398 10422 1794 3398 10423 1787 3398 10424 1785 3399 10425 1794 3399 10426 1786 3399 10427 1790 3400 10428 1795 3400 10429 1791 3400 10430 1794 3401 10431 1796 3401 10432 1787 3401 10433 1793 3402 10434 1796 3402 10435 1792 3402 10436 1792 3403 10437 1796 3403 10438 1794 3403 10439 1791 3404 10440 1797 3404 10441 1793 3404 10442 1795 3405 10443 1797 3405 10444 1791 3405 10445 1797 3406 10446 1798 3406 10447 1793 3406 10448 1793 3407 10449 1798 3407 10450 1796 3407 10451 1796 3408 10452 1798 3408 10453 1787 3408 10454 1787 3409 10455 1798 3409 10456 1759 3409 10457 1799 3410 10458 1800 3410 10459 1790 3410 10460 1790 3411 10461 1800 3411 10462 1795 3411 10463 1800 3412 10464 1801 3412 10465 1795 3412 10466 1795 3413 10467 1801 3413 10468 1797 3413 10469 1797 3414 10470 1802 3414 10471 1798 3414 10472 1798 3415 10473 1802 3415 10474 1759 3415 10475 1801 3416 10476 1802 3416 10477 1797 3416 10478 1799 3417 10479 1803 3417 10480 1800 3417 10481 1804 3418 10482 1803 3418 10483 1799 3418 10484 1803 3419 10485 1805 3419 10486 1800 3419 10487 1800 3420 10488 1805 3420 10489 1801 3420 10490 1804 3421 10491 1806 3421 10492 1803 3421 10493 1807 3422 10494 1806 3422 10495 1804 3422 10496 1801 3423 10497 1808 3423 10498 1802 3423 10499 1805 3424 10500 1808 3424 10501 1801 3424 10502 1757 3425 10503 1808 3425 10504 1809 3425 10505 1759 3426 10506 1808 3426 10507 1757 3426 10508 1802 3427 10509 1808 3427 10510 1759 3427 10511 1806 3428 10512 1810 3428 10513 1803 3428 10514 1803 3429 10515 1810 3429 10516 1805 3429 10517 1807 3430 10518 1811 3430 10519 1806 3430 10520 1812 3431 10521 1811 3431 10522 1807 3431 10523 1809 3432 10524 1813 3432 10525 1814 3432 10526 1805 3433 10527 1813 3433 10528 1808 3433 10529 1808 3434 10530 1813 3434 10531 1809 3434 10532 1810 3435 10533 1813 3435 10534 1805 3435 10535 1812 3436 10536 1815 3436 10537 1811 3436 10538 1806 3437 10539 1816 3437 10540 1810 3437 10541 1811 3438 10542 1816 3438 10543 1806 3438 10544 1815 3439 10545 1817 3439 10546 1811 3439 10547 1811 3440 10548 1817 3440 10549 1816 3440 10550 1810 3441 10551 1818 3441 10552 1813 3441 10553 1816 3442 10554 1818 3442 10555 1810 3442 10556 1813 3443 10557 1818 3443 10558 1814 3443 10559 1812 3444 10560 1819 3444 10561 1815 3444 10562 1820 3445 10563 1819 3445 10564 1812 3445 10565 1818 3446 10566 1821 3446 10567 1814 3446 10568 1817 3447 10569 1821 3447 10570 1816 3447 10571 1816 3448 10572 1821 3448 10573 1818 3448 10574 1815 3449 10575 1822 3449 10576 1817 3449 10577 1819 3450 10578 1822 3450 10579 1815 3450 10580 1820 3451 10581 1823 3451 10582 1819 3451 10583 1824 3452 10584 1823 3452 10585 1820 3452 10586 1814 3453 10587 1825 3453 10588 1826 3453 10589 1821 3454 10590 1825 3454 10591 1814 3454 10592 1817 3455 10593 1825 3455 10594 1821 3455 10595 1822 3456 10596 1825 3456 10597 1817 3456 10598 1819 3457 10599 1827 3457 10600 1822 3457 10601 1823 3458 10602 1827 3458 10603 1819 3458 10604 1824 3459 10605 1828 3459 10606 1823 3459 10607 1829 3460 10608 1828 3460 10609 1824 3460 10610 1826 3461 10611 1830 3461 10612 1831 3461 10613 1825 3462 10614 1830 3462 10615 1826 3462 10616 1822 3463 10617 1830 3463 10618 1825 3463 10619 1827 3464 10620 1830 3464 10621 1822 3464 10622 1823 3465 10623 1832 3465 10624 1827 3465 10625 1828 3466 10626 1832 3466 10627 1823 3466 10628 1833 3467 10629 1834 3467 10630 1829 3467 10631 1829 3468 10632 1834 3468 10633 1828 3468 10634 1830 3469 10635 1835 3469 10636 1831 3469 10637 1827 3470 10638 1835 3470 10639 1830 3470 10640 1832 3471 10641 1835 3471 10642 1827 3471 10643 1828 3472 10644 1836 3472 10645 1832 3472 10646 1834 3473 10647 1836 3473 10648 1828 3473 10649 1833 3474 10650 1837 3474 10651 1834 3474 10652 1838 3475 10653 1837 3475 10654 1833 3475 10655 1839 3476 10656 1837 3476 10657 1838 3476 10658 1835 3477 10659 1840 3477 10660 1831 3477 10661 1832 3478 10662 1840 3478 10663 1835 3478 10664 1836 3479 10665 1840 3479 10666 1832 3479 10667 1837 3480 10668 1841 3480 10669 1834 3480 10670 1834 3481 10671 1841 3481 10672 1836 3481 10673 1831 3482 10674 1842 3482 10675 1772 3482 10676 1840 3483 10677 1842 3483 10678 1831 3483 10679 1836 3484 10680 1842 3484 10681 1840 3484 10682 1841 3485 10683 1842 3485 10684 1836 3485 10685 1839 3486 10686 1843 3486 10687 1837 3486 10688 1844 3487 10689 1843 3487 10690 1839 3487 10691 1843 3488 10692 1845 3488 10693 1837 3488 10694 1837 3489 10695 1845 3489 10696 1841 3489 10697 1844 3490 10698 1846 3490 10699 1843 3490 10700 1842 3491 10701 1847 3491 10702 1772 3491 10703 1841 3492 10704 1847 3492 10705 1842 3492 10706 1845 3493 10707 1847 3493 10708 1841 3493 10709 1772 3494 10710 1847 3494 10711 1773 3494 10712 1843 3495 10713 1848 3495 10714 1845 3495 10715 1846 3496 10716 1848 3496 10717 1843 3496 10718 1849 3497 10719 1850 3497 10720 1844 3497 10721 1844 3498 10722 1850 3498 10723 1846 3498 10724 1773 3499 10725 1851 3499 10726 1852 3499 10727 1847 3500 10728 1851 3500 10729 1773 3500 10730 1848 3501 10731 1851 3501 10732 1845 3501 10733 1845 3502 10734 1851 3502 10735 1847 3502 10736 1846 3503 10737 1853 3503 10738 1848 3503 10739 1850 3504 10740 1853 3504 10741 1846 3504 10742 1849 3505 10743 1854 3505 10744 1850 3505 10745 1855 3506 10746 1854 3506 10747 1849 3506 10748 1851 3507 10749 1856 3507 10750 1852 3507 10751 1848 3508 10752 1856 3508 10753 1851 3508 10754 1853 3509 10755 1856 3509 10756 1848 3509 10757 1850 3510 10758 1857 3510 10759 1853 3510 10760 1854 3511 10761 1857 3511 10762 1850 3511 10763 1855 3512 10764 1858 3512 10765 1854 3512 10766 1859 3513 10767 1858 3513 10768 1855 3513 10769 1853 3514 10770 1860 3514 10771 1856 3514 10772 1857 3515 10773 1860 3515 10774 1853 3515 10775 1856 3516 10776 1860 3516 10777 1852 3516 10778 1852 3517 10779 1860 3517 10780 1861 3517 10781 1858 3518 10782 1862 3518 10783 1854 3518 10784 1854 3519 10785 1862 3519 10786 1857 3519 10787 1859 3520 10788 1863 3520 10789 1858 3520 10790 1864 3521 10791 1863 3521 10792 1859 3521 10793 1865 3522 10794 1863 3522 10795 1864 3522 10796 1857 3523 10797 1866 3523 10798 1860 3523 10799 1860 3524 10800 1866 3524 10801 1861 3524 10802 1862 3525 10803 1866 3525 10804 1857 3525 10805 1858 3526 10806 1867 3526 10807 1862 3526 10808 1863 3527 10809 1867 3527 10810 1858 3527 10811 1865 3528 10812 1867 3528 10813 1863 3528 10814 1867 3529 10815 1868 3529 10816 1862 3529 10817 1861 3530 10818 1868 3530 10819 1869 3530 10820 1862 3531 10821 1868 3531 10822 1866 3531 10823 1866 3532 10824 1868 3532 10825 1861 3532 10826 1869 3533 10827 1868 3533 10828 1867 3533 10829 1714 3534 10830 1870 3534 10831 1774 3534 10832 1871 3535 10833 1870 3535 10834 1865 3535 10835 1774 3536 10836 1870 3536 10837 1871 3536 10838 1714 3537 10839 1872 3537 10840 1870 3537 10841 1870 3538 10842 1872 3538 10843 1865 3538 10844 1865 3539 10845 1872 3539 10846 1867 3539 10847 1867 3540 10848 1872 3540 10849 1869 3540 10850 1736 3541 10851 1872 3541 10852 1714 3541 10853 1872 3542 10854 1873 3542 10855 1869 3542 10856 1869 3543 10857 1873 3543 10858 1730 3543 10859 1730 3544 10860 1873 3544 10861 1728 3544 10862 1728 3545 10863 1873 3545 10864 1739 3545 10865 1739 3546 10866 1873 3546 10867 1737 3546 10868 1737 3547 10869 1873 3547 10870 1736 3547 10871 1736 3548 10872 1873 3548 10873 1872 3548 10874 1874 3549 10875 1875 3549 10876 1876 3549 10877 1877 3550 10878 1878 3550 10879 1879 3550 10880 1880 3551 10881 1878 3551 10882 1877 3551 10883 1879 3552 10884 1878 3552 10885 1767 3552 10886 1767 3553 10887 1878 3553 10888 1881 3553 10889 1882 3554 10890 1883 3554 10891 1884 3554 10892 1881 3555 10893 1885 3555 10894 1886 3555 10895 1887 3556 10896 1885 3556 10897 1880 3556 10898 1884 3557 10899 1883 3557 10900 1888 3557 10901 1880 3558 10902 1885 3558 10903 1878 3558 10904 1878 3559 10905 1885 3559 10906 1881 3559 10907 1889 3560 10908 1890 3560 10909 1876 3560 10910 1886 3561 10911 1890 3561 10912 1889 3561 10913 1876 3562 10914 1890 3562 10915 1874 3562 10916 1891 3563 10917 1892 3563 10918 1882 3563 10919 1885 3564 10920 1890 3564 10921 1886 3564 10922 1893 3565 10923 1890 3565 10924 1887 3565 10925 1874 3566 10926 1890 3566 10927 1893 3566 10928 1887 3567 10929 1890 3567 10930 1885 3567 10931 1882 3568 10932 1892 3568 10933 1883 3568 10934 1888 3569 10935 1894 3569 10936 1895 3569 10937 1883 3570 10938 1894 3570 10939 1888 3570 10940 1896 3571 10941 1897 3571 10942 1891 3571 10943 1891 3572 10944 1897 3572 10945 1892 3572 10946 1892 3573 10947 1898 3573 10948 1883 3573 10949 1883 3574 10950 1898 3574 10951 1894 3574 10952 1895 3575 10953 1899 3575 10954 1900 3575 10955 1901 3576 10956 1902 3576 10957 1903 3576 10958 1894 3577 10959 1899 3577 10960 1895 3577 10961 1904 3578 10962 1905 3578 10963 1902 3578 10964 1903 3579 10965 1905 3579 10966 1896 3579 10967 1902 3580 10968 1905 3580 10969 1903 3580 10970 1896 3581 10971 1905 3581 10972 1897 3581 10973 1897 3582 10974 1906 3582 10975 1892 3582 10976 1892 3583 10977 1906 3583 10978 1898 3583 10979 1894 3584 10980 1907 3584 10981 1899 3584 10982 1898 3585 10983 1907 3585 10984 1894 3585 10985 1900 3586 10986 1908 3586 10987 1909 3586 10988 1899 3587 10989 1908 3587 10990 1900 3587 10991 1897 3588 10992 1910 3588 10993 1906 3588 10994 1911 3589 10995 1910 3589 10996 1904 3589 10997 1905 3590 10998 1910 3590 10999 1897 3590 11000 1904 3591 11001 1910 3591 11002 1905 3591 11003 1906 3592 11004 1912 3592 11005 1898 3592 11006 1898 3593 11007 1912 3593 11008 1907 3593 11009 1899 3594 11010 1913 3594 11011 1908 3594 11012 1907 3595 11013 1913 3595 11014 1899 3595 11015 1909 3596 11016 1877 3596 11017 1914 3596 11018 1914 3597 11019 1877 3597 11020 1773 3597 11021 1773 3598 11022 1877 3598 11023 1771 3598 11024 1771 3599 11025 1877 3599 11026 1769 3599 11027 1769 3600 11028 1877 3600 11029 1768 3600 11030 1908 3601 11031 1877 3601 11032 1909 3601 11033 1906 3602 11034 1915 3602 11035 1912 3602 11036 1916 3603 11037 1915 3603 11038 1911 3603 11039 1910 3604 11040 1915 3604 11041 1906 3604 11042 1911 3605 11043 1915 3605 11044 1910 3605 11045 1912 3606 11046 1917 3606 11047 1907 3606 11048 1907 3607 11049 1917 3607 11050 1913 3607 11051 1913 3608 11052 1880 3608 11053 1908 3608 11054 1908 3609 11055 1880 3609 11056 1877 3609 11057 1918 3610 11058 1919 3610 11059 1916 3610 11060 1915 3611 11061 1919 3611 11062 1912 3611 11063 1916 3612 11064 1919 3612 11065 1915 3612 11066 1912 3613 11067 1919 3613 11068 1917 3613 11069 1767 3614 11070 1881 3614 11071 1770 3614 11072 1770 3615 11073 1881 3615 11074 1772 3615 11075 1917 3616 11076 1887 3616 11077 1913 3616 11078 1913 3617 11079 1887 3617 11080 1880 3617 11081 1877 3618 11082 1879 3618 11083 1768 3618 11084 1768 3619 11085 1879 3619 11086 1766 3619 11087 1766 3620 11088 1879 3620 11089 1764 3620 11090 1764 3621 11091 1879 3621 11092 1761 3621 11093 1761 3622 11094 1879 3622 11095 1762 3622 11096 1762 3623 11097 1879 3623 11098 1760 3623 11099 1760 3624 11100 1879 3624 11101 1763 3624 11102 1763 3625 11103 1879 3625 11104 1765 3625 11105 1765 3626 11106 1879 3626 11107 1767 3626 11108 1874 3627 11109 1893 3627 11110 1918 3627 11111 1919 3628 11112 1893 3628 11113 1917 3628 11114 1917 3629 11115 1893 3629 11116 1887 3629 11117 1918 3630 11118 1893 3630 11119 1919 3630 11120 1367 3631 11121 99 3631 11122 116 3631 11123 1367 3632 11124 116 3632 11125 1365 3632 11126 1869 3633 11127 70 3633 11128 99 3633 11129 1861 3634 11130 99 3634 11131 1367 3634 11132 1861 3635 11133 1869 3635 11134 99 3635 11135 1861 3636 11136 1914 3636 11137 1852 3636 11138 1909 3637 11139 1367 3637 11140 1372 3637 11141 1909 3638 11142 1861 3638 11143 1367 3638 11144 1909 3639 11145 1914 3639 11146 1861 3639 11147 1241 3640 11148 1372 3640 11149 1380 3640 11150 1235 3641 11151 1241 3641 11152 1380 3641 11153 1387 3642 11154 1235 3642 11155 1380 3642 11156 1900 3643 11157 1909 3643 11158 1372 3643 11159 1900 3644 11160 1372 3644 11161 1241 3644 11162 1233 3645 11163 1235 3645 11164 1387 3645 11165 1920 3646 11166 1900 3646 11167 1241 3646 11168 1895 3647 11169 1920 3647 11170 1921 3647 11171 1895 3648 11172 1900 3648 11173 1920 3648 11174 1220 3649 11175 1387 3649 11176 1398 3649 11177 1220 3650 11178 1233 3650 11179 1387 3650 11180 1888 3651 11181 1921 3651 11182 1922 3651 11183 1888 3652 11184 1895 3652 11185 1921 3652 11186 1884 3653 11187 1922 3653 11188 1923 3653 11189 1884 3654 11190 1888 3654 11191 1922 3654 11192 1869 3655 11193 1730 3655 11194 70 3655 11195 1773 3656 11196 1852 3656 11197 1914 3656 11198 116 3657 11199 131 3657 11200 1365 3657 11201 21 3658 11202 70 3658 11203 1730 3658 11204 16 3659 11205 1733 3659 11206 17 3659 11207 27 3660 11208 1726 3660 11209 25 3660 11210 25 3659 11211 1726 3659 11212 16 3659 11213 16 3661 11214 1726 3661 11215 1733 3661 11216 32 3659 11217 1721 3659 11218 27 3659 11219 27 3662 11220 1721 3662 11221 1726 3662 11222 36 3663 11223 1708 3663 11224 32 3663 11225 32 3664 11226 1708 3664 11227 1721 3664 11228 6 3659 11229 1706 3659 11230 36 3659 11231 36 3665 11232 1706 3665 11233 1708 3665 11234 8 3659 11235 1744 3659 11236 6 3659 11237 6 3666 11238 1744 3666 11239 1706 3666 11240 8 3667 11241 1742 3667 11242 1744 3667 11243 21 3668 11244 1729 3668 11245 8 3668 11246 8 3669 11247 1729 3669 11248 1742 3669 11249 21 3670 11250 1730 3670 11251 1729 3670 11252 1824 3671 11253 1820 3671 11254 1924 3671 11255 1924 3672 11256 1820 3672 11257 1925 3672 11258 1820 3673 11259 1812 3673 11260 1925 3673 11261 1925 3674 11262 1812 3674 11263 1926 3674 11264 1704 3675 11265 1740 3675 11266 1927 3675 11267 1812 3676 11268 1807 3676 11269 1926 3676 11270 1927 3677 11271 1740 3677 11272 1928 3677 11273 1926 3678 11274 1807 3678 11275 1929 3678 11276 1807 3679 11277 1804 3679 11278 1929 3679 11279 1928 3680 11280 1734 3680 11281 1930 3680 11282 1929 3681 11283 1804 3681 11284 1931 3681 11285 1931 3682 11286 1804 3682 11287 1932 3682 11288 1740 3683 11289 1734 3683 11290 1928 3683 11291 1804 3684 11292 1799 3684 11293 1932 3684 11294 1930 3685 11295 1713 3685 11296 1933 3685 11297 1932 3686 11298 1799 3686 11299 1934 3686 11300 1734 3687 11301 1713 3687 11302 1930 3687 11303 1934 3688 11304 1790 3688 11305 1935 3688 11306 1799 3689 11307 1790 3689 11308 1934 3689 11309 1933 3690 11310 1712 3690 11311 1936 3690 11312 1713 3691 11313 1712 3691 11314 1933 3691 11315 1936 3692 11316 1774 3692 11317 1937 3692 11318 1935 3693 11319 1789 3693 11320 1938 3693 11321 1712 3694 11322 1774 3694 11323 1936 3694 11324 1790 3695 11325 1789 3695 11326 1935 3695 11327 1937 3696 11328 1871 3696 11329 1939 3696 11330 1774 3697 11331 1871 3697 11332 1937 3697 11333 1938 3698 11334 1780 3698 11335 1940 3698 11336 1789 3699 11337 1780 3699 11338 1938 3699 11339 1871 3700 11340 1865 3700 11341 1939 3700 11342 1940 3701 11343 1775 3701 11344 1941 3701 11345 1780 3702 11346 1775 3702 11347 1940 3702 11348 1939 3703 11349 1864 3703 11350 1942 3703 11351 1865 3704 11352 1864 3704 11353 1939 3704 11354 1941 3705 11355 1745 3705 11356 1943 3705 11357 1943 3706 11358 1745 3706 11359 1944 3706 11360 1775 3707 11361 1745 3707 11362 1941 3707 11363 1864 3708 11364 1859 3708 11365 1942 3708 11366 1942 3709 11367 1859 3709 11368 1945 3709 11369 1944 3710 11370 1731 3710 11371 1946 3710 11372 1745 3711 11373 1731 3711 11374 1944 3711 11375 1859 3712 11376 1855 3712 11377 1945 3712 11378 1945 3713 11379 1855 3713 11380 1947 3713 11381 1731 3714 11382 1718 3714 11383 1946 3714 11384 1855 3715 11385 1849 3715 11386 1947 3715 11387 1947 3716 11388 1849 3716 11389 1948 3716 11390 1946 3717 11391 1716 3717 11392 1949 3717 11393 1718 3718 11394 1716 3718 11395 1946 3718 11396 1849 3719 11397 1844 3719 11398 1948 3719 11399 1948 3720 11400 1844 3720 11401 1950 3720 11402 1949 3721 11403 1702 3721 11404 1951 3721 11405 1951 3722 11406 1702 3722 11407 1952 3722 11408 1716 3723 11409 1702 3723 11410 1949 3723 11411 1952 3724 11412 1704 3724 11413 1927 3724 11414 1844 3725 11415 1839 3725 11416 1950 3725 11417 1702 3726 11418 1704 3726 11419 1952 3726 11420 1950 3727 11421 1839 3727 11422 1953 3727 11423 1839 3728 11424 1838 3728 11425 1953 3728 11426 1953 3729 11427 1838 3729 11428 1954 3729 11429 1838 3730 11430 1833 3730 11431 1954 3730 11432 1954 3731 11433 1833 3731 11434 1955 3731 11435 1833 3732 11436 1829 3732 11437 1955 3732 11438 1955 3733 11439 1829 3733 11440 1956 3733 11441 1829 3734 11442 1824 3734 11443 1956 3734 11444 1956 3735 11445 1824 3735 11446 1924 3735 11447 1957 3736 11448 1958 3736 11449 1959 3736 11450 1957 3737 11451 1959 3737 11452 1960 3737 11453 1957 3738 11454 1960 3738 11455 1961 3738 11456 1957 3739 11457 1962 3739 11458 1963 3739 11459 1957 3740 11460 1961 3740 11461 1964 3740 11462 1957 3741 11463 1964 3741 11464 1962 3741 11465 1965 3742 11466 1937 3742 11467 1939 3742 11468 1966 3743 11469 1967 3743 11470 1968 3743 11471 1969 3744 11472 1970 3744 11473 1933 3744 11474 1969 3745 11475 1933 3745 11476 1936 3745 11477 1971 3746 11478 1972 3746 11479 1970 3746 11480 1971 3747 11481 1970 3747 11482 1969 3747 11483 1973 3748 11484 1936 3748 11485 1937 3748 11486 1973 3749 11487 1969 3749 11488 1936 3749 11489 1973 3750 11490 1937 3750 11491 1965 3750 11492 1974 3751 11493 1975 3751 11494 1972 3751 11495 1974 3752 11496 1972 3752 11497 1971 3752 11498 1976 3753 11499 1965 3753 11500 1977 3753 11501 1976 3754 11502 1971 3754 11503 1969 3754 11504 1976 3755 11505 1973 3755 11506 1965 3755 11507 1976 3756 11508 1969 3756 11509 1973 3756 11510 1978 3757 11511 1979 3757 11512 1975 3757 11513 1978 3758 11514 1975 3758 11515 1974 3758 11516 1980 3759 11517 1977 3759 11518 1981 3759 11519 1980 3760 11520 1971 3760 11521 1976 3760 11522 1980 3761 11523 1974 3761 11524 1971 3761 11525 1980 3762 11526 1976 3762 11527 1977 3762 11528 1964 3763 11529 1982 3763 11530 1979 3763 11531 1964 3764 11532 1979 3764 11533 1978 3764 11534 1983 3765 11535 1981 3765 11536 1984 3765 11537 1983 3766 11538 1978 3766 11539 1974 3766 11540 1983 3767 11541 1974 3767 11542 1980 3767 11543 1983 3768 11544 1980 3768 11545 1981 3768 11546 1961 3769 11547 1968 3769 11548 1982 3769 11549 1961 3770 11550 1960 3770 11551 1966 3770 11552 1961 3771 11553 1966 3771 11554 1968 3771 11555 1961 3772 11556 1982 3772 11557 1964 3772 11558 1962 3773 11559 1984 3773 11560 1963 3773 11561 1962 3774 11562 1978 3774 11563 1983 3774 11564 1962 3775 11565 1983 3775 11566 1984 3775 11567 1962 3776 11568 1964 3776 11569 1978 3776 11570 1957 3777 11571 1963 3777 11572 1958 3777 11573 1985 3778 11574 1986 3778 11575 1987 3778 11576 1988 3779 11577 1989 3779 11578 1990 3779 11579 1991 3780 11580 1986 3780 11581 1985 3780 11582 1990 3781 11583 1989 3781 11584 1992 3781 11585 1993 3782 11586 1986 3782 11587 1991 3782 11588 1994 3783 11589 1995 3783 11590 1996 3783 11591 1987 3784 11592 1997 3784 11593 1998 3784 11594 1999 3785 11595 1995 3785 11596 1994 3785 11597 1986 3786 11598 1997 3786 11599 1987 3786 11600 2000 3787 11601 1997 3787 11602 1993 3787 11603 1993 3788 11604 1997 3788 11605 1986 3788 11606 1930 3789 11607 2001 3789 11608 1928 3789 11609 1928 3790 11610 2001 3790 11611 2002 3790 11612 1992 3791 11613 2003 3791 11614 2004 3791 11615 1989 3792 11616 2003 3792 11617 1992 3792 11618 1970 3793 11619 2001 3793 11620 1930 3793 11621 1995 3794 11622 2005 3794 11623 1996 3794 11624 1996 3795 11625 2005 3795 11626 1988 3795 11627 1972 3796 11628 2006 3796 11629 1970 3796 11630 2002 3797 11631 2006 3797 11632 2007 3797 11633 2008 3798 11634 2009 3798 11635 2010 3798 11636 2004 3799 11637 2009 3799 11638 2008 3799 11639 2001 3800 11640 2006 3800 11641 2002 3800 11642 2003 3801 11643 2009 3801 11644 2004 3801 11645 1970 3802 11646 2006 3802 11647 2001 3802 11648 1988 3803 11649 2011 3803 11650 1989 3803 11651 1975 3804 11652 2012 3804 11653 1972 3804 11654 2007 3805 11655 2012 3805 11656 2013 3805 11657 2006 3806 11658 2012 3806 11659 2007 3806 11660 2005 3807 11661 2011 3807 11662 1988 3807 11663 1946 3808 11664 1949 3808 11665 2014 3808 11666 2011 3809 11667 2015 3809 11668 1989 3809 11669 1972 3810 11670 2012 3810 11671 2006 3810 11672 1989 3811 11673 2015 3811 11674 2003 3811 11675 2016 3812 11676 2017 3812 11677 2018 3812 11678 1979 3813 11679 2019 3813 11680 1975 3813 11681 2020 3814 11682 2017 3814 11683 2016 3814 11684 1952 3815 11685 2021 3815 11686 1951 3815 11687 2022 3816 11688 2017 3816 11689 2020 3816 11690 2013 3817 11691 2019 3817 11692 2023 3817 11693 1927 3818 11694 2021 3818 11695 1952 3818 11696 2024 3819 11697 2017 3819 11698 2022 3819 11699 2025 3820 11700 2017 3820 11701 2024 3820 11702 2012 3821 11703 2019 3821 11704 2013 3821 11705 1975 3822 11706 2019 3822 11707 2012 3822 11708 1951 3823 11709 2021 3823 11710 1999 3823 11711 1982 3824 11712 2026 3824 11713 1979 3824 11714 2027 3825 11715 2028 3825 11716 2015 3825 11717 2023 3826 11718 2026 3826 11719 2000 3826 11720 2015 3827 11721 2028 3827 11722 2003 3827 11723 2010 3828 11724 2028 3828 11725 2027 3828 11726 1979 3829 11727 2026 3829 11728 2019 3829 11729 2009 3830 11730 2028 3830 11731 2010 3830 11732 2003 3831 11733 2028 3831 11734 2009 3831 11735 2019 3832 11736 2026 3832 11737 2023 3832 11738 2021 3833 11739 2029 3833 11740 1999 3833 11741 1998 3834 11742 2030 3834 11743 1967 3834 11744 1967 3835 11745 2030 3835 11746 1968 3835 11747 1968 3836 11748 2030 3836 11749 1982 3836 11750 1997 3837 11751 2030 3837 11752 1998 3837 11753 2000 3838 11754 2030 3838 11755 1997 3838 11756 1999 3839 11757 2029 3839 11758 1995 3839 11759 1982 3840 11760 2030 3840 11761 2026 3840 11762 2026 3841 11763 2030 3841 11764 2000 3841 11765 2029 3842 11766 2031 3842 11767 1995 3842 11768 1995 3843 11769 2031 3843 11770 2005 3843 11771 2031 3844 11772 2032 3844 11773 2005 3844 11774 2005 3845 11775 2032 3845 11776 2011 3845 11777 2015 3846 11778 2033 3846 11779 2027 3846 11780 2032 3847 11781 2033 3847 11782 2011 3847 11783 2011 3848 11784 2033 3848 11785 2015 3848 11786 1927 3849 11787 2034 3849 11788 2021 3849 11789 2027 3850 11790 2035 3850 11791 2036 3850 11792 2033 3851 11793 2035 3851 11794 2027 3851 11795 2034 3852 11796 2037 3852 11797 2021 3852 11798 2021 3853 11799 2037 3853 11800 2029 3853 11801 2029 3854 11802 2038 3854 11803 2031 3854 11804 1933 3855 11805 1970 3855 11806 1930 3855 11807 2037 3856 11808 2038 3856 11809 2029 3856 11810 2038 3857 11811 2039 3857 11812 2031 3857 11813 2031 3858 11814 2039 3858 11815 2032 3858 11816 2032 3859 11817 1991 3859 11818 2033 3859 11819 2039 3860 11820 1991 3860 11821 2032 3860 11822 2036 3861 11823 1985 3861 11824 1987 3861 11825 2035 3862 11826 1985 3862 11827 2036 3862 11828 2033 3863 11829 1985 3863 11830 2035 3863 11831 1991 3864 11832 1985 3864 11833 2033 3864 11834 1928 3865 11835 2040 3865 11836 1927 3865 11837 1927 3866 11838 2040 3866 11839 2034 3866 11840 2014 3867 11841 2041 3867 11842 2025 3867 11843 1928 3868 11844 2002 3868 11845 2040 3868 11846 1949 3869 11847 2041 3869 11848 2014 3869 11849 2034 3870 11850 2042 3870 11851 2037 3870 11852 2025 3871 11853 2043 3871 11854 2017 3871 11855 2041 3872 11856 2043 3872 11857 2025 3872 11858 2040 3873 11859 2042 3873 11860 2034 3873 11861 2043 3874 11862 1990 3874 11863 2017 3874 11864 2002 3875 11865 2007 3875 11866 2040 3875 11867 1990 3876 11868 1992 3876 11869 2017 3876 11870 2040 3877 11871 2007 3877 11872 2042 3877 11873 2017 3878 11874 2004 3878 11875 2044 3878 11876 1992 3879 11877 2004 3879 11878 2017 3879 11879 2037 3880 11880 2045 3880 11881 2038 3880 11882 2044 3881 11883 2008 3881 11884 2010 3881 11885 2042 3882 11886 2045 3882 11887 2037 3882 11888 2004 3883 11889 2008 3883 11890 2044 3883 11891 1951 3884 11892 1994 3884 11893 1949 3884 11894 2007 3885 11895 2013 3885 11896 2042 3885 11897 1949 3886 11898 1994 3886 11899 2041 3886 11900 2042 3887 11901 2013 3887 11902 2045 3887 11903 2041 3888 11904 1996 3888 11905 2043 3888 11906 1994 3889 11907 1996 3889 11908 2041 3889 11909 2045 3890 11910 2046 3890 11911 2038 3890 11912 2038 3891 11913 2046 3891 11914 2039 3891 11915 2043 3892 11916 1988 3892 11917 1990 3892 11918 1996 3893 11919 1988 3893 11920 2043 3893 11921 2013 3894 11922 2023 3894 11923 2045 3894 11924 2045 3895 11925 2023 3895 11926 2046 3895 11927 2039 3896 11928 1993 3896 11929 1991 3896 11930 1951 3897 11931 1999 3897 11932 1994 3897 11933 2046 3898 11934 1993 3898 11935 2039 3898 11936 2023 3899 11937 2000 3899 11938 2046 3899 11939 2046 3900 11940 2000 3900 11941 1993 3900 11942 2047 3901 11943 2048 3901 11944 2049 3901 11945 2047 3902 11946 2016 3902 11947 2050 3902 11948 2047 3903 11949 2051 3903 11950 2052 3903 11951 2047 3904 11952 2052 3904 11953 2048 3904 11954 2051 3905 11955 2053 3905 11956 2054 3905 11957 2018 3906 11958 2050 3906 11959 2016 3906 11960 2055 3907 11961 2056 3907 11962 1941 3907 11963 2055 3908 11964 1941 3908 11965 1943 3908 11966 2057 3909 11967 2058 3909 11968 2056 3909 11969 2057 3910 11970 2056 3910 11971 2055 3910 11972 2059 3911 11973 1943 3911 11974 1944 3911 11975 2059 3912 11976 1944 3912 11977 1946 3912 11978 2059 3913 11979 1946 3913 11980 2014 3913 11981 2059 3914 11982 2055 3914 11983 1943 3914 11984 2060 3915 11985 2061 3915 11986 2058 3915 11987 2060 3916 11988 2058 3916 11989 2057 3916 11990 2062 3917 11991 2014 3917 11992 2025 3917 11993 2062 3918 11994 2057 3918 11995 2055 3918 11996 2062 3919 11997 2059 3919 11998 2014 3919 11999 2062 3920 12000 2055 3920 12001 2059 3920 12002 2063 3921 12003 2064 3921 12004 2061 3921 12005 2063 3922 12006 2061 3922 12007 2060 3922 12008 2065 3923 12009 2025 3923 12010 2024 3923 12011 2065 3924 12012 2060 3924 12013 2057 3924 12014 2065 3925 12015 2057 3925 12016 2062 3925 12017 2065 3926 12018 2062 3926 12019 2025 3926 12020 2048 3927 12021 2066 3927 12022 2064 3927 12023 2048 3928 12024 2064 3928 12025 2063 3928 12026 2067 3929 12027 2024 3929 12028 2022 3929 12029 2067 3930 12030 2060 3930 12031 2065 3930 12032 2067 3931 12033 2065 3931 12034 2024 3931 12035 2067 3932 12036 2063 3932 12037 2060 3932 12038 2052 3933 12039 2054 3933 12040 2066 3933 12041 2052 3934 12042 2066 3934 12043 2048 3934 12044 2052 3935 12045 2051 3935 12046 2054 3935 12047 2049 3936 12048 2022 3936 12049 2020 3936 12050 2049 3937 12051 2048 3937 12052 2063 3937 12053 2049 3938 12054 2067 3938 12055 2022 3938 12056 2049 3939 12057 2063 3939 12058 2067 3939 12059 2047 3940 12060 2020 3940 12061 2016 3940 12062 2047 3941 12063 2050 3941 12064 2051 3941 12065 2047 3942 12066 2049 3942 12067 2020 3942 12068 2068 3943 12069 2069 3943 12070 2070 3943 12071 2068 3944 12072 2070 3944 12073 2071 3944 12074 2068 3945 12075 2072 3945 12076 2073 3945 12077 2068 3946 12078 2073 3946 12079 2074 3946 12080 2072 3947 12081 2075 3947 12082 2076 3947 12083 2077 3948 12084 2071 3948 12085 2070 3948 12086 2078 3949 12087 2079 3949 12088 1948 3949 12089 2078 3950 12090 1948 3950 12091 1950 3950 12092 2080 3951 12093 2081 3951 12094 2079 3951 12095 2080 3952 12096 2079 3952 12097 2078 3952 12098 2082 3953 12099 1950 3953 12100 1953 3953 12101 2082 3954 12102 1953 3954 12103 1954 3954 12104 2082 3955 12105 1954 3955 12106 2083 3955 12107 2082 3956 12108 2078 3956 12109 1950 3956 12110 2084 3957 12111 2085 3957 12112 2081 3957 12113 2084 3958 12114 2081 3958 12115 2080 3958 12116 2086 3959 12117 2083 3959 12118 2087 3959 12119 2086 3960 12120 2080 3960 12121 2078 3960 12122 2086 3961 12123 2078 3961 12124 2082 3961 12125 2086 3962 12126 2082 3962 12127 2083 3962 12128 2088 3963 12129 2089 3963 12130 2085 3963 12131 2088 3964 12132 2085 3964 12133 2084 3964 12134 2090 3965 12135 2087 3965 12136 2091 3965 12137 2090 3966 12138 2086 3966 12139 2087 3966 12140 2090 3967 12141 2080 3967 12142 2086 3967 12143 2090 3968 12144 2084 3968 12145 2080 3968 12146 2074 3969 12147 2092 3969 12148 2089 3969 12149 2074 3970 12150 2089 3970 12151 2088 3970 12152 2093 3971 12153 2091 3971 12154 2094 3971 12155 2093 3972 12156 2094 3972 12157 2095 3972 12158 2093 3973 12159 2088 3973 12160 2084 3973 12161 2093 3974 12162 2084 3974 12163 2090 3974 12164 2093 3975 12165 2090 3975 12166 2091 3975 12167 2073 3976 12168 2076 3976 12169 2092 3976 12170 2073 3977 12171 2092 3977 12172 2074 3977 12173 2073 3978 12174 2072 3978 12175 2076 3978 12176 2069 3979 12177 2095 3979 12178 2070 3979 12179 2069 3980 12180 2074 3980 12181 2088 3980 12182 2069 3981 12183 2088 3981 12184 2093 3981 12185 2069 3982 12186 2093 3982 12187 2095 3982 12188 2068 3983 12189 2071 3983 12190 2072 3983 12191 2068 3984 12192 2074 3984 12193 2069 3984 12194 2096 3985 12195 2097 3985 12196 2098 3985 12197 2096 3986 12198 2098 3986 12199 2099 3986 12200 2100 3987 12201 1932 3987 12202 1934 3987 12203 2097 3988 12204 2101 3988 12205 2102 3988 12206 2103 3989 12207 2104 3989 12208 2105 3989 12209 2106 3990 12210 2107 3990 12211 2108 3990 12212 2106 3991 12213 2108 3991 12214 1929 3991 12215 2106 3992 12216 1929 3992 12217 1931 3992 12218 2109 3993 12219 2107 3993 12220 2106 3993 12221 2110 3994 12222 1931 3994 12223 1932 3994 12224 2110 3995 12225 2106 3995 12226 1931 3995 12227 2110 3996 12228 1932 3996 12229 2100 3996 12230 2111 3997 12231 2112 3997 12232 2107 3997 12233 2111 3998 12234 2107 3998 12235 2109 3998 12236 2113 3999 12237 2100 3999 12238 2114 3999 12239 2113 4000 12240 2109 4000 12241 2106 4000 12242 2113 4001 12243 2110 4001 12244 2100 4001 12245 2113 4002 12246 2106 4002 12247 2110 4002 12248 2115 4003 12249 2116 4003 12250 2112 4003 12251 2115 4004 12252 2112 4004 12253 2111 4004 12254 2117 4005 12255 2114 4005 12256 2118 4005 12257 2117 4006 12258 2109 4006 12259 2113 4006 12260 2117 4007 12261 2111 4007 12262 2109 4007 12263 2117 4008 12264 2113 4008 12265 2114 4008 12266 2099 4009 12267 2119 4009 12268 2116 4009 12269 2099 4010 12270 2116 4010 12271 2115 4010 12272 2120 4011 12273 2118 4011 12274 2121 4011 12275 2120 4012 12276 2115 4012 12277 2111 4012 12278 2120 4013 12279 2111 4013 12280 2117 4013 12281 2120 4014 12282 2117 4014 12283 2118 4014 12284 2098 4015 12285 2102 4015 12286 2119 4015 12287 2098 4016 12288 2097 4016 12289 2102 4016 12290 2098 4017 12291 2119 4017 12292 2099 4017 12293 2122 4018 12294 2121 4018 12295 2123 4018 12296 2122 4019 12297 2099 4019 12298 2115 4019 12299 2122 4020 12300 2120 4020 12301 2121 4020 12302 2122 4021 12303 2115 4021 12304 2120 4021 12305 2096 4022 12306 2123 4022 12307 2105 4022 12308 2096 4023 12309 2104 4023 12310 2097 4023 12311 2096 4024 12312 2122 4024 12313 2123 4024 12314 2096 4025 12315 2099 4025 12316 2122 4025 12317 2096 4026 12318 2105 4026 12319 2104 4026 12320 2124 4027 12321 2125 4027 12322 2126 4027 12323 2127 4028 12324 2128 4028 12325 2129 4028 12326 2126 4029 12327 2125 4029 12328 2130 4029 12329 2131 4030 12330 2132 4030 12331 2133 4030 12332 2134 4031 12333 2135 4031 12334 2136 4031 12335 2137 4032 12336 2135 4032 12337 2134 4032 12338 2130 4033 12339 2135 4033 12340 2137 4033 12341 2133 4034 12342 2132 4034 12343 2138 4034 12344 2125 4035 12345 2135 4035 12346 2130 4035 12347 1926 4036 12348 2139 4036 12349 1925 4036 12350 2140 4037 12351 2141 4037 12352 2142 4037 12353 2143 4038 12354 2141 4038 12355 2140 4038 12356 2128 4039 12357 2141 4039 12358 2143 4039 12359 1925 4040 12360 2139 4040 12361 2144 4040 12362 2132 4041 12363 2145 4041 12364 2138 4041 12365 2138 4042 12366 2145 4042 12367 2146 4042 12368 2108 4043 12369 2139 4043 12370 1926 4043 12371 2107 4044 12372 2147 4044 12373 2108 4044 12374 2144 4045 12375 2147 4045 12376 2148 4045 12377 2146 4046 12378 2149 4046 12379 2127 4046 12380 2145 4047 12381 2149 4047 12382 2146 4047 12383 2139 4048 12384 2147 4048 12385 2144 4048 12386 1954 4049 12387 1955 4049 12388 2083 4049 12389 2108 4050 12390 2147 4050 12391 2139 4050 12392 1924 4051 12393 2150 4051 12394 1956 4051 12395 1956 4052 12396 2150 4052 12397 2131 4052 12398 2112 4053 12399 2151 4053 12400 2107 4053 12401 2147 4054 12402 2151 4054 12403 2148 4054 12404 2148 4055 12405 2151 4055 12406 2152 4055 12407 2149 4056 12408 2153 4056 12409 2127 4056 12410 2107 4057 12411 2151 4057 12412 2147 4057 12413 2127 4058 12414 2153 4058 12415 2128 4058 12416 2087 4059 12417 2154 4059 12418 2091 4059 12419 2091 4060 12420 2154 4060 12421 2094 4060 12422 2094 4061 12423 2154 4061 12424 2095 4061 12425 2116 4062 12426 2155 4062 12427 2112 4062 12428 2095 4063 12429 2154 4063 12430 2070 4063 12431 2112 4064 12432 2155 4064 12433 2151 4064 12434 2070 4065 12435 2154 4065 12436 2077 4065 12437 2150 4066 12438 2156 4066 12439 2131 4066 12440 2152 4067 12441 2155 4067 12442 2124 4067 12443 2131 4068 12444 2156 4068 12445 2132 4068 12446 2151 4069 12447 2155 4069 12448 2152 4069 12449 2119 4070 12450 2157 4070 12451 2116 4070 12452 2153 4071 12453 2158 4071 12454 2128 4071 12455 2155 4072 12456 2157 4072 12457 2124 4072 12458 2142 4073 12459 2158 4073 12460 2159 4073 12461 2124 4074 12462 2157 4074 12463 2125 4074 12464 2141 4075 12465 2158 4075 12466 2142 4075 12467 2128 4076 12468 2158 4076 12469 2141 4076 12470 2116 4077 12471 2157 4077 12472 2155 4077 12473 2136 4078 12474 2160 4078 12475 2161 4078 12476 2156 4079 12477 2162 4079 12478 2132 4079 12479 2102 4080 12480 2160 4080 12481 2119 4080 12482 2135 4081 12483 2160 4081 12484 2136 4081 12485 2125 4082 12486 2160 4082 12487 2135 4082 12488 2132 4083 12489 2162 4083 12490 2145 4083 12491 2161 4084 12492 2160 4084 12493 2102 4084 12494 2119 4085 12495 2160 4085 12496 2157 4085 12497 2157 4086 12498 2160 4086 12499 2125 4086 12500 2162 4087 12501 2163 4087 12502 2145 4087 12503 2145 4088 12504 2163 4088 12505 2149 4088 12506 2149 4089 12507 2164 4089 12508 2153 4089 12509 2163 4090 12510 2164 4090 12511 2149 4090 12512 2158 4091 12513 2165 4091 12514 2159 4091 12515 2153 4092 12516 2165 4092 12517 2158 4092 12518 2164 4093 12519 2165 4093 12520 2153 4093 12521 1924 4094 12522 2166 4094 12523 2150 4094 12524 2166 4095 12525 2167 4095 12526 2150 4095 12527 2150 4096 12528 2167 4096 12529 2156 4096 12530 1929 4097 12531 2108 4097 12532 1926 4097 12533 1925 4098 12534 2168 4098 12535 1924 4098 12536 1924 4099 12537 2168 4099 12538 2166 4099 12539 2167 4100 12540 2169 4100 12541 2156 4100 12542 2156 4101 12543 2169 4101 12544 2162 4101 12545 2166 4102 12546 2170 4102 12547 2167 4102 12548 2168 4103 12549 2170 4103 12550 2166 4103 12551 2162 4104 12552 2171 4104 12553 2163 4104 12554 2102 4105 12555 2101 4105 12556 2161 4105 12557 2169 4106 12558 2171 4106 12559 2162 4106 12560 1955 4107 12561 2172 4107 12562 2083 4107 12563 2167 4108 12564 2173 4108 12565 2169 4108 12566 2170 4109 12567 2173 4109 12568 2167 4109 12569 2083 4110 12570 2174 4110 12571 2087 4110 12572 2087 4111 12573 2174 4111 12574 2154 4111 12575 2163 4112 12576 2175 4112 12577 2164 4112 12578 2172 4113 12579 2174 4113 12580 2083 4113 12581 2171 4114 12582 2175 4114 12583 2163 4114 12584 2174 4115 12585 2176 4115 12586 2154 4115 12587 2169 4116 12588 2126 4116 12589 2171 4116 12590 2173 4117 12591 2126 4117 12592 2169 4117 12593 2176 4118 12594 2129 4118 12595 2154 4118 12596 2165 4119 12597 2177 4119 12598 2159 4119 12599 2154 4120 12600 2143 4120 12601 2178 4120 12602 2159 4121 12603 2177 4121 12604 2134 4121 12605 2129 4122 12606 2143 4122 12607 2154 4122 12608 2164 4123 12609 2177 4123 12610 2165 4123 12611 2175 4124 12612 2177 4124 12613 2164 4124 12614 2178 4125 12615 2140 4125 12616 2142 4125 12617 2143 4126 12618 2140 4126 12619 2178 4126 12620 1956 4127 12621 2133 4127 12622 1955 4127 12623 1955 4128 12624 2133 4128 12625 2172 4128 12626 2171 4129 12627 2130 4129 12628 2175 4129 12629 2126 4130 12630 2130 4130 12631 2171 4130 12632 2177 4131 12633 2137 4131 12634 2134 4131 12635 2175 4132 12636 2137 4132 12637 2177 4132 12638 2130 4133 12639 2137 4133 12640 2175 4133 12641 1925 4134 12642 2144 4134 12643 2168 4134 12644 2172 4135 12645 2138 4135 12646 2174 4135 12647 2133 4136 12648 2138 4136 12649 2172 4136 12650 2138 4137 12651 2146 4137 12652 2174 4137 12653 2168 4138 12654 2148 4138 12655 2170 4138 12656 2174 4139 12657 2146 4139 12658 2176 4139 12659 2144 4140 12660 2148 4140 12661 2168 4140 12662 2170 4141 12663 2152 4141 12664 2173 4141 12665 2146 4142 12666 2127 4142 12667 2176 4142 12668 2176 4143 12669 2127 4143 12670 2129 4143 12671 2148 4144 12672 2152 4144 12673 2170 4144 12674 1956 4145 12675 2131 4145 12676 2133 4145 12677 2173 4146 12678 2124 4146 12679 2126 4146 12680 2129 4147 12681 2128 4147 12682 2143 4147 12683 2152 4148 12684 2124 4148 12685 2173 4148 12686 2179 4149 12687 2180 4149 12688 2181 4149 12689 2182 4150 12690 2180 4150 12691 2179 4150 12692 2183 4151 12693 2184 4151 12694 2185 4151 12695 2185 4152 12696 2184 4152 12697 2186 4152 12698 2181 4153 12699 2187 4153 12700 2183 4153 12701 2180 4154 12702 2187 4154 12703 2181 4154 12704 2186 4155 12705 2188 4155 12706 2189 4155 12707 2184 4156 12708 2188 4156 12709 2186 4156 12710 2183 4157 12711 2190 4157 12712 2184 4157 12713 2187 4158 12714 2190 4158 12715 2183 4158 12716 2188 4159 12717 2191 4159 12718 2189 4159 12719 2192 4160 12720 2191 4160 12721 2193 4160 12722 2194 4161 12723 2191 4161 12724 2192 4161 12725 2189 4162 12726 2191 4162 12727 2194 4162 12728 2184 4163 12729 2195 4163 12730 2188 4163 12731 2190 4164 12732 2195 4164 12733 2184 4164 12734 1965 4165 12735 2196 4165 12736 1977 4165 12737 1977 4166 12738 2196 4166 12739 1981 4166 12740 2191 4167 12741 2197 4167 12742 2193 4167 12743 1981 4168 12744 2196 4168 12745 1984 4168 12746 2193 4169 12747 2197 4169 12748 2198 4169 12749 1984 4170 12750 2196 4170 12751 1963 4170 12752 2195 4171 12753 2197 4171 12754 2188 4171 12755 1963 4172 12756 2196 4172 12757 1958 4172 12758 2188 4173 12759 2197 4173 12760 2191 4173 12761 1958 4174 12762 2196 4174 12763 1959 4174 12764 1947 4175 12765 2199 4175 12766 1945 4175 12767 1945 4176 12768 2199 4176 12769 2182 4176 12770 2199 4177 12771 2200 4177 12772 2182 4177 12773 1947 4178 12774 2200 4178 12775 2199 4178 12776 2182 4179 12777 2200 4179 12778 2180 4179 12779 1947 4180 12780 2201 4180 12781 2200 4180 12782 2200 4181 12783 2201 4181 12784 2180 4181 12785 2089 4182 12786 2201 4182 12787 2085 4182 12788 2085 4183 12789 2201 4183 12790 1947 4183 12791 2180 4184 12792 2201 4184 12793 2187 4184 12794 2187 4185 12795 2202 4185 12796 2190 4185 12797 1948 4186 12798 2079 4186 12799 1947 4186 12800 2201 4187 12801 2202 4187 12802 2187 4187 12803 2092 4188 12804 2202 4188 12805 2089 4188 12806 2089 4189 12807 2202 4189 12808 2201 4189 12809 2190 4190 12810 2203 4190 12811 2195 4190 12812 2079 4191 12813 2081 4191 12814 1947 4191 12815 2076 4192 12816 2203 4192 12817 2092 4192 12818 2092 4193 12819 2203 4193 12820 2202 4193 12821 2081 4194 12822 2085 4194 12823 1947 4194 12824 2202 4195 12825 2203 4195 12826 2190 4195 12827 2195 4196 12828 2204 4196 12829 2197 4196 12830 2197 4197 12831 2204 4197 12832 2198 4197 12833 2198 4198 12834 2204 4198 12835 2075 4198 12836 2075 4199 12837 2204 4199 12838 2076 4199 12839 2076 4200 12840 2204 4200 12841 2203 4200 12842 2203 4201 12843 2204 4201 12844 2195 4201 12845 1942 4202 12846 2205 4202 12847 1939 4202 12848 1939 4203 12849 2205 4203 12850 1965 4203 12851 1965 4204 12852 2205 4204 12853 2196 4204 12854 2205 4205 12855 2206 4205 12856 2196 4205 12857 1945 4206 12858 2207 4206 12859 1942 4206 12860 1942 4207 12861 2207 4207 12862 2205 4207 12863 2206 4208 12864 2208 4208 12865 2196 4208 12866 2205 4209 12867 2209 4209 12868 2206 4209 12869 2207 4210 12870 2209 4210 12871 2205 4210 12872 2208 4211 12873 2210 4211 12874 2196 4211 12875 2206 4212 12876 2185 4212 12877 2208 4212 12878 2209 4213 12879 2185 4213 12880 2206 4213 12881 2210 4214 12882 2211 4214 12883 2196 4214 12884 2208 4215 12885 2186 4215 12886 2210 4215 12887 2185 4216 12888 2186 4216 12889 2208 4216 12890 2196 4217 12891 2212 4217 12892 2192 4217 12893 2211 4218 12894 2212 4218 12895 2196 4218 12896 2186 4219 12897 2189 4219 12898 2210 4219 12899 2210 4220 12900 2189 4220 12901 2211 4220 12902 2212 4221 12903 2194 4221 12904 2192 4221 12905 2211 4222 12906 2194 4222 12907 2212 4222 12908 2189 4223 12909 2194 4223 12910 2211 4223 12911 1945 4224 12912 2179 4224 12913 2207 4224 12914 2207 4225 12915 2181 4225 12916 2209 4225 12917 2179 4226 12918 2181 4226 12919 2207 4226 12920 1945 4227 12921 2182 4227 12922 2179 4227 12923 2181 4228 12924 2183 4228 12925 2209 4228 12926 2209 4229 12927 2183 4229 12928 2185 4229 12929 2213 4230 12930 2214 4230 12931 2215 4230 12932 2216 4231 12933 2214 4231 12934 2213 4231 12935 2217 4232 12936 2218 4232 12937 2219 4232 12938 2219 4233 12939 2218 4233 12940 2220 4233 12941 2215 4234 12942 2221 4234 12943 2217 4234 12944 2214 4235 12945 2221 4235 12946 2215 4235 12947 2218 4236 12948 2222 4236 12949 2220 4236 12950 2220 4237 12951 2222 4237 12952 2223 4237 12953 2217 4238 12954 2224 4238 12955 2218 4238 12956 2221 4239 12957 2224 4239 12958 2217 4239 12959 2222 4240 12960 2225 4240 12961 2223 4240 12962 2226 4241 12963 2225 4241 12964 2227 4241 12965 2228 4242 12966 2225 4242 12967 2226 4242 12968 2223 4243 12969 2225 4243 12970 2228 4243 12971 2224 4244 12972 2229 4244 12973 2218 4244 12974 2100 4245 12975 2230 4245 12976 2114 4245 12977 2114 4246 12978 2230 4246 12979 2118 4246 12980 2218 4247 12981 2229 4247 12982 2222 4247 12983 2118 4248 12984 2230 4248 12985 2121 4248 12986 2121 4249 12987 2230 4249 12988 2123 4249 12989 2222 4250 12990 2231 4250 12991 2225 4250 12992 2123 4251 12993 2230 4251 12994 2105 4251 12995 2229 4252 12996 2231 4252 12997 2222 4252 12998 2105 4253 12999 2230 4253 13000 2103 4253 13001 2227 4254 13002 2231 4254 13003 2232 4254 13004 2225 4255 13005 2231 4255 13006 2227 4255 13007 1940 4256 13008 2233 4256 13009 1938 4256 13010 1938 4257 13011 2233 4257 13012 2216 4257 13013 2233 4258 13014 2234 4258 13015 2216 4258 13016 1940 4259 13017 2234 4259 13018 2233 4259 13019 2216 4260 13020 2234 4260 13021 2214 4260 13022 1940 4261 13023 2235 4261 13024 2234 4261 13025 2234 4262 13026 2235 4262 13027 2214 4262 13028 2061 4263 13029 2235 4263 13030 1940 4263 13031 2214 4264 13032 2235 4264 13033 2221 4264 13034 1941 4265 13035 2056 4265 13036 1940 4265 13037 2221 4266 13038 2236 4266 13039 2224 4266 13040 2064 4267 13041 2236 4267 13042 2061 4267 13043 2061 4268 13044 2236 4268 13045 2235 4268 13046 2056 4269 13047 2058 4269 13048 1940 4269 13049 2235 4270 13050 2236 4270 13051 2221 4270 13052 2058 4271 13053 2061 4271 13054 1940 4271 13055 2236 4272 13056 2237 4272 13057 2224 4272 13058 2066 4273 13059 2237 4273 13060 2064 4273 13061 2064 4274 13062 2237 4274 13063 2236 4274 13064 2224 4275 13065 2237 4275 13066 2229 4275 13067 2237 4276 13068 2238 4276 13069 2229 4276 13070 2232 4277 13071 2238 4277 13072 2053 4277 13073 2229 4278 13074 2238 4278 13075 2231 4278 13076 2231 4279 13077 2238 4279 13078 2232 4279 13079 2053 4280 13080 2238 4280 13081 2054 4280 13082 2054 4281 13083 2238 4281 13084 2066 4281 13085 2066 4282 13086 2238 4282 13087 2237 4282 13088 1935 4283 13089 2239 4283 13090 1934 4283 13091 1934 4284 13092 2239 4284 13093 2100 4284 13094 2100 4285 13095 2239 4285 13096 2230 4285 13097 2239 4286 13098 2240 4286 13099 2230 4286 13100 1938 4287 13101 2241 4287 13102 1935 4287 13103 1935 4288 13104 2241 4288 13105 2239 4288 13106 2240 4289 13107 2242 4289 13108 2230 4289 13109 2239 4290 13110 2243 4290 13111 2240 4290 13112 2241 4291 13113 2243 4291 13114 2239 4291 13115 2242 4292 13116 2244 4292 13117 2230 4292 13118 2240 4293 13119 2219 4293 13120 2242 4293 13121 2243 4294 13122 2219 4294 13123 2240 4294 13124 2244 4295 13125 2245 4295 13126 2230 4295 13127 2242 4296 13128 2220 4296 13129 2244 4296 13130 2219 4297 13131 2220 4297 13132 2242 4297 13133 2230 4298 13134 2246 4298 13135 2226 4298 13136 2245 4299 13137 2246 4299 13138 2230 4299 13139 2220 4300 13140 2223 4300 13141 2244 4300 13142 2244 4301 13143 2223 4301 13144 2245 4301 13145 2246 4302 13146 2228 4302 13147 2226 4302 13148 2245 4303 13149 2228 4303 13150 2246 4303 13151 2223 4304 13152 2228 4304 13153 2245 4304 13154 1938 4305 13155 2213 4305 13156 2241 4305 13157 2241 4306 13158 2215 4306 13159 2243 4306 13160 2213 4307 13161 2215 4307 13162 2241 4307 13163 1938 4308 13164 2216 4308 13165 2213 4308 13166 2215 4309 13167 2217 4309 13168 2243 4309 13169 2243 4310 13170 2217 4310 13171 2219 4310 13172 2247 4311 13173 2075 4311 13174 2248 4311 13175 2198 4312 13176 2075 4312 13177 2247 4312 13178 2193 4313 13179 2247 4313 13180 2249 4313 13181 2193 4314 13182 2198 4314 13183 2247 4314 13184 2250 4315 13185 1959 4315 13186 2196 4315 13187 2251 4316 13188 2196 4316 13189 2192 4316 13190 2251 4317 13191 2250 4317 13192 2196 4317 13193 2252 4318 13194 2192 4318 13195 2193 4318 13196 2252 4319 13197 2249 4319 13198 2253 4319 13199 2252 4320 13200 2193 4320 13201 2249 4320 13202 2252 4321 13203 2251 4321 13204 2192 4321 13205 2254 4322 13206 2253 4322 13207 2255 4322 13208 2254 4323 13209 2252 4323 13210 2253 4323 13211 2256 4324 13212 2255 4324 13213 2257 4324 13214 2256 4325 13215 2254 4325 13216 2255 4325 13217 2258 4326 13218 2257 4326 13219 2259 4326 13220 2258 4327 13221 2256 4327 13222 2257 4327 13223 2260 4328 13224 2259 4328 13225 2261 4328 13226 2260 4329 13227 2258 4329 13228 2259 4329 13229 2262 4330 13230 2260 4330 13231 2261 4330 13232 2077 4331 13233 2248 4331 13234 2071 4331 13235 2248 4332 13236 2072 4332 13237 2071 4332 13238 2248 4333 13239 2075 4333 13240 2072 4333 13241 2263 4334 13242 2264 4334 13243 2265 4334 13244 2266 4335 13245 2265 4335 13246 2267 4335 13247 2266 4336 13248 2263 4336 13249 2265 4336 13250 2268 4337 13251 2267 4337 13252 2269 4337 13253 2268 4335 13254 2266 4335 13255 2267 4335 13256 2270 4338 13257 2269 4338 13258 2271 4338 13259 2270 4339 13260 2268 4339 13261 2269 4339 13262 2159 4340 13263 2271 4340 13264 2272 4340 13265 2273 4338 13266 2270 4338 13267 2271 4338 13268 2134 4341 13269 2271 4341 13270 2159 4341 13271 2134 4342 13272 2273 4342 13273 2271 4342 13274 2142 4343 13275 2272 4343 13276 2274 4343 13277 2142 4344 13278 2159 4344 13279 2272 4344 13280 2178 4345 13281 2142 4345 13282 2274 4345 13283 2154 4346 13284 2274 4346 13285 2248 4346 13286 2154 4347 13287 2178 4347 13288 2274 4347 13289 2275 4348 13290 2134 4348 13291 2136 4348 13292 2275 4349 13293 2273 4349 13294 2134 4349 13295 2077 4350 13296 2154 4350 13297 2248 4350 13298 2276 4351 13299 2136 4351 13300 2161 4351 13301 2276 4352 13302 2275 4352 13303 2136 4352 13304 2101 4353 13305 2276 4353 13306 2161 4353 13307 2277 4354 13308 2276 4354 13309 2101 4354 13310 2097 4355 13311 2104 4355 13312 2277 4355 13313 2277 4331 13314 2101 4331 13315 2097 4331 13316 2104 4356 13317 2103 4356 13318 2277 4356 13319 2278 4357 13320 1967 4357 13321 2250 4357 13322 1998 4358 13323 1967 4358 13324 2278 4358 13325 2279 4359 13326 2018 4359 13327 2017 4359 13328 1987 4360 13329 2278 4360 13330 2280 4360 13331 1987 4361 13332 1998 4361 13333 2278 4361 13334 2036 4362 13335 1987 4362 13336 2280 4362 13337 2281 4363 13338 2036 4363 13339 2280 4363 13340 2282 4364 13341 2044 4364 13342 2010 4364 13343 2282 4365 13344 2017 4365 13345 2044 4365 13346 2282 4366 13347 2279 4366 13348 2017 4366 13349 2283 4367 13350 2010 4367 13351 2027 4367 13352 2283 4368 13353 2282 4368 13354 2010 4368 13355 2284 4369 13356 2027 4369 13357 2036 4369 13358 2284 4370 13359 2036 4370 13360 2281 4370 13361 2284 4371 13362 2283 4371 13363 2027 4371 13364 2285 4372 13365 2281 4372 13366 2286 4372 13367 2285 4373 13368 2284 4373 13369 2281 4373 13370 2287 4374 13371 2286 4374 13372 2288 4374 13373 2287 4374 13374 2285 4374 13375 2286 4374 13376 2289 4375 13377 2288 4375 13378 2290 4375 13379 2289 4376 13380 2287 4376 13381 2288 4376 13382 2291 4377 13383 2290 4377 13384 2292 4377 13385 2291 4378 13386 2289 4378 13387 2290 4378 13388 2051 4379 13389 2279 4379 13390 2053 4379 13391 2051 4380 13392 2050 4380 13393 2279 4380 13394 2050 4381 13395 2018 4381 13396 2279 4381 13397 1960 4382 13398 2250 4382 13399 1966 4382 13400 1966 4383 13401 2250 4383 13402 1967 4383 13403 1959 4384 13404 2250 4384 13405 1960 4384 13406 2293 4385 13407 1779 4385 13408 1787 4385 13409 2293 4386 13410 1787 4386 13411 2294 4386 13412 86 4387 13413 1746 4387 13414 1779 4387 13415 83 4388 13416 1779 4388 13417 2293 4388 13418 83 4389 13419 86 4389 13420 1779 4389 13421 83 4390 13422 233 4390 13423 65 4390 13424 228 4391 13425 83 4391 13426 2293 4391 13427 228 4392 13428 233 4392 13429 83 4392 13430 2295 4393 13431 2296 4393 13432 2297 4393 13433 2298 4394 13434 2295 4394 13435 2297 4394 13436 2299 4395 13437 2298 4395 13438 2297 4395 13439 219 4396 13440 2293 4396 13441 2296 4396 13442 219 4397 13443 228 4397 13444 2293 4397 13445 219 4398 13446 2296 4398 13447 2295 4398 13448 2300 4399 13449 2298 4399 13450 2299 4399 13451 784 4400 13452 219 4400 13453 2295 4400 13454 2301 4401 13455 2300 4401 13456 2299 4401 13457 214 4402 13458 784 4402 13459 783 4402 13460 214 4403 13461 219 4403 13462 784 4403 13463 2302 4404 13464 2300 4404 13465 2301 4404 13466 207 4405 13467 783 4405 13468 799 4405 13469 207 4406 13470 214 4406 13471 783 4406 13472 777 4407 13473 207 4407 13474 799 4407 13475 203 4408 13476 207 4408 13477 777 4408 13478 1787 4409 13479 1759 4409 13480 2294 4409 13481 1733 4410 13482 1746 4410 13483 17 4410 13484 86 4411 13485 17 4411 13486 1746 4411 13487 64 4412 13488 65 4412 13489 233 4412 13490 2303 4413 13491 2304 4413 13492 2305 4413 13493 2306 4414 13494 2307 4414 13495 2308 4414 13496 2309 4415 13497 2307 4415 13498 2306 4415 13499 2305 4416 13500 2310 4416 13501 2311 4416 13502 2304 4417 13503 2310 4417 13504 2305 4417 13505 2312 4418 13506 2313 4418 13507 2314 4418 13508 2315 4419 13509 2313 4419 13510 2312 4419 13511 2308 4420 13512 2313 4420 13513 2315 4420 13514 2307 4421 13515 2313 4421 13516 2308 4421 13517 2311 4422 13518 2316 4422 13519 2309 4422 13520 2310 4423 13521 2316 4423 13522 2311 4423 13523 2317 4424 13524 2318 4424 13525 2319 4424 13526 2319 4425 13527 2318 4425 13528 2304 4425 13529 2316 4426 13530 2320 4426 13531 2309 4426 13532 2309 4427 13533 2320 4427 13534 2307 4427 13535 2304 4428 13536 2321 4428 13537 2310 4428 13538 2318 4429 13539 2321 4429 13540 2304 4429 13541 2320 4430 13542 2322 4430 13543 2307 4430 13544 2314 4431 13545 2322 4431 13546 2323 4431 13547 2313 4432 13548 2322 4432 13549 2314 4432 13550 2307 4433 13551 2322 4433 13552 2313 4433 13553 2324 4434 13554 2325 4434 13555 2317 4434 13556 2326 4435 13557 2325 4435 13558 2324 4435 13559 2327 4436 13560 2326 4436 13561 2324 4436 13562 2317 4437 13563 2325 4437 13564 2318 4437 13565 2321 4438 13566 2328 4438 13567 2310 4438 13568 2310 4439 13569 2328 4439 13570 2316 4439 13571 2318 4440 13572 2329 4440 13573 2321 4440 13574 2326 4441 13575 2329 4441 13576 2325 4441 13577 2330 4442 13578 2329 4442 13579 2326 4442 13580 2325 4443 13581 2329 4443 13582 2318 4443 13583 2328 4444 13584 2331 4444 13585 2316 4444 13586 2316 4445 13587 2331 4445 13588 2320 4445 13589 2330 4446 13590 2332 4446 13591 2329 4446 13592 2333 4447 13593 2332 4447 13594 2330 4447 13595 2321 4448 13596 2332 4448 13597 2328 4448 13598 2329 4449 13599 2332 4449 13600 2321 4449 13601 2334 4450 13602 2335 4450 13603 2336 4450 13604 2322 4451 13605 2337 4451 13606 2323 4451 13607 2338 4452 13608 2335 4452 13609 2334 4452 13610 2323 4453 13611 2337 4453 13612 2339 4453 13613 2331 4454 13614 2337 4454 13615 2320 4454 13616 2320 4455 13617 2337 4455 13618 2322 4455 13619 2340 4456 13620 2341 4456 13621 2333 4456 13622 2332 4457 13623 2341 4457 13624 2328 4457 13625 2335 4458 13626 2342 4458 13627 2336 4458 13628 2328 4459 13629 2341 4459 13630 2331 4459 13631 2333 4460 13632 2341 4460 13633 2332 4460 13634 2339 4461 13635 2344 4461 13636 2345 4461 13637 2346 4462 13638 2344 4462 13639 2340 4462 13640 2345 4463 13641 2344 4463 13642 2346 4463 13643 2340 4464 13644 2344 4464 13645 2341 4464 13646 2331 4465 13647 2344 4465 13648 2337 4465 13649 2342 4466 13650 2343 4466 13651 2336 4466 13652 2341 4467 13653 2344 4467 13654 2331 4467 13655 2337 4468 13656 2344 4468 13657 2339 4468 13658 2338 4469 13659 2347 4469 13660 2335 4469 13661 2336 4470 13662 2348 4470 13663 2349 4470 13664 2343 4471 13665 2348 4471 13666 2336 4471 13667 2335 4472 13668 2350 4472 13669 2342 4472 13670 2347 4473 13671 2350 4473 13672 2335 4473 13673 2351 4474 13674 2352 4474 13675 2353 4474 13676 2349 4475 13677 2352 4475 13678 2351 4475 13679 2348 4476 13680 2352 4476 13681 2349 4476 13682 2342 4477 13683 2306 4477 13684 2343 4477 13685 2350 4478 13686 2306 4478 13687 2342 4478 13688 2303 4479 13689 2305 4479 13690 2338 4479 13691 2338 4480 13692 2305 4480 13693 2347 4480 13694 2306 4481 13695 2308 4481 13696 2343 4481 13697 2343 4482 13698 2308 4482 13699 2348 4482 13700 2305 4483 13701 2311 4483 13702 2347 4483 13703 2347 4484 13704 2311 4484 13705 2350 4484 13706 2353 4485 13707 2315 4485 13708 2312 4485 13709 2352 4486 13710 2315 4486 13711 2353 4486 13712 2348 4487 13713 2315 4487 13714 2352 4487 13715 2308 4488 13716 2315 4488 13717 2348 4488 13718 2350 4489 13719 2309 4489 13720 2306 4489 13721 2311 4490 13722 2309 4490 13723 2350 4490 13724 2319 4491 13725 2304 4491 13726 2303 4491 13727 2354 4492 13728 2355 4492 13729 2356 4492 13730 2355 4493 13731 2357 4493 13732 2356 4493 13733 2358 4494 13734 2359 4494 13735 2360 4494 13736 2359 4495 13737 2361 4495 13738 2360 4495 13739 2362 4496 13740 2363 4496 13741 2364 4496 13742 2365 4497 13743 2363 4497 13744 2362 4497 13745 2366 4498 13746 2367 4498 13747 2368 4498 13748 2369 4499 13749 2367 4499 13750 2366 4499 13751 2364 4500 13752 2367 4500 13753 2369 4500 13754 2363 4501 13755 2367 4501 13756 2364 4501 13757 2365 4502 13758 2370 4502 13759 2363 4502 13760 2368 4503 13761 2371 4503 13762 2372 4503 13763 2363 4504 13764 2371 4504 13765 2367 4504 13766 2367 4505 13767 2371 4505 13768 2368 4505 13769 2370 4506 13770 2371 4506 13771 2363 4506 13772 2373 4507 13773 2374 4507 13774 2365 4507 13775 2365 4508 13776 2374 4508 13777 2370 4508 13778 2372 4509 13779 2375 4509 13780 2376 4509 13781 2371 4510 13782 2375 4510 13783 2372 4510 13784 2374 4511 13785 2375 4511 13786 2370 4511 13787 2370 4512 13788 2375 4512 13789 2371 4512 13790 2377 4513 13791 2378 4513 13792 2373 4513 13793 2373 4514 13794 2378 4514 13795 2374 4514 13796 2376 4515 13797 2379 4515 13798 2380 4515 13799 2378 4516 13800 2379 4516 13801 2374 4516 13802 2375 4517 13803 2379 4517 13804 2376 4517 13805 2374 4518 13806 2379 4518 13807 2375 4518 13808 2381 4519 13809 2382 4519 13810 2377 4519 13811 2356 4520 13812 2382 4520 13813 2381 4520 13814 2383 4521 13815 2382 4521 13816 2357 4521 13817 2357 4522 13818 2382 4522 13819 2356 4522 13820 2377 4523 13821 2382 4523 13822 2378 4523 13823 2380 4524 13824 2384 4524 13825 2360 4524 13826 2358 4525 13827 2384 4525 13828 2383 4525 13829 2379 4526 13830 2384 4526 13831 2380 4526 13832 2383 4527 13833 2384 4527 13834 2382 4527 13835 2382 4528 13836 2384 4528 13837 2378 4528 13838 2360 4529 13839 2384 4529 13840 2358 4529 13841 2378 4530 13842 2384 4530 13843 2379 4530 13844 2385 4531 13845 2386 4531 13846 2387 4531 13847 2386 4532 13848 2388 4532 13849 2387 4532 13850 2389 4533 13851 2390 4533 13852 2391 4533 13853 2390 4534 13854 2392 4534 13855 2391 4534 13856 2393 4535 13857 2394 4535 13858 2395 4535 13859 2396 4536 13860 2394 4536 13861 2393 4536 13862 2398 4537 13863 2397 4537 13864 2399 4537 13865 2400 4538 13866 2397 4538 13867 2398 4538 13868 2395 4539 13869 2397 4539 13870 2400 4539 13871 2394 4540 13872 2397 4540 13873 2395 4540 13874 2396 4541 13875 2401 4541 13876 2394 4541 13877 2399 4542 13878 2402 4542 13879 2403 4542 13880 2394 4543 13881 2402 4543 13882 2397 4543 13883 2397 4544 13884 2402 4544 13885 2399 4544 13886 2401 4545 13887 2402 4545 13888 2394 4545 13889 2404 4546 13890 2405 4546 13891 2396 4546 13892 2396 4547 13893 2405 4547 13894 2401 4547 13895 2403 4548 13896 2406 4548 13897 2407 4548 13898 2402 4549 13899 2406 4549 13900 2403 4549 13901 2405 4550 13902 2406 4550 13903 2401 4550 13904 2401 4551 13905 2406 4551 13906 2402 4551 13907 2408 4552 13908 2409 4552 13909 2404 4552 13910 2404 4553 13911 2409 4553 13912 2405 4553 13913 2407 4554 13914 2410 4554 13915 2411 4554 13916 2409 4555 13917 2410 4555 13918 2405 4555 13919 2406 4556 13920 2410 4556 13921 2407 4556 13922 2405 4557 13923 2410 4557 13924 2406 4557 13925 2412 4558 13926 2413 4558 13927 2408 4558 13928 2387 4559 13929 2413 4559 13930 2412 4559 13931 2414 4560 13932 2413 4560 13933 2388 4560 13934 2408 4561 13935 2413 4561 13936 2409 4561 13937 2388 4562 13938 2413 4562 13939 2387 4562 13940 2411 4563 13941 2415 4563 13942 2391 4563 13943 2389 4564 13944 2415 4564 13945 2414 4564 13946 2410 4565 13947 2415 4565 13948 2411 4565 13949 2414 4566 13950 2415 4566 13951 2413 4566 13952 2409 4567 13953 2415 4567 13954 2410 4567 13955 2413 4568 13956 2415 4568 13957 2409 4568 13958 2391 4569 13959 2415 4569 13960 2389 4569 13961 2416 4570 13962 2417 4570 13963 2418 4570 13964 2419 4571 13965 2417 4571 13966 2420 4571 13967 2421 4572 13968 2422 4572 13969 2423 4572 13970 2423 4573 13971 2422 4573 13972 2424 4573 13973 2425 4574 13974 2426 4574 13975 2427 4574 13976 2428 4575 13977 2426 4575 13978 2425 4575 13979 2424 4576 13980 2429 4576 13981 2430 4576 13982 2422 4577 13983 2429 4577 13984 2424 4577 13985 2431 4578 13986 2432 4578 13987 2433 4578 13988 2433 4579 13989 2432 4579 13990 2421 4579 13991 2434 4580 13992 2435 4580 13993 2436 4580 13994 2427 4581 13995 2435 4581 13996 2437 4581 13997 2437 4582 13998 2435 4582 13999 2434 4582 14000 2426 4583 14001 2435 4583 14002 2427 4583 14003 2430 4584 14004 2438 4584 14005 2428 4584 14006 2429 4585 14007 2438 4585 14008 2430 4585 14009 2421 4586 14010 2439 4586 14011 2422 4586 14012 2432 4587 14013 2439 4587 14014 2421 4587 14015 2438 4588 14016 2440 4588 14017 2428 4588 14018 2428 4589 14019 2440 4589 14020 2426 4589 14021 2441 4590 14022 2442 4590 14023 2431 4590 14024 2443 4591 14025 2444 4591 14026 2445 4591 14027 2431 4592 14028 2442 4592 14029 2432 4592 14030 2439 4593 14031 2446 4593 14032 2422 4593 14033 2422 4594 14034 2446 4594 14035 2429 4594 14036 2444 4595 14037 2447 4595 14038 2445 4595 14039 2445 4596 14040 2448 4596 14041 2441 4596 14042 2441 4597 14043 2448 4597 14044 2442 4597 14045 2440 4598 14046 2449 4598 14047 2426 4598 14048 2436 4599 14049 2449 4599 14050 2450 4599 14051 2435 4600 14052 2449 4600 14053 2436 4600 14054 2426 4601 14055 2449 4601 14056 2435 4601 14057 2442 4602 14058 2451 4602 14059 2432 4602 14060 2432 4603 14061 2451 4603 14062 2439 4603 14063 2446 4604 14064 2452 4604 14065 2429 4604 14066 2453 4605 14067 2454 4605 14068 2419 4605 14069 2429 4606 14070 2452 4606 14071 2438 4606 14072 2454 4607 14073 2455 4607 14074 2419 4607 14075 2456 4608 14076 2457 4608 14077 2458 4608 14078 2442 4609 14079 2459 4609 14080 2451 4609 14081 2445 4610 14082 2459 4610 14083 2448 4610 14084 2447 4611 14085 2459 4611 14086 2445 4611 14087 2448 4612 14088 2459 4612 14089 2442 4612 14090 2451 4613 14091 2460 4613 14092 2439 4613 14093 2457 4614 14094 2461 4614 14095 2458 4614 14096 2439 4615 14097 2460 4615 14098 2446 4615 14099 2452 4616 14100 2462 4616 14101 2438 4616 14102 2461 4617 14103 2463 4617 14104 2458 4617 14105 2438 4618 14106 2462 4618 14107 2440 4618 14108 2464 4619 14109 2423 4619 14110 2456 4619 14111 2459 4620 14112 2465 4620 14113 2451 4620 14114 2447 4621 14115 2465 4621 14116 2459 4621 14117 2456 4622 14118 2423 4622 14119 2457 4622 14120 2466 4623 14121 2465 4623 14122 2447 4623 14123 2451 4624 14124 2465 4624 14125 2460 4624 14126 2460 4625 14127 2467 4625 14128 2446 4625 14129 2463 4626 14130 2425 4626 14131 2458 4626 14132 2446 4627 14133 2467 4627 14134 2452 4627 14135 2450 4628 14136 2468 4628 14137 2469 4628 14138 2457 4629 14139 2424 4629 14140 2461 4629 14141 2462 4630 14142 2468 4630 14143 2440 4630 14144 2423 4631 14145 2424 4631 14146 2457 4631 14147 2440 4632 14148 2468 4632 14149 2449 4632 14150 2449 4633 14151 2468 4633 14152 2450 4633 14153 2466 4634 14154 2470 4634 14155 2465 4634 14156 2458 4635 14157 2427 4635 14158 2471 4635 14159 2472 4636 14160 2470 4636 14161 2466 4636 14162 2425 4637 14163 2427 4637 14164 2458 4637 14165 2460 4638 14166 2470 4638 14167 2467 4638 14168 2465 4639 14169 2470 4639 14170 2460 4639 14171 2461 4640 14172 2430 4640 14173 2463 4640 14174 2424 4641 14175 2430 4641 14176 2461 4641 14177 2467 4642 14178 2416 4642 14179 2452 4642 14180 2452 4643 14181 2416 4643 14182 2462 4643 14183 2473 4644 14184 2437 4644 14185 2434 4644 14186 2471 4645 14187 2437 4645 14188 2473 4645 14189 2453 4646 14190 2420 4646 14191 2472 4646 14192 2472 4647 14193 2420 4647 14194 2470 4647 14195 2427 4648 14196 2437 4648 14197 2471 4648 14198 2470 4649 14199 2420 4649 14200 2467 4649 14201 2433 4650 14202 2421 4650 14203 2464 4650 14204 2467 4651 14205 2420 4651 14206 2416 4651 14207 2419 4652 14208 2420 4652 14209 2453 4652 14210 2464 4653 14211 2421 4653 14212 2423 4653 14213 2468 4654 14214 2418 4654 14215 2469 4654 14216 2469 4655 14217 2418 4655 14218 2474 4655 14219 2462 4656 14220 2418 4656 14221 2468 4656 14222 2416 4657 14223 2418 4657 14224 2462 4657 14225 2430 4658 14226 2428 4658 14227 2463 4658 14228 2474 4659 14229 2417 4659 14230 2419 4659 14231 2463 4660 14232 2428 4660 14233 2425 4660 14234 2418 4661 14235 2417 4661 14236 2474 4661 14237 2420 4662 14238 2417 4662 14239 2416 4662 14240 2475 4663 14241 2476 4663 14242 817 4663 14243 2475 4664 14244 817 4664 14245 816 4664 14246 2477 4665 14247 816 4665 14248 819 4665 14249 2477 4666 14250 2475 4666 14251 816 4666 14252 2478 4667 14253 819 4667 14254 758 4667 14255 2478 4668 14256 2477 4668 14257 819 4668 14258 2479 4669 14259 758 4669 14260 757 4669 14261 2479 4670 14262 2478 4670 14263 758 4670 14264 2295 4671 14265 757 4671 14266 784 4671 14267 2295 4672 14268 2479 4672 14269 757 4672 14270 2480 4673 14271 2481 4673 14272 2482 4673 14273 2483 4674 14274 2484 4674 14275 2302 4674 14276 2480 4675 14277 2482 4675 14278 2485 4675 14279 2486 4676 14280 2487 4676 14281 2488 4676 14282 2486 4677 14283 2485 4677 14284 2487 4677 14285 2489 4678 14286 2490 4678 14287 2491 4678 14288 2492 4679 14289 2493 4679 14290 2481 4679 14291 2489 4680 14292 2494 4680 14293 2490 4680 14294 2492 4681 14295 2495 4681 14296 2496 4681 14297 2497 4682 14298 2300 4682 14299 2484 4682 14300 2492 4683 14301 2496 4683 14302 2493 4683 14303 2497 4684 14304 2498 4684 14305 2300 4684 14306 2499 4685 14307 2500 4685 14308 2501 4685 14309 2502 4686 14310 2491 4686 14311 2498 4686 14312 2499 4687 14313 2488 4687 14314 2500 4687 14315 2502 4688 14316 2489 4688 14317 2491 4688 14318 2503 4689 14319 2501 4689 14320 2504 4689 14321 2503 4690 14322 2504 4690 14323 2505 4690 14324 2506 4691 14325 2507 4691 14326 2495 4691 14327 2508 4692 14328 2497 4692 14329 2484 4692 14330 2506 4693 14331 2495 4693 14332 2492 4693 14333 2508 4694 14334 2484 4694 14335 2483 4694 14336 2506 4695 14337 2481 4695 14338 2480 4695 14339 2506 4696 14340 2492 4696 14341 2481 4696 14342 2509 4697 14343 2510 4697 14344 2511 4697 14345 2509 4698 14346 2511 4698 14347 2512 4698 14348 2509 4699 14349 2512 4699 14350 2513 4699 14351 2514 4700 14352 2477 4700 14353 2478 4700 14354 2514 4701 14355 2478 4701 14356 2515 4701 14357 2509 4702 14358 2505 4702 14359 2510 4702 14360 2516 4703 14361 2485 4703 14362 2486 4703 14363 2517 4704 14364 2515 4704 14365 2494 4704 14366 2516 4705 14367 2480 4705 14368 2485 4705 14369 2517 4706 14370 2494 4706 14371 2489 4706 14372 2518 4707 14373 2486 4707 14374 2488 4707 14375 2519 4708 14376 2498 4708 14377 2497 4708 14378 2519 4709 14379 2502 4709 14380 2498 4709 14381 2518 4710 14382 2488 4710 14383 2499 4710 14384 2520 4711 14385 2476 4711 14386 2475 4711 14387 2521 4712 14388 2302 4712 14389 2522 4712 14390 2523 4713 14391 2501 4713 14392 2503 4713 14393 2521 4714 14394 2483 4714 14395 2302 4714 14396 2523 4715 14397 2499 4715 14398 2501 4715 14399 2524 4716 14400 2513 4716 14401 2525 4716 14402 2524 4717 14403 2503 4717 14404 2505 4717 14405 2524 4718 14406 2505 4718 14407 2509 4718 14408 2526 4719 14409 2489 4719 14410 2502 4719 14411 2524 4720 14412 2509 4720 14413 2513 4720 14414 2526 4721 14415 2517 4721 14416 2489 4721 14417 2527 4722 14418 2528 4722 14419 2507 4722 14420 2527 4723 14421 2507 4723 14422 2506 4723 14423 2527 4724 14424 2506 4724 14425 2480 4724 14426 2527 4725 14427 2480 4725 14428 2516 4725 14429 2487 4726 14430 2519 4726 14431 2497 4726 14432 2487 4727 14433 2497 4727 14434 2508 4727 14435 2529 4728 14436 2516 4728 14437 2486 4728 14438 2529 4729 14439 2486 4729 14440 2518 4729 14441 2530 4730 14442 2475 4730 14443 2477 4730 14444 2530 4731 14445 2520 4731 14446 2475 4731 14447 2530 4732 14448 2477 4732 14449 2514 4732 14450 2531 4733 14451 2518 4733 14452 2499 4733 14453 2531 4734 14454 2499 4734 14455 2523 4734 14456 2500 4735 14457 2508 4735 14458 2483 4735 14459 2532 4736 14460 2525 4736 14461 2533 4736 14462 2500 4737 14463 2483 4737 14464 2521 4737 14465 2532 4738 14466 2503 4738 14467 2524 4738 14468 2532 4739 14469 2524 4739 14470 2525 4739 14471 2532 4740 14472 2523 4740 14473 2503 4740 14474 2534 4741 14475 2528 4741 14476 2527 4741 14477 2535 4742 14478 2514 4742 14479 2515 4742 14480 2534 4743 14481 2536 4743 14482 2528 4743 14483 2535 4744 14484 2515 4744 14485 2517 4744 14486 2534 4745 14487 2527 4745 14488 2516 4745 14489 2482 4746 14490 2526 4746 14491 2502 4746 14492 2534 4747 14493 2516 4747 14494 2529 4747 14495 2537 4748 14496 2529 4748 14497 2518 4748 14498 2482 4749 14499 2502 4749 14500 2519 4749 14501 2537 4750 14502 2518 4750 14503 2531 4750 14504 2504 4751 14505 2522 4751 14506 2538 4751 14507 2539 4752 14508 2533 4752 14509 2540 4752 14510 2539 4753 14511 2532 4753 14512 2533 4753 14513 2504 4754 14514 2521 4754 14515 2522 4754 14516 2539 4755 14517 2531 4755 14518 2523 4755 14519 2539 4756 14520 2523 4756 14521 2532 4756 14522 2493 4757 14523 2517 4757 14524 2526 4757 14525 2541 4758 14526 2542 4758 14527 2536 4758 14528 2493 4759 14529 2535 4759 14530 2517 4759 14531 2541 4760 14532 2529 4760 14533 2537 4760 14534 2541 4761 14535 2536 4761 14536 2534 4761 14537 2541 4762 14538 2534 4762 14539 2529 4762 14540 2485 4763 14541 2482 4763 14542 2519 4763 14543 2543 4764 14544 2540 4764 14545 2544 4764 14546 2543 4765 14547 2539 4765 14548 2540 4765 14549 2485 4766 14550 2519 4766 14551 2487 4766 14552 2543 4767 14553 2537 4767 14554 2531 4767 14555 2488 4768 14556 2508 4768 14557 2500 4768 14558 2543 4769 14559 2531 4769 14560 2539 4769 14561 2488 4770 14562 2487 4770 14563 2508 4770 14564 2545 4771 14565 2537 4771 14566 2543 4771 14567 2545 4772 14568 2544 4772 14569 2546 4772 14570 2545 4773 14571 2547 4773 14572 2542 4773 14573 2545 4774 14574 2542 4774 14575 2541 4774 14576 2548 4775 14577 2547 4775 14578 2546 4775 14579 2545 4776 14580 2546 4776 14581 2547 4776 14582 2490 4777 14583 2295 4777 14584 2298 4777 14585 2545 4778 14586 2543 4778 14587 2544 4778 14588 2545 4779 14589 2541 4779 14590 2537 4779 14591 2490 4780 14592 2479 4780 14593 2295 4780 14594 2549 4781 14595 2520 4781 14596 2530 4781 14597 2549 4782 14598 2514 4782 14599 2535 4782 14600 2549 4783 14601 2550 4783 14602 2520 4783 14603 2549 4784 14604 2530 4784 14605 2514 4784 14606 2481 4785 14607 2526 4785 14608 2482 4785 14609 2481 4786 14610 2493 4786 14611 2526 4786 14612 2494 4787 14613 2479 4787 14614 2490 4787 14615 2491 4788 14616 2298 4788 14617 2300 4788 14618 2501 4789 14619 2500 4789 14620 2521 4789 14621 2491 4790 14622 2490 4790 14623 2298 4790 14624 2501 4791 14625 2521 4791 14626 2504 4791 14627 2484 4792 14628 2300 4792 14629 2302 4792 14630 2496 4793 14631 2495 4793 14632 2550 4793 14633 2496 4794 14634 2535 4794 14635 2493 4794 14636 2496 4795 14637 2549 4795 14638 2535 4795 14639 2496 4796 14640 2550 4796 14641 2549 4796 14642 2505 4797 14643 2538 4797 14644 2510 4797 14645 2498 4798 14646 2491 4798 14647 2300 4798 14648 2515 4799 14649 2478 4799 14650 2479 4799 14651 2505 4800 14652 2504 4800 14653 2538 4800 14654 2515 4801 14655 2479 4801 14656 2494 4801 14657 2551 4802 14658 2552 4802 14659 2553 4802 14660 2551 4803 14661 2554 4803 14662 2552 4803 14663 2555 4804 14664 2434 4804 14665 2436 4804 14666 2555 4805 14667 2436 4805 14668 2556 4805 14669 2557 4806 14670 2553 4806 14671 2558 4806 14672 2557 4807 14673 2558 4807 14674 2559 4807 14675 2560 4808 14676 2561 4808 14677 2562 4808 14678 2560 4809 14679 2562 4809 14680 2548 4809 14681 2560 4810 14682 2548 4810 14683 2546 4810 14684 2560 4811 14685 2559 4811 14686 2561 4811 14687 2563 4812 14688 2556 4812 14689 2554 4812 14690 2563 4813 14691 2554 4813 14692 2551 4813 14693 2564 4814 14694 2553 4814 14695 2557 4814 14696 2564 4815 14697 2551 4815 14698 2553 4815 14699 2565 4816 14700 2473 4816 14701 2434 4816 14702 2565 4817 14703 2471 4817 14704 2473 4817 14705 2565 4818 14706 2434 4818 14707 2555 4818 14708 2565 4819 14709 2566 4819 14710 2471 4819 14711 2567 4820 14712 2555 4820 14713 2556 4820 14714 2567 4821 14715 2556 4821 14716 2563 4821 14717 2568 4822 14718 2546 4822 14719 2544 4822 14720 2568 4823 14721 2560 4823 14722 2546 4823 14723 2568 4824 14724 2557 4824 14725 2559 4824 14726 2568 4825 14727 2559 4825 14728 2560 4825 14729 2569 4826 14730 2563 4826 14731 2551 4826 14732 2569 4827 14733 2551 4827 14734 2564 4827 14735 2566 4828 14736 2458 4828 14737 2471 4828 14738 2570 4829 14739 2544 4829 14740 2540 4829 14741 2570 4830 14742 2568 4830 14743 2544 4830 14744 2570 4831 14745 2564 4831 14746 2557 4831 14747 2570 4832 14748 2557 4832 14749 2568 4832 14750 2571 4833 14751 2572 4833 14752 2566 4833 14753 2571 4834 14754 2555 4834 14755 2567 4834 14756 2571 4835 14757 2566 4835 14758 2565 4835 14759 2571 4836 14760 2565 4836 14761 2555 4836 14762 2573 4837 14763 2563 4837 14764 2569 4837 14765 2573 4838 14766 2567 4838 14767 2563 4838 14768 2574 4839 14769 2564 4839 14770 2570 4839 14771 2574 4840 14772 2540 4840 14773 2533 4840 14774 2574 4841 14775 2570 4841 14776 2540 4841 14777 2574 4842 14778 2569 4842 14779 2564 4842 14780 2575 4843 14781 2571 4843 14782 2567 4843 14783 2575 4844 14784 2576 4844 14785 2572 4844 14786 2575 4845 14787 2567 4845 14788 2573 4845 14789 2575 4846 14790 2572 4846 14791 2571 4846 14792 2577 4847 14793 2573 4847 14794 2569 4847 14795 2577 4848 14796 2574 4848 14797 2533 4848 14798 2577 4849 14799 2533 4849 14800 2525 4849 14801 2577 4850 14802 2569 4850 14803 2574 4850 14804 2512 4851 14805 2578 4851 14806 2513 4851 14807 2579 4852 14808 2575 4852 14809 2573 4852 14810 2580 4853 14811 2419 4853 14812 2455 4853 14813 2579 4854 14814 2576 4854 14815 2575 4854 14816 2579 4855 14817 2525 4855 14818 2513 4855 14819 2579 4856 14820 2577 4856 14821 2525 4856 14822 2579 4857 14823 2578 4857 14824 2576 4857 14825 2580 4858 14826 2455 4858 14827 2581 4858 14828 2579 4859 14829 2513 4859 14830 2578 4859 14831 2579 4860 14832 2573 4860 14833 2577 4860 14834 2552 4861 14835 2474 4861 14836 2419 4861 14837 2552 4862 14838 2419 4862 14839 2580 4862 14840 2558 4863 14841 2581 4863 14842 2582 4863 14843 2558 4864 14844 2580 4864 14845 2581 4864 14846 2554 4865 14847 2469 4865 14848 2474 4865 14849 2554 4866 14850 2450 4866 14851 2469 4866 14852 2554 4867 14853 2474 4867 14854 2552 4867 14855 2553 4868 14856 2552 4868 14857 2580 4868 14858 2553 4869 14859 2580 4869 14860 2558 4869 14861 2559 4870 14862 2582 4870 14863 2561 4870 14864 2559 4871 14865 2558 4871 14866 2582 4871 14867 2556 4872 14868 2436 4872 14869 2450 4872 14870 2556 4873 14871 2450 4873 14872 2554 4873 14873 2458 4874 14874 2395 4874 14875 2400 4874 14876 2456 4875 14877 2400 4875 14878 2398 4875 14879 2456 4876 14880 2458 4876 14881 2400 4876 14882 2464 4877 14883 2399 4877 14884 2403 4877 14885 2464 4878 14886 2398 4878 14887 2399 4878 14888 2464 4879 14889 2456 4879 14890 2398 4879 14891 2433 4880 14892 2403 4880 14893 2407 4880 14894 2433 4881 14895 2464 4881 14896 2403 4881 14897 2431 4882 14898 2407 4882 14899 2411 4882 14900 2431 4883 14901 2433 4883 14902 2407 4883 14903 2441 4884 14904 2411 4884 14905 2391 4884 14906 2441 4885 14907 2431 4885 14908 2411 4885 14909 2445 4886 14910 2391 4886 14911 2392 4886 14912 2445 4887 14913 2441 4887 14914 2391 4887 14915 2443 4888 14916 2445 4888 14917 2392 4888 14918 2583 4889 14919 2584 4889 14920 2585 4889 14921 2583 4890 14922 2585 4890 14923 2586 4890 14924 2587 4891 14925 2588 4891 14926 2589 4891 14927 2587 4892 14928 2589 4892 14929 2590 4892 14930 2587 4893 14931 2590 4893 14932 2591 4893 14933 2587 4894 14934 2591 4894 14935 2592 4894 14936 2593 4895 14937 2369 4895 14938 2366 4895 14939 2593 4896 14940 2594 4896 14941 2369 4896 14942 2593 4897 14943 2586 4897 14944 2595 4897 14945 2593 4898 14946 2595 4898 14947 2594 4898 14948 2596 4899 14949 2592 4899 14950 2597 4899 14951 2596 4900 14952 2597 4900 14953 2598 4900 14954 2599 4901 14955 2598 4901 14956 2600 4901 14957 2599 4902 14958 2600 4902 14959 2601 4902 14960 2602 4903 14961 2584 4903 14962 2583 4903 14963 2602 4904 14964 2601 4904 14965 2584 4904 14966 2603 4905 14967 2366 4905 14968 2368 4905 14969 2603 4906 14970 2583 4906 14971 2586 4906 14972 2603 4907 14973 2586 4907 14974 2593 4907 14975 2603 4908 14976 2593 4908 14977 2366 4908 14978 2604 4909 14979 2588 4909 14980 2587 4909 14981 2604 4910 14982 2605 4910 14983 2588 4910 14984 2604 4911 14985 2587 4911 14986 2592 4911 14987 2604 4912 14988 2592 4912 14989 2596 4912 14990 2606 4913 14991 2598 4913 14992 2599 4913 14993 2606 4914 14994 2596 4914 14995 2598 4914 14996 2607 4915 14997 2385 4915 14998 2387 4915 14999 2608 4916 15000 2599 4916 15001 2601 4916 15002 2608 4917 15003 2601 4917 15004 2602 4917 15005 2609 4918 15006 2368 4918 15007 2372 4918 15008 2609 4919 15009 2603 4919 15010 2368 4919 15011 2609 4920 15012 2602 4920 15013 2583 4920 15014 2609 4921 15015 2583 4921 15016 2603 4921 15017 2610 4922 15018 2611 4922 15019 2605 4922 15020 2610 4923 15021 2605 4923 15022 2604 4923 15023 2610 4924 15024 2596 4924 15025 2606 4924 15026 2610 4925 15027 2604 4925 15028 2596 4925 15029 2612 4926 15030 2606 4926 15031 2599 4926 15032 2612 4927 15033 2599 4927 15034 2608 4927 15035 2613 4928 15036 2372 4928 15037 2376 4928 15038 2613 4929 15039 2609 4929 15040 2372 4929 15041 2613 4930 15042 2608 4930 15043 2602 4930 15044 2613 4931 15045 2602 4931 15046 2609 4931 15047 2614 4932 15048 2615 4932 15049 2611 4932 15050 2614 4933 15051 2610 4933 15052 2606 4933 15053 2614 4934 15054 2606 4934 15055 2612 4934 15056 2614 4935 15057 2611 4935 15058 2610 4935 15059 2616 4936 15060 2376 4936 15061 2380 4936 15062 2616 4937 15063 2613 4937 15064 2376 4937 15065 2616 4938 15066 2612 4938 15067 2608 4938 15068 2616 4939 15069 2608 4939 15070 2613 4939 15071 2617 4940 15072 2380 4940 15073 2360 4940 15074 2617 4941 15075 2618 4941 15076 2615 4941 15077 2617 4942 15078 2615 4942 15079 2614 4942 15080 2617 4943 15081 2360 4943 15082 2618 4943 15083 2617 4944 15084 2616 4944 15085 2380 4944 15086 2617 4945 15087 2614 4945 15088 2612 4945 15089 2617 4946 15090 2612 4946 15091 2616 4946 15092 2369 4947 15093 2594 4947 15094 2364 4947 15095 2361 4948 15096 2618 4948 15097 2360 4948 15098 2619 4949 15099 2393 4949 15100 2395 4949 15101 2619 4950 15102 2395 4950 15103 2620 4950 15104 2621 4951 15105 2396 4951 15106 2393 4951 15107 2621 4952 15108 2393 4952 15109 2619 4952 15110 2622 4953 15111 2620 4953 15112 2623 4953 15113 2622 4954 15114 2619 4954 15115 2620 4954 15116 2624 4955 15117 2396 4955 15118 2621 4955 15119 2624 4956 15120 2404 4956 15121 2396 4956 15122 2625 4957 15123 2619 4957 15124 2622 4957 15125 2625 4958 15126 2621 4958 15127 2619 4958 15128 2626 4959 15129 2623 4959 15130 2627 4959 15131 2626 4960 15132 2622 4960 15133 2623 4960 15134 2628 4961 15135 2408 4961 15136 2404 4961 15137 2628 4962 15138 2404 4962 15139 2624 4962 15140 2629 4963 15141 2624 4963 15142 2621 4963 15143 2629 4964 15144 2621 4964 15145 2625 4964 15146 2630 4965 15147 2622 4965 15148 2626 4965 15149 2630 4966 15150 2625 4966 15151 2622 4966 15152 2631 4967 15153 2626 4967 15154 2627 4967 15155 2631 4968 15156 2627 4968 15157 2632 4968 15158 2633 4969 15159 2412 4969 15160 2408 4969 15161 2633 4970 15162 2408 4970 15163 2628 4970 15164 2634 4971 15165 2624 4971 15166 2629 4971 15167 2634 4972 15168 2628 4972 15169 2624 4972 15170 2635 4973 15171 2629 4973 15172 2625 4973 15173 2635 4974 15174 2625 4974 15175 2630 4974 15176 2636 4975 15177 2630 4975 15178 2626 4975 15179 2636 4976 15180 2626 4976 15181 2631 4976 15182 2637 4977 15183 2387 4977 15184 2412 4977 15185 2637 4978 15186 2412 4978 15187 2633 4978 15188 2637 4979 15189 2607 4979 15190 2387 4979 15191 2638 4980 15192 2631 4980 15193 2632 4980 15194 2638 4981 15195 2632 4981 15196 2639 4981 15197 2640 4982 15198 2628 4982 15199 2634 4982 15200 2640 4983 15201 2633 4983 15202 2628 4983 15203 2641 4984 15204 2634 4984 15205 2629 4984 15206 2641 4985 15207 2629 4985 15208 2635 4985 15209 2642 4986 15210 2635 4986 15211 2630 4986 15212 2642 4987 15213 2630 4987 15214 2636 4987 15215 2643 4988 15216 2631 4988 15217 2638 4988 15218 2643 4989 15219 2636 4989 15220 2631 4989 15221 2644 4990 15222 2633 4990 15223 2640 4990 15224 2644 4991 15225 2645 4991 15226 2607 4991 15227 2644 4992 15228 2607 4992 15229 2637 4992 15230 2644 4993 15231 2637 4993 15232 2633 4993 15233 2646 4994 15234 2639 4994 15235 2647 4994 15236 2646 4995 15237 2638 4995 15238 2639 4995 15239 2648 4996 15240 2640 4996 15241 2634 4996 15242 2648 4997 15243 2634 4997 15244 2641 4997 15245 2649 4998 15246 2635 4998 15247 2642 4998 15248 2649 4999 15249 2641 4999 15250 2635 4999 15251 2650 5000 15252 2636 5000 15253 2643 5000 15254 2650 5001 15255 2642 5001 15256 2636 5001 15257 2651 5002 15258 2638 5002 15259 2646 5002 15260 2651 5003 15261 2643 5003 15262 2638 5003 15263 2652 5004 15264 2653 5004 15265 2645 5004 15266 2652 5005 15267 2645 5005 15268 2644 5005 15269 2652 5006 15270 2644 5006 15271 2640 5006 15272 2652 5007 15273 2640 5007 15274 2648 5007 15275 2654 5008 15276 2647 5008 15277 2655 5008 15278 2654 5009 15279 2646 5009 15280 2647 5009 15281 2656 5010 15282 2648 5010 15283 2641 5010 15284 2656 5011 15285 2641 5011 15286 2649 5011 15287 2657 5012 15288 2649 5012 15289 2642 5012 15290 2657 5013 15291 2642 5013 15292 2650 5013 15293 2658 5014 15294 2650 5014 15295 2643 5014 15296 2658 5015 15297 2643 5015 15298 2651 5015 15299 2659 5016 15300 2651 5016 15301 2646 5016 15302 2659 5017 15303 2646 5017 15304 2654 5017 15305 2660 5018 15306 2661 5018 15307 2653 5018 15308 2660 5019 15309 2652 5019 15310 2648 5019 15311 2660 5020 15312 2648 5020 15313 2656 5020 15314 2660 5021 15315 2653 5021 15316 2652 5021 15317 2662 5022 15318 2655 5022 15319 2663 5022 15320 2662 5023 15321 2654 5023 15322 2655 5023 15323 2664 5024 15324 2656 5024 15325 2649 5024 15326 2664 5025 15327 2649 5025 15328 2657 5025 15329 2665 5026 15330 2657 5026 15331 2650 5026 15332 2665 5027 15333 2650 5027 15334 2658 5027 15335 2666 5028 15336 2658 5028 15337 2651 5028 15338 2666 5029 15339 2651 5029 15340 2659 5029 15341 2667 5030 15342 2659 5030 15343 2654 5030 15344 2667 5031 15345 2654 5031 15346 2662 5031 15347 2668 5032 15348 2669 5032 15349 2661 5032 15350 2668 5033 15351 2661 5033 15352 2660 5033 15353 2668 5034 15354 2656 5034 15355 2664 5034 15356 2668 5035 15357 2660 5035 15358 2656 5035 15359 2670 5036 15360 2663 5036 15361 2671 5036 15362 2670 5037 15363 2662 5037 15364 2663 5037 15365 2672 5038 15366 2664 5038 15367 2657 5038 15368 2672 5039 15369 2657 5039 15370 2665 5039 15371 2673 5040 15372 2658 5040 15373 2666 5040 15374 2673 5041 15375 2665 5041 15376 2658 5041 15377 2674 5042 15378 2659 5042 15379 2667 5042 15380 2674 5043 15381 2666 5043 15382 2659 5043 15383 2675 5044 15384 2667 5044 15385 2662 5044 15386 2675 5045 15387 2662 5045 15388 2670 5045 15389 2676 5046 15390 2664 5046 15391 2672 5046 15392 2676 5047 15393 2668 5047 15394 2664 5047 15395 2676 5048 15396 2677 5048 15397 2669 5048 15398 2676 5049 15399 2669 5049 15400 2668 5049 15401 2678 5050 15402 2670 5050 15403 2671 5050 15404 2678 5051 15405 2671 5051 15406 2679 5051 15407 2680 5052 15408 2665 5052 15409 2673 5052 15410 2680 5053 15411 2672 5053 15412 2665 5053 15413 2681 5054 15414 2666 5054 15415 2674 5054 15416 2681 5055 15417 2673 5055 15418 2666 5055 15419 2682 5056 15420 2667 5056 15421 2675 5056 15422 2682 5057 15423 2674 5057 15424 2667 5057 15425 2683 5058 15426 2675 5058 15427 2670 5058 15428 2683 5059 15429 2670 5059 15430 2678 5059 15431 2684 5060 15432 2676 5060 15433 2672 5060 15434 2684 5061 15435 2685 5061 15436 2677 5061 15437 2684 5062 15438 2677 5062 15439 2676 5062 15440 2684 5063 15441 2672 5063 15442 2680 5063 15443 2686 5064 15444 2678 5064 15445 2679 5064 15446 2686 5065 15447 2679 5065 15448 2687 5065 15449 2688 5066 15450 2680 5066 15451 2673 5066 15452 2688 5067 15453 2673 5067 15454 2681 5067 15455 2689 5068 15456 2681 5068 15457 2674 5068 15458 2689 5069 15459 2674 5069 15460 2682 5069 15461 2690 5070 15462 2675 5070 15463 2683 5070 15464 2690 5071 15465 2682 5071 15466 2675 5071 15467 2691 5072 15468 2678 5072 15469 2686 5072 15470 2691 5073 15471 2683 5073 15472 2678 5073 15473 2692 5074 15474 2693 5074 15475 2685 5074 15476 2692 5075 15477 2680 5075 15478 2688 5075 15479 2692 5076 15480 2685 5076 15481 2684 5076 15482 2692 5077 15483 2684 5077 15484 2680 5077 15485 2694 5078 15486 2687 5078 15487 2695 5078 15488 2694 5079 15489 2686 5079 15490 2687 5079 15491 2696 5080 15492 2681 5080 15493 2689 5080 15494 2696 5081 15495 2688 5081 15496 2681 5081 15497 2697 5082 15498 2689 5082 15499 2682 5082 15500 2697 5083 15501 2682 5083 15502 2690 5083 15503 2698 5084 15504 2683 5084 15505 2691 5084 15506 2698 5085 15507 2690 5085 15508 2683 5085 15509 2699 5086 15510 2691 5086 15511 2686 5086 15512 2699 5087 15513 2686 5087 15514 2694 5087 15515 2700 5088 15516 2701 5088 15517 2693 5088 15518 2700 5089 15519 2692 5089 15520 2688 5089 15521 2700 5090 15522 2688 5090 15523 2696 5090 15524 2700 5091 15525 2693 5091 15526 2692 5091 15527 2702 5092 15528 2695 5092 15529 2703 5092 15530 2702 5093 15531 2694 5093 15532 2695 5093 15533 2704 5094 15534 2689 5094 15535 2697 5094 15536 2704 5095 15537 2696 5095 15538 2689 5095 15539 2705 5096 15540 2697 5096 15541 2690 5096 15542 2705 5097 15543 2690 5097 15544 2698 5097 15545 2706 5098 15546 2691 5098 15547 2699 5098 15548 2706 5099 15549 2698 5099 15550 2691 5099 15551 2707 5100 15552 2699 5100 15553 2694 5100 15554 2707 5101 15555 2694 5101 15556 2702 5101 15557 2708 5102 15558 2709 5102 15559 2701 5102 15560 2708 5103 15561 2701 5103 15562 2700 5103 15563 2708 5104 15564 2700 5104 15565 2696 5104 15566 2708 5105 15567 2696 5105 15568 2704 5105 15569 2710 5106 15570 2703 5106 15571 2711 5106 15572 2710 5107 15573 2702 5107 15574 2703 5107 15575 2712 5108 15576 2704 5108 15577 2697 5108 15578 2712 5109 15579 2697 5109 15580 2705 5109 15581 2713 5110 15582 2705 5110 15583 2698 5110 15584 2713 5111 15585 2698 5111 15586 2706 5111 15587 2714 5112 15588 2706 5112 15589 2699 5112 15590 2714 5113 15591 2699 5113 15592 2707 5113 15593 2715 5114 15594 2707 5114 15595 2702 5114 15596 2715 5115 15597 2702 5115 15598 2710 5115 15599 2716 5116 15600 2708 5116 15601 2704 5116 15602 2716 5117 15603 2717 5117 15604 2709 5117 15605 2716 5118 15606 2709 5118 15607 2708 5118 15608 2716 5119 15609 2704 5119 15610 2712 5119 15611 2585 5120 15612 2710 5120 15613 2711 5120 15614 2585 5121 15615 2711 5121 15616 2718 5121 15617 2591 5122 15618 2712 5122 15619 2705 5122 15620 2591 5123 15621 2705 5123 15622 2713 5123 15623 2597 5124 15624 2713 5124 15625 2706 5124 15626 2597 5125 15627 2706 5125 15628 2714 5125 15629 2600 5126 15630 2714 5126 15631 2707 5126 15632 2600 5127 15633 2707 5127 15634 2715 5127 15635 2584 5128 15636 2715 5128 15637 2710 5128 15638 2584 5129 15639 2710 5129 15640 2585 5129 15641 2590 5130 15642 2716 5130 15643 2712 5130 15644 2590 5131 15645 2589 5131 15646 2717 5131 15647 2590 5132 15648 2717 5132 15649 2716 5132 15650 2590 5133 15651 2712 5133 15652 2591 5133 15653 2586 5134 15654 2585 5134 15655 2718 5134 15656 2586 5135 15657 2718 5135 15658 2595 5135 15659 2592 5136 15660 2713 5136 15661 2597 5136 15662 2592 5137 15663 2591 5137 15664 2713 5137 15665 2598 5138 15666 2597 5138 15667 2714 5138 15668 2598 5139 15669 2714 5139 15670 2600 5139 15671 2601 5140 15672 2600 5140 15673 2715 5140 15674 2601 5141 15675 2715 5141 15676 2584 5141 15677 2345 5142 15678 2354 5142 15679 2356 5142 15680 2339 5143 15681 2356 5143 15682 2381 5143 15683 2339 5144 15684 2345 5144 15685 2356 5144 15686 2323 5145 15687 2381 5145 15688 2377 5145 15689 2323 5146 15690 2339 5146 15691 2381 5146 15692 2314 5147 15693 2377 5147 15694 2373 5147 15695 2314 5148 15696 2323 5148 15697 2377 5148 15698 2312 5149 15699 2373 5149 15700 2365 5149 15701 2312 5150 15702 2314 5150 15703 2373 5150 15704 2353 5151 15705 2312 5151 15706 2365 5151 15707 2351 5152 15708 2365 5152 15709 2362 5152 15710 2351 5153 15711 2353 5153 15712 2365 5153 15713 2349 5154 15714 2362 5154 15715 2364 5154 15716 2349 5155 15717 2351 5155 15718 2362 5155 15719 2336 5156 15720 2349 5156 15721 2364 5156 15722 2719 5157 15723 2720 5157 15724 2721 5157 15725 2722 5158 15726 2723 5158 15727 2724 5158 15728 2719 5159 15729 2725 5159 15730 2720 5159 15731 2726 5160 15732 2319 5160 15733 2303 5160 15734 2722 5161 15735 2724 5161 15736 2727 5161 15737 2728 5162 15738 2729 5162 15739 2730 5162 15740 2726 5163 15741 2303 5163 15742 2731 5163 15743 2728 5164 15744 2730 5164 15745 2723 5164 15746 2732 5165 15747 2733 5165 15748 2734 5165 15749 2735 5166 15750 2731 5166 15751 2736 5166 15752 2732 5167 15753 2737 5167 15754 2738 5167 15755 2732 5168 15756 2734 5168 15757 2739 5168 15758 2732 5169 15759 2738 5169 15760 2733 5169 15761 2735 5170 15762 2736 5170 15763 2725 5170 15764 2740 5171 15765 2741 5171 15766 2742 5171 15767 2743 5172 15768 2744 5172 15769 2745 5172 15770 2740 5173 15771 2727 5173 15772 2741 5173 15773 2746 5174 15774 2747 5174 15775 2748 5174 15776 2749 5175 15777 2719 5175 15778 2721 5175 15779 2749 5176 15780 2721 5176 15781 2744 5176 15782 2746 5177 15783 2748 5177 15784 2729 5177 15785 2750 5178 15786 2745 5178 15787 2751 5178 15788 2752 5179 15789 2737 5179 15790 2732 5179 15791 2750 5180 15792 2743 5180 15793 2745 5180 15794 2752 5181 15795 2739 5181 15796 2747 5181 15797 2752 5182 15798 2732 5182 15799 2739 5182 15800 2753 5183 15801 2754 5183 15802 2755 5183 15803 2753 5184 15804 2755 5184 15805 2756 5184 15806 2757 5185 15807 2725 5185 15808 2719 5185 15809 2753 5186 15810 2742 5186 15811 2754 5186 15812 2757 5187 15813 2735 5187 15814 2725 5187 15815 2758 5188 15816 2723 5188 15817 2722 5188 15818 2759 5189 15819 2317 5189 15820 2319 5189 15821 2760 5190 15822 2327 5190 15823 2324 5190 15824 2758 5191 15825 2728 5191 15826 2723 5191 15827 2759 5192 15828 2319 5192 15829 2726 5192 15830 2761 5193 15831 2729 5193 15832 2728 5193 15833 2761 5194 15834 2746 5194 15835 2729 5194 15836 2762 5195 15837 2731 5195 15838 2735 5195 15839 2762 5196 15840 2726 5196 15841 2731 5196 15842 2763 5197 15843 2722 5197 15844 2727 5197 15845 2763 5198 15846 2727 5198 15847 2740 5198 15848 2764 5199 15849 2765 5199 15850 2737 5199 15851 2764 5200 15852 2737 5200 15853 2752 5200 15854 2764 5201 15855 2747 5201 15856 2746 5201 15857 2766 5202 15858 2744 5202 15859 2743 5202 15860 2764 5203 15861 2752 5203 15862 2747 5203 15863 2766 5204 15864 2749 5204 15865 2744 5204 15866 2767 5205 15867 2756 5205 15868 2768 5205 15869 2767 5206 15870 2753 5206 15871 2756 5206 15872 2767 5207 15873 2740 5207 15874 2742 5207 15875 2769 5208 15876 2719 5208 15877 2749 5208 15878 2767 5209 15879 2742 5209 15880 2753 5209 15881 2769 5210 15882 2757 5210 15883 2719 5210 15884 2756 5211 15885 2755 5211 15886 2770 5211 15887 2771 5212 15888 2728 5212 15889 2758 5212 15890 2741 5213 15891 2750 5213 15892 2751 5213 15893 2771 5214 15894 2761 5214 15895 2728 5214 15896 2772 5215 15897 2765 5215 15898 2764 5215 15899 2724 5216 15900 2766 5216 15901 2743 5216 15902 2772 5217 15903 2746 5217 15904 2761 5217 15905 2772 5218 15906 2764 5218 15907 2746 5218 15908 2773 5219 15909 2758 5219 15910 2722 5219 15911 2724 5220 15912 2743 5220 15913 2750 5220 15914 2773 5221 15915 2722 5221 15916 2763 5221 15917 2774 5222 15918 2768 5222 15919 2775 5222 15920 2776 5223 15921 2762 5223 15922 2735 5223 15923 2776 5224 15924 2735 5224 15925 2757 5224 15926 2777 5225 15927 2324 5225 15928 2317 5225 15929 2774 5226 15930 2767 5226 15931 2768 5226 15932 2774 5227 15933 2763 5227 15934 2740 5227 15935 2777 5228 15936 2760 5228 15937 2324 5228 15938 2774 5229 15939 2740 5229 15940 2767 5229 15941 2777 5230 15942 2317 5230 15943 2759 5230 15944 2734 5231 15945 2726 5231 15946 2762 5231 15947 2778 5232 15948 2779 5232 15949 2765 5232 15950 2778 5233 15951 2761 5233 15952 2771 5233 15953 2778 5234 15954 2772 5234 15955 2761 5234 15956 2778 5235 15957 2765 5235 15958 2772 5235 15959 2734 5236 15960 2759 5236 15961 2726 5236 15962 2730 5237 15963 2749 5237 15964 2766 5237 15965 2780 5238 15966 2758 5238 15967 2773 5238 15968 2780 5239 15969 2771 5239 15970 2758 5239 15971 2730 5240 15972 2769 5240 15973 2749 5240 15974 2781 5241 15975 2775 5241 15976 2782 5241 15977 2748 5242 15978 2776 5242 15979 2757 5242 15980 2781 5243 15981 2774 5243 15982 2775 5243 15983 2783 5244 15984 2784 5244 15985 2785 5244 15986 2786 5245 15987 2334 5245 15988 2336 5245 15989 2781 5246 15990 2773 5246 15991 2763 5246 15992 2748 5247 15993 2757 5247 15994 2769 5247 15995 2781 5248 15996 2763 5248 15997 2774 5248 15998 2787 5249 15999 2771 5249 16000 2780 5249 16001 2786 5250 16002 2336 5250 16003 2788 5250 16004 2727 5251 16005 2750 5251 16006 2741 5251 16007 2787 5252 16008 2789 5252 16009 2779 5252 16010 2787 5253 16011 2779 5253 16012 2778 5253 16013 2736 5254 16014 2338 5254 16015 2334 5254 16016 2787 5255 16017 2778 5255 16018 2771 5255 16019 2790 5256 16020 2773 5256 16021 2781 5256 16022 2790 5257 16023 2782 5257 16024 2791 5257 16025 2727 5258 16026 2724 5258 16027 2750 5258 16028 2736 5259 16029 2334 5259 16030 2786 5259 16031 2790 5260 16032 2780 5260 16033 2773 5260 16034 2790 5261 16035 2781 5261 16036 2782 5261 16037 2723 5262 16038 2766 5262 16039 2724 5262 16040 2720 5263 16041 2788 5263 16042 2792 5263 16043 2723 5264 16044 2730 5264 16045 2766 5264 16046 2793 5265 16047 2789 5265 16048 2787 5265 16049 2793 5266 16050 2780 5266 16051 2790 5266 16052 2720 5267 16053 2786 5267 16054 2788 5267 16055 2793 5268 16056 2791 5268 16057 2785 5268 16058 2793 5269 16059 2784 5269 16060 2789 5269 16061 2793 5270 16062 2790 5270 16063 2791 5270 16064 2739 5271 16065 2734 5271 16066 2762 5271 16067 2793 5272 16068 2785 5272 16069 2784 5272 16070 2793 5273 16071 2787 5273 16072 2780 5273 16073 2739 5274 16074 2762 5274 16075 2776 5274 16076 2742 5275 16077 2751 5275 16078 2754 5275 16079 2721 5276 16080 2720 5276 16081 2792 5276 16082 2731 5277 16083 2303 5277 16084 2338 5277 16085 2742 5278 16086 2741 5278 16087 2751 5278 16088 2731 5279 16089 2338 5279 16090 2736 5279 16091 2733 5280 16092 2760 5280 16093 2777 5280 16094 2733 5281 16095 2777 5281 16096 2759 5281 16097 2733 5282 16098 2759 5282 16099 2734 5282 16100 2733 5283 16101 2738 5283 16102 2760 5283 16103 2725 5284 16104 2736 5284 16105 2786 5284 16106 2729 5285 16107 2748 5285 16108 2769 5285 16109 2725 5286 16110 2786 5286 16111 2720 5286 16112 2744 5287 16113 2792 5287 16114 2745 5287 16115 2729 5288 16116 2769 5288 16117 2730 5288 16118 2747 5289 16119 2776 5289 16120 2748 5289 16121 2744 5290 16122 2721 5290 16123 2792 5290 16124 2747 5291 16125 2739 5291 16126 2776 5291 16127 2291 5292 16128 2783 5292 16129 2785 5292 16130 2794 5293 16131 2785 5293 16132 2791 5293 16133 2794 5294 16134 2291 5294 16135 2785 5294 16136 2795 5295 16137 2791 5295 16138 2782 5295 16139 2795 5296 16140 2794 5296 16141 2791 5296 16142 2796 5297 16143 2782 5297 16144 2775 5297 16145 2796 5298 16146 2795 5298 16147 2782 5298 16148 2797 5299 16149 2775 5299 16150 2768 5299 16151 2797 5300 16152 2796 5300 16153 2775 5300 16154 2798 5301 16155 2768 5301 16156 2756 5301 16157 2798 5302 16158 2797 5302 16159 2768 5302 16160 2799 5303 16161 2756 5303 16162 2770 5303 16163 2799 5304 16164 2798 5304 16165 2756 5304 16166 2800 5305 16167 2799 5305 16168 2770 5305 16169 2801 5306 16170 2802 5306 16171 2803 5306 16172 2796 5307 16173 2804 5307 16174 2795 5307 16175 2795 5308 16176 2804 5308 16177 2794 5308 16178 2289 5309 16179 2804 5309 16180 2287 5309 16181 2282 5310 16182 2805 5310 16183 2279 5310 16184 2287 5311 16185 2804 5311 16186 2806 5311 16187 2794 5312 16188 2804 5312 16189 2289 5312 16190 2807 5313 16191 2808 5313 16192 2802 5313 16193 2809 5314 16194 2808 5314 16195 2807 5314 16196 2810 5315 16197 2811 5315 16198 2812 5315 16199 2813 5316 16200 2811 5316 16201 2814 5316 16202 2803 5317 16203 2811 5317 16204 2813 5317 16205 2814 5318 16206 2811 5318 16207 2810 5318 16208 2806 5319 16209 2815 5319 16210 2809 5319 16211 2809 5320 16212 2815 5320 16213 2808 5320 16214 2812 5321 16215 2816 5321 16216 2817 5321 16217 2802 5322 16218 2816 5322 16219 2803 5322 16220 2811 5323 16221 2816 5323 16222 2812 5323 16223 2803 5324 16224 2816 5324 16225 2811 5324 16226 2798 5325 16227 2818 5325 16228 2797 5325 16229 2797 5326 16230 2818 5326 16231 2796 5326 16232 2806 5327 16233 2818 5327 16234 2815 5327 16235 2804 5328 16236 2818 5328 16237 2806 5328 16238 2796 5329 16239 2818 5329 16240 2804 5329 16241 2817 5330 16242 2819 5330 16243 2820 5330 16244 2802 5331 16245 2819 5331 16246 2816 5331 16247 2808 5332 16248 2819 5332 16249 2802 5332 16250 2816 5333 16251 2819 5333 16252 2817 5333 16253 2291 5334 16254 2794 5334 16255 2289 5334 16256 2820 5335 16257 2821 5335 16258 2822 5335 16259 2819 5336 16260 2821 5336 16261 2820 5336 16262 2815 5337 16263 2821 5337 16264 2808 5337 16265 2808 5338 16266 2821 5338 16267 2819 5338 16268 2822 5339 16269 2823 5339 16270 2824 5339 16271 2799 5340 16272 2823 5340 16273 2798 5340 16274 2798 5341 16275 2823 5341 16276 2818 5341 16277 2818 5342 16278 2823 5342 16279 2815 5342 16280 2824 5343 16281 2823 5343 16282 2799 5343 16283 2821 5344 16284 2823 5344 16285 2822 5344 16286 2815 5345 16287 2823 5345 16288 2821 5345 16289 2814 5346 16290 2810 5346 16291 2825 5346 16292 2799 5347 16293 2800 5347 16294 2824 5347 16295 2826 5348 16296 2801 5348 16297 2827 5348 16298 2805 5349 16299 2801 5349 16300 2826 5349 16301 2282 5350 16302 2801 5350 16303 2805 5350 16304 2283 5351 16305 2807 5351 16306 2282 5351 16307 2282 5352 16308 2807 5352 16309 2801 5352 16310 2284 5353 16311 2809 5353 16312 2283 5353 16313 2285 5354 16314 2809 5354 16315 2284 5354 16316 2283 5355 16317 2809 5355 16318 2807 5355 16319 2828 5356 16320 2803 5356 16321 2813 5356 16322 2827 5357 16323 2803 5357 16324 2828 5357 16325 2801 5358 16326 2803 5358 16327 2827 5358 16328 2287 5359 16329 2806 5359 16330 2285 5359 16331 2285 5360 16332 2806 5360 16333 2809 5360 16334 2807 5361 16335 2802 5361 16336 2801 5361 16337 2805 5362 16338 2053 5362 16339 2279 5362 16340 2232 5363 16341 2053 5363 16342 2805 5363 16343 2227 5364 16344 2805 5364 16345 2826 5364 16346 2227 5365 16347 2232 5365 16348 2805 5365 16349 2277 5366 16350 2103 5366 16351 2230 5366 16352 2829 5367 16353 2230 5367 16354 2226 5367 16355 2829 5368 16356 2277 5368 16357 2230 5368 16358 2830 5369 16359 2226 5369 16360 2227 5369 16361 2830 5370 16362 2227 5370 16363 2826 5370 16364 2830 5371 16365 2829 5371 16366 2226 5371 16367 2831 5372 16368 2826 5372 16369 2827 5372 16370 2831 5373 16371 2830 5373 16372 2826 5373 16373 2832 5374 16374 2827 5374 16375 2828 5374 16376 2832 5375 16377 2831 5375 16378 2827 5375 16379 2833 5376 16380 2828 5376 16381 2813 5376 16382 2833 5377 16383 2832 5377 16384 2828 5377 16385 2834 5378 16386 2813 5378 16387 2814 5378 16388 2834 5379 16389 2833 5379 16390 2813 5379 16391 2835 5380 16392 2814 5380 16393 2825 5380 16394 2835 5381 16395 2834 5381 16396 2814 5381 16397 2836 5382 16398 2837 5382 16399 2838 5382 16400 2831 5383 16401 2839 5383 16402 2830 5383 16403 2830 5384 16404 2839 5384 16405 2829 5384 16406 2276 5385 16407 2839 5385 16408 2275 5385 16409 2266 5386 16410 2840 5386 16411 2263 5386 16412 2275 5387 16413 2839 5387 16414 2841 5387 16415 2829 5388 16416 2839 5388 16417 2276 5388 16418 2842 5389 16419 2843 5389 16420 2837 5389 16421 2844 5390 16422 2843 5390 16423 2842 5390 16424 2845 5391 16425 2846 5391 16426 2847 5391 16427 2848 5392 16428 2846 5392 16429 2849 5392 16430 2838 5393 16431 2846 5393 16432 2848 5393 16433 2849 5394 16434 2846 5394 16435 2845 5394 16436 2841 5395 16437 2850 5395 16438 2844 5395 16439 2844 5396 16440 2850 5396 16441 2843 5396 16442 2847 5397 16443 2851 5397 16444 2852 5397 16445 2837 5398 16446 2851 5398 16447 2838 5398 16448 2846 5399 16449 2851 5399 16450 2847 5399 16451 2838 5400 16452 2851 5400 16453 2846 5400 16454 2833 5401 16455 2853 5401 16456 2832 5401 16457 2832 5402 16458 2853 5402 16459 2831 5402 16460 2841 5403 16461 2853 5403 16462 2850 5403 16463 2839 5404 16464 2853 5404 16465 2841 5404 16466 2831 5405 16467 2853 5405 16468 2839 5405 16469 2852 5406 16470 2854 5406 16471 2855 5406 16472 2837 5407 16473 2854 5407 16474 2851 5407 16475 2843 5408 16476 2854 5408 16477 2837 5408 16478 2851 5409 16479 2854 5409 16480 2852 5409 16481 2277 5410 16482 2829 5410 16483 2276 5410 16484 2854 5411 16485 2856 5411 16486 2855 5411 16487 2850 5412 16488 2856 5412 16489 2843 5412 16490 2843 5413 16491 2856 5413 16492 2854 5413 16493 2857 5414 16494 2858 5414 16495 2859 5414 16496 2855 5415 16497 2858 5415 16498 2857 5415 16499 2834 5416 16500 2858 5416 16501 2833 5416 16502 2833 5417 16503 2858 5417 16504 2853 5417 16505 2856 5418 16506 2858 5418 16507 2855 5418 16508 2853 5419 16509 2858 5419 16510 2850 5419 16511 2859 5420 16512 2858 5420 16513 2834 5420 16514 2850 5421 16515 2858 5421 16516 2856 5421 16517 2849 5422 16518 2845 5422 16519 2860 5422 16520 2834 5423 16521 2835 5423 16522 2859 5423 16523 2861 5424 16524 2836 5424 16525 2862 5424 16526 2840 5425 16527 2836 5425 16528 2861 5425 16529 2266 5426 16530 2836 5426 16531 2840 5426 16532 2268 5427 16533 2842 5427 16534 2266 5427 16535 2266 5428 16536 2842 5428 16537 2836 5428 16538 2270 5429 16539 2844 5429 16540 2268 5429 16541 2273 5430 16542 2844 5430 16543 2270 5430 16544 2268 5431 16545 2844 5431 16546 2842 5431 16547 2863 5432 16548 2838 5432 16549 2848 5432 16550 2862 5433 16551 2838 5433 16552 2863 5433 16553 2836 5434 16554 2838 5434 16555 2862 5434 16556 2275 5435 16557 2841 5435 16558 2273 5435 16559 2273 5436 16560 2841 5436 16561 2844 5436 16562 2842 5437 16563 2837 5437 16564 2836 5437 16565 2849 5438 16566 2864 5438 16567 2865 5438 16568 2849 5439 16569 2860 5439 16570 2864 5439 16571 2848 5440 16572 2865 5440 16573 2866 5440 16574 2848 5441 16575 2849 5441 16576 2865 5441 16577 2863 5442 16578 2866 5442 16579 2867 5442 16580 2863 5443 16581 2848 5443 16582 2866 5443 16583 2862 5444 16584 2867 5444 16585 2868 5444 16586 2862 5445 16587 2863 5445 16588 2867 5445 16589 2861 5446 16590 2868 5446 16591 2869 5446 16592 2861 5447 16593 2862 5447 16594 2868 5447 16595 2840 5448 16596 2869 5448 16597 2870 5448 16598 2840 5449 16599 2861 5449 16600 2869 5449 16601 2263 5450 16602 2870 5450 16603 2871 5450 16604 2263 5451 16605 2840 5451 16606 2870 5451 16607 1755 5452 16608 2872 5452 16609 1753 5452 16610 1753 5453 16611 2872 5453 16612 1748 5453 16613 2873 5454 16614 2872 5454 16615 1755 5454 16616 1748 5455 16617 2872 5455 16618 2874 5455 16619 2294 5456 16620 2875 5456 16621 2293 5456 16622 2874 5457 16623 2875 5457 16624 2294 5457 16625 2876 5458 16626 2877 5458 16627 2873 5458 16628 2873 5459 16629 2877 5459 16630 2872 5459 16631 2874 5460 16632 2878 5460 16633 2875 5460 16634 2872 5461 16635 2878 5461 16636 2874 5461 16637 2293 5462 16638 2879 5462 16639 2296 5462 16640 2875 5463 16641 2879 5463 16642 2293 5463 16643 2880 5464 16644 2881 5464 16645 2876 5464 16646 2882 5465 16647 2881 5465 16648 2880 5465 16649 2876 5466 16650 2881 5466 16651 2877 5466 16652 2870 5467 16653 2881 5467 16654 2882 5467 16655 2872 5468 16656 2883 5468 16657 2878 5468 16658 2877 5469 16659 2883 5469 16660 2872 5469 16661 1757 5470 16662 2873 5470 16663 1755 5470 16664 2878 5471 16665 2884 5471 16666 2875 5471 16667 2875 5472 16668 2884 5472 16669 2879 5472 16670 2296 5473 16671 2885 5473 16672 2297 5473 16673 2879 5474 16674 2885 5474 16675 2296 5474 16676 2869 5475 16677 2886 5475 16678 2870 5475 16679 2870 5476 16680 2886 5476 16681 2881 5476 16682 2877 5477 16683 2886 5477 16684 2883 5477 16685 2881 5478 16686 2886 5478 16687 2877 5478 16688 2878 5479 16689 2887 5479 16690 2884 5479 16691 2883 5480 16692 2887 5480 16693 2878 5480 16694 2884 5481 16695 2888 5481 16696 2879 5481 16697 2879 5482 16698 2888 5482 16699 2885 5482 16700 2297 5483 16701 2889 5483 16702 2299 5483 16703 2885 5484 16704 2889 5484 16705 2297 5484 16706 2868 5485 16707 2890 5485 16708 2869 5485 16709 2869 5486 16710 2890 5486 16711 2886 5486 16712 2883 5487 16713 2890 5487 16714 2887 5487 16715 2886 5488 16716 2890 5488 16717 2883 5488 16718 2871 5489 16719 2870 5489 16720 2882 5489 16721 2887 5490 16722 2891 5490 16723 2884 5490 16724 2884 5491 16725 2891 5491 16726 2888 5491 16727 2892 5492 16728 2893 5492 16729 2894 5492 16730 2888 5493 16731 2893 5493 16732 2885 5493 16733 2299 5494 16734 2893 5494 16735 2892 5494 16736 2889 5495 16737 2893 5495 16738 2299 5495 16739 2885 5496 16740 2893 5496 16741 2889 5496 16742 2887 5497 16743 2895 5497 16744 2891 5497 16745 2867 5498 16746 2895 5498 16747 2868 5498 16748 2890 5499 16749 2895 5499 16750 2887 5499 16751 2868 5500 16752 2895 5500 16753 2890 5500 16754 2299 5501 16755 2892 5501 16756 2301 5501 16757 2891 5502 16758 2896 5502 16759 2888 5502 16760 2888 5503 16761 2896 5503 16762 2893 5503 16763 2894 5504 16764 2896 5504 16765 2897 5504 16766 2893 5505 16767 2896 5505 16768 2894 5505 16769 2895 5506 16770 2898 5506 16771 2891 5506 16772 2896 5507 16773 2898 5507 16774 2897 5507 16775 2899 5508 16776 2898 5508 16777 2865 5508 16778 2897 5509 16779 2898 5509 16780 2899 5509 16781 2891 5510 16782 2898 5510 16783 2896 5510 16784 2865 5511 16785 2898 5511 16786 2866 5511 16787 2866 5512 16788 2898 5512 16789 2867 5512 16790 2867 5513 16791 2898 5513 16792 2895 5513 16793 2865 5514 16794 2864 5514 16795 2899 5514 16796 1759 5515 16797 2874 5515 16798 2294 5515 16799 1748 5516 16800 2874 5516 16801 1749 5516 16802 1749 5517 16803 2874 5517 16804 1747 5517 16805 1747 5518 16806 2874 5518 16807 1750 5518 16808 1750 5519 16809 2874 5519 16810 1751 5519 16811 1751 5520 16812 2874 5520 16813 1752 5520 16814 1752 5521 16815 2874 5521 16816 1754 5521 16817 1754 5522 16818 2874 5522 16819 1756 5522 16820 1756 5523 16821 2874 5523 16822 1758 5523 16823 1758 5524 16824 2874 5524 16825 1759 5524 16826 1875 5525 16827 2263 5525 16828 2871 5525 16829 1875 5526 16830 2264 5526 16831 2263 5526 16832 1831 5527 16833 1881 5527 16834 1886 5527 16835 2873 5528 16836 1809 5528 16837 1814 5528 16838 2873 5529 16839 1757 5529 16840 1809 5529 16841 1826 5530 16842 1886 5530 16843 1889 5530 16844 1826 5531 16845 1831 5531 16846 1886 5531 16847 2876 5532 16848 1814 5532 16849 1826 5532 16850 2876 5533 16851 2873 5533 16852 1814 5533 16853 2880 5534 16854 1826 5534 16855 1889 5534 16856 2880 5535 16857 2876 5535 16858 1826 5535 16859 2882 5536 16860 1889 5536 16861 1876 5536 16862 2882 5537 16863 2880 5537 16864 1889 5537 16865 2871 5538 16866 1876 5538 16867 1875 5538 16868 2871 5539 16869 2882 5539 16870 1876 5539 16871 1831 5540 16872 1772 5540 16873 1881 5540 16874 2476 5541 16875 1172 5541 16876 817 5541 16877 2900 5541 16878 1172 5541 16879 2476 5541 16880 2900 5542 16881 2476 5542 16882 2901 5542 16883 2901 5543 16884 2520 5543 16885 2902 5543 16886 2476 5544 16887 2520 5544 16888 2901 5544 16889 2902 5545 16890 2550 5545 16891 2903 5545 16892 2520 5546 16893 2550 5546 16894 2902 5546 16895 2903 5547 16896 2495 5547 16897 2904 5547 16898 2550 5548 16899 2495 5548 16900 2903 5548 16901 2904 5549 16902 2507 5549 16903 2905 5549 16904 2495 5550 16905 2507 5550 16906 2904 5550 16907 2905 5551 16908 2528 5551 16909 2906 5551 16910 2507 5552 16911 2528 5552 16912 2905 5552 16913 2906 5553 16914 2536 5553 16915 2907 5553 16916 2528 5554 16917 2536 5554 16918 2906 5554 16919 2536 5555 16920 2542 5555 16921 2907 5555 16922 2907 5556 16923 2547 5556 16924 2908 5556 16925 2908 5557 16926 2547 5557 16927 2909 5557 16928 2542 5556 16929 2547 5556 16930 2907 5556 16931 2547 5558 16932 2548 5558 16933 2909 5558 16934 2455 5559 16935 2910 5559 16936 2911 5559 16937 2581 5560 16938 2911 5560 16939 2912 5560 16940 2581 5561 16941 2455 5561 16942 2911 5561 16943 2582 5562 16944 2912 5562 16945 2913 5562 16946 2582 5563 16947 2581 5563 16948 2912 5563 16949 2561 5564 16950 2913 5564 16951 2914 5564 16952 2561 5565 16953 2582 5565 16954 2913 5565 16955 2562 5566 16956 2914 5566 16957 2909 5566 16958 2562 5567 16959 2561 5567 16960 2914 5567 16961 2548 5568 16962 2562 5568 16963 2909 5568 16964 2444 5569 16965 2443 5569 16966 2915 5569 16967 2444 5570 16968 2915 5570 16969 2916 5570 16970 2447 5571 16971 2916 5571 16972 2917 5571 16973 2447 5572 16974 2444 5572 16975 2916 5572 16976 2466 5573 16977 2917 5573 16978 2918 5573 16979 2466 5573 16980 2447 5573 16981 2917 5573 16982 2472 5574 16983 2918 5574 16984 2919 5574 16985 2472 5574 16986 2466 5574 16987 2918 5574 16988 2453 5575 16989 2919 5575 16990 2920 5575 16991 2453 5576 16992 2472 5576 16993 2919 5576 16994 2454 5577 16995 2920 5577 16996 2921 5577 16997 2454 5578 16998 2453 5578 16999 2920 5578 17000 2455 5579 17001 2921 5579 17002 2910 5579 17003 2455 5580 17004 2454 5580 17005 2921 5580 17006 2703 2144 17007 2301 2144 17008 2711 2144 17009 2695 2144 17010 2301 2144 17011 2703 2144 17012 2687 2144 17013 2301 2144 17014 2695 2144 17015 2566 5581 17016 2395 5581 17017 2458 5581 17018 2860 5582 17019 2859 5582 17020 2835 5582 17021 2620 2144 17022 2395 2144 17023 2566 2144 17024 2860 5583 17025 2857 5583 17026 2859 5583 17027 2860 5584 17028 2855 5584 17029 2857 5584 17030 2860 5585 17031 2852 5585 17032 2855 5585 17033 2860 2144 17034 2847 2144 17035 2852 2144 17036 2860 2144 17037 2845 2144 17038 2847 2144 17039 2679 2144 17040 2301 2144 17041 2687 2144 17042 2825 5586 17043 2860 5586 17044 2835 5586 17045 2572 5587 17046 2620 5587 17047 2566 5587 17048 2623 5588 17049 2620 5588 17050 2572 5588 17051 2817 5589 17052 2810 5589 17053 2812 5589 17054 2817 2144 17055 2825 2144 17056 2810 2144 17057 2576 5590 17058 2623 5590 17059 2572 5590 17060 2820 5591 17061 2825 5591 17062 2817 5591 17063 2627 2144 17064 2623 2144 17065 2576 2144 17066 2800 2144 17067 2822 2144 17068 2824 2144 17069 2800 5592 17070 2820 5592 17071 2822 5592 17072 2800 2144 17073 2860 2144 17074 2825 2144 17075 2800 5593 17076 2825 5593 17077 2820 5593 17078 2578 5594 17079 2632 5594 17080 2627 5594 17081 2578 2144 17082 2627 2144 17083 2576 2144 17084 2770 5595 17085 2860 5595 17086 2800 5595 17087 2512 2144 17088 2639 2144 17089 2632 2144 17090 2512 5596 17091 2632 5596 17092 2578 5596 17093 2511 2144 17094 2639 2144 17095 2512 2144 17096 2510 2144 17097 2647 2144 17098 2639 2144 17099 2510 5597 17100 2639 5597 17101 2511 5597 17102 2538 2144 17103 2647 2144 17104 2510 2144 17105 2364 2144 17106 2788 2144 17107 2336 2144 17108 2522 2144 17109 2655 2144 17110 2647 2144 17111 2594 5598 17112 2788 5598 17113 2364 5598 17114 2594 5599 17115 2792 5599 17116 2788 5599 17117 2522 2144 17118 2647 2144 17119 2538 2144 17120 2302 2144 17121 2663 2144 17122 2655 2144 17123 2595 5600 17124 2792 5600 17125 2594 5600 17126 2302 5601 17127 2671 5601 17128 2663 5601 17129 2595 5602 17130 2745 5602 17131 2792 5602 17132 2595 5603 17133 2751 5603 17134 2745 5603 17135 2718 5604 17136 2751 5604 17137 2595 5604 17138 2302 2144 17139 2655 2144 17140 2522 2144 17141 2302 2144 17142 2301 2144 17143 2671 2144 17144 2671 5605 17145 2301 5605 17146 2679 5605 17147 2864 2144 17148 2751 2144 17149 2718 2144 17150 2864 5606 17151 2754 5606 17152 2751 5606 17153 2864 5607 17154 2755 5607 17155 2754 5607 17156 2864 5608 17157 2770 5608 17158 2755 5608 17159 2864 5609 17160 2860 5609 17161 2770 5609 17162 2897 2144 17163 2899 2144 17164 2864 2144 17165 2301 5610 17166 2894 5610 17167 2897 5610 17168 2301 5611 17169 2892 5611 17170 2894 5611 17171 2301 2144 17172 2897 2144 17173 2864 2144 17174 2711 5612 17175 2864 5612 17176 2718 5612 17177 2711 5613 17178 2301 5613 17179 2864 5613 17180 1172 5614 17181 2900 5614 17182 2922 5614 17183 1202 5615 17184 2922 5615 17185 2923 5615 17186 1202 5616 17187 1172 5616 17188 2922 5616 17189 1218 5617 17190 2923 5617 17191 2924 5617 17192 1218 5618 17193 1202 5618 17194 2923 5618 17195 1230 5619 17196 2924 5619 17197 2925 5619 17198 1230 5620 17199 1218 5620 17200 2924 5620 17201 1238 5621 17202 2925 5621 17203 1920 5621 17204 1238 5622 17205 1230 5622 17206 2925 5622 17207 1241 5623 17208 1238 5623 17209 1920 5623 17210 2926 5624 17211 2927 5624 17212 2928 5624 17213 2929 5625 17214 2930 5625 17215 2931 5625 17216 2929 5626 17217 2931 5626 17218 2932 5626 17219 2933 5627 17220 2906 5627 17221 2934 5627 17222 2933 5628 17223 2905 5628 17224 2906 5628 17225 2933 5629 17226 2934 5629 17227 2935 5629 17228 2933 5630 17229 2935 5630 17230 2936 5630 17231 2937 5631 17232 2938 5631 17233 2939 5631 17234 2937 5632 17235 2932 5632 17236 2938 5632 17237 2940 5633 17238 2936 5633 17239 2941 5633 17240 2940 5634 17241 2941 5634 17242 2942 5634 17243 2943 5635 17244 1921 5635 17245 1920 5635 17246 2944 5636 17247 2939 5636 17248 2945 5636 17249 2943 5637 17250 1920 5637 17251 2925 5637 17252 2944 5638 17253 2945 5638 17254 2946 5638 17255 2943 5639 17256 2947 5639 17257 1921 5639 17258 2948 5640 17259 2949 5640 17260 2950 5640 17261 2948 5641 17262 2946 5641 17263 2949 5641 17264 2951 5642 17265 2952 5642 17266 2927 5642 17267 2953 5643 17268 2954 5643 17269 2930 5643 17270 2951 5644 17271 2942 5644 17272 2952 5644 17273 2953 5645 17274 2930 5645 17275 2929 5645 17276 2955 5646 17277 2926 5646 17278 2956 5646 17279 2955 5647 17280 2956 5647 17281 2947 5647 17282 2957 5648 17283 2929 5648 17284 2932 5648 17285 2957 5649 17286 2932 5649 17287 2937 5649 17288 2958 5650 17289 2927 5650 17290 2926 5650 17291 2958 5651 17292 2951 5651 17293 2927 5651 17294 2959 5652 17295 2937 5652 17296 2939 5652 17297 2959 5653 17298 2939 5653 17299 2944 5653 17300 2960 5654 17301 2904 5654 17302 2905 5654 17303 2960 5655 17304 2905 5655 17305 2933 5655 17306 2960 5656 17307 2933 5656 17308 2936 5656 17309 2960 5657 17310 2936 5657 17311 2940 5657 17312 2961 5658 17313 2946 5658 17314 2948 5658 17315 2962 5659 17316 2943 5659 17317 2925 5659 17318 2961 5660 17319 2944 5660 17320 2946 5660 17321 2962 5661 17322 2947 5661 17323 2943 5661 17324 2908 5662 17325 2909 5662 17326 2963 5662 17327 2962 5663 17328 2955 5663 17329 2947 5663 17330 2964 5664 17331 2950 5664 17332 1923 5664 17333 2964 5665 17334 2948 5665 17335 2950 5665 17336 2965 5666 17337 2940 5666 17338 2942 5666 17339 2965 5667 17340 2942 5667 17341 2951 5667 17342 2966 5668 17343 2963 5668 17344 2954 5668 17345 2966 5669 17346 2908 5669 17347 2963 5669 17348 2966 5670 17349 2954 5670 17350 2953 5670 17351 2967 5671 17352 2926 5671 17353 2955 5671 17354 2968 5672 17355 2929 5672 17356 2957 5672 17357 2967 5673 17358 2958 5673 17359 2926 5673 17360 2968 5674 17361 2953 5674 17362 2929 5674 17363 2969 5675 17364 2937 5675 17365 2959 5675 17366 2970 5676 17367 2951 5676 17368 2958 5676 17369 2969 5677 17370 2957 5677 17371 2937 5677 17372 2970 5678 17373 2965 5678 17374 2951 5678 17375 2971 5679 17376 2925 5679 17377 2924 5679 17378 2971 5680 17379 2924 5680 17380 2923 5680 17381 2971 5681 17382 2962 5681 17383 2925 5681 17384 2971 5682 17385 2955 5682 17386 2962 5682 17387 2972 5683 17388 2959 5683 17389 2944 5683 17390 2972 5684 17391 2944 5684 17392 2961 5684 17393 2971 5685 17394 2967 5685 17395 2955 5685 17396 2973 5686 17397 2903 5686 17398 2904 5686 17399 2973 5687 17400 2960 5687 17401 2940 5687 17402 2973 5688 17403 2940 5688 17404 2965 5688 17405 2974 5689 17406 2961 5689 17407 2948 5689 17408 2973 5690 17409 2904 5690 17410 2960 5690 17411 2974 5691 17412 2948 5691 17413 2964 5691 17414 2975 5692 17415 1923 5692 17416 1922 5692 17417 2975 5693 17418 2964 5693 17419 1923 5693 17420 2976 5694 17421 2958 5694 17422 2967 5694 17423 2977 5695 17424 2966 5695 17425 2953 5695 17426 2976 5696 17427 2970 5696 17428 2958 5696 17429 2977 5697 17430 2907 5697 17431 2908 5697 17432 2977 5698 17433 2953 5698 17434 2968 5698 17435 2978 5699 17436 2902 5699 17437 2903 5699 17438 2977 5700 17439 2908 5700 17440 2966 5700 17441 2978 5701 17442 2903 5701 17443 2973 5701 17444 2935 5702 17445 2968 5702 17446 2957 5702 17447 2978 5703 17448 2965 5703 17449 2970 5703 17450 2978 5704 17451 2973 5704 17452 2965 5704 17453 2935 5705 17454 2957 5705 17455 2969 5705 17456 2979 5706 17457 2971 5706 17458 2923 5706 17459 2941 5707 17460 2969 5707 17461 2959 5707 17462 2979 5708 17463 2967 5708 17464 2971 5708 17465 2979 5709 17466 2976 5709 17467 2967 5709 17468 2941 5710 17469 2959 5710 17470 2972 5710 17471 2980 5711 17472 2902 5711 17473 2978 5711 17474 2980 5712 17475 2970 5712 17476 2976 5712 17477 2980 5713 17478 2978 5713 17479 2970 5713 17480 2952 5714 17481 2972 5714 17482 2961 5714 17483 2981 5715 17484 2976 5715 17485 2979 5715 17486 2952 5716 17487 2961 5716 17488 2974 5716 17489 2981 5717 17490 2902 5717 17491 2980 5717 17492 2981 5718 17493 2923 5718 17494 2922 5718 17495 2981 5719 17496 2901 5719 17497 2902 5719 17498 2981 5720 17499 2980 5720 17500 2976 5720 17501 2981 5721 17502 2922 5721 17503 2901 5721 17504 2981 5722 17505 2979 5722 17506 2923 5722 17507 2928 5723 17508 2974 5723 17509 2964 5723 17510 2900 5724 17511 2901 5724 17512 2922 5724 17513 2982 5725 17514 2983 5725 17515 2984 5725 17516 2928 5726 17517 2964 5726 17518 2975 5726 17519 2982 5727 17520 2984 5727 17521 2985 5727 17522 2956 5728 17523 2975 5728 17524 1922 5728 17525 2956 5729 17526 2928 5729 17527 2975 5729 17528 2938 5730 17529 2986 5730 17530 2983 5730 17531 2934 5731 17532 2906 5731 17533 2907 5731 17534 2934 5732 17535 2907 5732 17536 2977 5732 17537 2934 5733 17538 2977 5733 17539 2968 5733 17540 2938 5734 17541 2983 5734 17542 2982 5734 17543 2934 5735 17544 2968 5735 17545 2935 5735 17546 2945 5736 17547 2985 5736 17548 2987 5736 17549 2936 5737 17550 2935 5737 17551 2969 5737 17552 2936 5738 17553 2969 5738 17554 2941 5738 17555 2945 5739 17556 2982 5739 17557 2985 5739 17558 2942 5740 17559 2972 5740 17560 2952 5740 17561 2932 5741 17562 2931 5741 17563 2986 5741 17564 2942 5742 17565 2941 5742 17566 2972 5742 17567 2932 5743 17568 2986 5743 17569 2938 5743 17570 2927 5744 17571 2974 5744 17572 2928 5744 17573 2939 5745 17574 2982 5745 17575 2945 5745 17576 2927 5746 17577 2952 5746 17578 2974 5746 17579 2939 5747 17580 2938 5747 17581 2982 5747 17582 2947 5748 17583 1922 5748 17584 1921 5748 17585 2946 5749 17586 2987 5749 17587 2949 5749 17588 2947 5750 17589 2956 5750 17590 1922 5750 17591 2946 5751 17592 2945 5751 17593 2987 5751 17594 2926 5752 17595 2928 5752 17596 2956 5752 17597 2988 5753 17598 2989 5753 17599 2990 5753 17600 2990 5754 17601 2991 5754 17602 2992 5754 17603 2992 5755 17604 2991 5755 17605 2993 5755 17606 2994 5756 17607 2995 5756 17608 2996 5756 17609 2920 5757 17610 2995 5757 17611 2921 5757 17612 2919 5758 17613 2995 5758 17614 2920 5758 17615 2921 5759 17616 2995 5759 17617 2994 5759 17618 2996 5760 17619 2995 5760 17620 2989 5760 17621 2990 5761 17622 2997 5761 17623 2991 5761 17624 2989 5762 17625 2997 5762 17626 2990 5762 17627 2998 5763 17628 2999 5763 17629 3000 5763 17630 3001 5764 17631 2999 5764 17632 2998 5764 17633 2993 5765 17634 2999 5765 17635 3001 5765 17636 2991 5766 17637 2999 5766 17638 2993 5766 17639 2918 5767 17640 3002 5767 17641 2919 5767 17642 2917 5768 17643 3002 5768 17644 2918 5768 17645 2919 5769 17646 3002 5769 17647 2995 5769 17648 2995 5770 17649 3002 5770 17650 2989 5770 17651 2989 5771 17652 3002 5771 17653 2997 5771 17654 3000 5772 17655 3003 5772 17656 3004 5772 17657 2999 5773 17658 3003 5773 17659 3000 5773 17660 2997 5774 17661 3003 5774 17662 2991 5774 17663 2991 5775 17664 3003 5775 17665 2999 5775 17666 3005 5776 17667 3006 5776 17668 2915 5776 17669 3004 5777 17670 3006 5777 17671 3005 5777 17672 2916 5778 17673 3006 5778 17674 2917 5778 17675 2915 5779 17676 3006 5779 17677 2916 5779 17678 2917 5780 17679 3006 5780 17680 3002 5780 17681 3003 5781 17682 3006 5781 17683 3004 5781 17684 3002 5782 17685 3006 5782 17686 2997 5782 17687 2997 5783 17688 3006 5783 17689 3003 5783 17690 2910 5784 17691 2921 5784 17692 2994 5784 17693 3007 5785 17694 3008 5785 17695 3009 5785 17696 3009 5786 17697 3010 5786 17698 3011 5786 17699 3008 5787 17700 3010 5787 17701 3009 5787 17702 3012 5788 17703 3013 5788 17704 3007 5788 17705 3007 5789 17706 3013 5789 17707 3008 5789 17708 3014 5790 17709 3015 5790 17710 3016 5790 17711 3011 5791 17712 3015 5791 17713 3014 5791 17714 3010 5792 17715 3015 5792 17716 3011 5792 17717 3013 5793 17718 3017 5793 17719 3008 5793 17720 3008 5794 17721 3017 5794 17722 3010 5794 17723 3018 5795 17724 2992 5795 17725 3012 5795 17726 3012 5796 17727 2992 5796 17728 3013 5796 17729 3016 5797 17730 3019 5797 17731 3020 5797 17732 3015 5798 17733 3019 5798 17734 3016 5798 17735 3017 5799 17736 3019 5799 17737 3010 5799 17738 3010 5800 17739 3019 5800 17740 3015 5800 17741 2992 5801 17742 2993 5801 17743 3013 5801 17744 3013 5802 17745 2993 5802 17746 3017 5802 17747 2988 5803 17748 2990 5803 17749 3018 5803 17750 3018 5804 17751 2990 5804 17752 2992 5804 17753 3020 5805 17754 3001 5805 17755 2998 5805 17756 3017 5806 17757 3001 5806 17758 3019 5806 17759 2993 5807 17760 3001 5807 17761 3017 5807 17762 3019 5808 17763 3001 5808 17764 3020 5808 17765 2996 5809 17766 2989 5809 17767 2988 5809 17768 3021 5810 17769 3022 5810 17770 3023 5810 17771 3023 5811 17772 3022 5811 17773 3024 5811 17774 3025 5812 17775 3026 5812 17776 3027 5812 17777 3027 5813 17778 3026 5813 17779 3028 5813 17780 3024 5814 17781 3029 5814 17782 3030 5814 17783 3022 5815 17784 3029 5815 17785 3024 5815 17786 3031 5816 17787 3032 5816 17788 3033 5816 17789 3034 5817 17790 3032 5817 17791 3031 5817 17792 3028 5818 17793 3032 5818 17794 3034 5818 17795 3026 5819 17796 3032 5819 17797 3028 5819 17798 3030 5820 17799 3035 5820 17800 3025 5820 17801 3029 5821 17802 3035 5821 17803 3030 5821 17804 3036 5822 17805 3037 5822 17806 3021 5822 17807 3021 5823 17808 3037 5823 17809 3022 5823 17810 3025 5824 17811 3038 5824 17812 3026 5824 17813 3035 5825 17814 3038 5825 17815 3025 5825 17816 3022 5826 17817 3039 5826 17818 3029 5826 17819 3037 5827 17820 3039 5827 17821 3022 5827 17822 3040 5828 17823 3041 5828 17824 3036 5828 17825 3042 5829 17826 3041 5829 17827 3040 5829 17828 3036 5830 17829 3041 5830 17830 3037 5830 17831 3043 5831 17832 3042 5831 17833 3040 5831 17834 3033 5832 17835 3044 5832 17836 3045 5832 17837 3032 5833 17838 3044 5833 17839 3033 5833 17840 3026 5834 17841 3044 5834 17842 3032 5834 17843 3038 5835 17844 3044 5835 17845 3026 5835 17846 3029 5836 17847 3046 5836 17848 3035 5836 17849 3039 5837 17850 3046 5837 17851 3029 5837 17852 3041 5838 17853 3047 5838 17854 3037 5838 17855 3037 5839 17856 3047 5839 17857 3039 5839 17858 3042 5840 17859 3047 5840 17860 3041 5840 17861 3048 5841 17862 3047 5841 17863 3042 5841 17864 3035 5842 17865 3049 5842 17866 3038 5842 17867 3046 5843 17868 3049 5843 17869 3035 5843 17870 3047 5844 17871 3050 5844 17872 3039 5844 17873 3039 5845 17874 3050 5845 17875 3046 5845 17876 3051 5846 17877 3052 5846 17878 3053 5846 17879 3054 5847 17880 3050 5847 17881 3048 5847 17882 3055 5848 17883 3056 5848 17884 3057 5848 17885 3058 5849 17886 3056 5849 17887 3055 5849 17888 3048 5850 17889 3050 5850 17890 3047 5850 17891 3038 5851 17892 3059 5851 17893 3044 5851 17894 3045 5852 17895 3059 5852 17896 3053 5852 17897 3049 5853 17898 3059 5853 17899 3038 5853 17900 3044 5854 17901 3059 5854 17902 3045 5854 17903 3050 5855 17904 3060 5855 17905 3046 5855 17906 3056 5856 17907 3061 5856 17908 3057 5856 17909 3062 5857 17910 3060 5857 17911 3054 5857 17912 3054 5858 17913 3060 5858 17914 3050 5858 17915 3046 5859 17916 3060 5859 17917 3049 5859 17918 3059 5860 17919 3064 5860 17920 3053 5860 17921 3062 5861 17922 3064 5861 17923 3060 5861 17924 3061 5862 17925 3063 5862 17926 3057 5862 17927 3051 5863 17928 3064 5863 17929 3062 5863 17930 3049 5864 17931 3064 5864 17932 3059 5864 17933 3060 5865 17934 3064 5865 17935 3049 5865 17936 3053 5866 17937 3064 5866 17938 3051 5866 17939 3058 5867 17940 3065 5867 17941 3056 5867 17942 3057 5868 17943 3066 5868 17944 3067 5868 17945 3063 5869 17946 3066 5869 17947 3057 5869 17948 3056 5870 17949 3068 5870 17950 3061 5870 17951 3065 5871 17952 3068 5871 17953 3056 5871 17954 3069 5872 17955 3070 5872 17956 3071 5872 17957 3067 5873 17958 3070 5873 17959 3069 5873 17960 3066 5874 17961 3070 5874 17962 3067 5874 17963 3061 5875 17964 3027 5875 17965 3063 5875 17966 3068 5876 17967 3027 5876 17968 3061 5876 17969 3023 5877 17970 3024 5877 17971 3058 5877 17972 3058 5878 17973 3024 5878 17974 3065 5878 17975 3063 5879 17976 3028 5879 17977 3066 5879 17978 3027 5880 17979 3028 5880 17980 3063 5880 17981 3024 5881 17982 3030 5881 17983 3065 5881 17984 3065 5882 17985 3030 5882 17986 3068 5882 17987 3071 5883 17988 3034 5883 17989 3031 5883 17990 3070 5884 17991 3034 5884 17992 3071 5884 17993 3066 5885 17994 3034 5885 17995 3070 5885 17996 3028 5886 17997 3034 5886 17998 3066 5886 17999 3068 5887 18000 3025 5887 18001 3027 5887 18002 3030 5888 18003 3025 5888 18004 3068 5888 18005 3072 5889 18006 3073 5889 18007 3074 5889 18008 3073 5890 18009 3075 5890 18010 3074 5890 18011 3076 5891 18012 3077 5891 18013 3078 5891 18014 3077 5892 18015 3079 5892 18016 3078 5892 18017 3080 5893 18018 3081 5893 18019 3082 5893 18020 3083 5894 18021 3081 5894 18022 3080 5894 18023 3084 5895 18024 3085 5895 18025 3086 5895 18026 3087 5896 18027 3085 5896 18028 3084 5896 18029 3082 5897 18030 3085 5897 18031 3087 5897 18032 3081 5898 18033 3085 5898 18034 3082 5898 18035 3083 5899 18036 3088 5899 18037 3081 5899 18038 3086 5900 18039 3089 5900 18040 3090 5900 18041 3081 5901 18042 3089 5901 18043 3085 5901 18044 3085 5902 18045 3089 5902 18046 3086 5902 18047 3088 5903 18048 3089 5903 18049 3081 5903 18050 3091 5904 18051 3092 5904 18052 3083 5904 18053 3083 5905 18054 3092 5905 18055 3088 5905 18056 3090 5906 18057 3093 5906 18058 3094 5906 18059 3089 5907 18060 3093 5907 18061 3090 5907 18062 3092 5908 18063 3093 5908 18064 3088 5908 18065 3088 5909 18066 3093 5909 18067 3089 5909 18068 3095 5910 18069 3096 5910 18070 3091 5910 18071 3091 5911 18072 3096 5911 18073 3092 5911 18074 3094 5912 18075 3097 5912 18076 3098 5912 18077 3096 5913 18078 3097 5913 18079 3092 5913 18080 3093 5914 18081 3097 5914 18082 3094 5914 18083 3092 5915 18084 3097 5915 18085 3093 5915 18086 3099 5916 18087 3100 5916 18088 3095 5916 18089 3074 5917 18090 3100 5917 18091 3099 5917 18092 3101 5918 18093 3100 5918 18094 3075 5918 18095 3075 5919 18096 3100 5919 18097 3074 5919 18098 3095 5920 18099 3100 5920 18100 3096 5920 18101 3098 5921 18102 3102 5921 18103 3078 5921 18104 3076 5922 18105 3102 5922 18106 3101 5922 18107 3097 5923 18108 3102 5923 18109 3098 5923 18110 3101 5924 18111 3102 5924 18112 3100 5924 18113 3100 5925 18114 3102 5925 18115 3096 5925 18116 3078 5926 18117 3102 5926 18118 3076 5926 18119 3096 5927 18120 3102 5927 18121 3097 5927 18122 3103 5928 18123 3104 5928 18124 3105 5928 18125 3106 5929 18126 3104 5929 18127 3103 5929 18128 3107 5930 18129 3108 5930 18130 3109 5930 18131 3110 5931 18132 3108 5931 18133 3111 5931 18134 3111 5932 18135 3108 5932 18136 3107 5932 18137 3109 5933 18138 3108 5933 18139 3106 5933 18140 3112 5934 18141 3113 5934 18142 3114 5934 18143 3115 5935 18144 3113 5935 18145 3112 5935 18146 3105 5936 18147 3113 5936 18148 3115 5936 18149 3104 5937 18150 3113 5937 18151 3105 5937 18152 3116 5938 18153 3117 5938 18154 3110 5938 18155 3110 5939 18156 3117 5939 18157 3108 5939 18158 3106 5940 18159 3117 5940 18160 3104 5940 18161 3108 5941 18162 3117 5941 18163 3106 5941 18164 3118 5942 18165 3119 5942 18166 3116 5942 18167 3120 5943 18168 3119 5943 18169 3118 5943 18170 3113 5944 18171 3119 5944 18172 3114 5944 18173 3114 5945 18174 3119 5945 18175 3120 5945 18176 3104 5946 18177 3119 5946 18178 3113 5946 18179 3116 5947 18180 3119 5947 18181 3117 5947 18182 3117 5948 18183 3119 5948 18184 3104 5948 18185 3121 5949 18186 3111 5949 18187 3107 5949 18188 3120 5950 18189 3122 5950 18190 3114 5950 18191 3123 5951 18192 3124 5951 18193 3125 5951 18194 3126 5952 18195 3124 5952 18196 3123 5952 18197 3124 5953 18198 3127 5953 18199 3125 5953 18200 3128 5954 18201 3129 5954 18202 3130 5954 18203 3131 5955 18204 3129 5955 18205 3128 5955 18206 3125 5956 18207 3129 5956 18208 3131 5956 18209 3127 5957 18210 3129 5957 18211 3125 5957 18212 3126 5958 18213 3132 5958 18214 3124 5958 18215 3132 5959 18216 3133 5959 18217 3124 5959 18218 3124 5960 18219 3133 5960 18220 3127 5960 18221 3130 5961 18222 3134 5961 18223 3135 5961 18224 3133 5962 18225 3134 5962 18226 3127 5962 18227 3129 5963 18228 3134 5963 18229 3130 5963 18230 3127 5964 18231 3134 5964 18232 3129 5964 18233 3136 5965 18234 3137 5965 18235 3126 5965 18236 3126 5966 18237 3137 5966 18238 3132 5966 18239 3137 5967 18240 3138 5967 18241 3132 5967 18242 3132 5968 18243 3138 5968 18244 3133 5968 18245 3135 5969 18246 3139 5969 18247 3140 5969 18248 3133 5970 18249 3139 5970 18250 3134 5970 18251 3138 5971 18252 3139 5971 18253 3133 5971 18254 3134 5972 18255 3139 5972 18256 3135 5972 18257 3141 5973 18258 3103 5973 18259 3136 5973 18260 3136 5974 18261 3103 5974 18262 3137 5974 18263 3137 5975 18264 3105 5975 18265 3138 5975 18266 3103 5976 18267 3105 5976 18268 3137 5976 18269 3140 5977 18270 3115 5977 18271 3112 5977 18272 3139 5978 18273 3115 5978 18274 3140 5978 18275 3138 5979 18276 3115 5979 18277 3139 5979 18278 3105 5980 18279 3115 5980 18280 3138 5980 18281 3109 5981 18282 3106 5981 18283 3141 5981 18284 3141 5982 18285 3106 5982 18286 3103 5982 18287 2264 5983 18288 1875 5983 18289 1874 5983 18290 3142 5984 18291 1874 5984 18292 1918 5984 18293 3142 5985 18294 2264 5985 18295 1874 5985 18296 3143 5986 18297 1918 5986 18298 1916 5986 18299 3143 5987 18300 3142 5987 18301 1918 5987 18302 3144 5988 18303 1916 5988 18304 1911 5988 18305 3144 5989 18306 3143 5989 18307 1916 5989 18308 3145 5990 18309 1911 5990 18310 1904 5990 18311 3145 5991 18312 3144 5991 18313 1911 5991 18314 3146 5992 18315 1904 5992 18316 1902 5992 18317 3146 5993 18318 3145 5993 18319 1904 5993 18320 3147 5994 18321 1902 5994 18322 1901 5994 18323 3147 5995 18324 3146 5995 18325 1902 5995 18326 3148 5996 18327 3147 5996 18328 1901 5996 18329 3149 5997 18330 3150 5997 18331 3151 5997 18332 3152 5998 18333 3153 5998 18334 3154 5998 18335 3155 5999 18336 3153 5999 18337 3152 5999 18338 2257 6000 18339 3153 6000 18340 2259 6000 18341 2255 6001 18342 3153 6001 18343 2257 6001 18344 3154 6002 18345 3153 6002 18346 3156 6002 18347 3157 6003 18348 3147 6003 18349 3148 6003 18350 2259 6004 18351 3153 6004 18352 3155 6004 18353 3149 6005 18354 3158 6005 18355 3150 6005 18356 3159 6006 18357 3158 6006 18358 3149 6006 18359 3143 6007 18360 3160 6007 18361 3142 6007 18362 3142 6008 18363 3160 6008 18364 2264 6008 18365 2264 6009 18366 3160 6009 18367 2265 6009 18368 3161 6010 18369 3160 6010 18370 3143 6010 18371 3159 6011 18372 3162 6011 18373 3158 6011 18374 3156 6012 18375 3162 6012 18376 3159 6012 18377 2265 6013 18378 3163 6013 18379 2267 6013 18380 3160 6014 18381 3163 6014 18382 2265 6014 18383 3161 6015 18384 3163 6015 18385 3160 6015 18386 3150 6016 18387 3163 6016 18388 3161 6016 18389 2253 6017 18390 3164 6017 18391 2255 6017 18392 2249 6018 18393 3164 6018 18394 2253 6018 18395 2255 6019 18396 3164 6019 18397 3153 6019 18398 3153 6020 18399 3164 6020 18400 3156 6020 18401 3156 6021 18402 3164 6021 18403 3162 6021 18404 2269 6022 18405 3165 6022 18406 2271 6022 18407 2267 6023 18408 3165 6023 18409 2269 6023 18410 3150 6024 18411 3165 6024 18412 3163 6024 18413 3163 6025 18414 3165 6025 18415 2267 6025 18416 2261 6026 18417 2259 6026 18418 3155 6026 18419 3158 6027 18420 3165 6027 18421 3150 6027 18422 2271 6028 18423 3166 6028 18424 2272 6028 18425 3162 6029 18426 3166 6029 18427 3158 6029 18428 3165 6030 18429 3166 6030 18430 2271 6030 18431 3158 6031 18432 3166 6031 18433 3165 6031 18434 2272 6032 18435 3167 6032 18436 2274 6032 18437 2247 6033 18438 3167 6033 18439 2249 6033 18440 2249 6034 18441 3167 6034 18442 3164 6034 18443 2274 6035 18444 3167 6035 18445 2247 6035 18446 3164 6036 18447 3167 6036 18448 3162 6036 18449 3166 6037 18450 3167 6037 18451 2272 6037 18452 3162 6038 18453 3167 6038 18454 3166 6038 18455 2247 6039 18456 2248 6039 18457 2274 6039 18458 3168 6040 18459 3151 6040 18460 3157 6040 18461 3147 6041 18462 3151 6041 18463 3146 6041 18464 3146 6042 18465 3151 6042 18466 3145 6042 18467 3157 6043 18468 3151 6043 18469 3147 6043 18470 3169 6044 18471 3149 6044 18472 3168 6044 18473 3168 6045 18474 3149 6045 18475 3151 6045 18476 3154 6046 18477 3159 6046 18478 3169 6046 18479 3169 6047 18480 3159 6047 18481 3149 6047 18482 3145 6048 18483 3161 6048 18484 3144 6048 18485 3144 6049 18486 3161 6049 18487 3143 6049 18488 3151 6050 18489 3161 6050 18490 3145 6050 18491 3154 6051 18492 3156 6051 18493 3159 6051 18494 3151 6052 18495 3150 6052 18496 3161 6052 18497 3170 6053 18498 3171 6053 18499 3172 6053 18500 3173 6054 18501 3174 6054 18502 3175 6054 18503 3176 6055 18504 3174 6055 18505 3177 6055 18506 3178 6056 18507 3174 6056 18508 3176 6056 18509 3175 6057 18510 3174 6057 18511 3179 6057 18512 3177 6058 18513 3174 6058 18514 3173 6058 18515 3180 6059 18516 2260 6059 18517 2262 6059 18518 3170 6060 18519 3181 6060 18520 3171 6060 18521 3182 6061 18522 3181 6061 18523 3170 6061 18524 2252 6062 18525 3183 6062 18526 2251 6062 18527 2251 6063 18528 3183 6063 18529 2250 6063 18530 2250 6064 18531 3183 6064 18532 2278 6064 18533 3184 6065 18534 3183 6065 18535 2252 6065 18536 3179 6066 18537 3185 6066 18538 3182 6066 18539 3182 6067 18540 3185 6067 18541 3181 6067 18542 2278 6068 18543 3186 6068 18544 2280 6068 18545 3183 6069 18546 3186 6069 18547 2278 6069 18548 3184 6070 18549 3186 6070 18550 3183 6070 18551 3171 6071 18552 3186 6071 18553 3184 6071 18554 3187 6072 18555 3188 6072 18556 3178 6072 18557 3189 6073 18558 3188 6073 18559 3187 6073 18560 3179 6074 18561 3188 6074 18562 3185 6074 18563 3174 6075 18564 3188 6075 18565 3179 6075 18566 3178 6076 18567 3188 6076 18568 3174 6076 18569 2281 6077 18570 3190 6077 18571 2286 6077 18572 2280 6078 18573 3190 6078 18574 2281 6078 18575 3186 6079 18576 3190 6079 18577 2280 6079 18578 3171 6080 18579 3190 6080 18580 3186 6080 18581 3181 6081 18582 3190 6081 18583 3171 6081 18584 3191 6082 18585 3177 6082 18586 3173 6082 18587 2286 6083 18588 3192 6083 18589 2288 6083 18590 3185 6084 18591 3192 6084 18592 3181 6084 18593 3190 6085 18594 3192 6085 18595 2286 6085 18596 3181 6086 18597 3192 6086 18598 3190 6086 18599 2288 6087 18600 3193 6087 18601 2290 6087 18602 3194 6088 18603 3193 6088 18604 3189 6088 18605 3189 6089 18606 3193 6089 18607 3188 6089 18608 3188 6090 18609 3193 6090 18610 3185 6090 18611 3185 6091 18612 3193 6091 18613 3192 6091 18614 2290 6092 18615 3193 6092 18616 3194 6092 18617 3192 6093 18618 3193 6093 18619 2288 6093 18620 3194 6094 18621 2292 6094 18622 2290 6094 18623 3195 6095 18624 3172 6095 18625 3180 6095 18626 2260 6096 18627 3172 6096 18628 2258 6096 18629 2258 6097 18630 3172 6097 18631 2256 6097 18632 3180 6098 18633 3172 6098 18634 2260 6098 18635 3196 6099 18636 3170 6099 18637 3195 6099 18638 3195 6100 18639 3170 6100 18640 3172 6100 18641 3197 6101 18642 3182 6101 18643 3196 6101 18644 3196 6102 18645 3182 6102 18646 3170 6102 18647 2256 6103 18648 3184 6103 18649 2254 6103 18650 2254 6104 18651 3184 6104 18652 2252 6104 18653 3172 6105 18654 3184 6105 18655 2256 6105 18656 3175 6106 18657 3179 6106 18658 3197 6106 18659 3197 6107 18660 3179 6107 18661 3182 6107 18662 3172 6108 18663 3171 6108 18664 3184 6108 18665 3198 6109 18666 3199 6109 18667 2292 6109 18668 3198 6110 18669 2292 6110 18670 3194 6110 18671 3200 6111 18672 3194 6111 18673 3189 6111 18674 3200 6112 18675 3198 6112 18676 3194 6112 18677 3201 6113 18678 3189 6113 18679 3187 6113 18680 3201 6114 18681 3200 6114 18682 3189 6114 18683 3202 6115 18684 3187 6115 18685 3178 6115 18686 3202 6116 18687 3201 6116 18688 3187 6116 18689 3203 6117 18690 3178 6117 18691 3176 6117 18692 3203 6118 18693 3202 6118 18694 3178 6118 18695 3204 6119 18696 3176 6119 18697 3177 6119 18698 3204 6120 18699 3203 6120 18700 3176 6120 18701 3205 6121 18702 3177 6121 18703 3191 6121 18704 3205 6122 18705 3204 6122 18706 3177 6122 18707 3206 6123 18708 3207 6123 18709 3208 6123 18710 3209 6124 18711 3201 6124 18712 3202 6124 18713 3206 6125 18714 3208 6125 18715 3210 6125 18716 3211 6126 18717 3212 6126 18718 3213 6126 18719 3211 6127 18720 3213 6127 18721 3131 6127 18722 3209 6128 18723 3202 6128 18724 3214 6128 18725 3206 6129 18726 3210 6129 18727 3140 6129 18728 3215 6130 18729 3114 6130 18730 3122 6130 18731 3215 6131 18732 3112 6131 18733 3114 6131 18734 3215 6132 18735 3122 6132 18736 3216 6132 18737 3217 6133 18738 3218 6133 18739 3219 6133 18740 3215 6134 18741 3206 6134 18742 3112 6134 18743 3217 6135 18744 3220 6135 18745 3218 6135 18746 3215 6136 18747 3221 6136 18748 3207 6136 18749 3215 6137 18750 3216 6137 18751 3221 6137 18752 3222 6138 18753 3223 6138 18754 3224 6138 18755 3215 6139 18756 3207 6139 18757 3206 6139 18758 3225 6140 18759 3226 6140 18760 3227 6140 18761 3222 6141 18762 3214 6141 18763 3223 6141 18764 3225 6142 18765 3228 6142 18766 3229 6142 18767 3225 6143 18768 3229 6143 18769 3226 6143 18770 3225 6144 18771 3227 6144 18772 3230 6144 18773 3231 6145 18774 3224 6145 18775 3232 6145 18776 3233 6146 18777 3234 6146 18778 3212 6146 18779 3231 6147 18780 3232 6147 18781 3235 6147 18782 3233 6148 18783 3236 6148 18784 3234 6148 18785 3237 6149 18786 3200 6149 18787 3201 6149 18788 3238 6150 18789 3239 6150 18790 3220 6150 18791 3238 6151 18792 3230 6151 18793 3239 6151 18794 3237 6152 18795 3201 6152 18796 3209 6152 18797 3240 6153 18798 3241 6153 18799 3242 6153 18800 3243 6154 18801 3244 6154 18802 3236 6154 18803 3240 6155 18804 3235 6155 18805 3241 6155 18806 3243 6156 18807 3245 6156 18808 3244 6156 18809 3246 6157 18810 3214 6157 18811 3222 6157 18812 3247 6158 18813 3219 6158 18814 3245 6158 18815 3247 6159 18816 3217 6159 18817 3219 6159 18818 3246 6160 18819 3209 6160 18820 3214 6160 18821 3248 6161 18822 3233 6161 18823 3212 6161 18824 3249 6162 18825 3240 6162 18826 3242 6162 18827 3248 6163 18828 3212 6163 18829 3211 6163 18830 3248 6164 18831 3211 6164 18832 3128 6164 18833 3250 6165 18834 3222 6165 18835 3224 6165 18836 3251 6166 18837 3238 6166 18838 3220 6166 18839 3250 6167 18840 3224 6167 18841 3231 6167 18842 3251 6168 18843 3220 6168 18844 3217 6168 18845 3252 6169 18846 3199 6169 18847 3198 6169 18848 3253 6170 18849 3198 6170 18850 3200 6170 18851 3254 6171 18852 3243 6171 18853 3236 6171 18854 3253 6172 18855 3200 6172 18856 3237 6172 18857 3253 6173 18858 3252 6173 18859 3198 6173 18860 3254 6174 18861 3236 6174 18862 3233 6174 18863 3255 6175 18864 3235 6175 18865 3240 6175 18866 3256 6176 18867 3245 6176 18868 3243 6176 18869 3255 6177 18870 3231 6177 18871 3235 6177 18872 3256 6178 18873 3247 6178 18874 3245 6178 18875 3257 6179 18876 3258 6179 18877 3228 6179 18878 3227 6180 18879 3209 6180 18880 3246 6180 18881 3257 6181 18882 3228 6181 18883 3225 6181 18884 3227 6182 18885 3237 6182 18886 3209 6182 18887 3131 6183 18888 3213 6183 18889 3125 6183 18890 3257 6184 18891 3225 6184 18892 3230 6184 18893 3257 6185 18894 3230 6185 18895 3238 6185 18896 3259 6186 18897 3242 6186 18898 3260 6186 18899 3261 6187 18900 3217 6187 18901 3247 6187 18902 3261 6188 18903 3251 6188 18904 3217 6188 18905 3259 6189 18906 3249 6189 18907 3242 6189 18908 3262 6190 18909 3255 6190 18910 3240 6190 18911 3263 6191 18912 3233 6191 18913 3248 6191 18914 3263 6192 18915 3254 6192 18916 3233 6192 18917 3262 6193 18918 3240 6193 18919 3249 6193 18920 3264 6194 18921 3265 6194 18922 3258 6194 18923 3264 6195 18924 3238 6195 18925 3251 6195 18926 3264 6196 18927 3257 6196 18928 3238 6196 18929 3264 6197 18930 3258 6197 18931 3257 6197 18932 3239 6198 18933 3246 6198 18934 3222 6198 18935 3266 6199 18936 3256 6199 18937 3243 6199 18938 3239 6200 18939 3222 6200 18940 3250 6200 18941 3266 6201 18942 3243 6201 18943 3254 6201 18944 3218 6202 18945 3231 6202 18946 3255 6202 18947 3218 6203 18948 3250 6203 18949 3231 6203 18950 3267 6204 18951 3128 6204 18952 3130 6204 18953 3267 6205 18954 3248 6205 18955 3128 6205 18956 3234 6206 18957 3259 6206 18958 3260 6206 18959 3268 6207 18960 3247 6207 18961 3256 6207 18962 3226 6208 18963 3253 6208 18964 3237 6208 18965 3268 6209 18966 3261 6209 18967 3247 6209 18968 3226 6210 18969 3229 6210 18970 3252 6210 18971 3269 6211 18972 3265 6211 18973 3264 6211 18974 3269 6212 18975 3251 6212 18976 3261 6212 18977 3226 6213 18978 3237 6213 18979 3227 6213 18980 3226 6214 18981 3252 6214 18982 3253 6214 18983 3269 6215 18984 3264 6215 18985 3251 6215 18986 3244 6216 18987 3262 6216 18988 3249 6216 18989 3208 6217 18990 3254 6217 18991 3263 6217 18992 3208 6218 18993 3266 6218 18994 3254 6218 18995 3244 6219 18996 3249 6219 18997 3259 6219 18998 3219 6220 18999 3218 6220 19000 3255 6220 19001 3270 6221 19002 3204 6221 19003 3205 6221 19004 3271 6222 19005 3256 6222 19006 3266 6222 19007 3219 6223 19008 3255 6223 19009 3262 6223 19010 3271 6224 19011 3268 6224 19012 3256 6224 19013 3270 6225 19014 3205 6225 19015 3272 6225 19016 3230 6226 19017 3227 6226 19018 3246 6226 19019 3273 6227 19020 3130 6227 19021 3135 6227 19022 3273 6228 19023 3267 6228 19024 3130 6228 19025 3273 6229 19026 3263 6229 19027 3248 6229 19028 3223 6230 19029 3203 6230 19030 3204 6230 19031 3273 6231 19032 3248 6231 19033 3267 6231 19034 3230 6232 19035 3246 6232 19036 3239 6232 19037 3274 6233 19038 3269 6233 19039 3261 6233 19040 3274 6234 19041 3275 6234 19042 3265 6234 19043 3274 6235 19044 3265 6235 19045 3269 6235 19046 3212 6236 19047 3234 6236 19048 3260 6236 19049 3223 6237 19050 3204 6237 19051 3270 6237 19052 3274 6238 19053 3261 6238 19054 3268 6238 19055 3212 6239 19056 3260 6239 19057 3213 6239 19058 3232 6240 19059 3272 6240 19060 3276 6240 19061 3207 6241 19062 3266 6241 19063 3208 6241 19064 3220 6242 19065 3239 6242 19066 3250 6242 19067 3232 6243 19068 3270 6243 19069 3272 6243 19070 3207 6244 19071 3271 6244 19072 3266 6244 19073 3220 6245 19074 3250 6245 19075 3218 6245 19076 3214 6246 19077 3202 6246 19078 3203 6246 19079 3277 6247 19080 3275 6247 19081 3274 6247 19082 3277 6248 19083 3274 6248 19084 3268 6248 19085 3277 6249 19086 3268 6249 19087 3271 6249 19088 3236 6250 19089 3259 6250 19090 3234 6250 19091 3214 6251 19092 3203 6251 19093 3223 6251 19094 3210 6252 19095 3135 6252 19096 3140 6252 19097 3236 6253 19098 3244 6253 19099 3259 6253 19100 3210 6254 19101 3263 6254 19102 3273 6254 19103 3224 6255 19104 3223 6255 19105 3270 6255 19106 3210 6256 19107 3273 6256 19108 3135 6256 19109 3245 6257 19110 3262 6257 19111 3244 6257 19112 3210 6258 19113 3208 6258 19114 3263 6258 19115 3224 6259 19116 3270 6259 19117 3232 6259 19118 3221 6260 19119 3216 6260 19120 3275 6260 19121 3245 6261 19122 3219 6261 19123 3262 6261 19124 3221 6262 19125 3275 6262 19126 3277 6262 19127 3235 6263 19128 3276 6263 19129 3241 6263 19130 3221 6264 19131 3271 6264 19132 3207 6264 19133 3221 6265 19134 3277 6265 19135 3271 6265 19136 3235 6266 19137 3232 6266 19138 3276 6266 19139 3206 6267 19140 3140 6267 19141 3112 6267 19142 3211 6268 19143 3131 6268 19144 3128 6268 19145 3079 6269 19146 3121 6269 19147 3107 6269 19148 3078 6270 19149 3107 6270 19150 3109 6270 19151 3078 6271 19152 3079 6271 19153 3107 6271 19154 3098 6272 19155 3109 6272 19156 3141 6272 19157 3098 6273 19158 3078 6273 19159 3109 6273 19160 3094 6274 19161 3141 6274 19162 3136 6274 19163 3094 6275 19164 3098 6275 19165 3141 6275 19166 3090 6276 19167 3136 6276 19168 3126 6276 19169 3090 6277 19170 3094 6277 19171 3136 6277 19172 3086 6278 19173 3090 6278 19174 3126 6278 19175 3084 6279 19176 3126 6279 19177 3123 6279 19178 3084 6280 19179 3086 6280 19180 3126 6280 19181 3087 6281 19182 3123 6281 19183 3125 6281 19184 3087 6282 19185 3084 6282 19186 3123 6282 19187 3082 6283 19188 3087 6283 19189 3125 6283 19190 3278 6284 19191 3279 6284 19192 3280 6284 19193 3278 6285 19194 3280 6285 19195 3281 6285 19196 3282 6286 19197 3283 6286 19198 3284 6286 19199 3282 6287 19200 3284 6287 19201 3285 6287 19202 3282 6288 19203 3285 6288 19204 3286 6288 19205 3282 6289 19206 3286 6289 19207 3287 6289 19208 3288 6290 19209 3067 6290 19210 3069 6290 19211 3288 6291 19212 3289 6291 19213 3067 6291 19214 3288 6292 19215 3281 6292 19216 3290 6292 19217 3288 6293 19218 3290 6293 19219 3289 6293 19220 3291 6294 19221 3287 6294 19222 3292 6294 19223 3291 6295 19224 3292 6295 19225 3293 6295 19226 3294 6296 19227 3293 6296 19228 3295 6296 19229 3294 6297 19230 3295 6297 19231 3296 6297 19232 3297 6298 19233 3279 6298 19234 3278 6298 19235 3297 6299 19236 3296 6299 19237 3279 6299 19238 3298 6300 19239 3069 6300 19240 3071 6300 19241 3298 6301 19242 3278 6301 19243 3281 6301 19244 3298 6302 19245 3281 6302 19246 3288 6302 19247 3298 6303 19248 3288 6303 19249 3069 6303 19250 3299 6304 19251 3283 6304 19252 3282 6304 19253 3299 6305 19254 3300 6305 19255 3283 6305 19256 3299 6306 19257 3282 6306 19258 3287 6306 19259 3299 6307 19260 3287 6307 19261 3291 6307 19262 3301 6308 19263 3293 6308 19264 3294 6308 19265 3301 6309 19266 3291 6309 19267 3293 6309 19268 3302 6310 19269 3072 6310 19270 3074 6310 19271 3303 6311 19272 3294 6311 19273 3296 6311 19274 3303 6312 19275 3296 6312 19276 3297 6312 19277 3304 6313 19278 3071 6313 19279 3031 6313 19280 3304 6314 19281 3298 6314 19282 3071 6314 19283 3304 6315 19284 3297 6315 19285 3278 6315 19286 3304 6316 19287 3278 6316 19288 3298 6316 19289 3305 6317 19290 3306 6317 19291 3300 6317 19292 3305 6318 19293 3300 6318 19294 3299 6318 19295 3305 6319 19296 3291 6319 19297 3301 6319 19298 3305 6320 19299 3299 6320 19300 3291 6320 19301 3307 6321 19302 3301 6321 19303 3294 6321 19304 3307 6322 19305 3294 6322 19306 3303 6322 19307 3308 6323 19308 3031 6323 19309 3033 6323 19310 3308 6324 19311 3304 6324 19312 3031 6324 19313 3308 6325 19314 3303 6325 19315 3297 6325 19316 3308 6326 19317 3297 6326 19318 3304 6326 19319 3309 6327 19320 3310 6327 19321 3306 6327 19322 3309 6328 19323 3305 6328 19324 3301 6328 19325 3309 6329 19326 3301 6329 19327 3307 6329 19328 3309 6330 19329 3306 6330 19330 3305 6330 19331 3311 6331 19332 3033 6331 19333 3045 6331 19334 3311 6332 19335 3308 6332 19336 3033 6332 19337 3311 6333 19338 3307 6333 19339 3303 6333 19340 3311 6334 19341 3303 6334 19342 3308 6334 19343 3312 6335 19344 3045 6335 19345 3053 6335 19346 3312 6336 19347 3313 6336 19348 3310 6336 19349 3312 6337 19350 3310 6337 19351 3309 6337 19352 3312 6338 19353 3053 6338 19354 3313 6338 19355 3312 6339 19356 3311 6339 19357 3045 6339 19358 3312 6340 19359 3309 6340 19360 3307 6340 19361 3312 6341 19362 3307 6341 19363 3311 6341 19364 3067 6342 19365 3289 6342 19366 3057 6342 19367 3052 6343 19368 3313 6343 19369 3053 6343 19370 3314 6344 19371 3080 6344 19372 3082 6344 19373 3314 6345 19374 3082 6345 19375 3315 6345 19376 3316 6346 19377 3083 6346 19378 3080 6346 19379 3316 6347 19380 3080 6347 19381 3314 6347 19382 3317 6348 19383 3315 6348 19384 3318 6348 19385 3317 6349 19386 3314 6349 19387 3315 6349 19388 3319 6350 19389 3083 6350 19390 3316 6350 19391 3319 6351 19392 3091 6351 19393 3083 6351 19394 3320 6352 19395 3314 6352 19396 3317 6352 19397 3320 6353 19398 3316 6353 19399 3314 6353 19400 3321 6354 19401 3318 6354 19402 3322 6354 19403 3321 6355 19404 3317 6355 19405 3318 6355 19406 3323 6356 19407 3095 6356 19408 3091 6356 19409 3323 6357 19410 3091 6357 19411 3319 6357 19412 3324 6358 19413 3319 6358 19414 3316 6358 19415 3324 6359 19416 3316 6359 19417 3320 6359 19418 3325 6360 19419 3317 6360 19420 3321 6360 19421 3325 6361 19422 3320 6361 19423 3317 6361 19424 3326 6362 19425 3321 6362 19426 3322 6362 19427 3326 6363 19428 3322 6363 19429 3327 6363 19430 3328 6364 19431 3099 6364 19432 3095 6364 19433 3328 6365 19434 3095 6365 19435 3323 6365 19436 3329 6366 19437 3319 6366 19438 3324 6366 19439 3329 6367 19440 3323 6367 19441 3319 6367 19442 3330 6368 19443 3324 6368 19444 3320 6368 19445 3330 6369 19446 3320 6369 19447 3325 6369 19448 3331 6370 19449 3325 6370 19450 3321 6370 19451 3331 6371 19452 3321 6371 19453 3326 6371 19454 3332 6372 19455 3074 6372 19456 3099 6372 19457 3332 6373 19458 3099 6373 19459 3328 6373 19460 3332 6374 19461 3302 6374 19462 3074 6374 19463 3333 6375 19464 3326 6375 19465 3327 6375 19466 3333 6376 19467 3327 6376 19468 3334 6376 19469 3335 6377 19470 3323 6377 19471 3329 6377 19472 3335 6378 19473 3328 6378 19474 3323 6378 19475 3336 6379 19476 3329 6379 19477 3324 6379 19478 3336 6380 19479 3324 6380 19480 3330 6380 19481 3337 6381 19482 3330 6381 19483 3325 6381 19484 3337 6382 19485 3325 6382 19486 3331 6382 19487 3338 6383 19488 3326 6383 19489 3333 6383 19490 3338 6384 19491 3331 6384 19492 3326 6384 19493 3339 6385 19494 3328 6385 19495 3335 6385 19496 3339 6386 19497 3340 6386 19498 3302 6386 19499 3339 6387 19500 3332 6387 19501 3328 6387 19502 3339 6388 19503 3302 6388 19504 3332 6388 19505 3341 6389 19506 3334 6389 19507 3342 6389 19508 3341 6390 19509 3333 6390 19510 3334 6390 19511 3343 6391 19512 3335 6391 19513 3329 6391 19514 3343 6392 19515 3329 6392 19516 3336 6392 19517 3344 6393 19518 3330 6393 19519 3337 6393 19520 3344 6394 19521 3336 6394 19522 3330 6394 19523 3345 6395 19524 3331 6395 19525 3338 6395 19526 3345 6396 19527 3337 6396 19528 3331 6396 19529 3346 6397 19530 3333 6397 19531 3341 6397 19532 3346 6398 19533 3338 6398 19534 3333 6398 19535 3347 6399 19536 3348 6399 19537 3340 6399 19538 3347 6400 19539 3340 6400 19540 3339 6400 19541 3347 6401 19542 3339 6401 19543 3335 6401 19544 3347 6402 19545 3335 6402 19546 3343 6402 19547 3349 6403 19548 3342 6403 19549 3350 6403 19550 3349 6404 19551 3341 6404 19552 3342 6404 19553 3351 6405 19554 3343 6405 19555 3336 6405 19556 3351 6406 19557 3336 6406 19558 3344 6406 19559 3352 6407 19560 3344 6407 19561 3337 6407 19562 3352 6408 19563 3337 6408 19564 3345 6408 19565 3353 6409 19566 3345 6409 19567 3338 6409 19568 3353 6410 19569 3338 6410 19570 3346 6410 19571 3354 6411 19572 3346 6411 19573 3341 6411 19574 3354 6412 19575 3341 6412 19576 3349 6412 19577 3355 6413 19578 3356 6413 19579 3348 6413 19580 3355 6414 19581 3347 6414 19582 3343 6414 19583 3355 6415 19584 3343 6415 19585 3351 6415 19586 3355 6416 19587 3348 6416 19588 3347 6416 19589 3357 6417 19590 3350 6417 19591 3358 6417 19592 3357 6418 19593 3349 6418 19594 3350 6418 19595 3359 6419 19596 3351 6419 19597 3344 6419 19598 3359 6420 19599 3344 6420 19600 3352 6420 19601 3360 6421 19602 3352 6421 19603 3345 6421 19604 3360 6422 19605 3345 6422 19606 3353 6422 19607 3361 6423 19608 3353 6423 19609 3346 6423 19610 3361 6424 19611 3346 6424 19612 3354 6424 19613 3362 6425 19614 3354 6425 19615 3349 6425 19616 3362 6426 19617 3349 6426 19618 3357 6426 19619 3363 6427 19620 3364 6427 19621 3356 6427 19622 3363 6428 19623 3356 6428 19624 3355 6428 19625 3363 6429 19626 3351 6429 19627 3359 6429 19628 3363 6430 19629 3355 6430 19630 3351 6430 19631 3365 6431 19632 3358 6431 19633 3366 6431 19634 3365 6432 19635 3357 6432 19636 3358 6432 19637 3367 6433 19638 3359 6433 19639 3352 6433 19640 3367 6434 19641 3352 6434 19642 3360 6434 19643 3368 6435 19644 3353 6435 19645 3361 6435 19646 3368 6436 19647 3360 6436 19648 3353 6436 19649 3369 6437 19650 3354 6437 19651 3362 6437 19652 3369 6438 19653 3361 6438 19654 3354 6438 19655 3370 6439 19656 3362 6439 19657 3357 6439 19658 3370 6440 19659 3357 6440 19660 3365 6440 19661 3371 6441 19662 3359 6441 19663 3367 6441 19664 3371 6442 19665 3363 6442 19666 3359 6442 19667 3371 6443 19668 3372 6443 19669 3364 6443 19670 3371 6444 19671 3364 6444 19672 3363 6444 19673 3373 6445 19674 3365 6445 19675 3366 6445 19676 3373 6446 19677 3366 6446 19678 3374 6446 19679 3375 6447 19680 3360 6447 19681 3368 6447 19682 3375 6448 19683 3367 6448 19684 3360 6448 19685 3376 6449 19686 3361 6449 19687 3369 6449 19688 3376 6450 19689 3368 6450 19690 3361 6450 19691 3377 6451 19692 3362 6451 19693 3370 6451 19694 3377 6452 19695 3369 6452 19696 3362 6452 19697 3378 6453 19698 3370 6453 19699 3365 6453 19700 3378 6454 19701 3365 6454 19702 3373 6454 19703 3379 6455 19704 3371 6455 19705 3367 6455 19706 3379 6456 19707 3380 6456 19708 3372 6456 19709 3379 6457 19710 3372 6457 19711 3371 6457 19712 3379 6458 19713 3367 6458 19714 3375 6458 19715 3381 6459 19716 3373 6459 19717 3374 6459 19718 3381 6460 19719 3374 6460 19720 3382 6460 19721 3383 6461 19722 3375 6461 19723 3368 6461 19724 3383 6462 19725 3368 6462 19726 3376 6462 19727 3384 6463 19728 3376 6463 19729 3369 6463 19730 3384 6464 19731 3369 6464 19732 3377 6464 19733 3385 6465 19734 3370 6465 19735 3378 6465 19736 3385 6466 19737 3377 6466 19738 3370 6466 19739 3386 6467 19740 3373 6467 19741 3381 6467 19742 3386 6468 19743 3378 6468 19744 3373 6468 19745 3387 6469 19746 3388 6469 19747 3380 6469 19748 3387 6470 19749 3375 6470 19750 3383 6470 19751 3387 6471 19752 3380 6471 19753 3379 6471 19754 3387 6472 19755 3379 6472 19756 3375 6472 19757 3389 6473 19758 3382 6473 19759 3390 6473 19760 3389 6474 19761 3381 6474 19762 3382 6474 19763 3391 6475 19764 3376 6475 19765 3384 6475 19766 3391 6476 19767 3383 6476 19768 3376 6476 19769 3392 6477 19770 3384 6477 19771 3377 6477 19772 3392 6478 19773 3377 6478 19774 3385 6478 19775 3393 6479 19776 3378 6479 19777 3386 6479 19778 3393 6480 19779 3385 6480 19780 3378 6480 19781 3394 6481 19782 3386 6481 19783 3381 6481 19784 3394 6482 19785 3381 6482 19786 3389 6482 19787 3395 6483 19788 3396 6483 19789 3388 6483 19790 3395 6484 19791 3387 6484 19792 3383 6484 19793 3395 6485 19794 3383 6485 19795 3391 6485 19796 3395 6486 19797 3388 6486 19798 3387 6486 19799 3397 6487 19800 3390 6487 19801 3398 6487 19802 3397 6488 19803 3389 6488 19804 3390 6488 19805 3399 6489 19806 3384 6489 19807 3392 6489 19808 3399 6490 19809 3391 6490 19810 3384 6490 19811 3400 6491 19812 3392 6491 19813 3385 6491 19814 3400 6492 19815 3385 6492 19816 3393 6492 19817 3401 6493 19818 3386 6493 19819 3394 6493 19820 3401 6494 19821 3393 6494 19822 3386 6494 19823 3402 6495 19824 3394 6495 19825 3389 6495 19826 3402 6496 19827 3389 6496 19828 3397 6496 19829 3403 6497 19830 3404 6497 19831 3396 6497 19832 3403 6498 19833 3396 6498 19834 3395 6498 19835 3403 6499 19836 3395 6499 19837 3391 6499 19838 3403 6500 19839 3391 6500 19840 3399 6500 19841 3405 6501 19842 3398 6501 19843 3406 6501 19844 3405 6502 19845 3397 6502 19846 3398 6502 19847 3407 6503 19848 3399 6503 19849 3392 6503 19850 3407 6504 19851 3392 6504 19852 3400 6504 19853 3408 6505 19854 3400 6505 19855 3393 6505 19856 3408 6506 19857 3393 6506 19858 3401 6506 19859 3409 6507 19860 3401 6507 19861 3394 6507 19862 3409 6508 19863 3394 6508 19864 3402 6508 19865 3410 6509 19866 3402 6509 19867 3397 6509 19868 3410 6510 19869 3397 6510 19870 3405 6510 19871 3411 6511 19872 3403 6511 19873 3399 6511 19874 3411 6512 19875 3412 6512 19876 3404 6512 19877 3411 6513 19878 3404 6513 19879 3403 6513 19880 3411 6514 19881 3399 6514 19882 3407 6514 19883 3280 6515 19884 3405 6515 19885 3406 6515 19886 3280 6516 19887 3406 6516 19888 3413 6516 19889 3286 6517 19890 3407 6517 19891 3400 6517 19892 3286 6518 19893 3400 6518 19894 3408 6518 19895 3292 6519 19896 3408 6519 19897 3401 6519 19898 3292 6520 19899 3401 6520 19900 3409 6520 19901 3295 6521 19902 3409 6521 19903 3402 6521 19904 3295 6522 19905 3402 6522 19906 3410 6522 19907 3279 6523 19908 3410 6523 19909 3405 6523 19910 3279 6524 19911 3405 6524 19912 3280 6524 19913 3285 6525 19914 3411 6525 19915 3407 6525 19916 3285 6526 19917 3284 6526 19918 3412 6526 19919 3285 6527 19920 3412 6527 19921 3411 6527 19922 3285 6528 19923 3407 6528 19924 3286 6528 19925 3281 6529 19926 3280 6529 19927 3413 6529 19928 3281 6530 19929 3413 6530 19930 3290 6530 19931 3287 6531 19932 3408 6531 19933 3292 6531 19934 3287 6532 19935 3286 6532 19936 3408 6532 19937 3293 6533 19938 3292 6533 19939 3409 6533 19940 3293 6534 19941 3409 6534 19942 3295 6534 19943 3296 6535 19944 3295 6535 19945 3410 6535 19946 3296 6536 19947 3410 6536 19948 3279 6536 19949 2915 6537 19950 3043 6537 19951 3040 6537 19952 3005 6538 19953 3040 6538 19954 3036 6538 19955 3005 6539 19956 2915 6539 19957 3040 6539 19958 3004 6540 19959 3036 6540 19960 3021 6540 19961 3004 6541 19962 3005 6541 19963 3036 6541 19964 3000 6542 19965 3004 6542 19966 3021 6542 19967 2998 6543 19968 3021 6543 19969 3023 6543 19970 2998 6544 19971 3000 6544 19972 3021 6544 19973 3020 6545 19974 3023 6545 19975 3058 6545 19976 3020 6546 19977 2998 6546 19978 3023 6546 19979 3016 6547 19980 3058 6547 19981 3055 6547 19982 3016 6548 19983 3020 6548 19984 3058 6548 19985 3014 6549 19986 3016 6549 19987 3055 6549 19988 3011 6550 19989 3055 6550 19990 3057 6550 19991 3011 6551 19992 3014 6551 19993 3055 6551 19994 3009 6552 19995 3011 6552 19996 3057 6552 19997 3414 6553 19998 3415 6553 19999 3416 6553 20000 3414 6554 20001 3417 6554 20002 3415 6554 20003 3418 6555 20004 2996 6555 20005 2988 6555 20006 3418 6556 20007 2988 6556 20008 3419 6556 20009 3420 6557 20010 3421 6557 20011 3422 6557 20012 3420 6558 20013 3422 6558 20014 2983 6558 20015 3420 6559 20016 3416 6559 20017 3421 6559 20018 3423 6560 20019 3419 6560 20020 3424 6560 20021 3423 6561 20022 3424 6561 20023 3425 6561 20024 3426 6562 20025 3417 6562 20026 3414 6562 20027 3426 6563 20028 3425 6563 20029 3417 6563 20030 3427 6564 20031 2994 6564 20032 2996 6564 20033 3427 6565 20034 2996 6565 20035 3418 6565 20036 3427 6566 20037 2911 6566 20038 2994 6566 20039 3428 6567 20040 2983 6567 20041 2986 6567 20042 3428 6568 20043 3420 6568 20044 2983 6568 20045 3428 6569 20046 3414 6569 20047 3416 6569 20048 3428 6570 20049 3416 6570 20050 3420 6570 20051 3429 6571 20052 3418 6571 20053 3419 6571 20054 3429 6572 20055 3419 6572 20056 3423 6572 20057 3430 6573 20058 3423 6573 20059 3425 6573 20060 2983 6574 20061 3422 6574 20062 2984 6574 20063 3430 6575 20064 3425 6575 20065 3426 6575 20066 3431 6576 20067 2986 6576 20068 2931 6576 20069 3431 6577 20070 3428 6577 20071 2986 6577 20072 2911 6578 20073 2910 6578 20074 2994 6578 20075 3431 6579 20076 3426 6579 20077 3414 6579 20078 3431 6580 20079 3414 6580 20080 3428 6580 20081 3432 6581 20082 2912 6581 20083 2911 6581 20084 3432 6582 20085 3418 6582 20086 3429 6582 20087 3432 6583 20088 2911 6583 20089 3427 6583 20090 3432 6584 20091 3427 6584 20092 3418 6584 20093 3433 6585 20094 3429 6585 20095 3423 6585 20096 3433 6586 20097 3423 6586 20098 3430 6586 20099 3434 6587 20100 2931 6587 20101 2930 6587 20102 3434 6588 20103 3431 6588 20104 2931 6588 20105 3434 6589 20106 3430 6589 20107 3426 6589 20108 3434 6590 20109 3426 6590 20110 3431 6590 20111 3435 6591 20112 3432 6591 20113 3429 6591 20114 3435 6592 20115 2913 6592 20116 2912 6592 20117 3435 6593 20118 2912 6593 20119 3432 6593 20120 3435 6594 20121 3429 6594 20122 3433 6594 20123 3436 6595 20124 3433 6595 20125 3430 6595 20126 3436 6596 20127 2930 6596 20128 2954 6596 20129 3436 6597 20130 2954 6597 20131 2963 6597 20132 3436 6598 20133 3430 6598 20134 3434 6598 20135 3436 6599 20136 3434 6599 20137 2930 6599 20138 3437 6600 20139 3433 6600 20140 3436 6600 20141 3437 6601 20142 3435 6601 20143 3433 6601 20144 3437 6602 20145 3436 6602 20146 2963 6602 20147 3437 6603 20148 2914 6603 20149 2913 6603 20150 3437 6604 20151 2963 6604 20152 2914 6604 20153 3437 6605 20154 2913 6605 20155 3435 6605 20156 2909 6606 20157 2914 6606 20158 2963 6606 20159 3438 6607 20160 3007 6607 20161 3009 6607 20162 3438 6608 20163 3009 6608 20164 3439 6608 20165 3440 6609 20166 3012 6609 20167 3007 6609 20168 3440 6610 20169 3007 6610 20170 3438 6610 20171 3415 6611 20172 3439 6611 20173 3441 6611 20174 3415 6612 20175 3438 6612 20176 3439 6612 20177 3424 6613 20178 3018 6613 20179 3012 6613 20180 3424 6614 20181 3012 6614 20182 3440 6614 20183 3417 6615 20184 3440 6615 20185 3438 6615 20186 3417 6616 20187 3438 6616 20188 3415 6616 20189 3416 6617 20190 3441 6617 20191 3421 6617 20192 3416 6618 20193 3415 6618 20194 3441 6618 20195 3419 6619 20196 2988 6619 20197 3018 6619 20198 3419 6620 20199 3018 6620 20200 3424 6620 20201 3425 6621 20202 3440 6621 20203 3417 6621 20204 3425 6622 20205 3424 6622 20206 3440 6622 20207 2291 6623 20208 3199 6623 20209 2783 6623 20210 2292 6624 20211 3199 6624 20212 2291 6624 20213 3122 6625 20214 2327 6625 20215 3216 6625 20216 3216 6626 20217 2760 6626 20218 3275 6626 20219 2327 6625 20220 2760 6625 20221 3216 6625 20222 3275 6627 20223 2738 6627 20224 3265 6627 20225 2760 6628 20226 2738 6628 20227 3275 6628 20228 3265 6629 20229 2737 6629 20230 3258 6629 20231 2738 6630 20232 2737 6630 20233 3265 6630 20234 3258 6631 20235 2765 6631 20236 3228 6631 20237 2737 6629 20238 2765 6629 20239 3258 6629 20240 3228 6632 20241 2779 6632 20242 3229 6632 20243 2765 6633 20244 2779 6633 20245 3228 6633 20246 3229 6634 20247 2789 6634 20248 3252 6634 20249 2779 6635 20250 2789 6635 20251 3229 6635 20252 3252 6636 20253 2784 6636 20254 3199 6636 20255 2789 6634 20256 2784 6634 20257 3252 6634 20258 2784 6637 20259 2783 6637 20260 3199 6637 20261 2327 6638 20262 3122 6638 20263 3120 6638 20264 2326 6639 20265 3120 6639 20266 3118 6639 20267 2326 6640 20268 2327 6640 20269 3120 6640 20270 2330 6641 20271 3118 6641 20272 3116 6641 20273 2330 6639 20274 2326 6639 20275 3118 6639 20276 2333 6642 20277 3116 6642 20278 3110 6642 20279 2333 6643 20280 2330 6643 20281 3116 6643 20282 2340 6644 20283 3110 6644 20284 3111 6644 20285 2340 6642 20286 2333 6642 20287 3110 6642 20288 2346 6645 20289 3111 6645 20290 3121 6645 20291 2346 6646 20292 2340 6646 20293 3111 6646 20294 2345 6647 20295 2346 6647 20296 3121 6647 20297 1884 6648 20298 3342 6648 20299 3334 6648 20300 3154 6649 20301 2261 6649 20302 3152 6649 20303 3152 6650 20304 2261 6650 20305 3155 6650 20306 1884 6651 20307 3350 6651 20308 3342 6651 20309 3057 3213 20310 3439 3213 20311 3009 3213 20312 3169 3213 20313 3168 3213 20314 3154 3213 20315 3057 6652 20316 3289 6652 20317 3439 6652 20318 3154 3213 20319 3168 3213 20320 2261 3213 20321 3157 6653 20322 3148 6653 20323 3168 6653 20324 1884 6654 20325 3358 6654 20326 3350 6654 20327 3168 6655 20328 3148 6655 20329 2261 6655 20330 3289 3213 20331 3441 3213 20332 3439 3213 20333 3289 3213 20334 3290 3213 20335 3441 3213 20336 3290 3213 20337 3421 3213 20338 3441 3213 20339 3290 6656 20340 3413 6656 20341 3421 6656 20342 3406 6657 20343 3422 6657 20344 3413 6657 20345 2262 3213 20346 3191 3213 20347 3180 3213 20348 3180 6658 20349 3191 6658 20350 3195 6658 20351 3413 3213 20352 3422 3213 20353 3421 3213 20354 3195 6659 20355 3191 6659 20356 3196 6659 20357 3196 6660 20358 3191 6660 20359 3197 6660 20360 3197 6661 20361 3191 6661 20362 3175 6661 20363 3175 6662 20364 3191 6662 20365 3173 6662 20366 2261 6663 20367 3191 6663 20368 2262 6663 20369 3148 3213 20370 3191 3213 20371 2261 3213 20372 3148 3213 20373 3205 3213 20374 3191 3213 20375 3398 3213 20376 2984 3213 20377 3406 3213 20378 3406 6664 20379 2984 6664 20380 3422 6664 20381 3398 3213 20382 2985 3213 20383 2984 3213 20384 3390 6665 20385 2987 6665 20386 3398 6665 20387 3398 3213 20388 2987 3213 20389 2985 3213 20390 3390 6666 20391 2949 6666 20392 2987 6666 20393 3382 3213 20394 2950 3213 20395 3390 3213 20396 3213 3213 20397 3082 3213 20398 3125 3213 20399 3390 6667 20400 2950 6667 20401 2949 6667 20402 3213 6668 20403 3315 6668 20404 3082 6668 20405 3366 3213 20406 1923 3213 20407 3374 3213 20408 3260 3213 20409 3315 3213 20410 3213 3213 20411 3374 6669 20412 1923 6669 20413 3382 6669 20414 3260 3213 20415 3318 3213 20416 3315 3213 20417 3382 6670 20418 1923 6670 20419 2950 6670 20420 3241 6671 20421 3318 6671 20422 3242 6671 20423 1884 3213 20424 1923 3213 20425 3366 3213 20426 3242 3213 20427 3318 3213 20428 3260 3213 20429 1884 6672 20430 3366 6672 20431 3358 6672 20432 3241 6673 20433 3322 6673 20434 3318 6673 20435 3241 3213 20436 1901 3213 20437 3322 3213 20438 3205 6674 20439 1901 6674 20440 3272 6674 20441 3272 6675 20442 1901 6675 20443 3276 6675 20444 3276 3213 20445 1901 3213 20446 3241 3213 20447 3148 6676 20448 1901 6676 20449 3205 6676 20450 1903 3213 20451 1896 3213 20452 1901 3213 20453 1896 3213 20454 1891 3213 20455 1901 3213 20456 1891 3213 20457 1882 3213 20458 1901 3213 20459 1882 3213 20460 1884 3213 20461 1901 3213 20462 1901 6677 20463 3327 6677 20464 3322 6677 20465 1884 3213 20466 3327 3213 20467 1901 3213 20468 1884 3213 20469 3334 3213 20470 3327 3213 20471 2392 6678 20472 2915 6678 20473 2443 6678 20474 3043 6679 20475 2915 6679 20476 2392 6679 20477 2385 6680 20478 3052 6680 20479 3051 6680 20480 2386 6681 20481 3051 6681 20482 3062 6681 20483 2386 2060 20484 2385 2060 20485 3051 2060 20486 2388 2059 20487 3062 2059 20488 3054 2059 20489 2388 2058 20490 2386 2058 20491 3062 2058 20492 2414 2057 20493 3054 2057 20494 3048 2057 20495 2414 2056 20496 2388 2056 20497 3054 2056 20498 2389 2055 20499 3048 2055 20500 3042 2055 20501 2389 6682 20502 2414 6682 20503 3048 6682 20504 2390 6683 20505 3042 6683 20506 3043 6683 20507 2390 6684 20508 2389 6684 20509 3042 6684 20510 2392 6685 20511 2390 6685 20512 3043 6685 20513 3302 6686 20514 2361 6686 20515 3072 6686 20516 2385 2094 20517 2607 2094 20518 3052 2094 20519 3052 2094 20520 2607 2094 20521 3313 2094 20522 3313 6687 20523 2645 6687 20524 3310 6687 20525 2607 6688 20526 2645 6688 20527 3313 6688 20528 3310 2091 20529 2653 2091 20530 3306 2091 20531 2645 2090 20532 2653 2090 20533 3310 2090 20534 3306 6689 20535 2661 6689 20536 3300 6689 20537 2653 6689 20538 2661 6689 20539 3306 6689 20540 3300 6690 20541 2669 6690 20542 3283 6690 20543 2661 6691 20544 2669 6691 20545 3300 6691 20546 3283 2085 20547 2677 2085 20548 3284 2085 20549 2669 2084 20550 2677 2084 20551 3283 2084 20552 3284 2083 20553 2685 2083 20554 3412 2083 20555 2677 2083 20556 2685 2083 20557 3284 2083 20558 3412 2082 20559 2693 2082 20560 3404 2082 20561 2685 2081 20562 2693 2081 20563 3412 2081 20564 3404 2080 20565 2701 2080 20566 3396 2080 20567 2693 2080 20568 2701 2080 20569 3404 2080 20570 3396 2078 20571 2709 2078 20572 3388 2078 20573 2701 6692 20574 2709 6692 20575 3396 6692 20576 3388 2077 20577 2717 2077 20578 3380 2077 20579 2709 2076 20580 2717 2076 20581 3388 2076 20582 3380 6693 20583 2589 6693 20584 3372 6693 20585 2717 2075 20586 2589 2075 20587 3380 2075 20588 3372 2073 20589 2588 2073 20590 3364 2073 20591 2589 6694 20592 2588 6694 20593 3372 6694 20594 3364 6695 20595 2605 6695 20596 3356 6695 20597 2588 6696 20598 2605 6696 20599 3364 6696 20600 2605 6697 20601 2611 6697 20602 3356 6697 20603 3356 2069 20604 2611 2069 20605 3348 2069 20606 2611 6698 20607 2615 6698 20608 3348 6698 20609 3348 2067 20610 2615 2067 20611 3340 2067 20612 2615 6699 20613 2618 6699 20614 3340 6699 20615 3340 6700 20616 2618 6700 20617 3302 6700 20618 2618 2064 20619 2361 2064 20620 3302 2064 20621 2354 6701 20622 3079 6701 20623 3077 6701 20624 2355 2105 20625 3077 2105 20626 3076 2105 20627 2355 2104 20628 2354 2104 20629 3077 2104 20630 2357 2103 20631 3076 2103 20632 3101 2103 20633 2357 2102 20634 2355 2102 20635 3076 2102 20636 2383 2101 20637 3101 2101 20638 3075 2101 20639 2383 2100 20640 2357 2100 20641 3101 2100 20642 2358 6702 20643 3075 6702 20644 3073 6702 20645 2358 6703 20646 2383 6703 20647 3075 6703 20648 2359 6704 20649 3073 6704 20650 3072 6704 20651 2359 6705 20652 2358 6705 20653 3073 6705 20654 2361 6706 20655 2359 6706 20656 3072 6706 20657 2345 6707 20658 3079 6707 20659 2354 6707 20660 3121 6708 20661 3079 6708 20662 2345 6708 20663</p>
        </triangles>
      </mesh>
    </geometry>
    </library_geometries>
  <library_visual_scenes>
    <visual_scene id="Scene" name="Scene">
      <node id="RailsAntennaHolder" name="RailsAntennaHolder" type="NODE">
        <matrix sid="transform">1 0 0 0 0 1 0 0 0 0 1 0 0 0 0 1</matrix>
        <instance_geometry url="#RailsAntennaHolder-mesh" name="RailsAntennaHolder">
          <bind_material>
            <technique_common>
              <instance_material symbol="RailsAntennaHolder-material" target="#RailsAntennaHolder-material">
                <bind_vertex_input semantic="UVMap" input_semantic="TEXCOORD" input_set="0" />
              </instance_material>
            </technique_common>
          </bind_material>
        </instance_geometry>
      </node>
      </visual_scene>
  </library_visual_scenes>
  <scene>
    <instance_visual_scene url="#Scene" />
  </scene>
</COLLADA>